time,compression0,compression1,compression2,compression3,magn_x,magn_y,magn_z,gyro_x,gyro_y,gyro_z,accel_x,accel_y,accel_z
0.021,290,1855,499,808,13.0,33.0,10.0,-0.54931640625,2.13623046875,-10.009765625,-0.891357421875,0.364013671875,0.2099609375
0.021,291,2170,551,698,13.0,33.0,10.0,-0.54931640625,2.13623046875,-10.009765625,-0.8896484375,0.3551025390625,0.2064208984375
0.025,291,1954,539,735,13.0,33.0,10.0,-0.4272460639476776,1.6479490995407104,-10.620116233825684,-0.8896484375,0.3551025390625,0.2064208984375
0.056,291,1970,512,666,13.0,33.0,10.0,0.2441406100988388,-0.1220703050494194,-11.413573265075684,-0.8900146484375,0.3341064453125,0.2025146484375
0.062,289,2012,562,723,13.0,33.0,10.0,0.2441406100988388,-0.1220703050494194,-11.413573265075684,-0.8883056640625,0.3260498046875,0.19970703125
0.062,289,1981,561,722,13.0,33.0,10.0,0.3662109076976776,-0.9155272841453552,-11.474608421325684,-0.8883056640625,0.3260498046875,0.19970703125
0.091,291,1892,478,740,13.0,33.0,10.0,0.1220703050494194,-1.6479490995407104,-11.413573265075684,-0.8883056640625,0.318359375,0.1978759765625
0.098,290,1931,548,745,13.0,33.0,10.0,-0.1831054538488388,-2.3193359375,-11.108397483825684,-0.8883056640625,0.318359375,0.1978759765625
0.098,280,2030,548,748,13.0,33.0,10.0,-0.7324218153953552,-3.112792730331421,-10.559081077575684,-0.8939208984375,0.3270263671875,0.196044921875
0.099,290,1931,490,720,13.0,32.0,12.0,-2.197265625,-3.723144292831421,-9.82666015625,-0.91064453125,0.3294677734375,0.2064208984375
0.121,289,1943,531,800,13.0,32.0,12.0,-4.69970703125,-3.906249761581421,-9.033203125,-0.91064453125,0.3294677734375,0.2064208984375
0.121,289,1921,532,617,13.0,32.0,12.0,-6.591796398162842,-3.356933355331421,-8.1787109375,-0.9229736328125,0.3302001953125,0.211669921875
0.129,289,1949,514,733,13.0,32.0,12.0,-7.690429210662842,-2.44140625,-7.568358898162842,-0.94677734375,0.3214111328125,0.2178955078125
0.141,290,1941,521,797,13.0,32.0,12.0,-8.60595703125,-1.7089842557907104,-7.080077648162842,-0.94677734375,0.3214111328125,0.2178955078125
0.145,291,1966,533,780,13.0,32.0,12.0,-8.4228515625,-1.220703125,-6.469726085662842,-0.9522705078125,0.3095703125,0.2183837890625
0.159,291,1931,495,737,13.0,32.0,12.0,-6.958007335662842,-1.0986328125,-5.798339366912842,-0.9395751953125,0.29345703125,0.23876953125
0.167,289,1908,533,815,13.0,32.0,12.0,-4.82177734375,-1.3427733182907104,-5.554198741912842,-0.9395751953125,0.29345703125,0.23876953125
0.175,291,1934,548,794,13.0,32.0,12.0,-2.746581792831421,-1.7089842557907104,-5.859374523162842,-0.9276123046875,0.299560546875,0.2454833984375
0.192,291,1980,518,705,13.0,32.0,12.0,-1.2817381620407104,-1.9531248807907104,-6.591796398162842,-0.9019775390625,0.3045654296875,0.2440185546875
0.197,289,1973,561,765,15.0,29.0,10.0,-0.1831054538488388,-1.8310545682907104,-7.507323741912842,-0.9019775390625,0.3045654296875,0.2440185546875
0.206,291,1961,553,782,15.0,29.0,10.0,1.5258787870407104,-1.2817381620407104,-8.36181640625,-0.899169921875,0.3160400390625,0.2373046875
0.228,291,2021,537,667,15.0,29.0,10.0,3.295898199081421,-0.6103515625,-8.97216796875,-0.91259765625,0.340087890625,0.225830078125
0.229,289,2010,586,738,15.0,29.0,10.0,4.45556640625,0.0,-9.46044921875,-0.91259765625,0.340087890625,0.225830078125
0.235,289,2007,578,749,15.0,29.0,10.0,4.57763671875,0.6103515625,-9.8876953125,-0.916748046875,0.3404541015625,0.220703125
0.254,291,1982,531,673,15.0,29.0,10.0,4.0283203125,1.0986328125,-10.314940452575684,-0.9161376953125,0.317138671875,0.2103271484375
0.258,291,1980,574,750,15.0,29.0,10.0,3.723144292831421,1.4038084745407104,-11.047362327575684,-0.9161376953125,0.317138671875,0.2103271484375
0.265,290,1968,572,753,15.0,29.0,10.0,4.0283203125,1.4038084745407104,-11.901854515075684,-0.9217529296875,0.3057861328125,0.2086181640625
0.279,292,1970,532,683,15.0,29.0,10.0,4.57763671875,1.0986328125,-12.634276390075684,-0.9197998046875,0.29052734375,0.2109375
0.287,291,1933,562,766,15.0,29.0,10.0,5.126952648162842,0.6713866591453552,-13.061522483825684,-0.9197998046875,0.29052734375,0.2109375
0.295,292,1923,567,754,15.0,29.0,8.0,5.065917491912842,0.1831054538488388,-13.000487327575684,-0.9144287109375,0.2841796875,0.2081298828125
0.309,291,1927,513,720,15.0,29.0,8.0,4.57763671875,-0.4882812201976776,-12.329100608825684,-0.91015625,0.2801513671875,0.2044677734375
0.329,289,1959,571,757,15.0,29.0,8.0,3.845214605331421,-1.220703125,-11.108397483825684,-0.907958984375,0.2767333984375,0.2020263671875
0.337,291,1914,604,627,15.0,29.0,8.0,2.807616949081421,-1.8920897245407104,-9.6435546875,-0.9068603515625,0.2740478515625,0.2012939453125
0.339,291,1954,532,706,15.0,29.0,8.0,1.5869139432907104,-2.25830078125,-7.995604991912842,-0.9027099609375,0.2708740234375,0.2034912109375
0.347,290,1954,567,777,15.0,29.0,8.0,0.3662109076976776,-2.50244140625,-6.469726085662842,-0.898681640625,0.268310546875,0.2095947265625
0.357,291,1969,567,767,15.0,29.0,8.0,-0.3662109076976776,-2.807616949081421,-5.065917491912842,-0.902587890625,0.2708740234375,0.2183837890625
0.370,289,1974,522,707,15.0,29.0,8.0,-0.6103515625,-3.112792730331421,-3.906249761581421,-0.9129638671875,0.27685546875,0.226806640625
0.377,291,1985,567,767,15.0,29.0,8.0,-0.8544921278953552,-2.990722417831421,-3.112792730331421,-0.925537109375,0.283935546875,0.230712890625
0.386,291,1985,574,774,15.0,29.0,8.0,-1.03759765625,-2.563476324081421,-2.746581792831421,-0.9383544921875,0.293701171875,0.2315673828125
0.399,289,1974,527,725,15.0,27.0,15.0,-1.220703125,-1.7700194120407104,-2.929687261581421,-0.946533203125,0.301513671875,0.2337646484375
0.407,292,1974,572,785,15.0,27.0,15.0,-1.3427733182907104,-0.6713866591453552,-3.417968511581421,-0.9490966796875,0.3023681640625,0.234375
0.429,291,1983,566,782,15.0,27.0,15.0,-1.3427733182907104,0.4272460639476776,-3.723144292831421,-0.943359375,0.297119140625,0.2305908203125
0.429,292,1967,548,737,15.0,27.0,15.0,-0.9155272841453552,1.4038084745407104,-3.784179449081421,-0.929443359375,0.288330078125,0.2247314453125
0.437,292,1955,573,800,15.0,27.0,15.0,-0.4272460639476776,2.0751953125,-3.784179449081421,-0.916748046875,0.280517578125,0.22119140625
0.449,293,1970,571,794,15.0,27.0,15.0,-0.1831054538488388,2.44140625,-3.723144292831421,-0.90869140625,0.2747802734375,0.2208251953125
0.464,293,1973,526,737,15.0,27.0,15.0,-0.4272460639476776,2.563476324081421,-3.662109136581421,-0.9034423828125,0.2703857421875,0.2183837890625
0.467,292,2048,588,778,15.0,27.0,15.0,-1.15966796875,2.50244140625,-3.479003667831421,-0.9027099609375,0.270263671875,0.2117919921875
0.475,291,2024,589,780,15.0,27.0,15.0,-2.0751953125,2.01416015625,-3.112792730331421,-0.90478515625,0.2718505859375,0.2030029296875
0.489,294,2005,537,725,13.0,33.0,7.0,-2.807616949081421,0.9765624403953552,-2.563476324081421,-0.9071044921875,0.271728515625,0.1934814453125
0.499,292,2005,573,792,13.0,33.0,7.0,-3.356933355331421,-0.6103515625,-1.8310545682907104,-0.9071044921875,0.271240234375,0.1859130859375
0.505,292,2007,584,794,13.0,33.0,7.0,-3.540038824081421,-2.746581792831421,-0.9765624403953552,-0.90087890625,0.2718505859375,0.1842041015625
0.533,294,2012,576,722,13.0,33.0,7.0,-3.295898199081421,-5.187987804412842,-0.1220703050494194,-0.8934326171875,0.2752685546875,0.187744140625
0.533,293,2007,594,806,13.0,33.0,7.0,-3.234863042831421,-7.507323741912842,0.6103515625,-0.8902587890625,0.2855224609375,0.1947021484375
0.535,289,2093,547,785,13.0,33.0,7.0,-4.2724609375,-9.3994140625,1.15966796875,-0.89697265625,0.3055419921875,0.202880859375
0.549,296,2035,567,737,13.0,33.0,7.0,-7.263183116912842,-10.986327171325684,1.5258787870407104,-0.91259765625,0.3111572265625,0.2127685546875
0.570,293,2047,614,800,13.0,33.0,7.0,-11.047362327575684,-11.901854515075684,1.7700194120407104,-0.93212890625,0.2969970703125,0.21875
0.570,298,2235,559,801,13.0,33.0,7.0,-13.671874046325684,-11.840819358825684,1.9531248807907104,-0.95703125,0.2899169921875,0.22216796875
0.579,293,2039,582,740,13.0,33.0,7.0,-15.258788108825684,-11.169432640075684,2.38037109375,-0.977783203125,0.2791748046875,0.2310791015625
0.587,296,2047,620,815,14.0,28.0,9.0,-16.05224609375,-10.314940452575684,2.868652105331421,-0.9898681640625,0.259521484375,0.242431640625
0.595,294,2050,624,814,14.0,28.0,9.0,-15.075682640075684,-9.3994140625,3.601073980331421,-0.993896484375,0.243408203125,0.2559814453125
0.609,294,2065,598,735,14.0,28.0,9.0,-12.145995140075684,-8.6669921875,4.39453125,-0.98681640625,0.23095703125,0.267822265625
0.617,295,2102,678,732,14.0,28.0,9.0,-7.812499523162842,-7.873534679412842,5.310058116912842,-0.9786376953125,0.232421875,0.2786865234375
0.631,292,2068,646,754,14.0,28.0,9.0,-2.990722417831421,-7.141112804412842,6.469726085662842,-0.980712890625,0.250244140625,0.286865234375
0.640,294,2089,616,658,14.0,28.0,9.0,1.4648436307907104,-6.896972179412842,7.873534679412842,-0.9903564453125,0.26708984375,0.2869873046875
0.647,294,2083,669,705,14.0,28.0,9.0,5.371093273162842,-6.835937023162842,9.033203125,-0.999267578125,0.2745361328125,0.2828369140625
0.655,292,2037,634,711,14.0,28.0,9.0,9.27734375,-6.774901866912842,9.521484375,-1.00439453125,0.27392578125,0.2779541015625
0.690,292,1967,579,675,14.0,28.0,9.0,13.366698265075684,-6.225585460662842,8.85009765625,-1.0113525390625,0.2725830078125,0.269287109375
0.691,292,1914,625,711,14.0,28.0,9.0,17.9443359375,-4.82177734375,7.019042491912842,-1.0084228515625,0.2838134765625,0.2537841796875
0.696,292,1890,631,607,15.0,30.0,10.0,22.277830123901367,-2.990722417831421,4.57763671875,-0.96826171875,0.295166015625,0.2415771484375
0.699,291,1730,593,587,15.0,30.0,10.0,26.367185592651367,-1.4038084745407104,1.9531248807907104,-0.902099609375,0.3011474609375,0.2408447265625
0.708,294,1702,564,644,15.0,30.0,10.0,31.677244186401367,-0.7324218153953552,-0.4272460639476776,-0.84033203125,0.3199462890625,0.2469482421875
0.716,295,1669,594,600,15.0,30.0,10.0,37.78076171875,-1.6479490995407104,-2.50244140625,-0.8074951171875,0.350341796875,0.26025390625
0.736,315,1598,526,551,15.0,30.0,10.0,41.687007904052734,-3.540038824081421,-5.0048828125,-0.805419921875,0.374755859375,0.281005859375
0.738,310,1655,497,567,15.0,30.0,10.0,42.114253997802734,-4.8828125,-8.23974609375,-0.810302734375,0.3848876953125,0.2930908203125
0.745,321,1545,538,605,15.0,30.0,10.0,39.12353515625,-4.82177734375,-11.413573265075684,-0.8203125,0.3824462890625,0.2752685546875
0.759,334,1584,514,540,15.0,30.0,10.0,34.11865234375,-3.479003667831421,-13.366698265075684,-0.833984375,0.3638916015625,0.2247314453125
0.767,342,1600,527,591,15.0,30.0,10.0,29.479978561401367,-1.7700194120407104,-14.404295921325684,-0.84765625,0.3385009765625,0.168212890625
0.781,330,1602,527,619,15.0,30.0,10.0,29.479978561401367,-1.7700194120407104,-14.404295921325684,-0.865478515625,0.321044921875,0.1365966796875
0.791,330,1648,497,588,13.0,29.0,8.0,20.935056686401367,-1.0986328125,-15.319823265075684,-0.8782958984375,0.3111572265625,0.1312255859375
0.798,342,1697,526,630,13.0,29.0,8.0,14.221190452575684,-2.868652105331421,-15.075682640075684,-0.8756103515625,0.291748046875,0.138427734375
0.808,334,1678,512,675,13.0,29.0,8.0,14.221190452575684,-2.868652105331421,-15.075682640075684,-0.8658447265625,0.2606201171875,0.1539306640625
0.819,371,1790,499,590,13.0,29.0,8.0,0.4882812201976776,-7.873534679412842,-14.404295921325684,-0.86328125,0.2415771484375,0.1690673828125
0.838,346,1798,521,679,13.0,29.0,8.0,-3.784179449081421,-10.314940452575684,-13.610838890075684,-0.8736572265625,0.2388916015625,0.177978515625
0.838,348,1831,518,684,13.0,29.0,8.0,-3.784179449081421,-10.314940452575684,-13.610838890075684,-0.886962890625,0.235107421875,0.1861572265625
0.849,334,1905,479,649,13.0,29.0,8.0,-11.962889671325684,-13.793944358825684,-8.48388671875,-0.8931884765625,0.2232666015625,0.20166015625
0.858,316,1904,508,748,13.0,29.0,8.0,-15.014647483825684,-15.624999046325684,-4.8828125,-0.893310546875,0.2139892578125,0.223876953125
0.865,315,1941,508,780,13.0,29.0,8.0,-15.014647483825684,-15.624999046325684,-4.8828125,-0.8814697265625,0.21484375,0.234130859375
0.879,317,2000,473,731,12.0,27.0,11.0,-15.197752952575684,-18.6767578125,0.2441406100988388,-0.85791015625,0.220703125,0.235595703125
0.887,316,2047,506,793,12.0,27.0,11.0,-13.610838890075684,-18.9208984375,0.8544921278953552,-0.8192138671875,0.2227783203125,0.2427978515625
0.901,324,2131,531,794,12.0,27.0,11.0,-13.610838890075684,-18.9208984375,0.8544921278953552,-0.7403564453125,0.22265625,0.2579345703125
0.909,330,2223,509,705,12.0,27.0,11.0,-8.4228515625,-13.366698265075684,-3.723144292831421,-0.6112060546875,0.25341796875,0.2923583984375
0.917,330,2261,519,865,12.0,27.0,11.0,-5.859374523162842,-7.324218273162842,-10.070799827575684,-0.39794921875,0.3096923828125,0.359375
0.941,328,2337,561,897,12.0,27.0,11.0,-5.859374523162842,-7.324218273162842,-10.070799827575684,-0.1021728515625,0.361083984375,0.4287109375
0.941,330,2412,653,944,12.0,27.0,11.0,-19.47021484375,6.469726085662842,-42.175289154052734,0.1163330078125,0.3790283203125,0.42578125
0.947,334,2621,858,1004,12.0,27.0,11.0,-42.907711029052734,11.657713890075684,-64.3310546875,0.119384765625,0.380126953125,0.3426513671875
0.955,331,2657,960,1051,12.0,27.0,11.0,-42.907711029052734,11.657713890075684,-64.3310546875,-0.0567626953125,0.416015625,0.2603759765625
0.969,359,2736,1043,1071,12.0,27.0,11.0,-104.49217987060547,10.620116233825684,-84.22850799560547,-0.361083984375,0.4818115234375,0.2403564453125
0.977,359,2756,1266,1310,20.0,25.0,14.0,-112.18260955810547,3.356933355331421,-78.91845703125,-0.863037109375,0.605712890625,0.2530517578125
0.985,360,2966,1453,1276,20.0,25.0,14.0,-112.18260955810547,3.356933355331421,-78.91845703125,-0.863037109375,0.605712890625,0.2530517578125
1.000,388,3012,1450,1260,20.0,25.0,14.0,-100.34178924560547,-17.39501953125,-60.180660247802734,-2.068603515625,-0.247314453125,-0.18798828125
1.013,404,2992,1516,1529,20.0,25.0,14.0,-100.34178924560547,-17.39501953125,-60.180660247802734,-2.181396484375,-0.8201904296875,-0.3134765625
1.015,402,3147,1652,1492,20.0,25.0,14.0,-66.46728515625,-20.324705123901367,-51.147457122802734,-2.181396484375,-0.8201904296875,-0.3134765625
1.045,401,3106,1557,1440,20.0,25.0,14.0,15.930174827575684,-40.893550872802734,-18.798828125,-1.49267578125,-0.23388671875,0.2384033203125
1.045,401,3147,1722,1569,20.0,25.0,14.0,15.930174827575684,-40.893550872802734,-18.798828125,-1.214599609375,0.3072509765625,0.5916748046875
1.045,417,3050,1655,1531,20.0,25.0,14.0,22.216794967651367,-44.189449310302734,0.9765624403953552,-1.214599609375,0.3072509765625,0.5916748046875
1.059,406,3140,1568,1536,20.0,25.0,14.0,-34.24072265625,-25.756834030151367,20.507810592651367,-1.323974609375,0.4600830078125,0.80322265625
1.068,411,3147,1739,1634,20.0,25.0,14.0,-34.24072265625,-25.756834030151367,20.507810592651367,-1.298583984375,0.361083984375,0.6888427734375
1.076,391,3147,1748,1596,20.0,26.0,6.0,-50.842281341552734,-11.657713890075684,16.54052734375,-1.298583984375,0.361083984375,0.6888427734375
1.090,401,3147,1636,1504,20.0,26.0,6.0,-14.587401390075684,11.657713890075684,-16.05224609375,-0.89501953125,0.4658203125,0.4296875
1.100,390,3144,1742,1551,20.0,26.0,6.0,-14.587401390075684,11.657713890075684,-16.05224609375,-0.85205078125,0.4720458984375,0.364013671875
1.106,401,3118,1700,1536,20.0,26.0,6.0,-0.2441406100988388,20.446775436401367,-33.8134765625,-0.85205078125,0.4720458984375,0.364013671875
1.126,387,3018,1611,1328,20.0,26.0,6.0,-12.573241233825684,34.36279296875,-53.039546966552734,-0.9423828125,0.16748046875,0.334716796875
1.127,359,3147,1578,1319,20.0,26.0,6.0,-12.573241233825684,34.36279296875,-53.039546966552734,-0.9588623046875,0.079345703125,0.318359375
1.149,384,2890,1718,1412,20.0,26.0,6.0,-16.17431640625,39.48974609375,-57.189937591552734,-0.9588623046875,0.079345703125,0.318359375
1.149,390,2733,1547,1281,20.0,26.0,6.0,-21.850584030151367,44.494625091552734,-56.884761810302734,-1.1702880859375,0.0714111328125,0.27783203125
1.157,387,2671,1665,1397,20.0,26.0,6.0,-21.850584030151367,44.494625091552734,-56.884761810302734,-1.3436279296875,-0.01318359375,0.2684326171875
1.166,388,2647,1640,1369,20.0,26.0,6.0,-37.53662109375,41.137691497802734,-49.560543060302734,-1.3436279296875,-0.01318359375,0.2684326171875
1.179,378,2568,1452,1188,23.0,28.0,8.0,-53.344722747802734,26.794431686401367,-23.925779342651367,-1.418701171875,-0.2125244140625,0.321533203125
1.187,371,2517,1467,1290,23.0,28.0,8.0,-53.344722747802734,26.794431686401367,-23.925779342651367,-1.35986328125,-0.2296142578125,0.3240966796875
1.195,364,2538,1424,1242,23.0,28.0,8.0,-38.51318359375,16.2353515625,-7.629394054412842,-1.35986328125,-0.2296142578125,0.3240966796875
1.209,334,2359,1231,987,23.0,28.0,8.0,-19.8974609375,3.173827886581421,12.329100608825684,-1.28173828125,-0.3043212890625,0.2073974609375
1.217,332,2632,1236,844,23.0,28.0,8.0,-2.13623046875,-11.840819358825684,35.400390625,-1.28173828125,-0.3043212890625,0.2073974609375
1.225,323,2356,1078,959,23.0,28.0,8.0,16.4794921875,-27.465818405151367,60.363765716552734,-1.2572021484375,-0.318359375,0.1832275390625
1.248,308,2220,740,766,23.0,28.0,8.0,36.80419921875,-41.076656341552734,85.02196502685547,-1.180419921875,-0.1983642578125,0.2674560546875
1.248,308,2202,734,800,23.0,28.0,8.0,58.898921966552734,-49.926753997802734,104.85839080810547,-1.180419921875,-0.1983642578125,0.2674560546875
1.256,304,2217,586,746,23.0,28.0,8.0,82.09227752685547,-53.161617279052734,117.85887908935547,-1.16064453125,-0.1734619140625,0.28125
1.273,299,2136,481,656,16.0,29.0,11.0,105.83495330810547,-52.673336029052734,126.40380096435547,-1.0748291015625,-0.198974609375,0.232421875
1.277,296,2142,600,640,16.0,29.0,11.0,133.056640625,-50.598140716552734,131.89697265625,-1.0748291015625,-0.198974609375,0.232421875
1.285,290,1974,546,587,16.0,29.0,11.0,166.50389099121094,-46.752925872802734,135.8642578125,-0.8790283203125,-0.138916015625,0.231201171875
1.300,286,1825,493,533,16.0,29.0,11.0,204.71189880371094,-36.68212890625,134.33837890625,-0.3521728515625,0.05322265625,0.236328125
1.314,287,1703,525,546,16.0,29.0,11.0,237.24363708496094,-14.709471702575684,122.86376190185547,-0.3521728515625,0.05322265625,0.236328125
1.316,274,1600,572,524,16.0,29.0,11.0,242.06541442871094,16.4794921875,104.43114471435547,-0.20654296875,0.3612060546875,0.018310546875
1.329,289,1306,521,478,16.0,29.0,11.0,203.12498474121094,49.865718841552734,80.13916015625,-0.316162109375,1.2261962890625,-0.106689453125
1.358,291,1222,522,499,16.0,29.0,11.0,115.96678924560547,76.84326171875,49.560543060302734,-0.316162109375,1.2261962890625,-0.106689453125
1.358,297,1156,546,504,16.0,29.0,11.0,14.038084983825684,84.28954315185547,21.545408248901367,-0.4273681640625,1.03173828125,0.328369140625
1.360,289,1267,576,487,16.0,29.0,11.0,-33.87451171875,73.2421875,9.94873046875,-0.417236328125,0.543701171875,0.3232421875
1.370,286,1209,543,493,11.0,29.0,16.0,-7.141112804412842,58.166500091552734,15.808104515075684,-0.417236328125,0.543701171875,0.3232421875
1.376,282,1213,531,497,11.0,29.0,16.0,36.92626953125,37.109375,20.385740280151367,-0.5411376953125,0.6768798828125,0.05615234375
1.389,282,1320,501,499,11.0,29.0,16.0,44.189449310302734,8.7890625,10.925292015075684,-0.477294921875,0.361083984375,-0.0712890625
1.397,280,1382,514,548,11.0,29.0,16.0,25.329587936401367,-12.634276390075684,2.25830078125,-0.477294921875,0.361083984375,-0.0712890625
1.405,280,1478,519,570,11.0,29.0,16.0,3.051757574081421,-21.179197311401367,8.60595703125,-0.3856201171875,0.304931640625,-0.100830078125
1.430,277,1669,404,618,11.0,29.0,16.0,-24.780271530151367,-26.245115280151367,22.216794967651367,-0.498291015625,0.2398681640625,0.09423828125
1.430,287,1897,437,642,11.0,29.0,16.0,-56.091304779052734,-37.41455078125,29.113767623901367,-0.498291015625,0.2398681640625,0.09423828125
1.435,292,2110,458,614,11.0,29.0,16.0,-86.73094940185547,-50.720211029052734,22.521970748901367,-0.5208740234375,0.314697265625,0.1669921875
1.453,280,2192,309,767,11.0,29.0,16.0,-118.10301971435547,-60.424800872802734,3.723144292831421,-0.4796142578125,0.408447265625,0.244140625
1.463,282,2316,315,987,11.0,29.0,16.0,-152.28271484375,-63.415523529052734,-25.634763717651367,-0.3011474609375,0.303955078125,0.25830078125
1.465,274,2659,247,1029,19.0,27.0,12.0,-191.10105895996094,-51.086421966552734,-63.720699310302734,-0.0235595703125,0.133056640625,0.052490234375
1.479,301,2763,440,1045,19.0,27.0,12.0,-236.87742614746094,-26.611326217651367,-98.02245330810547,0.230712890625,-0.0411376953125,-0.0833740234375
1.487,312,2916,657,1209,19.0,27.0,12.0,-258.23974609375,-6.713866710662842,-117.49266815185547,0.27880859375,-0.3013916015625,0.119384765625
1.495,330,3008,815,1290,19.0,27.0,12.0,-198.91355895996094,5.981444835662842,-116.76024627685547,-0.111328125,-0.292236328125,0.3511962890625
1.509,352,3143,1050,1326,19.0,27.0,12.0,-87.03612518310547,15.380858421325684,-95.58104705810547,-0.894775390625,0.10986328125,0.362548828125
1.518,372,3107,1202,1541,19.0,27.0,12.0,-22.094724655151367,14.770506858825684,-68.42041015625,-1.6990966796875,0.5291748046875,0.3045654296875
1.526,377,3134,1278,1580,19.0,27.0,12.0,-37.109375,3.295898199081421,-49.072261810302734,-2.2686767578125,0.648193359375,0.43310546875
1.557,376,3147,1318,1582,19.0,27.0,12.0,-79.345703125,-10.498045921325684,-35.888671875,-2.538818359375,0.493896484375,0.71484375
1.558,406,3147,1330,1730,19.0,27.0,12.0,-91.67479705810547,-22.766111373901367,-23.010251998901367,-2.483642578125,0.09912109375,0.89111328125
1.558,388,3147,1294,1689,19.0,27.0,12.0,-57.006832122802734,-33.69140625,-13.244627952575684,-2.1689453125,-0.4410400390625,0.8587646484375
1.576,390,3145,1000,1682,19.0,28.0,9.0,15.258788108825684,-40.405269622802734,-7.446288585662842,-1.724853515625,-0.6185302734375,0.6961669921875
1.579,377,3147,1078,1713,19.0,28.0,9.0,91.36962127685547,-37.78076171875,0.0,-1.2509765625,-0.184814453125,0.5146484375
1.586,401,3104,1005,1753,19.0,28.0,9.0,121.94823455810547,-21.545408248901367,6.591796398162842,-0.9227294921875,0.5833740234375,0.4283447265625
1.599,411,3137,927,1636,19.0,28.0,9.0,89.23339080810547,5.432128429412842,1.9531248807907104,-0.8704833984375,1.1783447265625,0.4176025390625
1.608,409,2970,992,1695,19.0,28.0,9.0,22.033689498901367,35.0341796875,-19.4091796875,-0.9500732421875,1.244384765625,0.3812255859375
1.616,411,2881,1058,1702,19.0,28.0,9.0,-41.625972747802734,57.739253997802734,-51.452632904052734,-0.9970703125,0.88330078125,0.3419189453125
1.635,431,2713,1156,1531,19.0,28.0,9.0,-80.87157440185547,69.580078125,-81.66503143310547,-1.10498046875,0.4874267578125,0.39990234375
1.638,434,2632,1276,1624,19.0,28.0,9.0,-93.99413299560547,73.6083984375,-98.20555877685547,-1.494873046875,0.329345703125,0.5250244140625
1.659,431,2430,1320,1540,19.0,28.0,9.0,-97.71727752685547,73.05908203125,-95.27587127685547,-1.8895263671875,0.2437744140625,0.5738525390625
1.659,437,2127,1379,1468,19.0,28.0,9.0,-93.44481658935547,69.39697265625,-81.66503143310547,-1.904541015625,0.034912109375,0.507080078125
1.667,426,1985,1417,1415,22.0,27.0,4.0,-70.86181640625,63.293453216552734,-68.66455078125,-1.6591796875,-0.160400390625,0.4168701171875
1.676,401,2007,1471,1178,22.0,27.0,4.0,-43.151851654052734,55.114742279052734,-56.091304779052734,-1.375244140625,-0.2086181640625,0.3546142578125
1.689,402,1693,1264,1111,22.0,27.0,4.0,-27.832029342651367,45.288082122802734,-38.39111328125,-1.1395263671875,-0.1903076171875,0.259521484375
1.698,338,1899,1348,912,22.0,27.0,4.0,-23.315427780151367,34.5458984375,-14.282225608825684,-0.9686279296875,-0.276123046875,0.1407470703125
1.706,347,1627,1224,897,22.0,27.0,4.0,-16.54052734375,23.498533248901367,11.901854515075684,-0.8494873046875,-0.4217529296875,0.052734375
1.720,331,1632,1009,832,22.0,27.0,4.0,-0.9765624403953552,12.695311546325684,34.97314453125,-0.7611083984375,-0.5130615234375,0.0347900390625
1.728,327,1676,984,859,22.0,27.0,4.0,22.033689498901367,5.371093273162842,49.682613372802734,-0.7017822265625,-0.4910888671875,0.0975341796875
1.739,324,1610,871,838,22.0,27.0,4.0,49.194332122802734,5.737304210662842,53.405757904052734,-0.67138671875,-0.271484375,0.174560546875
1.761,316,1580,785,737,22.0,27.0,4.0,69.7021484375,13.977049827575684,49.743648529052734,-0.6102294921875,0.0509033203125,0.2103271484375
1.761,321,1550,759,780,22.0,27.0,4.0,74.462890625,24.902341842651367,42.419429779052734,-0.4989013671875,0.1917724609375,0.2083740234375
1.765,309,1580,739,705,19.0,30.0,9.0,70.068359375,35.33935546875,31.677244186401367,-0.43359375,0.072998046875,0.1837158203125
1.782,316,1474,631,673,19.0,30.0,9.0,70.1904296875,45.471187591552734,19.53125,-0.44287109375,-0.046142578125,0.1097412109375
1.788,319,1529,677,691,19.0,30.0,9.0,80.56639862060547,53.833003997802734,11.535643577575684,-0.51220703125,0.051513671875,-0.010986328125
1.801,318,1506,660,679,19.0,30.0,9.0,91.43065643310547,54.931636810302734,11.291502952575684,-0.6107177734375,0.24560546875,-0.0869140625
1.809,317,1553,591,598,19.0,30.0,9.0,87.70751190185547,45.043941497802734,17.08984375,-0.7130126953125,0.3702392578125,-0.087646484375
1.817,318,1519,567,678,19.0,30.0,9.0,68.78662109375,26.916501998901367,26.550291061401367,-0.791259765625,0.418212890625,-0.0650634765625
1.826,316,1574,579,646,19.0,30.0,9.0,44.799800872802734,6.408690929412842,36.62109375,-0.782470703125,0.3739013671875,-0.016357421875
1.865,310,1607,543,575,19.0,30.0,9.0,23.986814498901367,-12.207030296325684,43.212886810302734,-0.71435546875,0.2542724609375,0.081298828125
1.866,310,1666,521,644,19.0,30.0,9.0,10.009765625,-26.367185592651367,45.349117279052734,-0.66015625,0.1375732421875,0.2117919921875
1.866,300,1582,535,723,19.0,30.0,9.0,3.295898199081421,-34.24072265625,44.250484466552734,-0.654541015625,0.0833740234375,0.3310546875
1.869,296,1759,549,673,19.0,30.0,11.0,1.5258787870407104,-35.64453125,40.954586029052734,-0.6815185546875,0.0765380859375,0.37841796875
1.878,296,1803,539,678,19.0,30.0,11.0,2.624511480331421,-32.53173828125,36.92626953125,-0.720947265625,0.1220703125,0.351806640625
1.887,296,1862,521,754,19.0,30.0,11.0,6.103515148162842,-30.273435592651367,31.860349655151367,-0.7657470703125,0.2332763671875,0.345458984375
1.915,308,1967,481,740,19.0,30.0,11.0,9.82666015625,-31.066892623901367,23.010251998901367,-0.76318359375,0.345458984375,0.3812255859375
1.919,318,2062,536,814,19.0,30.0,11.0,8.9111328125,-30.334470748901367,8.23974609375,-0.684326171875,0.4061279296875,0.37109375
1.940,310,2062,682,869,19.0,30.0,11.0,8.9111328125,-30.334470748901367,8.23974609375,-0.5546875,0.4210205078125,0.2899169921875
1.952,307,2280,508,922,19.0,30.0,11.0,-12.390135765075684,-21.606443405151367,-25.451658248901367,-0.333984375,0.396240234375,0.158935546875
1.952,317,2416,465,1078,19.0,30.0,11.0,-26.916501998901367,-24.475095748901367,-37.841796875,-0.0211181640625,0.3775634765625,0.01513671875
1.967,323,2477,617,1129,19.0,30.0,11.0,-26.916501998901367,-24.475095748901367,-37.841796875,0.1927490234375,0.3929443359375,-0.0491943359375
1.968,346,2736,841,1125,19.0,26.0,9.0,-49.621578216552734,-50.659175872802734,-55.236812591552734,0.0709228515625,0.4310302734375,-0.0225830078125
1.968,362,2842,1043,1287,19.0,26.0,9.0,-63.354488372802734,-56.152339935302734,-56.213375091552734,-0.4461669921875,0.4464111328125,-0.0950927734375
1.975,371,2918,1184,1341,19.0,26.0,9.0,-63.354488372802734,-56.152339935302734,-56.213375091552734,-1.08154296875,0.3343505859375,-0.265625
1.989,371,3031,1303,1289,19.0,26.0,9.0,-79.77294921875,-26.916501998901367,-42.480464935302734,-1.477294921875,0.0982666015625,-0.2420654296875
1.997,391,3048,1514,1463,19.0,26.0,9.0,-78.43017578125,-27.221677780151367,-47.790523529052734,-1.5604248046875,-0.2005615234375,0.0877685546875
2.005,404,3072,1568,1527,19.0,26.0,9.0,-78.43017578125,-27.221677780151367,-47.790523529052734,-1.4554443359375,-0.43505859375,0.5123291015625
2.019,441,2877,1369,1560,19.0,26.0,9.0,-79.58984375,-38.26904296875,-69.27490234375,-1.4105224609375,-0.40625,0.75341796875
2.027,416,3126,1655,1604,19.0,26.0,9.0,-56.335445404052734,-28.259275436401367,-60.424800872802734,-1.565673828125,-0.179443359375,0.8155517578125
2.035,430,3112,1659,1665,19.0,26.0,9.0,-56.335445404052734,-28.259275436401367,-60.424800872802734,-1.79150390625,-0.0279541015625,0.8673095703125
2.049,385,3147,1593,1575,19.0,26.0,9.0,-19.4091796875,-27.465818405151367,-8.97216796875,-1.93408203125,-0.0716552734375,0.869384765625
2.070,414,3121,1518,1695,21.0,25.0,9.0,-3.356933355331421,-36.31591796875,16.357421875,-1.76806640625,-0.2208251953125,0.68212890625
2.070,424,3102,1467,1709,21.0,25.0,9.0,-3.356933355331421,-36.31591796875,16.357421875,-1.300048828125,-0.1533203125,0.4537353515625
2.079,418,3048,1313,1582,21.0,25.0,9.0,64.208984375,-20.568845748901367,18.98193359375,-0.9569091796875,0.3265380859375,0.3778076171875
2.090,373,3147,1611,1487,21.0,25.0,9.0,63.232418060302734,4.8828125,0.6103515625,-0.8795166015625,0.785888671875,0.4012451171875
2.096,423,2870,1370,1634,21.0,25.0,9.0,63.232418060302734,4.8828125,0.6103515625,-0.9129638671875,0.7921142578125,0.427490234375
2.109,406,2810,1411,1355,21.0,25.0,9.0,-26.428220748901367,58.227535247802734,-38.2080078125,-1.041748046875,0.474853515625,0.48046875
2.117,462,2447,1476,1588,21.0,25.0,9.0,-56.701656341552734,73.6083984375,-51.940914154052734,-1.3785400390625,0.232421875,0.54541015625
2.126,480,2260,1472,1640,21.0,25.0,9.0,-56.701656341552734,73.6083984375,-51.940914154052734,-1.3785400390625,0.232421875,0.54541015625
2.139,468,2065,1497,1428,21.0,25.0,9.0,-88.50096893310547,79.4677734375,-51.635738372802734,-1.848876953125,0.0994873046875,0.4373779296875
2.147,456,2060,1600,1437,21.0,25.0,9.0,-88.50096893310547,79.4677734375,-51.635738372802734,-1.662353515625,-0.0283203125,0.36083984375
2.173,373,1805,1450,1018,22.0,26.0,7.0,-56.396480560302734,55.847164154052734,-28.808591842651367,-1.1888427734375,-0.2598876953125,0.2342529296875
2.177,373,1604,1471,1039,22.0,26.0,7.0,-56.396480560302734,55.847164154052734,-28.808591842651367,-1.0787353515625,-0.404296875,0.127197265625
2.188,361,1503,1382,996,22.0,26.0,7.0,-44.189449310302734,43.273921966552734,-7.080077648162842,-1.0787353515625,-0.404296875,0.127197265625
2.200,344,1470,1173,829,22.0,26.0,7.0,-8.36181640625,10.986327171325684,48.034664154052734,-1.0225830078125,-0.5758056640625,-0.022705078125
2.208,344,1456,1079,849,22.0,26.0,7.0,-8.36181640625,10.986327171325684,48.034664154052734,-1.024169921875,-0.6121826171875,-0.03271484375
2.215,337,1415,959,830,22.0,26.0,7.0,12.084959983825684,-5.371093273162842,75.50048828125,-1.024169921875,-0.6121826171875,-0.03271484375
2.229,313,1483,899,519,22.0,26.0,7.0,67.44384765625,-33.5693359375,125.24413299560547,-1.039794921875,-0.5032958984375,0.00439453125
2.240,308,1317,828,533,22.0,26.0,7.0,67.44384765625,-33.5693359375,125.24413299560547,-0.97265625,-0.4656982421875,-0.0093994140625
2.252,298,1091,725,499,22.0,26.0,7.0,95.88622283935547,-46.813961029052734,146.42333984375,-0.97265625,-0.4656982421875,-0.0093994140625
2.279,289,803,630,442,20.0,29.0,8.0,145.93505859375,-52.856441497802734,165.28318786621094,-0.705810546875,-0.5006103515625,-0.0169677734375
2.279,279,658,593,458,20.0,29.0,8.0,145.93505859375,-52.856441497802734,165.28318786621094,-0.5260009765625,-0.3280029296875,0.02880859375
2.279,280,620,553,419,20.0,29.0,8.0,178.83299255371094,-37.353515625,156.67724609375,-0.5260009765625,-0.3280029296875,0.02880859375
2.290,280,582,540,409,20.0,29.0,8.0,266.845703125,30.334470748901367,99.42626190185547,-0.3592529296875,0.683349609375,0.2515869140625
2.297,280,620,553,430,20.0,29.0,8.0,266.845703125,30.334470748901367,99.42626190185547,-0.588623046875,1.0889892578125,0.3056640625
2.305,282,675,563,430,20.0,29.0,8.0,261.53564453125,56.091304779052734,59.753414154052734,-0.588623046875,1.0889892578125,0.3056640625
2.319,289,694,548,433,20.0,29.0,8.0,105.46874237060547,43.823238372802734,-25.634763717651367,-0.5660400390625,0.56787109375,0.19921875
2.328,286,713,564,462,20.0,29.0,8.0,105.46874237060547,43.823238372802734,-25.634763717651367,-0.35009765625,0.5230712890625,0.1302490234375
2.335,280,711,543,484,20.0,29.0,8.0,75.01220703125,35.33935546875,-41.076656341552734,-0.35009765625,0.5230712890625,0.1302490234375
2.349,282,725,548,445,13.0,32.0,11.0,85.02196502685547,31.555173873901367,-31.433103561401367,-0.1864013671875,0.932373046875,0.009033203125
2.357,279,695,561,490,13.0,32.0,11.0,81.35985565185547,24.780271530151367,-15.258788108825684,-0.1864013671875,0.932373046875,0.009033203125
2.380,280,673,571,481,13.0,32.0,11.0,43.212886810302734,10.009765625,-3.540038824081421,-0.317138671875,0.9014892578125,0.05615234375
2.380,281,782,548,484,13.0,32.0,11.0,-8.1787109375,-4.45556640625,-0.2441406100988388,-0.4178466796875,0.6004638671875,0.1336669921875
2.389,279,849,537,521,13.0,32.0,11.0,-49.560543060302734,-9.8876953125,-4.2724609375,-0.4178466796875,0.6004638671875,0.1336669921875
2.397,279,1051,494,551,13.0,32.0,11.0,-74.8291015625,-10.070799827575684,-8.6669921875,-0.41943359375,0.5423583984375,0.133544921875
2.409,277,1223,481,564,13.0,32.0,11.0,-86.73094940185547,-13.305663108825684,-7.568358898162842,-0.671142578125,0.4595947265625,0.130615234375
2.417,278,1290,512,617,13.0,32.0,11.0,-93.13964080810547,-22.338865280151367,-2.807616949081421,-0.671142578125,0.4595947265625,0.130615234375
2.425,276,1386,508,631,13.0,32.0,11.0,-105.10253143310547,-33.75244140625,-0.7934569716453552,-0.81201171875,0.3521728515625,0.0975341796875
2.439,289,1468,473,636,13.0,32.0,11.0,-123.77928924560547,-42.724605560302734,-5.310058116912842,-0.662353515625,0.20703125,0.1185302734375
2.447,292,1575,552,722,18.0,29.0,12.0,-141.17431640625,-49.865718841552734,-16.357421875,-0.662353515625,0.20703125,0.1185302734375
2.456,293,1681,577,762,18.0,29.0,12.0,-157.2265625,-54.748531341552734,-33.14208984375,-0.5396728515625,0.1302490234375,0.1103515625
2.489,292,1912,631,712,18.0,29.0,12.0,-177.55125427246094,-53.894039154052734,-51.269527435302734,-0.535400390625,-0.26416015625,-0.0635986328125
2.490,304,1948,728,849,18.0,29.0,12.0,-192.68797302246094,-47.912593841552734,-64.208984375,-0.535400390625,-0.26416015625,-0.0635986328125
2.492,306,2014,802,900,18.0,29.0,12.0,-177.12400817871094,-38.9404296875,-70.61767578125,-0.443115234375,-0.39794921875,0.1041259765625
2.500,323,2167,936,890,18.0,29.0,12.0,-119.50682830810547,-27.465818405151367,-72.8759765625,-0.5955810546875,-0.3238525390625,0.4525146484375
2.508,334,2324,1198,986,18.0,29.0,12.0,-43.457027435302734,-14.770506858825684,-73.3642578125,-0.5955810546875,-0.3238525390625,0.4525146484375
2.516,338,2417,1278,1050,18.0,29.0,12.0,13.610838890075684,-4.39453125,-72.81494140625,-0.938720703125,-0.0960693359375,0.4229736328125
2.529,360,2473,1287,1005,18.0,29.0,12.0,35.64453125,1.2817381620407104,-68.17626953125,-1.606689453125,0.4642333984375,0.24072265625
2.538,359,2580,1494,1170,18.0,29.0,12.0,31.005857467651367,2.563476324081421,-55.358882904052734,-1.606689453125,0.4642333984375,0.24072265625
2.547,359,2616,1552,1189,19.0,27.0,9.0,19.287109375,0.9765624403953552,-37.9638671875,-1.804443359375,0.7088623046875,0.1988525390625
2.559,348,2744,1730,933,19.0,27.0,9.0,5.859374523162842,-6.103515148162842,-26.000974655151367,-2.0086669921875,0.528564453125,0.4312744140625
2.580,351,2726,1848,1137,19.0,27.0,9.0,-15.686034202575684,-20.080564498901367,-23.254392623901367,-2.0086669921875,0.528564453125,0.4312744140625
2.581,363,2612,1826,1175,19.0,27.0,9.0,-33.02001953125,-32.8369140625,-25.146482467651367,-1.9376220703125,0.1514892578125,0.6240234375
2.597,375,2375,1697,1122,19.0,27.0,9.0,-28.381345748901367,-34.3017578125,-28.991697311401367,-1.6837158203125,-0.0606689453125,0.70263671875
2.597,373,2713,1957,1071,19.0,27.0,9.0,-7.263183116912842,-21.179197311401367,-35.70556640625,-1.241455078125,-0.0545654296875,0.649658203125
2.606,369,2319,1819,1146,19.0,27.0,9.0,10.437010765075684,2.44140625,-43.395992279052734,-0.908447265625,0.1416015625,0.56494140625
2.619,377,2166,1739,1010,19.0,27.0,9.0,4.8828125,30.212400436401367,-46.142574310302734,-0.923583984375,0.3326416015625,0.46923828125
2.627,400,2009,1753,1214,19.0,27.0,9.0,-23.803709030151367,53.527828216552734,-43.029781341552734,-1.2880859375,0.3326416015625,0.389404296875
2.637,382,2014,1789,1173,19.0,27.0,9.0,-57.495113372802734,62.561031341552734,-36.43798828125,-1.7845458984375,0.1973876953125,0.3319091796875
2.649,393,1838,1652,1055,23.0,24.0,7.0,-79.89501953125,57.067867279052734,-30.151365280151367,-1.984130859375,-0.0111083984375,0.28515625
2.658,375,1769,1713,1083,23.0,24.0,7.0,-74.951171875,45.104976654052734,-27.282712936401367,-1.82373046875,-0.1571044921875,0.272216796875
2.682,363,1697,1622,989,23.0,24.0,7.0,-49.743648529052734,30.639646530151367,-22.399900436401367,-1.5491943359375,-0.1458740234375,0.3013916015625
2.683,336,1669,1417,842,23.0,24.0,7.0,-32.04345703125,14.160155296325684,-8.4228515625,-1.31640625,-0.1097412109375,0.314453125
2.688,328,1383,1251,785,23.0,24.0,7.0,-28.869626998901367,-2.563476324081421,16.05224609375,-1.178955078125,-0.165771484375,0.24462890625
2.706,328,1263,1125,766,23.0,24.0,7.0,-27.038572311401367,-18.61572265625,47.363277435302734,-1.1275634765625,-0.25732421875,0.1300048828125
2.710,308,1283,1039,619,23.0,24.0,7.0,-19.287109375,-34.66796875,78.61328125,-1.1004638671875,-0.3526611328125,0.0477294921875
2.717,308,1243,855,666,23.0,24.0,7.0,-6.225585460662842,-49.194332122802734,103.21044158935547,-1.0595703125,-0.457275390625,0.0369873046875
2.726,302,1157,820,646,23.0,24.0,7.0,14.587401390075684,-57.189937591552734,117.43163299560547,-0.92236328125,-0.5020751953125,0.0845947265625
2.740,295,1129,714,561,23.0,24.0,7.0,47.729488372802734,-51.391597747802734,118.95751190185547,-0.61962890625,-0.43701171875,0.1773681640625
2.748,294,1064,765,625,20.0,29.0,8.0,94.97069549560547,-27.221677780151367,104.79735565185547,-0.2755126953125,-0.3319091796875,0.3212890625
2.756,296,1026,710,619,20.0,29.0,8.0,149.23095703125,12.329100608825684,72.81494140625,-0.072265625,-0.1854248046875,0.4083251953125
2.786,292,944,653,590,20.0,29.0,8.0,194.39695739746094,57.312007904052734,31.555173873901367,-0.0816650390625,0.16650390625,0.319091796875
2.786,292,977,678,605,20.0,29.0,8.0,216.43064880371094,90.20995330810547,-0.54931640625,-0.2435302734375,0.6923828125,0.1578369140625
2.786,298,998,678,617,20.0,29.0,8.0,200.43943786621094,94.48241424560547,-13.488768577575684,-0.3846435546875,1.105224609375,0.0711669921875
2.805,296,1029,642,601,20.0,29.0,8.0,139.404296875,72.57080078125,-11.291502952575684,-0.4537353515625,1.1873779296875,0.077880859375
2.809,294,1056,653,654,20.0,29.0,8.0,56.030269622802734,43.518062591552734,-3.601073980331421,-0.498779296875,0.918212890625,0.1175537109375
2.818,296,1101,645,628,20.0,29.0,8.0,-11.352538108825684,22.888181686401367,0.6713866591453552,-0.547607421875,0.46875,0.107666015625
2.829,292,1155,616,605,20.0,29.0,8.0,-39.6728515625,12.145995140075684,0.0,-0.6639404296875,0.1116943359375,0.052734375
2.838,289,1184,629,645,20.0,29.0,8.0,-35.70556640625,2.746581792831421,0.7324218153953552,-0.7613525390625,-0.076416015625,0.0413818359375
2.845,289,1236,625,639,18.0,29.0,9.0,-23.986814498901367,-9.09423828125,4.638671875,-0.7733154296875,-0.1397705078125,0.0833740234375
2.860,282,1276,582,620,18.0,29.0,9.0,-19.95849609375,-19.22607421875,7.446288585662842,-0.7801513671875,-0.0665283203125,0.158203125
2.867,286,1269,594,683,18.0,29.0,9.0,-25.695798873901367,-26.123044967651367,8.30078125,-0.7998046875,0.0751953125,0.2320556640625
2.888,281,1292,593,683,18.0,29.0,9.0,-36.07177734375,-31.860349655151367,9.33837890625,-0.791748046875,0.16455078125,0.2513427734375
2.889,279,1544,537,721,18.0,29.0,9.0,-43.945308685302734,-38.4521484375,9.6435546875,-0.7457275390625,0.14306640625,0.2347412109375
2.897,291,1501,574,715,18.0,29.0,9.0,-46.447750091552734,-45.837398529052734,6.652831554412842,-0.69384765625,0.072265625,0.202392578125
2.914,295,1580,571,725,18.0,29.0,9.0,-47.485347747802734,-51.818843841552734,-0.4882812201976776,-0.6058349609375,0.043212890625,0.1759033203125
2.919,292,1877,644,651,18.0,29.0,9.0,-52.551265716552734,-55.053707122802734,-13.000487327575684,-0.472900390625,0.1182861328125,0.1783447265625
2.928,300,1860,744,774,18.0,29.0,9.0,-68.115234375,-56.640621185302734,-32.04345703125,-0.3443603515625,0.22021484375,0.2005615234375
2.935,309,1826,799,882,18.0,29.0,9.0,-98.81591033935547,-56.335445404052734,-54.931636810302734,-0.235107421875,0.2325439453125,0.183349609375
2.950,334,1880,984,912,20.0,27.0,11.0,-138.18359375,-50.048824310302734,-73.66943359375,-0.26220703125,0.163330078125,0.090576171875
2.958,356,1854,1117,1131,20.0,27.0,11.0,-166.44285583496094,-38.2080078125,-78.79638671875,-0.5611572265625,0.0179443359375,0.0146484375
2.967,378,1902,1251,1191,20.0,27.0,11.0,-151.123046875,-24.719236373901367,-65.00244140625,-0.8941650390625,-0.00244140625,-0.0029296875
2.991,400,1985,1411,1173,20.0,27.0,11.0,-89.41649627685547,-13.183592796325684,-41.625972747802734,-1.003173828125,0.1871337890625,0.00830078125
2.992,421,1999,1627,973,20.0,27.0,11.0,-36.80419921875,-9.8876953125,-28.686521530151367,-0.945556640625,0.258056640625,0.088623046875
2.996,427,2100,1686,1390,20.0,27.0,11.0,-24.963376998901367,-14.404295921325684,-32.8369140625,-0.917236328125,0.1512451171875,0.2933349609375
3.018,433,2176,1691,1367,20.0,27.0,11.0,-27.282712936401367,-18.00537109375,-40.893550872802734,-1.083251953125,0.243896484375,0.5716552734375
3.019,433,2754,1816,1344,20.0,27.0,11.0,-34.912109375,-16.66259765625,-41.442867279052734,-1.4100341796875,0.468994140625,0.7637939453125
3.026,437,2340,1941,1424,20.0,27.0,11.0,-59.936519622802734,-13.000487327575684,-36.68212890625,-1.8194580078125,0.38232421875,0.80859375
3.040,424,2207,1874,1278,22.0,26.0,6.0,-82.15331268310547,-13.061522483825684,-31.188962936401367,-2.172119140625,-0.013427734375,0.7762451171875
3.047,441,2233,1980,1424,22.0,26.0,6.0,-73.486328125,-18.798828125,-25.024412155151367,-2.2646484375,-0.3917236328125,0.698486328125
3.056,430,2273,1952,1411,22.0,26.0,6.0,-73.486328125,-18.798828125,-25.024412155151367,-1.8507080078125,-0.5206298828125,0.5516357421875
3.070,430,2202,1880,1294,22.0,26.0,6.0,14.038084983825684,-21.667478561401367,-11.901854515075684,-1.1361083984375,-0.306640625,0.470947265625
3.092,423,2188,1914,1399,22.0,26.0,6.0,49.194332122802734,-8.36181640625,-10.437010765075684,-0.7620849609375,0.146240234375,0.5218505859375
3.094,423,2233,1922,1401,22.0,26.0,6.0,49.194332122802734,-8.36181640625,-10.437010765075684,-0.811279296875,0.471923828125,0.5262451171875
3.099,473,1878,1862,1529,22.0,26.0,6.0,-0.9765624403953552,40.893550872802734,-13.916014671325684,-1.1268310546875,0.49267578125,0.49365234375
3.107,473,1824,1878,1516,22.0,26.0,6.0,-37.7197265625,57.495113372802734,-20.324705123901367,-1.6348876953125,0.3262939453125,0.490234375
3.115,473,1791,1867,1497,22.0,26.0,6.0,-37.7197265625,57.495113372802734,-20.324705123901367,-1.9617919921875,0.0792236328125,0.458984375
3.130,465,1669,1759,1330,22.0,26.0,6.0,-76.0498046875,54.565425872802734,-27.648923873901367,-1.87841796875,-0.1302490234375,0.407958984375
3.138,466,1623,1792,1415,22.0,23.0,6.0,-63.049312591552734,44.799800872802734,-26.672361373901367,-1.5728759765625,-0.2208251953125,0.3677978515625
3.145,442,1552,1757,1370,22.0,23.0,6.0,-63.049312591552734,44.799800872802734,-26.672361373901367,-1.2904052734375,-0.2301025390625,0.3311767578125
3.162,402,1501,1559,1156,22.0,23.0,6.0,-30.456541061401367,27.954099655151367,-9.46044921875,-1.1312255859375,-0.1839599609375,0.3106689453125
3.168,372,1624,1582,1107,22.0,23.0,6.0,-26.062009811401367,15.319823265075684,9.09423828125,-1.04736328125,-0.1729736328125,0.2767333984375
3.175,359,1588,1447,1091,22.0,23.0,6.0,-26.062009811401367,15.319823265075684,9.09423828125,-0.995849609375,-0.2559814453125,0.1751708984375
3.194,323,1695,1199,782,22.0,23.0,6.0,-17.88330078125,-19.59228515625,56.579586029052734,-0.9727783203125,-0.3367919921875,0.041259765625
3.197,315,1629,1067,858,22.0,23.0,6.0,-1.5869139432907104,-34.97314453125,79.04052734375,-0.960205078125,-0.38916015625,-0.0343017578125
3.206,308,1652,998,772,22.0,23.0,6.0,-1.5869139432907104,-34.97314453125,79.04052734375,-0.9254150390625,-0.4031982421875,-0.006103515625
3.219,299,1583,778,697,22.0,23.0,6.0,49.255367279052734,-47.973628997802734,101.98973846435547,-0.8221435546875,-0.3521728515625,0.09375
3.231,299,1521,757,739,22.0,23.0,6.0,79.16259765625,-35.5224609375,98.75487518310547,-0.6201171875,-0.23681640625,0.202392578125
3.236,299,1497,698,706,20.0,25.0,4.0,79.16259765625,-35.5224609375,98.75487518310547,-0.392822265625,-0.1343994140625,0.2969970703125
3.250,294,1362,607,660,20.0,25.0,4.0,160.70555114746094,19.04296875,64.0869140625,-0.293212890625,-0.075927734375,0.3785400390625
3.258,296,1317,636,695,20.0,25.0,4.0,197.69285583496094,45.959468841552734,36.68212890625,-0.35400390625,0.0791015625,0.3621826171875
3.266,294,1236,607,694,20.0,25.0,4.0,197.69285583496094,45.959468841552734,36.68212890625,-0.35400390625,0.0791015625,0.3621826171875
3.299,286,1104,575,668,20.0,25.0,4.0,200.74461364746094,67.19970703125,13.122557640075684,-0.599853515625,0.794677734375,0.0517578125
3.299,286,1078,584,646,20.0,25.0,4.0,166.93113708496094,57.678218841552734,15.502928733825684,-0.599853515625,0.794677734375,0.0517578125
3.310,280,1067,569,599,20.0,25.0,4.0,62.255855560302734,20.568845748901367,20.935056686401367,-0.679931640625,0.5699462890625,0.1949462890625
3.318,286,1104,600,606,20.0,25.0,4.0,62.255855560302734,20.568845748901367,20.935056686401367,-0.7357177734375,0.3494873046875,0.2181396484375
3.326,287,1122,594,606,20.0,25.0,4.0,18.798828125,12.145995140075684,20.812986373901367,-0.7357177734375,0.3494873046875,0.2181396484375
3.340,282,1129,572,584,16.0,27.0,10.0,-11.657713890075684,4.94384765625,23.193357467651367,-0.8245849609375,0.1151123046875,0.20654296875
3.349,282,1112,588,642,16.0,27.0,10.0,-11.657713890075684,4.94384765625,23.193357467651367,-0.82470703125,0.07763671875,0.206787109375
3.355,278,1117,584,645,16.0,27.0,10.0,-12.512206077575684,-3.662109136581421,27.893064498901367,-0.82470703125,0.07763671875,0.206787109375
3.369,280,1202,582,574,16.0,27.0,10.0,-26.245115280151367,-21.911619186401367,38.330078125,-0.814453125,0.0736083984375,0.227294921875
3.378,279,1233,588,629,16.0,27.0,10.0,-26.245115280151367,-21.911619186401367,38.330078125,-0.82177734375,0.0550537109375,0.1717529296875
3.398,280,1251,586,668,16.0,27.0,10.0,-37.9638671875,-27.343748092651367,42.846675872802734,-0.82177734375,0.0550537109375,0.1717529296875
3.399,282,1323,562,679,16.0,27.0,10.0,-51.879878997802734,-36.865234375,52.429195404052734,-0.82861328125,0.0108642578125,-0.0103759765625
3.408,282,1411,590,689,16.0,27.0,10.0,-51.879878997802734,-36.865234375,52.429195404052734,-0.7930908203125,0.0511474609375,0.0369873046875
3.415,287,1456,601,731,16.0,27.0,10.0,-49.438472747802734,-43.884273529052734,53.833003997802734,-0.7930908203125,0.0511474609375,0.0369873046875
3.430,294,1643,587,669,17.0,29.0,7.0,-37.7197265625,-52.490230560302734,36.376953125,-0.585205078125,0.2928466796875,0.2281494140625
3.445,292,1744,657,731,17.0,29.0,7.0,-37.7197265625,-52.490230560302734,36.376953125,-0.3685302734375,0.397705078125,0.287353515625
3.446,300,1846,683,746,17.0,29.0,7.0,-42.541500091552734,-49.011226654052734,16.9677734375,-0.3685302734375,0.397705078125,0.287353515625
3.459,308,1959,765,797,17.0,29.0,7.0,-86.42577362060547,-31.249998092651367,-49.499507904052734,0.3896484375,0.093505859375,0.2071533203125
3.470,319,2050,951,933,17.0,29.0,7.0,-86.42577362060547,-31.249998092651367,-49.499507904052734,0.429931640625,-0.140869140625,0.2119140625
3.476,329,2247,1120,947,17.0,29.0,7.0,-86.48680877685547,-16.4794921875,-91.85790252685547,0.429931640625,-0.140869140625,0.2119140625
3.502,348,2344,1143,991,17.0,29.0,7.0,-43.945308685302734,-5.981444835662842,-117.98094940185547,-0.2701416015625,0.365966796875,0.6131591796875
3.502,375,2328,1228,1280,17.0,29.0,7.0,4.638671875,-1.8920897245407104,-115.35643768310547,-0.2701416015625,0.365966796875,0.6131591796875
3.506,382,2494,1216,1178,17.0,29.0,7.0,11.718749046325684,3.417968511581421,-88.13475799560547,-0.662841796875,0.9761962890625,0.6336669921875
3.521,373,2391,1545,1063,17.0,29.0,7.0,-27.709959030151367,8.7890625,-53.161617279052734,-1.424560546875,0.8651123046875,0.28173828125
3.528,371,2320,1744,1209,14.0,24.0,4.0,-88.07372283935547,2.868652105331421,-32.04345703125,-1.424560546875,0.8651123046875,0.28173828125
3.535,382,2292,1803,1248,14.0,24.0,4.0,-121.76512908935547,-11.291502952575684,-29.174802780151367,-2.0462646484375,-0.2318115234375,0.0718994140625
3.550,385,2287,1769,1130,14.0,24.0,4.0,-98.32762908935547,-22.583005905151367,-33.447265625,-2.762939453125,-0.765869140625,0.3883056640625
3.558,363,2417,1888,1170,14.0,24.0,4.0,-36.865234375,-33.26416015625,-31.066892623901367,-2.762939453125,-0.765869140625,0.3883056640625
3.565,375,2374,1757,1253,14.0,24.0,4.0,18.24951171875,-46.630855560302734,-13.000487327575684,-2.7486572265625,-0.250244140625,0.5816650390625
3.580,356,2580,1632,999,14.0,24.0,4.0,39.36767578125,-54.382320404052734,10.864256858825684,-0.9608154296875,-0.2716064453125,0.5325927734375
3.609,356,2527,1624,1163,14.0,24.0,4.0,52.856441497802734,-48.645015716552734,21.789548873901367,-0.9608154296875,-0.2716064453125,0.5325927734375
3.610,359,2652,1503,1173,14.0,24.0,4.0,62.011714935302734,-30.700681686401367,25.695798873901367,-0.639404296875,0.3399658203125,0.7415771484375
3.610,359,2364,1599,1082,14.0,24.0,4.0,34.3017578125,3.967284917831421,24.169919967651367,-1.21142578125,1.1544189453125,0.7625732421875
3.617,371,2202,1722,1201,14.0,24.0,4.0,-17.27294921875,46.569820404052734,7.934569835662842,-1.21142578125,1.1544189453125,0.7625732421875
3.626,372,2080,1730,1204,22.0,24.0,5.0,-65.24658203125,74.0966796875,-14.831542015075684,-1.694091796875,0.8431396484375,0.65771484375
3.639,378,1891,1681,1039,22.0,24.0,5.0,-90.57616424560547,82.39745330810547,-36.4990234375,-1.8226318359375,0.145751953125,0.553466796875
3.648,371,1786,1775,1125,22.0,24.0,5.0,-84.65575408935547,80.2001953125,-53.283687591552734,-1.8226318359375,0.145751953125,0.553466796875
3.657,371,1687,1741,1097,22.0,24.0,5.0,-64.27001953125,77.20947265625,-61.889644622802734,-1.6246337890625,0.0135498046875,0.5023193359375
3.671,361,1757,1596,1026,22.0,24.0,5.0,-47.485347747802734,78.79638671875,-62.866207122802734,-1.3370361328125,-0.04541015625,0.3897705078125
3.678,354,1490,1504,989,22.0,24.0,5.0,-38.75732421875,81.17675018310547,-56.274410247802734,-1.3370361328125,-0.04541015625,0.3897705078125
3.687,338,1427,1377,910,22.0,24.0,5.0,-38.0859375,76.2939453125,-41.015621185302734,-1.2335205078125,-0.1123046875,0.3284912109375
3.707,321,1202,1078,725,22.0,24.0,5.0,-38.51318359375,62.377925872802734,-18.798828125,-0.996337890625,-0.3934326171875,0.0037841796875
3.708,313,1239,949,654,22.0,24.0,5.0,-28.564451217651367,44.250484466552734,5.798339366912842,-0.996337890625,-0.3934326171875,0.0037841796875
3.716,316,1125,923,721,22.0,24.0,5.0,-5.065917491912842,26.916501998901367,28.137205123901367,-0.85009765625,-0.6068115234375,-0.1495361328125
3.730,301,1018,725,607,23.0,26.0,0.0,31.860349655151367,14.526366233825684,47.119136810302734,-0.7109375,-0.73681640625,-0.2169189453125
3.738,298,957,733,603,23.0,26.0,0.0,79.1015625,8.544921875,63.415523529052734,-0.5416259765625,-0.7027587890625,-0.202392578125
3.746,296,922,705,582,23.0,26.0,0.0,130.79833984375,10.620116233825684,75.0732421875,-0.3355712890625,-0.623291015625,-0.159912109375
3.763,292,832,654,540,23.0,26.0,0.0,181.94578552246094,22.094724655151367,77.880859375,-0.2213134765625,-0.544921875,-0.1290283203125
3.767,291,801,661,562,23.0,26.0,0.0,224.12107849121094,38.4521484375,71.35009765625,-0.2781982421875,-0.2867431640625,-0.0947265625
3.777,280,728,625,546,23.0,26.0,0.0,242.30955505371094,50.598140716552734,60.180660247802734,-0.3846435546875,0.17724609375,-0.0069580078125
3.790,279,667,563,509,23.0,26.0,0.0,222.47312927246094,50.964351654052734,47.851558685302734,-0.427734375,0.6295166015625,0.096923828125
3.810,279,702,562,543,23.0,26.0,0.0,167.54148864746094,39.97802734375,38.87939453125,-0.4056396484375,0.873291015625,0.1688232421875
3.811,279,736,563,567,23.0,26.0,0.0,100.28075408935547,24.841306686401367,36.19384765625,-0.4073486328125,0.91064453125,0.233642578125
3.819,280,815,559,548,17.0,28.0,12.0,44.677730560302734,11.108397483825684,37.4755859375,-0.515380859375,0.8607177734375,0.2890625
3.831,280,859,567,593,17.0,28.0,12.0,10.620116233825684,-1.0986328125,37.59765625,-0.6475830078125,0.705322265625,0.3013916015625
3.836,280,917,559,625,17.0,28.0,12.0,-2.746581792831421,-10.498045921325684,31.616209030151367,-0.722900390625,0.4716796875,0.2711181640625
3.849,280,1026,531,617,17.0,28.0,12.0,-6.042479991912842,-15.869139671325684,22.521970748901367,-0.7510986328125,0.3028564453125,0.2576904296875
3.858,281,1091,546,660,17.0,28.0,12.0,-12.573241233825684,-18.06640625,16.66259765625,-0.75244140625,0.25634765625,0.2745361328125
3.870,280,1149,542,673,17.0,28.0,12.0,-23.620603561401367,-18.12744140625,13.366698265075684,-0.75439453125,0.300048828125,0.280517578125
3.915,280,1202,521,620,17.0,28.0,12.0,-35.46142578125,-18.1884765625,10.192870140075684,-0.7666015625,0.3436279296875,0.25537109375
3.916,281,1216,539,691,17.0,28.0,12.0,-46.691890716552734,-21.484373092651367,7.080077648162842,-0.765625,0.30029296875,0.1646728515625
3.917,282,1292,521,673,17.0,28.0,12.0,-54.199214935302734,-27.587888717651367,5.676269054412842,-0.7520751953125,0.1878662109375,0.025634765625
3.919,289,1372,568,660,17.0,28.0,12.0,-56.701656341552734,-35.46142578125,6.896972179412842,-0.7388916015625,0.0887451171875,-0.0579833984375
3.919,296,1697,673,537,19.0,30.0,6.0,-60.668941497802734,-46.447750091552734,8.1787109375,-0.68017578125,0.032470703125,-0.0313720703125
3.927,299,1629,683,731,19.0,30.0,6.0,-72.1435546875,-57.922359466552734,4.33349609375,-0.547607421875,-0.007080078125,0.03662109375
3.935,302,1730,702,758,19.0,30.0,6.0,-87.40233612060547,-64.697265625,-7.202147960662842,-0.3526611328125,-0.0389404296875,0.0826416015625
3.949,310,1914,806,713,19.0,30.0,6.0,-97.71727752685547,-65.73486328125,-24.841306686401367,-0.086669921875,-0.018310546875,0.11083984375
3.958,316,2014,973,846,19.0,30.0,6.0,-99.60936737060547,-62.255855560302734,-47.363277435302734,0.14208984375,0.0010986328125,0.129150390625
3.966,324,2060,1029,959,19.0,30.0,6.0,-93.32274627685547,-53.955074310302734,-71.533203125,0.107666015625,-0.09619140625,0.207763671875
3.990,344,2203,1148,944,19.0,30.0,6.0,-67.56591796875,-40.466304779052734,-87.64647674560547,-0.2225341796875,-0.1407470703125,0.300537109375
3.991,354,2345,1345,1081,19.0,30.0,6.0,-14.160155296325684,-19.287109375,-90.69823455810547,-0.699951171875,0.0548095703125,0.25390625
3.994,362,2384,1429,1183,19.0,30.0,6.0,42.724605560302734,3.112792730331421,-83.25194549560547,-1.15771484375,0.42919921875,0.157958984375
4.015,376,2473,1502,1104,19.0,30.0,6.0,59.631343841552734,10.375975608825684,-68.54248046875,-1.5220947265625,0.7298583984375,0.1578369140625
4.017,382,2598,1913,1069,18.0,26.0,5.0,18.98193359375,0.1831054538488388,-51.940914154052734,-1.8507080078125,0.68896484375,0.25390625
4.025,371,2533,1875,1201,18.0,26.0,5.0,-42.846675872802734,-16.4794921875,-35.0341796875,-2.1695556640625,0.3349609375,0.4205322265625
4.038,386,2467,1791,1157,18.0,26.0,5.0,-80.56639862060547,-33.26416015625,-17.333984375,-2.3697509765625,-0.19921875,0.5885009765625
4.046,390,2489,1838,1330,18.0,26.0,5.0,-74.462890625,-46.630855560302734,-4.0283203125,-2.3603515625,-0.6019287109375,0.7042236328125
4.054,373,2590,1843,1243,18.0,26.0,5.0,-25.085447311401367,-52.001949310302734,3.662109136581421,-2.0263671875,-0.5413818359375,0.7545166015625
4.069,382,2557,1686,1117,18.0,26.0,5.0,40.588375091552734,-43.334957122802734,2.197265625,-1.3170166015625,-0.113525390625,0.75048828125
4.082,383,2445,1739,1303,18.0,26.0,5.0,87.89061737060547,-17.2119140625,-13.916014671325684,-0.7867431640625,0.474853515625,0.7271728515625
4.087,376,2473,1761,1292,18.0,26.0,5.0,87.89061737060547,-17.2119140625,-13.916014671325684,-0.79736328125,0.839599609375,0.654541015625
4.098,377,2337,1791,1074,18.0,26.0,5.0,31.188962936401367,55.175777435302734,-42.846675872802734,-1.1981201171875,0.736328125,0.5135498046875
4.116,373,2277,1927,1188,18.0,26.0,5.0,-32.53173828125,76.47705078125,-45.288082122802734,-1.7694091796875,0.4505615234375,0.3800048828125
4.117,383,2165,1931,1183,24.0,20.0,2.0,-32.53173828125,76.47705078125,-45.288082122802734,-2.057861328125,0.2042236328125,0.323974609375
4.128,382,2026,1852,1018,24.0,20.0,2.0,-93.50585174560547,73.42529296875,-46.752925872802734,-1.89990234375,0.0367431640625,0.3299560546875
4.204,387,1929,1918,1122,24.0,20.0,2.0,-80.26123046875,67.19970703125,-54.626461029052734,-1.5672607421875,-0.043701171875,0.3531494140625
4.205,382,1867,1891,1067,24.0,20.0,2.0,-80.26123046875,67.19970703125,-54.626461029052734,-1.2928466796875,-0.0870361328125,0.3656005859375
4.205,378,1666,1691,910,24.0,20.0,2.0,-50.476070404052734,63.598628997802734,-53.833003997802734,-1.12451171875,-0.10595703125,0.3685302734375
4.205,371,1531,1669,966,24.0,20.0,2.0,-46.020503997802734,56.640621185302734,-35.15625,-1.03076171875,-0.1351318359375,0.3245849609375
4.205,364,1450,1506,917,24.0,20.0,2.0,-46.020503997802734,56.640621185302734,-35.15625,-0.997314453125,-0.2181396484375,0.1943359375
4.205,354,1199,1189,735,24.0,20.0,2.0,-29.418943405151367,27.893064498901367,15.258788108825684,-0.9742431640625,-0.322998046875,0.0364990234375
4.205,344,1215,1118,799,24.0,20.0,2.0,-9.21630859375,13.916014671325684,34.72900390625,-0.92138671875,-0.4461669921875,-0.08447265625
4.219,328,1260,1067,737,24.0,20.0,2.0,-9.21630859375,13.916014671325684,34.72900390625,-0.87744140625,-0.54638671875,-0.14208984375
4.220,306,1138,897,695,22.0,29.0,5.0,43.090816497802734,-5.249022960662842,62.133785247802734,-0.8289794921875,-0.5233154296875,-0.1329345703125
4.226,302,1118,777,636,22.0,29.0,5.0,67.7490234375,-9.82666015625,75.3173828125,-0.726806640625,-0.4085693359375,-0.0625
4.238,299,1069,738,607,22.0,29.0,5.0,67.7490234375,-9.82666015625,75.3173828125,-0.5859375,-0.38720703125,0.034912109375
4.249,292,973,684,543,22.0,29.0,5.0,113.34227752685547,-6.896972179412842,92.10204315185547,-0.4788818359375,-0.4503173828125,0.0816650390625
4.256,292,907,705,553,22.0,29.0,5.0,139.46533203125,6.286620616912842,88.56200408935547,-0.4832763671875,-0.3460693359375,0.0496826171875
4.264,289,846,660,562,22.0,29.0,5.0,139.46533203125,6.286620616912842,88.56200408935547,-0.560546875,0.01318359375,0.020263671875
4.280,286,707,625,493,22.0,29.0,5.0,182.18992614746094,37.7197265625,65.36865234375,-0.619873046875,0.449462890625,0.0596923828125
4.296,286,673,625,465,22.0,29.0,5.0,170.53221130371094,36.92626953125,50.170894622802734,-0.616455078125,0.7423095703125,0.1226806640625
4.296,280,590,601,493,22.0,29.0,5.0,170.53221130371094,36.92626953125,50.170894622802734,-0.616455078125,0.7423095703125,0.1226806640625
4.322,279,548,585,487,18.0,28.0,10.0,86.97509002685547,15.197752952575684,36.80419921875,-0.5067138671875,0.7086181640625,0.1600341796875
4.322,280,551,598,513,18.0,28.0,10.0,86.97509002685547,15.197752952575684,36.80419921875,-0.5899658203125,0.586669921875,0.1705322265625
4.325,282,607,586,491,18.0,28.0,10.0,49.438472747802734,9.94873046875,36.9873046875,-0.5899658203125,0.586669921875,0.1705322265625
4.340,279,661,593,485,18.0,28.0,10.0,12.756346702575684,-3.540038824081421,36.19384765625,-0.6939697265625,0.2900390625,0.2222900390625
4.347,282,738,603,524,18.0,28.0,10.0,12.756346702575684,-3.540038824081421,36.19384765625,-0.7015380859375,0.1903076171875,0.18896484375
4.354,279,785,593,546,18.0,28.0,10.0,6.225585460662842,-12.817381858825684,32.3486328125,-0.7015380859375,0.1903076171875,0.18896484375
4.369,279,897,578,525,18.0,28.0,10.0,-21.850584030151367,-25.451658248901367,32.1044921875,-0.7501220703125,0.2232666015625,0.2191162109375
4.377,279,968,578,588,18.0,28.0,10.0,-21.850584030151367,-25.451658248901367,32.1044921875,-0.737548828125,0.285400390625,0.264404296875
4.385,280,1063,579,596,18.0,28.0,10.0,-37.9638671875,-27.893064498901367,32.5927734375,-0.737548828125,0.285400390625,0.264404296875
4.398,279,1129,551,601,18.0,28.0,10.0,-57.495113372802734,-27.099607467651367,21.789548873901367,-0.7457275390625,0.2808837890625,0.2177734375
4.427,280,1201,571,644,18.0,31.0,5.0,-57.495113372802734,-27.099607467651367,21.789548873901367,-0.7608642578125,0.2322998046875,0.098388671875
4.428,280,1251,564,689,18.0,31.0,5.0,-60.913082122802734,-26.245115280151367,12.451170921325684,-0.7608642578125,0.2322998046875,0.098388671875
4.429,280,1656,738,639,18.0,31.0,5.0,-61.828609466552734,-29.296873092651367,-9.033203125,-0.751953125,0.2105712890625,-0.012451171875
4.437,294,1504,659,694,18.0,31.0,5.0,-61.828609466552734,-29.296873092651367,-9.033203125,-0.7069091796875,0.2662353515625,0.0469970703125
4.446,296,1572,679,697,18.0,31.0,5.0,-63.232418060302734,-36.2548828125,-20.141599655151367,-0.7069091796875,0.2662353515625,0.0469970703125
4.458,302,1682,702,707,18.0,31.0,5.0,-90.27098846435547,-43.762203216552734,-45.532222747802734,-0.4293212890625,0.1622314453125,0.176513671875
4.468,306,1828,816,778,18.0,31.0,5.0,-90.27098846435547,-43.762203216552734,-45.532222747802734,-0.137939453125,-0.0318603515625,0.1903076171875
4.474,318,1816,806,917,18.0,31.0,5.0,-106.44530487060547,-35.46142578125,-57.861324310302734,-0.137939453125,-0.0318603515625,0.1903076171875
4.489,328,2024,1069,947,18.0,31.0,5.0,-74.15771484375,-22.644041061401367,-80.32225799560547,0.377685546875,-0.3067626953125,0.2086181640625
4.496,338,2087,1101,1067,18.0,31.0,5.0,-74.15771484375,-22.644041061401367,-80.32225799560547,0.1883544921875,-0.3294677734375,0.3558349609375
4.528,356,2190,1231,1173,18.0,31.0,5.0,-29.907224655151367,-26.916501998901367,-90.27098846435547,0.1883544921875,-0.3294677734375,0.3558349609375
4.528,338,2581,1323,794,20.0,25.0,5.0,15.686034202575684,-31.677244186401367,-87.70751190185547,-1.047607421875,0.216552734375,0.6007080078125
4.528,364,2580,1529,1249,20.0,25.0,5.0,38.57421875,-26.672361373901367,-68.7255859375,-1.047607421875,0.216552734375,0.6007080078125
4.534,368,2627,1638,1271,20.0,25.0,5.0,30.334470748901367,-10.253905296325684,-39.12353515625,-1.86572265625,0.6424560546875,0.326904296875
4.549,371,2710,1665,1120,20.0,25.0,5.0,7.141112804412842,1.7089842557907104,-12.451170921325684,-2.4967041015625,0.37158203125,0.0950927734375
4.556,372,2736,1849,1223,20.0,25.0,5.0,-11.596678733825684,-5.920409679412842,-4.150390625,-2.4967041015625,0.37158203125,0.0950927734375
4.564,378,2648,1828,1335,20.0,25.0,5.0,-17.9443359375,-25.695798873901367,-12.084959983825684,-2.42626953125,-0.0609130859375,0.44384765625
4.578,369,2778,1651,1132,20.0,25.0,5.0,-9.33837890625,-39.48974609375,-19.59228515625,-2.023193359375,-0.345458984375,0.649658203125
4.587,375,2746,1713,1336,20.0,25.0,5.0,12.390135765075684,-41.748043060302734,-16.2353515625,-2.023193359375,-0.345458984375,0.649658203125
4.595,369,2792,1757,1258,20.0,25.0,5.0,46.752925872802734,-33.5693359375,-11.962889671325684,-1.22998046875,-0.17919921875,0.4791259765625
4.629,385,2601,1616,1175,21.0,23.0,10.0,70.86181640625,-17.51708984375,-11.108397483825684,-0.8704833984375,0.919677734375,0.5074462890625
4.630,390,2497,1773,1348,21.0,23.0,10.0,41.564937591552734,5.615233898162842,-9.46044921875,-0.8704833984375,0.919677734375,0.5074462890625
4.630,383,2770,1722,1239,21.0,23.0,10.0,-22.827146530151367,32.8369140625,-16.9677734375,-1.20361328125,0.871826171875,0.490478515625
4.638,382,2271,1867,1070,21.0,23.0,10.0,-73.30322265625,52.856441497802734,-33.50830078125,-1.8460693359375,0.211669921875,0.527587890625
4.647,390,2165,1914,1204,21.0,23.0,10.0,-98.26659393310547,62.499996185302734,-49.438472747802734,-1.8460693359375,0.211669921875,0.527587890625
4.655,411,2053,1883,1185,21.0,23.0,10.0,-101.31835174560547,67.81005859375,-61.889644622802734,-1.804443359375,0.0302734375,0.545654296875
4.668,402,1882,1787,1039,21.0,23.0,10.0,-92.59032440185547,73.18115234375,-69.64111328125,-1.41162109375,-0.1761474609375,0.380615234375
4.677,404,1743,1850,1170,21.0,23.0,10.0,-80.81053924560547,79.7119140625,-71.35009765625,-1.41162109375,-0.1761474609375,0.380615234375
4.686,383,1652,1798,1085,21.0,23.0,10.0,-66.650390625,82.82469940185547,-63.354488372802734,-1.31005859375,-0.2044677734375,0.2828369140625
4.700,351,1478,1590,853,21.0,23.0,10.0,-53.710933685302734,75.01220703125,-43.090816497802734,-1.2254638671875,-0.2569580078125,0.1209716796875
4.707,347,1386,1456,887,25.0,24.0,3.0,-47.668453216552734,54.016109466552734,-14.465331077575684,-1.2254638671875,-0.2569580078125,0.1209716796875
4.735,344,1173,1294,834,25.0,24.0,3.0,-41.198726654052734,28.198240280151367,15.624999046325684,-1.14697265625,-0.4180908203125,0.005615234375
4.735,327,1156,1048,578,25.0,24.0,3.0,-22.644041061401367,6.469726085662842,42.907711029052734,-0.9073486328125,-0.6966552734375,-0.1326904296875
4.737,323,1160,909,575,25.0,24.0,3.0,7.446288585662842,-7.690429210662842,64.94140625,-0.9073486328125,-0.6966552734375,-0.1326904296875
4.744,302,1074,871,631,25.0,24.0,3.0,43.090816497802734,-13.671874046325684,82.09227752685547,-0.8199462890625,-0.6552734375,-0.1517333984375
4.758,294,906,710,568,25.0,24.0,3.0,78.79638671875,-13.061522483825684,96.55760955810547,-0.6585693359375,-0.5096435546875,-0.1385498046875
4.767,292,793,713,561,25.0,24.0,3.0,114.44091033935547,-7.995604991912842,106.26219940185547,-0.4486083984375,-0.4605712890625,-0.0992431640625
4.775,283,653,684,512,25.0,24.0,3.0,150.146484375,0.9765624403953552,106.14012908935547,-0.339111328125,-0.454345703125,-0.104736328125
4.788,280,512,621,462,25.0,24.0,3.0,180.23680114746094,13.793944358825684,97.16796112060547,-0.3614501953125,-0.2130126953125,-0.1363525390625
4.797,279,478,594,466,25.0,24.0,3.0,196.83836364746094,27.832029342651367,82.27538299560547,-0.4407958984375,0.2840576171875,-0.059814453125
4.804,277,494,598,473,19.0,26.0,10.0,188.72068786621094,36.2548828125,61.828609466552734,-0.4945068359375,0.7894287109375,0.1163330078125
4.835,279,521,588,462,19.0,26.0,10.0,148.3154296875,35.82763671875,40.771480560302734,-0.5335693359375,1.0172119140625,0.24609375
4.842,279,533,591,482,19.0,26.0,10.0,88.25682830810547,33.38623046875,20.935056686401367,-0.5640869140625,0.8466796875,0.2196044921875
4.843,279,537,601,484,19.0,26.0,10.0,44.616695404052734,39.00146484375,1.3427733182907104,-0.5364990234375,0.5093994140625,0.094970703125
4.849,277,548,588,468,19.0,26.0,10.0,43.518062591552734,48.278804779052734,-9.58251953125,-0.474365234375,0.3076171875,0.054443359375
4.857,279,539,601,485,19.0,26.0,10.0,68.359375,45.532222747802734,-7.568358898162842,-0.4144287109375,0.25146484375,0.11083984375
4.864,277,555,614,493,19.0,26.0,10.0,85.20507049560547,29.113767623901367,-0.6103515625,-0.413818359375,0.2298583984375,0.1453857421875
4.879,280,644,604,500,19.0,26.0,10.0,76.416015625,11.352538108825684,4.8828125,-0.5263671875,0.200927734375,0.18505859375
4.888,279,754,606,553,19.0,26.0,10.0,47.546382904052734,-1.15966796875,9.21630859375,-0.6748046875,0.193603515625,0.3087158203125
4.896,279,853,593,579,19.0,26.0,10.0,16.9677734375,-9.33837890625,13.366698265075684,-0.747802734375,0.270263671875,0.4530029296875
4.908,279,978,569,577,17.0,29.0,6.0,-7.690429210662842,-14.343260765075684,14.953612327575684,-0.7529296875,0.4010009765625,0.516357421875
4.917,277,1056,568,619,17.0,29.0,6.0,-31.372068405151367,-18.06640625,11.535643577575684,-0.762939453125,0.428955078125,0.4677734375
4.939,280,1091,572,625,17.0,29.0,6.0,-52.673336029052734,-23.498533248901367,5.554198741912842,-0.829345703125,0.3028564453125,0.2830810546875
4.939,279,1372,530,656,17.0,29.0,6.0,-63.293453216552734,-31.066892623901367,2.01416015625,-0.930908203125,0.1611328125,-0.00146484375
4.947,280,1313,584,682,17.0,29.0,6.0,-61.645503997802734,-41.015621185302734,2.563476324081421,-0.9703369140625,0.089599609375,-0.2080078125
4.955,290,1377,598,682,17.0,29.0,6.0,-55.725093841552734,-54.992671966552734,2.807616949081421,-0.8809814453125,0.0806884765625,-0.1845703125
4.968,296,1509,601,631,17.0,29.0,6.0,-52.917476654052734,-69.82421875,-4.39453125,-0.703857421875,0.083984375,0.0030517578125
4.977,294,1627,689,747,17.0,29.0,6.0,-54.809566497802734,-75.62255859375,-21.240232467651367,-0.521728515625,0.046142578125,0.1417236328125
4.985,302,1711,802,784,17.0,29.0,6.0,-59.997554779052734,-68.66455078125,-42.114253997802734,-0.3502197265625,-0.0098876953125,0.157958984375
5.000,322,1837,900,799,22.0,26.0,7.0,-62.805171966552734,-57.434078216552734,-61.401363372802734,-0.1427001953125,-0.0196533203125,0.109619140625
5.007,321,1945,1012,978,22.0,26.0,7.0,-61.889644622802734,-46.752925872802734,-79.40673828125,0.0169677734375,-0.01611328125,0.070068359375
5.014,363,1816,1143,1131,22.0,26.0,7.0,-68.2373046875,-34.85107421875,-95.88622283935547,-0.088134765625,-0.063720703125,0.0863037109375
5.042,428,1914,1331,1233,22.0,26.0,7.0,-78.06396484375,-21.545408248901367,-102.05077362060547,-0.447021484375,-0.09619140625,0.1279296875
5.043,465,1935,1483,1480,22.0,26.0,7.0,-67.138671875,-6.835937023162842,-92.52928924560547,-0.8765869140625,0.0888671875,0.0943603515625
5.045,468,2281,1440,1514,22.0,26.0,7.0,-39.6728515625,5.798339366912842,-73.73046875,-1.3045654296875,0.5650634765625,0.0384521484375
5.059,508,1943,1627,1470,22.0,26.0,7.0,-35.0341796875,6.530761241912842,-55.541988372802734,-1.68701171875,0.953857421875,0.1146240234375
5.068,509,1896,1750,1596,22.0,26.0,7.0,-73.18115234375,-5.065917491912842,-46.386714935302734,-2.0169677734375,0.77197265625,0.315185546875
5.075,514,1874,1830,1607,22.0,26.0,7.0,-123.84032440185547,-17.822265625,-46.874996185302734,-2.277587890625,0.017578125,0.5733642578125
5.088,495,1967,1794,1401,22.0,26.0,7.0,-136.474609375,-26.672361373901367,-50.537105560302734,-2.4173583984375,-0.7657470703125,0.7930908203125
5.097,466,2060,1888,1487,24.0,20.0,3.0,-89.53856658935547,-30.761716842651367,-47.729488372802734,-2.324951171875,-0.988037109375,0.795654296875
5.107,438,2085,1892,1443,24.0,20.0,3.0,-13.122557640075684,-30.212400436401367,-32.470703125,-1.650146484375,-0.6690673828125,0.6268310546875
5.119,427,2037,1782,1280,24.0,20.0,3.0,54.199214935302734,-24.902341842651367,-13.366698265075684,-0.883544921875,-0.21728515625,0.51416015625
5.148,430,2012,1874,1416,24.0,20.0,3.0,76.5380859375,-12.695311546325684,3.173827886581421,-0.7843017578125,0.072509765625,0.4290771484375
5.148,441,2106,1757,1395,24.0,20.0,3.0,44.250484466552734,3.967284917831421,17.822265625,-1.2578125,0.164794921875,0.3006591796875
5.148,437,1864,1869,1318,24.0,20.0,3.0,-2.990722417831421,16.05224609375,27.465818405151367,-1.8997802734375,0.177734375,0.2109375
5.157,437,1803,1877,1402,24.0,20.0,3.0,-37.2314453125,18.5546875,28.686521530151367,-2.2005615234375,0.1507568359375,0.220458984375
5.165,430,1750,1850,1357,24.0,20.0,3.0,-53.405757904052734,14.282225608825684,22.033689498901367,-2.0015869140625,0.0955810546875,0.2955322265625
5.181,430,1637,1695,1178,24.0,20.0,3.0,-52.429195404052734,7.934569835662842,14.160155296325684,-1.5706787109375,0.0343017578125,0.362060546875
5.186,419,1572,1730,1260,24.0,20.0,3.0,-43.457027435302734,3.784179449081421,12.390135765075684,-1.2279052734375,-0.0240478515625,0.373779296875
5.195,401,1529,1676,1195,23.0,26.0,1.0,-34.0576171875,2.25830078125,20.01953125,-1.090087890625,-0.0408935546875,0.36279296875
5.211,369,1456,1441,1010,23.0,26.0,1.0,-28.686521530151367,-1.03759765625,35.15625,-1.0618896484375,0.0009765625,0.35205078125
5.217,347,1588,1397,936,23.0,26.0,1.0,-30.334470748901367,-7.995604991912842,52.368160247802734,-1.034423828125,0.0023193359375,0.2998046875
5.225,334,1483,1243,897,23.0,26.0,1.0,-30.334470748901367,-7.995604991912842,52.368160247802734,-0.9720458984375,-0.076171875,0.18994140625
5.243,324,1370,978,722,23.0,26.0,1.0,-22.338865280151367,-16.11328125,74.5849609375,-0.871337890625,-0.2066650390625,0.0966796875
5.254,318,1283,947,739,23.0,26.0,1.0,2.197265625,-11.352538108825684,73.54736328125,-0.7196044921875,-0.3167724609375,0.0765380859375
5.254,316,1122,867,723,23.0,26.0,1.0,2.197265625,-11.352538108825684,73.54736328125,-0.5419921875,-0.3287353515625,0.1458740234375
5.268,308,1129,748,644,23.0,26.0,1.0,84.22850799560547,24.414060592651367,51.452632904052734,-0.39306640625,-0.31103515625,0.26513671875
5.276,302,1079,731,706,23.0,26.0,1.0,125.61034393310547,47.180171966552734,37.353515625,-0.343017578125,-0.304443359375,0.334716796875
5.284,294,1076,695,675,23.0,26.0,1.0,125.61034393310547,47.180171966552734,37.353515625,-0.41552734375,-0.22216796875,0.3040771484375
5.300,291,1014,617,625,21.0,23.0,8.0,169.55564880371094,74.0966796875,19.775390625,-0.5135498046875,-0.0169677734375,0.2064208984375
5.308,286,971,621,653,21.0,23.0,8.0,165.16111755371094,71.47216796875,20.935056686401367,-0.560791015625,0.2435302734375,0.1201171875
5.315,289,992,588,614,21.0,23.0,8.0,165.16111755371094,71.47216796875,20.935056686401367,-0.561279296875,0.456787109375,0.089599609375
5.346,282,959,575,603,21.0,23.0,8.0,114.50194549560547,38.0859375,31.616209030151367,-0.5386962890625,0.5269775390625,0.0887451171875
5.346,286,962,594,653,21.0,23.0,8.0,76.96533203125,21.301267623901367,35.888671875,-0.5513916015625,0.4561767578125,0.0640869140625
5.347,280,996,591,654,21.0,23.0,8.0,76.96533203125,21.301267623901367,35.888671875,-0.6651611328125,0.333984375,0.03564453125
5.361,280,1091,574,588,21.0,23.0,8.0,34.36279296875,3.417968511581421,38.87939453125,-0.828857421875,0.206298828125,0.047119140625
5.368,280,1120,594,594,21.0,23.0,8.0,28.503416061401367,-4.69970703125,39.12353515625,-0.93408203125,0.1278076171875,0.0963134765625
5.375,280,1209,607,586,21.0,23.0,8.0,28.503416061401367,-4.69970703125,39.12353515625,-0.927734375,0.151123046875,0.146240234375
5.388,282,1234,579,547,18.0,25.0,9.0,21.179197311401367,-17.39501953125,35.7666015625,-0.865966796875,0.254638671875,0.155517578125
5.398,280,1236,594,606,18.0,25.0,9.0,9.33837890625,-18.12744140625,28.869626998901367,-0.8223876953125,0.3419189453125,0.1353759765625
5.407,280,1313,603,586,18.0,25.0,9.0,9.33837890625,-18.12744140625,28.869626998901367,-0.810546875,0.3345947265625,0.1114501953125
5.418,280,1287,593,644,18.0,25.0,9.0,-27.160642623901367,-16.2353515625,12.512206077575684,-0.8223876953125,0.2667236328125,0.074951171875
5.426,280,1317,588,646,18.0,25.0,9.0,-36.31591796875,-18.798828125,9.33837890625,-0.8431396484375,0.20654296875,0.034423828125
5.447,282,1379,614,631,18.0,25.0,9.0,-36.31591796875,-18.798828125,9.33837890625,-0.8431396484375,0.20654296875,0.034423828125
5.450,289,1409,675,667,18.0,25.0,9.0,-41.564937591552734,-33.935546875,12.023924827575684,-0.82421875,0.1533203125,0.0211181640625
5.456,292,1409,624,731,18.0,25.0,9.0,-41.564937591552734,-33.935546875,12.023924827575684,-0.763671875,0.15380859375,0.0645751953125
5.467,294,1452,657,750,18.0,25.0,9.0,-46.936031341552734,-43.395992279052734,11.352538108825684,-0.763671875,0.15380859375,0.0645751953125
5.479,302,1533,713,746,18.0,25.0,9.0,-64.453125,-52.124019622802734,-7.690429210662842,-0.4329833984375,0.1673583984375,0.1783447265625
5.487,306,1582,782,853,17.0,28.0,9.0,-64.453125,-52.124019622802734,-7.690429210662842,-0.10986328125,0.095703125,0.168701171875
5.494,316,1643,883,894,17.0,28.0,9.0,-72.8759765625,-48.156734466552734,-25.512693405151367,-0.10986328125,0.095703125,0.168701171875
5.508,334,1899,1010,820,17.0,28.0,9.0,-64.453125,-33.75244140625,-75.62255859375,0.0780029296875,-0.1842041015625,0.0228271484375
5.519,344,2026,1213,1004,17.0,28.0,9.0,-64.453125,-33.75244140625,-75.62255859375,-0.2386474609375,-0.1199951171875,0.1461181640625
5.525,403,1796,1228,1279,17.0,28.0,9.0,-37.4755859375,-26.550291061401367,-90.33202362060547,-0.2386474609375,-0.1199951171875,0.1461181640625
5.550,473,1911,1239,1393,17.0,28.0,9.0,6.408690929412842,-5.249022960662842,-70.86181640625,-0.6429443359375,0.3187255859375,0.4329833984375
5.550,419,2151,1260,1483,17.0,28.0,9.0,6.408690929412842,-5.249022960662842,-70.86181640625,-0.8494873046875,0.7593994140625,0.5562744140625
5.554,497,2030,1428,1652,17.0,28.0,9.0,-2.0751953125,-1.3427733182907104,-52.673336029052734,-0.8494873046875,0.7593994140625,0.5562744140625
5.569,497,2078,1545,1404,17.0,28.0,9.0,-61.767574310302734,-18.798828125,-36.31591796875,-1.1922607421875,0.9423828125,0.6451416015625
5.578,430,2243,1759,1460,17.0,28.0,9.0,-61.767574310302734,-18.798828125,-36.31591796875,-1.8314208984375,0.330810546875,0.5120849609375
5.584,428,2102,1848,1447,20.0,21.0,6.0,-83.00780487060547,-19.775390625,-40.527339935302734,-1.8314208984375,0.330810546875,0.5120849609375
5.598,419,2178,1798,1243,20.0,21.0,6.0,-66.650390625,-9.94873046875,-39.00146484375,-3.133056640625,-0.84375,0.4324951171875
5.607,409,2258,1891,1380,20.0,21.0,6.0,-66.650390625,-9.94873046875,-39.00146484375,-2.6444091796875,-0.643798828125,0.388916015625
5.615,411,2240,1892,1303,20.0,21.0,6.0,-12.207030296325684,-9.27734375,-39.9169921875,-2.6444091796875,-0.643798828125,0.388916015625
5.631,420,2144,1761,1253,20.0,21.0,6.0,82.33641815185547,9.033203125,-49.926753997802734,-0.72119140625,0.161865234375,0.4700927734375
5.651,437,2030,1830,1447,20.0,21.0,6.0,82.33641815185547,9.033203125,-49.926753997802734,-0.96630859375,0.2337646484375,0.4586181640625
5.653,473,1925,1785,1506,20.0,21.0,6.0,47.973628997802734,26.611326217651367,-33.203125,-0.96630859375,0.2337646484375,0.4586181640625
5.659,484,1735,1781,1362,20.0,21.0,6.0,-17.822265625,42.602535247802734,-5.798339366912842,-2.0809326171875,0.196533203125,0.2994384765625
5.666,482,1656,1808,1452,20.0,21.0,6.0,-57.617183685302734,46.447750091552734,11.962889671325684,-2.0809326171875,0.196533203125,0.2994384765625
5.685,486,1551,1786,1439,20.0,21.0,6.0,-75.98876953125,40.405269622802734,14.526366233825684,-2.1107177734375,0.201904296875,0.3592529296875
5.688,480,1435,1739,1386,22.0,23.0,4.0,-86.54784393310547,35.0341796875,9.46044921875,-1.543212890625,0.0443115234375,0.3336181640625
5.697,470,1372,1637,1331,22.0,23.0,4.0,-89.29442596435547,33.0810546875,6.835937023162842,-1.543212890625,0.0443115234375,0.3336181640625
5.705,454,1316,1572,1266,22.0,23.0,4.0,-84.41161346435547,31.188962936401367,12.512206077575684,-1.3663330078125,-0.025390625,0.28857421875
5.718,406,1278,1306,1050,22.0,23.0,4.0,-76.72119140625,26.062009811401367,27.343748092651367,-1.158447265625,-0.0167236328125,0.249267578125
5.727,385,1239,1173,1039,22.0,23.0,4.0,-70.068359375,17.08984375,46.386714935302734,-1.158447265625,-0.0167236328125,0.249267578125
5.734,352,1189,1043,944,22.0,23.0,4.0,-59.143062591552734,8.544921875,62.622066497802734,-1.0130615234375,-0.1591796875,0.189208984375
5.757,319,1050,844,707,22.0,23.0,4.0,-35.400390625,4.94384765625,71.83837890625,-0.68505859375,-0.578125,0.0234375
5.757,306,1045,784,679,22.0,23.0,4.0,2.13623046875,7.080077648162842,75.01220703125,-0.68505859375,-0.578125,0.0234375
5.765,299,938,714,689,22.0,23.0,4.0,54.626461029052734,15.441893577575684,75.86669921875,-0.4715576171875,-0.70068359375,0.0367431640625
5.778,294,765,657,590,22.0,23.0,4.0,121.33788299560547,30.883787155151367,73.05908203125,-0.1180419921875,-0.6524658203125,0.2235107421875
5.786,286,669,661,586,20.0,27.0,1.0,186.82859802246094,50.781246185302734,61.401363372802734,-0.1180419921875,-0.6524658203125,0.2235107421875
5.794,279,617,653,523,20.0,27.0,1.0,224.12107849121094,68.17626953125,42.846675872802734,-0.1854248046875,-0.274169921875,0.2510986328125
5.809,282,630,614,456,20.0,27.0,1.0,223.69383239746094,75.927734375,26.184080123901367,-0.37158203125,0.626953125,0.2008056640625
5.818,282,666,625,484,20.0,27.0,1.0,200.13426208496094,69.82421875,18.5546875,-0.37158203125,0.626953125,0.2008056640625
5.825,286,728,621,497,20.0,27.0,1.0,166.32078552246094,52.307125091552734,21.728513717651367,-0.3570556640625,0.8013916015625,0.138916015625
5.838,280,813,599,499,20.0,27.0,1.0,124.14550018310547,31.494138717651367,31.433103561401367,-0.51513671875,0.63916015625,-0.1019287109375
5.860,280,907,614,546,20.0,27.0,1.0,78.55224609375,15.075682640075684,39.1845703125,-0.51513671875,0.63916015625,-0.1019287109375
5.861,280,980,604,572,20.0,27.0,1.0,46.752925872802734,4.82177734375,38.4521484375,-0.6905517578125,0.4288330078125,-0.1925048828125
5.868,280,1125,579,564,20.0,27.0,1.0,36.56005859375,-4.45556640625,30.639646530151367,-0.7789306640625,0.2418212890625,-0.0684814453125
5.877,280,1202,571,617,20.0,27.0,1.0,31.738279342651367,-15.686034202575684,21.728513717651367,-0.7789306640625,0.2418212890625,-0.0684814453125
5.884,280,1264,572,625,20.0,31.0,4.0,15.014647483825684,-24.047849655151367,15.319823265075684,-0.7532958984375,0.346435546875,0.0369873046875
5.898,282,1357,555,572,20.0,31.0,4.0,-15.136717796325684,-26.916501998901367,9.94873046875,-0.75,0.4595947265625,0.11865234375
5.906,279,1372,578,642,20.0,31.0,4.0,-49.011226654052734,-29.541013717651367,4.8828125,-0.7908935546875,0.4495849609375,0.156982421875
5.915,282,1411,600,653,20.0,31.0,4.0,-74.40185546875,-36.62109375,2.563476324081421,-0.814453125,0.30224609375,0.1383056640625
5.928,291,1540,620,603,20.0,31.0,4.0,-85.02196502685547,-45.349117279052734,3.417968511581421,-0.7906494140625,0.138671875,0.088134765625
5.936,291,1561,644,706,20.0,31.0,4.0,-88.19579315185547,-52.795406341552734,4.150390625,-0.7432861328125,0.05322265625,0.069091796875
5.960,300,1506,653,813,20.0,31.0,4.0,-95.33690643310547,-59.082027435302734,0.3662109076976776,-0.7008056640625,0.0196533203125,0.0537109375
5.960,306,1637,738,785,20.0,31.0,4.0,-109.49706268310547,-61.645503997802734,-8.23974609375,-0.7159423828125,-0.039794921875,0.0057373046875
5.969,311,1704,762,891,20.0,31.0,4.0,-123.04686737060547,-57.678218841552734,-16.29638671875,-0.80859375,-0.1226806640625,0.0010986328125
5.976,315,1742,788,907,20.0,31.0,4.0,-124.32860565185547,-49.499507904052734,-18.4326171875,-0.9122314453125,-0.141357421875,0.0745849609375
5.988,324,1805,800,907,20.0,28.0,10.0,-108.39842987060547,-40.710445404052734,-14.892577171325684,-0.939208984375,-0.11376953125,0.194580078125
6.000,322,1970,910,951,20.0,28.0,10.0,-75.8056640625,-34.48486328125,-10.375975608825684,-0.8951416015625,-0.0872802734375,0.2982177734375
6.004,324,1967,895,1051,20.0,28.0,10.0,-32.2265625,-33.447265625,-8.60595703125,-0.830322265625,-0.05712890625,0.369140625
6.018,344,2122,906,1012,20.0,28.0,10.0,10.314940452575684,-36.80419921875,-10.375975608825684,-0.72021484375,-0.034912109375,0.4287109375
6.029,355,2223,996,1167,20.0,28.0,10.0,44.494625091552734,-41.992183685302734,-15.563963890075684,-0.6220703125,-0.0155029296875,0.4686279296875
6.034,354,2421,1043,1198,20.0,28.0,10.0,72.57080078125,-45.349117279052734,-22.705076217651367,-0.5745849609375,0.05126953125,0.497802734375
6.062,348,2631,1050,1093,20.0,28.0,10.0,101.44042205810547,-41.015621185302734,-30.578611373901367,-0.563232421875,0.318359375,0.4114990234375
6.062,354,2757,1209,1202,20.0,28.0,10.0,128.41796875,-26.428220748901367,-37.7197265625,-0.643310546875,0.844482421875,0.2088623046875
6.065,359,2840,1313,1271,20.0,28.0,10.0,123.96239471435547,-12.084959983825684,-43.273921966552734,-0.700927734375,1.1522216796875,0.0848388671875
6.082,363,2939,1395,1134,20.0,27.0,8.0,68.603515625,-6.225585460662842,-52.246089935302734,-0.819091796875,0.8818359375,0.068603515625
6.087,359,2943,1600,1282,20.0,27.0,8.0,-6.469726085662842,-2.25830078125,-60.852046966552734,-1.2119140625,0.5059814453125,0.086669921875
6.095,364,2934,1711,1276,20.0,27.0,8.0,-66.22314453125,1.5869139432907104,-56.457515716552734,-1.7447509765625,0.3143310546875,0.1392822265625
6.108,376,2832,1650,1172,20.0,27.0,8.0,-106.01805877685547,-1.0986328125,-43.457027435302734,-2.102294921875,0.080322265625,0.3028564453125
6.118,376,2820,1770,1323,20.0,27.0,8.0,-121.70409393310547,-9.21630859375,-35.82763671875,-2.1343994140625,-0.239990234375,0.541748046875
6.125,371,2785,1770,1320,20.0,27.0,8.0,-102.23387908935547,-14.099120140075684,-34.7900390625,-1.9532470703125,-0.44287109375,0.6640625
6.138,371,2713,1610,1199,20.0,27.0,8.0,-54.138179779052734,-11.596678733825684,-32.5927734375,-1.4788818359375,-0.406982421875,0.6417236328125
6.152,383,2658,1716,1365,20.0,27.0,8.0,0.4272460639476776,-3.784179449081421,-30.822751998901367,-0.94482421875,-0.1053466796875,0.6141357421875
6.164,374,2619,1759,1331,20.0,27.0,8.0,30.334470748901367,10.009765625,-30.212400436401367,-0.8974609375,0.2822265625,0.621826171875
6.168,375,2456,1785,1303,20.0,27.0,8.0,14.709471702575684,30.700681686401367,-27.038572311401367,-1.338134765625,0.4072265625,0.5496826171875
6.177,386,2311,1732,1316,22.0,21.0,7.0,-23.132322311401367,47.668453216552734,-21.484373092651367,-1.8193359375,0.253662109375,0.408447265625
6.185,388,2218,1713,1280,22.0,21.0,7.0,-43.945308685302734,49.255367279052734,-17.08984375,-1.9552001953125,0.0435791015625,0.3323974609375
6.200,391,2012,1564,1143,22.0,21.0,7.0,-39.48974609375,41.320796966552734,-15.441893577575684,-1.795654296875,-0.0406494140625,0.3221435546875
6.214,387,1920,1611,1224,22.0,21.0,7.0,-30.822751998901367,35.33935546875,-11.840819358825684,-1.5770263671875,-0.02099609375,0.3072509765625
6.216,398,1835,1557,1170,22.0,21.0,7.0,-33.99658203125,33.14208984375,-1.8310545682907104,-1.4329833984375,-0.033447265625,0.26123046875
6.236,368,1681,1373,946,22.0,21.0,7.0,-45.349117279052734,28.747556686401367,15.991209983825684,-1.38232421875,-0.061279296875,0.229736328125
6.248,347,1666,1292,963,22.0,21.0,7.0,-56.152339935302734,16.90673828125,40.10009765625,-1.363525390625,-0.048095703125,0.22021484375
6.248,334,1575,1138,883,22.0,21.0,7.0,-61.157222747802734,-0.8544921278953552,65.5517578125,-1.3194580078125,-0.0531005859375,0.1669921875
6.283,310,1483,913,696,22.0,21.0,7.0,-55.175777435302734,-16.78466796875,85.93749237060547,-1.21435546875,-0.1304931640625,0.072021484375
6.284,313,1224,837,713,22.0,21.0,7.0,-33.14208984375,-23.925779342651367,94.60448455810547,-0.98974609375,-0.28271484375,-0.015380859375
6.284,300,1143,744,645,17.0,27.0,4.0,8.97216796875,-16.29638671875,89.23339080810547,-0.7021484375,-0.388916015625,-0.0230712890625
6.289,292,1018,646,603,17.0,27.0,4.0,68.9697265625,7.324218273162842,74.64599609375,-0.426513671875,-0.3724365234375,0.067626953125
6.296,289,904,630,574,17.0,27.0,4.0,132.2021484375,41.687007904052734,54.138179779052734,-0.23779296875,-0.3458251953125,0.18798828125
6.307,277,710,601,532,17.0,27.0,4.0,179.56541442871094,78.43017578125,28.381345748901367,-0.2186279296875,-0.27001953125,0.2347412109375
6.320,280,495,580,461,17.0,27.0,4.0,200.86668395996094,106.56737518310547,5.432128429412842,-0.301513671875,-0.0018310546875,0.19775390625
6.329,276,473,586,470,17.0,27.0,4.0,198.73045349121094,114.86815643310547,-6.713866710662842,-0.4244384765625,0.39599609375,0.194091796875
6.336,279,522,594,464,17.0,27.0,4.0,174.49949645996094,95.82518768310547,-5.126952648162842,-0.5633544921875,0.71923828125,0.260986328125
6.349,276,497,582,460,17.0,27.0,4.0,128.2958984375,59.814449310302734,4.2724609375,-0.6744384765625,0.7174072265625,0.2816162109375
6.369,275,501,579,473,17.0,27.0,4.0,79.04052734375,32.3486328125,4.57763671875,-0.7169189453125,0.4554443359375,0.1923828125
6.369,274,495,591,485,17.0,27.0,4.0,79.04052734375,32.3486328125,4.57763671875,-0.7081298828125,0.240966796875,0.1324462890625
6.379,275,517,579,469,20.0,27.0,9.0,51.757808685302734,13.305663108825684,-12.878417015075684,-0.6708984375,0.12451171875,0.1563720703125
6.389,276,518,594,490,20.0,27.0,9.0,52.856441497802734,-3.417968511581421,-12.817381858825684,-0.6004638671875,0.0709228515625,0.1529541015625
6.395,277,533,594,491,20.0,27.0,9.0,52.856441497802734,-3.417968511581421,-12.817381858825684,-0.5115966796875,0.09521484375,0.09033203125
6.408,277,527,601,479,20.0,27.0,9.0,29.663084030151367,-27.770994186401367,-4.21142578125,-0.441162109375,0.1719970703125,0.0240478515625
6.429,277,543,625,508,20.0,27.0,9.0,8.36181640625,-24.414060592651367,1.8920897245407104,-0.4395751953125,0.2373046875,-0.015625
6.431,275,574,625,521,20.0,27.0,9.0,8.36181640625,-24.414060592651367,1.8920897245407104,-0.5167236328125,0.2330322265625,-0.0469970703125
6.439,277,691,607,540,20.0,27.0,9.0,-9.1552734375,-8.60595703125,7.202147960662842,-0.5970458984375,0.1678466796875,-0.0789794921875
6.448,277,895,571,590,20.0,27.0,9.0,-0.54931640625,-8.30078125,7.202147960662842,-0.607177734375,0.1036376953125,-0.0869140625
6.472,277,1010,548,630,20.0,27.0,9.0,7.385253429412842,-14.526366233825684,9.58251953125,-0.6383056640625,0.1551513671875,-0.04248046875
6.472,280,1213,653,541,20.0,30.0,10.0,-1.2817381620407104,-28.320310592651367,13.549803733825684,-0.784423828125,0.306884765625,0.0684814453125
6.478,281,1340,593,607,20.0,30.0,10.0,-32.77587890625,-47.668453216552734,12.573241233825684,-0.94775390625,0.3323974609375,0.161865234375
6.487,290,1370,572,687,20.0,30.0,10.0,-32.77587890625,-47.668453216552734,12.573241233825684,-0.9835205078125,0.23388671875,0.209228515625
6.499,292,1497,591,689,20.0,30.0,10.0,-78.55224609375,-72.998046875,-8.6669921875,-0.8148193359375,0.1585693359375,0.2950439453125
6.508,299,1540,702,784,20.0,30.0,10.0,-75.68359375,-81.54296112060547,-25.817869186401367,-0.490478515625,0.1107177734375,0.311767578125
6.516,305,1596,800,808,20.0,30.0,10.0,-75.68359375,-81.54296112060547,-25.817869186401367,-0.2109375,0.05615234375,0.1170654296875
6.544,336,1655,899,887,20.0,30.0,10.0,-106.68944549560547,-70.98388671875,-82.39745330810547,-0.268798828125,-0.0654296875,-0.0703125
6.544,364,1704,968,1160,20.0,30.0,10.0,-138.427734375,-44.189449310302734,-99.42626190185547,-0.600341796875,-0.298583984375,0.0584716796875
6.545,383,1877,1038,1233,20.0,30.0,10.0,-138.427734375,-44.189449310302734,-99.42626190185547,-0.7894287109375,-0.3021240234375,0.24072265625
6.574,416,1981,1134,1229,20.0,30.0,10.0,-43.151851654052734,-0.1220703050494194,-73.18115234375,-0.7576904296875,0.0458984375,0.1832275390625
6.575,433,2073,1306,1439,21.0,22.0,4.0,47.424312591552734,3.906249761581421,-59.753414154052734,-0.7139892578125,0.3697509765625,0.0784912109375
6.576,442,2763,1702,1422,21.0,22.0,4.0,47.424312591552734,3.906249761581421,-59.753414154052734,-0.8167724609375,0.597900390625,0.1513671875
6.584,398,2356,1529,1386,21.0,22.0,4.0,91.55272674560547,-7.385253429412842,-55.847164154052734,-0.8167724609375,0.597900390625,0.1513671875
6.598,413,2370,1550,1276,21.0,22.0,4.0,16.9677734375,-28.137205123901367,-42.480464935302734,-1.5833740234375,0.6072998046875,0.406494140625
6.606,411,2372,1739,1415,21.0,22.0,4.0,16.9677734375,-28.137205123901367,-42.480464935302734,-1.988037109375,0.4058837890625,0.4586181640625
6.614,418,2337,1753,1426,21.0,22.0,4.0,-44.189449310302734,-20.629880905151367,-35.64453125,-1.988037109375,0.4058837890625,0.4586181640625
6.629,423,2319,1711,1276,21.0,22.0,4.0,-80.87157440185547,-7.019042491912842,-46.874996185302734,-2.3131103515625,-0.4517822265625,0.5704345703125
6.646,401,2372,1855,1351,21.0,22.0,4.0,-80.87157440185547,-7.019042491912842,-46.874996185302734,-2.1016845703125,-0.51953125,0.538330078125
6.646,401,2316,1826,1365,21.0,22.0,4.0,-41.687007904052734,-0.9155272841453552,-54.992671966552734,-2.1016845703125,-0.51953125,0.538330078125
6.659,398,2220,1791,1198,21.0,22.0,4.0,40.161128997802734,8.36181640625,-49.377437591552734,-1.0042724609375,-0.04248046875,0.395263671875
6.679,411,2190,1840,1365,22.0,21.0,4.0,40.161128997802734,8.36181640625,-49.377437591552734,-1.1455078125,-0.0517578125,0.322509765625
6.680,400,2710,1914,1369,22.0,21.0,4.0,35.33935546875,14.404295921325684,-34.24072265625,-1.1455078125,-0.0517578125,0.322509765625
6.688,409,2104,1748,1213,22.0,21.0,4.0,-41.503902435302734,14.465331077575684,12.695311546325684,-1.9703369140625,-0.3114013671875,0.1639404296875
6.697,409,2074,1792,1330,22.0,21.0,4.0,-41.503902435302734,14.465331077575684,12.695311546325684,-1.8314208984375,-0.2801513671875,0.1865234375
6.705,399,2166,1625,1239,22.0,21.0,4.0,-54.199214935302734,1.5258787870407104,27.221677780151367,-1.8314208984375,-0.2801513671875,0.1865234375
6.718,389,1878,1557,1149,22.0,21.0,4.0,-40.466304779052734,-25.146482467651367,48.706050872802734,-1.2022705078125,-0.1724853515625,0.2095947265625
6.727,416,1759,1662,1224,22.0,21.0,4.0,-40.466304779052734,-25.146482467651367,48.706050872802734,-1.0469970703125,-0.1348876953125,0.2730712890625
6.735,402,1648,1529,1243,22.0,21.0,4.0,-33.0810546875,-31.616209030151367,61.706539154052734,-1.0469970703125,-0.1348876953125,0.2730712890625
6.749,338,1840,1331,969,22.0,21.0,4.0,-25.939939498901367,-32.2265625,75.68359375,-1.0074462890625,0.0125732421875,0.4925537109375
6.758,359,1662,1228,1065,22.0,21.0,4.0,-25.939939498901367,-32.2265625,75.68359375,-0.9671630859375,0.074951171875,0.4537353515625
6.778,344,1518,1081,1038,20.0,25.0,10.0,-25.756834030151367,-23.803709030151367,73.05908203125,-0.9671630859375,0.074951171875,0.4537353515625
6.779,344,1732,897,922,20.0,25.0,10.0,8.6669921875,5.371093273162842,54.016109466552734,-0.8079833984375,0.14697265625,0.232666015625
6.786,315,1504,846,855,20.0,25.0,10.0,8.6669921875,5.371093273162842,54.016109466552734,-0.7396240234375,0.203857421875,0.2000732421875
6.796,308,1464,780,816,20.0,25.0,10.0,37.65869140625,18.6767578125,43.212886810302734,-0.7396240234375,0.203857421875,0.2000732421875
6.808,306,1373,646,702,20.0,25.0,10.0,63.049312591552734,30.090330123901367,34.66796875,-0.5711669921875,0.276123046875,0.1651611328125
6.817,294,1375,677,666,20.0,25.0,10.0,80.13916015625,40.527339935302734,29.174802780151367,-0.5711669921875,0.276123046875,0.1651611328125
6.825,294,1243,625,698,20.0,25.0,10.0,86.91405487060547,48.767086029052734,25.878904342651367,-0.5140380859375,0.1796875,0.1051025390625
6.838,291,978,590,666,20.0,25.0,10.0,85.51024627685547,54.260250091552734,23.681638717651367,-0.4776611328125,0.034912109375,-0.0216064453125
6.852,290,1031,636,621,20.0,25.0,10.0,82.27538299560547,57.678218841552734,21.423337936401367,-0.4776611328125,0.034912109375,-0.0216064453125
6.855,291,978,625,607,20.0,25.0,10.0,75.5615234375,57.006832122802734,16.90673828125,-0.5030517578125,0.05126953125,0.05517578125
6.883,282,905,603,567,17.0,27.0,12.0,56.457515716552734,47.424312591552734,11.291502952575684,-0.7757568359375,0.1312255859375,0.338623046875
6.883,286,883,625,596,17.0,27.0,12.0,26.733396530151367,32.1044921875,10.070799827575684,-0.7757568359375,0.1312255859375,0.338623046875
6.885,275,947,625,532,17.0,27.0,12.0,4.0283203125,21.118162155151367,14.282225608825684,-0.8072509765625,0.096435546875,0.3748779296875
6.900,278,855,590,548,17.0,27.0,12.0,-2.990722417831421,17.15087890625,18.5546875,-0.785888671875,0.056884765625,0.255126953125
6.907,279,846,607,582,17.0,27.0,12.0,-2.25830078125,15.197752952575684,18.06640625,-0.785888671875,0.056884765625,0.255126953125
6.914,277,853,604,585,17.0,27.0,12.0,-2.197265625,11.108397483825684,15.014647483825684,-0.8597412109375,0.0111083984375,0.1905517578125
6.929,279,900,571,561,17.0,27.0,12.0,-3.295898199081421,4.57763671875,14.709471702575684,-0.849853515625,0.0133056640625,0.0987548828125
6.937,279,936,591,603,17.0,27.0,12.0,-4.2724609375,-2.25830078125,17.15087890625,-0.849853515625,0.0133056640625,0.0987548828125
6.945,279,978,582,607,17.0,27.0,12.0,-6.652831554412842,-8.544921875,20.080564498901367,-0.8275146484375,0.059814453125,0.0489501953125
6.958,280,1091,578,543,16.0,30.0,11.0,-11.901854515075684,-15.563963890075684,23.254392623901367,-0.8876953125,0.062744140625,-0.030029296875
6.987,280,1131,590,585,16.0,30.0,11.0,-20.01953125,-24.719236373901367,28.564451217651367,-0.8876953125,0.062744140625,-0.030029296875
6.988,289,1274,561,592,16.0,30.0,11.0,-29.296873092651367,-35.70556640625,37.109375,-0.87744140625,0.046142578125,-0.050048828125
6.989,289,1278,559,495,16.0,30.0,11.0,-38.63525390625,-47.058101654052734,47.058101654052734,-0.71142578125,0.0750732421875,0.0048828125
6.997,289,1323,569,675,16.0,30.0,11.0,-48.461910247802734,-58.288570404052734,54.077144622802734,-0.71142578125,0.0750732421875,0.0048828125
7.006,292,1452,590,673,16.0,30.0,11.0,-57.556148529052734,-68.05419921875,53.405757904052734,-0.5557861328125,0.1207275390625,0.0240478515625
7.018,295,1518,614,694,16.0,30.0,11.0,-62.683101654052734,-74.64599609375,41.442867279052734,-0.34033203125,0.2005615234375,0.0953369140625
7.026,300,1600,683,830,16.0,30.0,11.0,-63.110347747802734,-75.01220703125,14.648436546325684,-0.0457763671875,0.228759765625,0.2366943359375
7.035,327,1560,763,1000,16.0,30.0,11.0,-62.133785247802734,-64.8193359375,-28.381345748901367,0.2784423828125,0.1324462890625,0.4150390625
7.048,375,1801,1054,1248,16.0,30.0,11.0,-54.931636810302734,-47.302242279052734,-80.68846893310547,0.4959716796875,-0.0240478515625,0.5743408203125
7.056,402,1929,1078,1323,20.0,25.0,12.0,-30.273435592651367,-29.479978561401367,-126.40380096435547,0.252685546875,-0.027587890625,0.558837890625
7.064,410,2039,1163,1397,20.0,25.0,12.0,10.437010765075684,-11.047362327575684,-140.2587890625,-0.3734130859375,0.3931884765625,0.4185791015625
7.086,453,2100,1260,1373,20.0,25.0,12.0,45.776363372802734,4.39453125,-113.09813690185547,-0.8465576171875,1.0535888671875,0.268798828125
7.087,463,2072,1452,1541,20.0,25.0,12.0,43.762203216552734,7.141112804412842,-74.52392578125,-1.0699462890625,1.300048828125,0.1871337890625
7.095,465,2066,1549,1524,20.0,25.0,12.0,-8.1787109375,-3.967284917831421,-57.495113372802734,-1.2706298828125,0.838623046875,0.2861328125
7.108,484,1985,1623,1411,20.0,25.0,12.0,-79.833984375,-15.686034202575684,-61.523433685302734,-1.6893310546875,0.101318359375,0.4156494140625
7.116,495,2024,1747,1575,20.0,25.0,12.0,-120.05614471435547,-13.977049827575684,-65.4296875,-2.2620849609375,-0.4024658203125,0.433349609375
7.125,490,2037,1754,1592,20.0,25.0,12.0,-109.06981658935547,-3.845214605331421,-63.049312591552734,-2.670654296875,-0.75634765625,0.424072265625
7.138,497,2076,1652,1468,20.0,25.0,12.0,-63.781734466552734,4.21142578125,-61.401363372802734,-2.72998046875,-0.8494873046875,0.490478515625
7.147,481,2139,1753,1560,20.0,25.0,12.0,-10.681151390075684,9.6435546875,-57.006832122802734,-2.1605224609375,-0.5115966796875,0.552978515625
7.155,464,2145,1704,1529,24.0,23.0,8.0,34.3017578125,13.366698265075684,-48.339839935302734,-1.1688232421875,-0.16943359375,0.5679931640625
7.174,465,2124,1637,1386,24.0,23.0,8.0,66.10107421875,16.29638671875,-37.9638671875,-0.7159423828125,-0.0291748046875,0.520751953125
7.188,466,2118,1743,1521,24.0,23.0,8.0,59.265132904052734,18.6767578125,-18.1884765625,-1.0977783203125,-0.0125732421875,0.3243408203125
7.189,460,2053,1743,1529,24.0,23.0,8.0,13.427733421325684,17.08984375,11.169432640075684,-1.750244140625,-0.02490234375,0.114990234375
7.198,445,1997,1681,1341,24.0,23.0,8.0,-33.50830078125,7.141112804412842,35.5224609375,-2.082275390625,-0.0396728515625,0.10009765625
7.208,439,1951,1713,1422,24.0,23.0,8.0,-60.485836029052734,-8.4228515625,45.898433685302734,-1.9256591796875,-0.076904296875,0.254150390625
7.217,430,1890,1695,1383,24.0,23.0,8.0,-67.5048828125,-21.423337936401367,47.607418060302734,-1.56103515625,-0.1090087890625,0.3804931640625
7.229,402,1838,1602,1123,24.0,23.0,8.0,-60.791011810302734,-26.611326217651367,49.804683685302734,-1.2637939453125,-0.0999755859375,0.40234375
7.237,385,1809,1652,1173,24.0,23.0,8.0,-48.339839935302734,-26.733396530151367,55.969234466552734,-1.1082763671875,-0.0899658203125,0.409912109375
7.245,377,1722,1548,1163,24.0,23.0,8.0,-38.39111328125,-26.977537155151367,65.00244140625,-1.068115234375,-0.12841796875,0.4404296875
7.259,346,1664,1328,984,22.0,25.0,7.0,-32.5927734375,-26.428220748901367,73.05908203125,-1.0601806640625,-0.1129150390625,0.483642578125
7.267,334,1718,1317,947,22.0,25.0,7.0,-24.108884811401367,-19.775390625,72.93701171875,-1.019775390625,0.0245361328125,0.4964599609375
7.291,336,1557,1132,963,22.0,25.0,7.0,-8.30078125,-2.807616949081421,60.424800872802734,-0.9520263671875,0.1878662109375,0.4205322265625
7.291,323,1464,879,820,22.0,25.0,7.0,10.192870140075684,20.812986373901367,41.198726654052734,-0.8763427734375,0.287841796875,0.310546875
7.297,322,1400,820,826,22.0,25.0,7.0,27.404783248901367,40.771480560302734,24.658201217651367,-0.789306640625,0.332763671875,0.22509765625
7.305,316,1323,777,766,22.0,25.0,7.0,43.762203216552734,52.612300872802734,15.808104515075684,-0.6790771484375,0.3477783203125,0.172119140625
7.321,304,1157,654,625,22.0,25.0,7.0,59.570308685302734,58.898921966552734,13.671874046325684,-0.56005859375,0.2708740234375,0.122802734375
7.327,293,989,673,589,22.0,25.0,7.0,73.974609375,63.842769622802734,13.977049827575684,-0.4884033203125,0.114990234375,0.04345703125
7.335,291,785,621,590,22.0,25.0,7.0,90.39305877685547,69.39697265625,14.892577171325684,-0.452392578125,0.0020751953125,0.0068359375
7.348,280,600,607,508,20.0,27.0,5.0,107.36083221435547,71.71630859375,14.587401390075684,-0.4171142578125,-0.036376953125,0.0721435546875
7.357,280,579,639,441,20.0,27.0,5.0,108.76464080810547,65.24658203125,11.901854515075684,-0.392333984375,-0.0380859375,0.1873779296875
7.365,280,551,619,481,20.0,27.0,5.0,87.09716033935547,52.185054779052734,10.009765625,-0.4093017578125,-0.0286865234375,0.267822265625
7.393,280,537,598,442,20.0,27.0,5.0,55.175777435302734,39.85595703125,11.108397483825684,-0.5242919921875,0.0103759765625,0.28076171875
7.394,280,555,620,482,20.0,27.0,5.0,29.113767623901367,30.334470748901367,15.747069358825684,-0.7005615234375,0.0643310546875,0.2568359375
7.395,275,567,656,419,20.0,27.0,5.0,16.11328125,20.935056686401367,23.498533248901367,-0.776123046875,0.0782470703125,0.2291259765625
7.413,280,625,605,465,20.0,27.0,5.0,14.038084983825684,11.047362327575684,30.456541061401367,-0.7122802734375,0.0592041015625,0.1849365234375
7.416,280,710,625,481,20.0,27.0,5.0,15.808104515075684,2.44140625,31.982419967651367,-0.6357421875,0.03564453125,0.1396484375
7.425,282,810,630,487,20.0,27.0,5.0,15.563963890075684,-3.967284917831421,27.465818405151367,-0.6126708984375,0.0250244140625,0.1431884765625
7.438,280,975,575,523,20.0,27.0,5.0,13.549803733825684,-8.72802734375,20.385740280151367,-0.632080078125,0.0714111328125,0.1846923828125
7.447,280,1074,586,579,20.0,28.0,10.0,11.657713890075684,-12.817381858825684,14.831542015075684,-0.6650390625,0.1756591796875,0.2242431640625
7.454,280,1137,574,617,20.0,28.0,10.0,9.1552734375,-17.63916015625,11.169432640075684,-0.715087890625,0.285888671875,0.237060546875
7.469,281,1198,539,644,20.0,28.0,10.0,3.723144292831421,-24.414060592651367,7.507323741912842,-0.784912109375,0.3538818359375,0.19970703125
7.477,290,1287,586,661,20.0,28.0,10.0,-5.615233898162842,-33.5693359375,2.929687261581421,-0.8470458984375,0.3607177734375,0.1204833984375
7.497,292,1362,594,654,20.0,28.0,10.0,-16.11328125,-44.860836029052734,-2.197265625,-0.864990234375,0.303466796875,0.0528564453125
7.498,292,1413,589,562,20.0,28.0,10.0,-25.390623092651367,-57.739253997802734,-6.958007335662842,-0.826171875,0.2142333984375,0.0616455078125
7.506,306,1422,679,790,20.0,28.0,10.0,-35.46142578125,-69.091796875,-11.779784202575684,-0.7593994140625,0.147705078125,0.13232421875
7.517,306,1464,722,813,20.0,28.0,10.0,-35.46142578125,-69.091796875,-11.779784202575684,-0.6854248046875,0.0592041015625,0.1580810546875
7.529,306,1634,780,750,20.0,28.0,10.0,-67.138671875,-59.143062591552734,-33.203125,-0.6356201171875,-0.0714111328125,0.1258544921875
7.537,328,1588,841,921,20.0,28.0,10.0,-68.603515625,-38.63525390625,-46.447750091552734,-0.611328125,-0.15234375,0.156494140625
7.546,344,1560,905,1018,24.0,23.0,9.0,-68.603515625,-38.63525390625,-46.447750091552734,-0.5616455078125,-0.1566162109375,0.2593994140625
7.558,364,1655,963,1050,24.0,23.0,9.0,-8.11767578125,-16.11328125,-58.715816497802734,-0.4930419921875,-0.0997314453125,0.33447265625
7.567,331,2392,951,1184,24.0,23.0,9.0,17.9443359375,-18.4326171875,-57.373043060302734,-0.3800048828125,-0.0830078125,0.372802734375
7.576,405,1980,1125,1316,24.0,23.0,9.0,28.686521530151367,-23.620603561401367,-52.673336029052734,-0.29345703125,-0.1358642578125,0.358154296875
7.603,432,2153,1201,1336,24.0,23.0,9.0,42.724605560302734,-25.573728561401367,-45.471187591552734,-0.398193359375,0.03125,0.3231201171875
7.603,460,2636,1116,1478,24.0,23.0,9.0,60.119625091552734,-21.972654342651367,-35.5224609375,-0.7001953125,0.505859375,0.28173828125
7.606,465,2410,1257,1531,24.0,23.0,9.0,50.720211029052734,-13.000487327575684,-28.564451217651367,-1.08740234375,0.927001953125,0.231201171875
7.619,479,2287,1440,1480,24.0,23.0,9.0,6.469726085662842,-0.4272460639476776,-31.311033248901367,-1.5015869140625,0.9879150390625,0.2470703125
7.628,466,2266,1613,1592,24.0,23.0,9.0,-44.433589935302734,8.85009765625,-40.954586029052734,-1.864013671875,0.699462890625,0.3504638671875
7.636,470,2244,1665,1600,24.0,23.0,9.0,-44.433589935302734,8.85009765625,-40.954586029052734,-2.12744140625,0.09326171875,0.505126953125
7.649,462,2268,1664,1370,26.0,23.0,9.0,-86.60887908935547,4.5166015625,-55.114742279052734,-2.3250732421875,-0.5345458984375,0.6318359375
7.660,424,2391,1762,1453,26.0,23.0,9.0,-61.157222747802734,1.5258787870407104,-52.185054779052734,-2.2738037109375,-0.730224609375,0.6290283203125
7.667,416,2370,1755,1442,26.0,23.0,9.0,-61.157222747802734,1.5258787870407104,-52.185054779052734,-1.6663818359375,-0.530517578125,0.48046875
7.680,413,2258,1702,1279,26.0,23.0,9.0,18.9208984375,5.371093273162842,-22.644041061401367,-1.091552734375,-0.2117919921875,0.3516845703125
7.706,414,2247,1789,1427,26.0,23.0,9.0,22.705076217651367,7.629394054412842,2.685546636581421,-1.301025390625,-0.027099609375,0.3170166015625
7.707,430,2172,1769,1463,26.0,23.0,9.0,22.705076217651367,7.629394054412842,2.685546636581421,-1.8787841796875,-0.0484619140625,0.3077392578125
7.711,418,2113,1697,1409,26.0,23.0,9.0,-68.42041015625,-2.624511480331421,59.875484466552734,-2.13916015625,-0.1195068359375,0.343017578125
7.717,416,2062,1704,1366,26.0,23.0,9.0,-71.044921875,-13.488768577575684,63.354488372802734,-1.9287109375,-0.0953369140625,0.4317626953125
7.726,405,1989,1653,1328,26.0,23.0,9.0,-71.044921875,-13.488768577575684,63.354488372802734,-1.525390625,0.004638671875,0.4869384765625
7.739,401,1819,1504,1123,26.0,23.0,9.0,-34.85107421875,-18.73779296875,53.771968841552734,-1.196533203125,0.055419921875,0.470947265625
7.748,383,1755,1531,1199,20.0,26.0,6.0,-28.503416061401367,-11.352538108825684,53.710933685302734,-1.0511474609375,0.026611328125,0.4722900390625
7.756,378,1678,1440,1149,20.0,26.0,6.0,-28.503416061401367,-11.352538108825684,53.710933685302734,-1.0333251953125,0.0352783203125,0.52099609375
7.772,354,1624,1132,936,20.0,26.0,6.0,-17.578125,7.812499523162842,50.781246185302734,-1.0078125,0.133544921875,0.4996337890625
7.778,344,1575,1043,959,20.0,26.0,6.0,-7.507323741912842,22.888181686401367,41.870113372802734,-0.9354248046875,0.2603759765625,0.3697509765625
7.802,324,1521,966,853,20.0,26.0,6.0,-7.507323741912842,22.888181686401367,41.870113372802734,-0.81787109375,0.3568115234375,0.227294921875
7.813,315,1422,787,679,20.0,26.0,6.0,26.428220748901367,49.926753997802734,21.911619186401367,-0.652587890625,0.359130859375,0.131103515625
7.813,304,1323,737,696,20.0,26.0,6.0,43.395992279052734,57.495113372802734,15.136717796325684,-0.4998779296875,0.2041015625,0.0911865234375
7.816,300,1198,656,588,20.0,26.0,6.0,43.395992279052734,57.495113372802734,15.136717796325684,-0.406005859375,-0.0533447265625,0.056884765625
7.830,291,803,625,574,20.0,26.0,6.0,89.05028533935547,72.93701171875,7.629394054412842,-0.373779296875,-0.224365234375,-0.00048828125
7.838,287,628,632,584,20.0,26.0,6.0,89.05028533935547,72.93701171875,7.629394054412842,-0.3809814453125,-0.2230224609375,-0.0025634765625
7.845,280,543,629,552,21.0,27.0,9.0,119.87303924560547,80.99364471435547,6.774901866912842,-0.3809814453125,-0.2230224609375,-0.0025634765625
7.861,279,514,593,508,21.0,27.0,9.0,126.77001190185547,68.05419921875,4.82177734375,-0.4144287109375,0.05322265625,0.175048828125
7.868,279,512,619,533,21.0,27.0,9.0,126.77001190185547,68.05419921875,4.82177734375,-0.47998046875,0.181884765625,0.2569580078125
7.876,277,514,598,536,21.0,27.0,9.0,89.05028533935547,47.180171966552734,7.507323741912842,-0.47998046875,0.181884765625,0.2569580078125
7.906,281,561,586,532,21.0,27.0,9.0,12.756346702575684,10.070799827575684,19.8974609375,-0.6195068359375,0.1732177734375,0.13720703125
7.907,280,599,601,567,21.0,27.0,9.0,12.756346702575684,10.070799827575684,19.8974609375,-0.6326904296875,0.0670166015625,0.0218505859375
7.908,267,673,572,585,21.0,27.0,9.0,0.4882812201976776,0.6713866591453552,25.024412155151367,-0.6326904296875,0.0670166015625,0.0218505859375
7.920,278,797,551,594,21.0,27.0,9.0,19.59228515625,-14.282225608825684,25.390623092651367,-0.675048828125,-0.00341796875,0.0338134765625
7.929,279,895,562,631,21.0,27.0,9.0,19.59228515625,-14.282225608825684,25.390623092651367,-0.73046875,0.08984375,0.1771240234375
7.936,279,966,569,654,21.0,27.0,9.0,28.381345748901367,-26.184080123901367,23.864744186401367,-0.73046875,0.08984375,0.1771240234375
7.949,280,1064,546,647,18.0,23.0,10.0,8.30078125,-46.447750091552734,23.498533248901367,-0.8326416015625,0.300537109375,0.2935791015625
7.959,280,1117,555,706,18.0,23.0,10.0,8.30078125,-46.447750091552734,23.498533248901367,-0.877685546875,0.2958984375,0.2275390625
7.967,287,1274,590,648,18.0,23.0,10.0,-12.145995140075684,-49.255367279052734,23.010251998901367,-0.877685546875,0.2958984375,0.2275390625
7.980,291,1363,601,614,18.0,23.0,10.0,-42.724605560302734,-51.574703216552734,18.98193359375,-0.8502197265625,0.197509765625,0.118408203125
7.988,296,1409,653,695,18.0,23.0,10.0,-42.724605560302734,-51.574703216552734,18.98193359375,-0.7554931640625,0.1728515625,0.1143798828125
8.007,300,1390,689,777,18.0,23.0,10.0,-51.696773529052734,-53.649898529052734,10.253905296325684,-0.7554931640625,0.1728515625,0.1143798828125
8.010,308,1531,763,785,18.0,23.0,10.0,-80.93260955810547,-46.752925872802734,-23.742673873901367,-0.484375,0.0911865234375,0.0673828125
8.023,314,1582,828,826,18.0,23.0,10.0,-80.93260955810547,-46.752925872802734,-23.742673873901367,-0.3394775390625,-0.0672607421875,0.0694580078125
8.030,338,1506,869,992,18.0,23.0,10.0,-100.58592987060547,-32.53173828125,-42.907711029052734,-0.3394775390625,-0.0672607421875,0.0694580078125
8.039,376,1583,1022,1065,21.0,24.0,7.0,-69.27490234375,-9.765625,-68.115234375,-0.09521484375,-0.2188720703125,0.2120361328125
8.048,416,1695,1206,1275,21.0,24.0,7.0,-69.27490234375,-9.765625,-68.115234375,-0.1158447265625,-0.077880859375,0.292724609375
8.056,439,1843,1315,1383,21.0,24.0,7.0,-20.385740280151367,-8.60595703125,-76.2939453125,-0.1158447265625,-0.077880859375,0.292724609375
8.070,465,2024,1336,1409,21.0,24.0,7.0,14.770506858825684,-9.6435546875,-78.4912109375,-0.6265869140625,0.7008056640625,0.443603515625
8.078,467,2079,1478,1572,21.0,24.0,7.0,24.230955123901367,-10.986327171325684,-66.34521484375,-0.6265869140625,0.7008056640625,0.443603515625
8.086,473,2135,1574,1596,21.0,24.0,7.0,9.27734375,-15.197752952575684,-45.959468841552734,-0.8388671875,1.0068359375,0.5010986328125
8.121,466,2161,1635,1399,21.0,24.0,7.0,-24.047849655151367,-22.766111373901367,-36.0107421875,-1.39892578125,0.442626953125,0.767578125
8.129,402,2587,1744,1346,21.0,24.0,7.0,-61.218257904052734,-29.235837936401367,-38.87939453125,-1.39892578125,0.442626953125,0.767578125
8.130,416,2263,1925,1357,21.0,24.0,7.0,-83.12987518310547,-25.390623092651367,-39.24560546875,-2.044677734375,0.108154296875,0.631103515625
8.132,416,2166,1927,1379,21.0,24.0,7.0,-79.2236328125,-11.840819358825684,-35.7666015625,-2.951416015625,-0.7022705078125,0.3057861328125
8.138,413,2176,1934,1348,23.0,22.0,8.0,-44.433589935302734,-2.563476324081421,-38.6962890625,-2.951416015625,-0.7022705078125,0.3057861328125
8.146,416,2144,1925,1348,23.0,22.0,8.0,9.09423828125,-0.7324218153953552,-46.630855560302734,-2.31201171875,-0.4981689453125,0.3363037109375
8.159,414,2039,1821,1220,23.0,22.0,8.0,58.044429779052734,3.906249761581421,-55.541988372802734,-0.9505615234375,-0.03564453125,0.4571533203125
8.169,416,2058,1943,1334,23.0,22.0,8.0,71.96044921875,14.892577171325684,-52.062984466552734,-0.9505615234375,-0.03564453125,0.4571533203125
8.179,424,2037,1908,1318,23.0,22.0,8.0,23.315427780151367,26.489255905151367,-23.315427780151367,-1.475830078125,-0.1436767578125,0.3702392578125
8.190,417,1920,1792,1184,23.0,22.0,8.0,-47.851558685302734,29.602048873901367,15.563963890075684,-2.1962890625,-0.149169921875,0.22216796875
8.212,413,1854,1855,1292,23.0,22.0,8.0,-85.08300018310547,18.798828125,41.381832122802734,-2.1962890625,-0.149169921875,0.22216796875
8.213,419,1757,1816,1290,23.0,22.0,8.0,-87.64647674560547,-0.1220703050494194,50.964351654052734,-1.889892578125,-0.0797119140625,0.2418212890625
8.222,401,1676,1748,1199,23.0,22.0,8.0,-76.72119140625,-17.51708984375,56.213375091552734,-1.2530517578125,-0.050048828125,0.3189697265625
8.236,399,1616,1643,1184,23.0,22.0,8.0,-66.58935546875,-30.883787155151367,65.5517578125,-1.2530517578125,-0.050048828125,0.3189697265625
8.240,385,1557,1534,1125,23.0,24.0,8.0,-59.265132904052734,-40.405269622802734,77.81982421875,-1.1177978515625,-0.05517578125,0.459716796875
8.249,361,1483,1202,922,23.0,24.0,8.0,-50.720211029052734,-42.541500091552734,87.34130096435547,-0.8665771484375,0.0142822265625,0.478515625
8.259,342,1449,1101,927,23.0,24.0,8.0,-34.3017578125,-31.066892623901367,87.58544158935547,-0.8665771484375,0.0142822265625,0.478515625
8.266,328,1384,996,865,23.0,24.0,8.0,-5.493163585662842,-6.103515148162842,75.62255859375,-0.7271728515625,0.007080078125,0.3697509765625
8.282,319,1255,788,725,23.0,24.0,8.0,28.991697311401367,23.681638717651367,55.053707122802734,-0.5771484375,0.005126953125,0.3118896484375
8.288,309,1206,794,689,23.0,24.0,8.0,62.866207122802734,50.720211029052734,33.447265625,-0.432861328125,0.00341796875,0.2960205078125
8.295,302,1156,774,630,23.0,24.0,8.0,97.96141815185547,72.81494140625,16.2353515625,-0.31201171875,-0.0823974609375,0.271728515625
8.316,294,829,642,567,23.0,24.0,8.0,135.68115234375,88.98925018310547,3.173827886581421,-0.296630859375,-0.2213134765625,0.23388671875
8.317,276,720,607,559,23.0,24.0,8.0,165.83250427246094,94.11620330810547,-5.187987804412842,-0.3760986328125,-0.22216796875,0.1669921875
8.328,282,606,634,548,23.0,24.0,8.0,175.53709411621094,87.76854705810547,-5.920409679412842,-0.4173583984375,-0.049560546875,0.0936279296875
8.345,280,543,603,512,19.0,27.0,10.0,164.91697692871094,75.68359375,0.54931640625,-0.4127197265625,0.186767578125,0.0706787109375
8.349,277,562,617,533,19.0,27.0,10.0,134.33837890625,59.570308685302734,13.122557640075684,-0.4444580078125,0.3614501953125,0.0848388671875
8.356,280,653,636,481,19.0,27.0,10.0,85.44921112060547,40.0390625,29.785154342651367,-0.5172119140625,0.3807373046875,0.09375
8.372,282,714,621,458,19.0,27.0,10.0,38.39111328125,21.118162155151367,44.738765716552734,-0.611083984375,0.271728515625,0.0614013671875
8.380,282,735,620,514,19.0,27.0,10.0,12.268065452575684,6.347655773162842,54.016109466552734,-0.7066650390625,0.150390625,0.0068359375
8.386,280,826,636,487,19.0,27.0,10.0,6.103515148162842,-3.540038824081421,56.640621185302734,-0.77294921875,0.1009521484375,0.0045166015625
8.399,280,934,588,512,19.0,27.0,10.0,7.324218273162842,-10.437010765075684,53.771968841552734,-0.80517578125,0.1282958984375,0.0791015625
8.416,280,1018,597,562,19.0,27.0,10.0,7.019042491912842,-15.686034202575684,47.729488372802734,-0.80712890625,0.1929931640625,0.202880859375
8.417,277,1214,572,527,19.0,27.0,10.0,5.065917491912842,-18.5546875,39.9169921875,-0.78662109375,0.2681884765625,0.3226318359375
8.430,280,1183,561,563,19.0,28.0,11.0,3.479003667831421,-19.287109375,30.700681686401367,-0.770263671875,0.333740234375,0.3780517578125
8.438,281,1275,604,578,19.0,28.0,11.0,0.7324218153953552,-19.8974609375,20.446775436401367,-0.7890625,0.3455810546875,0.3441162109375
8.454,282,1334,605,582,19.0,28.0,11.0,-4.33349609375,-22.216794967651367,10.742186546325684,-0.8355712890625,0.289794921875,0.2255859375
8.460,282,1382,579,604,19.0,28.0,11.0,-10.314940452575684,-25.939939498901367,4.0283203125,-0.869873046875,0.221923828125,0.062744140625
8.468,291,1404,580,673,19.0,28.0,11.0,-16.66259765625,-30.273435592651367,0.4272460639476776,-0.859130859375,0.2064208984375,-0.0458984375
8.479,292,1452,590,698,19.0,28.0,11.0,-25.634763717651367,-35.46142578125,-3.417968511581421,-0.8111572265625,0.240234375,-0.0194091796875
8.496,294,1487,580,725,19.0,28.0,11.0,-38.0859375,-40.771480560302734,-11.291502952575684,-0.759033203125,0.2552490234375,0.090576171875
8.501,300,1543,646,794,19.0,28.0,11.0,-52.124019622802734,-42.602535247802734,-22.583005905151367,-0.7298583984375,0.2139892578125,0.177978515625
8.525,300,1625,698,799,19.0,28.0,11.0,-64.39208984375,-39.55078125,-33.02001953125,-0.6470947265625,0.1505126953125,0.2125244140625
8.526,299,1943,733,841,19.0,28.0,11.0,-71.35009765625,-33.5693359375,-42.541500091552734,-0.4564208984375,0.078369140625,0.217041015625
8.527,323,1693,883,984,20.0,22.0,10.0,-69.82421875,-28.015134811401367,-54.931636810302734,-0.2181396484375,-0.0242919921875,0.2127685546875
8.540,338,1796,947,1042,20.0,22.0,10.0,-56.457515716552734,-26.611326217651367,-68.66455078125,-0.065673828125,-0.1781005859375,0.2255859375
8.562,348,2041,966,1034,20.0,22.0,10.0,-29.541013717651367,-30.578611373901367,-74.462890625,-0.1722412109375,-0.25341796875,0.25439453125
8.563,359,2217,1103,1198,20.0,22.0,10.0,3.051757574081421,-37.109375,-60.302730560302734,-0.4940185546875,-0.0936279296875,0.25341796875
8.565,363,2362,1153,1233,20.0,22.0,10.0,22.644041061401367,-39.85595703125,-28.198240280151367,-0.8477783203125,0.185302734375,0.2095947265625
8.579,371,2518,1201,1147,20.0,22.0,10.0,19.71435546875,-37.109375,3.417968511581421,-1.1075439453125,0.392822265625,0.2154541015625
8.590,363,2631,1370,1283,20.0,22.0,10.0,1.3427733182907104,-33.87451171875,19.04296875,-1.224609375,0.441162109375,0.3096923828125
8.596,378,2624,1343,1398,20.0,22.0,10.0,-17.02880859375,-31.799314498901367,14.831542015075684,-1.1849365234375,0.2786865234375,0.427490234375
8.623,337,2949,1602,1014,20.0,22.0,10.0,-9.521484375,-25.634763717651367,-4.5166015625,-1.1177978515625,0.169677734375,0.504638671875
8.623,359,3147,1810,913,20.0,22.0,10.0,35.70556640625,-14.343260765075684,-27.221677780151367,-1.264892578125,0.3897705078125,0.5731201171875
8.626,346,3047,1837,1067,21.0,23.0,14.0,85.81542205810547,-7.263183116912842,-39.0625,-1.5816650390625,0.5560302734375,0.6982421875
8.639,324,3107,1908,777,21.0,23.0,14.0,110.83983612060547,-9.33837890625,-37.65869140625,-1.922607421875,0.2354736328125,0.7506103515625
8.648,327,3050,1906,925,21.0,23.0,14.0,120.91063690185547,-12.145995140075684,-30.151365280151367,-2.18017578125,-0.2027587890625,0.6343994140625
8.663,325,3059,1873,905,21.0,23.0,14.0,131.2255859375,-9.765625,-20.812986373901367,-2.0345458984375,-0.323974609375,0.3623046875
8.673,324,3010,1803,842,21.0,23.0,14.0,140.68603515625,-6.469726085662842,-15.930174827575684,-1.48779296875,-0.1278076171875,0.154052734375
8.678,326,3040,1920,900,21.0,23.0,14.0,130.615234375,-4.39453125,-12.878417015075684,-1.2900390625,0.3328857421875,0.190673828125
8.686,328,2905,1904,912,21.0,23.0,14.0,68.359375,0.4272460639476776,0.9155272841453552,-1.6549072265625,0.63134765625,0.3194580078125
8.699,336,2763,1861,920,21.0,23.0,14.0,-28.564451217651367,7.995604991912842,17.27294921875,-1.962158203125,0.5150146484375,0.4251708984375
8.724,333,2692,1846,912,21.0,23.0,14.0,-93.68895721435547,12.145995140075684,20.324705123901367,-1.9068603515625,0.30419921875,0.5208740234375
8.725,334,2891,1693,667,21.0,23.0,14.0,-107.72704315185547,12.390135765075684,12.512206077575684,-1.6356201171875,0.202392578125,0.5595703125
8.729,338,2322,1713,900,21.0,27.0,14.0,-100.58592987060547,16.17431640625,4.82177734375,-1.3594970703125,0.1912841796875,0.4921875
8.737,342,2190,1640,912,21.0,27.0,14.0,-93.93309783935547,24.658201217651367,3.662109136581421,-1.1929931640625,0.1988525390625,0.412841796875
8.746,338,2118,1613,843,21.0,27.0,14.0,-93.93309783935547,24.658201217651367,3.662109136581421,-1.170166015625,0.178466796875,0.4193115234375
8.759,342,1815,1182,830,21.0,27.0,14.0,-98.63280487060547,30.212400436401367,19.34814453125,-1.177490234375,0.1671142578125,0.4591064453125
8.768,326,1733,1131,883,21.0,27.0,14.0,-105.71288299560547,29.113767623901367,26.123044967651367,-1.1055908203125,0.1422119140625,0.4013671875
8.777,319,1662,1014,816,21.0,27.0,14.0,-105.71288299560547,29.113767623901367,26.123044967651367,-0.9716796875,0.086669921875,0.2393798828125
8.789,302,1615,865,689,21.0,27.0,14.0,-66.22314453125,37.9638671875,29.541013717651367,-0.797119140625,0.008056640625,0.0589599609375
8.798,302,1385,799,639,21.0,27.0,14.0,-26.733396530151367,44.189449310302734,31.738279342651367,-0.6060791015625,-0.14501953125,-0.072998046875
8.806,294,1213,702,633,21.0,27.0,14.0,-26.733396530151367,44.189449310302734,31.738279342651367,-0.45849609375,-0.2950439453125,-0.123046875
8.826,280,1000,621,527,19.0,28.0,6.0,62.561031341552734,61.706539154052734,37.59765625,-0.4090576171875,-0.3572998046875,-0.11376953125
8.828,289,966,630,523,19.0,28.0,6.0,101.74559783935547,70.25146484375,40.710445404052734,-0.3662109375,-0.3861083984375,-0.0535888671875
8.836,280,775,661,479,19.0,28.0,6.0,101.74559783935547,70.25146484375,40.710445404052734,-0.275146484375,-0.3250732421875,0.0577392578125
8.850,279,636,620,464,19.0,28.0,6.0,112.79296112060547,72.08251953125,30.273435592651367,-0.297119140625,-0.060302734375,0.20068359375
8.858,276,580,616,466,19.0,28.0,6.0,86.12059783935547,54.321285247802734,21.240232467651367,-0.4757080078125,0.2786865234375,0.3714599609375
8.865,277,570,620,455,19.0,28.0,6.0,86.12059783935547,54.321285247802734,21.240232467651367,-0.652587890625,0.480224609375,0.4952392578125
8.881,279,590,603,446,19.0,28.0,6.0,18.98193359375,4.57763671875,26.489255905151367,-0.6639404296875,0.48583984375,0.46630859375
8.889,277,630,614,482,19.0,28.0,6.0,-0.7324218153953552,-6.896972179412842,32.8369140625,-0.5301513671875,0.338623046875,0.283203125
8.898,279,694,617,495,19.0,28.0,6.0,-0.7324218153953552,-6.896972179412842,32.8369140625,-0.4310302734375,0.16357421875,0.0477294921875
8.910,280,888,607,478,19.0,28.0,6.0,8.97216796875,-5.126952648162842,22.888181686401367,-0.4798583984375,0.09912109375,-0.096923828125
8.930,280,954,603,548,19.0,27.0,10.0,27.343748092651367,-10.314940452575684,12.817381858825684,-0.625732421875,0.178955078125,-0.05810546875
8.930,277,984,569,629,19.0,27.0,10.0,27.343748092651367,-10.314940452575684,12.817381858825684,-0.7559814453125,0.3582763671875,0.103759765625
8.939,282,1137,562,590,19.0,27.0,10.0,26.306150436401367,-30.517576217651367,-3.173827886581421,-0.8287353515625,0.531494140625,0.2493896484375
8.950,289,1243,601,605,19.0,27.0,10.0,-5.737304210662842,-31.066892623901367,-11.413573265075684,-0.842529296875,0.5723876953125,0.296142578125
8.956,292,1294,605,644,19.0,27.0,10.0,-5.737304210662842,-31.066892623901367,-11.413573265075684,-0.789794921875,0.4539794921875,0.22705078125
8.969,291,1382,601,642,19.0,27.0,10.0,-80.56639862060547,-23.986814498901367,-27.221677780151367,-0.7037353515625,0.2696533203125,0.0789794921875
8.982,292,1419,669,740,19.0,27.0,10.0,-80.56639862060547,-23.986814498901367,-27.221677780151367,-0.6392822265625,0.1326904296875,-0.039306640625
8.987,302,1419,705,802,19.0,27.0,10.0,-101.13524627685547,-27.099607467651367,-33.14208984375,-0.6392822265625,0.1326904296875,-0.039306640625
9.000,315,1487,778,832,19.0,27.0,10.0,-124.87792205810547,-42.846675872802734,-49.438472747802734,-0.3941650390625,0.1014404296875,-0.0616455078125
9.011,330,1509,867,968,19.0,27.0,10.0,-124.87792205810547,-42.846675872802734,-49.438472747802734,-0.24560546875,-0.0733642578125,-0.022705078125
9.030,359,1501,931,1078,21.0,26.0,9.0,-146.78955078125,-42.480464935302734,-63.781734466552734,-0.24560546875,-0.0733642578125,-0.022705078125
9.031,398,1611,1073,1170,21.0,26.0,9.0,-117.61473846435547,-26.794431686401367,-81.05467987060547,-0.2520751953125,-0.5379638671875,0.2879638671875
9.038,433,1774,1248,1365,21.0,26.0,9.0,-117.61473846435547,-26.794431686401367,-81.05467987060547,-0.310546875,-0.4515380859375,0.387451171875
9.047,456,1892,1330,1472,21.0,26.0,9.0,-45.471187591552734,-21.179197311401367,-75.927734375,-0.310546875,-0.4515380859375,0.387451171875
9.060,482,2030,1312,1508,21.0,26.0,9.0,45.715328216552734,-22.583005905151367,-54.321285247802734,-0.822998046875,0.3402099609375,0.6326904296875
9.068,495,2063,1424,1664,21.0,26.0,9.0,45.715328216552734,-22.583005905151367,-54.321285247802734,-1.150390625,0.9984130859375,0.6297607421875
9.076,499,2091,1487,1695,21.0,26.0,9.0,35.0341796875,-29.846189498901367,-29.174802780151367,-1.150390625,0.9984130859375,0.6297607421875
9.089,499,2129,1506,1509,21.0,26.0,9.0,-39.73388671875,-34.36279296875,-10.803221702575684,-1.6405029296875,0.6693115234375,0.5133056640625
9.097,479,2151,1637,1613,21.0,26.0,9.0,-39.73388671875,-34.36279296875,-10.803221702575684,-2.0067138671875,0.2318115234375,0.4515380859375
9.106,468,2176,1695,1577,21.0,26.0,9.0,-47.607418060302734,-27.587888717651367,-20.080564498901367,-2.0067138671875,0.2318115234375,0.4515380859375
9.136,446,2203,1623,1428,23.0,23.0,7.0,-7.873534679412842,-17.76123046875,-31.494138717651367,-2.5069580078125,-0.625,0.408935546875
9.137,402,2407,1573,1419,23.0,23.0,7.0,-7.873534679412842,-17.76123046875,-31.494138717651367,-2.0460205078125,-0.4083251953125,0.367919921875
9.137,497,2076,1678,1666,23.0,23.0,7.0,26.550291061401367,-11.596678733825684,-33.5693359375,-2.0460205078125,-0.4083251953125,0.367919921875
9.150,509,1974,1611,1516,23.0,23.0,7.0,58.410640716552734,6.103515148162842,-33.87451171875,-0.9976806640625,0.210693359375,0.459228515625
9.158,494,1981,1691,1636,23.0,23.0,7.0,58.410640716552734,6.103515148162842,-33.87451171875,-1.4957275390625,0.177001953125,0.4576416015625
9.166,501,1900,1700,1635,23.0,23.0,7.0,21.728513717651367,15.930174827575684,-22.033689498901367,-1.4957275390625,0.177001953125,0.4576416015625
9.179,497,1819,1623,1487,23.0,23.0,7.0,-69.091796875,14.587401390075684,9.46044921875,-2.0093994140625,-0.102294921875,0.3594970703125
9.195,484,1815,1727,1504,23.0,23.0,7.0,-69.091796875,14.587401390075684,9.46044921875,-1.6988525390625,-0.1243896484375,0.3975830078125
9.197,462,1774,1693,1424,23.0,23.0,7.0,-65.24658203125,2.13623046875,14.282225608825684,-1.6988525390625,-0.1243896484375,0.3975830078125
9.210,464,1588,1574,1326,23.0,23.0,7.0,-49.682613372802734,-6.530761241912842,19.1650390625,-1.1754150390625,-0.0762939453125,0.3973388671875
9.218,458,1506,1580,1398,21.0,23.0,11.0,-38.14697265625,-10.742186546325684,27.038572311401367,-1.1754150390625,-0.0762939453125,0.3973388671875
9.239,442,1487,1519,1340,21.0,23.0,11.0,-31.677244186401367,-14.221190452575684,35.0341796875,-1.068115234375,-0.1142578125,0.436279296875
9.240,401,1469,1283,1115,21.0,23.0,11.0,-27.770994186401367,-16.78466796875,43.090816497802734,-0.9510498046875,0.0218505859375,0.3731689453125
9.248,360,1519,1224,1043,21.0,23.0,11.0,-23.559568405151367,-15.075682640075684,50.781246185302734,-0.9510498046875,0.0218505859375,0.3731689453125
9.256,345,1455,1097,987,21.0,23.0,11.0,-12.207030296325684,-5.981444835662842,53.466793060302734,-0.8734130859375,0.1148681640625,0.231689453125
9.269,321,1396,865,772,21.0,23.0,11.0,5.859374523162842,9.09423828125,47.851558685302734,-0.6873779296875,0.261962890625,0.1129150390625
9.278,316,1280,830,794,21.0,23.0,11.0,20.324705123901367,25.756834030151367,36.31591796875,-0.6873779296875,0.261962890625,0.1129150390625
9.287,304,1222,779,746,21.0,23.0,11.0,30.029294967651367,40.954586029052734,24.475095748901367,-0.5679931640625,0.208740234375,0.1405029296875
9.301,293,1063,694,569,21.0,23.0,11.0,42.175289154052734,54.687496185302734,15.930174827575684,-0.48974609375,-0.147216796875,0.1953125
9.308,290,910,654,553,21.0,23.0,11.0,58.959957122802734,67.0166015625,10.070799827575684,-0.48974609375,-0.147216796875,0.1953125
9.318,282,714,667,508,21.0,29.0,10.0,77.94189453125,75.927734375,6.713866710662842,-0.50146484375,-0.195556640625,0.205322265625
9.335,275,543,596,497,21.0,29.0,10.0,95.82518768310547,78.7353515625,5.981444835662842,-0.4276123046875,0.0498046875,0.3043212890625
9.339,280,519,614,500,21.0,29.0,10.0,104.98046112060547,74.27978515625,6.347655773162842,-0.4276123046875,0.0498046875,0.3043212890625
9.348,279,499,601,514,21.0,29.0,10.0,94.72655487060547,61.157222747802734,6.713866710662842,-0.44873046875,0.1802978515625,0.3837890625
9.362,277,519,598,473,21.0,29.0,10.0,63.232418060302734,41.320796966552734,8.544921875,-0.6292724609375,0.1953125,0.2685546875
9.368,277,522,625,516,21.0,29.0,10.0,27.221677780151367,22.399900436401367,13.366698265075684,-0.6292724609375,0.1953125,0.2685546875
9.376,280,540,625,521,21.0,29.0,10.0,7.629394054412842,8.9111328125,19.04296875,-0.6361083984375,0.0709228515625,0.1444091796875
9.441,280,673,621,456,21.0,29.0,10.0,8.9111328125,-0.4882812201976776,22.338865280151367,-0.6612548828125,-0.0985107421875,0.05810546875
9.454,280,749,630,497,21.0,29.0,10.0,21.850584030151367,-9.21630859375,22.644041061401367,-0.6612548828125,-0.0985107421875,0.05810546875
9.462,278,816,601,567,21.0,29.0,10.0,35.94970703125,-17.76123046875,21.118162155151367,-0.67529296875,-0.0791015625,0.1025390625
9.463,279,1000,578,572,20.0,25.0,8.0,45.410152435302734,-23.803709030151367,18.73779296875,-0.6693115234375,0.02978515625,0.154541015625
9.472,279,1093,588,648,20.0,25.0,8.0,46.203609466552734,-27.099607467651367,15.747069358825684,-0.666259765625,0.1805419921875,0.175048828125
9.518,280,1188,591,673,20.0,25.0,8.0,35.82763671875,-30.395505905151367,12.145995140075684,-0.68603515625,0.2850341796875,0.1524658203125
9.518,293,1294,594,691,20.0,25.0,8.0,16.357421875,-36.43798828125,7.751464366912842,-0.704345703125,0.312744140625,0.0850830078125
9.519,300,1386,683,766,20.0,25.0,8.0,-7.263183116912842,-45.593257904052734,1.8920897245407104,-0.6466064453125,0.281005859375,0.013671875
9.553,316,1468,779,853,20.0,25.0,8.0,-30.273435592651367,-55.053707122802734,-7.812499523162842,-0.461181640625,0.2421875,0.001708984375
9.554,329,1704,746,867,20.0,25.0,8.0,-54.870601654052734,-61.157222747802734,-25.146482467651367,-0.248046875,0.1900634765625,0.06787109375
9.554,349,1569,932,976,20.0,25.0,8.0,-85.87645721435547,-60.119625091552734,-50.781246185302734,-0.1580810546875,0.0283203125,0.1785888671875
9.555,376,1985,1148,986,20.0,25.0,8.0,-108.76464080810547,-48.217769622802734,-76.416015625,-0.2230224609375,-0.2137451171875,0.283935546875
9.556,416,1700,1243,1318,20.0,25.0,8.0,-96.61864471435547,-27.465818405151367,-87.82958221435547,-0.4129638671875,-0.2802734375,0.3201904296875
9.556,456,1931,1370,1474,22.0,23.0,10.0,-53.100582122802734,-9.33837890625,-76.59912109375,-0.657958984375,-0.0205078125,0.2364501953125
9.557,467,2014,1433,1534,22.0,23.0,10.0,-10.681151390075684,-5.249022960662842,-49.682613372802734,-0.8851318359375,0.3658447265625,0.100830078125
9.558,473,2061,1490,1582,22.0,23.0,10.0,7.934569835662842,-16.54052734375,-23.742673873901367,-1.0933837890625,0.6407470703125,0.128173828125
9.559,470,2165,1591,1580,22.0,23.0,10.0,-2.38037109375,-35.70556640625,-9.94873046875,-1.2828369140625,0.6541748046875,0.345458984375
9.559,433,2571,1856,1117,22.0,23.0,10.0,-35.0341796875,-50.537105560302734,-7.812499523162842,-1.4930419921875,0.317138671875,0.5457763671875
9.566,458,2372,1613,1467,22.0,23.0,10.0,-62.011714935302734,-50.354000091552734,-8.36181640625,-1.7581787109375,-0.084716796875,0.624755859375
9.579,417,2392,1756,1236,22.0,23.0,10.0,-54.687496185302734,-37.4755859375,-9.09423828125,-1.9969482421875,-0.2554931640625,0.633544921875
9.588,411,2396,1850,1419,22.0,23.0,10.0,-20.874021530151367,-24.536130905151367,-15.563963890075684,-2.0714111328125,-0.2802734375,0.69091796875
9.647,398,2379,1781,1392,17.0,23.0,12.0,38.51318359375,-13.183592796325684,-24.841306686401367,-1.6131591796875,-0.156982421875,0.640625
9.649,437,2295,1702,1545,17.0,23.0,12.0,53.283687591552734,-5.554198741912842,-17.39501953125,-1.16357421875,0.0997314453125,0.4410400390625
9.650,457,2207,1711,1561,17.0,23.0,12.0,50.292964935302734,2.929687261581421,-9.033203125,-1.069580078125,0.255859375,0.34375
9.650,359,2538,1748,1362,17.0,23.0,12.0,15.502928733825684,11.779784202575684,-1.4038084745407104,-1.428466796875,0.2379150390625,0.3472900390625
9.650,433,2213,1743,1478,17.0,23.0,12.0,-34.66796875,20.202634811401367,3.417968511581421,-1.760986328125,0.130126953125,0.4039306640625
9.656,414,2202,1774,1365,17.0,23.0,12.0,-61.767574310302734,23.254392623901367,1.4038084745407104,-1.776611328125,0.021484375,0.4857177734375
9.670,390,2110,1648,1175,17.0,23.0,12.0,-58.410640716552734,20.812986373901367,-4.57763671875,-1.5609130859375,-0.043212890625,0.524169921875
9.678,398,2035,1727,1268,17.0,23.0,12.0,-42.053218841552734,19.22607421875,-7.690429210662842,-1.3121337890625,-0.060791015625,0.4891357421875
9.686,385,1943,1700,1241,17.0,23.0,12.0,-27.038572311401367,20.751951217651367,-5.859374523162842,-1.14501953125,-0.0684814453125,0.446044921875
9.701,376,1844,1543,1067,17.0,23.0,12.0,-19.10400390625,21.911619186401367,-0.54931640625,-1.0892333984375,-0.060302734375,0.4561767578125
9.708,375,1791,1531,1123,23.0,24.0,7.0,-19.1650390625,20.935056686401367,7.141112804412842,-1.1011962890625,-0.030029296875,0.4754638671875
9.716,373,1730,1422,1122,23.0,24.0,7.0,-21.850584030151367,19.53125,15.869139671325684,-1.10888671875,-0.0048828125,0.4158935546875
9.733,351,1613,1155,902,23.0,24.0,7.0,-18.5546875,19.6533203125,23.498533248901367,-1.0689697265625,-0.0048828125,0.2884521484375
9.748,336,1602,1058,912,23.0,24.0,7.0,-8.056640625,20.385740280151367,29.296873092651367,-0.9866943359375,-0.0206298828125,0.15087890625
9.751,327,1476,952,846,23.0,24.0,7.0,4.7607421875,20.446775436401367,34.97314453125,-0.8663330078125,-0.0645751953125,0.037353515625
9.760,306,1404,797,661,23.0,24.0,7.0,19.47021484375,20.996091842651367,41.564937591552734,-0.7220458984375,-0.1451416015625,-0.0377197265625
9.771,302,1283,767,679,23.0,24.0,7.0,41.992183685302734,24.475095748901367,49.133296966552734,-0.60791015625,-0.1771240234375,-0.0833740234375
9.776,298,1198,711,639,23.0,24.0,7.0,71.1669921875,30.517576217651367,57.250972747802734,-0.5401611328125,-0.1761474609375,-0.107666015625
9.790,282,934,607,590,23.0,24.0,7.0,96.86278533935547,38.02490234375,61.767574310302734,-0.530029296875,-0.2147216796875,-0.085205078125
9.800,280,814,605,568,23.0,24.0,7.0,111.99950408935547,45.593257904052734,59.631343841552734,-0.5703125,-0.1851806640625,0.0238037109375
9.807,278,683,586,537,20.0,24.0,8.0,113.03710174560547,49.316402435302734,52.673336029052734,-0.60791015625,0.00244140625,0.2047119140625
9.820,265,625,571,499,20.0,24.0,8.0,96.86278533935547,46.081539154052734,44.067378997802734,-0.6053466796875,0.2596435546875,0.3818359375
9.850,275,497,572,533,20.0,24.0,8.0,65.0634765625,37.353515625,37.4755859375,-0.56298828125,0.434814453125,0.486083984375
9.855,277,551,562,506,20.0,24.0,8.0,28.442380905151367,27.832029342651367,32.65380859375,-0.5355224609375,0.47705078125,0.4862060546875
9.857,275,555,600,524,20.0,24.0,8.0,-0.6713866591453552,20.202634811401367,26.306150436401367,-0.53857421875,0.401611328125,0.3992919921875
9.858,268,597,619,498,20.0,24.0,8.0,-16.05224609375,13.549803733825684,18.24951171875,-0.5457763671875,0.2427978515625,0.286376953125
9.866,276,607,598,536,20.0,24.0,8.0,-14.404295921325684,7.629394054412842,11.474608421325684,-0.565673828125,0.10888671875,0.187255859375
9.880,279,733,576,536,20.0,24.0,8.0,1.220703125,1.8310545682907104,8.30078125,-0.599853515625,0.067138671875,0.1234130859375
9.888,277,841,584,593,20.0,24.0,8.0,18.798828125,-5.310058116912842,7.202147960662842,-0.63134765625,0.09619140625,0.1182861328125
9.896,277,934,572,621,20.0,24.0,8.0,18.798828125,-5.310058116912842,7.202147960662842,-0.6551513671875,0.1641845703125,0.163818359375
9.912,279,1064,535,625,20.0,27.0,7.0,22.521970748901367,-23.437498092651367,6.652831554412842,-0.6800537109375,0.23583984375,0.2064208984375
9.922,279,1157,551,691,20.0,27.0,7.0,6.774901866912842,-32.958984375,6.652831554412842,-0.73291015625,0.26953125,0.1890869140625
9.925,280,1236,567,720,20.0,27.0,7.0,6.774901866912842,-32.958984375,6.652831554412842,-0.7884521484375,0.243408203125,0.0943603515625
9.956,293,1351,572,723,20.0,27.0,7.0,-38.75732421875,-48.522945404052734,1.220703125,-0.7545166015625,0.16796875,-0.0206298828125
9.957,304,1471,692,803,20.0,27.0,7.0,-56.274410247802734,-54.626461029052734,-8.97216796875,-0.5732421875,0.1202392578125,-0.0567626953125
9.957,313,1497,738,883,20.0,27.0,7.0,-56.274410247802734,-54.626461029052734,-8.97216796875,-0.2965087890625,0.10546875,-0.001953125
9.972,336,1669,889,893,20.0,27.0,7.0,-75.13427734375,-63.964839935302734,-58.471675872802734,-0.044921875,0.0009765625,0.08935546875
9.978,371,1665,1104,1109,20.0,27.0,7.0,-78.55224609375,-53.405757904052734,-91.55272674560547,0.0477294921875,-0.241455078125,0.2109375
9.986,402,1828,1292,1184,20.0,27.0,7.0,-78.55224609375,-53.405757904052734,-91.55272674560547,-0.0654296875,-0.4202880859375,0.365966796875
10.000,437,2009,1328,1336,22.0,20.0,12.0,-13.305663108825684,-5.859374523162842,-112.12157440185547,-0.328125,-0.254638671875,0.4190673828125
10.009,462,2079,1427,1550,22.0,20.0,12.0,20.690916061401367,9.82666015625,-84.89989471435547,-0.66796875,0.2987060546875,0.296142578125
10.017,473,2135,1503,1590,22.0,20.0,12.0,20.690916061401367,9.82666015625,-84.89989471435547,-0.9813232421875,0.9425048828125,0.2088623046875
10.030,470,2254,1564,1424,22.0,20.0,12.0,-7.507323741912842,-5.065917491912842,-27.465818405151367,-1.1995849609375,1.1153564453125,0.3250732421875
10.038,466,2306,1691,1607,22.0,20.0,12.0,-48.767086029052734,-27.587888717651367,-31.066892623901367,-1.424560546875,0.6162109375,0.5618896484375
10.057,406,2478,1867,1416,22.0,20.0,12.0,-48.767086029052734,-27.587888717651367,-31.066892623901367,-1.828125,0.069091796875,0.689697265625
10.060,413,2417,1943,1424,22.0,20.0,12.0,-65.673828125,-35.0341796875,-37.53662109375,-2.35986328125,-0.3419189453125,0.63720703125
10.068,384,2519,1981,1343,22.0,20.0,12.0,-39.85595703125,-26.489255905151367,-31.616209030151367,-2.6988525390625,-0.73388671875,0.5657958984375
10.077,404,2464,1952,1397,22.0,20.0,12.0,-39.85595703125,-26.489255905151367,-31.616209030151367,-2.502685546875,-0.74462890625,0.490478515625
10.089,402,2587,1807,1214,22.0,20.0,12.0,44.799800872802734,-18.98193359375,-30.395505905151367,-1.6566162109375,-0.4482421875,0.403564453125
10.098,402,2458,1912,1395,27.0,22.0,7.0,74.0966796875,-14.343260765075684,-26.062009811401367,-0.9173583984375,-0.213134765625,0.4539794921875
10.106,413,2412,1900,1424,27.0,22.0,7.0,74.0966796875,-14.343260765075684,-26.062009811401367,-1.0260009765625,-0.182373046875,0.575927734375
10.121,409,2424,1761,1290,27.0,22.0,7.0,29.541013717651367,0.3662109076976776,15.197752952575684,-1.60986328125,-0.1387939453125,0.572998046875
10.128,409,2494,1850,1429,27.0,22.0,7.0,29.541013717651367,0.3662109076976776,15.197752952575684,-1.970947265625,0.0635986328125,0.48779296875
10.137,410,2345,1834,1424,27.0,22.0,7.0,-9.033203125,6.713866710662842,34.7900390625,-1.970947265625,0.0635986328125,0.48779296875
10.161,401,2203,1722,1189,27.0,22.0,7.0,-37.90283203125,3.784179449081421,32.77587890625,-1.523681640625,0.3077392578125,0.4267578125
10.161,390,2155,1826,1268,27.0,22.0,7.0,-37.90283203125,3.784179449081421,32.77587890625,-1.2628173828125,0.2352294921875,0.4012451171875
10.166,390,2026,1789,1231,27.0,22.0,7.0,-47.302242279052734,6.347655773162842,23.803709030151367,-1.2628173828125,0.2352294921875,0.4012451171875
10.181,391,1855,1623,1103,27.0,22.0,7.0,-60.607906341552734,18.5546875,16.11328125,-1.08251953125,-0.0604248046875,0.4549560546875
10.188,398,1792,1627,1198,27.0,22.0,7.0,-60.607906341552734,18.5546875,16.11328125,-1.071044921875,-0.1007080078125,0.4832763671875
10.196,387,1735,1547,1155,24.0,23.0,5.0,-60.363765716552734,21.728513717651367,19.04296875,-1.071044921875,-0.1007080078125,0.4832763671875
10.213,364,1627,1260,958,24.0,23.0,5.0,-44.921871185302734,26.977537155151367,31.249998092651367,-0.940185546875,-0.007080078125,0.2525634765625
10.219,354,1602,1167,949,24.0,23.0,5.0,-44.921871185302734,26.977537155151367,31.249998092651367,-0.8463134765625,0.037353515625,0.093017578125
10.227,330,1534,1005,869,24.0,23.0,5.0,-23.742673873901367,31.188962936401367,35.94970703125,-0.8463134765625,0.037353515625,0.093017578125
10.265,315,1355,803,739,24.0,23.0,5.0,22.094724655151367,34.66796875,42.358394622802734,-0.5908203125,-0.0289306640625,0.048583984375
10.265,307,1278,778,741,24.0,23.0,5.0,22.094724655151367,34.66796875,42.358394622802734,-0.459228515625,-0.1680908203125,0.1331787109375
10.266,299,1275,740,673,24.0,23.0,5.0,45.410152435302734,35.46142578125,44.494625091552734,-0.459228515625,-0.1680908203125,0.1331787109375
10.270,292,1067,646,653,24.0,23.0,5.0,102.66112518310547,47.424312591552734,43.151851654052734,-0.4056396484375,-0.41552734375,0.1865234375
10.283,282,971,604,619,24.0,23.0,5.0,102.66112518310547,47.424312591552734,43.151851654052734,-0.431640625,-0.2646484375,0.1881103515625
10.286,279,883,590,594,24.0,23.0,5.0,131.65283203125,56.762691497802734,40.10009765625,-0.431640625,-0.2646484375,0.1881103515625
10.300,280,837,567,551,22.0,27.0,8.0,139.16015625,54.931636810302734,30.029294967651367,-0.486328125,0.3416748046875,0.37109375
10.308,280,761,567,625,22.0,27.0,8.0,139.16015625,54.931636810302734,30.029294967651367,-0.5657958984375,0.490966796875,0.4195556640625
10.317,277,759,574,619,22.0,27.0,8.0,106.68944549560547,40.222164154052734,27.404783248901367,-0.5657958984375,0.490966796875,0.4195556640625
10.330,277,780,553,601,22.0,27.0,8.0,64.02587890625,26.489255905151367,25.939939498901367,-0.7314453125,0.3717041015625,0.198486328125
10.338,279,814,571,644,22.0,27.0,8.0,29.724119186401367,20.324705123901367,23.559568405151367,-0.7314453125,0.3717041015625,0.198486328125
10.377,279,894,569,644,22.0,27.0,8.0,14.831542015075684,18.61572265625,20.01953125,-0.784423828125,0.2691650390625,0.0716552734375
10.378,275,946,545,640,22.0,27.0,8.0,14.526366233825684,13.366698265075684,15.502928733825684,-0.8359375,0.1353759765625,-0.0208740234375
10.378,281,984,554,689,22.0,27.0,8.0,16.7236328125,2.25830078125,11.474608421325684,-0.8359375,0.1353759765625,-0.0208740234375
10.380,282,1101,572,644,22.0,27.0,8.0,15.808104515075684,-10.681151390075684,9.33837890625,-0.834716796875,0.1011962890625,-0.0155029296875
10.390,280,1202,555,605,21.0,25.0,11.0,11.169432640075684,-22.399900436401367,10.070799827575684,-0.909423828125,0.1217041015625,0.031005859375
10.398,280,1236,576,658,21.0,25.0,11.0,3.906249761581421,-33.87451171875,13.366698265075684,-0.909423828125,0.1217041015625,0.031005859375
10.406,280,1281,571,673,21.0,25.0,11.0,-2.990722417831421,-45.654293060302734,16.66259765625,-0.915283203125,0.1199951171875,0.0526123046875
10.420,282,1348,536,644,21.0,25.0,11.0,-8.23974609375,-55.419918060302734,17.08984375,-0.8983154296875,0.1614990234375,0.1494140625
10.429,282,1424,605,723,21.0,25.0,11.0,-14.465331077575684,-61.462398529052734,14.099120140075684,-0.8983154296875,0.1614990234375,0.1494140625
10.436,294,1400,561,788,21.0,25.0,11.0,-24.291990280151367,-61.828609466552734,8.056640625,-0.8031005859375,0.1502685546875,0.1873779296875
10.465,304,1529,617,780,21.0,25.0,11.0,-38.02490234375,-56.030269622802734,-1.4648436307907104,-0.4188232421875,0.1978759765625,0.2041015625
10.480,308,1555,725,855,21.0,25.0,11.0,-55.236812591552734,-46.691890716552734,-15.930174827575684,-0.4188232421875,0.1978759765625,0.2041015625
10.483,327,1516,758,938,21.0,25.0,11.0,-76.904296875,-33.935546875,-37.2314453125,-0.1397705078125,0.182861328125,0.1236572265625
10.485,371,1546,976,1024,21.0,25.0,11.0,-103.45458221435547,-19.34814453125,-62.622066497802734,0.1021728515625,-0.1693115234375,0.142822265625
10.489,416,1640,1091,1219,23.0,27.0,11.0,-125.79344940185547,-7.995604991912842,-83.49608612060547,0.1021728515625,-0.1693115234375,0.142822265625
10.496,447,1681,1289,1359,23.0,27.0,11.0,-121.21581268310547,0.9765624403953552,-91.73583221435547,-0.112548828125,-0.3455810546875,0.3294677734375
10.510,465,1895,1334,1404,23.0,27.0,11.0,-77.0263671875,8.056640625,-82.88573455810547,-0.6619873046875,0.0731201171875,0.646240234375
10.519,465,2035,1464,1548,23.0,27.0,11.0,-16.4794921875,7.995604991912842,-59.814449310302734,-0.6619873046875,0.0731201171875,0.646240234375
10.526,458,2151,1524,1543,23.0,27.0,11.0,26.184080123901367,-3.601073980331421,-33.02001953125,-0.872802734375,0.5269775390625,0.666259765625
10.539,430,2310,1596,1355,23.0,27.0,11.0,32.470703125,-24.597166061401367,-14.709471702575684,-1.17919921875,0.5609130859375,0.7481689453125
10.548,398,2521,1774,1411,23.0,27.0,11.0,8.36181640625,-45.166011810302734,-9.521484375,-1.17919921875,0.5609130859375,0.7481689453125
10.567,401,2448,1796,1380,23.0,27.0,11.0,-13.244627952575684,-51.330562591552734,-10.925292015075684,-1.4990234375,0.20751953125,0.7174072265625
10.570,351,2632,1733,1343,23.0,27.0,11.0,-4.21142578125,-35.2783203125,-9.46044921875,-2.102783203125,0.0780029296875,0.479248046875
10.579,401,2435,1840,1411,23.0,27.0,11.0,19.10400390625,-10.620116233825684,-11.901854515075684,-2.660400390625,-0.1409912109375,0.236328125
10.589,402,2514,1826,1386,22.0,23.0,7.0,32.8369140625,5.0048828125,-27.526853561401367,-2.7452392578125,-0.3885498046875,0.1414794921875
10.600,402,2366,1757,1260,22.0,23.0,7.0,42.297359466552734,11.718749046325684,-45.471187591552734,-2.03515625,-0.294921875,0.173828125
10.608,411,2328,1828,1411,22.0,23.0,7.0,53.344722747802734,14.770506858825684,-55.908199310302734,-1.1239013671875,-0.056884765625,0.31982421875
10.616,403,2308,1838,1398,22.0,23.0,7.0,45.837398529052734,17.76123046875,-50.720211029052734,-0.9830322265625,0.083740234375,0.4639892578125
10.630,418,2271,1705,1267,22.0,23.0,7.0,-4.638671875,21.911619186401367,-25.085447311401367,-1.498291015625,0.0400390625,0.435546875
10.638,411,2158,1813,1371,22.0,23.0,7.0,-65.97900390625,20.507810592651367,6.530761241912842,-1.931640625,-0.083251953125,0.34033203125
10.646,406,2093,1819,1330,22.0,23.0,7.0,-89.29442596435547,8.72802734375,26.733396530151367,-1.932373046875,-0.18115234375,0.314697265625
10.671,398,1970,1678,1162,22.0,23.0,7.0,-77.1484375,-6.958007335662842,36.1328125,-1.6668701171875,-0.2003173828125,0.3211669921875
10.671,400,1888,1766,1149,22.0,23.0,7.0,-58.532711029052734,-19.47021484375,45.104976654052734,-1.3839111328125,-0.17822265625,0.337646484375
10.676,398,1824,1732,1224,22.0,23.0,7.0,-45.959468841552734,-27.709959030151367,54.870601654052734,-1.191650390625,-0.1514892578125,0.41796875
10.691,376,1687,1557,1027,22.0,26.0,2.0,-39.1845703125,-29.968259811401367,60.729976654052734,-1.0963134765625,-0.0465087890625,0.5552978515625
10.700,369,1616,1541,1089,22.0,26.0,2.0,-39.00146484375,-22.827146530151367,61.462398529052734,-1.0478515625,0.0758056640625,0.608154296875
10.706,364,1564,1397,1032,22.0,26.0,2.0,-38.2080078125,-6.347655773162842,57.861324310302734,-0.99267578125,0.12060546875,0.500244140625
10.721,348,1437,1078,853,22.0,26.0,2.0,-25.024412155151367,14.282225608825684,50.781246185302734,-0.922607421875,0.1505126953125,0.31591796875
10.730,334,1362,978,841,22.0,26.0,2.0,-2.746581792831421,33.3251953125,42.175289154052734,-0.8392333984375,0.2049560546875,0.1566162109375
10.737,318,1253,888,780,22.0,26.0,2.0,15.563963890075684,48.339839935302734,34.0576171875,-0.719970703125,0.225341796875,0.0791015625
10.750,304,1010,780,687,22.0,26.0,2.0,28.747556686401367,60.424800872802734,27.465818405151367,-0.5758056640625,0.1361083984375,0.0755615234375
10.773,292,845,707,601,22.0,26.0,2.0,44.128414154052734,71.35009765625,21.545408248901367,-0.4859619140625,-0.057373046875,0.097900390625
10.774,291,614,683,546,22.0,26.0,2.0,65.12451171875,81.78710174560547,15.991209983825684,-0.4903564453125,-0.1864013671875,0.12939453125
10.780,277,472,620,465,20.0,28.0,10.0,86.79198455810547,89.53856658935547,11.779784202575684,-0.5091552734375,-0.1273193359375,0.189208984375
10.801,277,470,614,480,20.0,28.0,10.0,97.83934783935547,89.66063690185547,8.36181640625,-0.4879150390625,0.061767578125,0.2877197265625
10.842,279,485,603,481,20.0,28.0,10.0,89.23339080810547,78.55224609375,6.164550304412842,-0.4654541015625,0.25146484375,0.3887939453125
10.846,279,497,587,473,20.0,28.0,10.0,63.415523529052734,59.631343841552734,6.164550304412842,-0.4580078125,0.2998046875,0.380615234375
10.846,278,481,594,509,20.0,28.0,10.0,36.56005859375,43.212886810302734,6.713866710662842,-0.510009765625,0.237548828125,0.251708984375
10.846,277,512,601,496,20.0,28.0,10.0,24.169919967651367,32.2265625,8.544921875,-0.598876953125,0.1688232421875,0.158203125
10.846,279,537,600,478,20.0,28.0,10.0,23.498533248901367,20.01953125,12.268065452575684,-0.587890625,0.0733642578125,0.1507568359375
10.848,279,562,625,490,20.0,28.0,10.0,26.123044967651367,5.554198741912842,14.526366233825684,-0.488037109375,-0.048095703125,0.1337890625
10.856,279,562,639,496,20.0,28.0,10.0,29.541013717651367,-4.94384765625,13.916014671325684,-0.42431640625,-0.14306640625,0.0762939453125
10.876,279,614,620,490,20.0,28.0,10.0,33.50830078125,-7.873534679412842,12.207030296325684,-0.48193359375,-0.1636962890625,0.053466796875
10.878,280,705,631,539,22.0,29.0,10.0,40.954586029052734,-6.774901866912842,10.314940452575684,-0.653564453125,-0.0755615234375,0.13330078125
10.886,280,855,620,586,22.0,29.0,10.0,53.344722747802734,-8.23974609375,9.6435546875,-0.8155517578125,0.096435546875,0.269775390625
10.904,282,1078,559,601,22.0,29.0,10.0,63.659664154052734,-13.305663108825684,9.6435546875,-0.8824462890625,0.2930908203125,0.322998046875
10.908,282,1188,575,667,22.0,29.0,10.0,59.570308685302734,-18.9208984375,6.530761241912842,-0.902099609375,0.4560546875,0.239501953125
10.915,286,1280,573,693,22.0,29.0,10.0,34.1796875,-25.512693405151367,-2.38037109375,-0.9200439453125,0.4979248046875,0.0948486328125
10.931,294,1382,579,695,22.0,29.0,10.0,-3.112792730331421,-34.85107421875,-14.953612327575684,-0.9088134765625,0.3724365234375,-0.021484375
10.939,307,1428,647,799,22.0,29.0,10.0,-32.8369140625,-46.264644622802734,-25.573728561401367,-0.811279296875,0.1962890625,-0.0078125
10.945,307,1583,632,840,22.0,29.0,10.0,-45.410152435302734,-57.617183685302734,-32.5927734375,-0.652099609375,0.1075439453125,0.1370849609375
10.977,359,1529,951,972,22.0,29.0,10.0,-57.373043060302734,-59.631343841552734,-53.955074310302734,-0.233642578125,0.017333984375,0.0958251953125
10.978,364,1555,1116,1122,25.0,27.0,8.0,-77.33154296875,-46.020503997802734,-71.83837890625,-0.044189453125,0.000244140625,-0.109375
10.991,388,1766,1398,1074,25.0,27.0,8.0,-105.22460174560547,-32.8369140625,-85.69335174560547,-0.1181640625,-0.10595703125,-0.0953369140625
11.007,439,1759,1508,1318,25.0,27.0,8.0,-112.60985565185547,-26.123044967651367,-81.84813690185547,-0.378662109375,-0.1878662109375,0.1361083984375
11.007,447,1874,1584,1397,25.0,27.0,8.0,-83.06884002685547,-19.6533203125,-60.058589935302734,-0.7205810546875,-0.09326171875,0.271728515625
11.019,485,1948,1590,1419,25.0,27.0,8.0,-42.114253997802734,-11.413573265075684,-34.60693359375,-1.1063232421875,0.168212890625,0.298828125
11.029,481,2023,1711,1555,25.0,27.0,8.0,-23.559568405151367,-11.718749046325684,-16.78466796875,-1.4588623046875,0.489990234375,0.3963623046875
11.038,464,2114,1759,1516,25.0,27.0,8.0,-23.559568405151367,-11.718749046325684,-16.78466796875,-1.7586669921875,0.5177001953125,0.5
11.050,426,2226,1852,1294,25.0,27.0,8.0,-65.185546875,-36.4990234375,-1.220703125,-1.9915771484375,0.1160888671875,0.4664306640625
11.058,418,2280,1920,1417,25.0,27.0,8.0,-60.729976654052734,-40.832515716552734,-0.30517578125,-2.0958251953125,-0.3427734375,0.46044921875
11.080,424,2368,1936,1434,25.0,27.0,8.0,-60.729976654052734,-40.832515716552734,-0.30517578125,-2.0419921875,-0.5322265625,0.6529541015625
11.080,424,2255,1881,1334,22.0,22.0,6.0,18.00537109375,-33.87451171875,-20.446775436401367,-1.87841796875,-0.3712158203125,0.833251953125
11.088,418,2266,1899,1419,22.0,22.0,6.0,44.799800872802734,-17.4560546875,-24.597166061401367,-1.5035400390625,-0.0479736328125,0.7752685546875
11.096,417,2286,1881,1437,22.0,22.0,6.0,44.799800872802734,-17.4560546875,-24.597166061401367,-1.0916748046875,0.1444091796875,0.6019287109375
11.111,430,2217,1791,1289,22.0,22.0,6.0,50.659175872802734,23.742673873901367,-24.414060592651367,-1.15673828125,0.1575927734375,0.4658203125
11.118,415,2151,1881,1390,22.0,22.0,6.0,20.080564498901367,36.43798828125,-17.39501953125,-1.5953369140625,0.0748291015625,0.349609375
11.126,426,2087,1890,1387,22.0,22.0,6.0,20.080564498901367,36.43798828125,-17.39501953125,-1.8731689453125,-0.0064697265625,0.2635498046875
11.140,417,1967,1754,1214,22.0,22.0,6.0,-39.24560546875,30.517576217651367,-0.4882812201976776,-1.7987060546875,-0.0435791015625,0.248046875
11.151,426,1826,1819,1372,22.0,22.0,6.0,-37.29248046875,18.00537109375,2.01416015625,-1.54345703125,-0.055908203125,0.283203125
11.156,418,1894,1770,1294,22.0,22.0,6.0,-37.29248046875,18.00537109375,2.01416015625,-1.30615234375,-0.07861328125,0.3255615234375
11.184,401,1739,1635,1117,22.0,22.0,6.0,-26.306150436401367,2.3193359375,10.803221702575684,-1.1683349609375,-0.08056640625,0.3731689453125
11.185,402,1653,1652,1201,22.0,22.0,7.0,-24.230955123901367,-3.845214605331421,19.83642578125,-1.1138916015625,-0.0465087890625,0.4061279296875
11.186,411,2017,1766,912,22.0,22.0,7.0,-24.230955123901367,-3.845214605331421,19.83642578125,-1.080322265625,-0.0126953125,0.3638916015625
11.196,379,1541,1483,1070,22.0,22.0,7.0,-25.207517623901367,-9.765625,31.249998092651367,-1.080322265625,-0.0126953125,0.3638916015625
11.209,363,1427,1220,883,22.0,22.0,7.0,-17.4560546875,-13.305663108825684,50.903316497802734,-0.9696044921875,-0.0345458984375,0.119873046875
11.218,359,1385,1108,913,22.0,22.0,7.0,-17.4560546875,-13.305663108825684,50.903316497802734,-0.8697509765625,-0.1441650390625,0.016845703125
11.225,344,1318,998,846,22.0,22.0,7.0,-7.507323741912842,-12.451170921325684,56.945796966552734,-0.8697509765625,-0.1441650390625,0.016845703125
11.240,321,1173,842,693,22.0,22.0,7.0,27.770994186401367,0.8544921278953552,60.852046966552734,-0.6053466796875,-0.2452392578125,0.032470703125
11.247,316,1076,869,683,22.0,22.0,7.0,27.770994186401367,0.8544921278953552,60.852046966552734,-0.494384765625,-0.175537109375,0.1240234375
11.255,309,988,746,675,22.0,22.0,7.0,53.894039154052734,14.709471702575684,58.044429779052734,-0.494384765625,-0.175537109375,0.1240234375
11.284,293,814,669,561,22.0,22.0,7.0,88.68407440185547,55.114742279052734,37.41455078125,-0.5355224609375,-0.1109619140625,0.2518310546875
11.284,292,711,666,572,19.0,26.0,7.0,88.68407440185547,55.114742279052734,37.41455078125,-0.5784912109375,0.1094970703125,0.309326171875
11.285,280,646,644,526,19.0,26.0,7.0,99.54833221435547,70.98388671875,26.245115280151367,-0.5784912109375,0.1094970703125,0.309326171875
11.300,282,559,618,523,19.0,26.0,7.0,85.02196502685547,62.316890716552734,10.803221702575684,-0.531494140625,0.5303955078125,0.4249267578125
11.308,281,523,625,539,19.0,26.0,7.0,85.02196502685547,62.316890716552734,10.803221702575684,-0.540771484375,0.4803466796875,0.3856201171875
11.315,280,527,621,540,19.0,26.0,7.0,48.889156341552734,41.625972747802734,7.324218273162842,-0.540771484375,0.4803466796875,0.3856201171875
11.328,282,600,617,499,19.0,26.0,7.0,-3.967284917831421,14.770506858825684,5.187987804412842,-0.65283203125,0.1407470703125,0.15771484375
11.338,286,614,631,527,19.0,26.0,7.0,-3.967284917831421,14.770506858825684,5.187987804412842,-0.7288818359375,0.0343017578125,0.07666015625
11.346,289,671,630,536,19.0,26.0,7.0,-0.4882812201976776,8.9111328125,5.187987804412842,-0.7288818359375,0.0343017578125,0.07666015625
11.359,280,737,620,527,19.0,26.0,7.0,12.390135765075684,2.3193359375,5.798339366912842,-0.8306884765625,0.002685546875,0.0745849609375
11.367,281,778,620,567,19.0,26.0,7.0,23.071287155151367,-5.920409679412842,7.141112804412842,-0.8306884765625,0.002685546875,0.0745849609375
11.386,280,830,604,579,21.0,27.0,7.0,26.916501998901367,-14.099120140075684,9.46044921875,-0.85498046875,0.047607421875,0.11572265625
11.389,279,951,594,614,21.0,27.0,7.0,24.780271530151367,-20.385740280151367,12.145995140075684,-0.848876953125,0.1300048828125,0.1553955078125
11.397,280,1026,582,625,21.0,27.0,7.0,18.9208984375,-24.780271530151367,13.610838890075684,-0.848876953125,0.1300048828125,0.1553955078125
11.407,281,1131,588,645,21.0,27.0,7.0,11.718749046325684,-28.076169967651367,12.023924827575684,-0.825439453125,0.1181640625,0.1214599609375
11.419,291,1211,546,656,21.0,27.0,7.0,5.493163585662842,-31.799314498901367,7.934569835662842,-0.757080078125,0.1341552734375,0.0501708984375
11.432,294,1357,593,738,21.0,27.0,7.0,0.4882812201976776,-37.41455078125,3.112792730331421,-0.757080078125,0.1341552734375,0.0501708984375
11.435,299,1398,646,766,21.0,27.0,7.0,-5.0048828125,-45.104976654052734,-2.25830078125,-0.64501953125,0.1593017578125,0.0623779296875
11.449,318,1445,731,815,21.0,27.0,7.0,-11.291502952575684,-52.856441497802734,-10.742186546325684,-0.26220703125,0.1826171875,0.2054443359375
11.457,336,1490,853,927,21.0,27.0,7.0,-18.85986328125,-57.189937591552734,-25.695798873901367,-0.26220703125,0.1826171875,0.2054443359375
11.465,346,1577,1042,951,21.0,27.0,7.0,-34.85107421875,-53.833003997802734,-48.706050872802734,-0.0396728515625,0.200439453125,0.1728515625
11.496,388,1686,1306,1003,23.0,24.0,6.0,-71.96044921875,-39.55078125,-75.86669921875,-0.267578125,-0.15673828125,0.0946044921875
11.496,438,1711,1440,1292,23.0,24.0,6.0,-117.12645721435547,-19.4091796875,-92.52928924560547,-0.267578125,-0.15673828125,0.0946044921875
11.497,455,2047,1359,1357,23.0,24.0,6.0,-120.36132049560547,-4.638671875,-87.52440643310547,-0.5167236328125,-0.287841796875,0.3179931640625
11.510,465,1996,1544,1359,23.0,24.0,6.0,-70.49560546875,1.3427733182907104,-67.68798828125,-0.9384765625,0.3775634765625,0.397216796875
11.518,481,2076,1662,1540,23.0,24.0,6.0,-18.61572265625,-2.624511480331421,-44.067378997802734,-0.9384765625,0.3775634765625,0.397216796875
11.525,466,2111,1709,1541,23.0,24.0,6.0,-1.4038084745407104,-19.775390625,-25.573728561401367,-1.087158203125,0.5928955078125,0.495361328125
11.539,430,2367,1769,1294,23.0,24.0,6.0,-11.413573265075684,-44.555660247802734,-17.88330078125,-1.2659912109375,0.1973876953125,0.914306640625
11.548,418,2333,1878,1422,23.0,24.0,6.0,-28.015134811401367,-64.5751953125,-16.66259765625,-1.2659912109375,0.1973876953125,0.914306640625
11.555,426,2407,1848,1404,23.0,24.0,6.0,-31.799314498901367,-66.5283203125,-11.108397483825684,-1.7508544921875,-0.13671875,0.748291015625
11.570,424,2370,1816,1328,22.0,22.0,7.0,-13.549803733825684,-47.485347747802734,0.6103515625,-2.546875,-0.5826416015625,0.3359375
11.593,426,2445,1908,1441,22.0,22.0,7.0,12.573241233825684,-25.878904342651367,0.6103515625,-2.546875,-0.5826416015625,0.3359375
11.594,424,2498,1862,1472,22.0,22.0,7.0,38.2080078125,-13.000487327575684,-15.624999046325684,-2.0947265625,-0.468994140625,0.4866943359375
11.601,424,2395,1860,1469,22.0,22.0,7.0,63.842769622802734,1.15966796875,-31.494138717651367,-1.3031005859375,-0.036376953125,0.5667724609375
11.607,431,2354,1837,1488,22.0,22.0,7.0,74.3408203125,18.98193359375,-37.41455078125,-0.91552734375,0.24853515625,0.522216796875
11.615,418,2368,1864,1468,22.0,22.0,7.0,45.837398529052734,32.5927734375,-28.808591842651367,-1.229736328125,0.2080078125,0.4027099609375
11.628,438,2260,1746,1331,22.0,22.0,7.0,-12.329100608825684,37.90283203125,-9.1552734375,-1.7437744140625,0.0753173828125,0.28955078125
11.645,431,2190,1842,1456,22.0,22.0,7.0,-57.312007904052734,32.71484375,7.202147960662842,-1.9290771484375,0.0135498046875,0.2728271484375
11.647,371,2231,1700,1319,22.0,22.0,7.0,-70.98388671875,20.324705123901367,12.573241233825684,-1.7467041015625,-0.0377197265625,0.318603515625
11.662,417,1968,1730,1243,22.0,22.0,7.0,-65.97900390625,9.46044921875,13.366698265075684,-1.4541015625,-0.0849609375,0.3468017578125
11.667,423,1954,1766,1320,24.0,22.0,9.0,-57.556148529052734,2.563476324081421,18.12744140625,-1.2200927734375,-0.1500244140625,0.3792724609375
11.675,416,1798,1742,1303,24.0,22.0,9.0,-51.513668060302734,-3.540038824081421,28.320310592651367,-1.101318359375,-0.2239990234375,0.437255859375
11.693,402,1721,1561,1101,24.0,22.0,9.0,-47.302242279052734,-8.056640625,41.442867279052734,-1.064208984375,-0.1851806640625,0.49560546875
11.697,402,1693,1516,1163,24.0,22.0,9.0,-42.907711029052734,-6.835937023162842,51.940914154052734,-1.042724609375,-0.0743408203125,0.4637451171875
11.705,383,1590,1422,1108,24.0,22.0,9.0,-34.48486328125,2.990722417831421,54.626461029052734,-1.0186767578125,0.0079345703125,0.3138427734375
11.721,371,1478,1157,912,24.0,22.0,9.0,-21.179197311401367,17.578125,50.659175872802734,-0.983154296875,0.067626953125,0.1590576171875
11.727,353,1440,1042,918,24.0,22.0,9.0,-8.6669921875,29.602048873901367,44.982906341552734,-0.9151611328125,0.108642578125,0.095703125
11.735,332,1343,912,860,24.0,22.0,9.0,0.9765624403953552,36.19384765625,40.649410247802734,-0.7998046875,0.1143798828125,0.118408203125
11.754,316,1176,731,710,24.0,22.0,9.0,11.047362327575684,40.588375091552734,37.4755859375,-0.6588134765625,0.0494384765625,0.15576171875
11.760,304,1095,706,707,24.0,22.0,9.0,26.489255905151367,47.607418060302734,33.5693359375,-0.568115234375,-0.09326171875,0.1656494140625
11.766,299,986,788,545,22.0,26.0,7.0,47.851558685302734,57.006832122802734,27.709959030151367,-0.5606689453125,-0.2191162109375,0.1732177734375
11.799,280,588,594,508,22.0,26.0,7.0,69.27490234375,63.720699310302734,21.911619186401367,-0.5506591796875,-0.187255859375,0.2001953125
11.800,282,546,598,512,22.0,26.0,7.0,84.04540252685547,63.964839935302734,19.53125,-0.4659423828125,-0.006591796875,0.2445068359375
11.800,279,499,605,514,22.0,26.0,7.0,87.28026580810547,57.434078216552734,20.874021530151367,-0.3797607421875,0.1558837890625,0.3157958984375
11.817,280,527,598,485,22.0,26.0,7.0,78.43017578125,45.471187591552734,23.742673873901367,-0.4010009765625,0.2464599609375,0.3643798828125
11.820,282,574,598,482,22.0,26.0,7.0,60.913082122802734,31.738279342651367,27.160642623901367,-0.48486328125,0.2906494140625,0.3402099609375
11.827,286,576,617,513,22.0,26.0,7.0,41.809078216552734,20.385740280151367,29.174802780151367,-0.541259765625,0.2822265625,0.2723388671875
11.839,282,582,598,536,22.0,26.0,7.0,30.700681686401367,11.840819358825684,27.343748092651367,-0.571044921875,0.2188720703125,0.193359375
11.861,287,689,614,578,22.0,26.0,7.0,31.860349655151367,4.82177734375,22.216794967651367,-0.5928955078125,0.118408203125,0.1236572265625
11.861,282,787,579,597,22.0,26.0,7.0,41.870113372802734,-1.3427733182907104,15.686034202575684,-0.621337890625,0.0357666015625,0.110107421875
11.870,286,1038,548,628,20.0,27.0,9.0,53.039546966552734,-7.995604991912842,9.70458984375,-0.66796875,0.0111083984375,0.1668701171875
11.878,280,1094,567,660,20.0,27.0,9.0,57.617183685302734,-16.05224609375,6.103515148162842,-0.7344970703125,0.0631103515625,0.2288818359375
11.902,283,1163,564,679,20.0,27.0,9.0,53.466793060302734,-24.719236373901367,5.493163585662842,-0.80908203125,0.1600341796875,0.2366943359375
11.903,282,1273,572,689,20.0,27.0,9.0,41.564937591552734,-33.02001953125,6.103515148162842,-0.8702392578125,0.231201171875,0.178466796875
11.908,289,1366,562,720,20.0,27.0,9.0,23.742673873901367,-41.015621185302734,6.042479991912842,-0.91357421875,0.237548828125,0.086181640625
11.921,289,1382,568,737,20.0,27.0,9.0,4.150390625,-49.621578216552734,5.493163585662842,-0.9356689453125,0.193603515625,0.0408935546875
11.930,292,1452,548,763,20.0,27.0,9.0,-12.512206077575684,-60.180660247802734,4.69970703125,-0.896728515625,0.1314697265625,0.087158203125
11.939,297,1506,630,809,20.0,27.0,9.0,-26.672361373901367,-70.25146484375,1.4648436307907104,-0.797119140625,0.0972900390625,0.164306640625
11.946,306,1557,694,846,20.0,27.0,9.0,-42.846675872802734,-73.18115234375,-6.713866710662842,-0.684326171875,0.11083984375,0.1810302734375
11.964,328,1643,787,842,23.0,22.0,7.0,-65.185546875,-63.781734466552734,-21.057126998901367,-0.55615234375,0.09326171875,0.095458984375
11.968,334,1759,840,951,23.0,22.0,7.0,-93.74999237060547,-44.555660247802734,-39.61181640625,-0.4404296875,-0.037841796875,0.0009765625
11.976,346,1730,1039,1018,23.0,22.0,7.0,-111.45018768310547,-26.245115280151367,-54.992671966552734,-0.39453125,-0.21142578125,0.061767578125
12.003,389,1785,1204,1162,23.0,22.0,7.0,-93.99413299560547,-16.29638671875,-61.401363372802734,-0.3905029296875,-0.2838134765625,0.234375
12.003,428,1855,1370,1336,23.0,22.0,7.0,-47.851558685302734,-10.681151390075684,-61.035152435302734,-0.4302978515625,-0.1669921875,0.367919921875
12.006,440,2053,1422,1424,23.0,22.0,7.0,-6.958007335662842,-5.676269054412842,-55.480953216552734,-0.549072265625,0.0985107421875,0.364013671875
12.021,447,2170,1440,1390,23.0,22.0,7.0,12.207030296325684,-3.173827886581421,-42.724605560302734,-0.715576171875,0.4169921875,0.286376953125
12.028,445,2288,1590,1519,23.0,22.0,7.0,15.258788108825684,-8.97216796875,-26.306150436401367,-0.8734130859375,0.71044921875,0.2996826171875
12.036,434,2340,1681,1526,23.0,22.0,7.0,-1.4648436307907104,-23.254392623901367,-16.17431640625,-1.02392578125,0.6405029296875,0.4647216796875
12.053,424,2473,1686,1357,23.0,22.0,7.0,-31.555173873901367,-35.21728515625,-15.624999046325684,-1.2850341796875,0.2391357421875,0.6654052734375
12.059,441,2514,1798,1523,22.0,22.0,10.0,-51.269527435302734,-32.77587890625,-15.686034202575684,-1.6630859375,0.0853271484375,0.757568359375
12.076,442,2471,1848,1363,22.0,22.0,10.0,-51.513668060302734,-17.08984375,-13.854979515075684,-2.0360107421875,0.1290283203125,0.7440185546875
12.080,439,2430,1840,1536,22.0,22.0,10.0,-42.053218841552734,-0.3662109076976776,-19.53125,-2.2579345703125,-0.10888671875,0.66259765625
12.105,441,2424,1847,1547,22.0,22.0,10.0,-28.991697311401367,12.634276390075684,-32.71484375,-2.1455078125,-0.41552734375,0.5435791015625
12.106,438,2461,1824,1527,22.0,22.0,10.0,-6.530761241912842,23.193357467651367,-41.503902435302734,-1.5947265625,-0.381103515625,0.4415283203125
12.110,432,2396,1878,1536,22.0,22.0,10.0,22.583005905151367,30.639646530151367,-41.259761810302734,-1.10302734375,-0.13525390625,0.4432373046875
12.118,433,2340,1854,1536,22.0,22.0,10.0,29.479978561401367,35.888671875,-32.16552734375,-1.2037353515625,0.0196533203125,0.4644775390625
12.126,440,2296,1850,1534,22.0,22.0,10.0,-1.15966796875,40.222164154052734,-14.770506858825684,-1.60107421875,-0.0010986328125,0.3736572265625
12.139,430,2210,1715,1357,22.0,22.0,10.0,-36.2548828125,38.2080078125,2.25830078125,-1.810791015625,-0.083984375,0.2689208984375
12.148,433,2144,1803,1478,22.0,22.0,10.0,-48.645015716552734,26.733396530151367,12.390135765075684,-1.71435546875,-0.149169921875,0.242431640625
12.166,430,2078,1786,1434,25.0,23.0,8.0,-45.471187591552734,13.305663108825684,19.10400390625,-1.4805908203125,-0.16357421875,0.2440185546875
12.177,404,2004,1770,1341,25.0,23.0,8.0,-38.87939453125,2.746581792831421,27.770994186401367,-1.268310546875,-0.1627197265625,0.2630615234375
12.178,402,1973,1529,1236,25.0,23.0,8.0,-33.14208984375,-7.202147960662842,39.00146484375,-1.1446533203125,-0.1795654296875,0.3250732421875
12.186,401,1820,1665,1241,25.0,23.0,8.0,-33.14208984375,-7.202147960662842,39.00146484375,-1.09716796875,-0.16015625,0.4140625
12.206,385,1713,1416,1056,25.0,23.0,8.0,-22.705076217651367,-18.24951171875,57.495113372802734,-1.0643310546875,-0.0902099609375,0.441162109375
12.208,371,1772,1283,1010,25.0,23.0,8.0,-12.084959983825684,-10.253905296325684,57.250972747802734,-1.0059814453125,0.0089111328125,0.352783203125
12.216,364,1611,1267,1042,25.0,23.0,8.0,-12.084959983825684,-10.253905296325684,57.250972747802734,-0.9268798828125,0.1351318359375,0.234130859375
12.230,338,1546,976,846,25.0,23.0,8.0,14.526366233825684,20.507810592651367,42.541500091552734,-0.8328857421875,0.2498779296875,0.169189453125
12.238,332,1478,912,869,25.0,23.0,8.0,20.202634811401367,30.944822311401367,35.888671875,-0.72705078125,0.300537109375,0.154052734375
12.246,324,1387,815,841,25.0,23.0,8.0,20.202634811401367,30.944822311401367,35.888671875,-0.628173828125,0.2509765625,0.1593017578125
12.261,314,1231,689,684,23.0,25.0,2.0,32.04345703125,43.457027435302734,28.808591842651367,-0.55712890625,0.114501953125,0.161376953125
12.270,304,1108,666,653,23.0,25.0,2.0,43.762203216552734,50.170894622802734,24.719236373901367,-0.5162353515625,-0.007080078125,0.1463623046875
12.286,292,975,625,648,23.0,25.0,2.0,43.762203216552734,50.170894622802734,24.719236373901367,-0.48486328125,-0.03759765625,0.146484375
12.290,289,788,631,578,23.0,25.0,2.0,71.47216796875,58.410640716552734,15.197752952575684,-0.458251953125,-0.00048828125,0.202392578125
12.309,289,739,619,576,23.0,25.0,2.0,73.79150390625,52.795406341552734,10.620116233825684,-0.45458984375,0.0489501953125,0.2938232421875
12.309,282,711,614,580,23.0,25.0,2.0,73.79150390625,52.795406341552734,10.620116233825684,-0.494140625,0.073486328125,0.3653564453125
12.320,286,683,600,548,23.0,25.0,2.0,39.48974609375,30.090330123901367,7.568358898162842,-0.5804443359375,0.088623046875,0.376708984375
12.328,282,710,614,567,23.0,25.0,2.0,21.850584030151367,19.34814453125,10.253905296325684,-0.6583251953125,0.0919189453125,0.317626953125
12.336,286,750,614,584,23.0,25.0,2.0,21.850584030151367,19.34814453125,10.253905296325684,-0.702392578125,0.062744140625,0.224365234375
12.350,287,827,567,607,23.0,23.0,10.0,20.080564498901367,4.8828125,14.038084983825684,-0.750732421875,0.0299072265625,0.14697265625
12.358,280,846,582,666,23.0,23.0,10.0,28.747556686401367,-1.9531248807907104,13.427733421325684,-0.795654296875,0.02197265625,0.1136474609375
12.366,289,906,575,683,23.0,23.0,10.0,28.747556686401367,-1.9531248807907104,13.427733421325684,-0.808349609375,0.0369873046875,0.1070556640625
12.380,275,1012,545,683,23.0,23.0,10.0,33.935546875,-17.2119140625,13.061522483825684,-0.806640625,0.068603515625,0.08544921875
12.411,289,1051,577,707,23.0,23.0,10.0,27.709959030151367,-24.291990280151367,13.244627952575684,-0.82568359375,0.1116943359375,0.0494384765625
12.412,289,1170,573,695,23.0,23.0,10.0,27.709959030151367,-24.291990280151367,13.244627952575684,-0.82568359375,0.1116943359375,0.0494384765625
12.412,289,1343,568,639,23.0,23.0,10.0,0.6713866591453552,-40.222164154052734,16.11328125,-0.85302734375,0.159912109375,0.025390625
12.418,294,1336,592,759,23.0,23.0,10.0,0.6713866591453552,-40.222164154052734,16.11328125,-0.7684326171875,0.139404296875,0.0147705078125
12.426,298,1369,628,792,23.0,23.0,10.0,-17.2119140625,-49.499507904052734,17.4560546875,-0.7684326171875,0.139404296875,0.0147705078125
12.440,318,1455,687,815,23.0,23.0,10.0,-52.062984466552734,-67.68798828125,8.23974609375,-0.4229736328125,0.087890625,0.0394287109375
12.448,328,1487,787,922,21.0,23.0,11.0,-52.062984466552734,-67.68798828125,8.23974609375,-0.24560546875,0.04345703125,0.1102294921875
12.456,338,1561,899,934,21.0,23.0,11.0,-69.15283203125,-72.509765625,-4.638671875,-0.24560546875,0.04345703125,0.1102294921875
12.470,346,1757,1056,898,21.0,23.0,11.0,-81.66503143310547,-46.752925872802734,-35.15625,-0.282958984375,-0.2294921875,0.2984619140625
12.480,390,1675,1213,1206,21.0,23.0,11.0,-81.66503143310547,-46.752925872802734,-35.15625,-0.51953125,-0.1943359375,0.432373046875
12.486,414,1773,1306,1303,21.0,23.0,11.0,-57.189937591552734,-20.751951217651367,-40.466304779052734,-0.51953125,-0.1943359375,0.432373046875
12.514,458,1904,1326,1348,21.0,23.0,11.0,-7.873534679412842,13.366698265075684,-29.724119186401367,-1.006591796875,0.31103515625,0.5106201171875
12.514,456,2217,1283,1411,21.0,23.0,11.0,-7.873534679412842,13.366698265075684,-29.724119186401367,-0.97900390625,0.4871826171875,0.5047607421875
12.516,428,2505,1316,1383,21.0,23.0,11.0,0.6713866591453552,9.09423828125,-16.357421875,-0.97900390625,0.4871826171875,0.5047607421875
12.530,433,2354,1474,1384,21.0,23.0,11.0,37.353515625,-26.184080123901367,-8.36181640625,-0.736572265625,0.1849365234375,0.5928955078125
12.538,437,2391,1611,1557,21.0,23.0,11.0,37.353515625,-26.184080123901367,-8.36181640625,-0.967529296875,0.077392578125,0.6373291015625
12.546,419,2471,1647,1519,24.0,25.0,8.0,51.269527435302734,-36.19384765625,-12.939452171325684,-0.967529296875,0.077392578125,0.6373291015625
12.559,411,2484,1607,1362,24.0,25.0,8.0,26.733396530151367,-16.4794921875,-1.7089842557907104,-2.10693359375,0.62548828125,0.306884765625
12.568,423,2478,1739,1533,24.0,25.0,8.0,26.733396530151367,-16.4794921875,-1.7089842557907104,-2.4013671875,0.4124755859375,0.2056884765625
12.577,421,2484,1739,1541,24.0,25.0,8.0,-7.385253429412842,-6.286620616912842,3.112792730331421,-2.4013671875,0.4124755859375,0.2056884765625
12.590,414,2552,1705,1366,24.0,25.0,8.0,-31.127927780151367,-9.58251953125,-19.1650390625,-1.735595703125,-0.30615234375,0.23876953125
12.620,417,2514,1788,1483,24.0,25.0,8.0,-31.127927780151367,-9.58251953125,-19.1650390625,-1.1033935546875,-0.0574951171875,0.3748779296875
12.621,426,2676,1602,1375,24.0,25.0,8.0,-0.6713866591453552,-9.58251953125,-28.503416061401367,-1.1033935546875,-0.0574951171875,0.3748779296875
12.621,425,2375,1684,1323,24.0,25.0,8.0,14.343260765075684,-6.591796398162842,-28.747556686401367,-1.4256591796875,0.400146484375,0.70654296875
12.628,418,2328,1762,1462,24.0,25.0,8.0,-15.441893577575684,5.187987804412842,-20.263669967651367,-1.4256591796875,0.400146484375,0.70654296875
12.638,418,2224,1791,1456,24.0,25.0,8.0,-60.363765716552734,22.277830123901367,-13.488768577575684,-1.689697265625,0.1898193359375,0.6309814453125
12.650,413,2087,1722,1236,24.0,23.0,6.0,-73.73046875,31.677244186401367,-14.038084983825684,-1.470947265625,-0.070068359375,0.5135498046875
12.658,419,1980,1788,1365,24.0,23.0,6.0,-55.541988372802734,32.8369140625,-18.06640625,-1.470947265625,-0.070068359375,0.5135498046875
12.666,411,1891,1768,1330,24.0,23.0,6.0,-35.21728515625,33.203125,-20.263669967651367,-1.2589111328125,-0.0164794921875,0.482177734375
12.680,402,1774,1624,1138,24.0,23.0,6.0,-27.709959030151367,34.66796875,-19.287109375,-1.1055908203125,-0.03076171875,0.407958984375
12.688,402,1739,1632,1199,24.0,23.0,6.0,-28.381345748901367,35.0341796875,-15.014647483825684,-1.1055908203125,-0.03076171875,0.407958984375
12.696,390,1697,1569,1138,24.0,23.0,6.0,-29.968259811401367,32.16552734375,-7.019042491912842,-1.107177734375,-0.00048828125,0.377197265625
12.720,372,1602,1282,939,24.0,23.0,6.0,-28.503416061401367,26.733396530151367,3.112792730331421,-1.0147705078125,0.00830078125,0.1561279296875
12.720,349,1613,1108,864,24.0,23.0,6.0,-21.057126998901367,21.606443405151367,12.939452171325684,-1.0147705078125,0.00830078125,0.1561279296875
12.728,353,1602,957,867,24.0,23.0,6.0,-8.72802734375,17.63916015625,21.423337936401367,-0.91845703125,-0.0386962890625,0.0220947265625
12.740,329,1345,820,761,24.0,23.0,6.0,5.065917491912842,14.770506858825684,28.320310592651367,-0.6982421875,-0.32470703125,-0.0750732421875
12.748,323,1265,780,748,22.0,26.0,11.0,22.827146530151367,13.244627952575684,33.447265625,-0.6982421875,-0.32470703125,-0.0750732421875
12.756,307,1209,733,668,22.0,26.0,11.0,48.156734466552734,13.061522483825684,38.0859375,-0.6146240234375,-0.389404296875,-0.0540771484375
12.770,290,971,601,601,22.0,26.0,11.0,77.45361328125,15.136717796325684,42.846675872802734,-0.5560302734375,-0.359619140625,-0.0308837890625
12.778,289,826,621,587,22.0,26.0,11.0,102.23387908935547,20.568845748901367,45.410152435302734,-0.5560302734375,-0.359619140625,-0.0308837890625
12.789,282,697,619,553,22.0,26.0,11.0,116.57714080810547,27.160642623901367,45.349117279052734,-0.6190185546875,-0.2445068359375,0.0311279296875
12.800,281,564,605,497,22.0,26.0,11.0,119.50682830810547,30.517576217651367,45.349117279052734,-0.6385498046875,0.3287353515625,0.3321533203125
12.823,279,540,605,513,22.0,26.0,11.0,113.09813690185547,26.733396530151367,46.264644622802734,-0.6385498046875,0.3287353515625,0.3321533203125
12.823,280,578,639,505,22.0,26.0,11.0,96.19139862060547,15.991209983825684,47.363277435302734,-0.595458984375,0.517578125,0.4281005859375
12.830,282,533,603,484,22.0,26.0,11.0,67.626953125,3.356933355331421,46.997066497802734,-0.5628662109375,0.401611328125,0.3328857421875
12.844,282,548,620,513,22.0,26.0,11.0,33.8134765625,-6.530761241912842,44.250484466552734,-0.5628662109375,0.401611328125,0.3328857421875
12.847,280,576,603,509,20.0,26.0,9.0,8.48388671875,-12.451170921325684,39.6728515625,-0.5321044921875,0.2718505859375,0.243408203125
12.860,283,634,605,508,20.0,26.0,9.0,0.6103515625,-16.05224609375,33.8134765625,-0.552001953125,0.1864013671875,0.1927490234375
12.868,282,749,607,564,20.0,26.0,9.0,5.249022960662842,-19.71435546875,26.916501998901367,-0.6082763671875,0.13623046875,0.196044921875
12.876,280,883,593,598,20.0,26.0,9.0,11.657713890075684,-23.864744186401367,20.507810592651367,-0.634521484375,0.124267578125,0.247314453125
12.890,282,1132,562,606,20.0,26.0,9.0,12.573241233825684,-27.587888717651367,15.747069358825684,-0.599853515625,0.1461181640625,0.298828125
12.898,280,1236,564,689,20.0,26.0,9.0,6.835937023162842,-31.677244186401367,12.207030296325684,-0.539306640625,0.163330078125,0.28955078125
12.927,290,1375,588,698,20.0,26.0,9.0,-2.01416015625,-37.4755859375,8.23974609375,-0.478759765625,0.165283203125,0.201904296875
12.927,305,1469,631,753,20.0,26.0,9.0,-9.1552734375,-45.898433685302734,0.7934569716453552,-0.380615234375,0.1951904296875,0.0623779296875
12.928,316,1536,778,891,20.0,26.0,9.0,-15.563963890075684,-56.396480560302734,-13.488768577575684,-0.21435546875,0.277099609375,-0.072021484375
12.936,337,1564,895,951,20.0,26.0,9.0,-32.1044921875,-63.049312591552734,-37.65869140625,-0.1170654296875,0.288330078125,-0.1341552734375
12.953,398,1552,1116,1134,18.0,23.0,7.0,-71.83837890625,-55.480953216552734,-67.138671875,-0.2393798828125,0.103515625,-0.0325927734375
12.958,419,1718,1363,1303,18.0,23.0,7.0,-124.87792205810547,-30.883787155151367,-88.25682830810547,-0.41162109375,-0.236083984375,0.2012939453125
12.966,455,1794,1468,1393,18.0,23.0,7.0,-141.7236328125,3.906249761581421,-97.90038299560547,-0.5543212890625,-0.40185546875,0.2703857421875
12.980,478,1979,1464,1452,18.0,23.0,7.0,-98.26659393310547,35.400390625,-98.81591033935547,-0.6982421875,-0.1470947265625,0.1129150390625
12.988,490,2127,1660,1705,18.0,23.0,7.0,-31.860349655151367,45.166011810302734,-87.95165252685547,-0.781005859375,0.3966064453125,0.11572265625
12.996,513,2156,1636,1681,18.0,23.0,7.0,12.878417015075684,28.869626998901367,-70.80078125,-0.847900390625,0.88330078125,0.46630859375
13.031,532,2202,1650,1648,18.0,23.0,7.0,9.8876953125,5.554198741912842,-62.133785247802734,-0.9417724609375,0.8409423828125,0.941650390625
13.031,529,2254,1732,1766,18.0,23.0,7.0,-27.893064498901367,-6.958007335662842,-67.138671875,-1.223876953125,0.3018798828125,1.1932373046875
13.031,508,2293,1770,1721,18.0,23.0,7.0,-54.321285247802734,-7.690429210662842,-68.90869140625,-1.7689208984375,-0.0948486328125,1.0986328125
13.040,441,2460,1840,1323,24.0,21.0,7.0,-46.020503997802734,-6.469726085662842,-52.917476654052734,-2.5775146484375,-0.4764404296875,0.7664794921875
13.048,416,2581,1881,1503,24.0,21.0,7.0,-10.620116233825684,-13.122557640075684,-25.573728561401367,-3.136962890625,-0.951904296875,0.3026123046875
13.058,407,2785,1973,1419,24.0,21.0,7.0,42.175289154052734,-25.329587936401367,-3.051757574081421,-2.4166259765625,-0.9639892578125,-0.128662109375
13.079,402,2679,1770,1340,24.0,21.0,7.0,114.01366424560547,-33.26416015625,3.234863042831421,-1.250244140625,-0.4273681640625,-0.240478515625
13.096,406,2677,1904,1504,24.0,21.0,7.0,144.10400390625,-34.66796875,10.375975608825684,-1.033447265625,0.245361328125,0.0113525390625
13.107,417,2621,1878,1540,24.0,21.0,7.0,67.5048828125,-28.503416061401367,29.785154342651367,-1.427001953125,0.5428466796875,0.3138427734375
13.107,424,2512,1805,1351,24.0,21.0,7.0,-46.386714935302734,-15.441893577575684,41.564937591552734,-1.7427978515625,0.4696044921875,0.532470703125
13.108,423,2389,1904,1499,24.0,21.0,7.0,-110.65673065185547,-4.69970703125,36.62109375,-1.7535400390625,0.29296875,0.7244873046875
13.136,427,2293,1904,1474,24.0,21.0,7.0,-121.88719940185547,3.601073980331421,21.301267623901367,-1.5667724609375,0.143798828125,0.8095703125
13.136,424,2428,1908,958,24.0,21.0,7.0,-107.05565643310547,15.075682640075684,4.150390625,-1.376708984375,0.077392578125,0.714599609375
13.138,401,2078,1730,1251,23.0,22.0,6.0,-85.57128143310547,26.306150436401367,-6.469726085662842,-1.25048828125,0.0491943359375,0.5714111328125
13.148,428,1878,1821,1362,23.0,22.0,6.0,-68.05419921875,32.04345703125,-8.72802734375,-1.155029296875,-0.0306396484375,0.502685546875
13.160,411,1757,1640,1173,23.0,22.0,6.0,-58.654781341552734,33.87451171875,-5.737304210662842,-1.10498046875,-0.10986328125,0.4725341796875
13.168,407,1694,1641,1243,23.0,22.0,6.0,-53.527828216552734,35.46142578125,0.8544921278953552,-1.0859375,-0.0611572265625,0.3851318359375
13.178,390,1634,1521,1183,23.0,22.0,6.0,-47.851558685302734,36.31591796875,9.765625,-1.034912109375,0.0528564453125,0.2288818359375
13.190,365,1508,1231,951,23.0,22.0,6.0,-38.75732421875,35.15625,18.6767578125,-0.9371337890625,0.094970703125,0.0870361328125
13.198,338,1442,1117,938,23.0,22.0,6.0,-28.076169967651367,33.203125,26.428220748901367,-0.7996826171875,0.01171875,-0.007080078125
13.206,328,1373,986,864,23.0,22.0,6.0,-15.136717796325684,33.8134765625,32.470703125,-0.6451416015625,-0.177978515625,-0.0472412109375
13.232,316,1149,803,694,23.0,22.0,6.0,6.408690929412842,37.7197265625,36.19384765625,-0.501220703125,-0.366455078125,-0.01123046875
13.232,306,1069,750,647,23.0,22.0,6.0,38.02490234375,41.992183685302734,38.0859375,-0.4013671875,-0.4869384765625,0.07080078125
13.242,299,986,772,598,24.0,25.0,11.0,73.91357421875,45.471187591552734,38.63525390625,-0.405029296875,-0.549072265625,0.1434326171875
13.252,290,746,687,551,24.0,25.0,11.0,104.98046112060547,48.950191497802734,38.4521484375,-0.4781494140625,-0.5015869140625,0.19482421875
13.258,290,687,687,539,24.0,25.0,11.0,125.30516815185547,52.124019622802734,38.51318359375,-0.5224609375,-0.244384765625,0.240478515625
13.266,289,632,678,538,24.0,25.0,11.0,128.23486328125,50.415035247802734,38.818359375,-0.54052734375,0.1448974609375,0.282470703125
13.280,291,667,647,525,24.0,25.0,11.0,107.72704315185547,39.794921875,39.73388671875,-0.534912109375,0.4169921875,0.31201171875
13.291,289,689,654,555,24.0,25.0,11.0,75.5615234375,24.230955123901367,40.344234466552734,-0.5198974609375,0.4501953125,0.2933349609375
13.296,289,698,648,564,24.0,25.0,11.0,47.546382904052734,10.253905296325684,37.78076171875,-0.5726318359375,0.342041015625,0.2098388671875
13.310,280,764,628,548,24.0,25.0,11.0,30.029294967651367,1.03759765625,33.5693359375,-0.691162109375,0.238525390625,0.1270751953125
13.333,282,816,631,594,24.0,25.0,11.0,26.000974655151367,-4.57763671875,30.212400436401367,-0.80712890625,0.190185546875,0.1103515625
13.333,287,871,621,603,24.0,25.0,11.0,26.000974655151367,-4.57763671875,30.212400436401367,-0.874755859375,0.174560546875,0.1558837890625
13.340,282,973,620,628,17.0,25.0,8.0,40.893550872802734,-11.230467796325684,20.202634811401367,-0.8861083984375,0.17431640625,0.221923828125
13.349,282,1005,600,636,17.0,25.0,8.0,42.663570404052734,-13.244627952575684,12.817381858825684,-0.86376953125,0.189453125,0.2607421875
13.356,282,1063,590,644,17.0,25.0,8.0,42.663570404052734,-13.244627952575684,12.817381858825684,-0.8486328125,0.20263671875,0.2506103515625
13.370,289,1115,562,630,17.0,25.0,8.0,25.634763717651367,-15.686034202575684,1.0986328125,-0.867431640625,0.18310546875,0.19580078125
13.378,283,1146,588,673,17.0,25.0,8.0,14.221190452575684,-18.5546875,-0.30517578125,-0.921630859375,0.1409912109375,0.1136474609375
13.386,282,1178,586,691,17.0,25.0,8.0,14.221190452575684,-18.5546875,-0.30517578125,-0.9761962890625,0.104736328125,0.031005859375
13.404,282,1243,561,673,17.0,25.0,8.0,-5.310058116912842,-30.761716842651367,8.4228515625,-0.98876953125,0.075927734375,-0.0235595703125
13.408,289,1303,593,737,17.0,25.0,8.0,-15.930174827575684,-39.97802734375,15.502928733825684,-0.9503173828125,0.0487060546875,-0.0198974609375
13.416,289,1339,598,746,17.0,25.0,8.0,-15.930174827575684,-39.97802734375,15.502928733825684,-0.87353515625,0.0316162109375,0.0264892578125
13.435,292,1411,584,725,20.0,26.0,12.0,-32.40966796875,-59.631343841552734,22.216794967651367,-0.76904296875,0.0225830078125,0.074951171875
13.438,304,1469,579,816,20.0,26.0,12.0,-33.14208984375,-63.842769622802734,18.6767578125,-0.6385498046875,0.022705078125,0.1375732421875
13.446,304,1456,678,867,20.0,26.0,12.0,-33.14208984375,-63.842769622802734,18.6767578125,-0.4986572265625,0.0394287109375,0.24267578125
13.461,324,1568,714,898,20.0,26.0,12.0,-27.404783248901367,-53.222652435302734,-5.981444835662842,-0.3328857421875,0.0150146484375,0.3212890625
13.468,332,1655,902,938,20.0,26.0,12.0,-30.334470748901367,-39.00146484375,-27.343748092651367,-0.1634521484375,-0.0482177734375,0.3023681640625
13.476,353,1683,1014,1034,20.0,26.0,12.0,-30.334470748901367,-39.00146484375,-27.343748092651367,-0.11376953125,-0.1016845703125,0.2593994140625
13.490,406,1732,1182,1169,20.0,26.0,12.0,-41.137691497802734,-5.615233898162842,-66.83349609375,-0.2735595703125,-0.0997314453125,0.29638671875
13.498,427,1850,1323,1390,20.0,26.0,12.0,-37.04833984375,7.507323741912842,-72.1435546875,-0.5008544921875,0.100830078125,0.3194580078125
13.506,441,2215,1211,1404,20.0,26.0,12.0,-37.04833984375,7.507323741912842,-72.1435546875,-0.5418701171875,0.4676513671875,0.2138671875
13.520,484,2137,1387,1494,20.0,26.0,12.0,-20.507810592651367,13.549803733825684,-41.198726654052734,-0.476806640625,0.7593994140625,0.1549072265625
13.538,485,2178,1546,1669,21.0,21.0,7.0,-16.54052734375,2.868652105331421,-29.724119186401367,-0.6153564453125,0.904296875,0.3048095703125
13.539,506,2223,1543,1550,21.0,21.0,7.0,-16.54052734375,2.868652105331421,-29.724119186401367,-0.6153564453125,0.904296875,0.3048095703125
13.550,519,2161,1659,1580,21.0,21.0,7.0,-90.57616424560547,-13.305663108825684,-49.865718841552734,-1.5035400390625,0.5374755859375,0.9500732421875
13.564,510,2100,1801,1686,21.0,21.0,7.0,-90.57616424560547,-13.305663108825684,-49.865718841552734,-2.015625,0.2647705078125,1.035400390625
13.566,495,2113,1855,1653,21.0,21.0,7.0,-121.58202362060547,-2.746581792831421,-67.5048828125,-2.015625,0.2647705078125,1.035400390625
13.579,465,2167,1811,1424,21.0,21.0,7.0,-58.105464935302734,29.907224655151367,-83.06884002685547,-2.63037109375,-0.747314453125,0.4722900390625
13.588,481,2110,1908,1583,21.0,21.0,7.0,-58.105464935302734,29.907224655151367,-83.06884002685547,-2.19384765625,-0.89208984375,0.22265625
13.646,497,2047,1891,1607,21.0,21.0,7.0,0.6103515625,41.259761810302734,-87.21923065185547,-2.19384765625,-0.89208984375,0.22265625
13.648,481,2000,1891,1582,21.0,21.0,7.0,83.43505096435547,49.560543060302734,-74.951171875,-1.151123046875,-0.2152099609375,0.2119140625
13.648,497,2005,1880,1541,21.0,21.0,7.0,83.43505096435547,49.560543060302734,-74.951171875,-1.5543212890625,-0.275390625,0.1273193359375
13.648,499,1959,1890,1598,27.0,25.0,16.0,52.368160247802734,42.846675872802734,-47.546382904052734,-1.5543212890625,-0.275390625,0.1273193359375
13.648,482,1954,1785,1411,27.0,25.0,16.0,-37.29248046875,-0.0610351525247097,21.484373092651367,-1.8663330078125,-0.4132080078125,-0.0341796875
13.648,473,2070,1874,1452,27.0,25.0,16.0,-37.29248046875,-0.0610351525247097,21.484373092651367,-1.630859375,-0.2476806640625,0.0294189453125
13.656,464,1891,1837,1453,27.0,25.0,16.0,-44.860836029052734,-26.367185592651367,45.043941497802734,-1.630859375,-0.2476806640625,0.0294189453125
13.670,415,1862,1750,1222,27.0,25.0,16.0,-43.457027435302734,-56.274410247802734,73.18115234375,-1.2244873046875,-0.0264892578125,0.3143310546875
13.678,419,1801,1782,1323,27.0,25.0,16.0,-43.457027435302734,-56.274410247802734,73.18115234375,-1.06591796875,-0.0816650390625,0.500732421875
13.686,414,1746,1715,1290,27.0,25.0,16.0,-45.288082122802734,-58.593746185302734,77.0263671875,-1.06591796875,-0.0816650390625,0.500732421875
13.700,399,1652,1488,1103,27.0,25.0,16.0,-27.709959030151367,-25.939939498901367,64.8193359375,-0.8204345703125,0.1141357421875,0.50146484375
13.710,379,1641,1440,1120,27.0,25.0,16.0,-27.709959030151367,-25.939939498901367,64.8193359375,-0.766845703125,0.2861328125,0.4107666015625
13.716,369,1574,1323,1054,27.0,25.0,16.0,-8.7890625,6.774901866912842,46.874996185302734,-0.766845703125,0.2861328125,0.4107666015625
13.747,334,1488,1029,867,21.0,22.0,7.0,7.629394054412842,55.419918060302734,13.183592796325684,-0.6702880859375,0.4212646484375,0.355224609375
13.747,327,1427,947,883,21.0,22.0,7.0,7.629394054412842,55.419918060302734,13.183592796325684,-0.5911865234375,0.296630859375,0.34765625
13.747,321,1348,859,830,21.0,22.0,7.0,10.559081077575684,63.232418060302734,8.056640625,-0.5911865234375,0.296630859375,0.34765625
13.762,304,1185,733,682,21.0,22.0,7.0,15.258788108825684,65.5517578125,7.934569835662842,-0.476318359375,-0.2559814453125,0.3033447265625
13.775,301,1054,751,661,21.0,22.0,7.0,27.832029342651367,67.07763671875,9.21630859375,-0.476318359375,-0.2559814453125,0.3033447265625
13.776,296,971,787,642,21.0,22.0,7.0,51.025386810302734,69.3359375,10.009765625,-0.491943359375,-0.4246826171875,0.2755126953125
13.790,289,725,654,551,21.0,22.0,7.0,78.9794921875,70.12939453125,11.718749046325684,-0.5667724609375,-0.3311767578125,0.2218017578125
13.798,290,683,666,571,21.0,22.0,7.0,100.95214080810547,67.7490234375,16.2353515625,-0.5667724609375,-0.3311767578125,0.2218017578125
13.806,283,673,666,551,21.0,22.0,7.0,109.49706268310547,61.096187591552734,23.376462936401367,-0.610595703125,-0.1680908203125,0.2132568359375
13.820,291,658,646,512,20.0,25.0,2.0,102.90526580810547,48.522945404052734,30.944822311401367,-0.739501953125,0.162841796875,0.166015625
13.846,286,656,656,537,20.0,25.0,2.0,80.81053924560547,31.921384811401367,34.60693359375,-0.739501953125,0.162841796875,0.166015625
13.854,286,639,642,537,20.0,25.0,2.0,51.452632904052734,16.357421875,32.1044921875,-0.8236083984375,0.1937255859375,0.1243896484375
13.854,280,707,634,537,20.0,25.0,2.0,30.944822311401367,5.676269054412842,25.146482467651367,-0.8568115234375,0.178955078125,-0.0155029296875
13.858,282,723,638,562,20.0,25.0,2.0,24.902341842651367,0.3662109076976776,17.15087890625,-0.8568115234375,0.178955078125,-0.0155029296875
13.867,286,751,639,571,20.0,25.0,2.0,27.648923873901367,-1.4648436307907104,10.192870140075684,-0.8115234375,0.1846923828125,-0.0838623046875
13.880,282,855,600,567,20.0,25.0,2.0,32.16552734375,-2.44140625,4.82177734375,-0.837158203125,0.1856689453125,0.010986328125
13.888,281,910,614,619,20.0,25.0,2.0,32.89794921875,-6.408690929412842,1.8310545682907104,-0.837158203125,0.1856689453125,0.010986328125
13.896,280,959,600,631,20.0,25.0,2.0,27.343748092651367,-14.770506858825684,1.4038084745407104,-0.851318359375,0.12939453125,0.117431640625
13.910,280,1160,549,620,20.0,25.0,2.0,18.06640625,-23.742673873901367,2.807616949081421,-0.8243408203125,0.0030517578125,0.11962890625
13.918,281,1195,548,673,23.0,26.0,3.0,8.11767578125,-30.029294967651367,5.493163585662842,-0.8243408203125,0.0030517578125,0.11962890625
13.926,280,1199,584,695,23.0,26.0,3.0,-1.0986328125,-35.2783203125,9.3994140625,-0.8350830078125,-0.000244140625,0.098388671875
13.947,289,1306,519,714,23.0,26.0,3.0,-8.85009765625,-42.175289154052734,14.221190452575684,-0.8250732421875,0.04248046875,0.10888671875
13.948,291,1387,600,740,23.0,26.0,3.0,-14.709471702575684,-50.109859466552734,18.4326171875,-0.8250732421875,0.04248046875,0.10888671875
13.956,294,1399,642,792,23.0,26.0,3.0,-21.301267623901367,-56.945796966552734,20.385740280151367,-0.763427734375,0.0906982421875,0.1302490234375
13.970,306,1473,683,803,23.0,26.0,3.0,-33.5693359375,-60.668941497802734,17.51708984375,-0.6273193359375,0.1409912109375,0.1407470703125
13.978,316,1536,793,912,23.0,26.0,3.0,-54.382320404052734,-59.692378997802734,7.080077648162842,-0.4554443359375,0.13720703125,0.1195068359375
13.987,323,1546,846,951,23.0,26.0,3.0,-79.04052734375,-55.358882904052734,-9.33837890625,-0.304443359375,0.0391845703125,0.121826171875
14.001,355,1695,994,978,23.0,26.0,3.0,-94.66551971435547,-49.682613372802734,-26.245115280151367,-0.1461181640625,-0.1322021484375,0.1849365234375
14.008,399,1850,1097,1148,23.0,26.0,3.0,-85.26610565185547,-41.625972747802734,-39.73388671875,-0.00537109375,-0.266845703125,0.30126953125
14.018,438,1762,1317,1375,24.0,23.0,8.0,-48.339839935302734,-28.137205123901367,-49.926753997802734,0.02783203125,-0.340087890625,0.442138671875
14.030,473,2021,1323,1441,24.0,23.0,8.0,-0.54931640625,-9.21630859375,-58.715816497802734,-0.1656494140625,-0.286865234375,0.4998779296875
14.053,496,2072,1452,1681,24.0,23.0,8.0,34.60693359375,8.36181640625,-57.495113372802734,-0.6015625,0.2200927734375,0.467529296875
14.053,519,2224,1441,1689,24.0,23.0,8.0,35.400390625,15.197752952575684,-37.17041015625,-1.0865478515625,1.0384521484375,0.3751220703125
14.060,517,2205,1591,1748,24.0,23.0,8.0,-4.45556640625,7.995604991912842,-15.930174827575684,-1.3984375,1.3111572265625,0.2647705078125
14.068,497,2258,1665,1735,24.0,23.0,8.0,-56.701656341552734,-9.21630859375,-17.63916015625,-1.5614013671875,0.7088623046875,0.2734375
14.081,497,2233,1713,1705,24.0,23.0,8.0,-80.68846893310547,-26.306150436401367,-30.761716842651367,-1.7890625,0.07763671875,0.3902587890625
14.094,488,2279,1808,1681,24.0,23.0,8.0,-70.068359375,-33.14208984375,-34.3017578125,-2.153564453125,-0.2052001953125,0.5086669921875
14.098,496,2296,1775,1669,24.0,23.0,8.0,-46.569820404052734,-27.954099655151367,-33.26416015625,-2.51171875,-0.396728515625,0.563720703125
14.106,481,2310,1792,1650,24.0,23.0,8.0,-23.376462936401367,-14.404295921325684,-36.31591796875,-2.4613037109375,-0.4102783203125,0.5284423828125
14.120,458,2317,1755,1404,25.0,23.0,2.0,0.4882812201976776,0.1220703050494194,-41.687007904052734,-1.7257080078125,-0.295654296875,0.5
14.128,473,2230,1815,1635,25.0,23.0,2.0,29.296873092651367,10.681151390075684,-45.959468841552734,-1.107421875,-0.1444091796875,0.560302734375
14.154,481,2178,1810,1627,25.0,23.0,2.0,36.1328125,18.61572265625,-39.85595703125,-1.2958984375,-0.0711669921875,0.5494384765625
14.154,468,2135,1770,1440,25.0,23.0,2.0,1.0986328125,24.597166061401367,-20.812986373901367,-1.76611328125,-0.1207275390625,0.37060546875
14.158,464,2165,1759,1534,25.0,23.0,2.0,-36.19384765625,22.155759811401367,-1.220703125,-1.9481201171875,-0.157470703125,0.2138671875
14.166,437,2047,1794,1441,25.0,23.0,2.0,-47.546382904052734,9.33837890625,10.192870140075684,-1.781982421875,-0.15576171875,0.1854248046875
14.180,411,1966,1695,1239,25.0,23.0,2.0,-44.250484466552734,-5.249022960662842,17.63916015625,-1.511474609375,-0.12353515625,0.2003173828125
14.200,415,1905,1772,1348,25.0,23.0,2.0,-39.4287109375,-16.845703125,26.306150436401367,-1.29736328125,-0.129150390625,0.2332763671875
14.202,402,1838,1714,1308,25.0,23.0,2.0,-35.7666015625,-27.709959030151367,35.7666015625,-1.1700439453125,-0.193603515625,0.3236083984375
14.210,382,1774,1572,1199,25.0,23.0,2.0,-30.395505905151367,-37.109375,44.799800872802734,-1.0931396484375,-0.191162109375,0.4161376953125
14.218,371,1693,1443,1149,22.0,26.0,8.0,-22.094724655151367,-39.55078125,52.246089935302734,-1.0111083984375,-0.1058349609375,0.39794921875
14.255,355,1650,1318,1050,22.0,26.0,8.0,-8.48388671875,-30.456541061401367,55.236812591552734,-0.9183349609375,0.02978515625,0.29248046875
14.257,359,1428,963,933,22.0,26.0,8.0,8.9111328125,-12.756346702575684,52.062984466552734,-0.821044921875,0.1982421875,0.2047119140625
14.257,346,1365,837,883,22.0,26.0,8.0,21.362302780151367,7.995604991912842,43.090816497802734,-0.6998291015625,0.3148193359375,0.177978515625
14.257,315,1334,943,616,22.0,26.0,8.0,27.526853561401367,28.442380905151367,30.944822311401367,-0.554931640625,0.2999267578125,0.1998291015625
14.270,302,1170,702,620,22.0,26.0,8.0,35.400390625,46.691890716552734,18.9208984375,-0.4495849609375,0.1026611328125,0.2213134765625
14.278,295,912,646,625,22.0,26.0,8.0,52.062984466552734,62.316890716552734,8.60595703125,-0.4510498046875,-0.148193359375,0.2001953125
14.286,291,654,644,563,22.0,26.0,8.0,75.86669921875,72.265625,1.8920897245407104,-0.5009765625,-0.224609375,0.1663818359375
14.313,280,497,601,484,22.0,26.0,8.0,100.34178924560547,73.1201171875,0.2441406100988388,-0.4847412109375,-0.12841796875,0.1688232421875
14.314,280,510,598,473,22.0,26.0,8.0,115.11229705810547,65.24658203125,1.4648436307907104,-0.441162109375,0.0023193359375,0.213134765625
14.316,280,497,603,496,23.0,25.0,10.0,109.74120330810547,49.804683685302734,5.676269054412842,-0.486083984375,0.1219482421875,0.2391357421875
14.330,279,484,593,470,23.0,25.0,10.0,86.24266815185547,30.639646530151367,15.075682640075684,-0.60498046875,0.1932373046875,0.1895751953125
14.338,279,490,599,493,23.0,25.0,10.0,59.326168060302734,13.916014671325684,25.756834030151367,-0.67919921875,0.1732177734375,0.1153564453125
14.356,280,508,614,485,23.0,25.0,10.0,42.114253997802734,2.868652105331421,31.677244186401367,-0.655029296875,0.107177734375,0.0775146484375
14.360,286,540,620,447,23.0,25.0,10.0,35.21728515625,-3.845214605331421,31.494138717651367,-0.5946044921875,0.0496826171875,0.0819091796875
14.368,282,540,630,481,23.0,25.0,10.0,31.982419967651367,-8.97216796875,26.245115280151367,-0.5777587890625,-0.020263671875,0.151123046875
14.376,282,590,631,501,23.0,25.0,10.0,27.648923873901367,-14.526366233825684,18.1884765625,-0.6043701171875,-0.1033935546875,0.2822265625
14.390,289,818,594,538,23.0,25.0,10.0,23.559568405151367,-19.83642578125,11.291502952575684,-0.6451416015625,-0.1104736328125,0.406494140625
14.398,291,933,614,601,23.0,25.0,10.0,21.057126998901367,-22.644041061401367,7.812499523162842,-0.6885986328125,-0.0098876953125,0.472900390625
14.419,290,1058,596,642,23.0,25.0,10.0,16.66259765625,-22.949216842651367,6.958007335662842,-0.727783203125,0.1024169921875,0.462890625
14.419,300,1236,564,642,20.0,26.0,11.0,7.751464366912842,-23.498533248901367,6.835937023162842,-0.7713623046875,0.151123046875,0.353271484375
14.428,294,1308,591,736,20.0,26.0,11.0,-4.94384765625,-26.489255905151367,6.103515148162842,-0.818359375,0.1705322265625,0.168701171875
14.437,298,1357,656,748,20.0,26.0,11.0,-20.141599655151367,-31.494138717651367,3.723144292831421,-0.8448486328125,0.2027587890625,-0.0130615234375
14.455,315,1434,689,788,20.0,26.0,11.0,-37.04833984375,-37.109375,-2.197265625,-0.8211669921875,0.2177734375,-0.108154296875
14.458,316,1514,797,869,20.0,26.0,11.0,-56.823726654052734,-43.151851654052734,-12.817381858825684,-0.794677734375,0.1702880859375,-0.0738525390625
14.466,316,1504,820,972,20.0,26.0,11.0,-56.823726654052734,-43.151851654052734,-12.817381858825684,-0.860107421875,0.040283203125,0.062255859375
14.493,327,1640,816,959,20.0,26.0,11.0,-82.27538299560547,-44.860836029052734,-30.944822311401367,-0.99169921875,-0.097412109375,0.2022705078125
14.493,323,1770,820,963,20.0,26.0,11.0,-63.354488372802734,-35.58349609375,-28.930662155151367,-1.0648193359375,-0.114501953125,0.2789306640625
14.496,359,1823,864,1065,20.0,26.0,11.0,-63.354488372802734,-35.58349609375,-28.930662155151367,-1.028564453125,-0.0399169921875,0.33203125
14.510,385,1834,991,1132,22.0,23.0,9.0,6.835937023162842,-24.475095748901367,-18.798828125,-0.933349609375,0.0557861328125,0.374755859375
14.519,402,1904,1129,1305,22.0,23.0,9.0,24.108884811401367,-29.602048873901367,-18.4326171875,-0.7752685546875,0.1668701171875,0.3831787109375
14.531,416,1981,1202,1365,22.0,23.0,9.0,24.108884811401367,-29.602048873901367,-18.4326171875,-0.5030517578125,0.1888427734375,0.3553466796875
14.540,445,2037,1250,1395,22.0,23.0,9.0,18.310546875,-37.04833984375,-25.085447311401367,-0.228271484375,0.0767822265625,0.3192138671875
14.562,463,2135,1357,1574,22.0,23.0,9.0,24.169919967651367,-25.329587936401367,-33.8134765625,-0.1551513671875,0.0504150390625,0.2960205078125
14.562,470,2231,1375,1604,22.0,23.0,9.0,24.169919967651367,-25.329587936401367,-33.8134765625,-0.3377685546875,0.2657470703125,0.293212890625
14.570,487,2312,1440,1564,22.0,23.0,9.0,18.798828125,9.82666015625,-40.588375091552734,-0.6424560546875,0.5614013671875,0.33935546875
14.578,494,2348,1593,1747,22.0,23.0,9.0,-13.122557640075684,11.596678733825684,-40.283199310302734,-0.92041015625,0.662841796875,0.5081787109375
14.586,501,2382,1640,1766,22.0,23.0,9.0,-13.122557640075684,11.596678733825684,-40.283199310302734,-1.1121826171875,0.4066162109375,0.7388916015625
14.600,497,2437,1616,1602,22.0,23.0,9.0,-76.47705078125,-4.150390625,-51.940914154052734,-1.3653564453125,0.108642578125,0.7705078125
14.608,486,2424,1757,1732,24.0,22.0,7.0,-79.2236328125,-7.141112804412842,-48.889156341552734,-1.7666015625,0.07275390625,0.608642578125
14.616,491,2421,1810,1693,24.0,22.0,7.0,-79.2236328125,-7.141112804412842,-48.889156341552734,-2.227294921875,-0.2225341796875,0.3797607421875
14.631,432,2619,1808,1422,24.0,22.0,7.0,-31.433103561401367,-17.4560546875,-26.245115280151367,-2.48046875,-0.7752685546875,0.1875
14.643,437,2765,1880,1555,24.0,22.0,7.0,2.50244140625,-21.606443405151367,-19.71435546875,-2.0311279296875,-0.8162841796875,0.146728515625
14.646,433,2651,1874,1596,24.0,22.0,7.0,2.50244140625,-21.606443405151367,-19.71435546875,-1.3758544921875,-0.32958984375,0.310302734375
14.664,433,2627,1757,1439,24.0,22.0,7.0,44.128414154052734,-18.1884765625,-4.94384765625,-1.3128662109375,0.0880126953125,0.5826416015625
14.668,439,2638,1865,1561,24.0,22.0,7.0,6.774901866912842,-7.202147960662842,6.408690929412842,-1.5804443359375,0.1348876953125,0.69091796875
14.676,433,2559,1864,1583,24.0,22.0,7.0,6.774901866912842,-7.202147960662842,6.408690929412842,-1.5804443359375,0.1348876953125,0.69091796875
14.690,433,2442,1746,1370,24.0,22.0,7.0,-45.227046966552734,10.437010765075684,12.023924827575684,-1.6114501953125,0.022705078125,0.52587890625
14.698,423,2343,1838,1472,24.0,22.0,7.0,-45.227046966552734,10.437010765075684,12.023924827575684,-1.3924560546875,0.0887451171875,0.4678955078125
14.706,414,2260,1829,1383,23.0,20.0,9.0,-38.57421875,11.169432640075684,8.85009765625,-1.3924560546875,0.0887451171875,0.4678955078125
14.719,402,2074,1697,1199,23.0,20.0,9.0,-34.5458984375,14.770506858825684,3.845214605331421,-1.06689453125,-0.0322265625,0.3038330078125
14.735,400,1996,1761,1290,23.0,20.0,9.0,-34.5458984375,14.770506858825684,3.845214605331421,-1.0391845703125,-0.10986328125,0.2198486328125
14.736,338,2308,1636,1173,23.0,20.0,9.0,-29.724119186401367,18.37158203125,5.493163585662842,-1.0391845703125,-0.10986328125,0.2198486328125
14.768,419,1635,1429,1155,23.0,20.0,9.0,-21.789548873901367,22.277830123901367,20.141599655151367,-1.0142822265625,0.00732421875,0.2169189453125
14.769,390,1582,1422,1172,23.0,20.0,9.0,-21.789548873901367,22.277830123901367,20.141599655151367,-0.93359375,0.03759765625,0.2308349609375
14.769,346,1589,1397,775,23.0,20.0,9.0,-26.916501998901367,20.996091842651367,28.381345748901367,-0.93359375,0.03759765625,0.2308349609375
14.780,337,1503,1069,794,23.0,20.0,9.0,-33.63037109375,16.2353515625,40.283199310302734,-0.6702880859375,-0.04443359375,0.214599609375
14.790,336,1370,989,818,23.0,20.0,9.0,-33.63037109375,16.2353515625,40.283199310302734,-0.512451171875,-0.216796875,0.2464599609375
14.796,328,1326,913,762,23.0,20.0,9.0,-25.756834030151367,17.822265625,40.405269622802734,-0.512451171875,-0.216796875,0.2464599609375
14.810,316,1132,774,659,23.0,23.0,8.0,25.573728561401367,38.14697265625,24.536130905151367,-0.47705078125,-0.400390625,0.3804931640625
14.818,313,1000,763,654,23.0,23.0,8.0,25.573728561401367,38.14697265625,24.536130905151367,-0.56591796875,-0.3184814453125,0.39501953125
14.826,299,944,730,614,23.0,23.0,8.0,51.025386810302734,50.842281341552734,14.465331077575684,-0.56591796875,-0.3184814453125,0.39501953125
14.840,289,799,669,548,23.0,23.0,8.0,85.38817596435547,62.866207122802734,6.408690929412842,-0.573974609375,0.0782470703125,0.3218994140625
14.848,292,739,667,576,23.0,23.0,8.0,85.38817596435547,62.866207122802734,6.408690929412842,-0.542236328125,0.227783203125,0.296875
14.873,289,710,658,574,23.0,23.0,8.0,96.55760955810547,56.945796966552734,8.9111328125,-0.542236328125,0.227783203125,0.296875
14.873,289,725,628,542,23.0,23.0,8.0,75.98876953125,28.381345748901367,15.624999046325684,-0.6309814453125,0.2127685546875,0.2044677734375
14.878,291,800,654,538,23.0,23.0,8.0,75.98876953125,28.381345748901367,15.624999046325684,-0.71044921875,0.1226806640625,0.150146484375
14.887,290,806,644,582,23.0,23.0,8.0,56.579586029052734,14.404295921325684,17.9443359375,-0.71044921875,0.1226806640625,0.150146484375
14.900,289,938,634,539,22.0,22.0,10.0,43.945308685302734,2.990722417831421,18.49365234375,-0.80322265625,0.0145263671875,0.0972900390625
14.908,289,971,646,603,22.0,22.0,10.0,39.36767578125,-5.676269054412842,17.51708984375,-0.80322265625,0.0145263671875,0.0972900390625
14.916,289,1022,638,614,22.0,22.0,10.0,39.1845703125,-10.620116233825684,16.11328125,-0.8455810546875,0.009521484375,0.0860595703125
14.930,289,1120,601,601,22.0,22.0,10.0,39.48974609375,-12.878417015075684,15.319823265075684,-0.8741455078125,0.1083984375,0.1217041015625
14.945,289,1163,619,658,22.0,22.0,10.0,37.2314453125,-15.502928733825684,15.380858421325684,-0.8741455078125,0.1083984375,0.1217041015625
14.946,292,1228,621,667,22.0,22.0,10.0,30.761716842651367,-21.972654342651367,14.831542015075684,-0.8829345703125,0.1395263671875,0.150146484375
14.971,295,1334,594,644,22.0,22.0,10.0,21.301267623901367,-32.2265625,13.000487327575684,-0.8231201171875,0.0499267578125,0.1217041015625
14.971,294,1413,644,705,22.0,22.0,10.0,12.451170921325684,-42.846675872802734,11.169432640075684,-0.8231201171875,0.0499267578125,0.1217041015625
14.981,305,1504,684,713,22.0,22.0,10.0,8.7890625,-51.147457122802734,9.58251953125,-0.7247314453125,0.0255126953125,0.0999755859375
14.990,316,1555,744,759,22.0,22.0,10.0,11.230467796325684,-56.701656341552734,6.164550304412842,-0.407958984375,0.151611328125,0.160400390625
14.998,324,1580,879,899,24.0,21.0,11.0,11.901854515075684,-59.082027435302734,-1.9531248807907104,-0.407958984375,0.151611328125,0.160400390625
15.006,331,1694,1005,917,24.0,21.0,11.0,-0.0610351525247097,-56.030269622802734,-17.4560546875,-0.233154296875,0.203125,0.148193359375
15.020,402,1624,1155,1070,24.0,21.0,11.0,-32.53173828125,-45.471187591552734,-38.9404296875,-0.333740234375,-0.0447998046875,0.0648193359375
15.028,414,1746,1357,1229,24.0,21.0,11.0,-77.5146484375,-27.221677780151367,-58.105464935302734,-0.333740234375,-0.0447998046875,0.0648193359375
15.036,431,1894,1534,1362,24.0,21.0,11.0,-103.63768768310547,-5.493163585662842,-64.8193359375,-0.505859375,-0.182861328125,0.11181640625
15.052,473,1929,1428,1393,24.0,21.0,11.0,-90.27098846435547,10.009765625,-57.067867279052734,-0.775146484375,0.0423583984375,0.114013671875
15.075,485,2041,1543,1580,24.0,21.0,11.0,-55.969234466552734,12.695311546325684,-41.870113372802734,-0.775146484375,0.0423583984375,0.114013671875
15.076,490,2141,1564,1643,24.0,21.0,11.0,-32.04345703125,3.112792730331421,-26.367185592651367,-0.839599609375,0.362548828125,0.21240234375
15.080,521,2217,1636,1757,24.0,21.0,11.0,-27.893064498901367,-12.207030296325684,-18.37158203125,-0.9530029296875,0.5201416015625,0.7476806640625
15.094,519,2233,1718,1798,24.0,21.0,11.0,-37.29248046875,-22.766111373901367,-20.141599655151367,-0.9530029296875,0.5201416015625,0.7476806640625
15.097,527,2278,1757,1824,27.0,22.0,1.0,-59.631343841552734,-25.329587936401367,-27.587888717651367,-1.0809326171875,0.4437255859375,1.0955810546875
15.110,518,2253,1761,1598,27.0,22.0,1.0,-88.19579315185547,-19.71435546875,-36.9873046875,-1.322265625,0.22607421875,1.216796875
15.118,522,2290,1881,1766,27.0,22.0,1.0,-95.76415252685547,-4.21142578125,-42.663570404052734,-1.79638671875,-0.0341796875,1.0389404296875
15.126,525,2295,1874,1761,27.0,22.0,1.0,-76.96533203125,11.413573265075684,-45.471187591552734,-2.3223876953125,-0.5810546875,0.6334228515625
15.143,495,2341,1759,1580,27.0,22.0,1.0,-36.7431640625,22.033689498901367,-47.729488372802734,-2.46337890625,-0.929931640625,0.1483154296875
15.148,508,2442,1705,1569,27.0,22.0,1.0,17.822265625,28.320310592651367,-43.640132904052734,-1.9364013671875,-0.485107421875,-0.1348876953125
15.176,504,2303,1878,1715,27.0,22.0,1.0,53.955074310302734,24.536130905151367,-35.5224609375,-1.3482666015625,0.0042724609375,-0.0283203125
15.176,490,2284,1861,1666,27.0,22.0,1.0,41.137691497802734,14.648436546325684,-25.146482467651367,-1.3809814453125,-0.02197265625,0.2381591796875
15.178,445,2394,1754,1553,27.0,22.0,1.0,-9.58251953125,6.469726085662842,-7.507323741912842,-1.739501953125,-0.3092041015625,0.347412109375
15.186,464,2281,1904,1579,27.0,22.0,1.0,-48.522945404052734,-4.57763671875,14.892577171325684,-1.9168701171875,-0.4150390625,0.3245849609375
15.206,427,2217,1766,1323,24.0,19.0,6.0,-55.786128997802734,-22.521970748901367,36.31591796875,-1.7916259765625,-0.3056640625,0.3018798828125
15.208,372,2435,1653,1380,24.0,19.0,6.0,-49.438472747802734,-40.527339935302734,55.175777435302734,-1.523193359375,-0.1602783203125,0.3031005859375
15.216,388,2161,1800,1318,24.0,19.0,6.0,-41.442867279052734,-52.307125091552734,70.6787109375,-1.268798828125,-0.099609375,0.2998046875
15.230,376,1996,1627,1095,24.0,19.0,6.0,-28.930662155151367,-56.518550872802734,81.35985565185547,-1.073974609375,-0.0948486328125,0.3089599609375
15.238,374,1904,1634,1173,24.0,19.0,6.0,-10.192870140075684,-51.879878997802734,85.75438690185547,-0.9254150390625,-0.056640625,0.3741455078125
15.247,360,1850,1529,1170,24.0,19.0,6.0,6.896972179412842,-36.1328125,80.87157440185547,-0.8013916015625,0.011474609375,0.4913330078125
15.260,351,1702,1278,934,24.0,19.0,6.0,15.441893577575684,-10.009765625,65.49072265625,-0.702392578125,0.07470703125,0.6104736328125
15.281,344,1597,1216,974,24.0,19.0,6.0,18.24951171875,19.47021484375,44.860836029052734,-0.636962890625,0.1605224609375,0.663818359375
15.281,359,1424,1014,819,24.0,19.0,6.0,18.5546875,44.311519622802734,27.526853561401367,-0.578125,0.2030029296875,0.614501953125
15.290,323,1390,865,747,24.0,25.0,9.0,18.85986328125,61.950679779052734,16.4794921875,-0.5147705078125,0.0892333984375,0.5042724609375
15.299,316,1318,853,728,24.0,25.0,9.0,27.648923873901367,73.974609375,10.437010765075684,-0.4632568359375,-0.087890625,0.3822021484375
15.306,306,1267,815,644,24.0,25.0,9.0,49.499507904052734,82.09227752685547,6.958007335662842,-0.46484375,-0.1783447265625,0.287841796875
15.330,299,922,740,537,24.0,25.0,9.0,74.21875,85.81542205810547,3.356933355331421,-0.5196533203125,-0.1552734375,0.2061767578125
15.337,294,748,739,543,24.0,25.0,9.0,91.73583221435547,85.51024627685547,-0.30517578125,-0.585205078125,-0.059326171875,0.1309814453125
15.350,295,632,731,509,24.0,25.0,9.0,100.21971893310547,82.39745330810547,-2.563476324081421,-0.642822265625,0.052001953125,0.110107421875
15.355,291,539,689,490,24.0,25.0,9.0,94.84862518310547,74.27978515625,-2.25830078125,-0.6800537109375,0.1500244140625,0.1295166015625
15.363,291,518,684,509,24.0,25.0,9.0,72.08251953125,59.020992279052734,1.8920897245407104,-0.7159423828125,0.1865234375,0.139404296875
15.384,289,512,677,499,24.0,25.0,9.0,41.931148529052734,40.10009765625,8.23974609375,-0.757080078125,0.14599609375,0.1099853515625
15.384,290,553,647,430,24.0,25.0,9.0,20.751951217651367,22.338865280151367,13.610838890075684,-0.7769775390625,0.089599609375,0.0499267578125
15.388,289,559,669,500,20.0,22.0,7.0,14.831542015075684,8.23974609375,16.66259765625,-0.758056640625,0.058349609375,-0.01025390625
15.396,291,580,678,485,20.0,22.0,7.0,18.00537109375,-2.25830078125,17.08984375,-0.6961669921875,0.02197265625,-0.05126953125
15.410,287,691,649,525,20.0,22.0,7.0,23.925779342651367,-9.09423828125,14.404295921325684,-0.6380615234375,-0.0206298828125,-0.0655517578125
15.418,290,841,654,588,20.0,22.0,7.0,31.494138717651367,-12.573241233825684,9.94873046875,-0.6597900390625,-0.0098876953125,-0.014404296875
15.431,289,923,651,614,20.0,22.0,7.0,37.59765625,-15.808104515075684,6.591796398162842,-0.73828125,0.0577392578125,0.1273193359375
15.440,291,1097,605,620,20.0,22.0,7.0,36.62109375,-20.629880905151367,5.0048828125,-0.8038330078125,0.1162109375,0.283935546875
15.450,290,1178,625,680,20.0,22.0,7.0,26.245115280151367,-25.329587936401367,3.967284917831421,-0.8524169921875,0.1337890625,0.34814453125
15.456,294,1268,623,691,20.0,22.0,7.0,9.8876953125,-28.137205123901367,2.563476324081421,-0.8919677734375,0.123779296875,0.3138427734375
15.486,298,1383,607,695,20.0,22.0,7.0,-6.713866710662842,-29.785154342651367,1.4648436307907104,-0.896484375,0.0921630859375,0.2459716796875
15.486,300,1478,673,761,20.0,22.0,7.0,-17.88330078125,-32.77587890625,1.03759765625,-0.85888671875,0.068115234375,0.1885986328125
15.487,304,1523,710,777,22.0,25.0,11.0,-22.644041061401367,-37.53662109375,-0.0610351525247097,-0.7525634765625,0.08544921875,0.1368408203125
15.500,323,1634,820,759,22.0,25.0,11.0,-27.526853561401367,-41.503902435302734,-5.249022960662842,-0.546142578125,0.11572265625,0.0670166015625
15.508,343,1610,959,966,22.0,25.0,11.0,-41.870113372802734,-42.297359466552734,-18.5546875,-0.341552734375,0.1085205078125,0.0028076171875
15.516,363,1693,1115,1009,22.0,25.0,11.0,-67.0166015625,-40.405269622802734,-37.59765625,-0.23828125,0.0369873046875,-0.029296875
15.530,405,1733,1278,1069,22.0,25.0,11.0,-91.00341033935547,-34.3017578125,-52.062984466552734,-0.2635498046875,-0.0836181640625,0.00439453125
15.544,378,1999,1529,1108,22.0,25.0,11.0,-93.32274627685547,-25.024412155151367,-52.124019622802734,-0.357177734375,-0.185302734375,0.1063232421875
15.546,414,2218,1415,1236,22.0,25.0,11.0,-65.4296875,-17.578125,-39.61181640625,-0.4732666015625,-0.17822265625,0.1834716796875
15.560,472,2032,1503,1366,22.0,25.0,11.0,-28.198240280151367,-13.366698265075684,-25.329587936401367,-0.646728515625,-0.0599365234375,0.2208251953125
15.591,501,2167,1627,1689,22.0,25.0,11.0,-10.437010765075684,-15.808104515075684,-12.817381858825684,-1.079345703125,0.3037109375,0.5660400390625
15.591,508,2306,1623,1600,24.0,25.0,9.0,-34.85107421875,-17.7001953125,-11.840819358825684,-1.2060546875,0.58154296875,0.7603759765625
15.599,509,2348,1744,1743,24.0,25.0,9.0,-63.171382904052734,-14.099120140075684,-17.578125,-1.267578125,0.7000732421875,0.9532470703125
15.606,508,2317,1813,1742,24.0,25.0,9.0,-63.171382904052734,-14.099120140075684,-17.578125,-1.474609375,0.451416015625,1.0572509765625
15.619,458,2443,1846,1433,24.0,25.0,9.0,-75.1953125,4.7607421875,-45.288082122802734,-1.8984375,-0.1744384765625,0.9185791015625
15.628,464,2421,1954,1588,24.0,25.0,9.0,-50.964351654052734,15.197752952575684,-53.100582122802734,-2.3001708984375,-0.805419921875,0.552734375
15.636,430,2507,1970,1492,24.0,25.0,9.0,-50.964351654052734,15.197752952575684,-53.100582122802734,-2.3095703125,-0.7750244140625,0.1068115234375
15.656,419,2484,1862,1330,24.0,25.0,9.0,50.170894622802734,24.902341842651367,-37.41455078125,-1.7506103515625,-0.2529296875,-0.0787353515625
15.658,424,2449,2012,1143,24.0,25.0,9.0,73.8525390625,19.59228515625,-27.282712936401367,-1.287841796875,0.0052490234375,0.085693359375
15.666,428,2442,1968,1474,24.0,25.0,9.0,73.8525390625,19.59228515625,-27.282712936401367,-1.4239501953125,-0.1585693359375,0.264404296875
15.694,418,2421,1828,1303,24.0,25.0,9.0,4.57763671875,4.8828125,3.417968511581421,-1.7440185546875,-0.3798828125,0.2586669921875
15.694,418,2456,1904,1419,23.0,22.0,6.0,-27.465818405151367,-7.446288585662842,27.038572311401367,-1.8397216796875,-0.3575439453125,0.2120361328125
15.696,411,2384,1882,1411,23.0,22.0,6.0,-27.465818405151367,-7.446288585662842,27.038572311401367,-1.6676025390625,-0.185546875,0.2427978515625
15.710,396,2308,1743,1188,23.0,22.0,6.0,-30.700681686401367,-39.6728515625,60.058589935302734,-1.41259765625,-0.00927734375,0.3118896484375
15.718,388,2207,1800,1306,23.0,22.0,6.0,-29.052732467651367,-43.701168060302734,66.46728515625,-1.2130126953125,0.1064453125,0.36962890625
15.726,387,2089,1741,1276,23.0,22.0,6.0,-29.052732467651367,-43.701168060302734,66.46728515625,-1.0723876953125,0.1439208984375,0.40087890625
15.740,376,1918,1546,1067,23.0,22.0,6.0,-21.301267623901367,-28.930662155151367,61.950679779052734,-0.974365234375,0.138671875,0.4183349609375
15.748,369,1837,1557,1148,23.0,22.0,6.0,-14.587401390075684,-12.390135765075684,53.405757904052734,-0.91845703125,0.1279296875,0.431640625
15.757,371,1735,1429,1104,23.0,22.0,6.0,-14.587401390075684,-12.390135765075684,53.405757904052734,-0.877197265625,0.15576171875,0.4384765625
15.770,353,1595,1198,895,23.0,22.0,6.0,-13.549803733825684,31.860349655151367,27.648923873901367,-0.822509765625,0.2103271484375,0.429931640625
15.799,348,1474,1097,905,23.0,22.0,6.0,-15.869139671325684,47.546382904052734,18.310546875,-0.734130859375,0.1754150390625,0.3951416015625
15.799,337,1383,960,818,23.0,22.0,7.0,-15.869139671325684,47.546382904052734,18.310546875,-0.6181640625,-0.0299072265625,0.335693359375
15.800,318,1163,844,548,23.0,22.0,7.0,4.08935546875,65.61279296875,7.507323741912842,-0.55029296875,-0.2808837890625,0.27294921875
15.809,304,972,773,601,23.0,22.0,7.0,33.87451171875,72.8759765625,3.356933355331421,-0.565185546875,-0.3951416015625,0.2137451171875
15.816,299,720,705,571,23.0,22.0,7.0,33.87451171875,72.8759765625,3.356933355331421,-0.565185546875,-0.3951416015625,0.2137451171875
15.830,287,519,658,485,23.0,22.0,7.0,93.20067596435547,76.66015625,1.2817381620407104,-0.6142578125,-0.212158203125,0.111572265625
15.838,279,485,642,490,23.0,22.0,7.0,93.20067596435547,76.66015625,1.2817381620407104,-0.605224609375,-0.013671875,0.1649169921875
15.846,282,509,628,454,23.0,22.0,7.0,111.02294158935547,70.3125,5.371093273162842,-0.605224609375,-0.013671875,0.1649169921875
15.860,280,478,593,464,23.0,22.0,7.0,88.19579315185547,33.203125,21.301267623901367,-0.673828125,0.254150390625,0.1993408203125
15.868,280,473,606,482,23.0,22.0,7.0,88.19579315185547,33.203125,21.301267623901367,-0.7197265625,0.2069091796875,0.1187744140625
15.893,280,482,614,484,23.0,22.0,7.0,56.701656341552734,14.282225608825684,28.625486373901367,-0.7197265625,0.2069091796875,0.1187744140625
15.894,276,518,603,478,22.0,27.0,11.0,19.6533203125,-5.0048828125,24.902341842651367,-0.68994140625,0.05078125,0.026611328125
15.907,280,519,616,483,22.0,27.0,11.0,19.6533203125,-5.0048828125,24.902341842651367,-0.61376953125,0.01806640625,0.0059814453125
15.907,279,532,607,490,22.0,27.0,11.0,19.53125,-9.21630859375,17.822265625,-0.61376953125,0.01806640625,0.0059814453125
15.919,282,548,617,487,22.0,27.0,11.0,35.5224609375,-8.544921875,6.896972179412842,-0.5335693359375,0.037109375,0.0709228515625
15.928,286,566,643,518,22.0,27.0,11.0,35.5224609375,-8.544921875,6.896972179412842,-0.6319580078125,0.0819091796875,0.1875
15.936,282,638,651,523,22.0,27.0,11.0,45.166011810302734,-6.408690929412842,4.08935546875,-0.6319580078125,0.0819091796875,0.1875
15.949,289,900,601,562,22.0,27.0,11.0,48.156734466552734,-15.136717796325684,2.990722417831421,-0.8646240234375,0.123291015625,0.365966796875
15.958,277,1029,594,651,22.0,27.0,11.0,48.156734466552734,-15.136717796325684,2.990722417831421,-0.88037109375,0.1612548828125,0.368896484375
15.966,291,1116,594,673,22.0,27.0,11.0,40.10009765625,-20.568845748901367,4.5166015625,-0.88037109375,0.1612548828125,0.368896484375
16.001,293,1241,579,675,22.0,25.0,13.0,11.779784202575684,-32.89794921875,2.807616949081421,-0.8780517578125,0.2705078125,0.1146240234375
16.001,298,1444,677,707,22.0,25.0,13.0,11.779784202575684,-32.89794921875,2.807616949081421,-0.883056640625,0.2674560546875,-0.00732421875
16.001,300,1416,691,749,22.0,25.0,13.0,-5.798339366912842,-44.860836029052734,-2.746581792831421,-0.883056640625,0.2674560546875,-0.00732421875
16.013,307,1534,787,739,22.0,25.0,13.0,-23.742673873901367,-68.90869140625,-16.9677734375,-0.6539306640625,0.1829833984375,0.0745849609375
16.018,333,1519,905,912,22.0,25.0,13.0,-23.742673873901367,-68.90869140625,-16.9677734375,-0.3675537109375,0.147216796875,0.064697265625
16.026,351,1506,980,992,22.0,25.0,13.0,-22.338865280151367,-73.05908203125,-29.663084030151367,-0.3675537109375,0.147216796875,0.064697265625
16.040,382,1577,1151,998,22.0,25.0,13.0,-33.87451171875,-67.5048828125,-48.400875091552734,-0.189697265625,-0.049072265625,0.042236328125
16.048,385,1705,1380,1109,22.0,25.0,13.0,-55.480953216552734,-53.710933685302734,-62.744136810302734,-0.189697265625,-0.049072265625,0.042236328125
16.056,391,1798,1499,1172,22.0,25.0,13.0,-61.401363372802734,-36.92626953125,-64.27001953125,-0.27978515625,-0.0848388671875,0.1668701171875
16.070,409,1973,1578,1160,22.0,25.0,13.0,-46.203609466552734,-21.606443405151367,-56.640621185302734,-0.5687255859375,0.100830078125,0.2117919921875
16.078,458,1981,1662,1476,26.0,23.0,5.0,-36.0107421875,-11.535643577575684,-47.119136810302734,-0.5687255859375,0.100830078125,0.2117919921875
16.099,473,2048,1739,1557,26.0,23.0,5.0,-44.860836029052734,-10.803221702575684,-39.12353515625,-0.806884765625,0.1815185546875,0.322998046875
16.100,487,2630,1819,1555,26.0,23.0,5.0,-71.77734375,-18.00537109375,-32.16552734375,-1.37646484375,0.2462158203125,0.8221435546875
16.108,491,2124,1894,1615,26.0,23.0,5.0,-121.64305877685547,-28.015134811401367,-26.306150436401367,-1.37646484375,0.2462158203125,0.8221435546875
16.118,499,2205,1914,1650,26.0,23.0,5.0,-165.34422302246094,-33.447265625,-24.353025436401367,-1.5892333984375,-0.41357421875,0.894287109375
16.130,441,2448,1920,1372,26.0,23.0,5.0,-139.46533203125,-24.719236373901367,-25.268552780151367,-2.123779296875,-0.5697021484375,0.5386962890625
16.138,442,2479,2028,1529,26.0,23.0,5.0,-45.471187591552734,-6.652831554412842,-23.376462936401367,-2.123779296875,-0.5697021484375,0.5386962890625
16.147,431,2484,2012,1501,26.0,23.0,5.0,41.076656341552734,2.990722417831421,-17.63916015625,-2.279541015625,-0.1300048828125,0.4871826171875
16.160,423,2442,1861,1323,26.0,23.0,5.0,72.3876953125,-0.30517578125,-10.986327171325684,-1.2685546875,-0.0662841796875,0.419921875
16.168,430,2440,2108,1422,26.0,23.0,5.0,71.77734375,-5.554198741912842,-8.056640625,-1.2685546875,-0.0662841796875,0.419921875
16.176,431,2432,1971,1497,24.0,21.0,9.0,74.951171875,-4.45556640625,-7.995604991912842,-0.92578125,-0.0946044921875,0.4571533203125
16.201,433,2417,1852,1336,24.0,21.0,9.0,61.096187591552734,3.112792730331421,-0.6713866591453552,-1.8297119140625,0.0447998046875,0.3505859375
16.202,418,2396,2005,949,24.0,21.0,9.0,15.136717796325684,12.451170921325684,13.488768577575684,-1.8297119140625,0.0447998046875,0.3505859375
16.206,430,2394,1945,1422,24.0,21.0,9.0,-26.672361373901367,16.357421875,21.057126998901367,-1.9378662109375,0.125,0.3048095703125
16.230,419,2102,1820,1243,24.0,21.0,9.0,-44.616695404052734,13.916014671325684,18.06640625,-1.3739013671875,0.1021728515625,0.416259765625
16.230,411,2056,2207,1105,24.0,21.0,9.0,-50.476070404052734,11.718749046325684,11.779784202575684,-1.3739013671875,0.1021728515625,0.416259765625
16.236,413,1968,1848,1302,24.0,21.0,9.0,-53.039546966552734,14.526366233825684,8.544921875,-1.1776123046875,0.0255126953125,0.4027099609375
16.250,400,1826,1669,1122,24.0,21.0,9.0,-51.452632904052734,20.324705123901367,9.521484375,-1.0885009765625,-0.010498046875,0.380859375
16.258,391,1750,1703,1188,24.0,21.0,9.0,-48.889156341552734,24.475095748901367,14.465331077575684,-1.05126953125,0.0208740234375,0.3865966796875
16.266,377,1693,1638,1115,24.0,21.0,9.0,-50.170894622802734,25.939939498901367,21.179197311401367,-1.0213623046875,0.005859375,0.365234375
16.280,371,1527,1393,923,26.0,22.0,3.0,-52.062984466552734,26.733396530151367,26.062009811401367,-0.9808349609375,-0.0902099609375,0.3111572265625
16.303,359,1452,1302,933,26.0,22.0,3.0,-48.339839935302734,27.160642623901367,28.564451217651367,-0.9129638671875,-0.23193359375,0.2471923828125
16.303,336,1483,1173,792,26.0,22.0,3.0,-36.07177734375,27.770994186401367,30.151365280151367,-0.802490234375,-0.3756103515625,0.188232421875
16.310,324,1173,966,744,26.0,22.0,3.0,-12.756346702575684,30.151365280151367,31.677244186401367,-0.6783447265625,-0.4410400390625,0.153076171875
16.318,308,1095,907,694,26.0,22.0,3.0,18.49365234375,34.36279296875,33.5693359375,-0.579345703125,-0.4183349609375,0.1507568359375
16.340,308,986,826,692,26.0,22.0,3.0,48.889156341552734,39.36767578125,34.48486328125,-0.526123046875,-0.407470703125,0.1514892578125
16.340,299,774,721,590,26.0,22.0,3.0,74.64599609375,45.776363372802734,33.0810546875,-0.548583984375,-0.4019775390625,0.1480712890625
16.348,294,656,711,576,26.0,22.0,3.0,97.96141815185547,51.818843841552734,31.127927780151367,-0.6016845703125,-0.2451171875,0.1810302734375
16.356,289,562,694,574,26.0,22.0,3.0,117.00438690185547,52.429195404052734,31.127927780151367,-0.572021484375,0.0679931640625,0.238525390625
16.372,292,527,666,525,20.0,26.0,8.0,124.02342987060547,44.738765716552734,31.860349655151367,-0.4783935546875,0.345458984375,0.2747802734375
16.378,292,576,675,519,20.0,26.0,8.0,116.69921112060547,30.334470748901367,31.188962936401367,-0.4339599609375,0.4710693359375,0.271240234375
16.386,292,568,667,543,20.0,26.0,8.0,99.73143768310547,13.549803733825684,29.052732467651367,-0.4716796875,0.4739990234375,0.2303466796875
16.404,291,636,639,546,20.0,26.0,8.0,78.18603515625,-1.0986328125,26.000974655151367,-0.5577392578125,0.40771484375,0.1619873046875
16.408,291,731,656,562,20.0,26.0,8.0,55.236812591552734,-10.375975608825684,22.277830123901367,-0.657470703125,0.29443359375,0.0989990234375
16.416,291,794,660,584,20.0,26.0,8.0,35.58349609375,-13.305663108825684,17.76123046875,-0.747802734375,0.1588134765625,0.0721435546875
16.445,293,917,631,590,20.0,26.0,8.0,23.864744186401367,-11.474608421325684,13.122557640075684,-0.8125,0.0650634765625,0.0855712890625
16.445,289,984,639,634,20.0,26.0,8.0,18.06640625,-8.6669921875,9.27734375,-0.8544921875,0.0540771484375,0.1392822265625
16.446,291,1043,631,651,20.0,26.0,8.0,12.268065452575684,-8.60595703125,6.225585460662842,-0.882568359375,0.1038818359375,0.2113037109375
16.460,292,1160,607,638,20.0,26.0,8.0,3.784179449081421,-11.474608421325684,3.234863042831421,-0.8883056640625,0.1475830078125,0.2510986328125
16.468,292,1206,654,694,23.0,30.0,12.0,-6.408690929412842,-15.197752952575684,-0.4272460639476776,-0.881103515625,0.1353759765625,0.229248046875
16.476,299,1279,679,710,23.0,30.0,12.0,-15.319823265075684,-19.22607421875,-4.39453125,-0.8748779296875,0.086181640625,0.152099609375
16.506,306,1294,689,757,23.0,30.0,12.0,-22.338865280151367,-24.169919967651367,-7.385253429412842,-0.8577880859375,0.0411376953125,0.0665283203125
16.508,305,1411,811,762,23.0,30.0,12.0,-30.517576217651367,-29.479978561401367,-9.58251953125,-0.8138427734375,0.0113525390625,0.01318359375
16.508,318,1419,842,803,23.0,30.0,12.0,-43.762203216552734,-33.38623046875,-12.451170921325684,-0.763671875,-0.0015869140625,-0.00927734375
16.520,334,1433,885,853,23.0,30.0,12.0,-62.499996185302734,-34.72900390625,-15.197752952575684,-0.7611083984375,-0.0042724609375,0.004150390625
16.528,346,1536,998,900,23.0,30.0,12.0,-79.4677734375,-34.423828125,-15.014647483825684,-0.8228759765625,-0.021484375,0.0521240234375
16.546,338,1550,1026,948,23.0,30.0,12.0,-84.96092987060547,-34.1796875,-10.559081077575684,-0.892822265625,-0.0523681640625,0.1060791015625
16.550,354,1640,1169,992,23.0,30.0,12.0,-74.15771484375,-35.70556640625,-3.234863042831421,-0.878173828125,-0.0897216796875,0.17578125
16.558,361,1695,1217,1032,23.0,30.0,12.0,-48.828121185302734,-39.97802734375,2.929687261581421,-0.739501953125,-0.1099853515625,0.261474609375
16.566,372,1739,1278,1104,23.0,25.0,4.0,-17.822265625,-44.738765716552734,3.967284917831421,-0.552490234375,-0.0928955078125,0.3330078125
16.580,414,1848,1283,1155,23.0,25.0,4.0,6.286620616912842,-44.250484466552734,-1.4648436307907104,-0.4051513671875,-0.0682373046875,0.4337158203125
16.588,419,1960,1450,1294,23.0,25.0,4.0,17.02880859375,-35.58349609375,-11.718749046325684,-0.3282470703125,-0.0048828125,0.5391845703125
16.611,455,1985,1447,1443,23.0,25.0,4.0,16.90673828125,-19.47021484375,-22.583005905151367,-0.3375244140625,0.1070556640625,0.56494140625
16.611,389,2354,1411,1455,23.0,25.0,4.0,13.305663108825684,-0.4882812201976776,-31.127927780151367,-0.4356689453125,0.231201171875,0.5789794921875
16.618,473,2292,1550,1603,23.0,25.0,4.0,10.009765625,11.962889671325684,-36.43798828125,-0.6077880859375,0.4405517578125,0.58544921875
16.626,479,2357,1602,1666,23.0,25.0,4.0,1.8920897245407104,16.7236328125,-39.12353515625,-0.81787109375,0.580078125,0.5792236328125
16.640,495,2421,1596,1548,23.0,25.0,4.0,-10.009765625,18.98193359375,-44.189449310302734,-1.0533447265625,0.6898193359375,0.5867919921875
16.650,470,2541,1811,1582,23.0,25.0,4.0,-25.512693405151367,14.892577171325684,-52.246089935302734,-1.247314453125,0.695068359375,0.6357421875
16.656,423,2608,1904,1469,23.0,25.0,4.0,-44.921871185302734,3.540038824081421,-57.617183685302734,-1.578369140625,0.291748046875,0.6405029296875
16.670,423,2565,1830,1328,27.0,22.0,2.0,-54.077144622802734,-4.39453125,-54.809566497802734,-2.1376953125,-0.52490234375,0.4224853515625
16.679,419,2613,1960,1433,27.0,22.0,2.0,-33.8134765625,-2.38037109375,-48.156734466552734,-2.5028076171875,-1.1273193359375,0.1148681640625
16.686,409,2664,1931,1427,27.0,22.0,2.0,21.789548873901367,2.01416015625,-41.015621185302734,-2.2269287109375,-0.82470703125,-0.0673828125
16.713,414,2534,1800,1316,27.0,22.0,2.0,76.84326171875,0.8544921278953552,-33.3251953125,-1.4324951171875,-0.1763916015625,0.02294921875
16.713,430,2521,1897,1478,27.0,22.0,2.0,90.57616424560547,-3.417968511581421,-25.878904342651367,-0.9798583984375,0.081787109375,0.2802734375
16.716,426,2557,1918,1474,27.0,22.0,2.0,50.415035247802734,-4.5166015625,-8.4228515625,-1.255859375,-0.072265625,0.3992919921875
16.730,418,2449,1805,1318,27.0,22.0,2.0,-16.7236328125,-2.01416015625,19.775390625,-1.7457275390625,-0.2396240234375,0.3372802734375
16.739,424,2419,1918,1456,27.0,22.0,2.0,-60.302730560302734,-2.746581792831421,42.480464935302734,-1.93115234375,-0.1585693359375,0.2799072265625
16.746,424,2432,1904,1411,27.0,22.0,2.0,-60.302730560302734,-2.746581792831421,42.480464935302734,-1.7530517578125,0.0347900390625,0.319580078125
16.760,411,2235,1770,1178,24.0,19.0,5.0,-66.89453125,-16.2353515625,51.940914154052734,-1.4700927734375,0.151611328125,0.38232421875
16.768,406,2118,1819,1341,24.0,19.0,5.0,-67.626953125,-15.747069358825684,51.147457122802734,-1.2752685546875,0.1435546875,0.4072265625
16.783,402,1980,1786,1303,24.0,19.0,5.0,-67.626953125,-15.747069358825684,51.147457122802734,-1.1875,0.1085205078125,0.408447265625
16.790,396,1800,1602,1101,24.0,19.0,5.0,-68.05419921875,1.9531248807907104,50.415035247802734,-1.145751953125,0.1136474609375,0.41162109375
16.798,385,1704,1613,1163,24.0,19.0,5.0,-65.36865234375,13.793944358825684,48.034664154052734,-1.091796875,0.06396484375,0.42138671875
16.816,385,1595,1521,1115,24.0,19.0,5.0,-65.36865234375,13.793944358825684,48.034664154052734,-1.013671875,-0.030517578125,0.4442138671875
16.820,362,1445,1278,966,24.0,19.0,5.0,-55.908199310302734,38.26904296875,32.2265625,-0.9071044921875,-0.0811767578125,0.4549560546875
16.828,352,1306,1151,891,24.0,19.0,5.0,-45.227046966552734,46.447750091552734,25.817869186401367,-0.759033203125,-0.1595458984375,0.41845703125
16.836,334,1160,1014,808,24.0,19.0,5.0,-45.227046966552734,46.447750091552734,25.817869186401367,-0.6004638671875,-0.32763671875,0.340576171875
16.850,315,887,802,625,24.0,19.0,5.0,5.0048828125,61.035152435302734,18.06640625,-0.5091552734375,-0.4912109375,0.2681884765625
16.864,300,666,755,591,26.0,23.0,4.0,46.997066497802734,68.4814453125,14.648436546325684,-0.5120849609375,-0.5457763671875,0.20654296875
16.866,289,531,697,513,26.0,23.0,4.0,46.997066497802734,68.4814453125,14.648436546325684,-0.5628662109375,-0.4327392578125,0.1553955078125
16.883,281,454,628,473,26.0,23.0,4.0,122.61962127685547,69.64111328125,16.17431640625,-0.6016845703125,-0.1683349609375,0.180419921875
16.910,281,493,625,461,26.0,23.0,4.0,142.76123046875,55.541988372802734,23.010251998901367,-0.6165771484375,0.119873046875,0.2611083984375
16.926,280,441,620,498,26.0,23.0,4.0,142.76123046875,55.541988372802734,23.010251998901367,-0.64111328125,0.332275390625,0.2825927734375
16.930,282,462,605,495,26.0,23.0,4.0,108.39842987060547,7.507323741912842,37.78076171875,-0.6685791015625,0.4344482421875,0.2025146484375
16.935,292,465,618,466,26.0,23.0,4.0,68.90869140625,-7.690429210662842,39.97802734375,-0.6414794921875,0.435791015625,0.1033935546875
16.942,286,482,614,512,26.0,23.0,4.0,68.90869140625,-7.690429210662842,39.97802734375,-0.5404052734375,0.3914794921875,0.0472412109375
16.942,282,533,603,469,26.0,23.0,4.0,19.775390625,-18.06640625,31.677244186401367,-0.41650390625,0.3330078125,-0.0015869140625
16.948,282,533,607,487,26.0,23.0,4.0,14.709471702575684,-18.6767578125,28.503416061401367,-0.3291015625,0.2449951171875,-0.0726318359375
16.956,286,537,606,484,20.0,22.0,8.0,14.709471702575684,-18.6767578125,28.503416061401367,-0.3291015625,0.2449951171875,-0.0726318359375
16.974,279,518,592,468,20.0,22.0,8.0,21.911619186401367,-11.047362327575684,23.498533248901367,-0.3768310546875,-0.02685546875,-0.127685546875
16.978,282,531,630,484,20.0,22.0,8.0,21.911619186401367,-11.047362327575684,23.498533248901367,-0.60595703125,-0.118896484375,-0.0609130859375
16.986,282,600,634,523,20.0,22.0,8.0,31.188962936401367,-7.324218273162842,21.301267623901367,-0.60595703125,-0.118896484375,-0.0609130859375
17.000,280,832,600,555,20.0,22.0,8.0,54.260250091552734,-16.17431640625,18.798828125,-1.028564453125,0.059814453125,0.508056640625
17.022,289,946,603,620,20.0,22.0,8.0,54.260250091552734,-16.17431640625,18.798828125,-0.9891357421875,0.321044921875,0.749267578125
17.022,289,1056,600,631,20.0,22.0,8.0,49.316402435302734,-25.451658248901367,17.2119140625,-0.9891357421875,0.321044921875,0.749267578125
17.030,292,1262,592,639,20.0,22.0,8.0,-8.60595703125,-25.329587936401367,1.3427733182907104,-0.8995361328125,0.35888671875,0.326171875
17.038,294,1336,618,707,20.0,22.0,8.0,-8.60595703125,-25.329587936401367,1.3427733182907104,-0.9095458984375,0.201904296875,-0.003173828125
17.046,300,1399,644,757,20.0,22.0,8.0,-33.8134765625,-22.888181686401367,-10.131834983825684,-0.9095458984375,0.201904296875,-0.003173828125
17.060,318,1452,733,820,22.0,28.0,12.0,-54.199214935302734,-39.61181640625,-28.686521530151367,-0.6888427734375,-0.097412109375,-0.086669921875
17.074,338,1427,855,991,22.0,28.0,12.0,-54.199214935302734,-39.61181640625,-28.686521530151367,-0.4156494140625,-0.0743408203125,-0.121337890625
17.077,351,1450,927,1063,22.0,28.0,12.0,-60.974117279052734,-47.058101654052734,-42.846675872802734,-0.4156494140625,-0.0743408203125,-0.121337890625
17.090,388,1540,1108,1050,22.0,28.0,12.0,-122.31444549560547,-32.40966796875,-62.744136810302734,-0.596923828125,-0.0260009765625,-0.045654296875
17.098,416,1598,1224,1251,22.0,28.0,12.0,-122.31444549560547,-32.40966796875,-62.744136810302734,-0.6639404296875,-0.173583984375,0.2451171875
17.126,438,1704,1292,1340,22.0,28.0,12.0,-131.77490234375,-24.230955123901367,-47.424312591552734,-0.6639404296875,-0.173583984375,0.2451171875
17.126,468,1813,1357,1395,22.0,28.0,12.0,-41.259761810302734,-13.916014671325684,-13.122557640075684,-0.6453857421875,0.048828125,0.325439453125
17.128,438,2128,1398,1523,22.0,28.0,12.0,-41.259761810302734,-13.916014671325684,-13.122557640075684,-0.7589111328125,0.1318359375,0.3851318359375
17.136,485,2054,1497,1624,22.0,28.0,12.0,-21.240232467651367,-18.4326171875,-9.6435546875,-0.7589111328125,0.1318359375,0.3851318359375
17.150,497,2203,1488,1543,22.0,28.0,12.0,-33.3251953125,-30.639646530151367,-7.263183116912842,-0.935791015625,0.250732421875,0.698974609375
17.158,487,2268,1634,1693,22.0,23.0,5.0,-33.3251953125,-30.639646530151367,-7.263183116912842,-1.056640625,0.395263671875,0.8543701171875
17.166,499,2279,1662,1730,22.0,23.0,5.0,-44.189449310302734,-29.541013717651367,-4.82177734375,-1.056640625,0.395263671875,0.8543701171875
17.183,461,2415,1695,1445,22.0,23.0,5.0,-48.461910247802734,-25.024412155151367,-8.1787109375,-1.6697998046875,0.2940673828125,0.9072265625
17.188,455,2456,1824,1546,22.0,23.0,5.0,-36.0107421875,-14.709471702575684,-16.90673828125,-1.6697998046875,0.2940673828125,0.9072265625
17.196,426,2484,1890,1476,22.0,23.0,5.0,-8.7890625,1.8920897245407104,-24.841306686401367,-2.2083740234375,0.158203125,0.5477294921875
17.226,415,2456,1757,1344,22.0,23.0,5.0,17.51708984375,13.122557640075684,-31.677244186401367,-1.9820556640625,-0.3828125,0.08056640625
17.234,430,2460,1847,1490,22.0,23.0,5.0,34.1796875,13.305663108825684,-40.893550872802734,-1.9820556640625,-0.3828125,0.08056640625
17.234,433,2432,1798,1440,22.0,23.0,5.0,49.682613372802734,12.939452171325684,-49.926753997802734,-1.246826171875,-0.2838134765625,0.1334228515625
17.240,431,2372,1761,1362,22.0,23.0,5.0,51.208492279052734,16.7236328125,-47.302242279052734,-1.3857421875,-0.043212890625,0.268798828125
17.251,438,2347,1865,1503,22.0,23.0,5.0,10.681151390075684,19.8974609375,-27.526853561401367,-1.3857421875,-0.043212890625,0.268798828125
17.256,438,2296,1852,1494,26.0,22.0,9.0,-43.762203216552734,17.39501953125,-1.8920897245407104,-1.6986083984375,-0.161376953125,0.2293701171875
17.270,418,2266,1735,1294,26.0,22.0,9.0,-67.138671875,6.652831554412842,16.7236328125,-1.5601806640625,-0.1126708984375,0.307373046875
17.278,419,2221,1834,1402,26.0,22.0,9.0,-63.171382904052734,-8.4228515625,27.526853561401367,-1.5601806640625,-0.1126708984375,0.307373046875
17.290,402,2225,1838,1331,26.0,22.0,9.0,-53.039546966552734,-21.850584030151367,35.70556640625,-1.3480224609375,-0.0242919921875,0.343017578125
17.300,386,2113,1781,1206,26.0,22.0,9.0,-45.288082122802734,-31.433103561401367,43.640132904052734,-1.099365234375,0.1124267578125,0.4024658203125
17.308,375,2008,1694,1215,26.0,22.0,9.0,-41.320796966552734,-37.353515625,52.001949310302734,-1.099365234375,0.1124267578125,0.4024658203125
17.328,371,1925,1636,1163,26.0,22.0,9.0,-40.588375091552734,-38.87939453125,60.852046966552734,-1.0142822265625,0.0899658203125,0.3853759765625
17.330,355,1811,1518,1043,26.0,22.0,9.0,-36.376953125,-33.75244140625,66.0400390625,-0.8575439453125,-0.000732421875,0.348876953125
17.338,360,1687,1416,1031,26.0,22.0,9.0,-25.512693405151367,-20.385740280151367,61.584468841552734,-0.8575439453125,-0.000732421875,0.348876953125
17.346,346,1592,1294,980,26.0,22.0,9.0,-14.282225608825684,0.0610351525247097,47.302242279052734,-0.771240234375,0.0157470703125,0.3822021484375
17.359,334,1452,1078,802,23.0,26.0,7.0,-6.591796398162842,22.644041061401367,29.846189498901367,-0.62890625,-0.07421875,0.4456787109375
17.368,328,1348,1024,852,23.0,26.0,7.0,0.2441406100988388,41.564937591552734,16.41845703125,-0.62890625,-0.07421875,0.4456787109375
17.376,328,1265,951,811,23.0,26.0,7.0,9.3994140625,56.823726654052734,8.85009765625,-0.6029052734375,-0.219970703125,0.403076171875
17.397,322,1050,763,739,23.0,26.0,7.0,24.230955123901367,70.068359375,4.82177734375,-0.6201171875,-0.32275390625,0.3524169921875
17.398,308,1079,835,594,23.0,26.0,7.0,44.738765716552734,78.61328125,2.563476324081421,-0.6593017578125,-0.2877197265625,0.2916259765625
17.408,302,859,723,661,23.0,26.0,7.0,65.24658203125,80.078125,1.9531248807907104,-0.6805419921875,-0.14404296875,0.2249755859375
17.430,299,731,687,644,23.0,26.0,7.0,83.74022674560547,75.68359375,3.906249761581421,-0.6669921875,0.0167236328125,0.208740234375
17.430,294,642,721,603,23.0,26.0,7.0,100.28075408935547,66.5283203125,8.48388671875,-0.6397705078125,0.13232421875,0.2301025390625
17.437,291,614,656,582,23.0,26.0,7.0,107.48290252685547,52.856441497802734,14.892577171325684,-0.635498046875,0.1895751953125,0.2366943359375
17.448,291,594,644,551,23.0,26.0,7.0,99.97557830810547,36.43798828125,22.094724655151367,-0.6678466796875,0.20458984375,0.2091064453125
17.459,289,631,651,454,22.0,25.0,0.0,84.35057830810547,19.95849609375,28.625486373901367,-0.716796875,0.1986083984375,0.1678466796875
17.467,286,630,633,490,22.0,25.0,0.0,70.98388671875,5.615233898162842,32.04345703125,-0.7415771484375,0.181396484375,0.1241455078125
17.475,287,644,634,527,22.0,25.0,0.0,64.51416015625,-5.0048828125,31.005857467651367,-0.74169921875,0.159912109375,0.0645751953125
17.489,289,749,617,525,22.0,25.0,0.0,63.110347747802734,-10.742186546325684,26.855466842651367,-0.742919921875,0.15380859375,0.0162353515625
17.502,289,829,628,574,22.0,25.0,0.0,61.828609466552734,-13.244627952575684,21.667478561401367,-0.7603759765625,0.171875,0.0355224609375
17.505,289,937,586,589,22.0,25.0,0.0,56.396480560302734,-15.991209983825684,16.357421875,-0.785400390625,0.1839599609375,0.12451171875
17.532,287,1034,578,594,22.0,25.0,0.0,47.119136810302734,-20.01953125,11.169432640075684,-0.7974853515625,0.160400390625,0.212158203125
17.533,290,1155,585,651,22.0,25.0,0.0,37.9638671875,-22.644041061401367,6.469726085662842,-0.7972412109375,0.1285400390625,0.22900390625
17.535,292,1233,588,660,22.0,25.0,0.0,29.907224655151367,-22.521970748901367,3.051757574081421,-0.7977294921875,0.12451171875,0.18798828125
17.551,299,1374,543,673,19.0,25.0,14.0,19.6533203125,-22.155759811401367,0.6103515625,-0.8043212890625,0.1298828125,0.142578125
17.557,298,1464,574,737,19.0,25.0,14.0,7.507323741912842,-25.024412155151367,-1.7700194120407104,-0.8128662109375,0.11865234375,0.1097412109375
17.571,294,1504,586,766,19.0,25.0,14.0,-1.7089842557907104,-32.1044921875,-4.638671875,-0.8050537109375,0.1065673828125,0.095458984375
17.579,300,1597,582,749,19.0,25.0,14.0,-5.615233898162842,-40.893550872802734,-7.690429210662842,-0.764892578125,0.1207275390625,0.1280517578125
17.590,304,1681,683,844,19.0,25.0,14.0,-7.751464366912842,-47.119136810302734,-12.145995140075684,-0.677978515625,0.1373291015625,0.208251953125
17.595,318,1646,744,960,19.0,25.0,14.0,-15.624999046325684,-47.302242279052734,-20.324705123901367,-0.5377197265625,0.1436767578125,0.2569580078125
17.609,360,1610,766,1056,19.0,25.0,14.0,-35.64453125,-39.9169921875,-32.77587890625,-0.3917236328125,0.12255859375,0.2279052734375
17.635,375,1681,868,1213,19.0,25.0,14.0,-63.232418060302734,-27.832029342651367,-47.424312591552734,-0.2720947265625,0.031005859375,0.1732177734375
17.636,385,1834,1010,1209,19.0,25.0,14.0,-80.2001953125,-16.11328125,-59.448238372802734,-0.2137451171875,-0.0623779296875,0.163818359375
17.639,413,2061,1312,1377,19.0,25.0,14.0,-75.74462890625,-6.591796398162842,-63.476558685302734,-0.2437744140625,-0.0614013671875,0.2322998046875
17.648,442,2074,1381,1488,23.0,22.0,5.0,-61.523433685302734,0.6103515625,-58.593746185302734,-0.4119873046875,0.0780029296875,0.259765625
17.655,464,2142,1411,1555,23.0,22.0,5.0,-57.678218841552734,5.310058116912842,-45.593257904052734,-0.7122802734375,0.28564453125,0.218505859375
17.669,485,2258,1439,1500,23.0,22.0,5.0,-60.791011810302734,4.5166015625,-27.770994186401367,-1.0404052734375,0.4503173828125,0.24560546875
17.677,470,2368,1598,1652,23.0,22.0,5.0,-61.035152435302734,-4.7607421875,-14.526366233825684,-1.2933349609375,0.5015869140625,0.37744140625
17.685,442,2521,1702,1596,23.0,22.0,5.0,-68.66455078125,-18.24951171875,-11.657713890075684,-1.439208984375,0.4207763671875,0.599365234375
17.699,383,2658,1714,1359,23.0,22.0,5.0,-82.33641815185547,-28.747556686401367,-13.977049827575684,-1.585205078125,0.2540283203125,0.78564453125
17.717,405,2703,1920,1401,23.0,22.0,5.0,-83.86229705810547,-28.381345748901367,-13.244627952575684,-1.873291015625,0.1114501953125,0.71337890625
17.717,402,2683,2230,1138,23.0,22.0,5.0,-65.85693359375,-15.563963890075684,-11.474608421325684,-2.2083740234375,-0.0548095703125,0.47802734375
17.736,390,2622,1895,1217,23.0,22.0,5.0,-37.4755859375,-3.845214605331421,-16.90673828125,-2.2330322265625,-0.337646484375,0.359130859375
17.737,404,2715,2056,766,23.0,22.0,5.0,-6.896972179412842,-0.7324218153953552,-28.930662155151367,-1.6851806640625,-0.5301513671875,0.361083984375
17.745,378,2621,1996,1340,24.0,23.0,2.0,24.780271530151367,3.601073980331421,-39.61181640625,-1.0201416015625,-0.42724609375,0.40576171875
17.759,406,2486,1816,1262,24.0,23.0,2.0,39.00146484375,14.526366233825684,-37.9638671875,-0.953369140625,-0.15869140625,0.433349609375
17.767,402,2440,1922,1422,24.0,23.0,2.0,13.854979515075684,26.733396530151367,-19.53125,-1.386474609375,0.012939453125,0.3680419921875
17.775,409,2391,1904,1427,24.0,23.0,2.0,13.854979515075684,26.733396530151367,-19.53125,-1.765380859375,0.0450439453125,0.27490234375
17.797,414,2280,1761,1257,24.0,23.0,2.0,-57.434078216552734,28.137205123901367,15.380858421325684,-1.7962646484375,0.03857421875,0.2537841796875
17.798,404,2195,1854,1383,24.0,23.0,2.0,-63.049312591552734,17.88330078125,17.63916015625,-1.584716796875,0.0694580078125,0.28271484375
17.806,410,2133,1811,1348,24.0,23.0,2.0,-63.049312591552734,17.88330078125,17.63916015625,-1.3468017578125,0.0826416015625,0.2991943359375
17.841,400,2018,1669,1132,24.0,23.0,2.0,-63.354488372802734,1.220703125,21.789548873901367,-1.18212890625,0.0521240234375,0.2930908203125
17.842,413,1904,1653,1206,24.0,23.0,2.0,-65.7958984375,-5.065917491912842,30.090330123901367,-1.0830078125,0.0528564453125,0.2784423828125
17.842,402,2102,1516,1104,24.0,23.0,2.0,-65.7958984375,-5.065917491912842,30.090330123901367,-1.0194091796875,0.04150390625,0.256103515625
17.849,365,1739,1543,1103,22.0,23.0,1.0,-58.837886810302734,-13.183592796325684,49.438472747802734,-0.988037109375,-0.030029296875,0.2391357421875
17.860,365,1615,1429,1078,22.0,23.0,1.0,-48.828121185302734,-9.82666015625,51.696773529052734,-0.9759521484375,-0.12158203125,0.23583984375
17.865,376,1429,1258,1063,22.0,23.0,1.0,-48.828121185302734,-9.82666015625,51.696773529052734,-0.94482421875,-0.2054443359375,0.2408447265625
17.879,344,1330,1067,829,22.0,23.0,1.0,-26.000974655151367,9.94873046875,45.654293060302734,-0.87109375,-0.2523193359375,0.262451171875
17.887,332,1173,1050,827,22.0,23.0,1.0,-7.141112804412842,22.033689498901367,42.297359466552734,-0.759033203125,-0.268310546875,0.2955322265625
17.895,323,1134,951,766,22.0,23.0,1.0,-7.141112804412842,22.033689498901367,42.297359466552734,-0.6627197265625,-0.3284912109375,0.31396484375
17.911,313,1048,806,675,22.0,23.0,1.0,38.02490234375,44.311519622802734,33.02001953125,-0.6353759765625,-0.4178466796875,0.309326171875
17.917,304,985,764,673,22.0,23.0,1.0,63.476558685302734,54.443355560302734,27.404783248901367,-0.6732177734375,-0.408203125,0.2923583984375
17.945,296,835,710,619,22.0,23.0,1.0,63.476558685302734,54.443355560302734,27.404783248901367,-0.72119140625,-0.2244873046875,0.26953125
17.945,289,620,646,527,21.0,25.0,6.0,118.59130096435547,63.964839935302734,26.672361373901367,-0.7059326171875,0.053466796875,0.2618408203125
17.950,289,533,656,512,21.0,25.0,6.0,136.3525390625,57.373043060302734,29.418943405151367,-0.6468505859375,0.271240234375,0.2835693359375
17.955,282,493,636,490,21.0,25.0,6.0,136.3525390625,57.373043060302734,29.418943405151367,-0.624267578125,0.3753662109375,0.3062744140625
17.969,289,481,620,445,21.0,25.0,6.0,119.44579315185547,24.047849655151367,27.770994186401367,-0.651123046875,0.3983154296875,0.2916259765625
17.977,280,463,631,490,21.0,25.0,6.0,119.44579315185547,24.047849655151367,27.770994186401367,-0.688720703125,0.3973388671875,0.2235107421875
17.990,280,479,624,493,21.0,25.0,6.0,89.96581268310547,7.446288585662842,26.306150436401367,-0.688720703125,0.3973388671875,0.2235107421875
18.013,279,464,601,513,21.0,25.0,6.0,38.330078125,-7.263183116912842,21.423337936401367,-0.6810302734375,0.3172607421875,0.0701904296875
18.013,278,495,607,439,21.0,25.0,6.0,38.330078125,-7.263183116912842,21.423337936401367,-0.6265869140625,0.220703125,0.060791015625
18.022,287,540,620,506,21.0,25.0,6.0,21.606443405151367,-8.1787109375,14.953612327575684,-0.6265869140625,0.220703125,0.060791015625
18.045,281,561,606,497,21.0,25.0,6.0,16.05224609375,-5.615233898162842,0.7934569716453552,-0.5858154296875,0.09423828125,0.0682373046875
18.045,289,633,594,506,22.0,28.0,6.0,16.05224609375,-5.615233898162842,0.7934569716453552,-0.6539306640625,0.0828857421875,0.0712890625
18.046,280,702,607,564,22.0,28.0,6.0,27.770994186401367,-1.2817381620407104,-3.540038824081421,-0.6539306640625,0.0828857421875,0.0712890625
18.062,282,920,562,580,22.0,28.0,6.0,48.095699310302734,-0.8544921278953552,-4.21142578125,-0.789794921875,0.1265869140625,0.1580810546875
18.067,286,1025,579,638,22.0,28.0,6.0,48.095699310302734,-0.8544921278953552,-4.21142578125,-0.834716796875,0.158935546875,0.1748046875
18.075,282,1112,579,666,22.0,28.0,6.0,43.029781341552734,-8.9111328125,-1.4038084745407104,-0.834716796875,0.158935546875,0.1748046875
18.089,291,1243,551,653,22.0,28.0,6.0,-0.1831054538488388,-30.212400436401367,0.3662109076976776,-0.9395751953125,0.1761474609375,0.1092529296875
18.097,289,1316,580,738,22.0,28.0,6.0,-0.1831054538488388,-30.212400436401367,0.3662109076976776,-0.9447021484375,0.1376953125,0.082275390625
18.105,291,1428,607,723,22.0,28.0,6.0,-22.949216842651367,-39.9169921875,-1.5869139432907104,-0.9447021484375,0.1376953125,0.082275390625
18.119,304,1428,667,786,22.0,28.0,6.0,-46.203609466552734,-52.429195404052734,-13.244627952575684,-0.620361328125,0.1126708984375,0.0726318359375
18.127,321,1412,756,946,22.0,28.0,6.0,-46.203609466552734,-52.429195404052734,-13.244627952575684,-0.399169921875,0.1712646484375,0.0404052734375
18.150,338,1411,867,962,22.0,24.0,5.0,-66.650390625,-53.161617279052734,-27.893064498901367,-0.399169921875,0.1712646484375,0.0404052734375
18.151,359,1541,959,986,22.0,24.0,5.0,-148.86474609375,-37.59765625,-57.067867279052734,-0.4342041015625,-0.014404296875,0.0406494140625
18.157,398,1669,1045,1125,22.0,24.0,5.0,-148.86474609375,-37.59765625,-57.067867279052734,-0.5018310546875,-0.2042236328125,0.2318115234375
18.169,419,1616,1269,1276,22.0,24.0,5.0,-157.77587890625,-26.733396530151367,-52.856441497802734,-0.5018310546875,-0.2042236328125,0.2318115234375
18.179,455,1747,1373,1310,22.0,24.0,5.0,-65.61279296875,-9.70458984375,-29.479978561401367,-0.5447998046875,-0.005859375,0.3079833984375
18.187,484,1763,1487,1534,22.0,24.0,5.0,-65.61279296875,-9.70458984375,-29.479978561401367,-0.7386474609375,0.1019287109375,0.339599609375
18.195,497,1855,1529,1588,22.0,24.0,5.0,-40.710445404052734,-10.070799827575684,-22.460935592651367,-0.7386474609375,0.1019287109375,0.339599609375
18.209,533,1900,1543,1574,22.0,24.0,5.0,-42.785640716552734,-15.991209983825684,-17.2119140625,-1.2698974609375,0.247802734375,0.692626953125
18.217,525,2047,1627,1669,22.0,24.0,5.0,-51.452632904052734,-22.155759811401367,-10.925292015075684,-1.2698974609375,0.247802734375,0.692626953125
18.225,506,2018,1697,1669,22.0,24.0,5.0,-57.067867279052734,-27.282712936401367,-4.57763671875,-1.4632568359375,0.3677978515625,0.90966796875
18.259,441,2272,1744,1317,22.0,25.0,8.0,-59.387203216552734,-33.0810546875,-3.540038824081421,-1.7274169921875,-0.1719970703125,0.786376953125
18.260,411,2428,1891,1348,22.0,25.0,8.0,-44.006343841552734,-32.71484375,-9.46044921875,-1.7274169921875,-0.1719970703125,0.786376953125
18.260,391,2481,2161,1243,22.0,25.0,8.0,1.7089842557907104,-19.59228515625,-14.831542015075684,-2.03759765625,-0.2626953125,0.3704833984375
18.269,400,2391,1772,1209,22.0,25.0,8.0,54.626461029052734,-5.371093273162842,-17.51708984375,-1.7098388671875,0.07470703125,0.1092529296875
18.277,402,2348,1878,1386,22.0,25.0,8.0,81.84813690185547,-0.3662109076976776,-23.315427780151367,-1.7098388671875,0.07470703125,0.1092529296875
18.286,409,2312,1877,1393,22.0,25.0,8.0,80.93260955810547,4.5166015625,-34.24072265625,-1.1673583984375,0.177978515625,0.282958984375
18.301,417,2229,1762,1253,22.0,25.0,8.0,56.091304779052734,15.808104515075684,-40.588375091552734,-1.461181640625,0.074951171875,0.3759765625
18.309,424,2183,1862,1366,22.0,25.0,8.0,6.286620616912842,26.855466842651367,-32.8369140625,-1.461181640625,0.074951171875,0.3759765625
18.317,426,2238,1716,1328,22.0,25.0,8.0,-41.564937591552734,30.029294967651367,-17.822265625,-1.7044677734375,-0.1014404296875,0.276611328125
18.330,411,2026,1798,1206,23.0,24.0,2.0,-60.241695404052734,24.230955123901367,-5.981444835662842,-1.5416259765625,-0.0523681640625,0.3050537109375
18.365,414,2026,1813,1310,23.0,24.0,2.0,-58.532711029052734,14.465331077575684,1.6479490995407104,-1.5416259765625,-0.0523681640625,0.3050537109375
18.365,402,1979,1781,1243,23.0,24.0,2.0,-53.344722747802734,4.7607421875,8.6669921875,-1.3675537109375,0.0333251953125,0.35595703125
18.365,383,1801,1635,1083,23.0,24.0,2.0,-49.926753997802734,-5.187987804412842,17.4560546875,-1.123779296875,0.0323486328125,0.3883056640625
18.370,375,1762,1595,1117,23.0,24.0,2.0,-48.522945404052734,-15.258788108825684,28.320310592651367,-1.123779296875,0.0323486328125,0.3883056640625
18.375,370,1666,1531,1050,23.0,24.0,2.0,-44.555660247802734,-21.118162155151367,39.00146484375,-1.0391845703125,-0.026123046875,0.320068359375
18.389,357,1529,1241,887,23.0,24.0,2.0,-34.72900390625,-19.4091796875,45.471187591552734,-0.855224609375,-0.1212158203125,0.174560546875
18.397,351,1416,1198,900,23.0,24.0,2.0,-22.033689498901367,-11.352538108825684,45.227046966552734,-0.855224609375,-0.1212158203125,0.174560546875
18.406,332,1266,1091,813,23.0,24.0,2.0,-7.934569835662842,1.220703125,40.0390625,-0.751708984375,-0.2213134765625,0.1405029296875
18.419,318,1201,946,668,23.0,24.0,2.0,10.559081077575684,15.075682640075684,33.8134765625,-0.59033203125,-0.2874755859375,0.1995849609375
18.427,317,1078,894,697,24.0,25.0,3.0,31.677244186401367,27.343748092651367,28.503416061401367,-0.59033203125,-0.2874755859375,0.1995849609375
18.435,313,1014,816,684,24.0,25.0,3.0,50.354000091552734,38.02490234375,22.888181686401367,-0.5892333984375,-0.3304443359375,0.21728515625
18.461,298,888,682,582,24.0,25.0,3.0,66.95556640625,46.936031341552734,17.63916015625,-0.65087890625,-0.3018798828125,0.205078125
18.461,292,788,657,526,24.0,25.0,3.0,83.25194549560547,53.283687591552734,15.258788108825684,-0.7119140625,-0.1453857421875,0.1864013671875
18.465,290,744,673,532,24.0,25.0,3.0,95.64208221435547,54.565425872802734,16.9677734375,-0.7049560546875,0.0771484375,0.1978759765625
18.480,282,624,631,484,24.0,25.0,3.0,100.83007049560547,47.973628997802734,21.362302780151367,-0.63037109375,0.2510986328125,0.241943359375
18.487,282,576,625,514,24.0,25.0,3.0,96.19139862060547,34.48486328125,25.634763717651367,-0.5614013671875,0.3135986328125,0.279296875
18.495,277,546,625,513,24.0,25.0,3.0,82.15331268310547,19.10400390625,28.686521530151367,-0.5623779296875,0.2974853515625,0.2823486328125
18.508,282,561,608,485,24.0,25.0,3.0,65.185546875,6.164550304412842,30.944822311401367,-0.6263427734375,0.259521484375,0.260009765625
18.519,280,579,625,513,24.0,25.0,3.0,52.185054779052734,-3.051757574081421,32.16552734375,-0.6964111328125,0.2122802734375,0.23583984375
18.527,286,607,614,512,19.0,25.0,4.0,44.555660247802734,-8.7890625,31.555173873901367,-0.7244873046875,0.1614990234375,0.2269287109375
18.555,287,669,614,518,19.0,25.0,4.0,40.649410247802734,-11.718749046325684,28.442380905151367,-0.7198486328125,0.123779296875,0.2330322265625
18.556,286,766,605,543,19.0,25.0,4.0,37.841796875,-13.183592796325684,22.888181686401367,-0.717041015625,0.0992431640625,0.2548828125
18.556,286,818,620,562,19.0,25.0,4.0,34.423828125,-14.221190452575684,15.624999046325684,-0.72314453125,0.090576171875,0.29150390625
18.569,290,1003,585,598,19.0,25.0,4.0,31.311033248901367,-15.686034202575684,8.4228515625,-0.7149658203125,0.096435546875,0.310791015625
18.586,289,1115,598,661,19.0,25.0,4.0,30.212400436401367,-17.333984375,2.50244140625,-0.69287109375,0.1123046875,0.2801513671875
18.587,291,1236,584,684,19.0,25.0,4.0,30.090330123901367,-18.4326171875,-2.3193359375,-0.69677734375,0.1453857421875,0.2149658203125
18.599,291,1323,582,687,19.0,25.0,4.0,26.245115280151367,-20.01953125,-6.530761241912842,-0.7476806640625,0.18896484375,0.1409912109375
18.607,294,1375,625,772,19.0,25.0,4.0,14.587401390075684,-23.925779342651367,-10.253905296325684,-0.7890625,0.20556640625,0.0660400390625
18.615,299,1422,683,799,19.0,25.0,4.0,-3.295898199081421,-29.907224655151367,-14.831542015075684,-0.739501953125,0.2000732421875,0.0157470703125
18.629,318,1496,780,809,20.0,24.0,7.0,-23.803709030151367,-37.2314453125,-23.132322311401367,-0.5836181640625,0.220947265625,-0.006591796875
18.639,348,1441,883,1004,20.0,24.0,7.0,-49.987789154052734,-43.457027435302734,-36.9873046875,-0.4114990234375,0.2542724609375,-0.0118408203125
18.658,354,1523,922,1065,20.0,24.0,7.0,-87.21923065185547,-43.518062591552734,-53.344722747802734,-0.3612060546875,0.196533203125,0.025390625
18.659,388,1925,1131,906,20.0,24.0,7.0,-124.75585174560547,-35.400390625,-64.208984375,-0.4774169921875,0.00244140625,0.116455078125
18.676,424,1643,1265,1267,20.0,24.0,7.0,-133.48388671875,-22.155759811401367,-62.805171966552734,-0.631591796875,-0.1820068359375,0.238037109375
18.676,454,1732,1488,1185,20.0,24.0,7.0,-100.46385955810547,-9.1552734375,-51.757808685302734,-0.72802734375,-0.1553955078125,0.298583984375
18.689,468,1834,1404,1357,20.0,24.0,7.0,-54.199214935302734,-2.38037109375,-38.87939453125,-0.79833984375,0.0220947265625,0.295654296875
18.699,473,1907,1509,1529,20.0,24.0,7.0,-28.808591842651367,-5.065917491912842,-30.029294967651367,-0.86181640625,0.0936279296875,0.36083984375
18.705,495,2001,1528,1569,20.0,24.0,7.0,-24.291990280151367,-15.014647483825684,-24.841306686401367,-0.9630126953125,0.06884765625,0.4930419921875
18.719,497,2083,1529,1490,20.0,24.0,7.0,-25.573728561401367,-26.000974655151367,-18.00537109375,-1.1082763671875,0.1158447265625,0.62255859375
18.727,494,2172,1652,1640,23.0,22.0,5.0,-32.1044921875,-34.7900390625,-7.995604991912842,-1.2255859375,0.2122802734375,0.7523193359375
18.735,473,2206,1713,1610,23.0,22.0,5.0,-44.311519622802734,-41.381832122802734,0.3662109076976776,-1.278076171875,0.211181640625,0.8653564453125
18.760,438,2372,1769,1397,23.0,22.0,5.0,-49.621578216552734,-42.053218841552734,1.5258787870407104,-1.385986328125,-0.049072265625,0.84716796875
18.761,438,3025,2089,1483,23.0,22.0,5.0,-33.3251953125,-28.198240280151367,-3.601073980331421,-1.6973876953125,-0.312744140625,0.5982666015625
18.765,425,2407,1881,1470,23.0,22.0,5.0,5.493163585662842,-2.746581792831421,-9.033203125,-2.0025634765625,-0.2119140625,0.3009033203125
18.779,424,2424,1757,1302,23.0,22.0,5.0,43.457027435302734,15.624999046325684,-14.709471702575684,-1.9632568359375,0.0753173828125,0.2054443359375
18.787,417,2391,1860,1463,23.0,22.0,5.0,58.837886810302734,20.080564498901367,-24.230955123901367,-1.48583984375,0.2197265625,0.280029296875
18.795,416,2361,1864,1463,23.0,22.0,5.0,57.189937591552734,22.094724655151367,-36.865234375,-1.0340576171875,0.20849609375,0.388671875
18.811,428,2290,1759,1302,23.0,22.0,5.0,41.992183685302734,27.893064498901367,-43.395992279052734,-1.089111328125,0.1529541015625,0.42333984375
18.818,426,2230,1877,1439,23.0,22.0,5.0,5.310058116912842,33.75244140625,-36.376953125,-1.4124755859375,0.0401611328125,0.3480224609375
18.830,430,2435,1704,1390,25.0,24.0,6.0,-34.97314453125,34.912109375,-23.010251998901367,-1.62841796875,-0.0933837890625,0.2518310546875
18.839,424,2113,1782,1236,25.0,24.0,6.0,-54.565425872802734,30.029294967651367,-12.634276390075684,-1.62255859375,-0.1361083984375,0.2354736328125
18.866,419,2039,1880,1365,25.0,24.0,6.0,-56.274410247802734,21.789548873901367,-5.615233898162842,-1.47216796875,-0.0794677734375,0.28466796875
18.866,413,1996,1783,1115,25.0,24.0,6.0,-52.307125091552734,12.634276390075684,1.8920897245407104,-1.316162109375,-0.0322265625,0.3148193359375
18.869,402,1896,1753,1162,25.0,24.0,6.0,-48.706050872802734,3.173827886581421,11.840819358825684,-1.1947021484375,-0.0283203125,0.3345947265625
18.877,391,1838,1757,1225,25.0,24.0,6.0,-46.813961029052734,-6.958007335662842,23.803709030151367,-1.0948486328125,-0.0560302734375,0.3516845703125
18.888,383,1791,1711,1183,25.0,24.0,6.0,-44.982906341552734,-15.197752952575684,36.1328125,-1.0361328125,-0.0985107421875,0.32470703125
18.899,375,1687,1519,996,25.0,24.0,6.0,-39.55078125,-17.7001953125,46.142574310302734,-1.0196533203125,-0.1123046875,0.2850341796875
18.907,363,1611,1483,1070,25.0,24.0,6.0,-30.395505905151367,-14.648436546325684,50.659175872802734,-1.0184326171875,-0.1290283203125,0.2655029296875
18.915,354,1568,1345,1000,25.0,24.0,6.0,-30.395505905151367,-14.648436546325684,50.659175872802734,-0.989990234375,-0.1837158203125,0.2396240234375
18.929,344,1443,1074,829,24.0,23.0,2.0,-9.033203125,4.2724609375,44.677730560302734,-0.9144287109375,-0.2451171875,0.218505859375
18.937,348,1382,1012,897,24.0,23.0,2.0,8.9111328125,17.9443359375,39.6728515625,-0.810546875,-0.2724609375,0.233642578125
18.945,327,1290,957,794,24.0,23.0,2.0,8.9111328125,17.9443359375,39.6728515625,-0.7154541015625,-0.29931640625,0.2476806640625
18.965,318,1138,787,682,24.0,23.0,2.0,53.527828216552734,40.10009765625,30.151365280151367,-0.690185546875,-0.33935546875,0.250732421875
18.967,316,1092,693,660,24.0,23.0,2.0,76.0498046875,47.363277435302734,26.611326217651367,-0.71484375,-0.30908203125,0.239990234375
18.975,299,827,693,621,24.0,23.0,2.0,76.0498046875,47.363277435302734,26.611326217651367,-0.7232666015625,-0.15771484375,0.2130126953125
18.995,292,573,660,523,24.0,23.0,2.0,120.30028533935547,53.771968841552734,28.686521530151367,-0.6844482421875,0.0703125,0.2213134765625
18.997,289,531,639,487,24.0,23.0,2.0,134.033203125,47.607418060302734,31.311033248901367,-0.6029052734375,0.2744140625,0.2662353515625
19.005,282,482,636,487,24.0,23.0,2.0,134.033203125,47.607418060302734,31.311033248901367,-0.557861328125,0.391845703125,0.2982177734375
19.019,289,465,604,484,21.0,27.0,6.0,115.66161346435547,20.01953125,31.372068405151367,-0.5906982421875,0.4444580078125,0.273193359375
19.027,280,465,623,498,21.0,27.0,6.0,87.03612518310547,9.3994140625,30.456541061401367,-0.6312255859375,0.4373779296875,0.1728515625
19.036,282,455,623,513,21.0,27.0,6.0,87.03612518310547,9.3994140625,30.456541061401367,-0.63818359375,0.366455078125,0.065673828125
19.049,282,475,614,490,21.0,27.0,6.0,42.907711029052734,4.82177734375,21.118162155151367,-0.6270751953125,0.283935546875,0.044921875
19.067,282,513,639,497,21.0,27.0,6.0,33.50830078125,1.7089842557907104,16.845703125,-0.5908203125,0.19482421875,0.101318359375
19.068,282,523,647,497,21.0,27.0,6.0,33.50830078125,1.7089842557907104,16.845703125,-0.54443359375,0.078125,0.1622314453125
19.079,289,598,652,506,21.0,27.0,6.0,21.240232467651367,-9.1552734375,10.314940452575684,-0.537109375,-0.0128173828125,0.205322265625
19.088,290,733,646,571,21.0,27.0,6.0,21.362302780151367,-11.047362327575684,7.690429210662842,-0.58740234375,-0.02197265625,0.263671875
19.099,289,873,631,607,21.0,27.0,6.0,21.362302780151367,-11.047362327575684,7.690429210662842,-0.6561279296875,0.0345458984375,0.34619140625
19.109,289,1155,591,591,21.0,27.0,6.0,21.240232467651367,-18.4326171875,6.286620616912842,-0.7154541015625,0.095703125,0.3846435546875
19.117,293,1249,603,691,23.0,25.0,5.0,21.240232467651367,-18.4326171875,6.286620616912842,-0.7926025390625,0.1519775390625,0.3214111328125
19.126,298,1315,601,710,23.0,25.0,5.0,12.268065452575684,-25.146482467651367,5.676269054412842,-0.7926025390625,0.1519775390625,0.3214111328125
19.139,300,1439,620,711,23.0,25.0,5.0,-14.099120140075684,-34.0576171875,-2.990722417831421,-0.85009765625,0.243408203125,0.0374755859375
19.148,308,1456,714,830,23.0,25.0,5.0,-14.099120140075684,-34.0576171875,-2.990722417831421,-0.690673828125,0.2637939453125,-0.0155029296875
19.172,327,1428,780,951,23.0,25.0,5.0,-27.343748092651367,-38.9404296875,-14.160155296325684,-0.690673828125,0.2637939453125,-0.0155029296875
19.172,356,1504,900,947,23.0,25.0,5.0,-78.4912109375,-42.297359466552734,-54.199214935302734,-0.3885498046875,0.1708984375,0.0281982421875
19.177,388,1655,944,1103,23.0,25.0,5.0,-78.4912109375,-42.297359466552734,-54.199214935302734,-0.4893798828125,-0.02099609375,0.039306640625
19.188,377,1641,1178,1172,23.0,25.0,5.0,-114.74608612060547,-32.04345703125,-71.8994140625,-0.4893798828125,-0.02099609375,0.039306640625
19.221,425,1798,1315,1189,23.0,25.0,5.0,-86.12059783935547,-10.009765625,-63.842769622802734,-0.637939453125,-0.1441650390625,0.220947265625
19.239,442,2032,1328,1318,23.0,25.0,5.0,-86.12059783935547,-10.009765625,-63.842769622802734,-0.6083984375,-0.02880859375,0.2230224609375
19.243,462,2026,1494,1427,19.0,25.0,7.0,-34.1796875,-8.056640625,-50.598140716552734,-0.6083984375,-0.02880859375,0.2230224609375
19.243,466,2141,1540,1398,19.0,25.0,7.0,3.356933355331421,-21.789548873901367,-31.982419967651367,-0.875,0.156005859375,0.425537109375
19.243,458,2221,1656,1580,19.0,25.0,7.0,3.356933355331421,-21.789548873901367,-31.982419967651367,-1.1380615234375,0.369384765625,0.63818359375
19.245,402,2567,1822,1398,19.0,25.0,7.0,-4.69970703125,-32.1044921875,-20.446775436401367,-1.1380615234375,0.369384765625,0.63818359375
19.274,418,2557,1748,1317,19.0,25.0,7.0,-55.236812591552734,-46.813961029052734,-1.03759765625,-1.34619140625,0.124755859375,0.7877197265625
19.274,411,2659,1891,1450,19.0,25.0,7.0,-55.236812591552734,-46.813961029052734,-1.03759765625,-1.6175537109375,-0.078369140625,0.6531982421875
19.275,378,2713,1796,1441,19.0,25.0,7.0,-52.185054779052734,-38.330078125,-4.33349609375,-1.6175537109375,-0.078369140625,0.6531982421875
19.289,445,2580,1779,1409,19.0,25.0,7.0,-1.5869139432907104,1.6479490995407104,-18.1884765625,-2.3001708984375,-0.0968017578125,0.375
19.297,411,2601,1949,1450,19.0,25.0,7.0,-1.5869139432907104,1.6479490995407104,-18.1884765625,-1.9927978515625,-0.1441650390625,0.365966796875
19.313,411,2593,1900,1483,19.0,25.0,7.0,9.21630859375,9.70458984375,-27.282712936401367,-1.9927978515625,-0.1441650390625,0.365966796875
19.319,411,2563,1897,1463,22.0,21.0,7.0,52.978511810302734,16.2353515625,-45.410152435302734,-1.073486328125,-0.011962890625,0.5933837890625
19.327,411,2494,1905,1478,22.0,21.0,7.0,52.978511810302734,16.2353515625,-45.410152435302734,-1.353271484375,0.0675048828125,0.5264892578125
19.336,411,2443,1908,1456,22.0,21.0,7.0,43.518062591552734,22.827146530151367,-38.87939453125,-1.353271484375,0.0675048828125,0.5264892578125
19.349,411,2349,1862,1266,22.0,21.0,7.0,-2.197265625,29.785154342651367,-20.874021530151367,-1.6619873046875,-0.010986328125,0.197509765625
19.378,418,2268,1900,1401,22.0,21.0,7.0,-37.841796875,28.808591842651367,-6.591796398162842,-1.6619873046875,-0.010986328125,0.197509765625
19.380,405,2217,1900,1370,22.0,21.0,7.0,-49.011226654052734,19.83642578125,-0.4272460639476776,-1.47119140625,-0.0269775390625,0.206298828125
19.380,399,2118,1759,1167,22.0,21.0,7.0,-50.231929779052734,10.742186546325684,3.540038824081421,-1.10400390625,0.0040283203125,0.2491455078125
19.387,387,2048,1822,1248,22.0,21.0,7.0,-50.415035247802734,4.5166015625,9.70458984375,-1.10400390625,0.0040283203125,0.2491455078125
19.396,382,1970,1792,1189,22.0,21.0,7.0,-49.987789154052734,-1.03759765625,18.1884765625,-1.0068359375,0.0413818359375,0.259765625
19.409,382,1808,1636,1054,25.0,18.0,2.0,-49.865718841552734,-6.896972179412842,28.137205123901367,-0.8748779296875,-0.0247802734375,0.2640380859375
19.419,378,1715,1666,1143,25.0,18.0,2.0,-50.964351654052734,-9.521484375,36.376953125,-0.8748779296875,-0.0247802734375,0.2640380859375
19.425,375,1676,1600,1095,25.0,18.0,2.0,-49.499507904052734,-5.676269054412842,39.306640625,-0.8477783203125,-0.142333984375,0.26123046875
19.439,363,1552,1400,939,25.0,18.0,2.0,-44.250484466552734,2.624511480331421,37.53662109375,-0.84228515625,-0.1951904296875,0.3275146484375
19.447,378,1422,1328,1064,25.0,18.0,2.0,-38.02490234375,11.413573265075684,34.36279296875,-0.84228515625,-0.1951904296875,0.3275146484375
19.455,369,1306,1241,1022,25.0,18.0,2.0,-31.127927780151367,18.73779296875,32.65380859375,-0.8304443359375,-0.196533203125,0.35986328125
19.478,347,1282,1105,785,25.0,18.0,2.0,-22.155759811401367,24.902341842651367,32.958984375,-0.808349609375,-0.2469482421875,0.33251953125
19.478,318,1282,959,800,25.0,18.0,2.0,-11.169432640075684,30.578611373901367,33.63037109375,-0.808349609375,-0.2469482421875,0.33251953125
19.486,338,1079,980,834,25.0,18.0,2.0,1.6479490995407104,36.865234375,33.26416015625,-0.8223876953125,-0.296630859375,0.2669677734375
19.500,324,978,815,739,25.0,18.0,2.0,18.37158203125,44.006343841552734,32.04345703125,-0.8653564453125,-0.2530517578125,0.219970703125
19.507,314,912,774,748,24.0,26.0,3.0,39.00146484375,49.926753997802734,30.578611373901367,-0.8653564453125,-0.2530517578125,0.219970703125
19.515,299,799,748,700,24.0,26.0,3.0,60.241695404052734,52.551265716552734,29.418943405151367,-0.8592529296875,-0.1185302734375,0.2294921875
19.529,298,642,682,593,24.0,26.0,3.0,80.44432830810547,51.086421966552734,29.113767623901367,-0.7362060546875,0.1689453125,0.270263671875
19.537,290,582,698,561,24.0,26.0,3.0,99.36522674560547,45.166011810302734,29.663084030151367,-0.7362060546875,0.1689453125,0.270263671875
19.546,280,512,675,546,24.0,26.0,3.0,113.70848846435547,35.09521484375,29.602048873901367,-0.6759033203125,0.22705078125,0.29931640625
19.559,281,473,633,504,24.0,26.0,3.0,117.00438690185547,22.460935592651367,28.747556686401367,-0.6566162109375,0.2515869140625,0.30908203125
19.602,280,458,634,527,24.0,26.0,3.0,108.09325408935547,10.864256858825684,28.991697311401367,-0.6697998046875,0.2679443359375,0.2861328125
19.604,282,464,601,518,24.0,26.0,3.0,95.27587127685547,3.723144292831421,30.395505905151367,-0.685302734375,0.303466796875,0.22998046875
19.604,282,475,621,517,24.0,26.0,3.0,84.53368377685547,1.7089842557907104,30.822751998901367,-0.7081298828125,0.341064453125,0.1539306640625
19.604,282,479,630,539,24.0,26.0,3.0,70.49560546875,2.38037109375,28.076169967651367,-0.7291259765625,0.3167724609375,0.0972900390625
19.621,282,516,621,526,20.0,24.0,11.0,49.804683685302734,2.868652105331421,22.460935592651367,-0.715087890625,0.2144775390625,0.0860595703125
19.635,283,562,625,533,20.0,24.0,11.0,31.982419967651367,2.685546636581421,16.05224609375,-0.6871337890625,0.1043701171875,0.09228515625
19.635,287,644,627,574,20.0,24.0,11.0,25.573728561401367,2.3193359375,10.925292015075684,-0.6854248046875,0.0506591796875,0.0908203125
19.635,275,721,623,617,20.0,24.0,11.0,28.137205123901367,1.03759765625,8.544921875,-0.7142333984375,0.0548095703125,0.0968017578125
19.649,282,888,582,636,20.0,24.0,11.0,32.28759765625,-2.25830078125,9.21630859375,-0.75732421875,0.0975341796875,0.122802734375
19.657,286,968,591,696,20.0,24.0,11.0,30.639646530151367,-7.812499523162842,11.840819358825684,-0.793701171875,0.1412353515625,0.150390625
19.667,289,1055,584,730,20.0,24.0,11.0,20.080564498901367,-14.587401390075684,14.038084983825684,-0.82470703125,0.1597900390625,0.149658203125
19.683,292,1173,562,735,20.0,24.0,11.0,3.601073980331421,-21.606443405151367,13.366698265075684,-0.873779296875,0.174560546875,0.130859375
19.687,298,1275,584,790,20.0,24.0,11.0,-12.939452171325684,-29.541013717651367,9.58251953125,-0.9111328125,0.1881103515625,0.116455078125
19.695,299,1283,634,814,20.0,24.0,11.0,-26.428220748901367,-37.65869140625,3.845214605331421,-0.87841796875,0.1953125,0.0771484375
19.711,306,1387,661,832,20.0,27.0,7.0,-38.818359375,-42.907711029052734,-3.051757574081421,-0.7877197265625,0.2283935546875,0.02587890625
19.718,316,1383,746,948,20.0,27.0,7.0,-54.687496185302734,-44.555660247802734,-11.474608421325684,-0.6990966796875,0.2559814453125,0.04150390625
19.726,328,1437,780,980,20.0,27.0,7.0,-75.01220703125,-43.334957122802734,-21.606443405151367,-0.619140625,0.1949462890625,0.128173828125
19.739,347,1519,842,1003,20.0,27.0,7.0,-89.90477752685547,-38.6962890625,-31.799314498901367,-0.507568359375,0.0762939453125,0.2169189453125
19.747,376,1553,963,1159,20.0,27.0,7.0,-87.70751190185547,-30.517576217651367,-40.527339935302734,-0.2911376953125,0.0008544921875,0.2413330078125
19.755,400,1722,996,1184,20.0,27.0,7.0,-70.1904296875,-20.263669967651367,-50.048824310302734,0.0078125,-0.0010986328125,0.193603515625
19.784,439,1807,1271,1243,20.0,27.0,7.0,-49.499507904052734,-11.108397483825684,-62.194820404052734,0.152587890625,0.005615234375,0.1900634765625
19.785,416,1994,1445,1331,20.0,27.0,7.0,-33.3251953125,-4.7607421875,-71.83837890625,-0.04833984375,-0.055419921875,0.3275146484375
19.785,441,2100,1506,1074,20.0,27.0,7.0,-20.812986373901367,0.7934569716453552,-69.39697265625,-0.6016845703125,-0.02734375,0.5032958984375
19.799,479,2118,1533,1440,22.0,23.0,2.0,-25.085447311401367,6.408690929412842,-50.781246185302734,-1.252685546875,0.2469482421875,0.6243896484375
19.807,470,2139,1681,1595,22.0,23.0,2.0,-62.683101654052734,5.798339366912842,-26.123044967651367,-1.642822265625,0.5576171875,0.71728515625
19.816,426,2268,1775,1445,22.0,23.0,2.0,-111.20604705810547,-7.385253429412842,-9.58251953125,-1.7421875,0.4864501953125,0.73095703125
19.829,391,2407,1801,1173,22.0,23.0,2.0,-125.54930877685547,-25.268552780151367,-2.3193359375,-1.9412841796875,-0.0941162109375,0.468017578125
19.850,389,2415,1920,1331,22.0,23.0,2.0,-82.58055877685547,-32.04345703125,4.57763671875,-2.343505859375,-0.6024169921875,0.067138671875
19.855,390,2428,1850,1316,22.0,23.0,2.0,-4.69970703125,-31.066892623901367,10.131834983825684,-2.4971923828125,-0.586181640625,0.0115966796875
19.859,363,2554,1920,1236,22.0,23.0,2.0,64.5751953125,-35.5224609375,6.530761241912842,-1.9969482421875,-0.27099609375,0.2847900390625
19.867,371,2472,1900,1278,22.0,23.0,2.0,105.46874237060547,-36.0107421875,-5.310058116912842,-1.2386474609375,0.0069580078125,0.601806640625
19.890,372,2447,1882,1289,22.0,23.0,2.0,113.58641815185547,-21.545408248901367,-13.549803733825684,-1.10009765625,0.2322998046875,0.7578125
19.890,371,2445,1850,1112,22.0,23.0,2.0,72.8759765625,-0.0610351525247097,-7.568358898162842,-1.51025390625,0.292724609375,0.602294921875
19.898,361,2467,1922,1170,19.0,26.0,4.0,5.310058116912842,16.357421875,5.187987804412842,-1.82958984375,0.202880859375,0.33544921875
19.908,361,2319,1867,1222,19.0,26.0,4.0,-36.7431640625,20.446775436401367,12.573241233825684,-1.829345703125,0.19287109375,0.2276611328125
19.919,377,2160,1705,1076,19.0,26.0,4.0,-45.776363372802734,15.136717796325684,12.573241233825684,-1.60986328125,0.2061767578125,0.287841796875
19.927,371,2060,1770,1182,19.0,26.0,4.0,-44.006343841552734,9.33837890625,10.009765625,-1.377685546875,0.1815185546875,0.3817138671875
19.937,363,1943,1715,1133,19.0,26.0,4.0,-42.846675872802734,6.591796398162842,9.765625,-1.2342529296875,0.17138671875,0.445068359375
19.960,354,1757,1516,942,19.0,26.0,4.0,-43.151851654052734,5.493163585662842,13.610838890075684,-1.1434326171875,0.1673583984375,0.4427490234375
19.960,351,1733,1468,980,19.0,26.0,4.0,-42.968746185302734,6.652831554412842,20.507810592651367,-1.0595703125,0.096435546875,0.356689453125
19.965,347,1547,1331,947,19.0,26.0,4.0,-37.9638671875,11.047362327575684,26.855466842651367,-0.9638671875,0.006591796875,0.2371826171875
19.989,336,1209,1125,737,19.0,26.0,4.0,-27.893064498901367,17.578125,29.174802780151367,-0.8431396484375,-0.1182861328125,0.1292724609375
19.989,327,1120,1058,707,19.0,26.0,4.0,-11.901854515075684,26.123044967651367,26.550291061401367,-0.706298828125,-0.2742919921875,0.083740234375
19.995,321,1085,919,694,25.0,23.0,8.0,12.084959983825684,36.19384765625,21.118162155151367,-0.5828857421875,-0.360107421875,0.1114501953125
20.013,308,937,794,591,25.0,23.0,8.0,37.7197265625,46.997066497802734,15.258788108825684,-0.5029296875,-0.4049072265625,0.17431640625
20.034,304,818,772,577,25.0,23.0,8.0,57.556148529052734,58.715816497802734,9.82666015625,-0.5267333984375,-0.44580078125,0.210205078125
20.035,300,647,725,548,25.0,23.0,8.0,75.68359375,71.6552734375,7.690429210662842,-0.5777587890625,-0.361328125,0.2122802734375
20.041,292,466,682,516,25.0,23.0,8.0,93.50585174560547,80.2001953125,8.11767578125,-0.5887451171875,-0.0897216796875,0.2232666015625
20.049,289,442,661,521,25.0,23.0,8.0,96.86278533935547,75.74462890625,9.521484375,-0.6036376953125,0.196533203125,0.23681640625
20.058,281,442,634,519,25.0,23.0,8.0,96.86278533935547,75.74462890625,9.521484375,-0.6134033203125,0.322509765625,0.23681640625
20.070,276,490,605,479,25.0,23.0,8.0,43.212886810302734,34.24072265625,22.583005905151367,-0.63525390625,0.3099365234375,0.21728515625
20.091,274,470,607,519,25.0,23.0,8.0,14.282225608825684,12.512206077575684,32.470703125,-0.6453857421875,0.2413330078125,0.17041015625
20.091,274,466,607,499,25.0,23.0,8.0,14.282225608825684,12.512206077575684,32.470703125,-0.6217041015625,0.1573486328125,0.0909423828125
20.099,280,523,616,490,23.0,24.0,6.0,9.58251953125,-11.413573265075684,41.931148529052734,-0.5989990234375,0.082763671875,0.0006103515625
20.107,278,543,625,514,23.0,24.0,6.0,27.099607467651367,-13.854979515075684,39.55078125,-0.58837890625,0.04443359375,-0.05712890625
20.115,282,561,636,514,23.0,24.0,6.0,27.099607467651367,-13.854979515075684,39.55078125,-0.6025390625,0.0418701171875,-0.0440673828125
20.129,280,700,617,525,23.0,24.0,6.0,56.640621185302734,-16.2353515625,34.97314453125,-0.6448974609375,0.0626220703125,0.0635986328125
20.137,280,840,621,598,23.0,24.0,6.0,62.744136810302734,-20.446775436401367,33.8134765625,-0.7080078125,0.136962890625,0.2470703125
20.145,280,969,607,631,23.0,24.0,6.0,62.744136810302734,-20.446775436401367,33.8134765625,-0.7774658203125,0.2645263671875,0.446533203125
20.171,280,1155,564,625,23.0,24.0,6.0,50.903316497802734,-31.982419967651367,27.526853561401367,-0.8267822265625,0.357177734375,0.55517578125
20.171,282,1258,571,682,23.0,24.0,6.0,33.8134765625,-33.63037109375,19.04296875,-0.8570556640625,0.3743896484375,0.502685546875
20.175,286,1253,567,753,23.0,24.0,6.0,33.8134765625,-33.63037109375,19.04296875,-0.8670654296875,0.3426513671875,0.33837890625
20.193,289,1316,514,750,23.0,24.0,6.0,-3.723144292831421,-25.451658248901367,-8.23974609375,-0.86669921875,0.2861328125,0.166259765625
20.199,291,1429,495,811,20.0,28.0,9.0,-16.845703125,-25.573728561401367,-22.705076217651367,-0.8826904296875,0.2349853515625,0.08056640625
20.205,294,1401,552,846,20.0,28.0,9.0,-16.845703125,-25.573728561401367,-22.705076217651367,-0.8980712890625,0.2099609375,0.1019287109375
20.219,304,1411,598,865,20.0,28.0,9.0,-27.770994186401367,-35.46142578125,-41.625972747802734,-0.884521484375,0.20703125,0.144287109375
20.227,310,1424,694,947,20.0,28.0,9.0,-39.55078125,-38.818359375,-46.386714935302734,-0.83984375,0.198486328125,0.102294921875
20.235,324,1422,731,991,20.0,28.0,9.0,-39.55078125,-38.818359375,-46.386714935302734,-0.8250732421875,0.158203125,-0.0089111328125
20.251,347,1440,761,1009,20.0,28.0,9.0,-94.72655487060547,-36.43798828125,-48.034664154052734,-0.88916015625,0.072998046875,-0.0615234375
20.259,351,1545,867,1058,20.0,28.0,9.0,-112.91503143310547,-36.9873046875,-40.527339935302734,-0.9356689453125,-0.0313720703125,0.007568359375
20.278,348,1636,885,1078,20.0,28.0,9.0,-112.91503143310547,-36.9873046875,-40.527339935302734,-0.9356689453125,-0.0313720703125,0.007568359375
20.297,372,1693,932,899,20.0,28.0,9.0,-65.49072265625,-39.61181640625,-23.620603561401367,-0.6337890625,-0.1024169921875,0.2296142578125
20.298,387,1809,1029,1201,20.0,28.0,9.0,-65.49072265625,-39.61181640625,-23.620603561401367,-0.4610595703125,-0.066162109375,0.218505859375
20.298,401,1796,1185,1266,23.0,22.0,11.0,-30.456541061401367,-38.75732421875,-23.803709030151367,-0.4610595703125,-0.066162109375,0.218505859375
20.313,438,1895,1328,1294,23.0,22.0,11.0,-15.869139671325684,-38.818359375,-33.203125,-0.3385009765625,-0.1619873046875,0.2161865234375
20.319,462,1954,1443,1501,23.0,22.0,11.0,-15.869139671325684,-38.818359375,-33.203125,-0.51806640625,-0.1187744140625,0.309814453125
20.325,484,1999,1468,1569,23.0,22.0,11.0,-17.63916015625,-35.58349609375,-35.0341796875,-0.51806640625,-0.1187744140625,0.309814453125
20.339,513,2058,1519,1548,23.0,22.0,11.0,-52.307125091552734,-15.014647483825684,-23.437498092651367,-0.9876708984375,0.5025634765625,0.63818359375
20.347,512,2087,1641,1733,23.0,22.0,11.0,-52.307125091552734,-15.014647483825684,-23.437498092651367,-1.216796875,0.6317138671875,0.790283203125
20.355,513,2124,1669,1757,23.0,22.0,11.0,-93.44481658935547,-3.051757574081421,-20.507810592651367,-1.216796875,0.6317138671875,0.790283203125
20.369,487,2184,1669,1503,23.0,22.0,11.0,-103.45458221435547,-4.150390625,-27.404783248901367,-1.39306640625,0.5206298828125,0.771240234375
20.379,447,2197,1892,1536,23.0,22.0,11.0,-103.45458221435547,-4.150390625,-27.404783248901367,-1.7109375,0.0997314453125,0.6104736328125
20.399,411,2340,1985,1386,23.0,22.0,11.0,-75.01220703125,-15.014647483825684,-31.738279342651367,-1.7109375,0.0997314453125,0.6104736328125
20.400,354,2638,1948,1289,24.0,23.0,5.0,-19.8974609375,-23.803709030151367,-24.963376998901367,-2.150390625,-0.884765625,0.227783203125
20.408,401,2379,2030,1372,24.0,23.0,5.0,-19.8974609375,-23.803709030151367,-24.963376998901367,-1.556640625,-0.6668701171875,0.2115478515625
20.417,401,2379,1999,1391,24.0,23.0,5.0,12.451170921325684,-18.1884765625,-20.263669967651367,-1.556640625,-0.6668701171875,0.2115478515625
20.429,464,2142,1813,1395,24.0,23.0,5.0,27.709959030151367,3.662109136581421,-6.469726085662842,-1.3392333984375,0.123291015625,0.5150146484375
20.437,445,2118,1918,1521,24.0,23.0,5.0,27.709959030151367,3.662109136581421,-6.469726085662842,-1.7384033203125,0.0684814453125,0.494384765625
20.445,404,2130,1943,1415,24.0,23.0,5.0,-26.977537155151367,13.488768577575684,11.230467796325684,-1.7384033203125,0.0684814453125,0.494384765625
20.459,411,2124,1828,1206,24.0,23.0,5.0,-63.232418060302734,6.408690929412842,27.038572311401367,-1.7099609375,-0.0396728515625,0.42578125
20.468,425,1904,1801,1404,24.0,23.0,5.0,-63.232418060302734,6.408690929412842,27.038572311401367,-1.419189453125,0.0400390625,0.414306640625
20.475,423,1811,1769,1357,24.0,23.0,5.0,-42.175289154052734,-3.234863042831421,25.390623092651367,-1.419189453125,0.0400390625,0.414306640625
20.506,436,1604,1610,1211,20.0,24.0,5.0,-28.198240280151367,-6.713866710662842,25.817869186401367,-0.9984130859375,-0.0484619140625,0.314208984375
20.507,423,1572,1592,1262,20.0,24.0,5.0,-19.47021484375,-4.2724609375,28.808591842651367,-0.9984130859375,-0.0484619140625,0.314208984375
20.507,402,1483,1521,1234,20.0,24.0,5.0,-10.253905296325684,-0.1831054538488388,32.8369140625,-0.903564453125,-0.0623779296875,0.3836669921875
20.524,387,1424,1306,1025,20.0,24.0,5.0,-4.2724609375,3.662109136581421,36.2548828125,-0.7989501953125,-0.00830078125,0.57958984375
20.529,364,1445,1178,999,20.0,24.0,5.0,-3.784179449081421,8.9111328125,36.376953125,-0.7989501953125,-0.00830078125,0.57958984375
20.535,348,1276,1155,944,20.0,24.0,5.0,-6.225585460662842,16.17431640625,33.203125,-0.75,-0.021728515625,0.56982421875
20.549,322,1145,986,737,20.0,24.0,5.0,-5.615233898162842,25.207517623901367,29.235837936401367,-0.6300048828125,-0.2750244140625,0.306396484375
20.558,316,1094,932,774,20.0,24.0,5.0,6.347655773162842,36.43798828125,25.695798873901367,-0.6300048828125,-0.2750244140625,0.306396484375
20.566,308,1083,840,748,20.0,24.0,5.0,34.24072265625,49.194332122802734,22.888181686401367,-0.605224609375,-0.40087890625,0.1875
20.579,296,1000,694,618,20.0,24.0,5.0,72.3876953125,60.302730560302734,20.935056686401367,-0.67236328125,-0.314453125,0.14501953125
20.604,293,869,689,636,22.0,24.0,4.0,107.78807830810547,65.3076171875,20.324705123901367,-0.67236328125,-0.314453125,0.14501953125
20.604,291,840,636,588,22.0,24.0,4.0,134.765625,64.63623046875,22.216794967651367,-0.680908203125,-0.1441650390625,0.1392822265625
20.613,286,689,651,571,22.0,24.0,4.0,156.18896484375,60.058589935302734,26.000974655151367,-0.63330078125,0.2005615234375,0.212158203125
20.618,279,601,642,542,22.0,24.0,4.0,167.05320739746094,49.865718841552734,29.174802780151367,-0.63330078125,0.2005615234375,0.212158203125
20.626,278,562,634,527,22.0,24.0,4.0,157.28759765625,35.09521484375,30.883787155151367,-0.6025390625,0.29296875,0.19921875
20.639,279,548,630,495,22.0,24.0,4.0,131.4697265625,20.751951217651367,32.71484375,-0.6463623046875,0.4053955078125,0.055908203125
20.649,280,552,653,508,22.0,24.0,4.0,105.83495330810547,10.803221702575684,35.400390625,-0.6463623046875,0.4053955078125,0.055908203125
20.655,286,590,648,501,22.0,24.0,4.0,87.15819549560547,3.906249761581421,36.80419921875,-0.738525390625,0.43310546875,0.0355224609375
20.669,286,589,631,498,22.0,24.0,4.0,69.4580078125,-4.150390625,34.36279296875,-0.791015625,0.220947265625,0.141357421875
20.679,280,607,644,531,22.0,24.0,4.0,50.964351654052734,-13.000487327575684,27.709959030151367,-0.791015625,0.220947265625,0.141357421875
20.685,279,645,648,536,19.0,25.0,11.0,37.78076171875,-19.6533203125,19.95849609375,-0.7816162109375,0.1114501953125,0.167236328125
20.706,282,746,620,533,19.0,25.0,11.0,31.799314498901367,-23.803709030151367,15.075682640075684,-0.7803955078125,0.0838623046875,0.1702880859375
20.707,279,917,666,541,19.0,25.0,11.0,28.381345748901367,-26.794431686401367,13.305663108825684,-0.783203125,0.10888671875,0.1861572265625
20.716,280,897,620,600,19.0,25.0,11.0,22.338865280151367,-29.602048873901367,13.122557640075684,-0.803955078125,0.12646484375,0.2139892578125
20.732,279,1003,578,593,19.0,25.0,11.0,13.305663108825684,-32.1044921875,14.038084983825684,-0.8675537109375,0.1124267578125,0.242919921875
20.739,280,1083,603,648,19.0,25.0,11.0,4.33349609375,-33.26416015625,15.075682640075684,-0.8675537109375,0.1124267578125,0.242919921875
20.746,281,1147,603,667,19.0,25.0,11.0,-3.479003667831421,-32.28759765625,14.160155296325684,-0.8646240234375,0.1402587890625,0.234130859375
20.760,291,1271,586,646,19.0,25.0,11.0,-10.559081077575684,-30.334470748901367,9.521484375,-0.79443359375,0.281005859375,0.22021484375
20.768,292,1306,646,739,19.0,25.0,11.0,-17.27294921875,-29.052732467651367,0.6713866591453552,-0.79443359375,0.281005859375,0.22021484375
20.776,296,1343,695,772,19.0,25.0,11.0,-26.062009811401367,-27.221677780151367,-11.840819358825684,-0.6976318359375,0.366455078125,0.1373291015625
20.790,306,1480,828,728,20.0,26.0,8.0,-44.006343841552734,-23.559568405151367,-28.015134811401367,-0.40576171875,0.41162109375,-0.0748291015625
20.815,324,1456,939,890,20.0,26.0,8.0,-78.0029296875,-17.9443359375,-47.485347747802734,-0.40576171875,0.41162109375,-0.0748291015625
20.815,336,1494,1009,944,20.0,26.0,8.0,-125.30516815185547,-10.803221702575684,-65.673828125,-0.348388671875,0.2657470703125,-0.087646484375
20.820,356,1584,1201,1022,20.0,26.0,8.0,-165.10008239746094,-7.446288585662842,-74.40185546875,-0.36328125,0.0030517578125,0.0535888671875
20.829,371,1682,1258,1107,20.0,26.0,8.0,-162.17039489746094,-9.765625,-71.10595703125,-0.407470703125,-0.2269287109375,0.2103271484375
20.838,378,1730,1321,1167,20.0,26.0,8.0,-107.78807830810547,-10.620116233825684,-60.485836029052734,-0.4884033203125,-0.222412109375,0.2464599609375
20.850,428,1837,1365,1266,20.0,26.0,8.0,-45.288082122802734,-9.58251953125,-49.377437591552734,-0.5968017578125,-0.064208984375,0.264892578125
20.858,439,1904,1497,1439,20.0,26.0,8.0,-20.996091842651367,-13.977049827575684,-41.992183685302734,-0.6949462890625,0.020751953125,0.4227294921875
20.866,464,1967,1536,1497,20.0,26.0,8.0,-33.3251953125,-23.193357467651367,-37.78076171875,-0.82763671875,-0.0196533203125,0.667236328125
20.880,478,2035,1529,1443,22.0,25.0,2.0,-50.781246185302734,-27.099607467651367,-34.3017578125,-1.044677734375,-0.0101318359375,0.87646484375
20.888,485,2028,1646,1627,22.0,25.0,2.0,-55.664058685302734,-20.263669967651367,-31.982419967651367,-1.2421875,0.147705078125,1.012451171875
20.915,484,2058,1694,1616,22.0,25.0,2.0,-51.330562591552734,-7.751464366912842,-33.3251953125,-1.3709716796875,0.310791015625,1.058349609375
20.916,456,2156,1667,1398,22.0,25.0,2.0,-43.823238372802734,1.0986328125,-38.2080078125,-1.4700927734375,0.252685546875,0.998046875
20.918,442,2192,1801,1494,22.0,25.0,2.0,-30.456541061401367,4.7607421875,-43.945308685302734,-1.6845703125,-0.0849609375,0.77392578125
20.926,442,2151,1824,1440,22.0,25.0,2.0,-1.220703125,9.70458984375,-45.898433685302734,-2.0599365234375,-0.4027099609375,0.40234375
20.940,411,2267,1722,1287,22.0,25.0,2.0,40.405269622802734,15.380858421325684,-42.053218841552734,-2.1494140625,-0.447998046875,0.0238037109375
20.951,419,2287,1830,1441,22.0,25.0,2.0,77.1484375,18.00537109375,-39.1845703125,-1.687255859375,-0.294921875,-0.1668701171875
20.956,438,2191,1792,1527,22.0,25.0,2.0,97.16796112060547,17.578125,-39.6728515625,-1.335693359375,-0.0169677734375,-0.0753173828125
20.970,462,2087,1703,1380,22.0,25.0,2.0,70.00732421875,14.282225608825684,-31.005857467651367,-1.491943359375,0.1416015625,0.1461181640625
20.980,440,2063,1798,1494,25.0,20.0,5.0,-3.845214605331421,8.72802734375,-9.8876953125,-1.7249755859375,0.0262451171875,0.26953125
20.986,416,2266,1709,1348,25.0,20.0,5.0,-61.218257904052734,-0.6103515625,10.375975608825684,-1.755126953125,-0.1248779296875,0.2952880859375
21.022,398,2076,1718,1182,25.0,20.0,5.0,-71.4111328125,-14.404295921325684,23.559568405151367,-1.605712890625,-0.1533203125,0.3193359375
21.023,398,2074,1750,1267,25.0,20.0,5.0,-57.617183685302734,-26.611326217651367,32.958984375,-1.387451171875,-0.088134765625,0.342041015625
21.023,383,1973,1742,1201,25.0,20.0,5.0,-43.273921966552734,-32.71484375,40.466304779052734,-1.1865234375,0.009521484375,0.356201171875
21.034,369,1809,1624,1012,25.0,20.0,5.0,-34.3017578125,-33.75244140625,46.020503997802734,-1.0220947265625,0.0411376953125,0.3609619140625
21.038,369,1753,1600,1085,25.0,20.0,5.0,-29.052732467651367,-31.311033248901367,49.560543060302734,-0.881103515625,-0.0572509765625,0.383056640625
21.046,360,1653,1529,1042,25.0,20.0,5.0,-21.667478561401367,-24.536130905151367,49.987789154052734,-0.7738037109375,-0.14013671875,0.4512939453125
21.065,349,1472,1292,913,25.0,20.0,5.0,-11.657713890075684,-11.779784202575684,46.203609466552734,-0.7186279296875,-0.091552734375,0.538818359375
21.068,349,1422,1261,947,25.0,20.0,5.0,-5.737304210662842,7.141112804412842,38.330078125,-0.696533203125,0.00244140625,0.58984375
21.076,334,1330,1188,874,23.0,25.0,3.0,-6.286620616912842,27.893064498901367,28.259275436401367,-0.6827392578125,0.005859375,0.5506591796875
21.090,322,1129,992,725,23.0,25.0,3.0,-5.432128429412842,46.386714935302734,19.4091796875,-0.6798095703125,-0.114501953125,0.4244384765625
21.124,315,1063,936,761,23.0,25.0,3.0,7.202147960662842,61.706539154052734,13.488768577575684,-0.678466796875,-0.2562255859375,0.2965087890625
21.125,310,1051,811,705,23.0,25.0,3.0,32.470703125,72.44873046875,9.765625,-0.6827392578125,-0.29541015625,0.222412109375
21.125,299,869,748,644,23.0,25.0,3.0,60.180660247802734,76.72119140625,7.690429210662842,-0.6885986328125,-0.2196044921875,0.169189453125
21.130,294,818,705,621,23.0,25.0,3.0,82.45848846435547,75.8056640625,8.4228515625,-0.6856689453125,-0.0908203125,0.1422119140625
21.141,291,749,682,593,23.0,25.0,3.0,101.13524627685547,70.556640625,12.512206077575684,-0.6641845703125,0.0362548828125,0.1702880859375
21.150,286,673,643,540,23.0,25.0,3.0,113.15917205810547,59.570308685302734,18.85986328125,-0.6295166015625,0.1385498046875,0.21484375
21.158,286,640,644,553,23.0,25.0,3.0,110.22948455810547,44.433589935302734,25.695798873901367,-0.6197509765625,0.2093505859375,0.2353515625
21.176,278,621,639,527,23.0,25.0,3.0,94.42137908935547,28.320310592651367,31.799314498901367,-0.6527099609375,0.243408203125,0.2269287109375
21.182,281,631,636,473,23.0,24.0,5.0,75.86669921875,13.549803733825684,35.400390625,-0.7010498046875,0.2430419921875,0.1910400390625
21.188,279,656,620,521,23.0,24.0,5.0,61.706539154052734,2.38037109375,35.64453125,-0.73828125,0.2027587890625,0.135986328125
21.196,280,673,616,548,23.0,24.0,5.0,53.710933685302734,-4.638671875,33.5693359375,-0.765869140625,0.125,0.0986328125
21.220,282,738,599,533,23.0,24.0,5.0,50.842281341552734,-8.72802734375,31.311033248901367,-0.781005859375,0.0478515625,0.107666015625
21.220,286,883,578,539,23.0,24.0,5.0,50.842281341552734,-11.474608421325684,29.174802780151367,-0.7874755859375,0.0235595703125,0.15478515625
21.230,279,883,599,588,23.0,24.0,5.0,50.964351654052734,-14.221190452575684,26.367185592651367,-0.78173828125,0.0537109375,0.20654296875
21.240,279,976,571,579,23.0,24.0,5.0,47.790523529052734,-17.578125,22.949216842651367,-0.7879638671875,0.09130859375,0.227783203125
21.248,282,1050,588,642,23.0,24.0,5.0,40.344234466552734,-20.812986373901367,20.080564498901367,-0.8233642578125,0.1082763671875,0.2120361328125
21.256,280,1134,584,661,23.0,24.0,5.0,32.958984375,-23.132322311401367,18.798828125,-0.8563232421875,0.111083984375,0.1690673828125
21.272,282,1271,540,654,20.0,27.0,10.0,28.259275436401367,-24.291990280151367,18.5546875,-0.874267578125,0.1328125,0.119873046875
21.280,287,1374,562,710,20.0,27.0,10.0,23.986814498901367,-25.817869186401367,17.7001953125,-0.8656005859375,0.193603515625,0.100830078125
21.290,286,1494,564,695,20.0,27.0,10.0,23.986814498901367,-25.817869186401367,17.7001953125,-0.8050537109375,0.263427734375,0.14013671875
21.300,287,1624,578,625,20.0,27.0,10.0,8.30078125,-35.82763671875,3.295898199081421,-0.7093505859375,0.2952880859375,0.2154541015625
21.320,291,1583,590,808,20.0,27.0,10.0,-2.197265625,-41.687007904052734,-13.610838890075684,-0.59130859375,0.2454833984375,0.296142578125
21.320,302,1613,654,858,20.0,27.0,10.0,-2.197265625,-41.687007904052734,-13.610838890075684,-0.3900146484375,0.151123046875,0.3402099609375
21.337,334,1647,840,913,20.0,27.0,10.0,-23.132322311401367,-45.654293060302734,-64.51416015625,-0.0753173828125,0.1363525390625,0.2158203125
21.341,361,1704,922,1116,20.0,27.0,10.0,-54.687496185302734,-36.376953125,-97.71727752685547,0.1102294921875,0.202392578125,-0.11865234375
21.346,402,1687,1107,1253,20.0,27.0,10.0,-54.687496185302734,-36.376953125,-97.71727752685547,-0.126220703125,0.1483154296875,-0.221923828125
21.360,454,1750,1266,1358,20.0,27.0,10.0,-181.15232849121094,1.0986328125,-110.83983612060547,-0.473876953125,-0.0439453125,0.091552734375
21.368,479,1820,1417,1536,25.0,20.0,7.0,-175.47605895996094,9.82666015625,-79.833984375,-0.7086181640625,-0.0216064453125,0.3094482421875
21.378,484,1892,1478,1592,25.0,20.0,7.0,-175.47605895996094,9.82666015625,-79.833984375,-0.979736328125,0.2012939453125,0.2891845703125
21.391,501,1989,1533,1540,25.0,20.0,7.0,-70.37353515625,-1.4038084745407104,-25.390623092651367,-1.199462890625,0.253173828125,0.355712890625
21.401,512,2058,1604,1681,25.0,20.0,7.0,-68.17626953125,-24.414060592651367,-18.6767578125,-1.329833984375,0.08837890625,0.6280517578125
21.424,519,2078,1676,1722,25.0,20.0,7.0,-68.17626953125,-24.414060592651367,-18.6767578125,-1.408203125,-0.1102294921875,0.9031982421875
21.424,508,2156,1653,1560,25.0,20.0,7.0,-89.35546112060547,-48.950191497802734,-10.803221702575684,-1.5689697265625,-0.2003173828125,0.92333984375
21.428,519,2166,1733,1715,25.0,20.0,7.0,-66.162109375,-29.907224655151367,-7.324218273162842,-1.9237060546875,-0.094482421875,0.650146484375
21.443,521,2130,1770,1721,25.0,20.0,7.0,-66.162109375,-29.907224655151367,-7.324218273162842,-2.26171875,-0.03955078125,0.3509521484375
21.450,506,2156,1783,1721,25.0,20.0,7.0,-2.3193359375,7.934569835662842,-14.648436546325684,-2.2022705078125,-0.202392578125,0.2449951171875
21.458,518,2133,1761,1739,25.0,20.0,7.0,17.02880859375,6.774901866912842,-24.841306686401367,-1.600830078125,-0.3333740234375,0.334716796875
21.466,519,2114,1773,1739,26.0,23.0,4.0,17.02880859375,6.774901866912842,-24.841306686401367,-1.1181640625,-0.2279052734375,0.505615234375
21.480,509,2065,1679,1580,26.0,23.0,4.0,39.97802734375,8.72802734375,-26.733396530151367,-1.2479248046875,-0.046142578125,0.5531005859375
21.489,519,2065,1733,1689,26.0,23.0,4.0,10.620116233825684,12.329100608825684,-12.634276390075684,-1.5810546875,-0.015869140625,0.4381103515625
21.496,518,2019,1746,1678,26.0,23.0,4.0,10.620116233825684,12.329100608825684,-12.634276390075684,-1.725341796875,-0.0452880859375,0.3291015625
21.527,499,1894,1666,1516,26.0,23.0,4.0,-32.53173828125,4.69970703125,7.019042491912842,-1.6412353515625,-0.0435791015625,0.3184814453125
21.527,499,1856,1711,1588,26.0,23.0,4.0,-32.53173828125,4.69970703125,7.019042491912842,-1.4591064453125,-0.0159912109375,0.3585205078125
21.527,493,1790,1691,1545,26.0,23.0,4.0,-33.99658203125,-1.5869139432907104,9.765625,-1.4591064453125,-0.0159912109375,0.3585205078125
21.555,465,1686,1560,1343,26.0,23.0,4.0,-34.11865234375,-5.065917491912842,12.084959983825684,-1.1448974609375,-0.043701171875,0.4483642578125
21.569,455,1629,1598,1411,26.0,23.0,4.0,-34.11865234375,-5.065917491912842,12.084959983825684,-1.053466796875,-0.0303955078125,0.3992919921875
21.584,428,1596,1534,1334,26.0,23.0,4.0,-32.2265625,-3.295898199081421,15.624999046325684,-1.053466796875,-0.0303955078125,0.3992919921875
21.586,383,1521,1348,1067,25.0,23.0,4.0,-17.822265625,8.36181640625,26.367185592651367,-0.9298095703125,-0.005615234375,0.2076416015625
21.592,371,1472,1305,1093,25.0,23.0,4.0,-17.822265625,8.36181640625,26.367185592651367,-0.8511962890625,-0.04541015625,0.1322021484375
21.592,359,1434,1183,1003,25.0,23.0,4.0,-9.21630859375,15.441893577575684,28.259275436401367,-0.8511962890625,-0.04541015625,0.1322021484375
21.600,317,1331,959,784,25.0,23.0,4.0,19.34814453125,29.418943405151367,26.977537155151367,-0.66748046875,-0.259521484375,0.1146240234375
21.608,315,1226,910,818,25.0,23.0,4.0,19.34814453125,29.418943405151367,26.977537155151367,-0.5972900390625,-0.398193359375,0.15966796875
21.633,314,1151,832,772,25.0,23.0,4.0,41.076656341552734,35.64453125,26.306150436401367,-0.5972900390625,-0.398193359375,0.15966796875
21.633,299,990,706,632,25.0,23.0,4.0,82.88573455810547,44.372554779052734,28.869626998901367,-0.5711669921875,-0.471923828125,0.2042236328125
21.638,294,894,702,618,25.0,23.0,4.0,82.88573455810547,44.372554779052734,28.869626998901367,-0.5841064453125,-0.2987060546875,0.206787109375
21.658,294,782,669,607,25.0,23.0,4.0,100.52489471435547,45.104976654052734,35.09521484375,-0.5841064453125,-0.2987060546875,0.206787109375
21.660,275,753,644,566,25.0,23.0,4.0,118.10301971435547,30.395505905151367,53.588863372802734,-0.5440673828125,0.137939453125,0.2783203125
21.668,282,680,630,561,17.0,26.0,7.0,118.10301971435547,30.395505905151367,53.588863372802734,-0.5814208984375,0.244140625,0.29150390625
21.676,280,678,614,537,17.0,26.0,7.0,110.22948455810547,14.831542015075684,61.279293060302734,-0.5814208984375,0.244140625,0.29150390625
21.690,279,678,598,499,17.0,26.0,7.0,79.2236328125,-16.6015625,70.25146484375,-0.6925048828125,0.2691650390625,0.1700439453125
21.700,278,742,588,527,17.0,26.0,7.0,79.2236328125,-16.6015625,70.25146484375,-0.699951171875,0.2552490234375,0.0714111328125
21.706,280,738,614,548,17.0,26.0,7.0,67.9931640625,-26.489255905151367,71.2890625,-0.699951171875,0.2552490234375,0.0714111328125
21.732,279,841,576,548,17.0,26.0,7.0,51.147457122802734,-33.87451171875,62.194820404052734,-0.7568359375,0.209228515625,0.0948486328125
21.739,274,1029,576,601,17.0,26.0,7.0,51.147457122802734,-33.87451171875,62.194820404052734,-0.752197265625,0.2003173828125,0.2620849609375
21.740,279,1000,580,628,17.0,26.0,7.0,41.381832122802734,-36.2548828125,51.879878997802734,-0.752197265625,0.2003173828125,0.2620849609375
21.753,279,1129,548,625,17.0,26.0,7.0,32.958984375,-38.0859375,40.0390625,-0.655029296875,0.2637939453125,0.5006103515625
21.761,280,1231,574,682,17.0,26.0,7.0,26.000974655151367,-36.19384765625,27.221677780151367,-0.655029296875,0.2637939453125,0.5006103515625
21.766,279,1330,569,713,18.0,27.0,8.0,17.51708984375,-29.418943405151367,13.122557640075684,-0.6239013671875,0.2978515625,0.5086669921875
21.780,291,1443,536,702,18.0,27.0,8.0,6.408690929412842,-20.507810592651367,-1.6479490995407104,-0.649658203125,0.2369384765625,0.30126953125
21.789,292,1502,582,785,18.0,27.0,8.0,-5.0048828125,-14.709471702575684,-14.953612327575684,-0.649658203125,0.2369384765625,0.30126953125
21.796,292,1569,605,815,18.0,27.0,8.0,-13.977049827575684,-15.930174827575684,-24.780271530151367,-0.646240234375,0.1561279296875,0.15576171875
21.810,310,1640,669,842,18.0,27.0,8.0,-21.545408248901367,-22.583005905151367,-32.1044921875,-0.510986328125,0.1688232421875,0.0615234375
21.832,325,1624,797,1018,18.0,27.0,8.0,-35.82763671875,-32.40966796875,-39.4287109375,-0.510986328125,0.1688232421875,0.0615234375
21.833,348,1669,871,1107,18.0,27.0,8.0,-64.208984375,-41.137691497802734,-49.011226654052734,-0.4404296875,0.14501953125,0.004150390625
21.840,385,1794,1078,1258,18.0,27.0,8.0,-106.50634002685547,-41.625972747802734,-58.349605560302734,-0.6024169921875,-0.1673583984375,-0.0966796875
21.853,411,1826,1233,1373,18.0,27.0,8.0,-146.240234375,-34.72900390625,-60.607906341552734,-0.6024169921875,-0.1673583984375,-0.0966796875
21.859,428,1904,1330,1422,18.0,27.0,8.0,-147.705078125,-25.512693405151367,-52.062984466552734,-0.703125,-0.19970703125,0.0635986328125
21.870,458,1981,1375,1401,23.0,24.0,6.0,-100.21971893310547,-13.793944358825684,-37.65869140625,-0.709228515625,0.301513671875,0.2646484375
21.878,466,2048,1497,1588,23.0,24.0,6.0,-44.311519622802734,-2.44140625,-27.587888717651367,-0.709228515625,0.301513671875,0.2646484375
21.886,479,2079,1555,1643,23.0,24.0,6.0,-14.770506858825684,0.1220703050494194,-26.123044967651367,-0.732421875,0.466064453125,0.4423828125
21.902,512,2080,1582,1603,23.0,24.0,6.0,-16.78466796875,-7.995604991912842,-28.930662155151367,-0.9312744140625,0.3978271484375,0.9527587890625
21.908,531,2192,1681,1753,23.0,24.0,6.0,-46.264644622802734,-16.41845703125,-31.982419967651367,-0.9312744140625,0.3978271484375,0.9527587890625
21.916,522,2161,1739,1766,23.0,24.0,6.0,-86.91405487060547,-15.869139671325684,-37.353515625,-1.148681640625,0.238037109375,1.18408203125
21.935,518,2053,1739,1543,23.0,24.0,6.0,-111.99950408935547,-3.112792730331421,-43.029781341552734,-2.066162109375,0.16357421875,0.8885498046875
21.938,499,2205,1808,1613,23.0,24.0,6.0,-106.75048065185547,15.075682640075684,-42.480464935302734,-2.066162109375,0.16357421875,0.8885498046875
21.946,484,2131,1843,1613,23.0,24.0,6.0,-78.67431640625,23.742673873901367,-38.9404296875,-2.44189453125,-0.383056640625,0.4569091796875
21.965,495,2110,1739,1529,24.0,21.0,3.0,-34.1796875,24.475095748901367,-40.161128997802734,-2.2108154296875,-0.9061279296875,0.0330810546875
21.977,506,2104,1830,1678,24.0,21.0,3.0,26.672361373901367,26.855466842651367,-45.166011810302734,-1.5399169921875,-0.669921875,-0.0313720703125
21.978,497,2100,1826,1629,24.0,21.0,3.0,68.359375,27.038572311401367,-42.297359466552734,-1.3408203125,-0.1375732421875,0.219482421875
21.990,457,2142,1772,1387,24.0,21.0,3.0,42.053218841552734,21.240232467651367,-23.132322311401367,-1.616455078125,0.0450439453125,0.377197265625
21.998,470,2062,1820,1553,24.0,21.0,3.0,-18.06640625,9.6435546875,3.723144292831421,-1.836669921875,-0.11474609375,0.3521728515625
22.006,418,2240,1819,1424,24.0,21.0,3.0,-45.471187591552734,-8.9111328125,26.000974655151367,-1.79931640625,-0.2398681640625,0.3284912109375
22.040,404,2063,1687,1231,24.0,21.0,3.0,-38.818359375,-28.137205123901367,41.809078216552734,-1.57177734375,-0.188720703125,0.3707275390625
22.041,406,2367,1521,1287,24.0,21.0,3.0,-24.353025436401367,-36.80419921875,50.964351654052734,-1.31103515625,-0.0447998046875,0.4022216796875
22.041,401,1869,1669,1292,24.0,21.0,3.0,-12.634276390075684,-30.883787155151367,51.208492279052734,-1.1082763671875,0.065185546875,0.3983154296875
22.050,386,1806,1514,1081,24.0,21.0,3.0,-3.601073980331421,-15.380858421325684,43.823238372802734,-0.9578857421875,0.1004638671875,0.410888671875
22.058,378,1636,1476,1182,25.0,25.0,7.0,4.57763671875,3.417968511581421,33.935546875,-0.841552734375,0.1153564453125,0.452880859375
22.069,364,1574,1357,1120,25.0,25.0,7.0,12.207030296325684,22.338865280151367,25.329587936401367,-0.7669677734375,0.161376953125,0.5020751953125
22.085,348,1424,1120,934,25.0,25.0,7.0,15.014647483825684,38.39111328125,18.85986328125,-0.7091064453125,0.2117919921875,0.528076171875
22.088,337,1370,1039,932,25.0,25.0,7.0,10.070799827575684,48.889156341552734,14.038084983825684,-0.6263427734375,0.1444091796875,0.4892578125
22.099,323,1265,975,844,25.0,25.0,7.0,6.286620616912842,55.297847747802734,10.253905296325684,-0.525146484375,-0.0921630859375,0.39599609375
22.110,310,1100,858,748,25.0,25.0,7.0,17.39501953125,61.645503997802734,6.530761241912842,-0.459716796875,-0.359375,0.314208984375
22.118,299,989,815,693,25.0,25.0,7.0,45.654293060302734,68.42041015625,3.234863042831421,-0.4737548828125,-0.464599609375,0.2801513671875
22.147,300,841,761,644,25.0,25.0,7.0,77.0263671875,72.3876953125,1.8310545682907104,-0.5423583984375,-0.401611328125,0.22021484375
22.147,290,721,707,537,25.0,25.0,7.0,99.91454315185547,72.93701171875,3.723144292831421,-0.6094970703125,-0.2745361328125,0.1317138671875
22.148,290,648,707,561,25.0,25.0,7.0,119.01854705810547,70.98388671875,9.21630859375,-0.6363525390625,-0.124755859375,0.1123046875
22.159,289,616,706,559,23.0,25.0,6.0,133.6669921875,63.598628997802734,16.6015625,-0.6220703125,0.044189453125,0.154541015625
22.170,287,607,667,531,23.0,25.0,6.0,128.173828125,48.156734466552734,23.498533248901367,-0.6248779296875,0.1661376953125,0.1768798828125
22.178,282,632,669,559,23.0,25.0,6.0,101.50145721435547,28.991697311401367,28.930662155151367,-0.67822265625,0.1776123046875,0.1451416015625
22.194,286,654,668,545,23.0,25.0,6.0,75.74462890625,12.451170921325684,33.3251953125,-0.7431640625,0.140625,0.0751953125
22.200,289,684,634,584,23.0,25.0,6.0,66.89453125,-0.3662109076976776,37.04833984375,-0.7794189453125,0.120849609375,-0.0069580078125
22.209,289,788,657,586,23.0,25.0,6.0,70.1904296875,-11.047362327575684,39.6728515625,-0.7989501953125,0.11572265625,-0.0594482421875
22.216,289,826,646,630,23.0,25.0,6.0,73.54736328125,-20.751951217651367,40.710445404052734,-0.828369140625,0.123779296875,-0.0225830078125
22.241,290,916,614,619,23.0,25.0,6.0,69.51904296875,-30.517576217651367,40.283199310302734,-0.8546142578125,0.14111328125,0.10498046875
22.242,289,968,648,619,23.0,25.0,6.0,58.166500091552734,-39.55078125,38.4521484375,-0.8533935546875,0.1583251953125,0.241455078125
22.246,291,1038,658,632,23.0,25.0,6.0,42.602535247802734,-44.616695404052734,34.97314453125,-0.83203125,0.1748046875,0.306884765625
22.263,287,1043,614,687,20.0,29.0,9.0,26.306150436401367,-44.433589935302734,29.235837936401367,-0.8114013671875,0.1849365234375,0.2894287109375
22.269,292,1199,642,747,20.0,29.0,9.0,10.559081077575684,-41.992183685302734,22.094724655151367,-0.8046875,0.18310546875,0.2301025390625
22.277,292,1167,639,763,20.0,29.0,9.0,-4.33349609375,-41.015621185302734,15.808104515075684,-0.798583984375,0.1619873046875,0.165283203125
22.294,292,1365,631,695,20.0,29.0,9.0,-16.17431640625,-42.053218841552734,11.169432640075684,-0.754638671875,0.13232421875,0.1190185546875
22.302,300,1323,648,879,20.0,29.0,9.0,-23.132322311401367,-43.762203216552734,6.225585460662842,-0.67431640625,0.14794921875,0.125732421875
22.306,316,1359,712,883,20.0,29.0,9.0,-28.015134811401367,-44.799800872802734,-2.38037109375,-0.5743408203125,0.2130126953125,0.1688232421875
22.320,328,1478,738,913,20.0,29.0,9.0,-38.63525390625,-42.724605560302734,-16.6015625,-0.469482421875,0.25830078125,0.1829833984375
22.345,346,1514,867,1056,20.0,29.0,9.0,-61.401363372802734,-36.2548828125,-34.36279296875,-0.3839111328125,0.2464599609375,0.1517333984375
22.345,371,1588,933,1122,20.0,29.0,9.0,-95.21483612060547,-26.611326217651367,-50.903316497802734,-0.3021240234375,0.144775390625,0.097900390625
22.350,404,1686,1146,1283,21.0,24.0,15.0,-125.79344940185547,-15.686034202575684,-63.781734466552734,-0.2200927734375,-0.0439453125,0.083984375
22.358,454,1718,1278,1422,21.0,24.0,15.0,-129.45556640625,-5.432128429412842,-71.10595703125,-0.21826171875,-0.1749267578125,0.16259765625
22.367,465,1819,1349,1503,21.0,24.0,15.0,-97.77831268310547,3.601073980331421,-70.98388671875,-0.3299560546875,-0.1004638671875,0.272705078125
22.380,484,1989,1386,1501,21.0,24.0,15.0,-52.001949310302734,10.070799827575684,-63.781734466552734,-0.483154296875,0.1683349609375,0.351806640625
22.388,493,2037,1527,1681,21.0,24.0,15.0,-25.451658248901367,10.437010765075684,-52.490230560302734,-0.69970703125,0.475341796875,0.4852294921875
22.401,513,2063,1610,1729,21.0,24.0,15.0,-34.72900390625,5.126952648162842,-41.870113372802734,-0.97607421875,0.579345703125,0.668212890625
22.415,535,2114,1643,1653,21.0,24.0,15.0,-67.93212890625,1.15966796875,-38.57421875,-1.2032470703125,0.3475341796875,0.8592529296875
22.418,551,2124,1727,1819,21.0,24.0,15.0,-97.35106658935547,3.173827886581421,-44.433589935302734,-1.47607421875,0.032470703125,0.97607421875
22.426,548,2105,1757,1809,21.0,24.0,15.0,-97.35106658935547,3.173827886581421,-44.433589935302734,-1.909423828125,0.0697021484375,0.84765625
22.446,512,2151,1739,1589,21.0,24.0,15.0,-64.51416015625,19.83642578125,-39.48974609375,-2.411376953125,0.027587890625,0.4833984375
22.448,454,2489,1640,1524,25.0,23.0,2.0,-28.198240280151367,18.6767578125,-32.2265625,-2.667236328125,-0.4893798828125,0.1199951171875
22.456,482,2273,1852,1643,25.0,23.0,2.0,-28.198240280151367,18.6767578125,-32.2265625,-2.15283203125,-0.834716796875,0.0135498046875
22.470,468,2261,1744,1509,25.0,23.0,2.0,63.232418060302734,5.554198741912842,-36.56005859375,-1.37451171875,-0.6199951171875,0.2196044921875
22.478,481,2240,1838,1650,25.0,23.0,2.0,96.13036346435547,2.929687261581421,-31.616209030151367,-1.2852783203125,-0.190185546875,0.4310302734375
22.486,473,2235,1850,1635,25.0,23.0,2.0,96.13036346435547,2.929687261581421,-31.616209030151367,-1.642578125,-0.0047607421875,0.371826171875
22.507,466,2164,1739,1468,25.0,23.0,2.0,-5.981444835662842,-5.310058116912842,17.9443359375,-1.8592529296875,-0.0528564453125,0.2508544921875
22.508,480,2178,1897,1185,25.0,23.0,2.0,-42.907711029052734,-15.869139671325684,34.60693359375,-1.7783203125,-0.0556640625,0.2847900390625
22.516,458,2074,1820,1533,25.0,23.0,2.0,-42.907711029052734,-15.869139671325684,34.60693359375,-1.5106201171875,0.0552978515625,0.4189453125
22.530,444,1905,1686,1352,25.0,23.0,2.0,-47.607418060302734,-17.27294921875,29.113767623901367,-1.224365234375,0.1190185546875,0.49755859375
22.549,441,1815,1732,1453,25.0,23.0,2.0,-43.518062591552734,-8.30078125,18.1884765625,-1.029052734375,0.0465087890625,0.4615478515625
22.550,437,1766,1666,1373,24.0,24.0,2.0,-43.518062591552734,-8.30078125,18.1884765625,-0.939697265625,0.007080078125,0.38916015625
22.560,414,1646,1519,1209,24.0,24.0,2.0,-24.658201217651367,10.314940452575684,13.610838890075684,-0.898193359375,0.0819091796875,0.345458984375
22.568,408,1588,1476,1278,24.0,24.0,2.0,-20.385740280151367,15.563963890075684,19.4091796875,-0.8525390625,0.1505126953125,0.3310546875
22.576,387,1536,1391,1201,24.0,24.0,2.0,-20.385740280151367,15.563963890075684,19.4091796875,-0.7833251953125,0.180908203125,0.3018798828125
22.590,356,1480,1122,936,24.0,24.0,2.0,-21.606443405151367,20.202634811401367,26.794431686401367,-0.6961669921875,0.1529541015625,0.23974609375
22.598,332,1419,1101,906,24.0,24.0,2.0,-17.51708984375,23.376462936401367,27.099607467651367,-0.5926513671875,-0.02685546875,0.20263671875
22.614,328,1317,1018,852,24.0,24.0,2.0,-17.51708984375,23.376462936401367,27.099607467651367,-0.5050048828125,-0.3116455078125,0.2274169921875
22.620,308,1160,894,754,24.0,24.0,2.0,21.362302780151367,36.865234375,21.057126998901367,-0.48681640625,-0.53662109375,0.298583984375
22.628,308,1104,855,730,24.0,24.0,2.0,50.476070404052734,45.837398529052734,18.5546875,-0.531494140625,-0.622802734375,0.34228515625
22.653,304,996,803,707,24.0,24.0,2.0,50.476070404052734,45.837398529052734,18.5546875,-0.6337890625,-0.56103515625,0.3167724609375
22.653,296,897,754,625,24.0,27.0,4.0,98.81591033935547,62.744136810302734,18.06640625,-0.7242431640625,-0.3466796875,0.2896728515625
22.658,292,820,735,636,24.0,27.0,4.0,98.81591033935547,62.744136810302734,18.06640625,-0.71435546875,-0.0386962890625,0.2581787109375
22.669,294,777,725,625,24.0,27.0,4.0,118.65233612060547,64.14794921875,21.057126998901367,-0.71435546875,-0.0386962890625,0.2581787109375
22.680,292,761,678,572,24.0,27.0,4.0,108.52050018310547,41.625972747802734,24.780271530151367,-0.669677734375,0.270263671875,0.14599609375
22.688,289,754,691,607,24.0,27.0,4.0,108.52050018310547,41.625972747802734,24.780271530151367,-0.6976318359375,0.2427978515625,0.1175537109375
22.696,290,767,693,587,24.0,27.0,4.0,85.44921112060547,24.108884811401367,26.367185592651367,-0.6976318359375,0.2427978515625,0.1175537109375
22.710,290,767,673,526,24.0,27.0,4.0,66.7724609375,-6.469726085662842,31.311033248901367,-0.807373046875,0.15625,0.02001953125
22.719,292,739,678,582,24.0,27.0,4.0,66.7724609375,-6.469726085662842,31.311033248901367,-0.873779296875,0.1429443359375,-0.0108642578125
22.726,291,777,678,582,24.0,27.0,4.0,62.866207122802734,-15.258788108825684,34.1796875,-0.873779296875,0.1429443359375,-0.0108642578125
22.758,289,788,653,568,23.0,26.0,11.0,45.776363372802734,-20.141599655151367,36.68212890625,-0.9462890625,0.1812744140625,0.1109619140625
22.758,289,829,669,586,23.0,26.0,11.0,45.776363372802734,-20.141599655151367,36.68212890625,-0.922607421875,0.1727294921875,0.2032470703125
22.759,282,860,673,598,23.0,26.0,11.0,32.40966796875,-21.484373092651367,33.26416015625,-0.922607421875,0.1727294921875,0.2032470703125
22.771,286,934,639,578,23.0,26.0,11.0,11.962889671325684,-23.864744186401367,21.240232467651367,-0.844482421875,0.083251953125,0.24072265625
22.778,291,992,658,625,23.0,26.0,11.0,11.962889671325684,-23.864744186401367,21.240232467651367,-0.8372802734375,0.064208984375,0.2100830078125
22.786,282,1043,651,654,23.0,26.0,11.0,7.141112804412842,-23.498533248901367,16.90673828125,-0.8372802734375,0.064208984375,0.2100830078125
22.800,292,1149,620,646,23.0,26.0,11.0,-2.685546636581421,-24.780271530151367,14.404295921325684,-0.795654296875,0.076904296875,0.1204833984375
22.808,292,1213,644,706,23.0,26.0,11.0,-2.685546636581421,-24.780271530151367,14.404295921325684,-0.7701416015625,0.1351318359375,0.12451171875
22.816,299,1283,651,725,23.0,26.0,11.0,-6.469726085662842,-27.832029342651367,13.122557640075684,-0.7701416015625,0.1351318359375,0.12451171875
22.830,294,1399,625,726,23.0,26.0,11.0,-16.9677734375,-37.53662109375,2.868652105331421,-0.7095947265625,0.2191162109375,0.1658935546875
22.838,304,1416,685,837,22.0,27.0,8.0,-16.9677734375,-37.53662109375,2.868652105331421,-0.6392822265625,0.24658203125,0.206787109375
22.856,315,1424,721,907,22.0,27.0,8.0,-28.076169967651367,-38.2080078125,-6.225585460662842,-0.6392822265625,0.24658203125,0.206787109375
22.866,334,1488,829,1012,22.0,27.0,8.0,-57.739253997802734,-31.555173873901367,-33.26416015625,-0.4566650390625,0.2161865234375,0.2589111328125
22.869,354,1508,883,1078,22.0,27.0,8.0,-57.739253997802734,-31.555173873901367,-33.26416015625,-0.3804931640625,0.119384765625,0.2098388671875
22.876,362,1561,943,1123,22.0,27.0,8.0,-78.43017578125,-27.587888717651367,-46.447750091552734,-0.3804931640625,0.119384765625,0.2098388671875
22.890,400,1652,1067,1173,22.0,27.0,8.0,-99.12108612060547,-24.108884811401367,-55.725093841552734,-0.347412109375,-0.19482421875,0.1861572265625
22.898,436,1715,1236,1380,22.0,27.0,8.0,-99.79247283935547,-18.06640625,-58.715816497802734,-0.347412109375,-0.19482421875,0.1861572265625
22.907,465,1813,1358,1476,22.0,27.0,8.0,-71.22802734375,-9.765625,-56.091304779052734,-0.2783203125,-0.2264404296875,0.2142333984375
22.920,484,1957,1413,1464,22.0,27.0,8.0,-33.447265625,-2.685546636581421,-51.940914154052734,-0.462646484375,0.21240234375,0.4544677734375
22.936,506,2035,1502,1653,22.0,27.0,8.0,-12.817381858825684,2.197265625,-47.058101654052734,-0.462646484375,0.21240234375,0.4544677734375
22.936,468,2555,1659,1761,27.0,23.0,8.0,-16.41845703125,6.042479991912842,-40.283199310302734,-0.7567138671875,0.5189208984375,0.5882568359375
22.959,519,2167,1580,1608,27.0,23.0,8.0,-34.7900390625,6.591796398162842,-33.203125,-1.279541015625,0.3726806640625,0.749267578125
22.959,519,2322,1504,1607,27.0,23.0,8.0,-60.363765716552734,-1.5869139432907104,-29.907224655151367,-1.279541015625,0.3726806640625,0.749267578125
22.966,467,2271,1792,1641,27.0,23.0,8.0,-81.72606658935547,-13.427733421325684,-28.381345748901367,-1.6435546875,0.0650634765625,0.648193359375
22.981,456,2281,1755,1437,27.0,23.0,8.0,-77.1484375,-15.869139671325684,-18.06640625,-2.758544921875,-0.2933349609375,0.0611572265625
22.988,424,2407,1867,1483,27.0,23.0,8.0,-51.818843841552734,-14.587401390075684,-5.676269054412842,-2.758544921875,-0.2933349609375,0.0611572265625
22.997,411,2471,1951,1441,27.0,23.0,8.0,-26.306150436401367,-21.911619186401367,-3.479003667831421,-2.6292724609375,-0.64404296875,0.0643310546875
23.010,402,2467,1850,1278,27.0,23.0,8.0,-1.0986328125,-29.418943405151367,-6.469726085662842,-0.9990234375,-0.2073974609375,0.5728759765625
23.018,413,2430,1961,1443,27.0,23.0,8.0,26.733396530151367,-27.893064498901367,-7.995604991912842,-0.9990234375,-0.2073974609375,0.5728759765625
23.028,411,2389,1943,1447,27.0,23.0,8.0,27.893064498901367,-18.310546875,-0.3662109076976776,-1.130126953125,0.0421142578125,0.734619140625
23.040,406,2325,1800,1267,24.0,23.0,2.0,-9.09423828125,-3.234863042831421,13.793944358825684,-1.83837890625,0.012451171875,0.5242919921875
23.062,411,2233,1891,1422,24.0,23.0,2.0,-38.75732421875,9.033203125,21.179197311401367,-1.83837890625,0.012451171875,0.5242919921875
23.062,406,2172,1824,1371,24.0,23.0,2.0,-40.771480560302734,13.244627952575684,19.287109375,-1.75048828125,0.05029296875,0.4881591796875
23.070,402,2047,1753,1188,24.0,23.0,2.0,-34.72900390625,13.916014671325684,13.793944358825684,-1.301025390625,0.0498046875,0.4754638671875
23.079,400,1943,1757,1303,24.0,23.0,2.0,-31.921384811401367,15.075682640075684,10.070799827575684,-1.301025390625,0.0498046875,0.4754638671875
23.091,383,1891,1703,1236,24.0,23.0,2.0,-29.418943405151367,16.11328125,9.82666015625,-1.1810302734375,0.0399169921875,0.4534912109375
23.100,371,1735,1488,1029,24.0,23.0,2.0,-26.062009811401367,15.869139671325684,13.610838890075684,-1.1060791015625,0.0574951171875,0.4381103515625
23.108,360,1641,1468,1065,24.0,23.0,2.0,-22.888181686401367,16.29638671875,19.775390625,-1.037109375,0.0128173828125,0.38037109375
23.118,354,1607,1330,1009,24.0,23.0,2.0,-16.4794921875,19.83642578125,24.291990280151367,-0.96142578125,-0.080322265625,0.27197265625
23.130,324,1384,1055,813,24.0,23.0,2.0,-5.0048828125,26.428220748901367,24.719236373901367,-0.853271484375,-0.196044921875,0.1427001953125
23.138,321,1229,968,815,24.0,26.0,2.0,13.916014671325684,35.5224609375,22.094724655151367,-0.7200927734375,-0.31396484375,0.0592041015625
23.165,315,1103,883,748,24.0,26.0,2.0,41.992183685302734,45.959468841552734,18.98193359375,-0.597900390625,-0.3785400390625,0.05517578125
23.165,302,806,746,590,24.0,26.0,2.0,70.98388671875,55.786128997802734,16.9677734375,-0.5255126953125,-0.4208984375,0.1053466796875
23.169,296,600,744,555,24.0,26.0,2.0,93.13964080810547,64.8193359375,15.808104515075684,-0.5380859375,-0.44384765625,0.141845703125
23.176,291,478,700,521,24.0,26.0,2.0,109.43602752685547,73.05908203125,15.686034202575684,-0.59228515625,-0.3460693359375,0.1656494140625
23.190,280,433,636,481,24.0,26.0,2.0,122.86376190185547,77.45361328125,16.29638671875,-0.59521484375,-0.0909423828125,0.2371826171875
23.205,278,444,630,501,24.0,26.0,2.0,130.31005859375,72.32666015625,16.9677734375,-0.5360107421875,0.2244873046875,0.3133544921875
23.206,279,481,618,430,24.0,26.0,2.0,122.07030487060547,57.312007904052734,19.10400390625,-0.4896240234375,0.449462890625,0.310791015625
23.220,279,482,603,484,24.0,26.0,2.0,94.05516815185547,38.9404296875,21.728513717651367,-0.495361328125,0.4908447265625,0.219970703125
23.228,279,493,644,501,24.0,26.0,2.0,58.959957122802734,24.719236373901367,20.507810592651367,-0.5323486328125,0.3836669921875,0.092041015625
23.236,281,519,621,496,23.0,25.0,10.0,38.14697265625,16.66259765625,17.15087890625,-0.586669921875,0.2650146484375,0.0194091796875
23.267,282,533,620,470,23.0,25.0,10.0,38.4521484375,9.6435546875,17.7001953125,-0.6253662109375,0.181640625,0.03759765625
23.267,282,540,648,495,23.0,25.0,10.0,49.743648529052734,1.2817381620407104,21.728513717651367,-0.62646484375,0.074951171875,0.081787109375
23.267,286,541,667,484,23.0,25.0,10.0,59.082027435302734,-4.2724609375,24.780271530151367,-0.6304931640625,-0.0489501953125,0.118408203125
23.280,281,580,666,508,23.0,25.0,10.0,59.753414154052734,-4.8828125,25.573728561401367,-0.654296875,-0.0931396484375,0.1763916015625
23.288,286,660,682,553,23.0,25.0,10.0,53.527828216552734,-3.906249761581421,25.268552780151367,-0.671142578125,-0.00927734375,0.2457275390625
23.372,286,808,660,590,23.0,25.0,10.0,41.564937591552734,-4.33349609375,23.559568405151367,-0.7200927734375,0.1158447265625,0.28857421875
23.388,290,1132,678,654,23.0,25.0,10.0,23.315427780151367,-7.812499523162842,20.751951217651367,-0.809814453125,0.1947021484375,0.29150390625
23.388,287,1138,629,673,23.0,25.0,10.0,2.01416015625,-14.526366233825684,18.310546875,-0.881103515625,0.21728515625,0.236328125
23.388,291,1271,673,647,23.0,25.0,10.0,-17.333984375,-22.277830123901367,16.29638671875,-0.9434814453125,0.2054443359375,0.120361328125
23.392,292,1358,620,733,20.0,23.0,12.0,-32.40966796875,-31.494138717651367,13.488768577575684,-0.9954833984375,0.1912841796875,0.000732421875
23.392,279,1371,562,749,20.0,23.0,12.0,-44.616695404052734,-43.945308685302734,9.46044921875,-0.9757080078125,0.15966796875,-0.02490234375
23.392,306,1328,669,897,20.0,23.0,12.0,-57.067867279052734,-58.105464935302734,2.01416015625,-0.8516845703125,0.0830078125,0.051513671875
23.392,327,1397,780,894,20.0,23.0,12.0,-70.86181640625,-68.9697265625,-11.779784202575684,-0.6290283203125,-0.0093994140625,0.0904541015625
23.392,361,1462,842,962,20.0,23.0,12.0,-85.75438690185547,-69.580078125,-29.846189498901367,-0.374755859375,0.0115966796875,-0.0435791015625
23.393,375,1412,1003,1107,20.0,23.0,12.0,-112.30467987060547,-57.128902435302734,-46.936031341552734,-0.2825927734375,0.076904296875,-0.2080078125
23.408,416,1439,1182,1157,20.0,23.0,12.0,-151.3671875,-39.24560546875,-55.847164154052734,-0.4224853515625,-0.0789794921875,-0.10498046875
23.409,454,1502,1382,1323,20.0,23.0,12.0,-159.3017578125,-25.207517623901367,-50.476070404052734,-0.5146484375,-0.2889404296875,0.1981201171875
23.421,468,1557,1466,1411,20.0,23.0,12.0,-107.91014862060547,-14.465331077575684,-36.865234375,-0.5101318359375,-0.2298583984375,0.3917236328125
23.450,490,1705,1492,1415,23.0,24.0,9.0,-42.663570404052734,-5.432128429412842,-26.367185592651367,-0.643310546875,0.1217041015625,0.457763671875
23.450,519,1761,1580,1634,23.0,24.0,9.0,-15.441893577575684,-3.295898199081421,-19.53125,-0.8665771484375,0.5364990234375,0.56396484375
23.450,537,1809,1622,1681,23.0,24.0,9.0,-27.282712936401367,-9.8876953125,-14.648436546325684,-1.0401611328125,0.6632080078125,0.70849609375
23.491,548,1918,1634,1604,23.0,24.0,9.0,-53.894039154052734,-18.310546875,-13.916014671325684,-1.1568603515625,0.4276123046875,0.845947265625
23.491,551,1997,1691,1722,23.0,24.0,9.0,-73.66943359375,-21.606443405151367,-19.1650390625,-1.2938232421875,0.0833740234375,0.985107421875
23.491,564,2432,1574,1693,23.0,24.0,9.0,-74.951171875,-16.05224609375,-26.367185592651367,-1.606689453125,-0.0626220703125,0.965576171875
23.491,427,2083,2026,1564,23.0,24.0,9.0,-53.222652435302734,-1.03759765625,-26.245115280151367,-2.0963134765625,0.1107177734375,0.697998046875
23.498,509,1908,1753,1655,23.0,24.0,9.0,-22.460935592651367,11.230467796325684,-19.10400390625,-2.447998046875,0.11328125,0.3206787109375
23.506,493,1973,1789,1598,23.0,24.0,9.0,2.624511480331421,11.535643577575684,-18.4326171875,-2.115234375,-0.3543701171875,0.046875
23.520,479,1954,1700,1453,23.0,24.0,9.0,36.68212890625,7.751464366912842,-31.188962936401367,-1.4151611328125,-0.6134033203125,0.0684814453125
23.528,495,1927,1786,1588,25.0,22.0,1.0,74.21875,6.958007335662842,-37.53662109375,-1.260498046875,-0.3536376953125,0.234619140625
23.542,490,1925,1757,1557,25.0,22.0,1.0,65.3076171875,6.958007335662842,-21.911619186401367,-1.5401611328125,-0.081787109375,0.2801513671875
23.550,462,1906,1716,1373,25.0,22.0,1.0,13.305663108825684,2.01416015625,3.295898199081421,-1.7249755859375,-0.04833984375,0.21533203125
23.579,456,1880,1783,1474,25.0,22.0,1.0,-27.099607467651367,-9.58251953125,24.108884811401367,-1.68505859375,-0.072509765625,0.1868896484375
23.580,455,1882,1727,1437,25.0,22.0,1.0,-27.099607467651367,-9.58251953125,24.108884811401367,-1.5086669921875,-0.053466796875,0.249267578125
23.580,430,1779,1681,1012,25.0,22.0,1.0,-46.081539154052734,-29.785154342651367,42.236324310302734,-1.3055419921875,-0.01953125,0.352783203125
23.588,423,1695,1652,1351,25.0,22.0,1.0,-45.349117279052734,-30.822751998901367,41.015621185302734,-1.1201171875,0.0299072265625,0.4326171875
23.596,407,1653,1604,1283,25.0,22.0,1.0,-45.349117279052734,-30.822751998901367,41.015621185302734,-0.96630859375,0.079833984375,0.4337158203125
23.610,388,1557,1428,1108,25.0,22.0,1.0,-30.334470748901367,-14.770506858825684,35.888671875,-0.8719482421875,0.1297607421875,0.380615234375
23.645,376,1504,1391,1134,25.0,22.0,1.0,-18.61572265625,-2.0751953125,35.0341796875,-0.8253173828125,0.189453125,0.3477783203125
23.646,330,1695,1157,998,24.0,23.0,7.0,-18.61572265625,-2.0751953125,35.0341796875,-0.7979736328125,0.2271728515625,0.3441162109375
23.646,332,1395,1074,869,24.0,23.0,7.0,-8.60595703125,18.00537109375,31.066892623901367,-0.7689208984375,0.197509765625,0.335205078125
23.654,327,1357,959,802,24.0,23.0,7.0,-5.249022960662842,26.428220748901367,27.099607467651367,-0.7186279296875,0.054931640625,0.31396484375
23.656,304,1362,872,766,24.0,23.0,7.0,-5.249022960662842,26.428220748901367,27.099607467651367,-0.6536865234375,-0.172119140625,0.2857666015625
23.681,304,1034,815,625,24.0,23.0,7.0,22.888181686401367,42.907711029052734,16.7236328125,-0.6207275390625,-0.3785400390625,0.2647705078125
23.681,304,934,753,604,24.0,23.0,7.0,47.180171966552734,50.842281341552734,12.390135765075684,-0.6356201171875,-0.465576171875,0.246826171875
23.686,299,815,759,599,24.0,23.0,7.0,47.180171966552734,50.842281341552734,12.390135765075684,-0.6802978515625,-0.416748046875,0.2156982421875
23.700,291,614,711,532,24.0,23.0,7.0,89.47753143310547,57.861324310302734,9.765625,-0.7257080078125,-0.2554931640625,0.21337890625
23.709,291,593,689,526,24.0,23.0,7.0,101.62352752685547,53.283687591552734,11.413573265075684,-0.723876953125,-0.035888671875,0.25634765625
23.716,287,533,692,521,24.0,23.0,7.0,101.62352752685547,53.283687591552734,11.413573265075684,-0.68896484375,0.130859375,0.2818603515625
23.730,281,499,644,490,23.0,26.0,7.0,86.85301971435547,26.245115280151367,18.24951171875,-0.681640625,0.1895751953125,0.2388916015625
23.738,277,499,654,509,23.0,26.0,7.0,67.87109375,11.840819358825684,23.742673873901367,-0.702392578125,0.1890869140625,0.130615234375
23.747,280,614,707,493,23.0,26.0,7.0,67.87109375,11.840819358825684,23.742673873901367,-0.7039794921875,0.1927490234375,0.0084228515625
23.755,282,527,656,497,23.0,26.0,7.0,57.983394622802734,1.220703125,30.090330123901367,-0.7039794921875,0.1927490234375,0.0084228515625
23.788,287,548,642,495,23.0,26.0,7.0,70.068359375,-11.108397483825684,38.87939453125,-0.6956787109375,0.2257080078125,-0.1083984375
23.789,282,588,654,529,23.0,26.0,7.0,70.068359375,-11.108397483825684,38.87939453125,-0.7264404296875,0.2115478515625,-0.02783203125
23.789,282,647,653,536,23.0,26.0,7.0,68.17626953125,-17.7001953125,38.63525390625,-0.7264404296875,0.2115478515625,-0.02783203125
23.799,280,735,630,540,23.0,26.0,7.0,35.33935546875,-33.87451171875,28.991697311401367,-0.8331298828125,0.174072265625,0.338623046875
23.807,277,806,644,588,23.0,26.0,7.0,35.33935546875,-33.87451171875,28.991697311401367,-0.85009765625,0.1962890625,0.4761962890625
23.815,280,867,636,601,23.0,26.0,7.0,20.324705123901367,-36.80419921875,21.362302780151367,-0.85009765625,0.1962890625,0.4761962890625
23.829,289,972,621,584,22.0,27.0,8.0,2.685546636581421,-22.094724655151367,0.9765624403953552,-0.783447265625,0.236083984375,0.44287109375
23.837,291,1051,642,640,22.0,27.0,8.0,2.685546636581421,-22.094724655151367,0.9765624403953552,-0.7559814453125,0.1796875,0.3389892578125
23.847,291,1104,632,666,22.0,27.0,8.0,-5.798339366912842,-13.793944358825684,-9.3994140625,-0.7559814453125,0.1796875,0.3389892578125
23.860,292,1223,617,658,22.0,27.0,8.0,-8.11767578125,-13.122557640075684,-23.559568405151367,-0.7235107421875,0.1005859375,0.1468505859375
23.905,294,1289,683,735,22.0,27.0,8.0,-8.11767578125,-13.122557640075684,-23.559568405151367,-0.6541748046875,0.1468505859375,0.0892333984375
23.925,299,1357,731,767,22.0,27.0,8.0,-3.417968511581421,-18.98193359375,-29.357908248901367,-0.6541748046875,0.1468505859375,0.0892333984375
23.925,321,1411,800,808,22.0,27.0,8.0,-3.295898199081421,-26.611326217651367,-37.841796875,-0.3355712890625,0.229248046875,0.1300048828125
23.925,328,1497,949,900,22.0,27.0,8.0,-11.718749046325684,-34.36279296875,-50.476070404052734,-0.3355712890625,0.229248046875,0.1300048828125
23.925,348,1552,1014,957,22.0,27.0,8.0,-30.151365280151367,-38.14697265625,-66.5283203125,-0.2037353515625,0.1876220703125,0.14599609375
23.925,401,1514,1160,1074,24.0,23.0,3.0,-58.776851654052734,-34.60693359375,-79.04052734375,-0.387939453125,-0.0721435546875,0.1015625
23.927,426,1545,1365,1268,24.0,23.0,3.0,-89.35546112060547,-25.329587936401367,-79.1015625,-0.387939453125,-0.0721435546875,0.1015625
23.935,439,1596,1477,1348,24.0,23.0,3.0,-100.46385955810547,-14.099120140075684,-68.29833984375,-0.4813232421875,-0.1180419921875,0.1146240234375
23.950,472,1735,1529,1351,24.0,23.0,3.0,-84.71678924560547,-5.0048828125,-55.297847747802734,-0.8641357421875,-0.0450439453125,0.2359619140625
23.963,495,1824,1635,1504,24.0,23.0,3.0,-61.218257904052734,-2.0751953125,-44.128414154052734,-0.8641357421875,-0.0450439453125,0.2359619140625
24.001,485,1882,1686,1568,24.0,23.0,3.0,-41.625972747802734,-7.812499523162842,-32.5927734375,-1.17529296875,0.0225830078125,0.42431640625
24.001,479,2019,1750,1550,24.0,23.0,3.0,-31.433103561401367,-20.874021530151367,-18.798828125,-1.5589599609375,0.246826171875,0.749755859375
24.002,454,2190,1830,1494,24.0,23.0,3.0,-37.65869140625,-35.7666015625,-6.042479991912842,-1.5589599609375,0.246826171875,0.749755859375
24.002,455,2186,2102,1456,24.0,23.0,3.0,-46.081539154052734,-43.945308685302734,0.6103515625,-1.6968994140625,0.012451171875,0.6689453125
24.009,447,2210,1846,1533,24.0,23.0,3.0,-31.127927780151367,-35.888671875,-0.9765624403953552,-2.037353515625,-0.0927734375,0.4552001953125
24.017,464,2178,1874,1557,23.0,23.0,3.0,1.4648436307907104,-17.2119140625,-10.864256858825684,-2.037353515625,-0.0927734375,0.4552001953125
24.025,442,2195,1864,1531,23.0,23.0,3.0,23.071287155151367,-2.868652105331421,-25.390623092651367,-1.914794921875,-0.103515625,0.5816650390625
24.045,445,2133,1759,1397,23.0,23.0,3.0,26.916501998901367,7.019042491912842,-36.2548828125,-0.994384765625,-0.1280517578125,0.610595703125
24.047,461,2186,2072,1519,23.0,23.0,3.0,30.761716842651367,17.578125,-40.710445404052734,-0.994384765625,-0.1280517578125,0.610595703125
24.055,438,2155,1865,1472,23.0,23.0,3.0,33.38623046875,27.526853561401367,-37.2314453125,-1.086669921875,-0.0206298828125,0.519287109375
24.085,440,2050,1786,1326,23.0,23.0,3.0,11.840819358825684,34.1796875,-23.986814498901367,-1.789794921875,-0.0235595703125,0.240234375
24.086,441,2028,1850,1429,23.0,23.0,3.0,-21.911619186401367,33.87451171875,-8.9111328125,-1.789794921875,-0.0235595703125,0.240234375
24.086,431,1985,1792,1369,23.0,23.0,3.0,-40.710445404052734,25.146482467651367,-0.4882812201976776,-1.7498779296875,-0.069580078125,0.23974609375
24.117,445,1829,1703,1281,23.0,23.0,3.0,-45.532222747802734,12.878417015075684,3.173827886581421,-1.3485107421875,-0.1190185546875,0.3260498046875
24.117,402,1948,1819,1268,23.0,23.0,3.0,-45.532222747802734,2.25830078125,8.36181640625,-1.3485107421875,-0.1190185546875,0.3260498046875
24.117,407,1794,1757,1280,25.0,23.0,2.0,-41.748043060302734,-6.713866710662842,17.27294921875,-1.2274169921875,-0.1004638671875,0.3341064453125
24.129,383,1715,1557,1055,25.0,23.0,2.0,-35.888671875,-15.686034202575684,28.625486373901367,-1.1553955078125,-0.0418701171875,0.3446044921875
24.137,376,1640,1548,1132,25.0,23.0,2.0,-30.517576217651367,-22.827146530151367,39.61181640625,-1.0955810546875,-0.01318359375,0.3414306640625
24.145,361,1589,1447,1055,25.0,23.0,2.0,-23.376462936401367,-24.230955123901367,46.325679779052734,-1.026611328125,-0.0260009765625,0.309326171875
24.159,338,1494,1153,846,25.0,23.0,2.0,-12.634276390075684,-18.798828125,47.119136810302734,-0.93408203125,-0.0692138671875,0.25439453125
24.167,336,1379,1097,891,25.0,23.0,2.0,0.9765624403953552,-8.36181640625,43.151851654052734,-0.7950439453125,-0.1644287109375,0.2161865234375
24.191,324,1289,992,827,25.0,23.0,2.0,21.362302780151367,5.676269054412842,36.1328125,-0.6480712890625,-0.23876953125,0.246826171875
24.191,315,1131,845,697,25.0,23.0,2.0,48.339839935302734,22.338865280151367,27.587888717651367,-0.5506591796875,-0.2567138671875,0.30908203125
24.197,315,1038,766,684,25.0,23.0,2.0,72.8759765625,41.809078216552734,17.9443359375,-0.52392578125,-0.283447265625,0.3492431640625
24.219,302,811,763,634,25.0,23.0,2.0,89.47753143310547,61.889644622802734,7.812499523162842,-0.5638427734375,-0.2884521484375,0.338134765625
24.219,294,588,693,536,22.0,23.0,6.0,98.44969940185547,76.171875,0.4272460639476776,-0.6273193359375,-0.190673828125,0.2918701171875
24.227,289,576,684,529,22.0,23.0,6.0,103.45458221435547,79.4677734375,-1.7089842557907104,-0.6331787109375,0.0050048828125,0.2855224609375
24.235,281,537,648,523,22.0,23.0,6.0,107.17772674560547,70.80078125,0.8544921278953552,-0.576904296875,0.2093505859375,0.2939453125
24.249,279,518,614,493,22.0,23.0,6.0,103.75975799560547,54.199214935302734,7.263183116912842,-0.5709228515625,0.326171875,0.255615234375
24.257,279,508,620,506,22.0,23.0,6.0,87.89061737060547,35.2783203125,16.7236328125,-0.6434326171875,0.346923828125,0.1834716796875
24.269,282,518,620,497,22.0,23.0,6.0,66.0400390625,17.9443359375,26.245115280151367,-0.728759765625,0.3154296875,0.1126708984375
24.289,280,501,605,482,22.0,23.0,6.0,49.987789154052734,4.2724609375,32.2265625,-0.7950439453125,0.2723388671875,0.0638427734375
24.289,286,513,617,493,22.0,23.0,6.0,40.405269622802734,-5.615233898162842,32.53173828125,-0.828125,0.217041015625,0.0460205078125
24.295,280,518,625,493,22.0,23.0,6.0,30.395505905151367,-11.596678733825684,27.770994186401367,-0.80908203125,0.1322021484375,0.058837890625
24.317,280,531,623,475,20.0,27.0,5.0,20.202634811401367,-13.610838890075684,21.484373092651367,-0.7493896484375,0.0322265625,0.0843505859375
24.318,280,537,644,501,20.0,27.0,5.0,16.78466796875,-13.244627952575684,16.78466796875,-0.6876220703125,-0.0419921875,0.111083984375
24.330,277,552,634,521,20.0,27.0,5.0,23.498533248901367,-12.451170921325684,14.099120140075684,-0.649658203125,-0.058837890625,0.148681640625
24.339,277,725,594,540,20.0,27.0,5.0,35.94970703125,-12.756346702575684,12.512206077575684,-0.6334228515625,-0.0428466796875,0.1983642578125
24.349,280,855,600,605,20.0,27.0,5.0,46.630855560302734,-14.892577171325684,10.681151390075684,-0.642333984375,-0.0186767578125,0.24609375
24.355,282,996,598,631,20.0,27.0,5.0,50.903316497802734,-19.34814453125,8.60595703125,-0.67919921875,0.042724609375,0.2733154296875
24.369,289,1213,553,631,20.0,27.0,5.0,45.654293060302734,-26.611326217651367,6.042479991912842,-0.72705078125,0.1405029296875,0.259765625
24.393,291,1320,603,679,20.0,27.0,5.0,31.860349655151367,-36.1328125,1.4648436307907104,-0.767578125,0.2393798828125,0.1954345703125
24.394,294,1390,625,706,20.0,27.0,5.0,15.197752952575684,-46.386714935302734,-6.835937023162842,-0.7535400390625,0.329833984375,0.12939453125
24.399,313,1401,820,824,20.0,27.0,5.0,2.01416015625,-57.556148529052734,-21.240232467651367,-0.6116943359375,0.3685302734375,0.1273193359375
24.409,332,1398,947,902,25.0,23.0,13.0,-7.263183116912842,-65.91796875,-45.532222747802734,-0.304931640625,0.387451171875,0.1031494140625
24.416,364,1358,1050,1018,25.0,23.0,13.0,-31.433103561401367,-61.218257904052734,-80.87157440185547,-0.0765380859375,0.3958740234375,-0.0780029296875
24.429,418,1411,1253,1085,25.0,23.0,13.0,-94.42137908935547,-37.41455078125,-115.29540252685547,-0.2298583984375,0.2315673828125,-0.22900390625
24.443,438,1474,1437,1278,25.0,23.0,13.0,-164.12351989746094,-8.1787109375,-122.61962127685547,-0.4595947265625,-0.080322265625,-0.0185546875
24.445,465,1529,1546,1336,25.0,23.0,13.0,-164.61180114746094,10.864256858825684,-97.96141815185547,-0.481201171875,-0.1292724609375,0.240966796875
24.469,484,1611,1608,1343,25.0,23.0,13.0,-108.70360565185547,18.6767578125,-65.85693359375,-0.5716552734375,0.0863037109375,0.2669677734375
24.469,501,1722,1739,1478,25.0,23.0,13.0,-82.82469940185547,10.803221702575684,-42.846675872802734,-0.918701171875,0.18701171875,0.377685546875
24.532,504,1695,1813,1497,25.0,23.0,13.0,-109.49706268310547,-13.549803733825684,-25.512693405151367,-1.4085693359375,0.1993408203125,0.6593017578125
24.533,495,1719,1908,1412,25.0,23.0,13.0,-163.14695739746094,-43.518062591552734,-9.09423828125,-1.8004150390625,-0.1544189453125,0.9241943359375
24.533,426,2048,1697,1340,25.0,23.0,13.0,-197.38768005371094,-65.36865234375,-0.6713866591453552,-1.907958984375,-1.012939453125,0.935791015625
24.533,418,1931,1806,1456,25.0,20.0,3.0,-142.63916015625,-62.255855560302734,-1.6479490995407104,-1.8759765625,-1.4298095703125,0.700927734375
24.534,508,1931,1850,1428,25.0,20.0,3.0,-17.08984375,-34.66796875,-2.929687261581421,-1.8782958984375,-0.7962646484375,0.492919921875
24.534,467,2001,1918,1166,25.0,20.0,3.0,68.9697265625,-6.042479991912842,1.8920897245407104,-1.839111328125,0.1131591796875,0.4305419921875
24.536,455,2041,1914,1472,25.0,20.0,3.0,79.58984375,7.202147960662842,7.751464366912842,-1.537109375,0.3880615234375,0.4637451171875
24.572,461,2021,1813,1334,25.0,20.0,3.0,75.37841796875,9.21630859375,3.845214605331421,-1.0565185546875,0.125,0.556884765625
24.572,456,2063,1869,1463,25.0,20.0,3.0,90.82030487060547,11.596678733825684,-5.737304210662842,-0.979736328125,-0.0679931640625,0.6141357421875
24.576,455,2392,1914,1398,25.0,20.0,3.0,86.66991424560547,18.73779296875,-5.249022960662842,-1.3775634765625,-0.0167236328125,0.5057373046875
24.616,445,1934,1861,1440,25.0,20.0,3.0,41.564937591552734,25.573728561401367,5.310058116912842,-1.732421875,0.077880859375,0.2861328125
24.617,447,1943,1826,1334,25.0,20.0,3.0,-6.408690929412842,25.146482467651367,13.000487327575684,-1.7635498046875,0.1015625,0.14453125
24.617,440,1894,1869,1377,25.0,20.0,3.0,-6.408690929412842,25.146482467651367,13.000487327575684,-1.565185546875,0.046630859375,0.16845703125
24.617,424,1817,1739,1219,26.0,21.0,3.0,-44.128414154052734,10.009765625,14.221190452575684,-1.3448486328125,-0.0264892578125,0.2657470703125
24.619,406,2170,1719,1004,26.0,21.0,3.0,-46.020503997802734,5.187987804412842,17.15087890625,-1.202880859375,-0.033447265625,0.3458251953125
24.625,390,1796,1762,1198,26.0,21.0,3.0,-46.020503997802734,5.187987804412842,17.15087890625,-1.1065673828125,0.025146484375,0.3887939453125
24.639,384,1693,1608,1009,26.0,21.0,3.0,-37.90283203125,-4.45556640625,29.907224655151367,-1.0169677734375,0.0345458984375,0.379638671875
24.647,376,1627,1599,1095,26.0,21.0,3.0,-36.0107421875,-7.751464366912842,36.7431640625,-0.9488525390625,-0.025146484375,0.322998046875
24.655,362,1592,1547,1038,26.0,21.0,3.0,-36.0107421875,-7.751464366912842,36.7431640625,-0.911376953125,-0.0941162109375,0.26708984375
24.669,356,1478,1323,848,26.0,21.0,3.0,-26.123044967651367,-3.540038824081421,44.616695404052734,-0.8895263671875,-0.1712646484375,0.23828125
24.677,348,1340,1286,897,26.0,21.0,3.0,-17.08984375,0.6103515625,44.067378997802734,-0.846923828125,-0.26318359375,0.2161865234375
24.699,338,1184,1202,840,26.0,21.0,3.0,-17.08984375,0.6103515625,44.067378997802734,-0.782958984375,-0.3126220703125,0.20556640625
24.699,308,1109,1022,720,26.0,21.0,3.0,14.343260765075684,12.268065452575684,38.87939453125,-0.7230224609375,-0.2945556640625,0.2073974609375
24.707,323,1013,968,725,22.0,24.0,5.0,31.616209030151367,18.61572265625,35.5224609375,-0.6956787109375,-0.2886962890625,0.2078857421875
24.715,315,975,922,693,22.0,24.0,5.0,31.616209030151367,18.61572265625,35.5224609375,-0.7156982421875,-0.306396484375,0.1988525390625
24.729,304,816,780,605,22.0,24.0,5.0,58.105464935302734,34.24072265625,27.587888717651367,-0.7667236328125,-0.249267578125,0.1944580078125
24.744,300,695,778,601,22.0,24.0,5.0,72.75390625,41.076656341552734,26.062009811401367,-0.7958984375,-0.08837890625,0.2291259765625
24.746,298,625,759,454,22.0,24.0,5.0,72.75390625,41.076656341552734,26.062009811401367,-0.7545166015625,0.0941162109375,0.296142578125
24.759,291,484,678,497,22.0,24.0,5.0,94.72655487060547,37.9638671875,27.465818405151367,-0.6785888671875,0.22021484375,0.3541259765625
24.768,290,468,656,512,22.0,24.0,5.0,95.94725799560547,30.883787155151367,28.442380905151367,-0.645263671875,0.278076171875,0.3751220703125
24.781,280,454,639,497,22.0,24.0,5.0,95.94725799560547,30.883787155151367,28.442380905151367,-0.6748046875,0.29638671875,0.37451171875
24.802,280,461,607,467,22.0,24.0,5.0,70.068359375,17.76123046875,32.65380859375,-0.7196044921875,0.299560546875,0.3592529296875
24.803,279,462,607,482,22.0,24.0,5.0,51.879878997802734,12.390135765075684,34.11865234375,-0.7386474609375,0.286376953125,0.31982421875
24.805,282,468,607,481,24.0,24.0,7.0,51.879878997802734,12.390135765075684,34.11865234375,-0.7271728515625,0.2576904296875,0.263916015625
24.824,289,473,607,470,24.0,24.0,7.0,32.958984375,4.82177734375,29.174802780151367,-0.6920166015625,0.2093505859375,0.2086181640625
24.827,286,487,619,485,24.0,24.0,7.0,32.958984375,4.82177734375,29.174802780151367,-0.6549072265625,0.14111328125,0.168212890625
24.836,280,484,636,496,24.0,24.0,7.0,30.944822311401367,3.540038824081421,23.437498092651367,-0.6549072265625,0.14111328125,0.168212890625
24.850,282,510,631,495,24.0,24.0,7.0,34.85107421875,3.662109136581421,12.451170921325684,-0.635009765625,0.0240478515625,0.1295166015625
24.857,286,620,632,546,24.0,24.0,7.0,34.85107421875,3.662109136581421,12.451170921325684,-0.6373291015625,-0.0093994140625,0.1175537109375
24.865,280,754,614,579,24.0,24.0,7.0,39.36767578125,3.662109136581421,9.46044921875,-0.6373291015625,-0.0093994140625,0.1175537109375
24.879,280,985,586,639,24.0,24.0,7.0,51.147457122802734,0.7324218153953552,7.995604991912842,-0.701416015625,0.1046142578125,0.1729736328125
24.905,280,1104,588,668,24.0,24.0,7.0,51.147457122802734,0.7324218153953552,7.995604991912842,-0.750244140625,0.21923828125,0.229736328125
24.905,279,1336,508,667,24.0,24.0,7.0,44.128414154052734,-7.812499523162842,7.446288585662842,-0.750244140625,0.21923828125,0.229736328125
24.909,289,1361,603,721,21.0,26.0,9.0,0.54931640625,-35.400390625,-2.44140625,-0.892333984375,0.2666015625,0.177734375
24.917,300,1323,601,837,21.0,26.0,9.0,0.54931640625,-35.400390625,-2.44140625,-0.8365478515625,0.1956787109375,0.152587890625
24.927,306,1387,684,867,21.0,26.0,9.0,-17.822265625,-48.339839935302734,-10.803221702575684,-0.8365478515625,0.1956787109375,0.152587890625
24.939,334,1503,797,820,21.0,26.0,9.0,-39.97802734375,-59.936519622802734,-36.07177734375,-0.291259765625,0.2122802734375,0.0733642578125
24.947,347,1499,980,1014,21.0,26.0,9.0,-39.97802734375,-59.936519622802734,-36.07177734375,-0.0499267578125,0.1722412109375,-0.0341796875
24.957,371,1508,1093,1108,21.0,26.0,9.0,-73.6083984375,-51.452632904052734,-58.044429779052734,-0.0499267578125,0.1722412109375,-0.0341796875
24.969,418,1704,1419,1278,21.0,26.0,9.0,-150.32958984375,-13.549803733825684,-86.66991424560547,-0.152099609375,-0.2569580078125,0.1236572265625
24.977,456,1678,1478,1357,21.0,26.0,9.0,-150.32958984375,-13.549803733825684,-86.66991424560547,-0.3853759765625,-0.252197265625,0.2813720703125
24.985,462,1769,1561,1447,21.0,26.0,9.0,-122.68065643310547,-1.6479490995407104,-74.21875,-0.3853759765625,-0.252197265625,0.2813720703125
25.015,494,1943,1577,1422,24.0,21.0,6.0,-43.273921966552734,5.493163585662842,-33.99658203125,-1.1448974609375,0.0941162109375,0.4002685546875
25.023,513,2018,1675,1588,24.0,21.0,6.0,-43.273921966552734,5.493163585662842,-33.99658203125,-1.5084228515625,0.3853759765625,0.5394287109375
25.024,495,2050,1754,1589,24.0,21.0,6.0,-46.752925872802734,-4.150390625,-16.78466796875,-1.5084228515625,0.3853759765625,0.5394287109375
25.029,464,2230,1757,1383,24.0,21.0,6.0,-67.626953125,-20.141599655151367,-1.9531248807907104,-2.0438232421875,0.21337890625,0.485595703125
25.038,457,2233,1880,1560,24.0,21.0,6.0,-80.13916015625,-32.71484375,7.751464366912842,-2.0438232421875,0.21337890625,0.485595703125
25.045,479,2192,1867,1607,24.0,21.0,6.0,-65.85693359375,-36.43798828125,9.521484375,-2.2864990234375,-0.0941162109375,0.431884765625
25.064,463,2255,1779,1390,24.0,21.0,6.0,-39.6728515625,-34.423828125,-0.1831054538488388,-1.9117431640625,-0.4169921875,0.7869873046875
25.067,445,2277,1864,1519,24.0,21.0,6.0,-12.939452171325684,-27.404783248901367,-15.686034202575684,-1.9117431640625,-0.4169921875,0.7869873046875
25.076,455,2215,1869,1531,24.0,21.0,6.0,20.141599655151367,-12.329100608825684,-27.770994186401367,-1.2427978515625,-0.2774658203125,0.8515625
25.089,456,2174,1770,1336,24.0,21.0,6.0,53.466793060302734,6.896972179412842,-31.921384811401367,-1.372802734375,0.1224365234375,0.579833984375
25.109,446,2093,1861,1509,24.0,23.0,3.0,52.551265716552734,23.254392623901367,-23.681638717651367,-1.372802734375,0.1224365234375,0.579833984375
25.109,456,2052,1801,1492,24.0,23.0,3.0,14.282225608825684,32.2265625,-7.873534679412842,-1.7509765625,0.087890625,0.312744140625
25.119,437,1978,1803,1290,24.0,23.0,3.0,-18.310546875,29.785154342651367,2.44140625,-1.61962890625,0.00048828125,0.2105712890625
25.129,430,1899,1819,1399,24.0,23.0,3.0,-29.479978561401367,19.34814453125,4.08935546875,-1.61962890625,0.00048828125,0.2105712890625
25.135,431,1820,1791,1382,24.0,23.0,3.0,-32.16552734375,9.82666015625,3.906249761581421,-1.3863525390625,0.0047607421875,0.282958984375
25.149,404,1801,1676,1112,24.0,23.0,3.0,-33.8134765625,3.967284917831421,6.713866710662842,-1.1474609375,-0.0355224609375,0.4202880859375
25.157,399,1742,1691,1191,24.0,23.0,3.0,-34.7900390625,-0.7324218153953552,12.817381858825684,-1.1474609375,-0.0355224609375,0.4202880859375
25.171,378,1662,1615,1131,24.0,23.0,3.0,-35.15625,-4.69970703125,23.010251998901367,-1.120361328125,-0.01708984375,0.4097900390625
25.179,360,1560,1437,998,24.0,23.0,3.0,-33.203125,-6.164550304412842,34.72900390625,-1.0357666015625,-0.07421875,0.215576171875
25.187,359,1456,1292,958,24.0,23.0,3.0,-25.451658248901367,-4.57763671875,42.663570404052734,-1.0357666015625,-0.07421875,0.215576171875
25.213,338,1393,1155,895,23.0,22.0,2.0,-11.230467796325684,-0.1220703050494194,44.494625091552734,-0.9239501953125,-0.1966552734375,0.0953369140625
25.214,324,1146,951,707,23.0,22.0,2.0,11.352538108825684,7.690429210662842,42.053218841552734,-0.6514892578125,-0.3135986328125,0.0966796875
25.217,316,1034,840,679,23.0,22.0,2.0,42.602535247802734,17.2119140625,38.2080078125,-0.6514892578125,-0.3135986328125,0.0966796875
25.231,307,899,814,653,23.0,22.0,2.0,75.25634765625,27.221677780151367,32.5927734375,-0.544921875,-0.3387451171875,0.162353515625
25.239,298,617,695,526,23.0,22.0,2.0,102.11180877685547,37.78076171875,23.437498092651367,-0.54931640625,-0.2735595703125,0.2708740234375
25.247,296,518,688,514,23.0,22.0,2.0,122.13134002685547,47.302242279052734,13.427733421325684,-0.54931640625,-0.2735595703125,0.2708740234375
25.255,289,462,666,501,23.0,22.0,2.0,136.71875,53.833003997802734,7.446288585662842,-0.53955078125,-0.03759765625,0.326416015625
25.276,286,465,618,468,23.0,22.0,2.0,145.93505859375,55.664058685302734,6.286620616912842,-0.4915771484375,0.240966796875,0.3587646484375
25.277,281,479,620,470,23.0,22.0,2.0,143.6767578125,52.062984466552734,9.27734375,-0.49609375,0.473388671875,0.31689453125
25.285,289,479,620,490,23.0,22.0,2.0,121.52098846435547,44.555660247802734,15.319823265075684,-0.550537109375,0.57275390625,0.221435546875
25.314,287,479,616,481,22.0,27.0,10.0,83.19091033935547,35.7666015625,19.8974609375,-0.5924072265625,0.4940185546875,0.1322021484375
25.314,286,491,634,470,22.0,27.0,10.0,47.119136810302734,27.282712936401367,19.8974609375,-0.607666015625,0.3363037109375,0.0860595703125
25.316,279,557,639,498,22.0,27.0,10.0,26.489255905151367,18.798828125,17.51708984375,-0.60986328125,0.2012939453125,0.1048583984375
25.330,291,505,639,487,22.0,27.0,10.0,17.2119140625,9.33837890625,14.587401390075684,-0.61572265625,0.0833740234375,0.1571044921875
25.344,291,513,660,513,22.0,27.0,10.0,9.765625,-0.2441406100988388,11.535643577575684,-0.63623046875,-0.0272216796875,0.1871337890625
25.345,289,562,659,484,22.0,27.0,10.0,2.0751953125,-8.056640625,10.192870140075684,-0.655517578125,-0.1031494140625,0.1961669921875
25.359,282,801,604,567,22.0,27.0,10.0,-0.6103515625,-13.610838890075684,12.329100608825684,-0.6712646484375,-0.1097412109375,0.2174072265625
25.367,282,920,607,631,22.0,27.0,10.0,2.624511480331421,-19.1650390625,17.02880859375,-0.7076416015625,-0.0390625,0.2618408203125
25.384,281,1034,601,658,22.0,27.0,10.0,4.0283203125,-28.137205123901367,21.423337936401367,-0.7586669921875,0.057861328125,0.2886962890625
25.389,289,1215,601,694,19.0,25.0,10.0,-3.356933355331421,-40.893550872802734,23.010251998901367,-0.83251953125,0.12939453125,0.235595703125
25.397,291,1292,614,726,19.0,25.0,10.0,-17.4560546875,-53.894039154052734,21.728513717651367,-0.92919921875,0.179443359375,0.1136474609375
25.416,294,1358,653,754,19.0,25.0,10.0,-30.212400436401367,-64.63623046875,18.310546875,-0.9425048828125,0.204345703125,0.01416015625
25.419,311,1473,780,761,19.0,25.0,10.0,-35.888671875,-72.44873046875,10.803221702575684,-0.79052734375,0.2327880859375,0.0352783203125
25.427,327,1518,902,883,19.0,25.0,10.0,-37.841796875,-74.5849609375,-4.8828125,-0.5184326171875,0.2777099609375,0.126708984375
25.435,346,1440,1005,989,19.0,25.0,10.0,-51.513668060302734,-63.415523529052734,-32.1044921875,-0.2469482421875,0.2611083984375,0.1290283203125
25.449,414,1429,1236,1079,19.0,25.0,10.0,-87.95165252685547,-35.82763671875,-66.10107421875,-0.1165771484375,0.12060546875,0.043212890625
25.458,442,1463,1437,1280,19.0,25.0,10.0,-126.15966033935547,-2.3193359375,-91.67479705810547,-0.1900634765625,-0.0472412109375,0.0262451171875
25.465,467,1541,1516,1351,19.0,25.0,10.0,-129.82177734375,21.240232467651367,-96.19139862060547,-0.3115234375,-0.0224609375,0.0731201171875
25.479,501,1600,1607,1383,19.0,25.0,10.0,-101.13524627685547,29.113767623901367,-83.80126190185547,-0.4422607421875,0.191650390625,0.119384765625
25.490,514,1655,1742,1555,23.0,22.0,5.0,-75.01220703125,25.451658248901367,-68.42041015625,-0.7554931640625,0.53466796875,0.2667236328125
25.495,540,1732,1754,1590,23.0,22.0,5.0,-81.97020721435547,13.244627952575684,-56.274410247802734,-1.263427734375,0.9248046875,0.5601806640625
25.520,562,1577,1821,1497,23.0,22.0,5.0,-139.16015625,-6.774901866912842,-46.264644622802734,-1.7113037109375,0.9149169921875,0.9158935546875
25.521,555,1592,1895,1557,23.0,22.0,5.0,-220.21482849121094,-31.677244186401367,-41.564937591552734,-1.84228515625,0.08984375,1.1361083984375
25.525,551,1629,1961,1623,23.0,22.0,5.0,-249.32859802246094,-49.194332122802734,-45.349117279052734,-1.8203125,-1.2728271484375,0.99365234375
25.539,569,1655,1891,1531,23.0,22.0,5.0,-164.12351989746094,-41.870113372802734,-47.363277435302734,-1.907470703125,-1.9124755859375,0.5908203125
25.547,564,1636,1920,1648,23.0,22.0,5.0,-10.742186546325684,-11.413573265075684,-37.4755859375,-2.0089111328125,-1.220703125,0.324462890625
25.555,546,1637,1899,1636,23.0,22.0,5.0,87.95165252685547,18.798828125,-21.728513717651367,-1.720458984375,-0.2493896484375,0.298583984375
25.571,561,1638,1820,1521,23.0,22.0,5.0,100.40282440185547,36.376953125,-12.268065452575684,-1.20654296875,0.15478515625,0.40283203125
25.577,559,1666,1862,1627,23.0,22.0,5.0,85.44921112060547,44.311519622802734,-8.97216796875,-1.20166015625,0.135986328125,0.5142822265625
25.588,542,1635,1852,1629,25.0,20.0,0.0,60.058589935302734,44.738765716552734,-2.807616949081421,-1.6253662109375,0.0167236328125,0.470458984375
25.599,525,1643,1755,1450,25.0,20.0,0.0,25.329587936401367,38.2080078125,5.615233898162842,-1.869140625,-0.016845703125,0.2950439453125
25.622,518,1595,1805,1562,25.0,20.0,0.0,5.615233898162842,25.329587936401367,10.742186546325684,-1.7645263671875,0.022216796875,0.142578125
25.622,505,1665,1687,1477,25.0,20.0,0.0,2.01416015625,10.192870140075684,13.610838890075684,-1.4979248046875,0.017578125,0.091064453125
25.629,447,1588,1750,1382,25.0,20.0,0.0,2.3193359375,-2.0751953125,18.49365234375,-1.280029296875,-0.0079345703125,0.13427734375
25.637,434,1548,1715,1313,25.0,20.0,0.0,-0.9155272841453552,-10.314940452575684,26.184080123901367,-1.1534423828125,-0.012939453125,0.2257080078125
25.645,431,1468,1652,1283,25.0,20.0,0.0,-10.192870140075684,-14.831542015075684,34.423828125,-1.0634765625,-0.046142578125,0.2886962890625
25.659,430,1334,1464,1116,25.0,20.0,0.0,-19.10400390625,-14.526366233825684,41.015621185302734,-0.989013671875,-0.1026611328125,0.3070068359375
25.667,409,1276,1428,1138,25.0,20.0,0.0,-20.324705123901367,-10.192870140075684,45.288082122802734,-0.921875,-0.1348876953125,0.2960205078125
25.682,382,1268,1313,1054,25.0,20.0,0.0,-14.709471702575684,-4.45556640625,47.363277435302734,-0.83984375,-0.1639404296875,0.2767333984375
25.692,332,1162,1129,790,26.0,23.0,0.0,-4.33349609375,1.220703125,47.363277435302734,-0.730224609375,-0.2230224609375,0.275390625
25.697,331,1153,1029,763,26.0,23.0,0.0,10.681151390075684,7.202147960662842,45.959468841552734,-0.61376953125,-0.312744140625,0.2740478515625
25.741,318,986,987,725,26.0,23.0,0.0,31.494138717651367,15.991209983825684,43.518062591552734,-0.547119140625,-0.4072265625,0.27099609375
25.741,302,891,852,667,26.0,23.0,0.0,56.884761810302734,27.587888717651367,40.222164154052734,-0.558349609375,-0.4427490234375,0.27197265625
25.742,300,782,790,620,26.0,23.0,0.0,83.12987518310547,39.97802734375,36.56005859375,-0.6123046875,-0.3426513671875,0.2618408203125
25.742,300,725,723,568,26.0,23.0,0.0,83.12987518310547,39.97802734375,36.56005859375,-0.646728515625,-0.0987548828125,0.2777099609375
25.751,291,555,711,509,26.0,23.0,0.0,129.45556640625,55.297847747802734,31.249998092651367,-0.6270751953125,0.1868896484375,0.3311767578125
25.759,292,522,707,523,26.0,23.0,0.0,134.6435546875,51.818843841552734,27.648923873901367,-0.5860595703125,0.4005126953125,0.358154296875
25.766,289,501,694,521,26.0,23.0,0.0,134.6435546875,51.818843841552734,27.648923873901367,-0.5858154296875,0.49169921875,0.331298828125
25.779,287,478,667,493,20.0,25.0,7.0,78.0029296875,31.311033248901367,22.338865280151367,-0.64208984375,0.4656982421875,0.2720947265625
25.788,286,482,682,509,20.0,25.0,7.0,42.968746185302734,20.141599655151367,22.521970748901367,-0.718505859375,0.381103515625,0.1812744140625
25.795,286,506,678,496,20.0,25.0,7.0,42.968746185302734,20.141599655151367,22.521970748901367,-0.7840576171875,0.274169921875,0.071533203125
25.827,289,499,658,495,20.0,25.0,7.0,18.5546875,3.723144292831421,20.751951217651367,-0.823486328125,0.1497802734375,-0.0052490234375
25.828,291,543,648,501,20.0,25.0,7.0,20.080564498901367,-1.6479490995407104,16.11328125,-0.833251953125,0.0501708984375,-0.0115966796875
25.828,290,540,682,508,20.0,25.0,7.0,20.080564498901367,-1.6479490995407104,16.11328125,-0.82958984375,0.0069580078125,0.04296875
25.839,282,589,661,512,20.0,25.0,7.0,21.728513717651367,-14.099120140075684,11.657713890075684,-0.82421875,-0.015625,0.117919921875
25.847,287,648,667,549,20.0,25.0,7.0,20.324705123901367,-18.73779296875,12.145995140075684,-0.8280029296875,-0.0330810546875,0.176513671875
25.855,281,725,644,573,20.0,25.0,7.0,20.324705123901367,-18.73779296875,12.145995140075684,-0.8466796875,-0.014892578125,0.2108154296875
25.869,282,838,600,572,20.0,25.0,7.0,22.277830123901367,-19.71435546875,10.253905296325684,-0.856689453125,0.0257568359375,0.2293701171875
25.878,282,912,619,620,22.0,25.0,8.0,18.61572265625,-20.996091842651367,7.690429210662842,-0.84814453125,0.0501708984375,0.2235107421875
25.885,286,989,607,644,22.0,25.0,8.0,18.61572265625,-20.996091842651367,7.690429210662842,-0.8441162109375,0.0633544921875,0.1876220703125
25.899,286,1093,574,673,22.0,25.0,8.0,3.173827886581421,-29.663084030151367,3.723144292831421,-0.853759765625,0.0872802734375,0.14111328125
25.933,293,1319,666,750,22.0,25.0,8.0,-6.103515148162842,-36.865234375,4.08935546875,-0.772705078125,0.1085205078125,0.0498046875
25.933,315,1310,746,905,22.0,25.0,8.0,-29.174802780151367,-48.156734466552734,-2.44140625,-0.6024169921875,0.1302490234375,0.0318603515625
25.937,331,1370,794,936,22.0,25.0,8.0,-42.907711029052734,-48.400875091552734,-14.709471702575684,-0.3809814453125,0.1796875,0.05810546875
25.945,338,1447,909,971,22.0,25.0,8.0,-42.907711029052734,-48.400875091552734,-14.709471702575684,-0.161865234375,0.1558837890625,0.122314453125
25.959,375,1524,1079,1014,22.0,25.0,8.0,-87.21923065185547,-38.51318359375,-49.621578216552734,0.0372314453125,0.01171875,0.2005615234375
25.973,411,1549,1318,1213,22.0,25.0,8.0,-87.21923065185547,-38.51318359375,-49.621578216552734,0.102783203125,-0.155029296875,0.24853515625
25.980,442,1625,1441,1323,24.0,20.0,4.0,-99.18212127685547,-27.404783248901367,-61.889644622802734,0.102783203125,-0.155029296875,0.24853515625
25.989,487,1773,1487,1409,24.0,20.0,4.0,-52.490230560302734,0.3662109076976776,-62.805171966552734,-0.4112548828125,0.0240478515625,0.32861328125
25.998,512,1867,1580,1610,24.0,20.0,4.0,-52.490230560302734,0.3662109076976776,-62.805171966552734,-0.823486328125,0.4361572265625,0.384765625
26.005,525,1949,1616,1660,24.0,20.0,4.0,-30.578611373901367,7.873534679412842,-49.926753997802734,-0.823486328125,0.4361572265625,0.384765625
26.035,548,2035,1643,1595,24.0,20.0,4.0,-75.98876953125,-5.310058116912842,-21.911619186401367,-1.3878173828125,0.557861328125,0.5489501953125
26.035,452,2386,1588,1596,24.0,20.0,4.0,-75.98876953125,-5.310058116912842,-21.911619186401367,-1.4622802734375,0.1531982421875,0.750244140625
26.035,532,2178,1801,1735,24.0,20.0,4.0,-103.45458221435547,-20.935056686401367,-21.545408248901367,-1.4622802734375,0.1531982421875,0.750244140625
26.049,473,2277,1830,1427,24.0,20.0,4.0,-79.16259765625,-40.0390625,-15.197752952575684,-2.09130859375,-0.50048828125,0.9034423828125
26.057,485,2260,1914,1638,24.0,20.0,4.0,-79.16259765625,-40.0390625,-15.197752952575684,-2.5123291015625,-0.8218994140625,0.6385498046875
26.065,442,2379,1923,1557,24.0,20.0,4.0,-35.888671875,-33.38623046875,-8.056640625,-2.5123291015625,-0.8218994140625,0.6385498046875
26.079,470,2344,1787,1452,23.0,21.0,3.0,75.98876953125,-8.72802734375,-4.21142578125,-1.772216796875,-0.1673583984375,0.1937255859375
26.089,442,2418,1920,1555,23.0,21.0,3.0,75.98876953125,-8.72802734375,-4.21142578125,-1.393310546875,0.16796875,0.451171875
26.097,447,2461,2087,1452,23.0,21.0,3.0,100.46385955810547,-4.2724609375,-7.812499523162842,-1.393310546875,0.16796875,0.451171875
26.109,462,2280,1762,1415,23.0,21.0,3.0,15.136717796325684,9.33837890625,-4.57763671875,-1.683349609375,0.1385498046875,0.53515625
26.137,463,2194,1855,1569,23.0,21.0,3.0,15.136717796325684,9.33837890625,-4.57763671875,-1.69189453125,0.0830078125,0.4461669921875
26.138,465,2135,1815,1516,23.0,21.0,3.0,-22.705076217651367,13.061522483825684,-0.2441406100988388,-1.69189453125,0.0830078125,0.4461669921875
26.139,442,2007,1743,1268,23.0,21.0,3.0,-34.5458984375,9.765625,0.1831054538488388,-1.3616943359375,0.0164794921875,0.3973388671875
26.147,430,1878,1794,1372,23.0,21.0,3.0,-34.5458984375,9.765625,0.1831054538488388,-1.2236328125,-0.0767822265625,0.3463134765625
26.157,413,1840,1759,1331,23.0,21.0,3.0,-30.090330123901367,11.413573265075684,0.4882812201976776,-1.2236328125,-0.0767822265625,0.3463134765625
26.175,388,1785,1615,1112,23.0,21.0,3.0,-11.840819358825684,17.88330078125,8.1787109375,-1.0618896484375,0.0150146484375,0.2967529296875
26.182,382,1615,1588,1123,24.0,24.0,2.0,-11.840819358825684,17.88330078125,8.1787109375,-1.0618896484375,0.0150146484375,0.2967529296875
26.187,373,1598,1514,1076,24.0,24.0,2.0,-10.498045921325684,20.080564498901367,15.075682640075684,-0.9727783203125,0.0877685546875,0.3013916015625
26.203,347,1447,1225,840,24.0,24.0,2.0,-14.465331077575684,22.399900436401367,20.385740280151367,-0.74462890625,0.0413818359375,0.237548828125
26.207,338,1323,1100,835,24.0,24.0,2.0,-16.7236328125,25.451658248901367,23.437498092651367,-0.74462890625,0.0413818359375,0.237548828125
26.216,324,1184,962,784,24.0,24.0,2.0,-12.023924827575684,30.395505905151367,24.719236373901367,-0.60205078125,-0.1025390625,0.171142578125
26.248,309,920,772,619,24.0,24.0,2.0,6.042479991912842,38.26904296875,23.864744186401367,-0.452880859375,-0.505859375,0.2052001953125
26.248,300,725,802,548,24.0,24.0,2.0,38.87939453125,47.302242279052734,20.935056686401367,-0.452880859375,-0.505859375,0.2052001953125
26.249,295,525,722,531,24.0,24.0,2.0,75.13427734375,55.114742279052734,18.1884765625,-0.515869140625,-0.54150390625,0.197021484375
26.259,287,445,673,475,24.0,24.0,2.0,104.00389862060547,60.974117279052734,17.88330078125,-0.5810546875,-0.127685546875,0.2181396484375
26.268,282,439,652,490,24.0,24.0,2.0,122.86376190185547,60.913082122802734,19.71435546875,-0.5810546875,-0.127685546875,0.2181396484375
26.275,280,454,630,490,22.0,23.0,7.0,126.58690643310547,49.865718841552734,23.559568405151367,-0.574951171875,0.1724853515625,0.280517578125
26.307,286,461,616,470,22.0,23.0,7.0,107.36083221435547,29.602048873901367,29.479978561401367,-0.651611328125,0.3807373046875,0.25634765625
26.317,282,467,620,479,22.0,23.0,7.0,67.68798828125,6.958007335662842,35.2783203125,-0.651611328125,0.3807373046875,0.25634765625
26.339,287,473,625,481,22.0,23.0,7.0,26.611326217651367,-11.596678733825684,38.75732421875,-0.6884765625,0.273193359375,0.1739501953125
26.339,279,473,621,463,22.0,23.0,7.0,4.638671875,-22.827146530151367,39.55078125,-0.6356201171875,0.05126953125,0.0185546875
26.342,279,481,638,479,22.0,23.0,7.0,4.8828125,-26.611326217651367,37.841796875,-0.6356201171875,0.05126953125,0.0185546875
26.342,280,493,646,473,22.0,23.0,7.0,16.357421875,-23.803709030151367,32.71484375,-0.58837890625,0.010498046875,0.0057373046875
26.350,280,512,654,466,22.0,23.0,7.0,26.977537155151367,-16.90673828125,24.475095748901367,-0.667724609375,0.034423828125,0.2401123046875
26.359,281,548,683,509,22.0,23.0,7.0,32.5927734375,-10.742186546325684,15.991209983825684,-0.667724609375,0.034423828125,0.2401123046875
26.385,282,675,673,536,22.0,23.0,7.0,35.5224609375,-8.9111328125,9.765625,-0.7080078125,0.0706787109375,0.3824462890625
26.393,289,906,661,586,21.0,23.0,7.0,37.17041015625,-10.925292015075684,6.103515148162842,-0.78955078125,0.13525390625,0.42919921875
26.393,291,1018,656,613,21.0,23.0,7.0,33.14208984375,-14.831542015075684,4.82177734375,-0.78955078125,0.13525390625,0.42919921875
26.397,282,1290,667,625,21.0,23.0,7.0,20.01953125,-18.37158203125,4.94384765625,-0.82861328125,0.1373291015625,0.341064453125
26.409,296,1289,689,724,21.0,23.0,7.0,2.38037109375,-21.118162155151367,4.94384765625,-0.8626708984375,0.1195068359375,0.1962890625
26.417,305,1348,720,801,21.0,23.0,7.0,-13.305663108825684,-26.489255905151367,2.685546636581421,-0.845947265625,0.101318359375,0.06494140625
26.449,316,1268,785,871,21.0,23.0,7.0,-22.521970748901367,-37.78076171875,-3.784179449081421,-0.726318359375,0.10302734375,0.000732421875
26.450,338,1313,922,834,21.0,23.0,7.0,-26.123044967651367,-52.124019622802734,-15.502928733825684,-0.46240234375,0.1585693359375,-0.0008544921875
26.451,371,1583,1184,987,21.0,23.0,7.0,-37.4755859375,-59.814449310302734,-35.0341796875,-0.194091796875,0.2105712890625,-0.033203125
26.458,404,1445,1269,1120,21.0,23.0,7.0,-75.62255859375,-51.147457122802734,-59.020992279052734,-0.205322265625,0.122802734375,-0.0968017578125
26.470,461,1468,1393,1231,24.0,23.0,5.0,-129.08935546875,-30.090330123901367,-70.00732421875,-0.4278564453125,-0.102294921875,0.0078125
26.477,469,1732,1390,1331,24.0,23.0,5.0,-143.85986328125,-11.779784202575684,-58.227535247802734,-0.5711669921875,-0.2347412109375,0.184326171875
26.485,508,1602,1545,1519,24.0,23.0,5.0,-99.60936737060547,-0.7934569716453552,-38.0859375,-0.695556640625,-0.1451416015625,0.2357177734375
26.500,543,1773,1555,1534,24.0,23.0,5.0,-45.104976654052734,2.13623046875,-24.536130905151367,-0.955322265625,0.113525390625,0.339111328125
26.509,551,1892,1627,1698,24.0,23.0,5.0,-26.123044967651367,-6.286620616912842,-16.11328125,-1.1923828125,0.40087890625,0.5738525390625
26.516,553,1908,1662,1743,24.0,23.0,5.0,-42.724605560302734,-18.12744140625,-10.803221702575684,-1.269287109375,0.4344482421875,0.765869140625
26.544,570,1959,1650,1650,24.0,23.0,5.0,-62.377925872802734,-22.460935592651367,-12.268065452575684,-1.2886962890625,0.28076171875,0.9237060546875
26.544,548,2087,1912,1683,24.0,23.0,5.0,-65.4296875,-20.874021530151367,-20.141599655151367,-1.3277587890625,0.112060546875,1.0694580078125
26.546,454,2544,1803,1580,24.0,23.0,5.0,-58.471675872802734,-14.038084983825684,-28.137205123901367,-1.4598388671875,-0.054443359375,1.05419921875
26.561,466,2204,1791,1386,24.0,23.0,5.0,-38.75732421875,-1.15966796875,-30.395505905151367,-1.69580078125,-0.116943359375,0.9117431640625
26.567,473,2167,1848,1534,24.0,25.0,7.0,-5.859374523162842,8.6669921875,-27.954099655151367,-1.945068359375,-0.226806640625,0.7110595703125
26.575,466,2129,1850,1569,24.0,25.0,7.0,25.390623092651367,13.488768577575684,-26.550291061401367,-1.9127197265625,-0.481689453125,0.3433837890625
26.590,478,2117,1754,1422,24.0,25.0,7.0,59.387203216552734,20.446775436401367,-28.930662155151367,-1.634765625,-0.4613037109375,0.035888671875
26.599,481,2100,1848,1573,24.0,25.0,7.0,87.82958221435547,25.634763717651367,-28.137205123901367,-1.5888671875,-0.119873046875,0.0384521484375
26.605,478,2111,1819,1543,24.0,25.0,7.0,66.162109375,23.620603561401367,-18.6767578125,-1.710693359375,0.0484619140625,0.1357421875
26.619,464,2037,1753,1372,24.0,25.0,7.0,7.385253429412842,16.17431640625,-4.8828125,-1.734375,-0.0184326171875,0.1771240234375
26.627,465,1944,1820,1492,24.0,25.0,7.0,-33.935546875,3.051757574081421,8.544921875,-1.649169921875,-0.0986328125,0.20654296875
26.647,441,1904,1805,1439,24.0,25.0,7.0,-47.180171966552734,-13.549803733825684,20.751951217651367,-1.4984130859375,-0.1339111328125,0.25927734375
26.649,424,1824,1743,1345,24.0,25.0,7.0,-45.959468841552734,-27.221677780151367,31.433103561401367,-1.322021484375,-0.135009765625,0.3017578125
26.661,428,1687,1681,1328,24.0,25.0,7.0,-36.4990234375,-32.40966796875,39.306640625,-1.1585693359375,-0.07373046875,0.3204345703125
26.665,410,1659,1608,1251,25.0,23.0,11.0,-24.536130905151367,-28.625486373901367,43.457027435302734,-1.0250244140625,0.0242919921875,0.338134765625
26.679,376,1627,1477,992,25.0,23.0,11.0,-17.63916015625,-18.798828125,44.067378997802734,-0.9141845703125,0.1011962890625,0.382568359375
26.687,363,1546,1452,1050,25.0,23.0,11.0,-16.11328125,-6.469726085662842,41.564937591552734,-0.802001953125,0.162841796875,0.4508056640625
26.695,354,1455,1336,986,25.0,23.0,11.0,-16.845703125,6.774901866912842,36.4990234375,-0.6903076171875,0.20166015625,0.4906005859375
26.710,332,1323,1050,786,25.0,23.0,11.0,-18.06640625,21.545408248901367,29.968259811401367,-0.591064453125,0.1365966796875,0.462158203125
26.717,324,1224,1003,787,25.0,23.0,11.0,-14.892577171325684,37.65869140625,22.766111373901367,-0.518798828125,-0.072265625,0.38916015625
26.725,315,1105,917,737,25.0,23.0,11.0,1.03759765625,53.161617279052734,15.197752952575684,-0.507080078125,-0.30029296875,0.3447265625
26.747,304,799,777,586,25.0,23.0,11.0,28.930662155151367,64.75830078125,8.60595703125,-0.5595703125,-0.3909912109375,0.3416748046875
26.748,299,658,730,543,25.0,23.0,11.0,56.518550872802734,70.86181640625,4.69970703125,-0.62353515625,-0.34228515625,0.3182373046875
26.755,294,536,738,524,25.0,23.0,11.0,77.69775390625,73.54736328125,3.662109136581421,-0.6619873046875,-0.22509765625,0.2862548828125
26.774,292,484,683,482,24.0,26.0,7.0,95.15380096435547,72.6318359375,4.150390625,-0.685546875,-0.0634765625,0.293212890625
26.777,287,497,687,482,24.0,26.0,7.0,104.37010955810547,64.697265625,5.371093273162842,-0.707763671875,0.1070556640625,0.3087158203125
26.785,282,462,654,490,24.0,26.0,7.0,95.94725799560547,49.438472747802734,7.873534679412842,-0.7498779296875,0.216552734375,0.2906494140625
26.799,280,463,620,465,24.0,26.0,7.0,71.1669921875,30.883787155151367,11.230467796325684,-0.812744140625,0.2354736328125,0.2310791015625
26.808,279,454,625,480,24.0,26.0,7.0,42.175289154052734,14.038084983825684,14.465331077575684,-0.8489990234375,0.1861572265625,0.154052734375
26.817,282,455,625,478,24.0,26.0,7.0,22.827146530151367,1.5258787870407104,16.4794921875,-0.84130859375,0.12890625,0.0833740234375
26.829,286,457,614,462,24.0,26.0,7.0,16.66259765625,-7.690429210662842,16.90673828125,-0.8248291015625,0.1041259765625,0.0433349609375
26.863,286,454,630,482,24.0,26.0,7.0,13.916014671325684,-16.357421875,16.41845703125,-0.804931640625,0.08740234375,0.0546875
26.863,282,457,630,479,24.0,26.0,7.0,7.324218273162842,-25.024412155151367,16.05224609375,-0.7569580078125,0.03955078125,0.097900390625
26.863,291,466,625,457,23.0,26.0,7.0,1.8310545682907104,-30.578611373901367,16.17431640625,-0.6861572265625,-0.0367431640625,0.1270751953125
26.890,289,465,628,481,23.0,26.0,7.0,5.798339366912842,-30.761716842651367,16.6015625,-0.6187744140625,-0.0982666015625,0.1143798828125
26.892,283,473,630,493,23.0,26.0,7.0,5.798339366912842,-30.761716842651367,16.6015625,-0.57763671875,-0.119140625,0.0721435546875
26.893,283,518,645,495,23.0,26.0,7.0,36.2548828125,-21.423337936401367,17.02880859375,-0.5875244140625,-0.1087646484375,0.0357666015625
26.897,292,683,645,558,23.0,26.0,7.0,48.828121185302734,-17.76123046875,15.747069358825684,-0.628173828125,-0.079833984375,0.0556640625
26.905,289,844,630,607,23.0,26.0,7.0,48.828121185302734,-17.76123046875,15.747069358825684,-0.6728515625,0.01123046875,0.164794921875
26.921,294,1107,598,645,23.0,26.0,7.0,55.297847747802734,-21.179197311401367,11.230467796325684,-0.6942138671875,0.1776123046875,0.33740234375
26.927,298,1241,659,713,23.0,26.0,7.0,36.865234375,-29.174802780151367,6.713866710662842,-0.7010498046875,0.3109130859375,0.4237060546875
26.952,302,1278,735,765,23.0,26.0,7.0,36.865234375,-29.174802780151367,6.713866710662842,-0.7032470703125,0.32861328125,0.32568359375
26.952,330,1345,891,816,23.0,26.0,7.0,-26.428220748901367,-43.334957122802734,-18.4326171875,-0.5697021484375,0.3004150390625,0.159912109375
26.957,354,1345,998,980,23.0,24.0,1.0,-48.095699310302734,-45.532222747802734,-41.320796966552734,-0.228515625,0.3240966796875,0.0
26.966,383,1375,1173,1079,23.0,24.0,1.0,-48.095699310302734,-45.532222747802734,-41.320796966552734,-0.0513916015625,0.248779296875,-0.0950927734375
26.983,438,1453,1353,1156,23.0,24.0,1.0,-120.23925018310547,-35.58349609375,-91.85790252685547,-0.2567138671875,-0.0618896484375,0.029296875
26.987,427,1616,1379,1239,23.0,24.0,1.0,-132.62939453125,-20.935056686401367,-86.05956268310547,-0.4761962890625,-0.29248046875,0.2618408203125
26.995,473,1622,1557,1433,23.0,24.0,1.0,-132.62939453125,-20.935056686401367,-86.05956268310547,-0.636962890625,-0.1788330078125,0.3232421875
27.009,519,1772,1596,1445,23.0,24.0,1.0,-55.236812591552734,17.333984375,-40.527339935302734,-0.8812255859375,0.1302490234375,0.28369140625
27.018,527,2071,1516,1580,23.0,24.0,1.0,-51.574703216552734,17.578125,-28.381345748901367,-1.135009765625,0.3695068359375,0.417236328125
27.025,531,1891,1715,1662,23.0,24.0,1.0,-51.574703216552734,17.578125,-28.381345748901367,-1.33935546875,0.3663330078125,0.7347412109375
27.057,537,1941,1733,1534,23.0,24.0,1.0,-71.77734375,-21.057126998901367,-23.437498092651367,-1.4810791015625,0.176513671875,1.0223388671875
27.057,525,2035,1819,1646,23.0,24.0,1.0,-77.1484375,-34.24072265625,-20.996091842651367,-1.690185546875,-0.1583251953125,1.017333984375
27.057,506,2209,1729,1550,22.0,22.0,4.0,-77.1484375,-34.24072265625,-20.996091842651367,-2.1123046875,-0.3719482421875,0.6561279296875
27.069,447,2225,1807,1362,22.0,22.0,4.0,-28.198240280151367,-19.775390625,1.0986328125,-2.475341796875,-0.434326171875,0.2628173828125
27.078,465,2160,1899,1552,22.0,22.0,4.0,13.427733421325684,-15.075682640075684,5.493163585662842,-2.18701171875,-0.5145263671875,0.1231689453125
27.087,467,2188,1889,1582,22.0,22.0,4.0,13.427733421325684,-15.075682640075684,5.493163585662842,-1.464599609375,-0.4117431640625,0.2972412109375
27.099,467,2180,1761,1422,22.0,22.0,4.0,72.265625,-12.451170921325684,-11.352538108825684,-1.164794921875,-0.12255859375,0.567138671875
27.109,466,2142,1855,1582,22.0,22.0,4.0,72.265625,-12.451170921325684,-11.352538108825684,-1.352783203125,0.070556640625,0.6220703125
27.115,468,2111,1848,1577,22.0,22.0,4.0,56.579586029052734,-4.150390625,-6.774901866912842,-1.352783203125,0.070556640625,0.6220703125
27.129,456,2128,1837,1498,22.0,22.0,4.0,-11.230467796325684,4.2724609375,9.765625,-1.587646484375,0.0357666015625,0.3974609375
27.137,454,1996,1826,1483,22.0,22.0,4.0,-11.230467796325684,4.2724609375,9.765625,-1.4638671875,0.0450439453125,0.3709716796875
27.158,437,1929,1830,1441,22.0,22.0,4.0,-20.935056686401367,3.173827886581421,11.108397483825684,-1.4638671875,0.0450439453125,0.3709716796875
27.159,424,1854,2028,1132,23.0,23.0,3.0,-34.5458984375,8.48388671875,7.507323741912842,-1.1844482421875,-0.0008544921875,0.4046630859375
27.167,413,1769,1754,1313,23.0,23.0,3.0,-34.5458984375,8.48388671875,7.507323741912842,-1.0972900390625,0.0145263671875,0.421630859375
27.176,411,1700,1691,1280,23.0,23.0,3.0,-38.63525390625,11.840819358825684,7.812499523162842,-1.0972900390625,0.0145263671875,0.421630859375
27.192,388,1624,1504,1066,23.0,23.0,3.0,-38.26904296875,17.76123046875,18.73779296875,-0.971923828125,0.13037109375,0.306396484375
27.197,370,1610,1548,1081,23.0,23.0,3.0,-38.26904296875,17.76123046875,18.73779296875,-0.91796875,0.14013671875,0.2415771484375
27.210,361,1516,1450,1029,23.0,23.0,3.0,-38.02490234375,22.094724655151367,24.536130905151367,-0.91796875,0.14013671875,0.2415771484375
27.219,346,1345,1204,818,23.0,23.0,3.0,-39.306640625,31.249998092651367,27.038572311401367,-0.7685546875,-0.09326171875,0.1566162109375
27.228,336,1224,1125,746,23.0,23.0,3.0,-39.306640625,31.249998092651367,27.038572311401367,-0.681884765625,-0.283935546875,0.136962890625
27.235,323,1064,1043,763,23.0,23.0,3.0,-28.808591842651367,37.841796875,24.902341842651367,-0.681884765625,-0.283935546875,0.136962890625
27.264,315,841,871,632,26.0,22.0,7.0,18.49365234375,50.598140716552734,21.606443405151367,-0.6207275390625,-0.5274658203125,0.1798095703125
27.264,302,725,830,624,26.0,22.0,7.0,18.49365234375,50.598140716552734,21.606443405151367,-0.666015625,-0.5374755859375,0.1844482421875
27.265,300,644,753,564,26.0,22.0,7.0,36.56005859375,53.894039154052734,22.094724655151367,-0.666015625,-0.5374755859375,0.1844482421875
27.282,291,509,713,508,26.0,22.0,7.0,60.180660247802734,52.062984466552734,30.395505905151367,-0.73583984375,-0.1624755859375,0.259521484375
27.287,282,473,705,521,26.0,22.0,7.0,60.180660247802734,52.062984466552734,30.395505905151367,-0.6507568359375,0.09228515625,0.2952880859375
27.301,280,445,684,509,26.0,22.0,7.0,67.9931640625,42.541500091552734,35.0341796875,-0.6507568359375,0.09228515625,0.2952880859375
27.309,280,457,640,485,26.0,22.0,7.0,39.12353515625,10.253905296325684,34.36279296875,-0.6331787109375,0.2425537109375,0.253173828125
27.317,280,462,636,508,26.0,22.0,7.0,39.12353515625,10.253905296325684,34.36279296875,-0.6331787109375,0.2425537109375,0.253173828125
27.329,280,468,642,512,26.0,22.0,7.0,23.254392623901367,-5.065917491912842,33.99658203125,-0.6290283203125,0.21142578125,0.218017578125
27.339,282,484,636,481,26.0,22.0,7.0,25.146482467651367,-16.05224609375,34.1796875,-0.587158203125,0.15380859375,0.1177978515625
27.362,289,487,658,509,22.0,25.0,2.0,39.6728515625,-21.789548873901367,33.447265625,-0.587158203125,0.15380859375,0.1177978515625
27.363,290,509,667,513,22.0,25.0,2.0,56.091304779052734,-22.583005905151367,31.127927780151367,-0.60205078125,0.1219482421875,0.0751953125
27.371,290,666,660,533,22.0,25.0,2.0,64.63623046875,-20.385740280151367,27.282712936401367,-0.6646728515625,0.0677490234375,0.168212890625
27.378,289,782,669,601,22.0,25.0,2.0,60.058589935302734,-19.22607421875,22.888181686401367,-0.6646728515625,0.0677490234375,0.168212890625
27.385,292,894,673,643,22.0,25.0,2.0,43.823238372802734,-21.362302780151367,18.98193359375,-0.687744140625,0.0400390625,0.26318359375
27.410,298,1064,673,654,22.0,25.0,2.0,22.094724655151367,-25.512693405151367,16.41845703125,-0.7744140625,0.0926513671875,0.287841796875
27.411,289,1163,678,721,22.0,25.0,2.0,0.0,-28.259275436401367,15.380858421325684,-0.7744140625,0.0926513671875,0.287841796875
27.426,308,1184,802,757,22.0,25.0,2.0,-22.460935592651367,-28.930662155151367,13.549803733825684,-0.825439453125,0.168212890625,0.1939697265625
27.432,319,1312,907,799,22.0,25.0,2.0,-45.837398529052734,-31.066892623901367,8.11767578125,-0.7479248046875,0.2227783203125,0.03515625
27.514,330,1385,963,846,22.0,25.0,2.0,-67.3828125,-36.68212890625,-1.15966796875,-0.7479248046875,0.2227783203125,0.03515625
27.517,338,1422,1043,883,22.0,25.0,4.0,-83.00780487060547,-43.762203216552734,-12.390135765075684,-0.64013671875,0.1966552734375,0.0506591796875
27.517,359,1523,1258,891,22.0,25.0,4.0,-88.25682830810547,-47.363277435302734,-23.925779342651367,-0.24609375,-0.003662109375,0.1875
27.518,387,1487,1341,1096,22.0,25.0,4.0,-80.32225799560547,-43.273921966552734,-35.15625,-0.24609375,-0.003662109375,0.1875
27.518,406,1613,1472,1173,22.0,25.0,4.0,-60.668941497802734,-30.944822311401367,-45.349117279052734,-0.02587890625,-0.1187744140625,0.1812744140625
27.518,439,1766,1514,1217,22.0,25.0,4.0,-34.1796875,-15.624999046325684,-49.987789154052734,-0.2091064453125,-0.0821533203125,0.1871337890625
27.518,473,1855,1569,1450,22.0,25.0,4.0,-12.329100608825684,-5.0048828125,-43.701168060302734,-0.2091064453125,-0.0821533203125,0.1871337890625
27.518,505,1973,1531,1399,22.0,25.0,4.0,-10.986327171325684,-1.8920897245407104,-27.893064498901367,-0.699462890625,0.04931640625,0.3629150390625
27.520,519,1927,1715,1656,22.0,25.0,4.0,-39.1845703125,-4.21142578125,-9.46044921875,-1.7249755859375,0.501708984375,0.9134521484375
27.528,521,1948,1742,1678,22.0,25.0,4.0,-90.51512908935547,-10.131834983825684,5.371093273162842,-1.7249755859375,0.501708984375,0.9134521484375
27.535,468,2143,1681,1627,22.0,25.0,4.0,-138.85498046875,-20.629880905151367,11.291502952575684,-1.7215576171875,0.3402099609375,1.0023193359375
27.565,487,2128,1759,1452,23.0,26.0,3.0,-142.2119140625,-31.677244186401367,7.080077648162842,-1.4957275390625,-0.1768798828125,0.9478759765625
27.569,484,2078,1855,1584,23.0,26.0,3.0,-78.30810546875,-33.5693359375,-1.9531248807907104,-1.549560546875,-0.511962890625,0.8582763671875
27.570,455,2205,1860,1494,23.0,26.0,3.0,11.596678733825684,-21.972654342651367,-9.6435546875,-1.9107666015625,-0.497802734375,0.7279052734375
27.579,452,2188,1772,1357,23.0,26.0,3.0,69.27490234375,-0.9155272841453552,-13.061522483825684,-2.1722412109375,-0.2578125,0.475830078125
27.587,456,2150,1830,1534,23.0,26.0,3.0,89.47753143310547,21.545408248901367,-12.878417015075684,-1.919677734375,0.062255859375,0.2457275390625
27.597,456,2110,1824,1531,23.0,26.0,3.0,94.60448455810547,36.7431640625,-16.9677734375,-1.5970458984375,0.30908203125,0.2919921875
27.609,461,2010,1735,1369,23.0,26.0,3.0,70.61767578125,42.968746185302734,-20.751951217651367,-1.70556640625,0.3619384765625,0.4276123046875
27.619,458,1931,1823,1487,23.0,26.0,3.0,5.920409679412842,46.264644622802734,-14.709471702575684,-1.8599853515625,0.18408203125,0.4066162109375
27.625,458,1878,1798,1430,23.0,26.0,3.0,-51.208492279052734,45.959468841552734,-5.554198741912842,-1.8277587890625,0.011474609375,0.315673828125
27.639,442,1775,1695,1260,23.0,26.0,3.0,-66.95556640625,38.39111328125,0.0,-1.6597900390625,-0.02783203125,0.302001953125
27.647,442,1675,1718,1355,23.0,26.0,2.0,-60.241695404052734,28.381345748901367,4.0283203125,-1.4827880859375,-0.0032958984375,0.348388671875
27.671,389,1705,1693,1207,23.0,26.0,2.0,-52.978511810302734,20.935056686401367,11.047362327575684,-1.3519287109375,0.0657958984375,0.3868408203125
27.671,375,1676,1653,1056,23.0,26.0,2.0,-51.574703216552734,14.709471702575684,21.789548873901367,-1.22900390625,0.0997314453125,0.368896484375
27.682,359,1492,1428,992,23.0,26.0,2.0,-51.757808685302734,9.09423828125,33.0810546875,-1.0838623046875,0.0003662109375,0.296630859375
27.693,351,1409,1268,900,23.0,26.0,2.0,-44.616695404052734,7.263183116912842,41.015621185302734,-0.9114990234375,-0.195556640625,0.186767578125
27.702,321,980,1014,721,23.0,26.0,2.0,-25.695798873901367,12.084959983825684,43.334957122802734,-0.726318359375,-0.4241943359375,0.095458984375
27.711,308,958,860,613,23.0,26.0,2.0,7.202147960662842,24.108884811401367,41.076656341552734,-0.5523681640625,-0.5701904296875,0.08056640625
27.726,308,767,803,603,23.0,26.0,2.0,49.987789154052734,40.405269622802734,36.68212890625,-0.42431640625,-0.6153564453125,0.1351318359375
27.729,294,508,724,498,23.0,26.0,2.0,89.78270721435547,58.166500091552734,30.395505905151367,-0.406005859375,-0.6077880859375,0.182373046875
27.738,286,446,678,497,23.0,26.0,2.0,119.62889862060547,76.0498046875,23.742673873901367,-0.5302734375,-0.4615478515625,0.21142578125
27.745,280,441,631,479,22.0,23.0,-2.0,140.56396484375,88.25682830810547,20.874021530151367,-0.637451171875,-0.109130859375,0.294189453125
27.771,279,442,605,467,22.0,23.0,-2.0,145.44677734375,84.47264862060547,20.507810592651367,-0.6422119140625,0.3284912109375,0.37353515625
27.772,279,457,628,478,22.0,23.0,-2.0,116.69921112060547,62.011714935302734,20.629880905151367,-0.6734619140625,0.62353515625,0.36572265625
27.775,279,463,628,479,22.0,23.0,-2.0,55.114742279052734,31.738279342651367,20.874021530151367,-0.7698974609375,0.6473388671875,0.2906494140625
27.793,275,442,607,465,22.0,23.0,-2.0,-8.36181640625,6.469726085662842,17.63916015625,-0.8634033203125,0.491455078125,0.2296142578125
27.797,277,464,625,475,22.0,23.0,-2.0,-42.297359466552734,-10.925292015075684,10.925292015075684,-0.857421875,0.33056640625,0.212646484375
27.805,279,441,628,475,22.0,23.0,-2.0,-44.250484466552734,-23.437498092651367,4.8828125,-0.7462158203125,0.21630859375,0.1812744140625
27.822,282,456,619,456,22.0,23.0,-2.0,-30.639646530151367,-31.005857467651367,1.5258787870407104,-0.6212158203125,0.1158447265625,0.10009765625
27.834,281,455,632,478,22.0,23.0,-2.0,-12.634276390075684,-32.04345703125,1.2817381620407104,-0.5303955078125,0.009033203125,-0.0018310546875
27.835,277,473,614,468,22.0,23.0,-2.0,8.11767578125,-27.404783248901367,4.39453125,-0.46923828125,-0.0782470703125,-0.079833984375
27.849,278,478,620,456,22.0,22.0,8.0,33.8134765625,-19.59228515625,10.375975608825684,-0.4449462890625,-0.1007080078125,-0.109619140625
27.876,280,479,631,479,22.0,22.0,8.0,62.988277435302734,-11.962889671325684,17.39501953125,-0.46484375,-0.0599365234375,-0.09521484375
27.876,279,485,628,479,22.0,22.0,8.0,87.09716033935547,-6.652831554412842,22.766111373901367,-0.5101318359375,-0.0050048828125,-0.0576171875
27.879,280,506,634,465,22.0,22.0,8.0,98.14452362060547,-2.990722417831421,24.291990280151367,-0.5518798828125,0.02490234375,-0.0125732421875
27.887,282,509,631,465,22.0,22.0,8.0,96.19139862060547,1.0986328125,20.996091842651367,-0.57958984375,0.0322265625,0.04052734375
27.895,283,512,628,465,22.0,22.0,8.0,86.60887908935547,6.408690929412842,14.160155296325684,-0.6160888671875,0.0518798828125,0.101318359375
27.909,292,525,680,465,22.0,22.0,8.0,76.0498046875,11.108397483825684,7.080077648162842,-0.739501953125,0.0865478515625,0.1494140625
27.917,287,679,708,506,22.0,22.0,8.0,65.12451171875,10.131834983825684,2.25830078125,-0.96728515625,0.1026611328125,0.243896484375
27.925,291,871,682,582,22.0,22.0,8.0,48.889156341552734,-2.624511480331421,-0.30517578125,-1.0810546875,0.123779296875,0.45458984375
27.946,278,1091,632,687,22.0,27.0,5.0,26.611326217651367,-25.756834030151367,-0.8544921278953552,-1.005126953125,0.195556640625,0.62451171875
27.948,277,1348,682,737,22.0,27.0,5.0,-0.3662109076976776,-48.278804779052734,-0.4882812201976776,-0.9481201171875,0.254150390625,0.5185546875
27.955,300,1209,684,808,22.0,27.0,5.0,-30.029294967651367,-60.119625091552734,-3.173827886581421,-0.9561767578125,0.2462158203125,0.21875
27.978,323,1276,785,800,22.0,27.0,5.0,-48.645015716552734,-63.781734466552734,-12.207030296325684,-0.833251953125,0.1973876953125,0.0001220703125
27.978,346,1305,897,946,22.0,27.0,5.0,-44.982906341552734,-68.84765625,-29.785154342651367,-0.4722900390625,0.1812744140625,-0.053955078125
27.985,360,1336,996,1010,22.0,27.0,5.0,-38.63525390625,-71.10595703125,-56.579586029052734,-0.172607421875,0.2098388671875,-0.0042724609375
27.999,404,1398,1167,1074,22.0,27.0,5.0,-58.166500091552734,-57.434078216552734,-83.37401580810547,-0.222900390625,0.122314453125,0.137451171875
28.007,427,1441,1357,1276,22.0,27.0,5.0,-88.07372283935547,-29.235837936401367,-92.95653533935547,-0.3978271484375,-0.062255859375,0.297119140625
28.015,456,1501,1468,1352,22.0,27.0,5.0,-88.07372283935547,-29.235837936401367,-92.95653533935547,-0.444091796875,-0.1273193359375,0.315185546875
28.029,523,1550,1538,1447,22.0,27.0,5.0,-70.556640625,16.4794921875,-63.171382904052734,-0.495849609375,-0.0675048828125,0.2578125
28.051,533,1693,1646,1646,25.0,25.0,7.0,-62.255855560302734,19.59228515625,-49.987789154052734,-0.764892578125,0.057861328125,0.3328857421875
28.053,540,1705,1686,1702,25.0,25.0,7.0,-62.255855560302734,19.59228515625,-49.987789154052734,-1.1328125,0.3187255859375,0.5206298828125
28.059,562,1785,1715,1627,25.0,25.0,7.0,-104.24803924560547,-3.295898199081421,-28.259275436401367,-1.3251953125,0.5313720703125,0.7283935546875
28.079,533,1867,1820,1697,25.0,25.0,7.0,-125.97655487060547,-18.00537109375,-20.690916061401367,-1.4088134765625,0.3277587890625,0.8489990234375
28.080,551,2261,1867,1582,25.0,25.0,7.0,-125.97655487060547,-18.00537109375,-20.690916061401367,-1.7615966796875,-0.0667724609375,0.6732177734375
28.089,525,1891,1815,1536,25.0,25.0,7.0,-72.20458984375,-20.324705123901367,-12.573241233825684,-2.3739013671875,-0.43212890625,0.309814453125
28.097,519,1955,1878,1636,25.0,25.0,7.0,-33.02001953125,-13.549803733825684,-10.437010765075684,-2.692138671875,-0.704345703125,0.0926513671875
28.105,495,1983,1892,1627,25.0,25.0,7.0,-33.02001953125,-13.549803733825684,-10.437010765075684,-2.1920166015625,-0.616943359375,0.1346435546875
28.119,512,1979,1795,1496,25.0,25.0,7.0,42.602535247802734,-11.413573265075684,-17.51708984375,-1.3170166015625,-0.2705078125,0.4254150390625
28.127,506,1970,1881,1652,25.0,25.0,7.0,71.47216796875,-8.544921875,-20.263669967651367,-1.0379638671875,0.0086669921875,0.6708984375
28.137,500,1957,1877,1647,23.0,23.0,1.0,71.47216796875,-8.544921875,-20.263669967651367,-1.3468017578125,0.056884765625,0.58251953125
28.152,497,1914,1819,1467,23.0,23.0,1.0,12.145995140075684,4.45556640625,-0.4272460639476776,-1.65478515625,0.02197265625,0.355712890625
28.160,482,1933,1867,1527,23.0,23.0,1.0,-12.512206077575684,1.3427733182907104,7.263183116912842,-1.6781005859375,0.032470703125,0.2510986328125
28.183,472,1855,1881,1516,23.0,23.0,1.0,-12.512206077575684,1.3427733182907104,7.263183116912842,-1.497314453125,0.0543212890625,0.2745361328125
28.183,463,1769,1888,1413,23.0,23.0,1.0,-24.658201217651367,-11.535643577575684,10.131834983825684,-1.304443359375,0.0489501953125,0.31005859375
28.187,462,1715,1800,1422,23.0,23.0,1.0,-27.465818405151367,-13.854979515075684,11.718749046325684,-1.17626953125,-0.0010986328125,0.322509765625
28.195,433,1687,1766,1366,23.0,23.0,1.0,-27.465818405151367,-13.854979515075684,11.718749046325684,-1.0958251953125,-0.036376953125,0.31640625
28.209,428,1579,1610,1183,23.0,23.0,1.0,-23.864744186401367,-17.9443359375,22.399900436401367,-1.04931640625,-0.0281982421875,0.2864990234375
28.218,409,1564,1640,1213,23.0,23.0,1.0,-21.728513717651367,-20.385740280151367,33.38623046875,-1.0169677734375,-0.031982421875,0.2606201171875
28.225,388,1519,1557,1170,23.0,23.0,1.0,-21.728513717651367,-20.385740280151367,33.38623046875,-1.0169677734375,-0.031982421875,0.2606201171875
28.241,362,1468,1367,921,24.0,23.0,2.0,-16.17431640625,-16.29638671875,44.067378997802734,-0.8765869140625,-0.0755615234375,0.3172607421875
28.259,356,1439,1308,949,24.0,23.0,2.0,-16.17431640625,-16.29638671875,44.067378997802734,-0.76171875,-0.142578125,0.3486328125
28.259,336,1399,1163,811,24.0,23.0,2.0,-9.27734375,-4.33349609375,38.2080078125,-0.76171875,-0.142578125,0.3486328125
28.272,324,1157,1010,754,24.0,23.0,2.0,19.10400390625,28.991697311401367,19.10400390625,-0.5645751953125,-0.35400390625,0.3662109375
28.295,318,1104,959,762,24.0,23.0,2.0,19.10400390625,28.991697311401367,19.10400390625,-0.55419921875,-0.3966064453125,0.34521484375
28.296,308,991,843,619,24.0,23.0,2.0,39.9169921875,44.921871185302734,13.488768577575684,-0.55419921875,-0.3966064453125,0.34521484375
28.307,300,790,785,632,24.0,23.0,2.0,80.26123046875,65.36865234375,10.864256858825684,-0.611328125,-0.17822265625,0.21923828125
28.308,291,725,711,574,24.0,23.0,2.0,80.26123046875,65.36865234375,10.864256858825684,-0.5999755859375,0.0281982421875,0.2052001953125
28.315,294,644,737,588,24.0,23.0,2.0,97.83934783935547,66.162109375,13.488768577575684,-0.5999755859375,0.0281982421875,0.2052001953125
28.329,294,601,693,536,21.0,25.0,6.0,111.69432830810547,43.884273529052734,18.6767578125,-0.5645751953125,0.274169921875,0.2786865234375
28.337,292,578,705,553,21.0,25.0,6.0,111.69432830810547,43.884273529052734,18.6767578125,-0.6185302734375,0.2744140625,0.2559814453125
28.345,292,584,700,537,21.0,25.0,6.0,92.65135955810547,27.404783248901367,20.874021530151367,-0.6185302734375,0.2744140625,0.2559814453125
28.367,292,579,680,499,21.0,25.0,6.0,53.771968841552734,2.685546636581421,24.047849655151367,-0.784912109375,0.2159423828125,0.1268310546875
28.368,294,677,713,462,21.0,25.0,6.0,53.771968841552734,2.685546636581421,24.047849655151367,-0.830078125,0.1734619140625,0.0682373046875
28.390,292,603,702,533,21.0,25.0,6.0,47.851558685302734,-4.94384765625,21.240232467651367,-0.830078125,0.1734619140625,0.0682373046875
28.390,291,651,666,506,21.0,25.0,6.0,41.870113372802734,-15.197752952575684,10.009765625,-0.86376953125,0.098876953125,0.086669921875
28.398,292,684,702,574,21.0,25.0,6.0,41.870113372802734,-15.197752952575684,10.009765625,-0.87548828125,0.0906982421875,0.1617431640625
28.408,292,707,696,584,21.0,25.0,6.0,33.87451171875,-19.53125,6.164550304412842,-0.87548828125,0.0906982421875,0.1617431640625
28.420,290,787,669,572,21.0,25.0,6.0,10.009765625,-29.174802780151367,4.5166015625,-0.8765869140625,0.0185546875,0.2308349609375
28.428,291,837,689,619,21.0,23.0,7.0,10.009765625,-29.174802780151367,4.5166015625,-0.863037109375,-0.01171875,0.184326171875
28.436,292,900,693,636,21.0,23.0,7.0,0.1220703050494194,-32.77587890625,6.347655773162842,-0.863037109375,-0.01171875,0.184326171875
28.450,299,1013,667,634,21.0,23.0,7.0,-12.145995140075684,-37.841796875,11.047362327575684,-0.8104248046875,0.0067138671875,0.1256103515625
28.458,299,1117,698,698,21.0,23.0,7.0,-12.145995140075684,-37.841796875,11.047362327575684,-0.755126953125,0.0595703125,0.13818359375
28.501,302,1211,733,735,21.0,23.0,7.0,-15.319823265075684,-40.710445404052734,10.803221702575684,-0.755126953125,0.0595703125,0.13818359375
28.501,308,1290,826,816,21.0,23.0,7.0,-21.240232467651367,-42.236324310302734,-2.929687261581421,-0.507568359375,0.183349609375,0.24462890625
28.501,316,1316,814,678,21.0,23.0,7.0,-21.240232467651367,-42.236324310302734,-2.929687261581421,-0.3460693359375,0.2413330078125,0.284423828125
28.501,346,1318,913,951,21.0,23.0,7.0,-25.451658248901367,-39.24560546875,-20.080564498901367,-0.3460693359375,0.2413330078125,0.284423828125
28.510,375,1382,1083,1070,21.0,23.0,7.0,-49.621578216552734,-24.536130905151367,-69.39697265625,-0.202880859375,0.1195068359375,0.2410888671875
28.519,406,1401,1228,1170,21.0,23.0,7.0,-49.621578216552734,-24.536130905151367,-69.39697265625,-0.28955078125,-0.078125,0.2562255859375
28.528,432,1468,1357,1258,25.0,21.0,5.0,-59.875484466552734,-19.10400390625,-81.90917205810547,-0.28955078125,-0.078125,0.2562255859375
28.540,465,1622,1447,1264,25.0,21.0,5.0,-36.07177734375,-6.408690929412842,-59.387203216552734,-0.6397705078125,-0.203369140625,0.3160400390625
28.548,495,1667,1577,1490,25.0,21.0,5.0,-36.07177734375,-6.408690929412842,-59.387203216552734,-0.8369140625,-0.0909423828125,0.3170166015625
28.558,506,1781,1595,1550,25.0,21.0,5.0,-30.334470748901367,2.0751953125,-42.358394622802734,-0.8369140625,-0.0909423828125,0.3170166015625
28.592,514,1936,1579,1499,25.0,21.0,5.0,-40.222164154052734,2.746581792831421,-29.113767623901367,-1.0809326171875,0.06591796875,0.485107421875
28.592,533,1989,1686,1675,25.0,21.0,5.0,-39.0625,-6.408690929412842,-19.04296875,-1.0809326171875,0.06591796875,0.485107421875
28.593,473,2160,1595,1649,25.0,21.0,5.0,-24.963376998901367,-18.61572265625,-11.474608421325684,-1.1749267578125,0.2119140625,0.6815185546875
28.600,548,2054,1693,1604,25.0,21.0,5.0,-20.874021530151367,-23.010251998901367,-10.864256858825684,-1.4139404296875,0.20068359375,0.939697265625
28.638,551,2072,1801,1759,25.0,21.0,5.0,-27.221677780151367,-12.084959983825684,-19.47021484375,-1.4139404296875,0.20068359375,0.939697265625
28.648,542,2105,1838,1733,25.0,21.0,5.0,-27.160642623901367,9.70458984375,-28.381345748901367,-1.7440185546875,0.185546875,0.7120361328125
28.652,497,2176,1789,1497,25.0,22.0,4.0,-15.869139671325684,24.841306686401367,-30.273435592651367,-2.015869140625,-0.256591796875,0.219970703125
28.664,499,2170,1874,1660,25.0,22.0,4.0,-0.0610351525247097,22.766111373901367,-28.564451217651367,-2.015869140625,-0.256591796875,0.219970703125
28.664,506,2178,1864,1673,25.0,22.0,4.0,18.06640625,11.596678733825684,-28.381345748901367,-1.745361328125,-0.6065673828125,0.089111328125
28.664,501,2179,1815,1545,25.0,22.0,4.0,35.15625,1.8310545682907104,-27.587888717651367,-1.1947021484375,-0.1131591796875,0.1744384765625
28.668,499,2178,1877,1669,25.0,22.0,4.0,42.724605560302734,-3.906249761581421,-19.287109375,-1.1947021484375,-0.1131591796875,0.1744384765625
28.694,499,2143,1890,1665,25.0,22.0,4.0,21.789548873901367,-6.835937023162842,-4.638671875,-1.46728515625,0.138671875,0.29736328125
28.694,497,2100,1911,1588,25.0,22.0,4.0,-22.094724655151367,-8.23974609375,6.713866710662842,-1.5972900390625,-0.1234130859375,0.4722900390625
28.698,501,2053,1878,1600,25.0,22.0,4.0,-50.659175872802734,-10.314940452575684,10.375975608825684,-1.5972900390625,-0.1234130859375,0.4722900390625
28.706,496,1980,1880,1574,25.0,22.0,4.0,-50.964351654052734,-12.573241233825684,9.033203125,-1.376953125,-0.1507568359375,0.54833984375
28.723,473,1880,1753,1404,24.0,21.0,5.0,-39.0625,-11.108397483825684,6.164550304412842,-1.0230712890625,-0.1092529296875,0.4910888671875
28.728,466,1821,1807,1508,24.0,21.0,5.0,-28.686521530151367,-4.7607421875,3.723144292831421,-1.0230712890625,-0.1092529296875,0.4910888671875
28.736,473,1774,1770,1480,24.0,21.0,5.0,-20.446775436401367,4.2724609375,3.356933355331421,-0.99365234375,-0.1103515625,0.3638916015625
28.750,461,1675,1615,1292,24.0,21.0,5.0,-12.878417015075684,13.183592796325684,6.164550304412842,-1.1019287109375,0.04736328125,0.2706298828125
28.758,388,1748,1516,1341,24.0,21.0,5.0,-10.620116233825684,19.34814453125,10.559081077575684,-1.1019287109375,0.04736328125,0.2706298828125
28.767,430,1604,1534,1287,24.0,21.0,5.0,-15.136717796325684,22.033689498901367,13.916014671325684,-1.0970458984375,0.08935546875,0.3079833984375
28.799,409,1480,1345,1112,24.0,21.0,5.0,-18.24951171875,22.033689498901367,14.709471702575684,-0.90283203125,0.0015869140625,0.39208984375
28.800,336,1715,1129,1079,24.0,21.0,5.0,-14.038084983825684,20.263669967651367,13.854979515075684,-0.90283203125,0.0015869140625,0.39208984375
28.800,361,1462,1184,995,24.0,21.0,5.0,-4.150390625,17.9443359375,13.732909202575684,-0.789794921875,-0.069091796875,0.38134765625
28.812,324,1355,951,788,24.0,21.0,5.0,9.46044921875,16.66259765625,15.747069358825684,-0.6923828125,-0.1552734375,0.3428955078125
28.819,321,1267,917,794,25.0,21.0,4.0,26.794431686401367,18.24951171875,19.34814453125,-0.6175537109375,-0.2584228515625,0.294677734375
28.827,308,1189,871,725,25.0,21.0,4.0,47.973628997802734,23.559568405151367,23.132322311401367,-0.5806884765625,-0.3443603515625,0.2451171875
28.840,302,938,737,630,25.0,21.0,4.0,70.9228515625,30.639646530151367,26.000974655151367,-0.5966796875,-0.364990234375,0.2086181640625
28.850,299,794,737,628,25.0,21.0,4.0,90.02684783935547,36.2548828125,27.709959030151367,-0.6337890625,-0.3240966796875,0.1761474609375
28.856,295,725,731,584,25.0,21.0,4.0,101.98973846435547,39.36767578125,28.686521530151367,-0.661865234375,-0.2239990234375,0.1605224609375
28.870,291,620,683,527,25.0,21.0,4.0,106.68944549560547,38.26904296875,29.785154342651367,-0.680908203125,-0.05712890625,0.1900634765625
28.878,291,564,698,548,25.0,21.0,4.0,100.95214080810547,30.456541061401367,31.738279342651367,-0.677978515625,0.1026611328125,0.2222900390625
28.904,286,546,687,537,25.0,21.0,4.0,82.39745330810547,17.27294921875,33.14208984375,-0.67578125,0.182861328125,0.198486328125
28.904,287,570,698,537,25.0,21.0,4.0,57.128902435302734,2.868652105331421,33.69140625,-0.70263671875,0.1978759765625,0.11328125
28.908,282,561,666,521,25.0,21.0,4.0,35.33935546875,-10.009765625,34.24072265625,-0.7437744140625,0.1844482421875,0.025390625
28.916,289,592,673,531,24.0,23.0,7.0,21.545408248901367,-20.935056686401367,34.36279296875,-0.7662353515625,0.1556396484375,-0.005859375
28.930,289,693,651,539,24.0,23.0,7.0,14.099120140075684,-30.395505905151367,32.89794921875,-0.75439453125,0.1138916015625,0.04150390625
28.938,286,744,675,586,24.0,23.0,7.0,9.94873046875,-37.65869140625,28.930662155151367,-0.725830078125,0.069091796875,0.147705078125
28.951,289,820,668,607,24.0,23.0,7.0,6.286620616912842,-41.198726654052734,22.583005905151367,-0.699951171875,0.0362548828125,0.2674560546875
28.960,291,1005,649,631,24.0,23.0,7.0,0.9155272841453552,-39.6728515625,14.953612327575684,-0.6519775390625,0.013671875,0.352783203125
28.969,295,1115,736,678,24.0,23.0,7.0,-5.859374523162842,-33.26416015625,7.019042491912842,-0.5762939453125,0.0118408203125,0.385498046875
28.976,302,1198,759,784,24.0,23.0,7.0,-13.610838890075684,-24.291990280151367,-0.9765624403953552,-0.5152587890625,0.044921875,0.3770751953125
29.005,330,1206,808,853,24.0,23.0,7.0,-24.108884811401367,-16.05224609375,-10.070799827575684,-0.46435546875,0.1173095703125,0.30419921875
29.006,348,1336,1131,905,24.0,23.0,7.0,-42.175289154052734,-10.070799827575684,-21.545408248901367,-0.406982421875,0.2288818359375,0.150634765625
29.009,378,1278,1178,954,24.0,23.0,7.0,-71.77734375,-7.568358898162842,-35.2783203125,-0.3699951171875,0.278076171875,0.013916015625
29.020,411,1342,1248,1101,24.0,22.0,9.0,-104.55321502685547,-9.6435546875,-49.377437591552734,-0.3946533203125,0.1446533203125,0.03857421875
29.028,458,1382,1413,1273,24.0,22.0,9.0,-114.07469940185547,-13.854979515075684,-59.875484466552734,-0.4957275390625,-0.085693359375,0.1927490234375
29.036,485,1399,1499,1357,24.0,22.0,9.0,-82.09227752685547,-13.427733421325684,-62.072750091552734,-0.61962890625,-0.176513671875,0.340087890625
29.051,501,1523,1529,1369,24.0,22.0,9.0,-29.846189498901367,-5.065917491912842,-54.504390716552734,-0.761474609375,-0.0313720703125,0.387451171875
29.061,513,1588,1637,1541,24.0,22.0,9.0,0.4882812201976776,4.21142578125,-41.564937591552734,-0.8895263671875,0.1707763671875,0.3843994140625
29.066,521,1669,1662,1592,24.0,22.0,9.0,-7.019042491912842,4.638671875,-29.846189498901367,-0.9351806640625,0.1710205078125,0.4024658203125
29.080,537,1838,1627,1531,24.0,22.0,9.0,-26.977537155151367,-3.784179449081421,-21.728513717651367,-0.9658203125,-0.0264892578125,0.4322509765625
29.112,553,1874,1732,1705,24.0,22.0,9.0,-31.494138717651367,-13.732909202575684,-15.930174827575684,-1.0633544921875,-0.144287109375,0.535400390625
29.112,553,1953,1761,1714,24.0,22.0,9.0,-26.184080123901367,-22.583005905151367,-10.192870140075684,-1.1717529296875,-0.0797119140625,0.7520751953125
29.112,540,2065,1790,1711,24.0,22.0,9.0,-23.376462936401367,-28.503416061401367,-5.126952648162842,-1.257568359375,0.0035400390625,0.9940185546875
29.119,526,2131,1826,1683,25.0,23.0,9.0,-17.76123046875,-25.878904342651367,-3.479003667831421,-1.3980712890625,-0.0325927734375,1.01123046875
29.126,497,2202,1867,1656,25.0,23.0,9.0,-3.417968511581421,-12.756346702575684,-4.82177734375,-1.7020263671875,-0.1309814453125,0.6673583984375
29.140,482,2240,1755,1503,25.0,23.0,9.0,19.71435546875,4.8828125,-3.723144292831421,-2.08349609375,-0.1104736328125,0.2198486328125
29.148,496,2292,1850,1681,25.0,23.0,9.0,38.14697265625,16.54052734375,-2.0751953125,-2.0989990234375,-0.08642578125,-0.0322265625
29.156,499,2240,1854,1687,25.0,23.0,9.0,38.4521484375,19.8974609375,-9.58251953125,-1.6383056640625,-0.10205078125,0.0118408203125
29.174,513,2139,1753,1582,25.0,23.0,9.0,25.146482467651367,20.629880905151367,-20.690916061401367,-1.3194580078125,0.0076904296875,0.2393798828125
29.178,514,2086,1840,1705,25.0,23.0,9.0,-6.896972179412842,21.667478561401367,-20.935056686401367,-1.4061279296875,0.0406494140625,0.4058837890625
29.187,526,2050,1847,1691,25.0,23.0,9.0,-49.133296966552734,21.118162155151367,-10.681151390075684,-1.5582275390625,-0.1341552734375,0.438720703125
29.208,484,2021,1766,1441,25.0,23.0,9.0,-67.81005859375,14.343260765075684,1.9531248807907104,-1.5863037109375,-0.2918701171875,0.42236328125
29.215,457,2087,1794,1483,25.0,23.0,9.0,-58.349605560302734,2.13623046875,13.793944358825684,-1.484130859375,-0.3057861328125,0.418701171875
29.216,461,1952,1816,1487,24.0,20.0,7.0,-42.663570404052734,-10.498045921325684,24.291990280151367,-1.30908203125,-0.2786865234375,0.39599609375
29.230,438,1829,1678,1278,24.0,20.0,7.0,-30.212400436401367,-20.080564498901367,33.14208984375,-1.13916015625,-0.2684326171875,0.31640625
29.238,418,1811,1739,1318,24.0,20.0,7.0,-15.624999046325684,-24.291990280151367,40.893550872802734,-1.0311279296875,-0.1949462890625,0.2213134765625
29.248,411,1722,1703,1278,24.0,20.0,7.0,1.220703125,-23.193357467651367,47.607418060302734,-0.982666015625,-0.0587158203125,0.1910400390625
29.260,390,1622,1494,1067,24.0,20.0,7.0,12.084959983825684,-19.6533203125,51.269527435302734,-0.947509765625,0.044921875,0.2498779296875
29.269,382,1540,1516,1133,24.0,20.0,7.0,12.695311546325684,-15.747069358825684,51.269527435302734,-0.9000244140625,0.098876953125,0.345458984375
29.276,364,1534,1464,1018,24.0,20.0,7.0,12.695311546325684,-15.747069358825684,51.269527435302734,-0.84375,0.1400146484375,0.411376953125
29.306,347,1390,1184,858,24.0,20.0,7.0,1.6479490995407104,-7.263183116912842,46.630855560302734,-0.780517578125,0.1474609375,0.427978515625
29.308,336,1313,1116,874,24.0,20.0,7.0,-1.3427733182907104,-0.6103515625,42.724605560302734,-0.72607421875,0.0645751953125,0.390625
29.309,327,1224,1004,803,24.0,20.0,7.0,-1.3427733182907104,-0.6103515625,42.724605560302734,-0.69482421875,-0.0665283203125,0.323974609375
29.322,308,1024,837,656,24.0,25.0,2.0,20.263669967651367,21.240232467651367,32.89794921875,-0.6727294921875,-0.147216796875,0.2701416015625
29.329,306,865,801,654,24.0,25.0,2.0,46.264644622802734,33.99658203125,27.648923873901367,-0.66015625,-0.149169921875,0.2557373046875
29.336,300,697,774,593,24.0,25.0,2.0,46.264644622802734,33.99658203125,27.648923873901367,-0.6475830078125,-0.079833984375,0.2723388671875
29.350,295,487,744,501,24.0,25.0,2.0,92.89550018310547,51.147457122802734,14.221190452575684,-0.6199951171875,0.009765625,0.2861328125
29.358,293,441,745,517,24.0,25.0,2.0,101.92870330810547,53.527828216552734,8.30078125,-0.6109619140625,0.0794677734375,0.3046875
29.368,291,442,725,516,24.0,25.0,2.0,101.92870330810547,53.527828216552734,8.30078125,-0.6319580078125,0.16943359375,0.3309326171875
29.381,289,475,687,490,24.0,25.0,2.0,93.13964080810547,40.588375091552734,6.835937023162842,-0.6580810546875,0.271728515625,0.323974609375
29.388,286,473,695,493,24.0,25.0,2.0,73.66943359375,29.052732467651367,9.58251953125,-0.666748046875,0.2962646484375,0.2593994140625
29.413,289,479,702,494,24.0,25.0,2.0,73.66943359375,29.052732467651367,9.58251953125,-0.6446533203125,0.2091064453125,0.1728515625
29.413,299,540,680,506,21.0,24.0,9.0,26.916501998901367,12.939452171325684,10.742186546325684,-0.6151123046875,0.0806884765625,0.0977783203125
29.419,291,487,731,519,21.0,24.0,9.0,19.95849609375,8.72802734375,8.544921875,-0.6195068359375,-0.01220703125,0.051025390625
29.430,293,501,740,526,21.0,24.0,9.0,19.95849609375,8.72802734375,8.544921875,-0.6552734375,-0.0616455078125,0.0562744140625
29.440,294,673,723,537,21.0,24.0,9.0,21.545408248901367,-3.112792730331421,2.929687261581421,-0.69873046875,-0.0726318359375,0.118408203125
29.448,299,754,735,605,21.0,24.0,9.0,20.568845748901367,-12.451170921325684,1.8920897245407104,-0.751953125,-0.03271484375,0.2197265625
29.456,295,844,735,636,21.0,24.0,9.0,20.568845748901367,-12.451170921325684,1.8920897245407104,-0.80224609375,0.0234375,0.311767578125
29.470,301,1003,695,634,21.0,24.0,9.0,10.559081077575684,-30.822751998901367,3.295898199081421,-0.8275146484375,0.0596923828125,0.3310546875
29.479,302,1067,731,698,21.0,24.0,9.0,4.82177734375,-35.82763671875,2.929687261581421,-0.833740234375,0.0816650390625,0.2999267578125
29.486,304,1155,763,725,21.0,24.0,9.0,4.82177734375,-35.82763671875,2.929687261581421,-0.833740234375,0.0816650390625,0.2999267578125
29.518,316,1254,832,723,21.0,24.0,9.0,-4.94384765625,-42.175289154052734,-6.652831554412842,-0.6341552734375,0.1683349609375,0.2120361328125
29.518,328,1287,968,827,21.0,26.0,11.0,-4.94384765625,-42.175289154052734,-6.652831554412842,-0.4227294921875,0.2730712890625,0.0948486328125
29.518,351,1231,1050,951,21.0,26.0,11.0,-15.258788108825684,-45.898433685302734,-19.83642578125,-0.4227294921875,0.2730712890625,0.0948486328125
29.540,391,1318,1236,991,21.0,26.0,11.0,-84.59471893310547,-40.10009765625,-64.39208984375,-0.31201171875,0.1539306640625,-0.0345458984375
29.540,400,1390,1289,1109,21.0,26.0,11.0,-84.59471893310547,-40.10009765625,-64.39208984375,-0.5089111328125,-0.0750732421875,0.10791015625
29.546,469,1480,1390,1233,21.0,26.0,11.0,-123.16893768310547,-27.038572311401367,-75.3173828125,-0.5089111328125,-0.0750732421875,0.10791015625
29.560,479,1472,1545,1280,21.0,26.0,11.0,-91.06444549560547,-6.103515148162842,-47.729488372802734,-0.6549072265625,-0.109130859375,0.26416015625
29.568,493,1548,1678,1467,21.0,26.0,11.0,-91.06444549560547,-6.103515148162842,-47.729488372802734,-0.8001708984375,-0.0247802734375,0.2769775390625
29.576,512,1662,1727,1521,21.0,26.0,11.0,-50.292964935302734,-6.042479991912842,-31.738279342651367,-0.8001708984375,-0.0247802734375,0.2769775390625
29.590,531,1789,1669,1506,21.0,26.0,11.0,-35.5224609375,-23.559568405151367,-15.319823265075684,-1.189453125,0.0732421875,0.575927734375
29.616,537,1821,1790,1678,21.0,26.0,11.0,-35.5224609375,-23.559568405151367,-15.319823265075684,-1.2890625,0.181396484375,0.75634765625
29.617,548,1920,1815,1676,27.0,24.0,1.0,-57.250972747802734,-28.930662155151367,-8.056640625,-1.2890625,0.181396484375,0.75634765625
29.624,531,1970,1905,1681,27.0,24.0,1.0,-80.26123046875,-28.991697311401367,-5.920409679412842,-1.3670654296875,0.06640625,1.023681640625
29.629,522,1997,1936,1646,27.0,24.0,1.0,-80.26123046875,-28.991697311401367,-5.920409679412842,-1.5103759765625,-0.212158203125,0.9742431640625
29.643,490,2084,1961,1595,27.0,24.0,1.0,-60.852046966552734,-19.775390625,-10.314940452575684,-1.5103759765625,-0.212158203125,0.9742431640625
29.650,468,2104,1846,1424,27.0,24.0,1.0,21.423337936401367,13.183592796325684,-17.39501953125,-2.021728515625,-0.441162109375,0.3665771484375
29.658,473,2078,1941,1582,27.0,24.0,1.0,21.423337936401367,13.183592796325684,-17.39501953125,-1.7191162109375,-0.1446533203125,0.1588134765625
29.667,482,2074,1941,1584,27.0,24.0,1.0,56.945796966552734,24.230955123901367,-17.15087890625,-1.7191162109375,-0.1446533203125,0.1588134765625
29.681,475,2060,1867,1456,27.0,24.0,1.0,58.166500091552734,21.972654342651367,-18.24951171875,-1.4334716796875,0.03515625,0.2841796875
29.689,482,2041,1933,1560,27.0,24.0,1.0,58.166500091552734,21.972654342651367,-18.24951171875,-1.548583984375,-0.107666015625,0.299072265625
29.696,481,1967,1929,1550,27.0,24.0,1.0,11.413573265075684,18.12744140625,-9.6435546875,-1.548583984375,-0.107666015625,0.299072265625
29.719,445,1954,1850,1312,23.0,21.0,0.0,-23.986814498901367,9.33837890625,2.685546636581421,-1.5181884765625,-0.1041259765625,0.287353515625
29.719,455,1929,1840,1377,23.0,21.0,0.0,-36.80419921875,-5.493163585662842,14.770506858825684,-1.5181884765625,-0.1041259765625,0.287353515625
29.726,442,1829,1877,1398,23.0,21.0,0.0,-38.9404296875,-20.874021530151367,25.451658248901367,-1.3853759765625,-0.076904296875,0.325439453125
29.740,419,1703,1721,1206,23.0,21.0,0.0,-36.1328125,-31.188962936401367,34.11865234375,-1.1142578125,-0.0035400390625,0.3699951171875
29.753,423,1617,1757,1292,23.0,21.0,0.0,-27.893064498901367,-32.04345703125,38.6962890625,-1.1142578125,-0.0035400390625,0.3699951171875
29.756,419,1588,1686,1239,23.0,21.0,0.0,-17.9443359375,-22.399900436401367,37.109375,-1.020263671875,0.060546875,0.3992919921875
29.770,401,1427,1504,1067,23.0,21.0,0.0,-14.038084983825684,-6.103515148162842,30.761716842651367,-0.874267578125,0.119384765625,0.463623046875
29.779,375,1387,1476,1081,23.0,21.0,0.0,-17.4560546875,10.253905296325684,23.986814498901367,-0.874267578125,0.119384765625,0.463623046875
29.786,371,1348,1379,962,23.0,21.0,0.0,-21.606443405151367,22.521970748901367,20.01953125,-0.7945556640625,0.10693359375,0.4693603515625
29.800,333,1178,1078,766,25.0,23.0,2.0,-21.240232467651367,31.677244186401367,18.37158203125,-0.61474609375,-0.2435302734375,0.360107421875
29.821,327,1074,1009,757,25.0,23.0,2.0,-10.437010765075684,40.710445404052734,16.54052734375,-0.61474609375,-0.2435302734375,0.360107421875
29.821,314,938,907,673,25.0,23.0,2.0,14.587401390075684,50.292964935302734,14.038084983825684,-0.6099853515625,-0.413818359375,0.3125
29.830,300,591,794,537,25.0,23.0,2.0,47.302242279052734,57.678218841552734,11.962889671325684,-0.69091796875,-0.3692626953125,0.204833984375
29.841,300,493,785,535,25.0,23.0,2.0,77.5146484375,61.462398529052734,11.169432640075684,-0.69091796875,-0.3692626953125,0.204833984375
29.857,294,462,753,523,25.0,23.0,2.0,104.18700408935547,61.767574310302734,12.207030296325684,-0.6805419921875,-0.22216796875,0.1973876953125
29.860,289,445,710,506,25.0,23.0,2.0,126.64794158935547,56.579586029052734,15.197752952575684,-0.6033935546875,0.13525390625,0.28466796875
29.869,289,441,678,499,25.0,23.0,2.0,134.8876953125,44.677730560302734,19.775390625,-0.6033935546875,0.13525390625,0.28466796875
29.876,282,458,654,497,25.0,23.0,2.0,124.93895721435547,28.869626998901367,24.902341842651367,-0.5860595703125,0.25244140625,0.2821044921875
29.890,289,508,644,497,25.0,23.0,2.0,103.57665252685547,13.427733421325684,28.564451217651367,-0.573486328125,0.266845703125,0.11279296875
29.899,289,473,661,501,22.0,24.0,6.0,80.68846893310547,1.6479490995407104,29.357908248901367,-0.573486328125,0.266845703125,0.11279296875
29.922,289,481,683,506,22.0,24.0,6.0,64.63623046875,-5.920409679412842,27.160642623901367,-0.586669921875,0.18994140625,0.0223388671875
29.922,292,498,684,485,22.0,24.0,6.0,55.480953216552734,-10.803221702575684,23.071287155151367,-0.667724609375,0.0322265625,0.02294921875
29.929,291,518,710,521,22.0,24.0,6.0,46.691890716552734,-14.160155296325684,18.5546875,-0.667724609375,0.0322265625,0.02294921875
29.937,292,588,713,527,22.0,24.0,6.0,35.33935546875,-16.357421875,15.136717796325684,-0.6922607421875,-0.0045166015625,0.1221923828125
29.951,291,794,698,540,22.0,24.0,6.0,24.902341842651367,-17.7001953125,13.122557640075684,-0.739990234375,0.0284423828125,0.2498779296875
29.968,294,852,707,620,22.0,24.0,6.0,15.136717796325684,-19.287109375,11.474608421325684,-0.798583984375,0.1138916015625,0.359375
29.969,302,957,702,652,22.0,24.0,6.0,0.9155272841453552,-21.057126998901367,8.72802734375,-0.826171875,0.173828125,0.418701171875
29.980,308,1131,713,631,22.0,24.0,6.0,-15.991209983825684,-21.667478561401367,4.5166015625,-0.8170166015625,0.166015625,0.386474609375
29.992,307,1173,780,720,22.0,24.0,6.0,-27.832029342651367,-22.155759811401367,-0.7934569716453552,-0.7918701171875,0.1427001953125,0.2685546875
29.996,313,1234,803,763,23.0,24.0,3.0,-31.860349655151367,-26.794431686401367,-7.019042491912842,-0.7489013671875,0.157470703125,0.1357421875
30.024,324,1281,874,794,23.0,24.0,3.0,-32.8369140625,-36.7431640625,-15.563963890075684,-0.6717529296875,0.192626953125,0.0540771484375
30.024,346,1292,978,943,23.0,24.0,3.0,-38.39111328125,-47.546382904052734,-27.954099655151367,-0.5491943359375,0.2222900390625,0.0308837890625
30.027,371,1440,986,986,23.0,24.0,3.0,-57.006832122802734,-52.185054779052734,-43.334957122802734,-0.4520263671875,0.2064208984375,0.0419921875
30.040,414,1392,1225,1097,23.0,24.0,3.0,-89.90477752685547,-46.569820404052734,-57.983394622802734,-0.4725341796875,0.07568359375,0.0938720703125
30.048,441,1445,1411,1271,23.0,24.0,3.0,-115.47850799560547,-32.40966796875,-65.49072265625,-0.551513671875,-0.1265869140625,0.1873779296875
30.057,473,1488,1492,1348,23.0,24.0,3.0,-104.43114471435547,-16.29638671875,-62.683101654052734,-0.5889892578125,-0.1962890625,0.2672119140625
30.075,513,1497,1553,1390,23.0,24.0,3.0,-64.5751953125,-6.347655773162842,-52.856441497802734,-0.6063232421875,-0.107421875,0.2764892578125
30.078,531,1561,1676,1564,23.0,24.0,3.0,-32.1044921875,-6.103515148162842,-42.480464935302734,-0.6873779296875,-0.046630859375,0.320068359375
30.086,562,1622,1711,1629,23.0,24.0,3.0,-23.925779342651367,-11.596678733825684,-35.21728515625,-0.8460693359375,-0.02587890625,0.4307861328125
30.100,572,1739,1727,1578,24.0,23.0,8.0,-33.50830078125,-16.845703125,-28.625486373901367,-1.052734375,0.061767578125,0.5596923828125
30.109,564,1785,1813,1727,24.0,23.0,8.0,-51.025386810302734,-21.362302780151367,-21.240232467651367,-1.2535400390625,0.2432861328125,0.7276611328125
30.127,547,1891,1864,1670,24.0,23.0,8.0,-75.74462890625,-26.367185592651367,-17.08984375,-1.3516845703125,0.278076171875,0.864990234375
30.130,507,2005,1922,1595,24.0,23.0,8.0,-92.89550018310547,-29.296873092651367,-17.51708984375,-1.3931884765625,0.05029296875,0.9273681640625
30.138,499,2014,1989,1597,24.0,23.0,8.0,-76.72119140625,-28.686521530151367,-18.5546875,-1.4775390625,-0.35400390625,0.85986328125
30.146,496,2066,2001,1592,24.0,23.0,8.0,-31.616209030151367,-21.423337936401367,-19.53125,-1.6522216796875,-0.698974609375,0.6419677734375
30.160,479,2105,1880,1433,24.0,23.0,8.0,20.263669967651367,-6.408690929412842,-18.4326171875,-1.857177734375,-0.5811767578125,0.4161376953125
30.176,497,2076,1973,1611,24.0,23.0,8.0,54.199214935302734,7.385253429412842,-12.695311546325684,-1.7723388671875,-0.124267578125,0.2537841796875
30.176,509,2102,1943,1604,24.0,23.0,8.0,57.861324310302734,13.305663108825684,-8.97216796875,-1.4281005859375,0.202392578125,0.2373046875
30.190,509,2041,1864,1477,27.0,21.0,7.0,39.73388671875,14.099120140075684,-10.864256858825684,-1.2994384765625,0.18896484375,0.35986328125
30.198,501,2039,1960,1593,27.0,21.0,7.0,6.408690929412842,13.793944358825684,-11.413573265075684,-1.449951171875,-0.0316162109375,0.4239501953125
30.206,497,1983,1960,1595,27.0,21.0,7.0,-24.902341842651367,11.291502952575684,-6.286620616912842,-1.590576171875,-0.1910400390625,0.4007568359375
30.229,484,1892,1837,1411,27.0,21.0,7.0,-37.41455078125,3.784179449081421,2.197265625,-1.5775146484375,-0.1666259765625,0.3741455078125
30.229,438,2009,1761,1387,27.0,21.0,7.0,-38.818359375,-6.042479991912842,10.925292015075684,-1.4354248046875,-0.086181640625,0.3675537109375
30.236,466,1848,1908,1429,27.0,21.0,7.0,-38.87939453125,-13.244627952575684,18.61572265625,-1.2652587890625,-0.0721435546875,0.353515625
30.250,437,1741,1775,1243,27.0,21.0,7.0,-37.4755859375,-15.563963890075684,24.902341842651367,-1.1258544921875,-0.090087890625,0.322265625
30.258,430,1709,1846,1303,27.0,21.0,7.0,-33.935546875,-13.549803733825684,29.418943405151367,-1.0274658203125,-0.1123046875,0.32080078125
30.266,430,1600,1785,1292,27.0,21.0,7.0,-28.381345748901367,-8.97216796875,31.555173873901367,-0.95751953125,-0.1234130859375,0.3758544921875
30.283,411,1488,1588,1109,27.0,21.0,7.0,-22.888181686401367,-3.173827886581421,31.433103561401367,-0.9051513671875,-0.1025390625,0.457763671875
30.288,404,1464,1583,1156,22.0,22.0,5.0,-21.728513717651367,2.685546636581421,30.151365280151367,-0.861572265625,-0.0723876953125,0.5235595703125
30.301,398,1373,1509,1112,22.0,22.0,5.0,-24.291990280151367,7.995604991912842,28.747556686401367,-0.8067626953125,-0.0601806640625,0.5311279296875
30.310,364,1253,1242,922,22.0,22.0,5.0,-23.559568405151367,12.939452171325684,27.343748092651367,-0.7392578125,-0.102294921875,0.4720458984375
30.332,346,1248,1175,883,22.0,22.0,5.0,-12.084959983825684,18.37158203125,25.573728561401367,-0.6845703125,-0.2041015625,0.3831787109375
30.332,330,1206,1024,802,22.0,22.0,5.0,12.451170921325684,25.634763717651367,23.986814498901367,-0.6649169921875,-0.297119140625,0.294677734375
30.340,310,1018,864,688,22.0,22.0,5.0,45.593257904052734,34.24072265625,23.498533248901367,-0.6812744140625,-0.3292236328125,0.237548828125
30.350,304,879,782,648,22.0,22.0,5.0,78.369140625,41.259761810302734,23.620603561401367,-0.69921875,-0.31787109375,0.2191162109375
30.358,299,777,748,594,22.0,22.0,5.0,107.23876190185547,44.555660247802734,23.803709030151367,-0.687744140625,-0.2376708984375,0.226318359375
30.370,292,601,689,513,22.0,22.0,5.0,131.77490234375,43.212886810302734,25.024412155151367,-0.650146484375,-0.0760498046875,0.245361328125
30.378,289,533,684,523,22.0,22.0,5.0,145.5078125,37.841796875,27.404783248901367,-0.6063232421875,0.095703125,0.2528076171875
30.388,289,523,679,526,23.0,24.0,6.0,141.90673828125,29.907224655151367,29.907224655151367,-0.5804443359375,0.226806640625,0.24853515625
30.403,289,546,651,497,23.0,24.0,6.0,122.92479705810547,20.080564498901367,31.433103561401367,-0.5838623046875,0.300048828125,0.23046875
30.413,289,561,668,519,23.0,24.0,6.0,95.70311737060547,9.27734375,31.066892623901367,-0.6082763671875,0.302490234375,0.206298828125
30.437,289,660,667,525,23.0,24.0,6.0,43.762203216552734,-7.446288585662842,24.475095748901367,-0.637939453125,0.1202392578125,0.15576171875
30.439,289,767,645,576,23.0,24.0,6.0,31.982419967651367,-9.94873046875,20.202634811401367,-0.65869140625,0.032958984375,0.16455078125
30.447,286,785,678,607,23.0,24.0,6.0,31.982419967651367,-9.94873046875,20.202634811401367,-0.6702880859375,0.0009765625,0.243896484375
30.463,291,922,642,608,23.0,24.0,6.0,26.123044967651367,-16.7236328125,11.901854515075684,-0.6571044921875,0.0274658203125,0.33447265625
30.469,290,1022,673,675,23.0,24.0,6.0,23.437498092651367,-23.803709030151367,7.324218273162842,-0.6414794921875,0.0809326171875,0.348388671875
30.476,292,1101,691,694,23.0,24.0,6.0,23.437498092651367,-23.803709030151367,7.324218273162842,-0.6473388671875,0.117919921875,0.281005859375
30.495,302,1255,735,705,21.0,24.0,9.0,5.065917491912842,-35.400390625,-4.150390625,-0.6314697265625,0.1414794921875,0.186767578125
30.500,315,1318,848,731,21.0,24.0,9.0,-7.019042491912842,-39.85595703125,-11.779784202575684,-0.5198974609375,0.2144775390625,0.1005859375
30.506,328,1453,917,842,21.0,24.0,9.0,-7.019042491912842,-39.85595703125,-11.779784202575684,-0.31640625,0.329833984375,0.022216796875
30.539,378,1343,1173,996,21.0,24.0,9.0,-62.011714935302734,-38.0859375,-47.363277435302734,-0.1810302734375,0.305908203125,-0.0889892578125
30.539,419,1401,1371,1175,21.0,24.0,9.0,-125.79344940185547,-22.827146530151367,-70.98388671875,-0.3109130859375,0.0614013671875,-0.156005859375
30.540,454,1443,1485,1274,21.0,24.0,9.0,-125.79344940185547,-22.827146530151367,-70.98388671875,-0.5313720703125,-0.2408447265625,0.005126953125
30.550,470,1529,1557,1274,21.0,24.0,9.0,-176.20848083496094,1.7700194120407104,-56.823726654052734,-0.6090087890625,-0.328369140625,0.2003173828125
30.558,490,1609,1681,1447,21.0,24.0,9.0,-107.17772674560547,6.896972179412842,-34.0576171875,-0.6868896484375,-0.1873779296875,0.251708984375
30.567,494,1711,1733,1506,21.0,24.0,9.0,-107.17772674560547,6.896972179412842,-34.0576171875,-0.890380859375,0.0020751953125,0.374755859375
30.580,518,1855,1705,1488,21.0,24.0,9.0,-4.69970703125,-2.0751953125,-15.930174827575684,-1.157958984375,0.26611328125,0.6673583984375
30.588,513,1925,1821,1648,27.0,20.0,1.0,-29.541013717651367,-16.4794921875,-11.779784202575684,-1.3653564453125,0.45556640625,0.995849609375
30.602,493,2032,1874,1610,27.0,20.0,1.0,-29.541013717651367,-16.4794921875,-11.779784202575684,-1.452880859375,0.313720703125,1.21337890625
30.611,468,2139,1931,1390,27.0,20.0,1.0,-99.30419158935547,-35.7666015625,-7.141112804412842,-1.4830322265625,-0.0330810546875,1.200439453125
30.619,473,2104,2000,1533,27.0,20.0,1.0,-74.462890625,-30.090330123901367,-7.324218273162842,-1.6129150390625,-0.3671875,0.9588623046875
30.643,466,2118,2041,1531,27.0,20.0,1.0,-74.462890625,-30.090330123901367,-7.324218273162842,-1.6129150390625,-0.3671875,0.9588623046875
30.644,426,2257,1881,1278,27.0,20.0,1.0,37.17041015625,1.2817381620407104,-13.061522483825684,-2.055908203125,-0.5152587890625,0.303955078125
30.649,430,2319,2012,1384,27.0,20.0,1.0,37.17041015625,1.2817381620407104,-13.061522483825684,-1.669921875,-0.1754150390625,0.1517333984375
30.656,430,2190,2028,1433,27.0,20.0,1.0,77.7587890625,10.070799827575684,-17.578125,-1.669921875,-0.1754150390625,0.1517333984375
30.670,431,2135,1897,1312,27.0,20.0,1.0,71.1669921875,13.305663108825684,-23.193357467651367,-1.3909912109375,0.061279296875,0.3662109375
30.678,437,2118,2048,1429,27.0,20.0,1.0,71.1669921875,13.305663108825684,-23.193357467651367,-1.5859375,-0.134765625,0.3546142578125
30.686,438,2076,2007,1440,25.0,22.0,5.0,19.4091796875,14.648436546325684,-13.977049827575684,-1.5859375,-0.134765625,0.3546142578125
30.710,405,2087,1914,1198,25.0,22.0,5.0,-34.423828125,2.3193359375,11.535643577575684,-1.5687255859375,-0.1029052734375,0.34423828125
30.710,406,2178,1855,1173,25.0,22.0,5.0,-34.423828125,2.3193359375,11.535643577575684,-1.4046630859375,-0.0330810546875,0.3802490234375
30.717,403,2070,1952,1254,25.0,22.0,5.0,-39.61181640625,-7.812499523162842,21.057126998901367,-1.4046630859375,-0.0330810546875,0.3802490234375
30.741,376,1929,1809,1055,25.0,22.0,5.0,-36.56005859375,-15.624999046325684,32.71484375,-1.0826416015625,-0.0234375,0.38330078125
30.742,377,1882,1830,1136,25.0,22.0,5.0,-36.56005859375,-15.624999046325684,32.71484375,-0.96142578125,-0.021484375,0.3846435546875
30.751,382,1775,1735,1157,25.0,22.0,5.0,-30.090330123901367,-13.427733421325684,33.8134765625,-0.96142578125,-0.021484375,0.3846435546875
30.763,363,1646,1498,978,25.0,22.0,5.0,-23.010251998901367,1.8310545682907104,31.188962936401367,-0.8077392578125,0.0367431640625,0.4185791015625
30.769,354,1599,1474,1004,25.0,22.0,5.0,-23.010251998901367,1.8310545682907104,31.188962936401367,-0.739990234375,0.0382080078125,0.4197998046875
30.776,347,1487,1367,963,25.0,22.0,5.0,-21.179197311401367,10.314940452575684,29.296873092651367,-0.739990234375,0.0382080078125,0.4197998046875
30.791,330,1330,1076,788,23.0,23.0,6.0,-10.925292015075684,26.672361373901367,23.437498092651367,-0.5849609375,-0.238037109375,0.3780517578125
30.799,325,1267,1011,815,23.0,23.0,6.0,-10.925292015075684,26.672361373901367,23.437498092651367,-0.5792236328125,-0.3868408203125,0.34814453125
30.818,304,1213,898,753,23.0,23.0,6.0,4.45556640625,36.92626953125,20.080564498901367,-0.5792236328125,-0.3868408203125,0.34814453125
30.821,302,963,794,660,23.0,23.0,6.0,54.077144622802734,57.312007904052734,17.822265625,-0.7041015625,-0.323974609375,0.275146484375
30.846,299,797,759,623,23.0,23.0,6.0,54.077144622802734,57.312007904052734,17.822265625,-0.7410888671875,-0.1629638671875,0.235595703125
30.847,294,695,739,572,23.0,23.0,6.0,77.5146484375,63.720699310302734,17.76123046875,-0.7410888671875,-0.1629638671875,0.235595703125
30.851,287,537,702,512,23.0,23.0,6.0,98.69384002685547,65.85693359375,17.9443359375,-0.678955078125,0.1893310546875,0.3046875
30.864,286,513,697,526,23.0,23.0,6.0,110.35155487060547,61.401363372802734,17.578125,-0.678955078125,0.1893310546875,0.3046875
30.868,282,499,680,519,23.0,23.0,6.0,103.88182830810547,51.696773529052734,16.90673828125,-0.64892578125,0.2781982421875,0.3203125
30.885,286,509,636,485,23.0,25.0,4.0,84.22850799560547,39.73388671875,17.08984375,-0.7325439453125,0.2899169921875,0.23681640625
30.901,280,506,651,500,23.0,25.0,4.0,62.622066497802734,27.099607467651367,17.578125,-0.7325439453125,0.2899169921875,0.23681640625
30.906,286,521,644,508,23.0,25.0,4.0,44.677730560302734,14.892577171325684,17.15087890625,-0.74609375,0.23681640625,0.1527099609375
30.933,282,525,636,497,23.0,25.0,4.0,32.3486328125,5.187987804412842,15.624999046325684,-0.692138671875,-0.0108642578125,0.0587158203125
30.934,286,537,666,514,23.0,25.0,4.0,28.869626998901367,-0.54931640625,13.610838890075684,-0.692138671875,-0.0108642578125,0.0587158203125
30.934,289,537,685,525,23.0,25.0,4.0,34.66796875,-3.601073980331421,12.329100608825684,-0.6751708984375,-0.092529296875,0.1070556640625
30.946,289,582,683,519,23.0,25.0,4.0,44.006343841552734,-6.347655773162842,11.779784202575684,-0.6773681640625,-0.074951171875,0.305419921875
30.948,291,714,666,548,23.0,25.0,4.0,50.231929779052734,-9.27734375,10.742186546325684,-0.6773681640625,-0.074951171875,0.305419921875
30.956,291,780,682,600,23.0,25.0,4.0,50.598140716552734,-11.718749046325684,8.4228515625,-0.71240234375,-0.0078125,0.3857421875
30.976,291,996,625,605,23.0,25.0,4.0,43.212886810302734,-13.122557640075684,5.310058116912842,-0.766357421875,0.1318359375,0.3623046875
30.978,291,1167,589,669,23.0,24.0,8.0,29.663084030151367,-13.549803733825684,2.38037109375,-0.766357421875,0.1318359375,0.3623046875
30.986,289,1229,614,693,23.0,24.0,8.0,17.822265625,-15.136717796325684,0.0,-0.77294921875,0.1435546875,0.2515869140625
31.000,296,1323,614,695,23.0,24.0,8.0,9.8876953125,-21.728513717651367,-1.4038084745407104,-0.8203125,0.167236328125,0.0650634765625
31.008,302,1393,691,775,23.0,24.0,8.0,0.2441406100988388,-35.21728515625,-2.197265625,-0.8203125,0.167236328125,0.0650634765625
31.016,308,1452,846,766,23.0,24.0,8.0,-13.793944358825684,-52.856441497802734,-3.723144292831421,-0.77197265625,0.13134765625,0.0548095703125
31.030,328,1521,906,830,23.0,24.0,8.0,-29.907224655151367,-67.68798828125,-6.652831554412842,-0.286376953125,0.22412109375,-0.025390625
31.048,336,1584,1058,959,23.0,24.0,8.0,-56.213375091552734,-72.44873046875,-14.953612327575684,-0.286376953125,0.22412109375,-0.025390625
31.048,348,1678,1397,788,23.0,24.0,8.0,-106.81151580810547,-62.927242279052734,-30.517576217651367,-0.3778076171875,0.097900390625,-0.0546875
31.060,362,1794,1323,980,23.0,24.0,8.0,-152.2216796875,-42.907711029052734,-40.405269622802734,-0.6942138671875,-0.3167724609375,0.3548583984375
31.070,382,1843,1527,1123,23.0,24.0,8.0,-128.90625,-21.179197311401367,-36.62109375,-0.6942138671875,-0.3167724609375,0.3548583984375
31.076,406,1904,1534,1243,24.0,22.0,9.0,-50.415035247802734,-2.25830078125,-32.2265625,-0.6318359375,-0.041015625,0.4273681640625
31.090,424,1874,1595,1236,24.0,22.0,9.0,5.493163585662842,10.070799827575684,-36.2548828125,-0.674072265625,0.2191162109375,0.4716796875
31.098,401,2068,1808,1294,24.0,22.0,9.0,13.671874046325684,9.09423828125,-41.625972747802734,-0.7867431640625,0.3582763671875,0.6265869140625
31.106,401,2144,1880,1294,24.0,22.0,9.0,-5.493163585662842,-3.601073980331421,-40.10009765625,-0.9310302734375,0.4471435546875,0.7611083984375
31.121,400,2229,1855,1167,24.0,22.0,9.0,-36.1328125,-18.98193359375,-31.982419967651367,-1.082763671875,0.4747314453125,0.818359375
31.152,402,2190,2010,1323,24.0,22.0,9.0,-65.12451171875,-31.799314498901367,-21.606443405151367,-1.255126953125,0.3201904296875,0.83642578125
31.152,411,2210,2048,1321,24.0,22.0,9.0,-77.08740234375,-36.31591796875,-13.793944358825684,-1.648681640625,-0.239013671875,0.6475830078125
31.153,409,2290,1934,1199,24.0,22.0,9.0,-59.204097747802734,-25.817869186401367,-12.451170921325684,-2.2159423828125,-0.8531494140625,0.259521484375
31.158,411,2286,2039,1348,24.0,22.0,9.0,-13.854979515075684,-9.8876953125,-15.869139671325684,-2.432373046875,-0.818115234375,0.0963134765625
31.167,401,2279,2060,1317,24.0,22.0,9.0,26.550291061401367,-5.859374523162842,-17.08984375,-1.9248046875,-0.296630859375,0.25146484375
31.180,402,2280,1935,1183,25.0,23.0,4.0,42.846675872802734,-10.925292015075684,-16.6015625,-1.1192626953125,0.08837890625,0.4803466796875
31.189,391,2287,2052,1330,25.0,23.0,4.0,42.236324310302734,-13.549803733825684,-15.808104515075684,-0.8348388671875,0.10546875,0.6417236328125
31.202,409,2266,2037,1336,25.0,23.0,4.0,20.996091842651367,-9.27734375,-9.033203125,-1.16845703125,-0.0758056640625,0.6712646484375
31.212,404,2190,1936,1179,25.0,23.0,4.0,-8.30078125,-0.7324218153953552,1.8310545682907104,-1.6007080078125,-0.127197265625,0.6104736328125
31.220,411,2186,1983,1294,25.0,23.0,4.0,-24.841306686401367,5.126952648162842,7.995604991912842,-1.736083984375,0.0047607421875,0.5614013671875
31.227,407,2122,1980,1282,25.0,23.0,4.0,-29.907224655151367,6.408690929412842,6.774901866912842,-1.5694580078125,0.1368408203125,0.5384521484375
31.254,400,2026,1828,1129,25.0,23.0,4.0,-32.28759765625,6.774901866912842,2.44140625,-1.3355712890625,0.16943359375,0.509765625
31.255,388,1996,1874,1206,25.0,23.0,4.0,-36.56005859375,9.1552734375,-0.54931640625,-1.1849365234375,0.1522216796875,0.4718017578125
31.256,388,1935,1808,1178,25.0,23.0,4.0,-43.701168060302734,12.145995140075684,-0.2441406100988388,-1.1082763671875,0.1102294921875,0.434814453125
31.272,376,1791,1608,1014,27.0,23.0,5.0,-50.537105560302734,14.587401390075684,3.295898199081421,-1.0596923828125,0.026611328125,0.3824462890625
31.279,369,1745,1624,1061,27.0,23.0,5.0,-52.917476654052734,18.06640625,8.36181640625,-1.008544921875,-0.0679931640625,0.30810546875
31.287,359,1600,1531,1029,27.0,23.0,5.0,-51.330562591552734,23.254392623901367,12.268065452575684,-0.94873046875,-0.184814453125,0.2344970703125
31.301,346,1450,1217,858,27.0,23.0,5.0,-45.349117279052734,29.174802780151367,13.610838890075684,-0.8748779296875,-0.3310546875,0.1851806640625
31.316,336,1357,1178,869,27.0,23.0,5.0,-31.066892623901367,34.60693359375,13.793944358825684,-0.7828369140625,-0.4439697265625,0.1871337890625
31.318,327,1330,984,793,27.0,23.0,5.0,-7.629394054412842,38.51318359375,15.075682640075684,-0.69091796875,-0.469482421875,0.2115478515625
31.330,313,1050,869,682,27.0,23.0,5.0,18.4326171875,41.015621185302734,18.24951171875,-0.6365966796875,-0.4619140625,0.2166748046875
31.357,302,922,840,679,27.0,23.0,5.0,40.466304779052734,42.907711029052734,22.399900436401367,-0.6387939453125,-0.472412109375,0.193603515625
31.357,302,790,788,625,27.0,23.0,5.0,59.265132904052734,44.311519622802734,27.343748092651367,-0.6744384765625,-0.420166015625,0.1881103515625
31.362,292,603,721,562,27.0,23.0,5.0,77.57568359375,42.907711029052734,33.63037109375,-0.681640625,-0.2210693359375,0.2401123046875
31.370,287,540,689,532,26.0,26.0,5.0,90.02684783935547,35.33935546875,40.649410247802734,-0.61181640625,0.029296875,0.2919921875
31.379,286,526,661,524,26.0,26.0,5.0,92.71239471435547,23.620603561401367,47.363277435302734,-0.535888671875,0.190185546875,0.2994384765625
31.390,279,539,601,490,26.0,26.0,5.0,89.29442596435547,11.474608421325684,53.588863372802734,-0.5382080078125,0.2596435546875,0.28759765625
31.398,279,542,614,514,26.0,26.0,5.0,82.51952362060547,-0.4882812201976776,58.715816497802734,-0.5921630859375,0.2777099609375,0.26806640625
31.409,280,559,607,514,26.0,26.0,5.0,72.20458984375,-11.718749046325684,60.607906341552734,-0.6337890625,0.2662353515625,0.237060546875
31.427,280,577,627,478,26.0,26.0,5.0,59.387203216552734,-20.690916061401367,58.471675872802734,-0.6488037109375,0.240966796875,0.2196044921875
31.428,277,631,625,521,26.0,26.0,5.0,47.363277435302734,-25.817869186401367,53.100582122802734,-0.6729736328125,0.2052001953125,0.2235107421875
31.436,279,614,627,531,26.0,26.0,5.0,38.330078125,-25.451658248901367,44.738765716552734,-0.7047119140625,0.1571044921875,0.2559814453125
31.460,279,738,607,532,26.0,26.0,5.0,31.799314498901367,-20.141599655151367,34.24072265625,-0.723876953125,0.1171875,0.3262939453125
31.461,282,788,625,579,26.0,26.0,5.0,26.855466842651367,-14.953612327575684,23.559568405151367,-0.740966796875,0.10888671875,0.4066162109375
31.468,282,853,628,601,18.0,24.0,10.0,23.254392623901367,-14.282225608825684,14.404295921325684,-0.7451171875,0.118896484375,0.44775390625
31.482,282,933,605,590,18.0,24.0,10.0,22.338865280151367,-17.15087890625,6.774901866912842,-0.7364501953125,0.127685546875,0.4178466796875
31.488,289,998,619,651,18.0,24.0,10.0,22.460935592651367,-20.690916061401367,0.0610351525247097,-0.7528076171875,0.1363525390625,0.3270263671875
31.496,286,1055,634,673,18.0,24.0,10.0,18.98193359375,-24.719236373901367,-5.187987804412842,-0.8065185546875,0.14599609375,0.21337890625
31.512,296,1091,623,723,18.0,24.0,10.0,10.131834983825684,-31.127927780151367,-8.1787109375,-0.843505859375,0.1451416015625,0.11865234375
31.520,304,1224,734,734,18.0,24.0,10.0,-2.746581792831421,-38.818359375,-9.8876953125,-0.793212890625,0.157958984375,0.0576171875
31.527,313,1278,766,808,18.0,24.0,10.0,-19.6533203125,-44.128414154052734,-14.343260765075684,-0.6409912109375,0.2252197265625,0.041015625
31.540,323,1411,864,790,18.0,24.0,10.0,-45.898433685302734,-44.067378997802734,-26.245115280151367,-0.4547119140625,0.2816162109375,0.057373046875
31.565,331,1434,1026,919,18.0,24.0,10.0,-84.71678924560547,-37.17041015625,-45.593257904052734,-0.374267578125,0.2001953125,0.095947265625
31.565,347,1504,1134,978,18.0,24.0,10.0,-84.71678924560547,-37.17041015625,-45.593257904052734,-0.4443359375,-0.009521484375,0.155029296875
31.572,390,1506,1369,1157,25.0,20.0,5.0,-128.662109375,-13.854979515075684,-69.51904296875,-0.5511474609375,-0.17822265625,0.2225341796875
31.580,430,1568,1433,1225,25.0,20.0,5.0,-95.21483612060547,-4.2724609375,-62.072750091552734,-0.582763671875,-0.1513671875,0.2984619140625
31.587,438,1634,1487,1282,25.0,20.0,5.0,-95.21483612060547,-4.2724609375,-62.072750091552734,-0.6162109375,-0.0078125,0.3372802734375
31.601,464,1703,1546,1295,25.0,20.0,5.0,-17.578125,1.220703125,-41.076656341552734,-0.766845703125,0.0947265625,0.395751953125
31.608,473,1770,1662,1476,25.0,20.0,5.0,-18.73779296875,-4.8828125,-34.5458984375,-0.9722900390625,0.141845703125,0.4990234375
31.616,481,1838,1695,1531,25.0,20.0,5.0,-18.73779296875,-4.8828125,-34.5458984375,-1.1492919921875,0.1395263671875,0.57470703125
31.630,490,1925,1676,1478,25.0,20.0,5.0,-67.68798828125,-14.343260765075684,-24.169919967651367,-1.2880859375,0.14501953125,0.6690673828125
31.638,490,1973,1798,1604,25.0,20.0,5.0,-81.97020721435547,-13.732909202575684,-22.460935592651367,-1.3360595703125,0.121826171875,0.83251953125
31.669,495,2035,1820,1602,25.0,20.0,5.0,-81.97020721435547,-13.732909202575684,-22.460935592651367,-1.2626953125,-0.0638427734375,0.9642333984375
31.669,458,2133,1862,1395,24.0,22.0,2.0,-60.058589935302734,-12.756346702575684,-28.259275436401367,-1.2137451171875,-0.2379150390625,0.9683837890625
31.669,406,2195,1757,1383,24.0,22.0,2.0,-19.287109375,-9.765625,-27.954099655151367,-1.3155517578125,-0.3387451171875,0.8521728515625
31.676,484,2058,1904,1584,24.0,22.0,2.0,-19.287109375,-9.765625,-27.954099655151367,-1.56396484375,-0.561279296875,0.5970458984375
31.690,479,2068,1782,1455,24.0,22.0,2.0,37.2314453125,5.310058116912842,-16.78466796875,-1.7845458984375,-0.515625,0.259521484375
31.698,479,2084,1877,1610,24.0,22.0,2.0,50.292964935302734,18.24951171875,-9.033203125,-1.7164306640625,-0.09765625,0.070068359375
31.706,481,2093,1845,1596,24.0,22.0,2.0,50.292964935302734,18.24951171875,-9.033203125,-1.5416259765625,0.1751708984375,0.15087890625
31.720,470,2091,1792,1434,24.0,22.0,2.0,17.27294921875,21.057126998901367,-7.690429210662842,-1.509521484375,0.1439208984375,0.3365478515625
31.729,481,2100,1852,1550,24.0,22.0,2.0,-20.141599655151367,15.808104515075684,-5.310058116912842,-1.5184326171875,-0.027099609375,0.450927734375
31.736,482,2114,1718,1429,24.0,22.0,2.0,-20.141599655151367,15.808104515075684,-5.310058116912842,-1.473876953125,-0.146484375,0.4742431640625
31.777,424,2032,1770,1280,24.0,22.0,2.0,-42.541500091552734,-1.15966796875,8.97216796875,-1.3609619140625,-0.200439453125,0.423095703125
31.777,430,1999,1808,1369,26.0,20.0,2.0,-33.447265625,-7.934569835662842,17.88330078125,-1.241943359375,-0.2095947265625,0.3226318359375
31.777,406,1929,1807,1323,26.0,20.0,2.0,-33.447265625,-7.934569835662842,17.88330078125,-1.241943359375,-0.2095947265625,0.3226318359375
31.782,416,1756,1686,1289,26.0,20.0,2.0,-14.282225608825684,-9.58251953125,34.60693359375,-1.1016845703125,-0.078857421875,0.29541015625
31.788,418,1691,1611,1258,26.0,20.0,2.0,-14.282225608825684,-9.58251953125,34.60693359375,-1.0245361328125,-0.0096435546875,0.383056640625
31.796,402,1604,1588,1211,26.0,20.0,2.0,-14.404295921325684,-6.835937023162842,38.6962890625,-1.0245361328125,-0.0096435546875,0.383056640625
31.810,378,1494,1393,996,26.0,20.0,2.0,-25.207517623901367,3.967284917831421,37.41455078125,-0.84814453125,0.022705078125,0.5286865234375
31.818,363,1453,1369,1053,26.0,20.0,2.0,-25.207517623901367,3.967284917831421,37.41455078125,-0.7669677734375,-0.0443115234375,0.5455322265625
31.826,342,1433,1289,920,26.0,20.0,2.0,-28.198240280151367,10.437010765075684,34.3017578125,-0.7669677734375,-0.0443115234375,0.5455322265625
31.842,324,1280,1043,757,26.0,20.0,2.0,-6.958007335662842,26.672361373901367,27.709959030151367,-0.6031494140625,-0.3604736328125,0.4415283203125
31.849,323,1204,963,780,26.0,20.0,2.0,-6.958007335662842,26.672361373901367,27.709959030151367,-0.59423828125,-0.438720703125,0.380859375
31.868,310,1054,872,730,25.0,23.0,1.0,21.423337936401367,37.841796875,24.902341842651367,-0.59423828125,-0.438720703125,0.380859375
31.887,282,840,756,625,25.0,23.0,1.0,83.43505096435547,55.786128997802734,20.996091842651367,-0.6533203125,-0.2095947265625,0.3148193359375
31.889,296,697,740,591,25.0,23.0,1.0,83.43505096435547,55.786128997802734,20.996091842651367,-0.6402587890625,-0.0574951171875,0.292724609375
31.891,293,683,739,473,25.0,23.0,1.0,103.57665252685547,60.302730560302734,19.53125,-0.6402587890625,-0.0574951171875,0.292724609375
31.900,286,553,673,508,25.0,23.0,1.0,128.23486328125,53.466793060302734,18.85986328125,-0.596923828125,0.200927734375,0.34033203125
31.908,280,543,658,523,25.0,23.0,1.0,128.23486328125,53.466793060302734,18.85986328125,-0.6219482421875,0.2747802734375,0.3114013671875
31.917,279,539,645,519,25.0,23.0,1.0,120.30028533935547,41.870113372802734,20.507810592651367,-0.6219482421875,0.2747802734375,0.3114013671875
31.930,281,576,625,487,25.0,23.0,1.0,86.60887908935547,21.362302780151367,24.475095748901367,-0.6629638671875,0.3084716796875,0.1102294921875
31.938,282,625,620,499,25.0,23.0,1.0,86.60887908935547,21.362302780151367,24.475095748901367,-0.6785888671875,0.272216796875,0.0264892578125
31.946,286,619,647,523,25.0,23.0,1.0,76.23291015625,14.831542015075684,22.399900436401367,-0.6785888671875,0.272216796875,0.0264892578125
31.971,282,742,644,496,22.0,23.0,2.0,50.842281341552734,1.7700194120407104,8.72802734375,-0.713134765625,0.0582275390625,0.0523681640625
31.971,272,855,646,499,22.0,23.0,2.0,50.842281341552734,1.7700194120407104,8.72802734375,-0.7506103515625,-0.00927734375,0.1474609375
31.976,283,855,614,588,22.0,23.0,2.0,43.945308685302734,-5.554198741912842,2.50244140625,-0.7506103515625,-0.00927734375,0.1474609375
31.991,286,934,588,625,22.0,23.0,2.0,43.884273529052734,-12.512206077575684,-0.4882812201976776,-0.8360595703125,0.0694580078125,0.328369140625
31.998,286,996,603,694,22.0,23.0,2.0,43.823238372802734,-17.333984375,-1.4648436307907104,-0.8360595703125,0.0694580078125,0.328369140625
32.006,286,1071,600,721,22.0,23.0,2.0,37.65869140625,-19.22607421875,-2.50244140625,-0.8497314453125,0.1190185546875,0.3380126953125
32.022,291,1198,566,706,22.0,23.0,2.0,23.742673873901367,-18.98193359375,-4.69970703125,-0.8555908203125,0.109130859375,0.231201171875
32.029,291,1292,597,766,22.0,23.0,2.0,5.615233898162842,-19.4091796875,-7.507323741912842,-0.8555908203125,0.109130859375,0.231201171875
32.036,294,1386,642,765,22.0,23.0,2.0,-10.498045921325684,-23.132322311401367,-9.765625,-0.8385009765625,0.066650390625,0.1695556640625
32.052,308,1488,731,753,22.0,23.0,2.0,-19.04296875,-29.846189498901367,-12.023924827575684,-0.6190185546875,0.0797119140625,0.131591796875
32.074,315,1572,858,820,22.0,25.0,9.0,-22.705076217651367,-36.68212890625,-16.66259765625,-0.6190185546875,0.0797119140625,0.131591796875
32.074,344,1477,933,957,22.0,25.0,9.0,-34.0576171875,-40.161128997802734,-27.282712936401367,-0.3970947265625,0.13720703125,0.123046875
32.082,385,1514,1201,1120,22.0,25.0,9.0,-64.8193359375,-37.17041015625,-45.349117279052734,-0.310791015625,0.0316162109375,-0.00146484375
32.106,414,1568,1323,1213,22.0,25.0,9.0,-110.77880096435547,-27.160642623901367,-64.14794921875,-0.310791015625,0.0316162109375,-0.00146484375
32.106,425,1704,1413,1243,22.0,25.0,9.0,-143.06640625,-14.526366233825684,-69.82421875,-0.5091552734375,-0.1260986328125,0.0908203125
32.110,456,1719,1483,1268,22.0,25.0,9.0,-132.2021484375,-2.929687261581421,-57.922359466552734,-0.8485107421875,0.04443359375,0.2978515625
32.118,484,1711,1602,1490,22.0,25.0,9.0,-94.23827362060547,6.713866710662842,-38.87939453125,-0.8485107421875,0.04443359375,0.2978515625
32.126,479,1815,1655,1509,22.0,25.0,9.0,-70.1904296875,10.986327171325684,-23.620603561401367,-1.0909423828125,0.1876220703125,0.3265380859375
32.142,487,1855,1638,1488,22.0,25.0,9.0,-72.265625,5.981444835662842,-15.747069358825684,-1.4161376953125,0.1490478515625,0.49560546875
32.148,512,1952,1730,1602,22.0,25.0,9.0,-86.42577362060547,-6.591796398162842,-12.023924827575684,-1.4161376953125,0.1490478515625,0.49560546875
32.156,512,1943,1759,1650,27.0,21.0,7.0,-95.33690643310547,-21.362302780151367,-7.812499523162842,-1.5162353515625,0.076904296875,0.6177978515625
32.175,506,2008,1715,1504,27.0,21.0,7.0,-99.67040252685547,-34.7900390625,-3.967284917831421,-1.5787353515625,-0.4527587890625,0.9163818359375
32.179,479,2190,1852,1545,27.0,21.0,7.0,-101.74559783935547,-43.334957122802734,-3.784179449081421,-1.5787353515625,-0.4527587890625,0.9163818359375
32.186,470,2129,1861,1568,27.0,21.0,7.0,-78.06396484375,-41.137691497802734,-5.859374523162842,-1.5225830078125,-0.672607421875,0.8900146484375
32.204,462,2151,1757,1413,27.0,21.0,7.0,-25.573728561401367,-26.916501998901367,-6.286620616912842,-1.44384765625,-0.5418701171875,0.6944580078125
32.215,479,2183,1820,1557,27.0,21.0,7.0,20.812986373901367,-7.446288585662842,-4.7607421875,-1.2977294921875,-0.25439453125,0.5113525390625
32.216,479,2078,1785,1497,27.0,21.0,7.0,40.710445404052734,9.09423828125,-3.784179449081421,-1.257568359375,-0.0244140625,0.4521484375
32.230,484,2024,1704,1440,27.0,21.0,7.0,35.5224609375,19.287109375,-3.234863042831421,-1.3896484375,0.046142578125,0.4393310546875
32.238,468,1997,1779,1557,27.0,21.0,7.0,16.9677734375,24.108884811401367,-2.50244140625,-1.4951171875,0.0067138671875,0.38037109375
32.247,473,1961,1773,1543,27.0,21.0,7.0,2.3193359375,23.742673873901367,-2.13623046875,-1.4583740234375,-0.0596923828125,0.28759765625
32.314,454,1891,1655,1351,26.0,23.0,3.0,-3.295898199081421,20.263669967651367,-2.197265625,-1.3302001953125,-0.11474609375,0.23095703125
32.316,456,1862,1694,1445,26.0,23.0,3.0,-5.126952648162842,17.578125,-1.3427733182907104,-1.2086181640625,-0.0885009765625,0.2353515625
32.317,442,1762,1659,1393,26.0,23.0,3.0,-8.97216796875,16.845703125,2.13623046875,-1.1234130859375,-0.008544921875,0.2691650390625
32.317,430,1608,1584,978,26.0,23.0,3.0,-15.441893577575684,17.08984375,7.202147960662842,-1.061767578125,0.0523681640625,0.2952880859375
32.317,371,1715,1440,895,26.0,23.0,3.0,-22.521970748901367,17.333984375,12.451170921325684,-0.9964599609375,0.0936279296875,0.32275390625
32.317,401,1936,1384,1131,26.0,23.0,3.0,-30.700681686401367,17.08984375,16.78466796875,-0.91357421875,0.1102294921875,0.3585205078125
32.320,378,1416,1416,1116,26.0,23.0,3.0,-39.85595703125,16.90673828125,19.71435546875,-0.8165283203125,0.0760498046875,0.372802734375
32.332,373,1345,1362,1081,26.0,23.0,3.0,-45.593257904052734,18.24951171875,21.057126998901367,-0.71484375,-0.0499267578125,0.370849609375
32.337,359,1326,1303,1005,26.0,23.0,3.0,-44.006343841552734,21.484373092651367,20.141599655151367,-0.6378173828125,-0.236572265625,0.3653564453125
32.381,332,1173,1153,774,26.0,23.0,1.0,-33.69140625,26.306150436401367,18.9208984375,-0.6173095703125,-0.365478515625,0.3304443359375
32.381,334,1156,1134,815,26.0,23.0,1.0,-18.6767578125,32.04345703125,20.01953125,-0.6514892578125,-0.3892822265625,0.263671875
32.386,328,1117,1081,800,26.0,23.0,1.0,-3.906249761581421,36.92626953125,23.071287155151367,-0.7100830078125,-0.3538818359375,0.2032470703125
32.386,318,1078,991,722,26.0,23.0,1.0,9.21630859375,39.12353515625,25.817869186401367,-0.764892578125,-0.3065185546875,0.1595458984375
32.393,318,1095,960,754,26.0,23.0,1.0,21.789548873901367,38.75732421875,28.137205123901367,-0.8035888671875,-0.245361328125,0.1435546875
32.412,316,1067,923,749,26.0,23.0,1.0,33.69140625,35.2783203125,30.944822311401367,-0.8175048828125,-0.151611328125,0.1805419921875
32.412,304,1065,865,733,26.0,23.0,1.0,40.954586029052734,27.099607467651367,33.8134765625,-0.8131103515625,-0.05908203125,0.2408447265625
32.421,306,1103,800,710,26.0,23.0,1.0,41.442867279052734,15.502928733825684,36.68212890625,-0.8079833984375,-0.005859375,0.2720947265625
32.430,280,1104,837,693,26.0,23.0,1.0,40.832515716552734,3.845214605331421,40.222164154052734,-0.808837890625,0.010986328125,0.264892578125
32.440,299,1053,757,647,26.0,23.0,1.0,46.142574310302734,-5.737304210662842,44.738765716552734,-0.815185546875,0.0211181640625,0.24755859375
32.449,299,1055,773,694,25.0,23.0,0.0,56.396480560302734,-13.854979515075684,49.072261810302734,-0.8193359375,0.0318603515625,0.2403564453125
32.456,298,1071,754,689,25.0,23.0,0.0,66.34521484375,-21.301267623901367,51.574703216552734,-0.8199462890625,0.028564453125,0.24853515625
32.481,299,1100,730,644,25.0,23.0,0.0,72.75390625,-27.221677780151367,51.269527435302734,-0.826171875,0.0284423828125,0.269287109375
32.481,298,1103,749,695,25.0,23.0,0.0,74.3408203125,-30.212400436401367,48.706050872802734,-0.837890625,0.052490234375,0.2882080078125
32.487,300,1131,740,695,25.0,23.0,0.0,70.068359375,-30.029294967651367,44.799800872802734,-0.8558349609375,0.097412109375,0.296142578125
32.503,296,1162,714,666,25.0,23.0,0.0,61.096187591552734,-27.038572311401367,40.710445404052734,-0.8824462890625,0.154296875,0.29296875
32.508,300,1184,749,720,25.0,23.0,0.0,48.583980560302734,-22.216794967651367,36.56005859375,-0.9119873046875,0.2015380859375,0.2762451171875
32.517,300,1201,749,723,25.0,23.0,0.0,32.958984375,-16.4794921875,32.40966796875,-0.9329833984375,0.224365234375,0.25146484375
32.530,302,1216,737,683,25.0,23.0,0.0,17.15087890625,-10.742186546325684,28.808591842651367,-0.9317626953125,0.2271728515625,0.233642578125
32.539,300,1225,780,737,25.0,23.0,0.0,4.69970703125,-6.774901866912842,25.756834030151367,-0.91015625,0.2120361328125,0.234619140625
32.553,299,1239,790,648,20.0,26.0,4.0,-2.746581792831421,-5.798339366912842,22.644041061401367,-0.8900146484375,0.1888427734375,0.248779296875
32.560,302,1239,784,695,20.0,26.0,4.0,-6.774901866912842,-6.958007335662842,19.34814453125,-0.891357421875,0.174560546875,0.2679443359375
32.585,305,1243,830,756,20.0,26.0,4.0,-10.620116233825684,-8.6669921875,16.41845703125,-0.9097900390625,0.167236328125,0.2845458984375
32.586,308,1258,846,766,20.0,26.0,4.0,-15.624999046325684,-9.765625,14.648436546325684,-0.93310546875,0.1534423828125,0.2919921875
32.590,306,1274,888,763,20.0,26.0,4.0,-20.141599655151367,-10.314940452575684,14.648436546325684,-0.96240234375,0.1368408203125,0.298095703125
32.599,308,1271,883,764,20.0,26.0,4.0,-23.132322311401367,-10.131834983825684,16.29638671875,-0.9881591796875,0.1279296875,0.306884765625
32.607,306,1278,894,759,20.0,26.0,4.0,-25.634763717651367,-8.9111328125,18.4326171875,-1.0006103515625,0.1214599609375,0.3096923828125
32.625,310,1308,871,695,20.0,26.0,4.0,-28.320310592651367,-6.713866710662842,19.95849609375,-1.0052490234375,0.1097412109375,0.305908203125
32.628,310,1289,902,765,20.0,26.0,4.0,-29.235837936401367,-4.57763671875,20.874021530151367,-1.000732421875,0.09814453125,0.3084716796875
32.637,308,1276,905,766,20.0,26.0,4.0,-27.282712936401367,-3.417968511581421,21.484373092651367,-0.9891357421875,0.095458984375,0.325439453125
32.653,308,1272,859,711,22.0,27.0,6.0,-23.803709030151367,-3.356933355331421,21.667478561401367,-0.9769287109375,0.0950927734375,0.3499755859375
32.659,313,1262,899,762,22.0,27.0,6.0,-20.446775436401367,-3.723144292831421,21.484373092651367,-0.9622802734375,0.0833740234375,0.376708984375
32.666,306,1268,906,750,22.0,27.0,6.0,-16.17431640625,-4.45556640625,20.874021530151367,-0.951904296875,0.068603515625,0.39892578125
32.685,304,1283,871,673,22.0,27.0,6.0,-10.375975608825684,-5.371093273162842,20.202634811401367,-0.958984375,0.0635986328125,0.4027099609375
32.688,306,1292,916,698,22.0,27.0,6.0,-3.967284917831421,-5.493163585662842,20.080564498901367,-0.9764404296875,0.065673828125,0.3863525390625
32.697,302,1276,900,707,22.0,27.0,6.0,-3.967284917831421,-5.493163585662842,20.080564498901367,-0.9879150390625,0.0736083984375,0.3675537109375
32.711,302,1224,853,659,22.0,27.0,6.0,9.765625,-2.868652105331421,20.996091842651367,-0.98583984375,0.0869140625,0.3587646484375
32.719,302,1217,872,689,22.0,27.0,6.0,16.17431640625,-1.03759765625,21.301267623901367,-0.9749755859375,0.0972900390625,0.36181640625
32.731,300,1199,864,682,22.0,27.0,6.0,16.17431640625,-1.03759765625,21.301267623901367,-0.958740234375,0.102783203125,0.3748779296875
32.741,298,1137,802,638,20.0,27.0,6.0,29.357908248901367,2.746581792831421,21.179197311401367,-0.940185546875,0.11279296875,0.3892822265625
32.748,298,1123,815,658,20.0,27.0,6.0,36.68212890625,5.0048828125,20.141599655151367,-0.927978515625,0.1221923828125,0.3931884765625
32.757,294,1104,802,654,20.0,27.0,6.0,36.68212890625,5.0048828125,20.141599655151367,-0.9273681640625,0.1256103515625,0.3800048828125
32.770,294,1055,750,601,20.0,27.0,6.0,49.743648529052734,11.718749046325684,17.76123046875,-0.9293212890625,0.13037109375,0.360107421875
32.788,294,1042,767,625,20.0,27.0,6.0,56.640621185302734,15.319823265075684,17.39501953125,-0.919921875,0.15087890625,0.351806640625
32.790,294,1014,753,636,20.0,27.0,6.0,56.640621185302734,15.319823265075684,17.39501953125,-0.902587890625,0.1806640625,0.34765625
32.800,291,986,720,577,20.0,27.0,6.0,65.4296875,18.98193359375,15.869139671325684,-0.891845703125,0.1961669921875,0.3282470703125
32.809,289,986,725,599,20.0,27.0,6.0,65.3076171875,20.01953125,14.709471702575684,-0.8919677734375,0.196044921875,0.2918701171875
32.816,291,1050,694,578,20.0,27.0,6.0,65.3076171875,20.01953125,14.709471702575684,-0.895263671875,0.2027587890625,0.247314453125
32.839,289,1009,679,540,20.0,27.0,6.0,64.208984375,24.780271530151367,14.099120140075684,-0.896484375,0.234130859375,0.215576171875
32.840,286,1027,665,584,18.0,26.0,5.0,61.950679779052734,26.672361373901367,14.282225608825684,-0.893798828125,0.2723388671875,0.2105712890625
32.847,290,1025,679,582,18.0,26.0,5.0,61.950679779052734,26.672361373901367,14.282225608825684,-0.886474609375,0.2823486328125,0.2208251953125
32.861,277,1175,625,588,18.0,26.0,5.0,46.386714935302734,24.047849655151367,12.939452171325684,-0.873779296875,0.2567138671875,0.2275390625
32.869,280,1034,653,588,18.0,26.0,5.0,36.31591796875,21.789548873901367,10.620116233825684,-0.8516845703125,0.2481689453125,0.205810546875
32.895,280,1039,644,591,18.0,26.0,5.0,36.31591796875,21.789548873901367,10.620116233825684,-0.87890625,0.24609375,0.16845703125
32.895,281,1041,601,568,18.0,26.0,5.0,8.6669921875,22.033689498901367,4.0283203125,-0.9483642578125,0.2064208984375,0.173095703125
32.899,280,1050,619,605,18.0,26.0,5.0,-0.9765624403953552,23.315427780151367,4.57763671875,-0.9725341796875,0.17578125,0.2208251953125
32.906,283,1055,628,603,18.0,26.0,5.0,-0.9765624403953552,23.315427780151367,4.57763671875,-0.9725341796875,0.17578125,0.2208251953125
32.920,280,1067,601,575,18.0,26.0,5.0,7.080077648162842,22.583005905151367,9.21630859375,-0.928955078125,0.22314453125,0.27587890625
32.928,280,1074,621,616,18.0,26.0,5.0,7.080077648162842,22.583005905151367,9.21630859375,-0.9256591796875,0.240966796875,0.26708984375
32.945,282,1081,620,619,17.0,29.0,5.0,10.864256858825684,21.484373092651367,9.94873046875,-0.9256591796875,0.240966796875,0.26708984375
32.950,282,1116,606,571,17.0,29.0,5.0,10.070799827575684,22.338865280151367,9.46044921875,-0.94091796875,0.2325439453125,0.238525390625
32.961,280,1122,628,603,17.0,29.0,5.0,10.070799827575684,22.338865280151367,9.46044921875,-0.9434814453125,0.2335205078125,0.23095703125
32.966,282,1123,625,614,17.0,29.0,5.0,9.94873046875,23.193357467651367,9.82666015625,-0.9434814453125,0.2335205078125,0.23095703125
32.993,286,1138,594,582,17.0,29.0,5.0,12.573241233825684,24.414060592651367,10.375975608825684,-0.93798828125,0.2388916015625,0.2242431640625
32.994,280,1148,617,625,17.0,29.0,5.0,12.573241233825684,24.414060592651367,10.375975608825684,-0.9378662109375,0.240966796875,0.22119140625
32.997,282,1163,619,625,17.0,29.0,5.0,13.183592796325684,25.573728561401367,9.82666015625,-0.9378662109375,0.240966796875,0.22119140625
33.010,281,1148,586,594,17.0,29.0,5.0,10.986327171325684,28.808591842651367,9.033203125,-0.941650390625,0.2286376953125,0.2105712890625
