time,compression0,compression1,compression2,compression3,magn_x,magn_y,magn_z,gyro_x,gyro_y,gyro_z,accel_x,accel_y,accel_z
0.002,308,452,419,310,-3.0,40.0,45.0,0.2441406100988388,0.8544921278953552,0.54931640625,-0.921875,0.3681640625,0.0201416015625
0.002,309,452,419,309,-3.0,40.0,45.0,0.0610351525247097,0.9155272841453552,0.4272460639476776,-0.92236328125,0.3681640625,0.02001953125
0.002,309,452,419,310,-3.0,40.0,45.0,0.0610351525247097,0.9155272841453552,0.2441406100988388,-0.9228515625,0.367919921875,0.0203857421875
0.003,310,437,419,310,-3.0,40.0,45.0,0.1220703050494194,0.8544921278953552,0.1220703050494194,-0.9224853515625,0.367431640625,0.0216064453125
0.016,310,454,420,310,-3.0,40.0,45.0,0.30517578125,0.7934569716453552,0.0,-0.9212646484375,0.3665771484375,0.0234375
0.024,308,454,420,310,-3.0,40.0,45.0,0.54931640625,0.6713866591453552,-0.0610351525247097,-0.9217529296875,0.36669921875,0.0230712890625
0.036,310,452,419,310,-3.0,40.0,45.0,0.6103515625,0.6103515625,-0.1831054538488388,-0.923095703125,0.367919921875,0.020751953125
0.046,307,452,419,309,-3.0,40.0,45.0,0.4882812201976776,0.4882812201976776,-0.3662109076976776,-0.9228515625,0.3662109375,0.0201416015625
0.054,310,453,420,310,-3.0,40.0,45.0,0.30517578125,0.54931640625,-0.4882812201976776,-0.9228515625,0.3662109375,0.0201416015625
0.066,310,454,419,309,-3.0,40.0,45.0,0.30517578125,0.7324218153953552,-0.4272460639476776,-0.923583984375,0.365966796875,0.0208740234375
0.094,308,454,417,310,-3.0,39.0,35.0,0.3662109076976776,0.7934569716453552,-0.1831054538488388,-0.9246826171875,0.362548828125,0.021484375
0.096,308,454,420,310,-3.0,39.0,35.0,0.6103515625,0.6103515625,0.0610351525247097,-0.9246826171875,0.362548828125,0.021484375
0.096,296,439,420,310,-3.0,39.0,35.0,0.9765624403953552,0.30517578125,0.2441406100988388,-0.9241943359375,0.3642578125,0.0211181640625
0.114,308,453,420,309,-3.0,39.0,35.0,1.15966796875,0.1220703050494194,0.30517578125,-0.921630859375,0.3717041015625,0.0218505859375
0.114,298,452,402,310,-3.0,39.0,35.0,1.0986328125,0.2441406100988388,0.1831054538488388,-0.921630859375,0.3717041015625,0.0218505859375
0.122,310,452,420,310,-3.0,39.0,35.0,1.03759765625,0.4272460639476776,0.0,-0.9215087890625,0.3720703125,0.0224609375
0.139,310,454,419,310,-3.0,39.0,35.0,1.0986328125,0.4882812201976776,-0.2441406100988388,-0.9248046875,0.3721923828125,0.0224609375
0.145,309,452,419,310,-3.0,39.0,35.0,1.4648436307907104,0.4882812201976776,-0.54931640625,-0.9248046875,0.3721923828125,0.0224609375
0.152,310,452,419,310,-3.0,39.0,35.0,1.8920897245407104,0.4882812201976776,-0.8544921278953552,-0.9276123046875,0.3721923828125,0.02099609375
0.169,310,452,419,309,-2.0,40.0,38.0,2.3193359375,0.54931640625,-1.03759765625,-0.9295654296875,0.368896484375,0.018310546875
0.175,309,451,415,309,-2.0,40.0,38.0,2.563476324081421,0.54931640625,-1.0986328125,-0.9281005859375,0.366455078125,0.0186767578125
0.192,309,447,417,310,-2.0,40.0,38.0,2.868652105331421,0.4882812201976776,-0.9765624403953552,-0.9281005859375,0.366455078125,0.0186767578125
0.200,308,451,411,310,-2.0,40.0,38.0,3.601073980331421,0.1831054538488388,-0.8544921278953552,-0.92529296875,0.36572265625,0.018310546875
0.212,310,449,415,310,-2.0,40.0,38.0,3.601073980331421,0.1831054538488388,-0.8544921278953552,-0.9239501953125,0.36669921875,0.0189208984375
0.216,309,449,415,310,-2.0,40.0,38.0,4.08935546875,-0.1220703050494194,-0.9765624403953552,-0.9239501953125,0.36669921875,0.0189208984375
0.263,308,447,411,310,-2.0,40.0,38.0,5.126952648162842,-0.7934569716453552,-1.4648436307907104,-0.921630859375,0.3662109375,0.022216796875
0.263,310,447,411,310,-2.0,40.0,38.0,5.126952648162842,-0.7934569716453552,-1.4648436307907104,-0.921875,0.365966796875,0.024658203125
0.263,298,447,410,310,-2.0,40.0,38.0,5.737304210662842,-1.15966796875,-1.7089842557907104,-0.921875,0.365966796875,0.024658203125
0.263,308,444,408,310,-2.0,40.0,38.0,7.446288585662842,-1.6479490995407104,-2.01416015625,-0.92626953125,0.3671875,0.021240234375
0.273,310,442,407,308,-2.0,39.0,44.0,7.446288585662842,-1.6479490995407104,-2.01416015625,-0.9293212890625,0.3670654296875,0.0181884765625
0.275,310,444,407,308,-2.0,39.0,44.0,7.995604991912842,-1.5869139432907104,-1.9531248807907104,-0.9293212890625,0.3670654296875,0.0181884765625
0.301,309,441,402,310,-2.0,39.0,44.0,9.21630859375,-1.9531248807907104,-2.0751953125,-0.9305419921875,0.3734130859375,0.0159912109375
0.302,310,441,402,308,-2.0,39.0,44.0,9.21630859375,-1.9531248807907104,-2.0751953125,-0.927490234375,0.3726806640625,0.0167236328125
0.302,297,444,402,310,-2.0,39.0,44.0,10.131834983825684,-2.563476324081421,-2.624511480331421,-0.927490234375,0.3726806640625,0.0167236328125
0.316,310,441,402,310,-2.0,39.0,44.0,11.108397483825684,-3.845214605331421,-3.479003667831421,-0.920166015625,0.363525390625,0.0152587890625
0.324,310,439,402,309,-2.0,39.0,44.0,10.864256858825684,-4.33349609375,-3.479003667831421,-0.9171142578125,0.3602294921875,0.0133056640625
0.345,310,439,402,311,-2.0,39.0,44.0,10.864256858825684,-4.33349609375,-3.479003667831421,-0.916015625,0.360107421875,0.0091552734375
0.346,296,439,401,298,-2.0,39.0,44.0,10.253905296325684,-5.065917491912842,-2.990722417831421,-0.9176025390625,0.3599853515625,0.0052490234375
0.354,308,439,402,310,-2.0,39.0,44.0,9.765625,-5.615233898162842,-2.807616949081421,-0.92138671875,0.35791015625,0.005615234375
0.374,309,439,399,310,-3.0,39.0,41.0,9.765625,-5.615233898162842,-2.807616949081421,-0.9261474609375,0.3603515625,0.007080078125
0.377,309,439,402,310,-3.0,39.0,41.0,10.070799827575684,-7.812499523162842,-3.295898199081421,-0.930908203125,0.3690185546875,0.0050048828125
0.390,310,439,399,310,-3.0,39.0,41.0,10.314940452575684,-8.6669921875,-4.08935546875,-0.9329833984375,0.375,0.001708984375
0.405,308,438,401,310,-3.0,39.0,41.0,10.314940452575684,-8.6669921875,-4.08935546875,-0.9310302734375,0.37548828125,0.000732421875
0.407,308,438,399,310,-3.0,39.0,41.0,9.46044921875,-9.8876953125,-6.286620616912842,-0.9256591796875,0.372314453125,0.0040283203125
0.414,310,438,396,310,-3.0,39.0,41.0,8.85009765625,-10.437010765075684,-7.202147960662842,-0.920166015625,0.3660888671875,0.009521484375
0.422,308,437,402,310,-3.0,39.0,41.0,8.85009765625,-10.437010765075684,-7.202147960662842,-0.9176025390625,0.35888671875,0.01123046875
0.438,308,438,400,309,-3.0,39.0,41.0,6.469726085662842,-11.230467796325684,-7.751464366912842,-0.91796875,0.35205078125,0.01123046875
0.453,310,437,401,309,-3.0,39.0,41.0,4.69970703125,-11.474608421325684,-7.507323741912842,-0.9183349609375,0.3463134765625,0.015625
0.453,308,439,407,310,-3.0,39.0,41.0,4.69970703125,-11.474608421325684,-7.507323741912842,-0.9183349609375,0.3406982421875,0.0230712890625
0.480,310,439,401,309,-3.0,39.0,41.0,3.112792730331421,-12.939452171325684,-6.896972179412842,-0.920654296875,0.336669921875,0.0289306640625
0.481,309,441,402,310,-3.0,39.0,41.0,3.417968511581421,-14.099120140075684,-6.713866710662842,-0.92626953125,0.3343505859375,0.03173828125
0.482,308,440,402,310,-3.0,39.0,41.0,3.845214605331421,-15.014647483825684,-6.408690929412842,-0.93017578125,0.3348388671875,0.0325927734375
0.504,308,441,406,310,-3.0,39.0,41.0,4.21142578125,-15.319823265075684,-5.920409679412842,-0.92919921875,0.338134765625,0.03173828125
0.505,309,441,407,310,-3.0,39.0,41.0,4.39453125,-15.197752952575684,-5.615233898162842,-0.92724609375,0.33984375,0.032958984375
0.512,310,441,409,310,-3.0,39.0,41.0,4.39453125,-15.136717796325684,-5.493163585662842,-0.9263916015625,0.34033203125,0.0404052734375
0.527,308,441,408,310,-3.0,39.0,41.0,4.21142578125,-15.197752952575684,-5.371093273162842,-0.923583984375,0.3463134765625,0.04931640625
0.534,310,444,408,312,-3.0,39.0,41.0,4.08935546875,-15.380858421325684,-5.249022960662842,-0.919921875,0.3526611328125,0.0560302734375
0.548,310,447,408,309,-3.0,39.0,41.0,4.45556640625,-15.930174827575684,-5.432128429412842,-0.919677734375,0.35205078125,0.0596923828125
0.563,308,444,410,309,-3.0,39.0,41.0,5.554198741912842,-16.9677734375,-5.859374523162842,-0.9232177734375,0.351806640625,0.055419921875
0.566,310,444,410,312,-3.0,36.0,41.0,7.141112804412842,-17.9443359375,-6.225585460662842,-0.9302978515625,0.35498046875,0.0439453125
0.586,310,449,411,310,-3.0,36.0,41.0,8.4228515625,-18.49365234375,-6.469726085662842,-0.93798828125,0.35693359375,0.033447265625
0.589,309,427,411,311,-3.0,36.0,41.0,8.60595703125,-18.5546875,-6.347655773162842,-0.9444580078125,0.35400390625,0.0299072265625
0.609,309,447,411,310,-3.0,36.0,41.0,7.446288585662842,-18.24951171875,-5.981444835662842,-0.949462890625,0.3453369140625,0.0343017578125
0.609,309,428,411,310,-3.0,36.0,41.0,5.310058116912842,-17.822265625,-5.432128429412842,-0.951171875,0.333251953125,0.0478515625
0.617,310,444,415,310,-3.0,36.0,41.0,3.173827886581421,-17.4560546875,-4.57763671875,-0.9471435546875,0.3192138671875,0.0721435546875
0.624,308,442,414,310,-3.0,36.0,41.0,2.0751953125,-17.51708984375,-3.479003667831421,-0.937744140625,0.306884765625,0.0955810546875
0.633,309,447,415,310,-3.0,36.0,41.0,3.051757574081421,-18.37158203125,-2.25830078125,-0.928466796875,0.3096923828125,0.1014404296875
0.651,310,447,415,310,-3.0,36.0,41.0,4.8828125,-19.47021484375,-0.9155272841453552,-0.9239501953125,0.3277587890625,0.0908203125
0.655,308,444,415,310,-3.0,36.0,41.0,5.981444835662842,-19.95849609375,0.30517578125,-0.92626953125,0.34423828125,0.0760498046875
0.663,310,444,414,310,-2.0,37.0,46.0,5.554198741912842,-19.22607421875,1.4648436307907104,-0.93701171875,0.3482666015625,0.06884765625
0.710,310,439,413,310,-2.0,37.0,46.0,3.784179449081421,-17.63916015625,2.563476324081421,-0.9515380859375,0.338623046875,0.0738525390625
0.711,310,419,411,308,-2.0,37.0,46.0,1.3427733182907104,-15.808104515075684,4.150390625,-0.9566650390625,0.321533203125,0.0877685546875
0.712,310,430,411,309,-2.0,37.0,46.0,-1.2817381620407104,-13.793944358825684,6.652831554412842,-0.9495849609375,0.31005859375,0.0992431640625
0.712,294,419,411,310,-2.0,37.0,46.0,-4.21142578125,-11.718749046325684,9.94873046875,-0.9410400390625,0.31494140625,0.10107421875
0.715,310,414,410,310,-2.0,37.0,46.0,-8.1787109375,-9.21630859375,13.427733421325684,-0.9315185546875,0.328125,0.093017578125
0.722,310,410,411,310,-2.0,37.0,46.0,-14.221190452575684,-5.737304210662842,16.90673828125,-0.91455078125,0.32958984375,0.074462890625
0.736,309,407,414,310,-2.0,37.0,46.0,-23.193357467651367,-1.4038084745407104,20.812986373901367,-0.885009765625,0.3121337890625,0.0638427734375
0.745,310,408,419,308,-2.0,37.0,46.0,-33.935546875,2.197265625,25.512693405151367,-0.8428955078125,0.27490234375,0.0858154296875
0.753,310,411,419,310,-2.0,37.0,46.0,-43.090816497802734,3.479003667831421,30.639646530151367,-0.80810546875,0.2230224609375,0.1217041015625
0.766,310,426,414,309,-2.0,36.0,44.0,-47.058101654052734,1.3427733182907104,36.376953125,-0.7596435546875,0.17236328125,0.1590576171875
0.774,310,447,426,310,-2.0,36.0,44.0,-42.785640716552734,-5.371093273162842,42.419429779052734,-0.5623779296875,0.0931396484375,0.1326904296875
0.814,309,479,438,311,-2.0,36.0,44.0,-28.747556686401367,-20.263669967651367,45.227046966552734,-0.1802978515625,-0.0889892578125,0.074951171875
0.815,309,519,454,311,-2.0,36.0,44.0,0.1220703050494194,-48.889156341552734,44.494625091552734,0.875,-0.4053955078125,0.1097412109375
0.815,308,547,467,309,-2.0,36.0,44.0,51.818843841552734,-83.37401580810547,43.518062591552734,0.875,-0.4053955078125,0.1097412109375
0.816,310,592,496,311,-2.0,36.0,44.0,114.07469940185547,-96.92382049560547,37.65869140625,0.9898681640625,-0.298828125,-0.1041259765625
0.827,309,676,614,311,-2.0,36.0,44.0,139.404296875,-87.46337127685547,21.484373092651367,-0.5745849609375,0.8841552734375,-0.2344970703125
0.834,310,729,654,310,-2.0,36.0,44.0,100.95214080810547,-73.42529296875,-3.967284917831421,-0.5745849609375,0.8841552734375,-0.2344970703125
0.847,310,781,710,310,-2.0,36.0,44.0,32.40966796875,-49.621578216552734,-30.822751998901367,-1.569580078125,1.333740234375,-0.2611083984375
0.856,308,853,873,310,-2.0,36.0,44.0,-45.532222747802734,-18.9208984375,-38.330078125,-2.4136962890625,1.8062744140625,0.138671875
0.867,310,877,966,311,-1.0,34.0,48.0,-142.822265625,-2.563476324081421,-19.95849609375,-2.4136962890625,1.8062744140625,0.138671875
0.873,310,902,998,312,-1.0,34.0,48.0,-221.92381286621094,-7.995604991912842,-4.638671875,-2.2933349609375,0.8328857421875,1.076416015625
0.886,310,877,858,311,-1.0,34.0,48.0,-211.60887145996094,-21.972654342651367,-8.11767578125,-1.9957275390625,-0.8594970703125,1.327392578125
0.910,310,867,830,310,-1.0,34.0,48.0,-98.44969940185547,-23.681638717651367,-5.0048828125,-1.9957275390625,-0.8594970703125,1.327392578125
0.913,310,873,853,312,-1.0,34.0,48.0,54.199214935302734,-10.681151390075684,17.15087890625,-1.3616943359375,-0.069091796875,0.4862060546875
0.916,310,865,853,311,-1.0,34.0,48.0,154.96826171875,4.2724609375,30.090330123901367,-1.4244384765625,1.58740234375,-0.4415283203125
0.926,310,860,858,312,-1.0,34.0,48.0,145.69091796875,16.29638671875,18.37158203125,-1.4244384765625,1.58740234375,-0.4415283203125
0.932,310,846,865,311,-1.0,34.0,48.0,57.434078216552734,22.705076217651367,-2.197265625,-1.789794921875,1.3046875,-0.2628173828125
0.946,310,810,848,310,-1.0,34.0,48.0,-43.212886810302734,7.568358898162842,-19.10400390625,-1.6707763671875,0.37451171875,0.1630859375
0.958,308,785,799,312,-1.0,34.0,48.0,-43.212886810302734,7.568358898162842,-19.10400390625,-1.484130859375,0.44287109375,0.134765625
0.962,310,754,755,312,-3.0,35.0,43.0,-25.939939498901367,-3.967284917831421,-15.747069358825684,-1.484130859375,0.44287109375,0.134765625
0.977,310,689,693,310,-3.0,35.0,43.0,7.446288585662842,-8.6669921875,-7.812499523162842,-0.999267578125,0.6326904296875,0.2213134765625
0.986,311,651,662,310,-3.0,35.0,43.0,7.446288585662842,-8.6669921875,-7.812499523162842,-0.759765625,0.4803466796875,0.3577880859375
0.992,310,621,616,310,-3.0,35.0,43.0,2.929687261581421,-5.310058116912842,-10.742186546325684,-0.759765625,0.4803466796875,0.3577880859375
1.022,309,566,561,310,-3.0,35.0,43.0,-9.765625,13.183592796325684,-18.85986328125,-0.4873046875,0.211181640625,0.3167724609375
1.022,310,540,537,310,-3.0,35.0,43.0,-9.765625,13.183592796325684,-18.85986328125,-0.4185791015625,0.0955810546875,0.2325439453125
1.023,310,523,522,311,-3.0,35.0,43.0,-10.498045921325684,20.629880905151367,-20.507810592651367,-0.4185791015625,0.0955810546875,0.2325439453125
1.036,309,488,504,310,-3.0,35.0,43.0,2.25830078125,23.864744186401367,-29.663084030151367,-0.4346923828125,-0.1171875,0.185546875
1.044,309,473,497,309,-3.0,35.0,43.0,2.25830078125,23.864744186401367,-29.663084030151367,-0.539306640625,-0.0960693359375,0.1265869140625
1.053,310,465,491,310,-3.0,35.0,43.0,13.427733421325684,25.207517623901367,-32.53173828125,-0.539306640625,-0.0960693359375,0.1265869140625
1.066,310,447,488,309,-3.0,36.0,42.0,34.48486328125,27.526853561401367,-22.216794967651367,-0.6048583984375,0.1239013671875,0.0491943359375
1.074,309,439,485,311,-3.0,36.0,42.0,34.48486328125,27.526853561401367,-22.216794967651367,-0.5987548828125,0.253662109375,0.091552734375
1.090,310,438,477,310,-3.0,36.0,42.0,39.12353515625,23.376462936401367,-14.282225608825684,-0.5987548828125,0.253662109375,0.091552734375
1.096,308,433,473,311,-3.0,36.0,42.0,23.803709030151367,15.441893577575684,-3.417968511581421,-0.675048828125,0.429931640625,0.114501953125
1.112,310,425,465,310,-3.0,36.0,42.0,12.329100608825684,15.075682640075684,-1.5258787870407104,-0.7364501953125,0.4737548828125,0.10107421875
1.127,310,424,473,310,-3.0,36.0,42.0,12.329100608825684,15.075682640075684,-1.5258787870407104,-0.8118896484375,0.4888916015625,0.0902099609375
1.128,308,423,477,309,-3.0,36.0,42.0,-0.7324218153953552,11.901854515075684,-3.173827886581421,-0.874755859375,0.4658203125,0.0745849609375
1.134,309,418,481,308,-3.0,36.0,42.0,-0.8544921278953552,9.033203125,-7.751464366912842,-0.914306640625,0.4072265625,0.0552978515625
1.142,309,415,481,310,-3.0,36.0,42.0,-0.8544921278953552,9.033203125,-7.751464366912842,-0.9404296875,0.3487548828125,0.0560302734375
1.159,310,414,484,309,-6.0,37.0,42.0,3.540038824081421,0.9765624403953552,-15.380858421325684,-0.946044921875,0.317626953125,0.09130859375
1.165,309,411,485,311,-6.0,37.0,42.0,5.371093273162842,-3.601073980331421,-15.624999046325684,-0.9326171875,0.3106689453125,0.1309814453125
1.172,310,410,493,309,-6.0,37.0,42.0,5.371093273162842,-3.601073980331421,-15.624999046325684,-0.9144287109375,0.3131103515625,0.14599609375
1.192,309,408,494,309,-6.0,37.0,42.0,5.981444835662842,-6.225585460662842,-13.183592796325684,-0.90185546875,0.3040771484375,0.1353759765625
1.194,308,408,497,309,-6.0,37.0,42.0,4.33349609375,-5.310058116912842,-10.864256858825684,-0.8934326171875,0.28369140625,0.1175537109375
1.225,310,409,496,310,-6.0,37.0,42.0,4.33349609375,-5.310058116912842,-10.864256858825684,-0.875,0.2554931640625,0.1043701171875
1.225,310,414,508,310,-6.0,37.0,42.0,-4.8828125,-3.051757574081421,-1.4038084745407104,-0.8416748046875,0.205078125,0.0765380859375
1.226,308,420,502,310,-6.0,37.0,42.0,-12.939452171325684,-2.01416015625,7.263183116912842,-0.8006591796875,0.1527099609375,0.0294189453125
1.240,310,430,509,310,-6.0,37.0,42.0,-12.939452171325684,-2.01416015625,7.263183116912842,-0.721435546875,0.1077880859375,-0.00341796875
1.246,310,465,519,310,-6.0,37.0,42.0,-36.0107421875,-5.615233898162842,34.11865234375,-0.54736328125,0.0274658203125,-0.03369140625
1.255,308,499,509,310,-4.0,36.0,49.0,-44.555660247802734,-11.718749046325684,47.851558685302734,-0.222412109375,-0.113525390625,-0.0548095703125
1.265,310,538,502,310,-4.0,36.0,49.0,-45.471187591552734,-24.658201217651367,57.373043060302734,0.2576904296875,-0.267333984375,-0.08935546875
1.278,310,607,548,310,-4.0,36.0,49.0,-33.75244140625,-45.898433685302734,59.875484466552734,0.74267578125,-0.339599609375,-0.1142578125
1.284,309,660,628,310,-4.0,36.0,49.0,-2.929687261581421,-71.10595703125,52.368160247802734,0.96142578125,-0.24853515625,-0.0791015625
1.294,310,714,731,310,-4.0,36.0,49.0,34.912109375,-87.58544158935547,31.738279342651367,0.636962890625,0.1258544921875,0.079345703125
1.306,310,823,856,311,-4.0,36.0,49.0,46.081539154052734,-85.57128143310547,0.8544921278953552,-0.1776123046875,0.58544921875,0.33837890625
1.332,311,873,933,311,-4.0,36.0,49.0,20.385740280151367,-62.194820404052734,-27.832029342651367,-1.168701171875,0.976806640625,0.392578125
1.333,310,920,1037,311,-4.0,36.0,49.0,-29.418943405151367,-26.062009811401367,-33.14208984375,-2.051513671875,1.54248046875,0.1580810546875
1.336,310,981,1206,310,-4.0,36.0,49.0,-94.23827362060547,-2.197265625,-14.709471702575684,-2.5,1.6556396484375,0.2919921875
1.345,310,1013,1251,312,-4.0,36.0,49.0,-144.1650390625,-5.798339366912842,-3.356933355331421,-2.57666015625,0.6995849609375,0.9520263671875
1.378,310,1000,1175,310,-4.0,36.0,49.0,-136.04736328125,-16.357421875,-2.44140625,-2.687744140625,-0.2205810546875,1.29541015625
1.380,311,982,1022,311,0.0,33.0,48.0,-61.828609466552734,-11.474608421325684,16.17431640625,-2.3521728515625,-0.28662109375,1.0850830078125
1.384,310,971,1003,312,0.0,33.0,48.0,42.907711029052734,4.0283203125,39.85595703125,-1.384033203125,0.105712890625,0.6129150390625
1.385,310,974,1014,311,0.0,33.0,48.0,117.12645721435547,20.385740280151367,37.353515625,-0.8046875,0.7950439453125,0.130859375
1.396,310,971,1000,311,0.0,33.0,48.0,115.05126190185547,32.5927734375,15.624999046325684,-1.1033935546875,1.34423828125,-0.1695556640625
1.405,310,959,996,312,0.0,33.0,48.0,54.809566497802734,39.61181640625,-5.310058116912842,-1.7451171875,1.315673828125,-0.1640625
1.416,310,943,987,311,0.0,33.0,48.0,-5.859374523162842,37.353515625,-16.78466796875,-2.0438232421875,0.903564453125,0.0826416015625
1.433,310,889,955,310,0.0,33.0,48.0,-31.188962936401367,25.634763717651367,-19.04296875,-1.95703125,0.5303955078125,0.283935546875
1.436,310,834,895,311,0.0,33.0,48.0,-23.742673873901367,13.610838890075684,-15.380858421325684,-1.7684326171875,0.4488525390625,0.32763671875
1.443,310,813,827,311,0.0,33.0,48.0,-3.967284917831421,8.72802734375,-11.108397483825684,-1.5750732421875,0.4891357421875,0.279296875
1.458,310,731,691,310,-2.0,34.0,40.0,14.831542015075684,10.803221702575684,-8.36181640625,-1.337890625,0.5477294921875,0.215576171875
1.470,310,691,616,310,-2.0,34.0,40.0,25.634763717651367,14.892577171325684,-4.5166015625,-1.0245361328125,0.5609130859375,0.2030029296875
1.472,310,648,559,310,-2.0,34.0,40.0,25.390623092651367,17.2119140625,-1.8920897245407104,-0.685546875,0.4443359375,0.2464599609375
1.487,310,588,525,310,-2.0,34.0,40.0,18.5546875,19.10400390625,-4.82177734375,-0.41259765625,0.268798828125,0.2523193359375
1.500,311,545,509,310,-2.0,34.0,40.0,11.413573265075684,23.071287155151367,-12.817381858825684,-0.2550048828125,0.105712890625,0.212646484375
1.502,310,514,488,311,-2.0,34.0,40.0,7.385253429412842,28.015134811401367,-23.681638717651367,-0.194580078125,-0.0565185546875,0.2059326171875
1.516,309,465,473,309,-2.0,34.0,40.0,9.521484375,32.28759765625,-34.60693359375,-0.2210693359375,-0.193603515625,0.2283935546875
1.525,310,437,475,310,-2.0,34.0,40.0,20.996091842651367,35.400390625,-42.175289154052734,-0.348388671875,-0.21337890625,0.1605224609375
1.545,310,411,467,310,-2.0,34.0,40.0,39.9169921875,38.51318359375,-43.762203216552734,-0.4996337890625,-0.087158203125,-0.006103515625
1.546,310,398,440,310,-2.0,34.0,40.0,56.274410247802734,38.26904296875,-38.9404296875,-0.585693359375,0.1536865234375,-0.0899658203125
1.554,309,394,430,310,-1.0,36.0,43.0,57.678218841552734,29.907224655151367,-29.052732467651367,-0.6092529296875,0.3895263671875,-0.0445556640625
1.562,310,391,406,310,-1.0,36.0,43.0,45.043941497802734,19.71435546875,-18.49365234375,-0.612060546875,0.4833984375,0.021728515625
1.579,310,377,394,310,-1.0,36.0,43.0,28.564451217651367,15.930174827575684,-11.169432640075684,-0.7178955078125,0.44580078125,0.084228515625
1.584,309,368,398,309,-1.0,36.0,43.0,13.427733421325684,15.930174827575684,-6.225585460662842,-0.7178955078125,0.44580078125,0.084228515625
1.593,310,363,396,311,-1.0,36.0,43.0,2.746581792831421,14.404295921325684,-3.662109136581421,-0.771728515625,0.3876953125,0.10595703125
1.606,310,357,395,310,-1.0,36.0,43.0,-0.6103515625,10.742186546325684,-4.82177734375,-0.847900390625,0.3016357421875,0.1019287109375
1.619,310,356,396,308,-1.0,36.0,43.0,1.5869139432907104,5.981444835662842,-8.7890625,-0.847900390625,0.3016357421875,0.1019287109375
1.633,308,355,402,310,-1.0,36.0,43.0,5.981444835662842,0.7324218153953552,-12.268065452575684,-0.876953125,0.2984619140625,0.092529296875
1.644,309,359,414,310,-1.0,36.0,43.0,11.169432640075684,-4.39453125,-13.732909202575684,-0.875732421875,0.24951171875,0.063232421875
1.645,309,362,431,308,-1.0,36.0,43.0,15.380858421325684,-8.72802734375,-12.756346702575684,-0.875732421875,0.24951171875,0.063232421875
1.652,310,364,439,310,-4.0,34.0,44.0,14.831542015075684,-12.207030296325684,-9.27734375,-0.87109375,0.2149658203125,0.0430908203125
1.666,310,371,467,310,-4.0,34.0,44.0,8.1787109375,-14.404295921325684,-4.08935546875,-0.862548828125,0.1590576171875,0.04638671875
1.675,310,377,481,310,-4.0,34.0,44.0,-1.6479490995407104,-14.465331077575684,2.0751953125,-0.862548828125,0.1590576171875,0.04638671875
1.682,308,381,493,309,-4.0,34.0,44.0,-11.657713890075684,-12.573241233825684,9.8876953125,-0.835205078125,0.131591796875,0.034912109375
1.741,310,400,519,310,-4.0,34.0,44.0,-21.484373092651367,-10.070799827575684,20.629880905151367,-0.7745361328125,0.09716796875,-0.0855712890625
1.772,310,410,530,310,-4.0,34.0,44.0,-33.3251953125,-7.934569835662842,35.0341796875,-0.7257080078125,0.0704345703125,-0.1046142578125
1.848,310,423,535,311,-4.0,34.0,44.0,-47.912593841552734,-6.652831554412842,52.856441497802734,-0.7257080078125,0.0704345703125,-0.1046142578125
1.848,309,504,535,310,-4.0,34.0,44.0,-57.617183685302734,-14.038084983825684,87.70751190185547,-0.1353759765625,-0.0694580078125,-0.066162109375
1.859,311,549,540,310,-4.0,34.0,44.0,-57.617183685302734,-14.038084983825684,87.70751190185547,0.352783203125,-0.068359375,0.1253662109375
1.871,309,593,574,311,-4.0,34.0,44.0,-42.419429779052734,-32.77587890625,87.46337127685547,0.352783203125,-0.068359375,0.1253662109375
1.876,310,675,758,310,-4.0,35.0,46.0,45.349117279052734,-86.18163299560547,30.334470748901367,0.95361328125,0.1290283203125,0.1270751953125
1.876,311,730,845,311,-4.0,35.0,46.0,45.349117279052734,-86.18163299560547,30.334470748901367,0.68408203125,0.39501953125,0.005859375
1.890,311,790,918,310,-4.0,35.0,46.0,84.41161346435547,-96.43553924560547,-9.58251953125,0.68408203125,0.39501953125,0.005859375
1.890,310,884,1064,311,-4.0,35.0,46.0,-22.583005905151367,-55.419918060302734,-23.681638717651367,-1.4171142578125,1.4166259765625,-0.1044921875
1.896,310,918,1243,312,-4.0,35.0,46.0,-22.583005905151367,-55.419918060302734,-23.681638717651367,-2.4608154296875,1.76416015625,0.072998046875
1.897,310,955,1377,312,-4.0,35.0,46.0,-119.32372283935547,-23.498533248901367,-1.4648436307907104,-2.4608154296875,1.76416015625,0.072998046875
1.897,310,994,1452,312,-4.0,35.0,46.0,-215.02684020996094,-28.808591842651367,21.118162155151367,-2.8385009765625,-0.3759765625,1.6123046875
1.897,310,986,1380,312,-4.0,35.0,46.0,-215.02684020996094,-28.808591842651367,21.118162155151367,-2.746826171875,-0.7088623046875,1.483642578125
1.898,310,982,1315,312,-4.0,35.0,46.0,-137.939453125,-35.888671875,34.1796875,-2.746826171875,-0.7088623046875,1.483642578125
1.899,310,960,1196,310,-4.0,35.0,46.0,124.20653533935547,11.291502952575684,59.936519622802734,-0.922607421875,0.7467041015625,0.2855224609375
1.899,309,957,1162,315,-4.0,34.0,48.0,143.5546875,36.7431640625,33.87451171875,-0.646484375,1.2388916015625,-0.0626220703125
1.899,310,957,1183,312,-4.0,34.0,48.0,143.5546875,36.7431640625,33.87451171875,-0.98876953125,1.246337890625,-0.1695556640625
1.899,311,943,1183,312,-4.0,34.0,48.0,21.484373092651367,46.325679779052734,-15.136717796325684,-1.652587890625,1.140869140625,-0.1043701171875
1.902,310,927,1175,310,-4.0,34.0,48.0,-19.53125,38.6962890625,-20.507810592651367,-2.071044921875,0.98876953125,0.1063232421875
1.916,312,901,1162,312,-4.0,34.0,48.0,-19.53125,38.6962890625,-20.507810592651367,-2.002685546875,0.686767578125,0.3331298828125
1.917,310,832,1122,311,-4.0,34.0,48.0,-30.456541061401367,12.939452171325684,-18.37158203125,-1.737060546875,0.5225830078125,0.4354248046875
1.917,310,806,1065,312,-4.0,34.0,48.0,-8.36181640625,9.33837890625,-20.141599655151367,-1.49072265625,0.4925537109375,0.4095458984375
1.947,311,766,982,312,-4.0,34.0,48.0,-8.36181640625,9.33837890625,-20.141599655151367,-1.278076171875,0.4881591796875,0.321044921875
1.948,310,688,827,311,-4.0,34.0,48.0,29.602048873901367,20.507810592651367,-23.132322311401367,-1.052490234375,0.5081787109375,0.230224609375
1.950,311,644,757,311,-4.0,34.0,48.0,34.36279296875,23.864744186401367,-18.61572265625,-0.8243408203125,0.4755859375,0.200439453125
1.953,312,601,683,311,-2.0,34.0,43.0,34.36279296875,23.864744186401367,-18.61572265625,-0.64208984375,0.368408203125,0.20556640625
1.966,310,525,594,311,-2.0,34.0,43.0,21.118162155151367,25.634763717651367,-18.798828125,-0.513427734375,0.22021484375,0.20166015625
1.982,310,497,566,311,-2.0,34.0,43.0,16.05224609375,30.212400436401367,-24.414060592651367,-0.421630859375,0.006591796875,0.241455078125
1.983,310,449,523,310,-2.0,34.0,43.0,16.05224609375,30.212400436401367,-24.414060592651367,-0.372802734375,-0.2491455078125,0.3289794921875
1.997,310,402,490,310,-2.0,34.0,43.0,35.5224609375,38.330078125,-38.818359375,-0.435791015625,-0.3748779296875,0.324951171875
2.005,310,379,435,308,-2.0,34.0,43.0,63.720699310302734,41.198726654052734,-38.87939453125,-0.535400390625,-0.2596435546875,0.2052001953125
2.013,310,355,391,309,-2.0,34.0,43.0,92.52928924560547,38.4521484375,-31.005857467651367,-0.5657958984375,0.0052490234375,0.0784912109375
2.040,310,342,323,310,-2.0,34.0,43.0,106.38426971435547,25.390623092651367,-18.00537109375,-0.5760498046875,0.2418212890625,0.0050048828125
2.040,309,336,328,310,-2.0,34.0,43.0,108.09325408935547,11.779784202575684,-7.385253429412842,-0.550537109375,0.1741943359375,-0.0557861328125
2.042,310,329,327,310,-2.0,34.0,43.0,118.10301971435547,17.578125,-14.404295921325684,-0.5159912109375,-0.0225830078125,-0.14599609375
2.057,308,327,331,310,-6.0,38.0,42.0,137.451171875,34.5458984375,-32.5927734375,-0.4794921875,0.11474609375,-0.291015625
2.071,310,331,338,310,-6.0,38.0,42.0,137.39013671875,37.841796875,-41.625972747802734,-0.4940185546875,0.567138671875,-0.463623046875
2.074,310,336,338,310,-6.0,38.0,42.0,91.79686737060547,33.38623046875,-41.503902435302734,-0.5958251953125,0.8663330078125,-0.3797607421875
2.086,308,337,339,310,-6.0,38.0,42.0,24.230955123901367,31.005857467651367,-37.9638671875,-0.63916015625,0.7470703125,-0.0001220703125
2.095,310,332,369,310,-6.0,38.0,42.0,-14.160155296325684,23.620603561401367,-34.72900390625,-0.6280517578125,0.5341796875,0.3045654296875
2.102,310,340,401,308,-6.0,38.0,42.0,-13.366698265075684,11.901854515075684,-31.066892623901367,-0.670654296875,0.4613037109375,0.3504638671875
2.116,311,357,420,309,-6.0,38.0,42.0,-1.5258787870407104,5.676269054412842,-23.437498092651367,-0.7431640625,0.4150390625,0.25341796875
2.144,310,356,434,310,-6.0,38.0,42.0,2.746581792831421,8.056640625,-13.671874046325684,-0.7745361328125,0.33544921875,0.146728515625
2.144,310,357,439,310,-6.0,38.0,42.0,-0.7324218153953552,13.610838890075684,-5.0048828125,-0.79833984375,0.2628173828125,0.065673828125
2.146,307,367,444,310,-6.0,38.0,42.0,-9.09423828125,16.9677734375,1.8920897245407104,-0.874267578125,0.2293701171875,0.014404296875
2.155,310,374,447,310,-5.0,35.0,48.0,-19.34814453125,15.563963890075684,8.7890625,-0.9920654296875,0.245361328125,-0.0189208984375
2.163,309,380,447,310,-5.0,35.0,48.0,-28.869626998901367,11.962889671325684,17.578125,-1.083740234375,0.2581787109375,-0.044677734375
2.178,309,395,452,310,-5.0,35.0,48.0,-36.4990234375,10.070799827575684,27.832029342651367,-1.116455078125,0.236328125,-0.0714111328125
2.187,310,396,454,310,-5.0,35.0,48.0,-41.809078216552734,8.97216796875,38.51318359375,-1.09716796875,0.2091064453125,-0.0987548828125
2.192,310,396,465,310,-5.0,35.0,48.0,-45.410152435302734,6.713866710662842,49.011226654052734,-1.0380859375,0.2171630859375,-0.1300048828125
2.206,310,407,467,312,-5.0,35.0,48.0,-49.682613372802734,3.784179449081421,57.495113372802734,-0.9542236328125,0.251708984375,-0.15185546875
2.216,310,411,447,310,-5.0,35.0,48.0,-57.434078216552734,1.9531248807907104,62.438961029052734,-0.8885498046875,0.2703857421875,-0.141357421875
2.222,310,428,481,310,-5.0,35.0,48.0,-67.7490234375,0.7934569716453552,66.5283203125,-0.7982177734375,0.22509765625,-0.118896484375
2.254,309,481,578,310,-5.0,35.0,48.0,-74.76806640625,-3.417968511581421,73.1201171875,-0.5035400390625,0.1268310546875,-0.1322021484375
2.260,310,519,593,312,-5.0,35.0,48.0,-79.833984375,-15.808104515075684,75.62255859375,0.0213623046875,0.0426025390625,-0.0748291015625
2.263,309,547,647,311,-5.0,36.0,41.0,-88.98925018310547,-36.0107421875,61.157222747802734,0.517333984375,-0.093017578125,0.152099609375
2.267,310,634,823,311,-5.0,36.0,41.0,-89.84374237060547,-54.748531341552734,29.296873092651367,0.7962646484375,-0.1798095703125,0.3712158203125
2.274,310,689,916,312,-5.0,36.0,41.0,-63.903804779052734,-62.316890716552734,-9.8876953125,0.7459716796875,0.052734375,0.392333984375
2.289,310,739,948,312,-5.0,36.0,41.0,-29.479978561401367,-59.814449310302734,-46.264644622802734,0.2314453125,0.5091552734375,0.235107421875
2.298,309,833,1050,312,-5.0,36.0,41.0,-22.216794967651367,-54.138179779052734,-62.622066497802734,-0.6973876953125,1.111083984375,0.028564453125
2.319,310,864,1137,312,-5.0,36.0,41.0,-43.395992279052734,-50.476070404052734,-50.231929779052734,-1.7264404296875,1.78125,-0.0198974609375
2.322,311,873,1268,311,-5.0,36.0,41.0,-79.4677734375,-52.673336029052734,-25.756834030151367,-2.3203125,1.7060546875,0.483642578125
2.349,310,916,1309,312,-5.0,36.0,41.0,-114.01366424560547,-61.157222747802734,-9.8876953125,-2.8160400390625,-0.7872314453125,1.3431396484375
2.349,309,888,1237,312,-5.0,36.0,41.0,-99.36522674560547,-54.748531341552734,-4.94384765625,-2.8160400390625,-0.7872314453125,1.3431396484375
2.350,312,874,1196,298,-5.0,36.0,41.0,-11.657713890075684,-22.827146530151367,10.498045921325684,-2.7293701171875,-0.704833984375,0.752685546875
2.358,308,853,1153,312,-3.0,35.0,39.0,94.60448455810547,11.474608421325684,39.55078125,-0.8924560546875,0.9814453125,-0.2664794921875
2.367,311,858,1145,312,-3.0,35.0,39.0,143.9208984375,33.3251953125,49.865718841552734,-0.8924560546875,0.9814453125,-0.2664794921875
2.373,310,848,1140,312,-3.0,35.0,39.0,105.65184783935547,41.870113372802734,31.799314498901367,-1.0611572265625,1.6451416015625,-0.348388671875
2.389,311,826,1122,312,-3.0,35.0,39.0,20.690916061401367,39.1845703125,5.310058116912842,-1.9976806640625,0.9892578125,0.0828857421875
2.394,311,809,1101,312,-3.0,35.0,39.0,-43.518062591552734,25.939939498901367,-13.916014671325684,-1.9976806640625,0.9892578125,0.0828857421875
2.403,310,772,1071,313,-3.0,35.0,39.0,-56.152339935302734,6.774901866912842,-21.911619186401367,-1.8692626953125,0.507568359375,0.3250732421875
2.421,311,710,1000,310,-3.0,35.0,39.0,-30.090330123901367,-4.57763671875,-24.108884811401367,-1.4739990234375,0.510498046875,0.2552490234375
2.424,310,662,943,312,-3.0,35.0,39.0,3.112792730331421,-1.8920897245407104,-26.794431686401367,-1.4739990234375,0.510498046875,0.2552490234375
2.444,310,622,867,312,-3.0,35.0,39.0,23.193357467651367,8.60595703125,-28.198240280151367,-1.29833984375,0.60546875,0.13623046875
2.447,310,548,757,310,-2.0,36.0,47.0,26.428220748901367,16.41845703125,-24.353025436401367,-0.7115478515625,0.419189453125,0.190185546875
2.455,297,485,685,313,-2.0,36.0,47.0,20.080564498901367,18.12744140625,-20.01953125,-0.7115478515625,0.419189453125,0.190185546875
2.462,310,465,666,310,-2.0,36.0,47.0,15.014647483825684,20.202634811401367,-21.057126998901367,-0.4505615234375,0.2366943359375,0.2318115234375
2.478,311,407,594,310,-2.0,36.0,47.0,24.475095748901367,30.822751998901367,-40.832515716552734,-0.162353515625,-0.134521484375,0.304443359375
2.485,310,395,568,310,-2.0,36.0,47.0,24.475095748901367,30.822751998901367,-40.832515716552734,-0.17724609375,-0.2305908203125,0.3233642578125
2.501,309,369,543,310,-2.0,36.0,47.0,39.55078125,33.50830078125,-52.185054779052734,-0.17724609375,-0.2305908203125,0.3233642578125
2.507,310,364,512,310,-2.0,36.0,47.0,79.9560546875,40.10009765625,-55.664058685302734,-0.3558349609375,-0.0333251953125,-0.034423828125
2.514,310,360,506,310,-2.0,36.0,47.0,79.9560546875,40.10009765625,-55.664058685302734,-0.4498291015625,0.259765625,-0.1329345703125
2.523,310,354,493,310,-2.0,36.0,47.0,88.56200408935547,35.7666015625,-49.926753997802734,-0.4498291015625,0.259765625,-0.1329345703125
2.537,310,357,468,308,-2.0,36.0,47.0,41.931148529052734,16.54052734375,-26.916501998901367,-0.6114501953125,0.5589599609375,0.0069580078125
2.549,310,356,465,310,-5.0,39.0,41.0,41.931148529052734,16.54052734375,-26.916501998901367,-0.653564453125,0.5006103515625,0.0408935546875
2.553,309,353,452,310,-5.0,39.0,41.0,10.559081077575684,20.01953125,-15.686034202575684,-0.653564453125,0.5006103515625,0.0408935546875
2.566,310,353,452,310,-5.0,39.0,41.0,-23.925779342651367,27.526853561401367,-12.817381858825684,-0.8140869140625,0.2205810546875,0.0345458984375
2.574,310,352,452,310,-5.0,39.0,41.0,-23.925779342651367,27.526853561401367,-12.817381858825684,-0.9227294921875,0.1444091796875,-0.026611328125
2.582,311,353,456,309,-5.0,39.0,41.0,-23.986814498901367,22.521970748901367,-16.2353515625,-0.9227294921875,0.1444091796875,-0.026611328125
2.606,309,354,479,310,-5.0,39.0,41.0,-12.268065452575684,3.417968511581421,-10.437010765075684,-1.01318359375,0.1778564453125,-0.06201171875
2.606,295,352,483,310,-5.0,39.0,41.0,-12.268065452575684,3.417968511581421,-10.437010765075684,-0.983154296875,0.214111328125,-0.012451171875
2.612,310,354,493,310,-5.0,39.0,41.0,-6.469726085662842,-6.042479991912842,-3.784179449081421,-0.93310546875,0.244384765625,0.064697265625
2.626,308,357,499,310,-5.0,39.0,41.0,-7.141112804412842,-15.502928733825684,6.652831554412842,-0.887939453125,0.252197265625,0.1275634765625
2.634,310,357,509,311,-5.0,39.0,41.0,-9.8876953125,-14.343260765075684,9.46044921875,-0.85595703125,0.243408203125,0.1497802734375
2.661,309,359,510,310,-5.0,39.0,41.0,-9.8876953125,-14.343260765075684,9.46044921875,-0.8363037109375,0.231689453125,0.13916015625
2.661,308,360,519,310,-1.0,36.0,51.0,-13.732909202575684,-9.521484375,16.7236328125,-0.8275146484375,0.2257080078125,0.1036376953125
2.665,310,360,527,310,-1.0,36.0,51.0,-17.4560546875,-8.1787109375,22.644041061401367,-0.821533203125,0.2410888671875,0.0555419921875
2.672,309,359,543,310,-1.0,36.0,51.0,-17.4560546875,-8.1787109375,22.644041061401367,-0.8111572265625,0.258056640625,0.0146484375
2.686,310,368,579,310,-1.0,36.0,51.0,-38.02490234375,-5.676269054412842,39.36767578125,-0.7589111328125,0.234375,-0.0284423828125
2.712,309,386,588,310,-1.0,36.0,51.0,-53.771968841552734,-4.69970703125,49.865718841552734,-0.58056640625,0.1610107421875,-0.1334228515625
2.713,310,415,619,310,-1.0,36.0,51.0,-53.771968841552734,-4.69970703125,49.865718841552734,-0.2054443359375,0.0494384765625,-0.233642578125
2.729,310,477,710,311,-1.0,36.0,51.0,-86.60887908935547,-21.606443405151367,59.692378997802734,0.3037109375,-0.0799560546875,-0.1978759765625
2.729,310,506,785,312,-1.0,36.0,51.0,-92.89550018310547,-42.663570404052734,48.339839935302734,0.7039794921875,-0.135009765625,-0.07958984375
2.732,310,549,918,312,-1.0,36.0,51.0,-92.89550018310547,-42.663570404052734,48.339839935302734,0.7991943359375,0.1265869140625,0.001953125
2.758,311,633,1132,312,0.0,34.0,41.0,-44.799800872802734,-68.359375,-11.352538108825684,0.492919921875,0.58056640625,0.071533203125
2.759,310,714,1236,312,0.0,34.0,41.0,-35.5224609375,-72.44873046875,-50.781246185302734,-0.16650390625,0.77587890625,0.1558837890625
2.762,310,778,1348,312,0.0,34.0,41.0,-35.5224609375,-72.44873046875,-50.781246185302734,-1.1461181640625,0.892333984375,0.1959228515625
2.778,310,873,1508,312,0.0,34.0,41.0,-82.21434783935547,-57.434078216552734,-72.021484375,-2.1971435546875,0.9951171875,0.3658447265625
2.784,310,910,1578,311,0.0,34.0,41.0,-129.45556640625,-60.607906341552734,-40.588375091552734,-2.7509765625,0.3719482421875,0.856689453125
2.792,310,927,1619,312,0.0,34.0,41.0,-131.77490234375,-59.326168060302734,-8.30078125,-2.9127197265625,-0.4144287109375,1.2005615234375
2.821,310,893,1518,311,0.0,34.0,41.0,-53.527828216552734,-39.73388671875,25.512693405151367,-2.974609375,-0.37109375,1.0672607421875
2.831,311,878,1471,312,0.0,34.0,41.0,44.006343841552734,-16.05224609375,64.5751953125,-2.2369384765625,-0.046875,0.769287109375
2.832,310,861,1415,313,0.0,34.0,41.0,113.52538299560547,6.774901866912842,76.47705078125,-1.0543212890625,0.4097900390625,0.4879150390625
2.837,310,861,1401,313,0.0,34.0,41.0,138.671875,29.602048873901367,53.527828216552734,-0.683349609375,1.123046875,0.1732177734375
2.864,310,858,1401,312,-1.0,36.0,43.0,102.23387908935547,45.349117279052734,22.094724655151367,-1.219970703125,1.5230712890625,-0.1396484375
2.864,310,840,1387,312,-1.0,36.0,43.0,30.639646530151367,46.691890716552734,0.1831054538488388,-1.9404296875,1.3033447265625,-0.2042236328125
2.867,310,803,1365,313,-1.0,36.0,43.0,-24.658201217651367,31.738279342651367,-8.1787109375,-2.1474609375,0.758056640625,0.023681640625
2.878,312,780,1325,312,-1.0,36.0,43.0,-36.1328125,11.962889671325684,-9.1552734375,-1.9423828125,0.4117431640625,0.2618408203125
2.885,310,751,1271,312,-1.0,36.0,43.0,-16.78466796875,0.54931640625,-8.97216796875,-1.66455078125,0.3668212890625,0.3258056640625
2.904,310,677,1133,311,-1.0,36.0,43.0,8.11767578125,0.1220703050494194,-8.97216796875,-1.401611328125,0.459716796875,0.2652587890625
2.911,311,632,1050,311,-1.0,36.0,43.0,23.437498092651367,5.126952648162842,-4.94384765625,-1.1187744140625,0.5211181640625,0.2216796875
2.921,310,583,966,309,-1.0,36.0,43.0,25.329587936401367,9.765625,1.7089842557907104,-0.8167724609375,0.41064453125,0.261474609375
2.937,310,518,838,311,-1.0,36.0,43.0,20.812986373901367,14.038084983825684,3.906249761581421,-0.546630859375,0.2276611328125,0.30859375
2.937,309,481,809,311,-1.0,36.0,43.0,21.179197311401367,18.9208984375,-1.4648436307907104,-0.3489990234375,0.093505859375,0.2890625
2.960,311,451,778,311,-2.0,37.0,46.0,32.3486328125,22.827146530151367,-14.221190452575684,-0.245849609375,0.0185546875,0.22314453125
2.961,310,408,710,310,-2.0,37.0,46.0,47.973628997802734,24.230955123901367,-30.578611373901367,-0.2374267578125,-0.033203125,0.175048828125
2.965,310,398,673,310,-2.0,37.0,46.0,58.105464935302734,24.047849655151367,-43.273921966552734,-0.2958984375,-0.084228515625,0.1453857421875
2.976,310,371,658,310,-2.0,37.0,46.0,65.12451171875,25.390623092651367,-46.203609466552734,-0.40087890625,-0.0517578125,0.050048828125
2.988,310,368,629,310,-2.0,37.0,46.0,72.69287109375,27.893064498901367,-39.794921875,-0.5013427734375,0.088623046875,-0.083740234375
2.996,310,359,593,309,-2.0,37.0,46.0,74.27978515625,26.611326217651367,-30.578611373901367,-0.5594482421875,0.2396240234375,-0.122314453125
3.006,309,356,566,310,-2.0,37.0,46.0,66.0400390625,19.95849609375,-22.338865280151367,-0.595458984375,0.3388671875,-0.0369873046875
3.019,308,363,558,310,-2.0,37.0,46.0,53.833003997802734,12.451170921325684,-14.343260765075684,-0.620361328125,0.414794921875,0.0611572265625
3.043,310,360,563,312,-2.0,37.0,46.0,42.114253997802734,6.896972179412842,-7.202147960662842,-0.6485595703125,0.474609375,0.093017578125
3.044,310,363,566,311,-2.0,37.0,46.0,29.357908248901367,3.295898199081421,-4.5166015625,-0.700927734375,0.4820556640625,0.082763671875
3.064,310,367,574,310,-2.0,36.0,48.0,16.54052734375,1.8310545682907104,-6.958007335662842,-0.7945556640625,0.44189453125,0.047119140625
3.064,310,353,579,310,-2.0,36.0,48.0,6.835937023162842,1.8310545682907104,-10.681151390075684,-0.896240234375,0.3701171875,-0.0013427734375
3.064,309,367,585,310,-2.0,36.0,48.0,0.0610351525247097,1.0986328125,-11.718749046325684,-0.9468994140625,0.280029296875,-0.0169677734375
3.078,310,373,590,310,-2.0,36.0,48.0,-6.225585460662842,-1.6479490995407104,-8.544921875,-0.9410400390625,0.20263671875,0.0263671875
3.087,310,373,592,310,-2.0,36.0,48.0,-12.695311546325684,-5.0048828125,-2.0751953125,-0.91015625,0.1561279296875,0.0921630859375
3.092,310,379,590,311,-2.0,36.0,48.0,-18.12744140625,-6.530761241912842,6.225585460662842,-0.8846435546875,0.129150390625,0.127685546875
3.109,310,379,587,310,-2.0,36.0,48.0,-21.118162155151367,-6.286620616912842,16.2353515625,-0.8436279296875,0.1190185546875,0.0972900390625
3.118,310,382,588,311,-2.0,36.0,48.0,-22.949216842651367,-6.042479991912842,28.625486373901367,-0.8436279296875,0.1190185546875,0.0972900390625
3.124,310,384,594,310,-2.0,36.0,48.0,-26.916501998901367,-6.835937023162842,43.395992279052734,-0.8233642578125,0.13525390625,0.071044921875
3.145,310,396,601,310,-2.0,36.0,48.0,-35.82763671875,-8.1787109375,60.363765716552734,-0.76220703125,0.143798828125,0.1134033203125
3.145,310,414,590,298,-4.0,37.0,43.0,-49.194332122802734,-9.3994140625,78.79638671875,-0.76220703125,0.143798828125,0.1134033203125
3.165,310,430,607,310,-4.0,37.0,43.0,-59.387203216552734,-13.244627952575684,95.21483612060547,-0.578369140625,0.05419921875,0.1180419921875
3.167,310,483,630,310,-4.0,37.0,43.0,-55.480953216552734,-22.705076217651367,102.11180877685547,0.435302734375,-0.1787109375,0.1109619140625
3.174,310,533,710,312,-4.0,37.0,43.0,-30.212400436401367,-35.7666015625,90.27098846435547,0.435302734375,-0.1787109375,0.1109619140625
3.184,310,576,796,311,-4.0,37.0,43.0,18.61572265625,-44.738765716552734,54.077144622802734,0.911376953125,-0.1356201171875,0.082275390625
3.203,310,662,987,311,-4.0,37.0,43.0,73.66943359375,-43.762203216552734,-1.15966796875,0.4615478515625,0.572998046875,-0.3690185546875
3.210,310,741,1089,312,-4.0,37.0,43.0,87.64647674560547,-39.24560546875,-51.940914154052734,0.4615478515625,0.572998046875,-0.3690185546875
3.217,310,799,1206,311,-4.0,37.0,43.0,34.11865234375,-36.19384765625,-71.6552734375,-0.5140380859375,0.979736328125,-0.443359375
3.226,311,879,1413,312,-4.0,37.0,43.0,-60.607906341552734,-31.677244186401367,-53.405757904052734,-2.5982666015625,1.758056640625,0.3685302734375
3.249,310,916,1521,312,-4.0,37.0,43.0,-163.39109802246094,-42.663570404052734,-16.845703125,-2.7335205078125,0.4598388671875,1.4315185546875
3.249,310,939,1528,312,0.0,33.0,47.0,-231.26219177246094,-72.6318359375,6.286620616912842,-2.7335205078125,0.4598388671875,1.4315185546875
3.271,310,917,1345,310,0.0,33.0,47.0,-46.997066497802734,-45.471187591552734,27.954099655151367,-2.482177734375,-0.7574462890625,1.45458984375
3.271,310,912,1281,312,0.0,33.0,47.0,-46.997066497802734,-45.471187591552734,27.954099655151367,-1.582763671875,0.0328369140625,0.6173095703125
3.273,312,891,1231,312,0.0,33.0,47.0,117.61473846435547,-2.3193359375,55.358882904052734,-1.582763671875,0.0328369140625,0.6173095703125
3.288,308,895,1225,312,0.0,33.0,47.0,169.61668395996094,55.175777435302734,37.53662109375,-0.9287109375,1.5272216796875,-0.516357421875
3.296,312,889,1211,299,0.0,33.0,47.0,169.61668395996094,55.175777435302734,37.53662109375,-1.44384765625,1.4439697265625,-0.4161376953125
3.304,311,885,1198,310,0.0,33.0,47.0,63.232418060302734,52.856441497802734,9.8876953125,-1.44384765625,1.4439697265625,-0.4161376953125
3.317,312,859,1162,311,0.0,33.0,47.0,-66.83349609375,12.207030296325684,-9.46044921875,-1.9345703125,0.6448974609375,0.346923828125
3.324,311,833,1129,313,0.0,33.0,47.0,-66.83349609375,12.207030296325684,-9.46044921875,-1.72998046875,0.5020751953125,0.49951171875
3.332,310,803,1078,312,0.0,33.0,47.0,-53.405757904052734,-1.8920897245407104,-8.30078125,-1.72998046875,0.5020751953125,0.49951171875
3.350,310,744,968,311,-4.0,37.0,44.0,6.286620616912842,4.5166015625,-12.634276390075684,-1.36669921875,0.511474609375,0.3553466796875
3.354,310,700,884,312,-4.0,37.0,44.0,6.286620616912842,4.5166015625,-12.634276390075684,-1.207275390625,0.4710693359375,0.21533203125
3.382,310,660,809,312,-4.0,37.0,44.0,24.108884811401367,12.817381858825684,-16.17431640625,-1.207275390625,0.4710693359375,0.21533203125
3.382,311,592,716,312,-4.0,37.0,44.0,35.5224609375,15.319823265075684,-9.8876953125,-0.656005859375,0.4429931640625,0.1409912109375
3.385,310,535,697,310,-4.0,37.0,44.0,30.639646530151367,12.756346702575684,-14.465331077575684,-0.3258056640625,0.3133544921875,0.1689453125
3.393,311,523,676,312,-4.0,37.0,44.0,30.639646530151367,12.756346702575684,-14.465331077575684,-0.1297607421875,0.2283935546875,0.1400146484375
3.406,310,457,666,311,-4.0,37.0,44.0,20.874021530151367,17.7001953125,-45.532222747802734,-0.108642578125,0.19091796875,0.118408203125
3.416,310,434,640,310,-4.0,37.0,44.0,14.221190452575684,20.446775436401367,-58.410640716552734,-0.18896484375,0.1126708984375,0.15087890625
3.422,311,419,622,311,-4.0,37.0,44.0,14.221190452575684,20.446775436401367,-58.410640716552734,-0.3331298828125,0.0318603515625,0.1832275390625
3.436,308,396,582,310,-4.0,37.0,44.0,17.2119140625,22.827146530151367,-63.476558685302734,-0.4869384765625,0.052001953125,0.126953125
3.444,310,386,576,312,-2.0,35.0,43.0,26.855466842651367,22.216794967651367,-56.335445404052734,-0.605712890625,0.1463623046875,0.0206298828125
3.476,310,379,562,309,-2.0,35.0,43.0,26.855466842651367,22.216794967651367,-56.335445404052734,-0.6795654296875,0.2286376953125,-0.0089111328125
3.477,310,379,542,310,-2.0,35.0,43.0,28.991697311401367,13.183592796325684,-40.893550872802734,-0.702880859375,0.251953125,0.0419921875
3.477,310,369,525,310,-2.0,35.0,43.0,26.672361373901367,9.521484375,-32.77587890625,-0.7139892578125,0.2757568359375,0.0943603515625
3.483,310,381,533,311,-2.0,35.0,43.0,26.672361373901367,9.521484375,-32.77587890625,-0.7259521484375,0.322509765625,0.10986328125
3.497,310,384,536,311,-2.0,35.0,43.0,22.888181686401367,3.417968511581421,-18.61572265625,-0.759765625,0.3370361328125,0.0965576171875
3.507,308,391,535,312,-2.0,35.0,43.0,14.587401390075684,2.13623046875,-16.357421875,-0.8350830078125,0.3192138671875,0.0760498046875
3.519,310,385,543,310,-2.0,35.0,43.0,14.587401390075684,2.13623046875,-16.357421875,-0.918212890625,0.2977294921875,0.0615234375
3.526,310,386,548,311,-2.0,35.0,43.0,-3.234863042831421,3.295898199081421,-10.009765625,-0.9658203125,0.2677001953125,0.0601806640625
3.534,310,386,557,310,-2.0,35.0,43.0,-8.7890625,2.25830078125,-4.94384765625,-0.97509765625,0.227294921875,0.0775146484375
3.550,310,384,558,313,-2.0,37.0,46.0,-12.573241233825684,-0.2441406100988388,1.0986328125,-0.9603271484375,0.1871337890625,0.1080322265625
3.578,310,383,561,310,-2.0,37.0,46.0,-15.197752952575684,-1.8920897245407104,8.544921875,-0.935302734375,0.165771484375,0.1302490234375
3.578,309,383,561,311,-2.0,37.0,46.0,-16.4794921875,-1.8310545682907104,17.333984375,-0.902587890625,0.16748046875,0.1348876953125
3.578,297,371,562,310,-2.0,37.0,46.0,-17.578125,-1.4648436307907104,27.343748092651367,-0.862060546875,0.1827392578125,0.126220703125
3.588,310,385,576,310,-2.0,37.0,46.0,-20.935056686401367,-1.6479490995407104,38.4521484375,-0.83740234375,0.210693359375,0.1033935546875
3.596,309,393,582,310,-2.0,37.0,46.0,-29.663084030151367,-1.03759765625,50.964351654052734,-0.8277587890625,0.2479248046875,0.0794677734375
3.605,310,396,607,310,-2.0,37.0,46.0,-45.349117279052734,0.9155272841453552,64.697265625,-0.7576904296875,0.2591552734375,0.10302734375
3.621,310,427,628,310,-2.0,37.0,46.0,-60.913082122802734,-0.4272460639476776,76.11083984375,-0.525390625,0.15673828125,0.1400146484375
3.625,310,463,621,310,-2.0,37.0,46.0,-61.584468841552734,-9.58251953125,80.01708984375,-0.0926513671875,-0.1160888671875,0.14306640625
3.633,310,506,622,311,-2.0,37.0,46.0,-35.400390625,-25.085447311401367,71.2890625,0.4710693359375,-0.4378662109375,0.1605224609375
3.650,310,586,748,311,-6.0,35.0,46.0,25.329587936401367,-42.419429779052734,44.372554779052734,1.0205078125,-0.512939453125,0.1414794921875
3.655,308,634,869,312,-6.0,35.0,46.0,106.44530487060547,-53.222652435302734,-2.3193359375,1.170654296875,-0.0660400390625,-0.09716796875
3.687,309,695,948,312,-6.0,35.0,46.0,146.78955078125,-51.879878997802734,-51.879878997802734,0.632080078125,0.5325927734375,-0.4190673828125
3.687,308,827,1145,299,-6.0,35.0,46.0,93.13964080810547,-44.677730560302734,-74.03564453125,-0.47900390625,1.0889892578125,-0.604736328125
3.688,311,882,1280,312,-6.0,35.0,46.0,-25.695798873901367,-32.1044921875,-55.969234466552734,-1.863525390625,1.92919921875,-0.5465087890625
3.693,310,932,1416,312,-6.0,35.0,46.0,-153.62548828125,-33.75244140625,-26.245115280151367,-2.743408203125,2.0306396484375,0.200439453125
3.706,310,974,1492,312,-6.0,35.0,46.0,-238.83055114746094,-63.232418060302734,-19.10400390625,-2.806884765625,0.5452880859375,1.3739013671875
3.726,310,951,1393,312,-6.0,35.0,46.0,-208.86228942871094,-77.1484375,-22.888181686401367,-2.744873046875,-0.9365234375,1.953369140625
3.726,296,944,1309,310,-6.0,35.0,46.0,-54.687496185302734,-52.185054779052734,-2.25830078125,-2.5487060546875,-1.0030517578125,1.6046142578125
3.737,310,922,1216,310,-3.0,35.0,46.0,126.89208221435547,-9.46044921875,37.29248046875,-1.639404296875,-0.2349853515625,0.7315673828125
3.752,311,922,1206,312,-3.0,35.0,46.0,227.29490661621094,34.85107421875,53.283687591552734,-0.87890625,0.7786865234375,-0.121337890625
3.752,310,927,1213,312,-3.0,35.0,46.0,196.59422302246094,60.791011810302734,39.0625,-1.0394287109375,1.476318359375,-0.5703125
3.787,310,918,1204,311,-3.0,35.0,46.0,79.833984375,55.053707122802734,16.845703125,-1.5877685546875,1.39013671875,-0.49951171875
3.789,310,906,1196,311,-3.0,35.0,46.0,-23.620603561401367,30.334470748901367,1.4038084745407104,-1.9559326171875,0.9595947265625,-0.1016845703125
3.789,310,861,1153,312,-3.0,35.0,46.0,-64.02587890625,5.310058116912842,-3.906249761581421,-1.9129638671875,0.636474609375,0.282958984375
3.796,310,832,1147,312,-3.0,35.0,46.0,-55.297847747802734,-8.4228515625,-6.408690929412842,-1.7027587890625,0.5615234375,0.441162109375
3.805,310,805,1091,312,-3.0,35.0,46.0,-29.418943405151367,-8.544921875,-10.498045921325684,-1.5411376953125,0.59521484375,0.4189453125
3.814,310,765,1039,312,-3.0,35.0,46.0,-5.798339366912842,-1.8920897245407104,-15.441893577575684,-1.4017333984375,0.5389404296875,0.3541259765625
3.831,311,689,910,311,-3.0,35.0,46.0,12.329100608825684,5.187987804412842,-17.822265625,-1.2313232421875,0.466796875,0.2581787109375
3.836,310,642,823,312,-3.0,35.0,46.0,23.986814498901367,10.925292015075684,-15.197752952575684,-1.0107421875,0.4986572265625,0.155029296875
3.842,310,601,766,310,-3.0,34.0,46.0,23.681638717651367,13.671874046325684,-10.803221702575684,-0.7213134765625,0.4921875,0.1492919921875
3.856,310,531,721,310,-3.0,34.0,46.0,13.671874046325684,14.160155296325684,-12.573241233825684,-0.1904296875,0.2647705078125,0.17822265625
3.865,310,493,738,311,-3.0,34.0,46.0,4.82177734375,15.747069358825684,-24.475095748901367,-0.1904296875,0.2647705078125,0.17822265625
3.891,310,452,684,296,-3.0,34.0,46.0,2.197265625,18.4326171875,-43.334957122802734,-0.11669921875,0.150146484375,0.1588134765625
3.891,310,411,646,312,-3.0,34.0,46.0,2.807616949081421,20.629880905151367,-61.462398529052734,-0.267333984375,-0.1058349609375,0.2237548828125
3.895,310,391,636,310,-3.0,34.0,46.0,6.896972179412842,22.460935592651367,-70.73974609375,-0.267333984375,-0.1058349609375,0.2237548828125
3.903,310,372,631,312,-3.0,34.0,46.0,17.08984375,24.841306686401367,-67.81005859375,-0.415771484375,-0.0723876953125,0.16748046875
3.917,310,367,612,310,-3.0,34.0,46.0,29.052732467651367,28.747556686401367,-57.922359466552734,-0.619140625,0.113525390625,-0.016845703125
3.927,309,356,601,310,-3.0,34.0,46.0,34.36279296875,29.907224655151367,-47.180171966552734,-0.619140625,0.113525390625,-0.016845703125
3.933,308,354,592,310,-3.0,34.0,46.0,31.616209030151367,24.658201217651367,-35.5224609375,-0.6802978515625,0.1717529296875,0.01318359375
3.946,310,349,548,310,-5.0,33.0,44.0,26.428220748901367,17.08984375,-22.277830123901367,-0.7587890625,0.2711181640625,0.08544921875
3.956,309,353,554,310,-5.0,33.0,44.0,21.484373092651367,11.962889671325684,-10.131834983825684,-0.7587890625,0.2711181640625,0.08544921875
3.962,307,356,547,311,-5.0,33.0,44.0,14.343260765075684,9.70458984375,-1.5258787870407104,-0.8101806640625,0.2906494140625,0.10009765625
3.990,310,357,543,310,-5.0,33.0,44.0,5.0048828125,9.033203125,3.479003667831421,-0.9381103515625,0.2767333984375,0.114013671875
3.990,310,360,538,309,-5.0,33.0,44.0,-3.845214605331421,9.09423828125,5.920409679412842,-0.96875,0.2532958984375,0.1090087890625
3.993,309,364,538,310,-5.0,33.0,44.0,-9.765625,8.85009765625,7.141112804412842,-0.96875,0.2532958984375,0.1090087890625
4.006,310,370,530,310,-5.0,33.0,44.0,-12.023924827575684,5.065917491912842,12.207030296325684,-0.932373046875,0.21142578125,0.1326904296875
4.015,310,371,529,310,-5.0,33.0,44.0,-12.023924827575684,5.065917491912842,12.207030296325684,-0.9112548828125,0.209716796875,0.1593017578125
4.030,308,371,525,310,-5.0,33.0,44.0,-11.413573265075684,3.601073980331421,17.51708984375,-0.9112548828125,0.209716796875,0.1593017578125
4.037,310,371,523,310,-2.0,33.0,51.0,-14.282225608825684,6.286620616912842,32.16552734375,-0.90283203125,0.21630859375,0.111572265625
4.045,308,371,523,310,-2.0,33.0,51.0,-14.282225608825684,6.286620616912842,32.16552734375,-0.906494140625,0.20751953125,0.084716796875
4.063,310,368,527,310,-2.0,33.0,51.0,-21.850584030151367,7.507323741912842,42.541500091552734,-0.906494140625,0.20751953125,0.084716796875
4.067,309,371,537,310,-2.0,33.0,51.0,-44.616695404052734,7.812499523162842,70.61767578125,-0.903076171875,0.197265625,0.138427734375
4.094,310,371,545,310,-2.0,33.0,51.0,-44.616695404052734,7.812499523162842,70.61767578125,-0.8741455078125,0.1695556640625,0.1873779296875
4.095,310,372,543,311,-2.0,33.0,51.0,-57.495113372802734,9.8876953125,87.15819549560547,-0.8741455078125,0.1695556640625,0.1873779296875
4.097,309,399,554,310,-2.0,33.0,51.0,-58.166500091552734,-1.9531248807907104,115.41747283935547,-0.5169677734375,-0.0181884765625,0.222412109375
4.105,309,433,527,310,-2.0,33.0,51.0,-58.166500091552734,-1.9531248807907104,115.41747283935547,0.003173828125,-0.17822265625,0.203857421875
4.113,308,454,493,311,-2.0,33.0,51.0,-31.311033248901367,-20.324705123901367,115.96678924560547,0.003173828125,-0.17822265625,0.203857421875
4.131,310,529,601,311,-2.0,33.0,51.0,95.33690643310547,-54.260250091552734,41.259761810302734,1.05712890625,-0.535888671875,0.088134765625
4.135,309,587,750,310,-5.0,34.0,48.0,95.33690643310547,-54.260250091552734,41.259761810302734,1.065185546875,0.0467529296875,-0.4691162109375
4.143,310,645,814,311,-5.0,34.0,48.0,172.72947692871094,-51.879878997802734,-22.705076217651367,0.4920654296875,0.800048828125,-1.0118408203125
4.190,310,772,882,311,-5.0,34.0,48.0,73.486328125,-39.306640625,-79.1015625,-0.6219482421875,1.43017578125,-1.241455078125
4.190,309,832,1043,312,-5.0,34.0,48.0,-78.4912109375,-33.8134765625,-38.330078125,-2.021484375,2.413818359375,-1.0855712890625
4.191,310,873,1292,298,-5.0,34.0,48.0,-78.4912109375,-33.8134765625,-38.330078125,-2.9010009765625,2.6376953125,0.1214599609375
4.191,310,912,1442,311,-5.0,34.0,48.0,-208.67918395996094,-43.884273529052734,7.202147960662842,-2.9010009765625,2.6376953125,0.1214599609375
4.201,310,922,1351,312,-5.0,34.0,48.0,-285.15625,-113.89159393310547,-4.57763671875,-2.4847412109375,-1.602294921875,2.830322265625
4.204,310,907,1225,312,-5.0,34.0,48.0,-285.15625,-113.89159393310547,-4.57763671875,-2.08837890625,-1.8099365234375,2.1370849609375
4.211,309,901,1137,312,-5.0,34.0,48.0,-97.77831268310547,-78.18603515625,-5.920409679412842,-2.08837890625,-1.8099365234375,2.1370849609375
4.225,309,902,1104,312,-5.0,34.0,48.0,314.697265625,54.321285247802734,51.147457122802734,-0.869140625,1.294921875,-0.52490234375
4.236,310,902,1122,312,-4.0,34.0,46.0,268.73779296875,84.41161346435547,35.82763671875,-1.1973876953125,1.9649658203125,-0.97509765625
4.242,310,904,1122,312,-4.0,34.0,46.0,268.73779296875,84.41161346435547,35.82763671875,-1.6708984375,1.501220703125,-0.6378173828125
4.256,311,891,1112,312,-4.0,34.0,46.0,-45.532222747802734,28.381345748901367,-10.131834983825684,-1.9130859375,0.8497314453125,0.0030517578125
4.264,310,877,1098,312,-4.0,34.0,46.0,-95.21483612060547,1.4038084745407104,-10.803221702575684,-1.865966796875,0.5350341796875,0.4263916015625
4.271,310,854,1092,312,-4.0,34.0,46.0,-95.21483612060547,1.4038084745407104,-10.803221702575684,-1.721923828125,0.550048828125,0.4854736328125
4.293,310,808,1043,310,-4.0,34.0,46.0,-38.330078125,-4.0283203125,-6.835937023162842,-1.56494140625,0.6365966796875,0.381591796875
4.296,310,765,994,312,-4.0,34.0,46.0,-3.906249761581421,0.7934569716453552,-10.559081077575684,-1.3665771484375,0.6016845703125,0.31201171875
4.308,308,712,948,312,-4.0,34.0,46.0,-3.906249761581421,0.7934569716453552,-10.559081077575684,-1.1307373046875,0.552001953125,0.2647705078125
4.315,308,636,840,311,-4.0,34.0,46.0,36.376953125,7.507323741912842,-13.854979515075684,-0.8729248046875,0.5921630859375,0.201904296875
4.324,310,589,795,311,-4.0,34.0,46.0,34.5458984375,10.192870140075684,-13.977049827575684,-0.6005859375,0.606201171875,0.1708984375
4.338,310,547,757,312,-5.0,35.0,48.0,34.5458984375,10.192870140075684,-13.977049827575684,-0.335693359375,0.5142822265625,0.143798828125
4.345,312,477,753,312,-5.0,35.0,48.0,-2.197265625,18.49365234375,-34.36279296875,-0.1612548828125,0.3590087890625,0.0909423828125
4.354,310,441,756,310,-5.0,35.0,48.0,-19.53125,22.338865280151367,-53.771968841552734,-0.1153564453125,0.1676025390625,0.0802001953125
4.367,308,415,741,310,-5.0,35.0,48.0,-19.53125,22.338865280151367,-53.771968841552734,-0.1702880859375,-0.0380859375,0.13037109375
4.375,310,384,673,311,-5.0,35.0,48.0,-20.690916061401367,19.4091796875,-82.64159393310547,-0.3134765625,-0.1357421875,0.18408203125
4.398,309,373,650,312,-5.0,35.0,48.0,-3.295898199081421,19.34814453125,-80.26123046875,-0.487060546875,-0.072998046875,0.158935546875
4.398,310,367,634,310,-5.0,35.0,48.0,16.17431640625,24.047849655151367,-69.76318359375,-0.6190185546875,0.0623779296875,0.07275390625
4.412,310,360,613,310,-5.0,35.0,48.0,26.855466842651367,29.296873092651367,-59.143062591552734,-0.70166015625,0.17822265625,0.037841796875
4.414,310,355,601,311,-5.0,35.0,48.0,23.376462936401367,29.724119186401367,-49.682613372802734,-0.7518310546875,0.22900390625,0.0872802734375
4.421,310,354,594,310,-5.0,35.0,48.0,12.084959983825684,26.794431686401367,-38.63525390625,-0.768798828125,0.2401123046875,0.14794921875
4.440,310,356,587,309,-4.0,36.0,49.0,3.417968511581421,24.047849655151367,-26.306150436401367,-0.772216796875,0.2476806640625,0.162109375
4.443,310,356,582,311,-4.0,36.0,49.0,-0.1220703050494194,21.179197311401367,-15.808104515075684,-0.7806396484375,0.249267578125,0.149658203125
4.452,310,356,578,311,-4.0,36.0,49.0,-1.4038084745407104,17.39501953125,-9.033203125,-0.8033447265625,0.24609375,0.1287841796875
4.471,310,356,579,310,-4.0,36.0,49.0,-1.9531248807907104,14.160155296325684,-5.187987804412842,-0.85888671875,0.2564697265625,0.09326171875
4.474,310,354,579,310,-4.0,36.0,49.0,-3.723144292831421,12.451170921325684,-1.5869139432907104,-0.9288330078125,0.271240234375,0.0587158203125
4.507,309,352,579,311,-4.0,36.0,49.0,-7.568358898162842,11.047362327575684,3.234863042831421,-0.971435546875,0.2620849609375,0.0501708984375
4.507,310,352,566,310,-4.0,36.0,49.0,-11.291502952575684,9.033203125,9.27734375,-0.9718017578125,0.22265625,0.06689453125
4.508,310,352,564,311,-4.0,36.0,49.0,-12.145995140075684,6.408690929412842,16.05224609375,-0.9461669921875,0.1820068359375,0.095947265625
4.511,308,355,562,308,-4.0,36.0,49.0,-9.1552734375,3.723144292831421,23.803709030151367,-0.9180908203125,0.1796875,0.1195068359375
4.525,308,360,564,310,-4.0,36.0,49.0,-5.126952648162842,1.5869139432907104,32.40966796875,-0.9002685546875,0.216552734375,0.1302490234375
4.535,310,357,564,310,-4.0,34.0,48.0,-4.82177734375,0.3662109076976776,41.015621185302734,-0.8876953125,0.2490234375,0.1270751953125
4.542,302,363,572,310,-4.0,34.0,48.0,-10.253905296325684,0.1220703050494194,49.926753997802734,-0.8665771484375,0.2427978515625,0.1048583984375
4.555,310,372,590,309,-4.0,34.0,48.0,-20.874021530151367,0.3662109076976776,60.180660247802734,-0.7987060546875,0.2135009765625,0.0792236328125
4.563,310,382,613,312,-4.0,34.0,48.0,-34.3017578125,-2.197265625,71.35009765625,-0.6466064453125,0.17919921875,0.068115234375
4.574,310,410,619,310,-4.0,34.0,48.0,-45.654293060302734,-11.474608421325684,79.65087890625,-0.35302734375,0.115966796875,0.0728759765625
4.595,310,482,601,310,-4.0,34.0,48.0,-44.189449310302734,-28.137205123901367,77.5146484375,0.1654052734375,-0.071044921875,0.0909423828125
4.605,311,530,678,312,-4.0,34.0,48.0,-14.221190452575684,-46.936031341552734,56.701656341552734,0.735595703125,-0.4083251953125,0.118896484375
4.606,310,585,766,311,-4.0,34.0,48.0,52.856441497802734,-56.701656341552734,16.41845703125,1.072021484375,-0.388427734375,-0.0042724609375
4.627,310,705,959,311,-4.0,34.0,48.0,121.70409393310547,-51.330562591552734,-36.0107421875,0.931884765625,0.33740234375,-0.343994140625
4.628,296,793,1022,299,-4.0,34.0,48.0,111.99950408935547,-37.4755859375,-82.70262908935547,0.225341796875,0.9874267578125,-0.5760498046875
4.632,311,852,1189,312,-6.0,36.0,44.0,2.3193359375,-25.878904342651367,-98.02245330810547,-1.0133056640625,1.4534912109375,-0.5894775390625
4.645,311,955,1380,312,-6.0,36.0,44.0,-129.21142578125,-32.5927734375,-76.11083984375,-2.2947998046875,1.90869140625,-0.231201171875
4.658,311,982,1443,312,-6.0,36.0,44.0,-209.71678161621094,-70.1904296875,-54.016109466552734,-2.7755126953125,1.172607421875,0.773681640625
4.665,312,989,1444,314,-6.0,36.0,44.0,-205.56639099121094,-100.52489471435547,-56.701656341552734,-2.6806640625,-0.3876953125,1.734375
4.675,312,959,1334,312,-6.0,36.0,44.0,-101.44042205810547,-82.33641815185547,-52.307125091552734,-2.724609375,-0.9459228515625,1.8428955078125
4.704,312,943,1275,312,-6.0,36.0,44.0,47.790523529052734,-37.9638671875,-13.427733421325684,-2.2640380859375,-0.5506591796875,1.2568359375
4.705,310,931,1251,311,-6.0,36.0,44.0,163.33006286621094,7.751464366912842,26.550291061401367,-1.22998046875,-0.0286865234375,0.475341796875
4.706,309,938,1243,310,-6.0,36.0,44.0,202.20945739746094,45.959468841552734,36.43798828125,-1.3192138671875,1.2857666015625,-0.410888671875
4.714,311,933,1236,313,-6.0,36.0,44.0,140.31982421875,60.852046966552734,30.761716842651367,-1.3192138671875,1.2857666015625,-0.410888671875
4.721,310,927,1225,311,-6.0,36.0,44.0,26.794431686401367,51.025386810302734,20.324705123901367,-1.910888671875,1.1827392578125,-0.30029296875
4.739,310,902,1199,310,-1.0,33.0,39.0,-50.048824310302734,29.479978561401367,10.192870140075684,-1.8271484375,0.4957275390625,0.3656005859375
4.746,310,873,1175,311,-1.0,33.0,39.0,-64.39208984375,9.765625,5.737304210662842,-1.8271484375,0.4957275390625,0.3656005859375
4.751,310,846,1122,311,-1.0,33.0,39.0,-43.273921966552734,2.0751953125,4.5166015625,-1.552490234375,0.451416015625,0.4495849609375
4.765,311,766,1000,312,-1.0,33.0,39.0,-14.892577171325684,5.249022960662842,3.295898199081421,-1.3424072265625,0.519287109375,0.3095703125
4.775,310,710,922,310,-1.0,33.0,39.0,7.141112804412842,10.742186546325684,3.967284917831421,-1.3424072265625,0.519287109375,0.3095703125
4.781,310,648,858,311,-1.0,33.0,39.0,18.5546875,15.258788108825684,10.375975608825684,-1.20458984375,0.5673828125,0.2152099609375
4.808,310,562,741,311,-1.0,33.0,39.0,17.333984375,17.9443359375,20.629880905151367,-0.623291015625,0.2681884765625,0.2392578125
4.808,308,509,718,311,-1.0,33.0,39.0,8.6669921875,18.85986328125,27.709959030151367,-0.623291015625,0.2681884765625,0.2392578125
4.812,310,472,694,311,-1.0,33.0,39.0,5.065917491912842,20.263669967651367,25.634763717651367,-0.311279296875,0.013916015625,0.2320556640625
4.825,308,414,639,311,-1.0,33.0,39.0,13.916014671325684,20.202634811401367,13.305663108825684,-0.0419921875,-0.164306640625,0.275634765625
4.834,310,386,629,312,-3.0,33.0,43.0,31.677244186401367,17.333984375,-7.141112804412842,-0.1492919921875,-0.0938720703125,0.2103271484375
4.851,310,373,606,311,-3.0,33.0,43.0,48.950191497802734,17.15087890625,-29.907224655151367,-0.1492919921875,-0.0938720703125,0.2103271484375
4.856,310,357,588,309,-3.0,33.0,43.0,61.401363372802734,33.5693359375,-50.109859466552734,-0.506591796875,0.2806396484375,-0.1064453125
4.864,309,352,576,310,-3.0,33.0,43.0,61.401363372802734,33.5693359375,-50.109859466552734,-0.5943603515625,0.44384765625,-0.1268310546875
4.881,310,352,564,310,-3.0,33.0,43.0,54.565425872802734,35.2783203125,-42.602535247802734,-0.5943603515625,0.44384765625,-0.1268310546875
4.886,309,352,554,309,-3.0,33.0,43.0,24.169919967651367,27.099607467651367,-18.85986328125,-0.671630859375,0.463134765625,-0.0123291015625
4.914,310,346,549,311,-3.0,33.0,43.0,24.169919967651367,27.099607467651367,-18.85986328125,-0.7374267578125,0.3314208984375,0.054931640625
4.915,310,349,543,310,-3.0,33.0,43.0,7.385253429412842,22.094724655151367,-12.756346702575684,-0.7374267578125,0.3314208984375,0.054931640625
4.915,297,349,527,310,-3.0,33.0,43.0,-4.638671875,13.610838890075684,-5.981444835662842,-0.906005859375,0.203857421875,0.12060546875
4.924,310,346,518,308,-3.0,33.0,43.0,-4.638671875,13.610838890075684,-5.981444835662842,-0.9847412109375,0.2548828125,0.11572265625
4.932,310,341,508,308,-5.0,33.0,41.0,-1.3427733182907104,11.047362327575684,-0.9155272841453552,-0.9847412109375,0.2548828125,0.11572265625
4.949,310,345,496,310,-5.0,33.0,41.0,1.7089842557907104,6.469726085662842,9.27734375,-1.02880859375,0.2880859375,0.083984375
4.959,308,340,483,310,-5.0,33.0,41.0,1.7089842557907104,6.469726085662842,9.27734375,-0.9991455078125,0.2662353515625,0.070068359375
4.962,309,342,477,312,-5.0,33.0,41.0,0.9155272841453552,4.21142578125,13.854979515075684,-0.9991455078125,0.2662353515625,0.070068359375
4.983,309,342,456,310,-5.0,33.0,41.0,-0.9765624403953552,0.0610351525247097,22.033689498901367,-0.9176025390625,0.2532958984375,0.078369140625
4.984,307,342,465,310,-5.0,33.0,41.0,-1.8310545682907104,-1.5869139432907104,25.817869186401367,-0.8743896484375,0.2822265625,0.094482421875
5.009,309,338,465,310,-5.0,33.0,41.0,-1.8310545682907104,-1.5869139432907104,25.817869186401367,-0.8341064453125,0.318359375,0.0914306640625
5.009,308,342,481,308,-5.0,33.0,41.0,-7.385253429412842,-2.746581792831421,31.433103561401367,-0.7978515625,0.3375244140625,0.0726318359375
5.014,310,343,481,310,-5.0,33.0,41.0,-14.404295921325684,-2.868652105331421,34.97314453125,-0.769287109375,0.3319091796875,0.0546875
5.022,310,345,499,310,-5.0,33.0,41.0,-14.404295921325684,-2.868652105331421,34.97314453125,-0.7196044921875,0.29931640625,0.045166015625
5.036,309,364,531,310,-7.0,35.0,45.0,-39.0625,-7.385253429412842,49.133296966552734,-0.5828857421875,0.2066650390625,0.0157470703125
5.054,310,386,557,310,-7.0,35.0,45.0,-48.461910247802734,-16.17431640625,56.518550872802734,-0.2642822265625,0.078369140625,-0.0484619140625
5.054,310,400,578,310,-7.0,35.0,45.0,-48.461910247802734,-16.17431640625,56.518550872802734,0.2576904296875,-0.076904296875,-0.082763671875
5.069,309,488,545,310,-7.0,35.0,45.0,-44.921871185302734,-51.513668060302734,48.278804779052734,0.6942138671875,-0.3692626953125,-0.005126953125
5.074,311,540,657,308,-7.0,35.0,45.0,-9.521484375,-62.499996185302734,29.052732467651367,0.869384765625,-0.560302734375,0.054931640625
5.083,310,594,756,311,-7.0,35.0,45.0,-9.521484375,-62.499996185302734,29.052732467651367,0.7216796875,-0.0399169921875,-0.0731201171875
5.113,310,723,944,310,-7.0,35.0,45.0,72.3876953125,-39.0625,-33.50830078125,0.1219482421875,0.75048828125,-0.25439453125
5.136,310,797,1065,311,-7.0,35.0,45.0,-1.220703125,-24.780271530151367,-62.866207122802734,-0.8568115234375,1.111328125,-0.2327880859375
5.138,293,835,1196,311,-7.0,35.0,45.0,-1.220703125,-24.780271530151367,-62.866207122802734,-1.9189453125,1.4051513671875,-0.005859375
5.141,298,939,1340,312,-3.0,33.0,49.0,-175.72019958496094,-58.410640716552734,-21.179197311401367,-2.60595703125,1.4630126953125,0.51513671875
5.144,310,957,1395,298,-3.0,33.0,49.0,-174.19432067871094,-84.65575408935547,1.7089842557907104,-2.8243408203125,0.727783203125,1.303466796875
5.146,310,938,1349,312,-3.0,33.0,49.0,-115.11229705810547,-81.72606658935547,7.629394054412842,-2.864501953125,-0.220947265625,1.7481689453125
5.166,311,927,1219,311,-3.0,33.0,49.0,-9.09423828125,-50.048824310302734,18.12744140625,-2.2923583984375,-0.5704345703125,1.4534912109375
5.173,310,910,1162,312,-3.0,33.0,49.0,108.15428924560547,-4.39453125,33.63037109375,-1.1964111328125,-0.2222900390625,0.692626953125
5.175,310,912,1157,312,-3.0,33.0,49.0,180.66404724121094,39.6728515625,39.4287109375,-0.738525390625,0.7412109375,-0.0389404296875
5.189,311,917,1162,312,-3.0,33.0,49.0,155.57861328125,61.767574310302734,33.203125,-1.10595703125,1.5140380859375,-0.4246826171875
5.218,310,913,1149,312,-3.0,33.0,49.0,53.710933685302734,57.678218841552734,15.624999046325684,-1.7054443359375,1.440185546875,-0.346923828125
5.218,308,902,1134,313,-3.0,33.0,49.0,-37.78076171875,39.6728515625,-2.929687261581421,-2.03564453125,0.9464111328125,0.0146484375
5.220,310,874,1089,312,-3.0,33.0,49.0,-68.84765625,20.141599655151367,-10.498045921325684,-1.9681396484375,0.5345458984375,0.31494140625
5.225,310,840,1050,312,-3.0,34.0,46.0,-52.429195404052734,8.056640625,-8.72802734375,-1.73583984375,0.41845703125,0.4000244140625
5.233,309,813,989,312,-3.0,34.0,46.0,-21.850584030151367,4.8828125,-4.82177734375,-1.5184326171875,0.4471435546875,0.36083984375
5.247,310,740,891,310,-3.0,34.0,46.0,6.042479991912842,6.225585460662842,-4.2724609375,-1.3270263671875,0.4517822265625,0.3345947265625
5.265,311,689,833,311,-3.0,34.0,46.0,28.991697311401367,9.33837890625,-4.69970703125,-1.1270751953125,0.4940185546875,0.2984619140625
5.266,310,644,767,311,-3.0,34.0,46.0,40.527339935302734,13.244627952575684,-1.6479490995407104,-0.8721923828125,0.563720703125,0.209228515625
5.277,310,561,723,310,-3.0,34.0,46.0,35.888671875,16.41845703125,0.4272460639476776,-0.54931640625,0.533447265625,0.144775390625
5.295,310,518,703,310,-3.0,34.0,46.0,22.338865280151367,17.08984375,-6.774901866912842,-0.2320556640625,0.424560546875,0.1243896484375
5.295,310,475,711,312,-3.0,34.0,46.0,8.7890625,16.4794921875,-25.817869186401367,-0.043701171875,0.31787109375,0.1077880859375
5.368,308,428,685,312,-3.0,34.0,46.0,-1.8310545682907104,17.7001953125,-51.330562591552734,-0.015625,0.2032470703125,0.1092529296875
5.368,309,410,657,310,-3.0,34.0,46.0,-6.652831554412842,21.484373092651367,-71.8994140625,-0.109375,0.066162109375,0.129638671875
5.368,310,401,635,307,-3.0,34.0,46.0,-1.15966796875,25.939939498901367,-78.67431640625,-0.2808837890625,-0.005859375,0.1153564453125
5.368,311,393,620,310,-3.0,35.0,44.0,14.160155296325684,28.869626998901367,-72.509765625,-0.44873046875,0.0506591796875,0.0377197265625
5.368,310,386,606,310,-3.0,35.0,44.0,29.907224655151367,28.686521530151367,-62.438961029052734,-0.587890625,0.17138671875,-0.0257568359375
5.368,310,391,601,310,-3.0,35.0,44.0,32.71484375,23.193357467651367,-55.236812591552734,-0.6898193359375,0.23388671875,0.009521484375
5.371,310,399,592,310,-3.0,35.0,44.0,21.179197311401367,14.587401390075684,-49.377437591552734,-0.7376708984375,0.2225341796875,0.100341796875
5.374,310,402,588,310,-3.0,35.0,44.0,6.652831554412842,8.544921875,-41.320796966552734,-0.7701416015625,0.2110595703125,0.1536865234375
5.384,310,408,585,310,-3.0,35.0,44.0,-3.356933355331421,7.324218273162842,-31.372068405151367,-0.8319091796875,0.2244873046875,0.121337890625
5.396,309,409,585,310,-3.0,35.0,44.0,-8.6669921875,8.60595703125,-23.071287155151367,-0.970458984375,0.278564453125,0.0125732421875
5.421,310,411,585,310,-3.0,35.0,44.0,-10.742186546325684,8.1787109375,-18.12744140625,-0.970458984375,0.278564453125,0.0125732421875
5.421,310,396,582,292,-3.0,35.0,44.0,-11.901854515075684,4.45556640625,-15.441893577575684,-1.000244140625,0.2802734375,0.0311279296875
5.426,309,411,590,310,-3.0,35.0,46.0,-13.854979515075684,-0.7324218153953552,-13.305663108825684,-0.9833984375,0.224853515625,0.1339111328125
5.435,310,409,590,310,-3.0,35.0,46.0,-16.357421875,-4.45556640625,-10.314940452575684,-0.9833984375,0.224853515625,0.1339111328125
5.442,310,410,592,310,-3.0,35.0,46.0,-18.73779296875,-5.432128429412842,-6.103515148162842,-0.964111328125,0.2041015625,0.18359375
5.459,310,409,594,310,-3.0,35.0,46.0,-20.690916061401367,-3.906249761581421,-1.03759765625,-0.9539794921875,0.185546875,0.2001953125
5.466,310,408,601,310,-3.0,35.0,46.0,-21.728513717651367,-1.6479490995407104,4.82177734375,-0.9539794921875,0.185546875,0.2001953125
5.478,309,402,603,311,-3.0,35.0,46.0,-21.850584030151367,-0.4882812201976776,11.718749046325684,-0.9420166015625,0.187255859375,0.1962890625
5.494,309,396,603,310,-3.0,35.0,46.0,-21.545408248901367,-0.6713866591453552,19.59228515625,-0.9061279296875,0.1802978515625,0.1524658203125
5.495,310,395,607,292,-3.0,35.0,46.0,-22.521970748901367,-1.220703125,28.686521530151367,-0.9061279296875,0.1802978515625,0.1524658203125
5.528,310,396,616,311,-3.0,35.0,46.0,-26.855466842651367,-0.7324218153953552,39.97802734375,-0.8912353515625,0.1890869140625,0.118408203125
5.528,310,411,657,310,-3.0,35.0,46.0,-52.734371185302734,1.7700194120407104,68.84765625,-0.7589111328125,0.173828125,0.108154296875
5.529,310,428,662,310,-1.0,35.0,44.0,-52.734371185302734,1.7700194120407104,68.84765625,-0.4393310546875,0.07666015625,0.045654296875
5.533,310,465,673,311,-1.0,35.0,44.0,-65.3076171875,-2.563476324081421,81.23778533935547,-0.4393310546875,0.07666015625,0.045654296875
5.547,310,524,710,311,-1.0,35.0,44.0,-26.916501998901367,-35.400390625,65.00244140625,0.800537109375,-0.360595703125,0.04296875
5.556,309,572,790,310,-1.0,35.0,44.0,-26.916501998901367,-35.400390625,65.00244140625,1.0615234375,-0.213134765625,0.07763671875
5.567,310,620,910,311,-1.0,35.0,44.0,35.64453125,-49.072261810302734,29.846189498901367,1.0615234375,-0.213134765625,0.07763671875
5.586,310,750,1103,312,-1.0,35.0,44.0,91.67479705810547,-43.579097747802734,-55.297847747802734,0.1231689453125,0.9349365234375,-0.178466796875
5.588,311,813,1209,312,-1.0,35.0,44.0,91.67479705810547,-43.579097747802734,-55.297847747802734,-0.8603515625,1.22509765625,-0.3514404296875
5.595,311,884,1336,312,-1.0,35.0,44.0,15.319823265075684,-31.738279342651367,-78.67431640625,-0.8603515625,1.22509765625,-0.3514404296875
5.625,311,966,1484,312,-1.0,35.0,44.0,-153.01513671875,-50.415035247802734,-59.692378997802734,-2.4454345703125,1.092041015625,0.44775390625
5.633,310,990,1534,312,-1.0,35.0,44.0,-153.01513671875,-50.415035247802734,-59.692378997802734,-2.5211181640625,-0.0877685546875,1.3900146484375
5.633,310,1013,1506,312,-1.0,31.0,47.0,-168.94529724121094,-79.52880859375,-58.044429779052734,-2.5211181640625,-0.0877685546875,1.3900146484375
5.638,311,987,1464,312,-1.0,31.0,47.0,11.047362327575684,-39.4287109375,-30.151365280151367,-2.591796875,-0.240478515625,1.147705078125
5.645,311,980,1430,313,-1.0,31.0,47.0,11.047362327575684,-39.4287109375,-30.151365280151367,-1.708984375,-0.0015869140625,0.5535888671875
5.653,310,958,1392,311,-1.0,31.0,47.0,99.73143768310547,-3.234863042831421,3.417968511581421,-1.708984375,-0.0015869140625,0.5535888671875
5.671,310,963,1383,311,-1.0,31.0,47.0,113.34227752685547,44.555660247802734,10.559081077575684,-0.9569091796875,0.75,-0.1214599609375
5.676,310,966,1374,312,-1.0,31.0,47.0,40.649410247802734,45.471187591552734,5.615233898162842,-1.5072021484375,0.90087890625,-0.1260986328125
5.699,311,958,1363,312,-1.0,31.0,47.0,40.649410247802734,45.471187591552734,5.615233898162842,-1.9981689453125,0.818115234375,0.06201171875
5.699,310,931,1316,312,-1.0,31.0,47.0,-49.438472747802734,20.935056686401367,1.4648436307907104,-1.988525390625,0.575927734375,0.3131103515625
5.705,309,904,1289,312,-1.0,31.0,47.0,-41.625972747802734,8.72802734375,1.5869139432907104,-1.677734375,0.393310546875,0.4591064453125
5.718,310,871,1234,311,-1.0,31.0,47.0,-41.625972747802734,8.72802734375,1.5869139432907104,-1.4205322265625,0.3671875,0.4578857421875
5.727,310,811,1143,311,1.0,34.0,42.0,-0.7934569716453552,11.474608421325684,5.798339366912842,-1.27880859375,0.3516845703125,0.3980712890625
5.734,308,763,1067,312,1.0,34.0,42.0,11.962889671325684,17.333984375,11.596678733825684,-1.16455078125,0.373046875,0.311279296875
5.745,311,716,975,310,1.0,34.0,42.0,11.962889671325684,17.333984375,11.596678733825684,-0.9925537109375,0.4482421875,0.2259521484375
5.757,310,640,853,311,1.0,34.0,42.0,17.15087890625,23.864744186401367,22.216794967651367,-0.7479248046875,0.408935546875,0.2001953125
5.766,310,601,799,312,1.0,34.0,42.0,12.939452171325684,23.620603561401367,15.808104515075684,-0.5106201171875,0.2750244140625,0.1834716796875
5.773,310,557,772,311,1.0,34.0,42.0,12.939452171325684,23.620603561401367,15.808104515075684,-0.358154296875,0.1907958984375,0.1220703125
5.786,310,508,741,310,1.0,34.0,42.0,12.756346702575684,24.658201217651367,-15.747069358825684,-0.3082275390625,0.155517578125,0.0552978515625
5.805,311,485,713,311,1.0,34.0,42.0,11.962889671325684,26.916501998901367,-31.066892623901367,-0.3333740234375,0.0809326171875,0.057861328125
5.805,310,463,689,310,1.0,34.0,42.0,11.962889671325684,26.916501998901367,-31.066892623901367,-0.3897705078125,-0.0218505859375,0.1090087890625
5.832,310,442,657,310,1.0,34.0,42.0,13.549803733825684,29.663084030151367,-40.710445404052734,-0.4488525390625,-0.0572509765625,0.123291015625
5.832,309,437,633,298,-2.0,35.0,47.0,19.287109375,29.174802780151367,-34.423828125,-0.505126953125,-0.008544921875,0.0992431640625
5.833,308,438,620,311,-2.0,35.0,47.0,23.986814498901367,26.367185592651367,-24.658201217651367,-0.5572509765625,0.07861328125,0.0777587890625
5.846,310,439,606,312,-2.0,35.0,47.0,27.099607467651367,22.460935592651367,-14.343260765075684,-0.61572265625,0.1868896484375,0.07177734375
5.858,310,439,607,310,-2.0,35.0,47.0,26.428220748901367,18.00537109375,-5.615233898162842,-0.694091796875,0.2896728515625,0.0760498046875
5.863,310,441,601,310,-2.0,35.0,47.0,19.53125,13.427733421325684,0.30517578125,-0.7901611328125,0.3594970703125,0.080078125
5.876,310,439,594,310,-2.0,35.0,47.0,8.48388671875,9.6435546875,3.479003667831421,-0.87841796875,0.4111328125,0.08544921875
5.885,311,435,592,310,-2.0,35.0,47.0,-2.685546636581421,7.263183116912842,4.39453125,-0.945068359375,0.424072265625,0.0885009765625
5.893,310,434,589,310,-2.0,35.0,47.0,-10.925292015075684,7.141112804412842,3.112792730331421,-0.9869384765625,0.374755859375,0.0947265625
5.909,310,423,587,310,-2.0,35.0,47.0,-13.793944358825684,8.23974609375,0.6103515625,-1.0009765625,0.30126953125,0.1220703125
5.933,310,420,588,312,-2.0,35.0,47.0,-10.070799827575684,7.507323741912842,-1.8310545682907104,-0.9981689453125,0.26611328125,0.15966796875
5.934,310,409,588,309,0.0,34.0,47.0,-1.220703125,4.39453125,-4.45556640625,-0.9830322265625,0.2801513671875,0.1802978515625
5.936,310,402,584,310,0.0,34.0,47.0,7.141112804412842,0.9155272841453552,-7.202147960662842,-0.9569091796875,0.2877197265625,0.1810302734375
5.944,310,402,576,310,0.0,34.0,47.0,10.986327171325684,-0.9155272841453552,-8.4228515625,-0.93017578125,0.262939453125,0.164794921875
5.952,310,402,572,309,0.0,34.0,47.0,11.108397483825684,-1.0986328125,-6.835937023162842,-0.90673828125,0.2294921875,0.1356201171875
5.972,309,406,575,310,0.0,34.0,47.0,9.82666015625,-1.5258787870407104,-2.990722417831421,-0.87939453125,0.209228515625,0.10205078125
5.976,310,402,578,310,0.0,34.0,47.0,7.568358898162842,-3.601073980331421,1.8920897245407104,-0.8582763671875,0.2103271484375,0.0655517578125
5.982,311,408,584,309,0.0,34.0,47.0,2.44140625,-6.958007335662842,7.019042491912842,-0.8651123046875,0.2313232421875,0.035400390625
5.996,310,408,599,310,0.0,34.0,47.0,-7.446288585662842,-10.070799827575684,12.573241233825684,-0.8863525390625,0.249267578125,0.0228271484375
6.012,309,413,607,310,0.0,34.0,47.0,-21.972654342651367,-10.986327171325684,18.85986328125,-0.885009765625,0.2420654296875,0.0426025390625
6.013,310,424,628,296,0.0,34.0,47.0,-39.12353515625,-9.82666015625,25.451658248901367,-0.8021240234375,0.2064208984375,0.0791015625
6.031,310,465,676,310,0.0,36.0,44.0,-55.114742279052734,-9.6435546875,30.395505905151367,-0.5306396484375,0.1253662109375,0.0616455078125
6.035,310,495,721,311,0.0,36.0,44.0,-60.791011810302734,-15.197752952575684,30.395505905151367,-0.0081787109375,-0.0167236328125,-0.03515625
6.043,310,531,796,311,0.0,36.0,44.0,-46.325679779052734,-28.625486373901367,23.559568405151367,0.565185546875,-0.122802734375,-0.1800537109375
6.057,310,618,976,311,0.0,36.0,44.0,-16.9677734375,-47.424312591552734,10.864256858825684,0.8695068359375,-0.050537109375,-0.2642822265625
6.065,310,677,1120,312,0.0,36.0,44.0,6.469726085662842,-66.58935546875,-6.469726085662842,0.7132568359375,0.206298828125,-0.1181640625
6.085,310,745,1254,311,0.0,36.0,44.0,5.249022960662842,-75.3173828125,-24.108884811401367,0.0897216796875,0.504150390625,0.1885986328125
6.087,310,848,1431,312,0.0,36.0,44.0,-24.169919967651367,-66.40625,-40.283199310302734,-0.7138671875,0.5980224609375,0.436767578125
6.095,310,916,1518,312,0.0,36.0,44.0,-61.157222747802734,-48.339839935302734,-57.250972747802734,-1.406494140625,0.468994140625,0.5538330078125
6.109,310,958,1564,312,0.0,36.0,44.0,-77.94189453125,-36.62109375,-67.32177734375,-1.92431640625,0.315185546875,0.6031494140625
6.116,312,1009,1623,312,0.0,36.0,44.0,-64.27001953125,-35.7666015625,-62.988277435302734,-2.275634765625,0.404052734375,0.66015625
6.138,311,1020,1625,312,2.0,30.0,46.0,-31.921384811401367,-38.63525390625,-48.583980560302734,-2.5191650390625,0.608154296875,0.7540283203125
6.139,310,996,1592,312,2.0,30.0,46.0,-0.7324218153953552,-37.353515625,-33.38623046875,-2.6962890625,0.514404296875,0.7945556640625
6.147,311,981,1553,312,2.0,30.0,46.0,21.728513717651367,-26.733396530151367,-19.775390625,-1.324462890625,-0.1552734375,0.5311279296875
6.155,310,959,1486,312,2.0,30.0,46.0,47.119136810302734,-7.690429210662842,-9.09423828125,-1.324462890625,-0.1552734375,0.5311279296875
6.163,310,953,1470,312,2.0,30.0,46.0,70.61767578125,12.390135765075684,-4.69970703125,-0.72119140625,0.0760498046875,0.3841552734375
6.180,310,959,1462,311,2.0,30.0,46.0,58.715816497802734,29.418943405151367,-3.540038824081421,-1.5076904296875,0.68212890625,0.1343994140625
6.185,310,953,1447,312,2.0,30.0,46.0,18.12744140625,43.029781341552734,-6.408690929412842,-1.5076904296875,0.68212890625,0.1343994140625
6.196,310,943,1422,312,2.0,30.0,46.0,-19.10400390625,45.715328216552734,-10.314940452575684,-2.0941162109375,0.620849609375,0.159423828125
6.212,310,895,1361,312,2.0,30.0,46.0,-35.46142578125,34.423828125,-10.437010765075684,-1.8177490234375,0.27197265625,0.3765869140625
6.215,310,861,1306,311,2.0,30.0,46.0,-26.428220748901367,19.95849609375,-8.6669921875,-1.8177490234375,0.27197265625,0.3765869140625
6.241,310,837,1253,311,0.0,33.0,47.0,-8.60595703125,13.366698265075684,-5.187987804412842,-1.4600830078125,0.2381591796875,0.436767578125
6.241,311,775,1127,313,0.0,33.0,47.0,5.126952648162842,17.08984375,-0.0610351525247097,-1.047607421875,0.33935546875,0.359130859375
6.245,311,730,1054,312,0.0,33.0,47.0,14.465331077575684,25.695798873901367,6.408690929412842,-1.047607421875,0.33935546875,0.359130859375
6.253,311,682,973,312,0.0,33.0,47.0,17.15087890625,32.77587890625,11.901854515075684,-0.920654296875,0.4305419921875,0.2139892578125
6.267,310,599,858,311,0.0,33.0,47.0,13.671874046325684,36.0107421875,11.962889671325684,-0.613037109375,0.2626953125,0.1214599609375
6.275,310,535,805,310,0.0,33.0,47.0,9.82666015625,35.7666015625,5.981444835662842,-0.613037109375,0.2626953125,0.1214599609375
6.283,310,506,767,311,0.0,33.0,47.0,6.713866710662842,34.48486328125,-2.38037109375,-0.486083984375,0.1392822265625,0.130126953125
6.297,310,444,695,311,0.0,33.0,47.0,6.286620616912842,37.109375,-17.63916015625,-0.39208984375,-0.1494140625,0.170166015625
6.317,310,424,659,311,0.0,33.0,47.0,6.286620616912842,37.109375,-17.63916015625,-0.450927734375,-0.2030029296875,0.1458740234375
6.318,310,386,629,310,0.0,33.0,47.0,12.207030296325684,39.73388671875,-18.61572265625,-0.450927734375,-0.2030029296875,0.1458740234375
6.345,310,367,592,310,-1.0,34.0,46.0,27.160642623901367,40.893550872802734,-3.112792730331421,-0.586181640625,-0.133544921875,0.0914306640625
6.345,310,349,564,311,-1.0,34.0,46.0,27.160642623901367,40.893550872802734,-3.112792730331421,-0.6539306640625,0.0303955078125,0.123046875
6.346,310,338,551,310,-1.0,34.0,46.0,34.66796875,38.0859375,7.507323741912842,-0.6539306640625,0.0303955078125,0.123046875
6.357,308,328,508,309,-1.0,34.0,46.0,39.73388671875,28.686521530151367,23.071287155151367,-0.80419921875,0.3118896484375,0.1048583984375
6.365,311,328,503,310,-1.0,34.0,46.0,39.73388671875,28.686521530151367,23.071287155151367,-0.83203125,0.3653564453125,0.054931640625
6.373,310,325,496,310,-1.0,34.0,46.0,35.21728515625,25.085447311401367,22.827146530151367,-0.83203125,0.3653564453125,0.054931640625
6.387,308,327,484,310,-1.0,34.0,46.0,29.113767623901367,14.587401390075684,15.563963890075684,-0.820068359375,0.509521484375,-0.0343017578125
6.395,310,325,482,310,-1.0,34.0,46.0,29.113767623901367,14.587401390075684,15.563963890075684,-0.8023681640625,0.510986328125,-0.0335693359375
6.403,310,325,488,310,-1.0,34.0,46.0,20.874021530151367,9.27734375,10.742186546325684,-0.8023681640625,0.510986328125,-0.0335693359375
6.421,310,324,493,310,1.0,36.0,50.0,-2.01416015625,5.493163585662842,-2.990722417831421,-0.79345703125,0.337890625,0.0179443359375
6.425,310,325,495,310,1.0,36.0,50.0,-2.01416015625,5.493163585662842,-2.990722417831421,-0.8154296875,0.25439453125,0.036865234375
6.440,310,327,495,310,1.0,36.0,50.0,-7.019042491912842,4.0283203125,-7.263183116912842,-0.8272705078125,0.1962890625,0.05517578125
6.446,309,334,512,310,1.0,36.0,50.0,-10.742186546325684,-6.286620616912842,-3.784179449081421,-0.806884765625,0.142822265625,0.060302734375
6.455,310,334,522,311,1.0,36.0,50.0,-11.718749046325684,-11.840819358825684,2.01416015625,-0.7723388671875,0.0953369140625,0.0330810546875
6.462,310,345,530,310,1.0,36.0,50.0,-11.718749046325684,-11.840819358825684,2.01416015625,-0.767333984375,0.0933837890625,-0.0078125
6.477,310,360,551,311,1.0,36.0,50.0,-15.808104515075684,-16.7236328125,17.76123046875,-0.80224609375,0.1417236328125,-0.0107421875
6.488,310,368,562,310,1.0,36.0,50.0,-26.367185592651367,-17.02880859375,27.160642623901367,-0.853515625,0.1907958984375,0.0400390625
6.494,310,381,579,310,1.0,36.0,50.0,-26.367185592651367,-17.02880859375,27.160642623901367,-0.8843994140625,0.2022705078125,0.0965576171875
6.507,308,423,642,310,1.0,36.0,50.0,-64.51416015625,-12.023924827575684,44.921871185302734,-0.73291015625,0.14599609375,0.0987548828125
6.517,310,454,636,311,-1.0,30.0,43.0,-76.416015625,-18.9208984375,46.936031341552734,-0.22216796875,-0.08203125,-0.016845703125
6.523,310,506,662,311,-1.0,30.0,43.0,-76.416015625,-18.9208984375,46.936031341552734,0.5203857421875,-0.4332275390625,-0.129150390625
6.548,310,590,823,310,-1.0,30.0,43.0,-14.282225608825684,-71.1669921875,27.648923873901367,1.1976318359375,-0.5916748046875,-0.070556640625
6.548,309,653,992,311,-1.0,30.0,43.0,49.621578216552734,-88.19579315185547,11.596678733825684,1.2896728515625,-0.269775390625,0.0830078125
6.553,310,721,1123,312,-1.0,30.0,43.0,49.621578216552734,-88.19579315185547,11.596678733825684,0.4737548828125,0.30224609375,0.281982421875
6.567,310,824,1286,312,-1.0,30.0,43.0,36.19384765625,-57.250972747802734,-21.667478561401367,-0.80517578125,0.82666015625,0.4561767578125
6.575,310,885,1395,312,-1.0,30.0,43.0,-32.89794921875,-32.3486328125,-29.479978561401367,-1.9814453125,1.430419921875,0.364501953125
6.589,310,943,1473,312,-1.0,30.0,43.0,-92.40721893310547,-22.155759811401367,-28.930662155151367,-2.6358642578125,1.5709228515625,0.3382568359375
6.598,310,1022,1541,312,-1.0,30.0,43.0,-117.18749237060547,-38.330078125,-30.517576217651367,-2.7451171875,0.7822265625,0.7781982421875
6.605,310,996,1437,310,-1.0,30.0,43.0,-73.6083984375,-55.725093841552734,-33.75244140625,-3.020751953125,0.097412109375,1.2188720703125
6.619,310,987,1393,312,-1.0,30.0,43.0,21.179197311401367,-52.612300872802734,-17.9443359375,-2.8934326171875,-0.134765625,1.1011962890625
6.627,311,982,1352,312,0.0,33.0,51.0,118.89647674560547,-30.578611373901367,1.03759765625,-1.6951904296875,-0.4293212890625,0.521728515625
6.637,310,978,1326,312,0.0,33.0,51.0,185.66893005371094,5.493163585662842,1.4038084745407104,-0.9183349609375,0.0244140625,0.0048828125
6.656,310,976,1323,312,0.0,33.0,51.0,161.86521911621094,34.60693359375,2.3193359375,-1.183349609375,0.880126953125,-0.201416015625
6.657,296,966,1312,311,0.0,33.0,51.0,59.326168060302734,40.466304779052734,3.051757574081421,-1.68408203125,1.0081787109375,-0.1156005859375
6.665,310,948,1308,311,0.0,33.0,51.0,-29.418943405151367,29.785154342651367,-3.845214605331421,-1.9659423828125,0.8089599609375,0.156005859375
6.673,311,933,1292,311,0.0,33.0,51.0,-65.3076171875,15.197752952575684,-10.559081077575684,-1.92236328125,0.599365234375,0.37890625
6.690,310,886,1243,311,0.0,33.0,51.0,-61.096187591552734,7.080077648162842,-16.357421875,-1.7003173828125,0.4158935546875,0.4378662109375
6.696,310,852,1188,309,0.0,33.0,51.0,-39.1845703125,7.507323741912842,-20.263669967651367,-1.4747314453125,0.3203125,0.4093017578125
6.780,310,816,1133,312,0.0,33.0,51.0,-15.624999046325684,12.145995140075684,-19.8974609375,-1.275390625,0.258544921875,0.3619384765625
6.781,310,745,1027,312,0.0,33.0,48.0,2.807616949081421,19.04296875,-15.869139671325684,-1.097412109375,0.30029296875,0.26953125
6.792,310,695,960,311,0.0,33.0,48.0,11.413573265075684,26.306150436401367,-11.413573265075684,-0.91748046875,0.4312744140625,0.1651611328125
6.792,310,635,873,311,0.0,33.0,48.0,6.591796398162842,29.357908248901367,-11.474608421325684,-0.7049560546875,0.444091796875,0.139892578125
6.792,310,548,802,311,0.0,33.0,48.0,-6.469726085662842,28.381345748901367,-18.61572265625,-0.494873046875,0.3311767578125,0.1585693359375
6.794,310,506,763,310,0.0,33.0,48.0,-20.080564498901367,28.137205123901367,-29.174802780151367,-0.353515625,0.20654296875,0.1470947265625
6.796,310,479,750,312,0.0,33.0,48.0,-28.991697311401367,29.907224655151367,-37.9638671875,-0.287841796875,0.05126953125,0.1409912109375
6.816,309,425,685,310,0.0,33.0,48.0,-29.541013717651367,30.517576217651367,-42.175289154052734,-0.2822265625,-0.153076171875,0.19384765625
6.829,310,411,647,311,0.0,33.0,48.0,-21.240232467651367,29.724119186401367,-39.48974609375,-0.327392578125,-0.2908935546875,0.2236328125
6.871,310,394,562,308,0.0,33.0,44.0,19.10400390625,34.85107421875,-1.220703125,-0.6107177734375,-0.05419921875,0.1097412109375
6.876,310,393,579,311,0.0,33.0,44.0,23.071287155151367,34.5458984375,11.962889671325684,-0.7327880859375,0.21875,0.0545654296875
6.891,310,387,578,310,0.0,33.0,44.0,15.747069358825684,33.0810546875,18.5546875,-0.836181640625,0.4124755859375,-0.026611328125
6.895,310,382,588,310,0.0,33.0,44.0,-1.8310545682907104,30.029294967651367,16.54052734375,-0.8863525390625,0.4439697265625,-0.0753173828125
6.896,309,377,591,310,0.0,33.0,44.0,-17.2119140625,23.254392623901367,9.8876953125,-0.8863525390625,0.3817138671875,-0.0445556640625
6.897,310,373,594,310,0.0,33.0,44.0,-20.202634811401367,13.549803733825684,3.479003667831421,-0.8701171875,0.3118896484375,0.05615234375
6.898,310,378,601,310,0.0,33.0,44.0,-12.573241233825684,4.8828125,-0.7324218153953552,-0.8656005859375,0.268798828125,0.17578125
6.899,310,379,604,311,0.0,33.0,44.0,-1.8310545682907104,0.0610351525247097,-2.990722417831421,-0.8682861328125,0.2421875,0.261474609375
6.899,310,367,601,298,0.0,33.0,44.0,6.286620616912842,-0.4272460639476776,-3.601073980331421,-0.8680419921875,0.2177734375,0.290283203125
6.905,310,386,601,310,0.0,33.0,44.0,9.94873046875,1.3427733182907104,-2.50244140625,-0.8646240234375,0.1893310546875,0.2666015625
6.914,308,391,601,311,0.0,34.0,46.0,10.375975608825684,2.38037109375,0.54931640625,-0.861328125,0.158447265625,0.1942138671875
6.922,312,401,601,312,0.0,34.0,46.0,10.192870140075684,1.7089842557907104,5.554198741912842,-0.865234375,0.1485595703125,0.0802001953125
6.936,310,408,608,310,0.0,34.0,46.0,9.033203125,-0.6103515625,11.596678733825684,-0.8734130859375,0.1767578125,-0.03955078125
6.953,310,415,620,311,0.0,34.0,46.0,2.929687261581421,-4.82177734375,17.02880859375,-0.87255859375,0.222412109375,-0.1097412109375
6.954,310,423,630,310,0.0,34.0,46.0,-10.681151390075684,-9.82666015625,21.057126998901367,-0.866455078125,0.2528076171875,-0.1160888671875
6.969,310,426,651,310,0.0,34.0,46.0,-30.517576217651367,-12.695311546325684,24.780271530151367,-0.8802490234375,0.2679443359375,-0.0750732421875
6.974,309,435,703,310,0.0,34.0,46.0,-55.541988372802734,-12.329100608825684,30.090330123901367,-0.9075927734375,0.2640380859375,0.0115966796875
6.984,309,449,740,310,0.0,34.0,46.0,-83.98436737060547,-10.253905296325684,37.29248046875,-0.8922119140625,0.1907958984375,0.1087646484375
7.002,309,486,767,310,0.0,34.0,46.0,-106.38426971435547,-11.169432640075684,43.884273529052734,-0.19140625,-0.3040771484375,-0.0152587890625
7.004,309,530,826,311,0.0,34.0,46.0,-103.94286346435547,-22.155759811401367,47.424312591552734,-0.19140625,-0.3040771484375,-0.0152587890625
7.012,311,582,882,311,0.0,33.0,47.0,-64.697265625,-42.907711029052734,47.546382904052734,0.537841796875,-0.4500732421875,0.013671875
7.067,310,674,1109,312,0.0,33.0,47.0,-0.6713866591453552,-60.424800872802734,39.48974609375,1.0194091796875,0.1162109375,0.3302001953125
7.067,310,732,1232,312,0.0,33.0,47.0,56.640621185302734,-64.3310546875,16.357421875,1.0194091796875,0.1162109375,0.3302001953125
7.077,310,799,1318,310,0.0,33.0,47.0,74.76806640625,-59.265132904052734,-16.17431640625,0.2974853515625,0.4864501953125,0.438232421875
7.078,310,907,1464,312,0.0,33.0,47.0,50.048824310302734,-48.278804779052734,-44.128414154052734,-1.8580322265625,1.078125,0.1336669921875
7.079,310,959,1531,311,0.0,33.0,47.0,7.385253429412842,-31.005857467651367,-55.053707122802734,-1.8580322265625,1.078125,0.1336669921875
7.079,310,990,1569,312,0.0,33.0,47.0,-36.56005859375,-22.277830123901367,-51.452632904052734,-2.5765380859375,1.0557861328125,0.150390625
7.087,308,1043,1575,312,0.0,33.0,47.0,-38.2080078125,-39.794921875,-35.400390625,-2.7861328125,-0.05517578125,0.96435546875
7.106,312,1025,1508,312,0.0,33.0,47.0,-38.2080078125,-39.794921875,-35.400390625,-2.6629638671875,-0.19970703125,0.8856201171875
7.106,312,1013,1474,312,0.0,33.0,47.0,26.672361373901367,-35.46142578125,-15.747069358825684,-2.6629638671875,-0.19970703125,0.8856201171875
7.117,311,992,1422,312,0.0,32.0,46.0,119.01854705810547,7.202147960662842,22.277830123901367,-0.8934326171875,0.273681640625,0.2442626953125
7.134,312,996,1419,313,0.0,32.0,46.0,119.01854705810547,7.202147960662842,22.277830123901367,-0.9273681640625,0.7303466796875,0.0694580078125
7.135,312,971,1373,312,0.0,32.0,46.0,93.87206268310547,33.3251953125,18.798828125,-0.9273681640625,0.7303466796875,0.0694580078125
7.243,311,974,1369,311,0.0,32.0,46.0,-32.04345703125,45.104976654052734,0.9765624403953552,-2.0601806640625,0.6845703125,0.1270751953125
7.248,310,947,1351,312,0.0,32.0,46.0,-32.04345703125,45.104976654052734,0.9765624403953552,-2.0810546875,0.5062255859375,0.266845703125
7.248,310,902,1294,297,0.0,32.0,46.0,-49.621578216552734,32.04345703125,-1.9531248807907104,-2.0810546875,0.5062255859375,0.266845703125
7.248,310,873,1246,312,0.0,32.0,46.0,-21.118162155151367,13.427733421325684,-5.859374523162842,-1.5177001953125,0.3157958984375,0.3582763671875
7.248,297,846,1198,312,0.0,32.0,46.0,-21.118162155151367,13.427733421325684,-5.859374523162842,-1.2935791015625,0.252197265625,0.3291015625
7.248,310,782,1112,311,0.0,32.0,46.0,-6.225585460662842,16.6015625,-6.469726085662842,-1.1080322265625,0.299560546875,0.2723388671875
7.248,296,726,1009,298,0.0,32.0,46.0,11.291502952575684,29.052732467651367,-0.7324218153953552,-0.950439453125,0.4447021484375,0.1739501953125
7.248,311,673,923,311,0.0,34.0,50.0,5.0048828125,33.38623046875,-0.4272460639476776,-0.7884521484375,0.467529296875,0.108642578125
7.248,311,621,832,298,0.0,34.0,50.0,5.0048828125,33.38623046875,-0.4272460639476776,-0.6075439453125,0.3468017578125,0.1146240234375
7.248,310,522,805,293,0.0,34.0,50.0,-15.869139671325684,31.066892623901367,-15.991209983825684,-0.435546875,0.1856689453125,0.15087890625
7.264,310,499,756,312,0.0,34.0,50.0,-15.869139671325684,27.893064498901367,-25.207517623901367,-0.3089599609375,-0.006591796875,0.1915283203125
7.264,310,477,710,310,0.0,34.0,50.0,-15.869139671325684,27.893064498901367,-25.207517623901367,-0.2679443359375,-0.19775390625,0.238525390625
7.267,310,428,644,311,0.0,34.0,50.0,11.230467796325684,25.268552780151367,-33.3251953125,-0.3115234375,-0.2828369140625,0.2342529296875
7.275,310,414,620,308,0.0,34.0,50.0,29.907224655151367,26.123044967651367,-27.221677780151367,-0.397705078125,-0.2501220703125,0.1497802734375
7.289,310,408,605,310,0.0,34.0,50.0,29.907224655151367,26.123044967651367,-27.221677780151367,-0.4906005859375,-0.1358642578125,0.06396484375
7.297,308,395,589,310,0.0,34.0,50.0,48.034664154052734,27.282712936401367,-3.540038824081421,-0.576171875,0.0517578125,0.026123046875
7.307,310,394,579,311,0.0,34.0,50.0,43.884273529052734,23.376462936401367,9.94873046875,-0.6566162109375,0.237548828125,0.00390625
7.313,310,391,566,308,0.0,36.0,49.0,43.884273529052734,23.376462936401367,9.94873046875,-0.7261962890625,0.322021484375,-0.0130615234375
7.327,310,393,552,310,0.0,36.0,49.0,12.268065452575684,12.756346702575684,24.658201217651367,-0.799072265625,0.3270263671875,0.0081787109375
7.344,310,387,557,310,0.0,36.0,49.0,0.1220703050494194,9.82666015625,24.291990280151367,-0.8853759765625,0.345947265625,0.0482177734375
7.344,310,367,547,310,0.0,36.0,49.0,0.1220703050494194,9.82666015625,24.291990280151367,-0.9603271484375,0.378173828125,0.0643310546875
7.368,309,371,576,309,0.0,36.0,49.0,-5.371093273162842,4.7607421875,14.953612327575684,-1.00048828125,0.355712890625,0.06591796875
7.369,310,360,584,309,0.0,36.0,49.0,-5.371093273162842,0.54931640625,8.23974609375,-1.009765625,0.29443359375,0.0775146484375
7.373,311,359,589,310,0.0,36.0,49.0,-3.112792730331421,-4.33349609375,3.967284917831421,-0.9974365234375,0.249755859375,0.098388671875
7.396,308,349,594,310,0.0,36.0,49.0,1.5258787870407104,-8.85009765625,2.990722417831421,-0.962646484375,0.2252197265625,0.120361328125
7.403,310,352,601,310,0.0,36.0,49.0,5.249022960662842,-12.207030296325684,4.638671875,-0.906494140625,0.2100830078125,0.1279296875
7.405,296,356,604,310,0.0,36.0,49.0,5.371093273162842,-14.282225608825684,8.1787109375,-0.8427734375,0.202880859375,0.106689453125
7.417,308,363,614,310,-4.0,36.0,48.0,1.9531248807907104,-15.563963890075684,12.634276390075684,-0.8035888671875,0.203857421875,0.0640869140625
7.425,310,371,622,310,-4.0,36.0,48.0,-2.929687261581421,-17.333984375,17.27294921875,-0.784423828125,0.2086181640625,0.033203125
7.443,310,386,646,310,-4.0,36.0,48.0,-7.934569835662842,-20.263669967651367,21.545408248901367,-0.7271728515625,0.2198486328125,0.031005859375
7.447,310,419,702,310,-4.0,36.0,48.0,-15.747069358825684,-23.071287155151367,23.986814498901367,-0.586669921875,0.2294921875,0.00634765625
7.478,310,444,713,312,-4.0,36.0,48.0,-28.442380905151367,-25.756834030151367,23.132322311401367,-0.3223876953125,0.1510009765625,-0.0908203125
7.478,310,496,725,310,-4.0,36.0,48.0,-37.17041015625,-31.494138717651367,19.8974609375,0.101318359375,0.002197265625,-0.214599609375
7.478,310,577,872,311,-4.0,36.0,48.0,-33.5693359375,-42.175289154052734,15.441893577575684,0.5892333984375,-0.048583984375,-0.3155517578125
7.485,310,639,1010,314,-4.0,36.0,48.0,-24.230955123901367,-55.297847747802734,5.126952648162842,0.8350830078125,0.0250244140625,-0.292236328125
7.493,311,697,1184,312,-4.0,36.0,48.0,-23.315427780151367,-67.93212890625,-12.268065452575684,0.5682373046875,0.1551513671875,0.013671875
7.509,309,809,1406,312,-4.0,36.0,48.0,-36.56005859375,-74.70703125,-28.381345748901367,-0.16455078125,0.2418212890625,0.528076171875
7.519,310,862,1492,312,1.0,36.0,45.0,-53.588863372802734,-68.359375,-41.198726654052734,-1.028564453125,0.1734619140625,0.9215087890625
7.523,311,916,1540,312,1.0,36.0,45.0,-57.861324310302734,-50.537105560302734,-48.461910247802734,-1.6815185546875,0.1143798828125,0.9429931640625
7.559,311,986,1596,312,1.0,36.0,45.0,-42.297359466552734,-33.935546875,-42.297359466552734,-2.0113525390625,0.2340087890625,0.66455078125
7.560,310,1020,1636,312,1.0,36.0,45.0,-15.014647483825684,-27.282712936401367,-24.780271530151367,-2.2261962890625,0.5482177734375,0.4210205078125
7.560,298,1029,1662,312,1.0,36.0,45.0,8.97216796875,-29.296873092651367,-5.371093273162842,-2.532958984375,0.757080078125,0.405517578125
7.579,310,1011,1610,312,1.0,36.0,45.0,18.00537109375,-31.555173873901367,10.498045921325684,-2.7674560546875,0.5576171875,0.52294921875
7.579,310,1000,1583,312,1.0,36.0,45.0,19.53125,-26.489255905151367,22.766111373901367,-2.2874755859375,0.140625,0.6318359375
7.583,310,982,1541,312,1.0,36.0,45.0,36.7431640625,-12.268065452575684,25.756834030151367,-1.22998046875,0.0146484375,0.6019287109375
7.597,310,986,1536,312,1.0,36.0,45.0,59.570308685302734,8.1787109375,16.17431640625,-0.6795654296875,0.429931640625,0.385009765625
7.615,310,986,1535,312,1.0,36.0,45.0,48.339839935302734,27.954099655151367,0.4272460639476776,-0.918701171875,0.781982421875,0.1324462890625
7.615,298,981,1503,300,0.0,33.0,46.0,7.751464366912842,39.97802734375,-15.441893577575684,-1.5247802734375,0.724853515625,0.0572509765625
7.622,311,963,1528,312,0.0,33.0,46.0,-27.893064498901367,39.0625,-24.536130905151367,-1.961181640625,0.49755859375,0.1553955078125
7.636,310,929,1488,312,0.0,33.0,46.0,-39.6728515625,28.320310592651367,-24.963376998901367,-1.942626953125,0.2930908203125,0.3111572265625
7.644,310,904,1450,311,0.0,33.0,46.0,-31.311033248901367,17.15087890625,-21.057126998901367,-1.6627197265625,0.21728515625,0.4503173828125
7.652,310,873,1409,313,0.0,33.0,46.0,-19.71435546875,13.793944358825684,-15.380858421325684,-1.3878173828125,0.2158203125,0.4935302734375
7.670,310,820,1282,312,0.0,33.0,46.0,-11.047362327575684,20.874021530151367,-8.48388671875,-1.2188720703125,0.2132568359375,0.4503173828125
7.674,310,782,1201,312,0.0,33.0,46.0,-3.845214605331421,32.2265625,-1.03759765625,-1.129638671875,0.240966796875,0.3834228515625
7.682,310,745,1125,312,0.0,33.0,46.0,-0.0610351525247097,40.893550872802734,6.164550304412842,-1.0745849609375,0.3489990234375,0.2784423828125
7.697,310,658,973,312,0.0,33.0,46.0,-3.784179449081421,45.593257904052734,11.901854515075684,-0.9913330078125,0.3975830078125,0.172607421875
7.704,308,608,889,312,0.0,33.0,46.0,-11.779784202575684,46.508785247802734,13.244627952575684,-0.8455810546875,0.2935791015625,0.155517578125
7.719,310,552,829,312,0.0,33.0,44.0,-14.709471702575684,44.860836029052734,9.94873046875,-0.681396484375,0.149169921875,0.1953125
7.725,310,496,754,311,0.0,33.0,44.0,-8.11767578125,43.334957122802734,3.601073980331421,-0.5355224609375,0.02685546875,0.234130859375
7.734,311,473,704,311,0.0,33.0,44.0,4.94384765625,43.090816497802734,-5.0048828125,-0.4404296875,-0.1092529296875,0.26953125
7.746,310,437,646,310,0.0,33.0,44.0,20.385740280151367,44.189449310302734,-12.329100608825684,-0.4271240234375,-0.2108154296875,0.2537841796875
7.756,309,393,573,310,0.0,33.0,44.0,35.94970703125,47.058101654052734,-12.573241233825684,-0.5455322265625,-0.1822509765625,0.0904541015625
7.764,308,377,545,310,0.0,33.0,44.0,48.706050872802734,49.804683685302734,-5.065917491912842,-0.5455322265625,-0.1822509765625,0.0904541015625
7.773,311,357,499,308,0.0,33.0,44.0,58.349605560302734,50.842281341552734,6.286620616912842,-0.5638427734375,-0.0789794921875,0.035400390625
7.786,310,331,451,310,0.0,33.0,44.0,64.697265625,49.560543060302734,19.1650390625,-0.6405029296875,0.320556640625,-0.0030517578125
7.794,310,328,430,310,0.0,33.0,44.0,61.584468841552734,45.166011810302734,30.456541061401367,-0.6405029296875,0.320556640625,-0.0030517578125
7.802,310,328,411,309,0.0,33.0,44.0,47.973628997802734,39.85595703125,35.888671875,-0.6951904296875,0.4136962890625,-0.0059814453125
7.825,309,323,394,308,0.0,36.0,44.0,32.470703125,35.70556640625,34.48486328125,-0.8629150390625,0.5023193359375,0.0140380859375
7.827,310,322,385,310,0.0,36.0,44.0,20.629880905151367,30.822751998901367,28.869626998901367,-0.8629150390625,0.5023193359375,0.0140380859375
7.837,309,316,373,310,0.0,36.0,44.0,13.366698265075684,25.085447311401367,21.362302780151367,-0.8802490234375,0.4952392578125,0.029541015625
7.856,309,315,373,310,0.0,36.0,44.0,9.82666015625,19.71435546875,12.939452171325684,-0.8046875,0.3458251953125,0.0413818359375
7.856,308,306,362,308,0.0,36.0,44.0,8.30078125,13.854979515075684,4.69970703125,-0.8046875,0.3458251953125,0.0413818359375
7.888,310,322,382,310,0.0,36.0,44.0,8.544921875,7.019042491912842,-1.7700194120407104,-0.779052734375,0.2728271484375,0.02490234375
7.888,308,326,407,310,0.0,36.0,44.0,10.498045921325684,-0.1831054538488388,-4.638671875,-0.7864990234375,0.182373046875,-0.061767578125
7.888,311,329,408,309,0.0,36.0,44.0,12.023924827575684,-6.896972179412842,-3.356933355331421,-0.77392578125,0.170654296875,-0.1029052734375
7.892,309,332,415,309,0.0,36.0,44.0,11.657713890075684,-13.000487327575684,1.15966796875,-0.77392578125,0.170654296875,-0.1029052734375
7.906,309,364,428,308,0.0,35.0,41.0,-0.9765624403953552,-23.498533248901367,13.366698265075684,-0.6865234375,0.2061767578125,-0.1536865234375
7.914,310,371,441,310,0.0,35.0,41.0,-0.9765624403953552,-23.498533248901367,13.366698265075684,-0.6611328125,0.220703125,-0.119384765625
7.930,310,379,465,310,0.0,35.0,41.0,-19.287109375,-27.832029342651367,19.59228515625,-0.6611328125,0.220703125,-0.119384765625
7.936,310,424,530,310,0.0,35.0,41.0,-74.76806640625,-30.029294967651367,32.28759765625,-0.451416015625,0.2012939453125,-0.1820068359375
7.951,310,465,592,310,0.0,35.0,41.0,-74.76806640625,-30.029294967651367,32.28759765625,-0.08349609375,0.0557861328125,-0.3433837890625
7.952,310,494,650,310,0.0,35.0,41.0,-104.91942596435547,-31.677244186401367,31.555173873901367,-0.08349609375,0.0557861328125,-0.3433837890625
7.986,310,594,805,311,0.0,35.0,41.0,-125.67137908935547,-51.391597747802734,8.36181640625,0.48193359375,-0.3194580078125,-0.0380859375
7.986,310,644,932,312,0.0,35.0,41.0,-125.67137908935547,-51.391597747802734,8.36181640625,0.34912109375,-0.278564453125,0.536376953125
7.986,310,673,1081,310,0.0,35.0,41.0,-87.82958221435547,-61.767574310302734,-5.249022960662842,0.34912109375,-0.278564453125,0.536376953125
7.998,310,799,1173,311,0.0,35.0,41.0,-9.82666015625,-62.255855560302734,-27.343748092651367,-0.665771484375,0.0877685546875,1.1817626953125
8.004,310,846,1226,312,3.0,33.0,43.0,-9.82666015625,-62.255855560302734,-27.343748092651367,-1.365478515625,0.63916015625,0.6458740234375
8.012,311,886,1283,312,3.0,33.0,43.0,3.234863042831421,-47.851558685302734,-29.602048873901367,-1.365478515625,0.63916015625,0.6458740234375
8.026,310,959,1400,312,3.0,33.0,43.0,0.2441406100988388,-33.69140625,-1.9531248807907104,-2.3494873046875,1.4063720703125,0.122314453125
8.034,310,982,1443,312,3.0,33.0,43.0,-11.535643577575684,-43.212886810302734,3.479003667831421,-2.66015625,0.8060302734375,0.5128173828125
8.042,309,981,1422,312,3.0,33.0,43.0,-11.535643577575684,-43.212886810302734,3.479003667831421,-2.882568359375,0.066162109375,0.7149658203125
8.056,310,964,1362,312,3.0,33.0,43.0,24.230955123901367,-22.460935592651367,7.324218273162842,-2.367431640625,-0.3380126953125,0.6080322265625
8.082,310,951,1338,312,3.0,33.0,43.0,72.08251953125,-4.45556640625,14.282225608825684,-1.26904296875,-0.1246337890625,0.3719482421875
8.082,310,931,1336,310,3.0,33.0,43.0,72.08251953125,-4.45556640625,14.282225608825684,-0.8692626953125,0.595947265625,0.1759033203125
8.086,310,944,1313,311,3.0,33.0,43.0,60.852046966552734,27.038572311401367,8.36181640625,-1.3570556640625,1.0587158203125,0.078369140625
8.094,310,933,1300,312,3.0,33.0,43.0,-2.868652105331421,36.56005859375,-2.38037109375,-1.9022216796875,0.8902587890625,0.0850830078125
8.102,311,917,1284,312,3.0,33.0,43.0,-2.868652105331421,36.56005859375,-2.38037109375,-2.0123291015625,0.543212890625,0.1767578125
8.116,311,873,1236,312,1.0,36.0,47.0,-38.02490234375,22.521970748901367,-15.075682640075684,-1.801513671875,0.388916015625,0.30615234375
8.127,310,840,1188,312,1.0,36.0,47.0,-24.475095748901367,12.512206077575684,-14.587401390075684,-1.539794921875,0.3817138671875,0.369873046875
8.132,310,809,1142,312,1.0,36.0,47.0,-24.475095748901367,12.512206077575684,-14.587401390075684,-1.3360595703125,0.3328857421875,0.3331298828125
8.146,311,749,1001,311,1.0,36.0,47.0,-6.713866710662842,22.338865280151367,-16.78466796875,-1.1673583984375,0.3033447265625,0.2301025390625
8.155,310,703,910,311,1.0,36.0,47.0,2.563476324081421,28.564451217651367,-14.343260765075684,-0.9937744140625,0.3927001953125,0.1168212890625
8.162,310,653,823,312,1.0,36.0,47.0,2.563476324081421,28.564451217651367,-14.343260765075684,-0.7847900390625,0.413330078125,0.0897216796875
8.185,310,574,724,312,1.0,36.0,47.0,-0.6103515625,27.648923873901367,-9.09423828125,-0.5560302734375,0.2918701171875,0.136474609375
8.186,310,527,717,312,1.0,36.0,47.0,-9.1552734375,26.000974655151367,-13.916014671325684,-0.3563232421875,0.1456298828125,0.186767578125
8.192,311,502,685,310,1.0,36.0,47.0,-12.390135765075684,26.062009811401367,-21.118162155151367,-0.2259521484375,0.0128173828125,0.2310791015625
8.206,310,464,644,310,3.0,36.0,44.0,-6.774901866912842,27.282712936401367,-28.198240280151367,-0.1943359375,-0.11865234375,0.2713623046875
8.214,310,447,632,310,3.0,36.0,44.0,4.2724609375,28.625486373901367,-32.3486328125,-0.259765625,-0.1827392578125,0.2496337890625
8.231,310,439,616,310,3.0,36.0,44.0,16.11328125,30.517576217651367,-30.029294967651367,-0.414306640625,-0.13525390625,0.1407470703125
8.236,310,436,574,311,3.0,36.0,44.0,23.132322311401367,31.555173873901367,-20.751951217651367,-0.572998046875,-0.0631103515625,0.0533447265625
8.248,310,437,557,310,3.0,36.0,44.0,24.291990280151367,28.808591842651367,-7.873534679412842,-0.64697265625,0.0084228515625,0.0469970703125
8.261,310,436,537,310,3.0,36.0,44.0,22.827146530151367,23.620603561401367,5.249022960662842,-0.677490234375,0.11083984375,0.06298828125
8.266,310,441,535,311,3.0,36.0,44.0,18.6767578125,18.98193359375,15.502928733825684,-0.719482421875,0.201904296875,0.05810546875
8.276,310,447,533,310,3.0,36.0,44.0,12.390135765075684,15.197752952575684,20.690916061401367,-0.7677001953125,0.2642822265625,0.037353515625
8.287,310,451,538,310,3.0,36.0,44.0,7.751464366912842,11.901854515075684,21.301267623901367,-0.8157958984375,0.333984375,0.0189208984375
8.296,310,452,552,311,3.0,36.0,44.0,5.126952648162842,8.7890625,18.61572265625,-0.869873046875,0.39990234375,0.0220947265625
8.304,310,454,558,311,0.0,35.0,46.0,2.38037109375,5.798339366912842,13.916014671325684,-0.927490234375,0.42724609375,0.0552978515625
8.312,310,449,564,309,0.0,35.0,46.0,-0.7324218153953552,3.295898199081421,8.48388671875,-0.9937744140625,0.4166259765625,0.1119384765625
8.327,310,441,566,310,0.0,35.0,46.0,-3.295898199081421,2.38037109375,3.295898199081421,-1.0572509765625,0.376953125,0.1651611328125
8.339,310,438,567,311,0.0,35.0,46.0,-3.784179449081421,2.990722417831421,-0.8544921278953552,-1.0994873046875,0.3101806640625,0.1900634765625
8.342,309,434,562,310,0.0,35.0,46.0,-0.7934569716453552,3.173827886581421,-3.356933355331421,-1.1104736328125,0.2430419921875,0.1888427734375
8.363,309,423,555,310,0.0,35.0,46.0,4.638671875,1.5258787870407104,-3.723144292831421,-1.0946044921875,0.2080078125,0.170654296875
8.364,299,402,547,310,0.0,35.0,46.0,10.009765625,-1.03759765625,-2.25830078125,-1.0623779296875,0.19970703125,0.135009765625
8.436,310,408,533,311,0.0,35.0,46.0,13.916014671325684,-2.929687261581421,0.4272460639476776,-1.0208740234375,0.2020263671875,0.089599609375
8.442,310,391,523,310,0.0,35.0,46.0,16.2353515625,-3.723144292831421,3.417968511581421,-0.978271484375,0.20263671875,0.05517578125
8.497,310,380,516,310,0.0,35.0,46.0,16.4794921875,-4.2724609375,5.981444835662842,-0.9364013671875,0.19775390625,0.0350341796875
8.499,310,379,518,310,0.0,37.0,41.0,14.709471702575684,-5.310058116912842,7.995604991912842,-0.8919677734375,0.2056884765625,0.0152587890625
8.499,295,369,525,312,0.0,37.0,41.0,10.742186546325684,-7.263183116912842,10.070799827575684,-0.8475341796875,0.2376708984375,0.0015869140625
8.499,310,371,538,310,0.0,37.0,41.0,2.624511480331421,-10.070799827575684,12.512206077575684,-0.8040771484375,0.272216796875,0.025390625
8.499,310,378,548,310,0.0,37.0,41.0,-10.742186546325684,-12.390135765075684,15.197752952575684,-0.771484375,0.2877197265625,0.095703125
8.500,310,393,579,310,0.0,37.0,41.0,-26.611326217651367,-12.939452171325684,17.63916015625,-0.77197265625,0.286865234375,0.17578125
8.500,310,415,607,311,0.0,37.0,41.0,-39.00146484375,-13.000487327575684,18.98193359375,-0.7130126953125,0.2275390625,0.2227783203125
8.500,309,441,628,309,0.0,37.0,41.0,-38.63525390625,-17.4560546875,17.02880859375,-0.3857421875,0.0517578125,0.1322021484375
8.500,310,523,654,310,0.0,37.0,41.0,-15.808104515075684,-31.433103561401367,10.681151390075684,0.2099609375,-0.2015380859375,-0.131591796875
8.500,295,573,730,310,0.0,37.0,41.0,24.414060592651367,-55.603023529052734,3.295898199081421,0.8787841796875,-0.3043212890625,-0.294921875
8.500,298,619,852,311,0.0,37.0,41.0,60.546871185302734,-76.0498046875,-5.126952648162842,1.2740478515625,-0.0626220703125,-0.2552490234375
8.506,310,718,1091,310,-2.0,31.0,48.0,63.903804779052734,-73.73046875,-18.5546875,-0.0902099609375,0.519287109375,0.2569580078125
8.514,310,790,1217,312,-2.0,31.0,48.0,16.4794921875,-54.321285247802734,-32.958984375,-0.0902099609375,0.519287109375,0.2569580078125
8.522,310,848,1311,312,-2.0,31.0,48.0,-52.856441497802734,-36.56005859375,-41.870113372802734,-1.267822265625,0.454833984375,0.59375
8.535,310,927,1396,310,-2.0,31.0,48.0,-91.79686737060547,-25.939939498901367,-43.151851654052734,-2.35693359375,0.23291015625,0.572998046875
8.544,312,962,1422,312,-2.0,31.0,48.0,-89.05028533935547,-26.916501998901367,-34.48486328125,-2.35693359375,0.23291015625,0.572998046875
8.570,308,987,1444,312,-2.0,31.0,48.0,-50.415035247802734,-34.66796875,-17.9443359375,-2.384521484375,0.1197509765625,0.6182861328125
8.570,298,984,1365,312,-2.0,31.0,48.0,9.6435546875,-36.19384765625,5.615233898162842,-2.72216796875,0.406005859375,0.591552734375
8.574,310,968,1313,312,-2.0,31.0,48.0,52.124019622802734,-28.076169967651367,32.3486328125,-2.72216796875,0.406005859375,0.591552734375
8.595,310,966,1281,312,-2.0,31.0,48.0,63.903804779052734,-10.559081077575684,51.513668060302734,-2.0672607421875,0.307373046875,0.49755859375
8.596,296,966,1255,310,-2.0,31.0,48.0,67.9931640625,11.962889671325684,50.964351654052734,-1.0030517578125,0.7900390625,0.1539306640625
8.604,310,964,1246,312,0.0,34.0,46.0,63.232418060302734,30.273435592651367,33.50830078125,-1.0030517578125,0.7900390625,0.1539306640625
8.612,310,953,1241,312,0.0,34.0,46.0,29.052732467651367,38.6962890625,13.549803733825684,-1.532470703125,1.0340576171875,0.01513671875
8.628,308,927,1225,313,0.0,34.0,46.0,-12.695311546325684,36.31591796875,-3.234863042831421,-1.91015625,0.512451171875,0.177734375
8.639,312,902,1204,312,0.0,34.0,46.0,-30.090330123901367,24.475095748901367,-13.793944358825684,-1.91015625,0.512451171875,0.177734375
8.644,310,873,1176,312,0.0,34.0,46.0,-24.963376998901367,12.023924827575684,-18.85986328125,-1.736083984375,0.3931884765625,0.2626953125
8.656,311,822,1105,312,0.0,34.0,46.0,-5.676269054412842,11.169432640075684,-24.169919967651367,-1.3626708984375,0.2734375,0.2294921875
8.692,309,782,1047,312,0.0,34.0,46.0,-5.676269054412842,11.169432640075684,-24.169919967651367,-1.166259765625,0.289306640625,0.22900390625
8.702,308,745,966,312,0.0,34.0,46.0,3.540038824081421,14.404295921325684,-22.644041061401367,-1.166259765625,0.289306640625,0.22900390625
8.702,309,662,849,312,0.0,34.0,46.0,6.652831554412842,20.446775436401367,-13.916014671325684,-0.8109130859375,0.4615478515625,0.24853515625
8.703,297,613,799,310,0.0,34.0,46.0,6.652831554412842,20.446775436401367,-13.916014671325684,-0.62548828125,0.32470703125,0.264404296875
8.704,308,548,740,311,1.0,33.0,47.0,-7.690429210662842,24.047849655151367,-16.78466796875,-0.62548828125,0.32470703125,0.264404296875
8.717,310,483,693,310,1.0,33.0,47.0,-17.08984375,30.273435592651367,-28.259275436401367,-0.3424072265625,-0.0806884765625,0.27294921875
8.725,308,456,656,311,1.0,33.0,47.0,-0.30517578125,29.785154342651367,-32.28759765625,-0.283935546875,-0.2518310546875,0.304931640625
8.733,310,426,608,310,1.0,33.0,47.0,-0.30517578125,29.785154342651367,-32.28759765625,-0.2950439453125,-0.320068359375,0.2574462890625
8.747,310,399,562,310,1.0,33.0,47.0,44.921871185302734,30.700681686401367,-27.954099655151367,-0.355712890625,-0.2921142578125,0.1011962890625
8.755,310,381,543,310,1.0,33.0,47.0,59.692378997802734,34.3017578125,-16.7236328125,-0.4432373046875,-0.164306640625,-0.015380859375
8.770,308,380,524,310,1.0,33.0,47.0,59.692378997802734,34.3017578125,-16.7236328125,-0.5372314453125,0.060791015625,-0.015380859375
8.797,310,382,497,309,1.0,33.0,47.0,55.725093841552734,26.672361373901367,15.319823265075684,-0.6063232421875,0.2801513671875,0.009033203125
8.797,310,382,481,310,1.0,33.0,47.0,36.80419921875,21.118162155151367,25.512693405151367,-0.6522216796875,0.3790283203125,-0.00341796875
8.798,308,382,481,310,1.0,33.0,47.0,36.80419921875,21.118162155151367,25.512693405151367,-0.7176513671875,0.3775634765625,-0.0198974609375
8.807,310,390,490,310,-1.0,34.0,46.0,6.469726085662842,17.76123046875,22.338865280151367,-0.8343505859375,0.3975830078125,-0.028076171875
8.815,310,386,495,310,-1.0,34.0,46.0,2.990722417831421,14.160155296325684,16.90673828125,-0.955322265625,0.4512939453125,-0.03515625
8.823,309,384,504,310,-1.0,34.0,46.0,2.990722417831421,14.160155296325684,16.90673828125,-1.0086669921875,0.4395751953125,-0.004150390625
8.882,309,380,510,310,-1.0,34.0,46.0,-6.408690929412842,0.9765624403953552,0.4882812201976776,-0.993408203125,0.348876953125,0.070068359375
8.883,310,377,523,310,-1.0,34.0,46.0,-9.33837890625,-4.0283203125,-6.469726085662842,-0.960205078125,0.2606201171875,0.1239013671875
8.883,310,379,535,309,-1.0,34.0,46.0,-9.33837890625,-4.0283203125,-6.469726085662842,-0.937744140625,0.207275390625,0.1353759765625
8.883,310,382,543,310,-1.0,34.0,46.0,-3.417968511581421,-10.192870140075684,-8.36181640625,-0.9249267578125,0.1685791015625,0.127685546875
8.883,309,384,548,310,-1.0,34.0,46.0,-2.13623046875,-13.000487327575684,-4.33349609375,-0.91259765625,0.138427734375,0.102294921875
8.905,309,387,549,308,-1.0,34.0,46.0,-1.7700194120407104,-14.892577171325684,2.3193359375,-0.8922119140625,0.1265869140625,0.0537109375
8.905,310,402,553,310,-1.0,32.0,46.0,-2.0751953125,-16.4794921875,10.742186546325684,-0.85986328125,0.1396484375,-0.006103515625
8.906,309,408,558,311,-1.0,32.0,46.0,-5.676269054412842,-18.9208984375,19.53125,-0.818603515625,0.1778564453125,-0.0528564453125
8.913,310,415,562,310,-1.0,32.0,46.0,-14.404295921325684,-21.667478561401367,26.916501998901367,-0.77734375,0.22265625,-0.06884765625
8.926,310,434,620,310,-1.0,32.0,46.0,-30.395505905151367,-22.521970748901367,32.53173828125,-0.7125244140625,0.240966796875,-0.0460205078125
8.935,310,447,657,310,-1.0,32.0,46.0,-53.100582122802734,-21.301267623901367,35.70556640625,-0.5443115234375,0.1959228515625,-0.0543212890625
8.944,310,482,693,310,-1.0,32.0,46.0,-73.73046875,-22.094724655151367,34.24072265625,-0.2108154296875,0.064697265625,-0.14892578125
8.957,310,552,809,311,-1.0,32.0,46.0,-81.66503143310547,-29.907224655151367,27.404783248901367,0.23974609375,-0.083984375,-0.2158203125
8.966,310,601,928,311,-1.0,32.0,46.0,-71.22802734375,-44.189449310302734,16.9677734375,0.5989990234375,-0.1572265625,-0.1326904296875
8.974,310,666,1069,311,-1.0,32.0,46.0,-41.931148529052734,-59.265132904052734,4.150390625,0.639892578125,-0.082275390625,0.1650390625
9.013,309,763,1267,311,-1.0,32.0,46.0,-10.864256858825684,-70.068359375,-8.544921875,0.2943115234375,0.0994873046875,0.6195068359375
9.014,310,819,1351,312,-1.0,32.0,46.0,-1.2817381620407104,-70.6787109375,-21.057126998901367,-0.323974609375,0.212646484375,0.94921875
9.015,299,868,1404,312,1.0,31.0,46.0,-6.347655773162842,-56.274410247802734,-33.8134765625,-1.049072265625,0.4429931640625,0.8551025390625
9.017,310,959,1484,312,1.0,31.0,46.0,-12.023924827575684,-34.5458984375,-38.26904296875,-1.781005859375,0.852783203125,0.4361572265625
9.025,310,989,1528,313,1.0,31.0,46.0,-18.798828125,-21.484373092651367,-33.935546875,-2.356201171875,1.044921875,0.1842041015625
9.033,310,1022,1565,312,1.0,31.0,46.0,-21.362302780151367,-23.620603561401367,-27.465818405151367,-2.6910400390625,0.7745361328125,0.3604736328125
9.048,310,1014,1518,312,1.0,31.0,46.0,-6.408690929412842,-30.334470748901367,-19.83642578125,-2.8739013671875,0.249267578125,0.6474609375
9.056,310,1008,1486,312,1.0,31.0,46.0,25.512693405151367,-28.076169967651367,-10.864256858825684,-2.57080078125,-0.146484375,0.68017578125
9.063,310,987,1450,312,1.0,31.0,46.0,63.537593841552734,-14.587401390075684,-2.01416015625,-1.5589599609375,-0.2100830078125,0.5052490234375
9.077,310,989,1430,312,1.0,31.0,46.0,90.57616424560547,5.554198741912842,3.173827886581421,-0.8026123046875,0.247314453125,0.3079833984375
9.085,310,989,1422,312,1.0,31.0,46.0,71.6552734375,25.756834030151367,3.845214605331421,-1.0115966796875,0.7607421875,0.1617431640625
9.100,312,982,1413,312,1.0,31.0,46.0,13.732909202575684,39.4287109375,-0.4882812201976776,-1.6761474609375,0.78076171875,0.09912109375
9.112,310,948,1379,312,0.0,33.0,44.0,-31.005857467651367,40.222164154052734,-5.737304210662842,-2.072265625,0.5455322265625,0.1468505859375
9.115,310,927,1348,313,0.0,33.0,44.0,-39.55078125,28.198240280151367,-6.225585460662842,-1.980224609375,0.3726806640625,0.2633056640625
9.125,310,889,1311,312,0.0,33.0,44.0,-27.648923873901367,15.747069358825684,-3.967284917831421,-1.675048828125,0.336669921875,0.3643798828125
9.137,310,840,1225,311,0.0,33.0,44.0,-16.2353515625,13.305663108825684,-2.50244140625,-1.4193115234375,0.3154296875,0.38623046875
9.150,311,796,1153,312,0.0,33.0,44.0,-8.72802734375,20.01953125,-1.0986328125,-1.2501220703125,0.2501220703125,0.354248046875
9.153,309,751,1064,312,0.0,33.0,44.0,-0.3662109076976776,28.442380905151367,2.50244140625,-1.1119384765625,0.28662109375,0.2645263671875
9.167,310,673,928,312,0.0,33.0,44.0,3.845214605331421,33.69140625,8.544921875,-0.98193359375,0.3907470703125,0.131591796875
9.179,310,618,848,311,0.0,33.0,44.0,-1.7089842557907104,34.60693359375,13.061522483825684,-0.81103515625,0.3486328125,0.0897216796875
9.183,310,573,813,312,0.0,33.0,44.0,-9.3994140625,31.616209030151367,11.657713890075684,-0.5872802734375,0.1800537109375,0.1630859375
9.209,310,510,763,311,2.0,33.0,48.0,-10.070799827575684,27.526853561401367,4.33349609375,-0.2786865234375,-0.029541015625,0.2486572265625
9.210,310,481,740,310,2.0,33.0,48.0,-3.845214605331421,25.085447311401367,-6.774901866912842,-0.2786865234375,-0.029541015625,0.2486572265625
9.213,310,465,718,310,2.0,33.0,48.0,4.08935546875,25.024412155151367,-19.1650390625,-0.2711181640625,-0.0712890625,0.2149658203125
9.227,308,424,651,310,2.0,33.0,48.0,11.413573265075684,26.672361373901367,-26.977537155151367,-0.474365234375,-0.01513671875,-0.0169677734375
9.237,310,415,639,310,2.0,33.0,48.0,18.49365234375,28.869626998901367,-26.062009811401367,-0.474365234375,-0.01513671875,-0.0169677734375
9.243,308,406,629,311,2.0,33.0,48.0,23.742673873901367,29.296873092651367,-18.24951171875,-0.5357666015625,0.060302734375,-0.0731201171875
9.257,310,394,614,310,2.0,33.0,48.0,25.207517623901367,26.245115280151367,-7.446288585662842,-0.6048583984375,0.281005859375,0.0760498046875
9.265,309,395,605,310,2.0,33.0,48.0,19.95849609375,21.545408248901367,2.50244140625,-0.6048583984375,0.281005859375,0.0760498046875
9.273,309,396,596,311,2.0,33.0,48.0,6.774901866912842,17.76123046875,9.09423828125,-0.6822509765625,0.3238525390625,0.172607421875
9.287,309,399,592,310,2.0,33.0,48.0,-7.141112804412842,15.563963890075684,12.084959983825684,-0.85400390625,0.2706298828125,0.1661376953125
9.316,310,401,587,309,0.0,34.0,41.0,-14.038084983825684,14.160155296325684,12.878417015075684,-0.85400390625,0.2706298828125,0.1661376953125
9.316,310,398,579,308,0.0,34.0,41.0,-13.183592796325684,11.474608421325684,12.878417015075684,-0.9415283203125,0.23974609375,0.0987548828125
9.317,308,396,555,309,0.0,34.0,41.0,-7.629394054412842,6.530761241912842,12.695311546325684,-1.0098876953125,0.21533203125,0.0718994140625
9.325,310,396,572,310,0.0,34.0,41.0,-0.6713866591453552,0.7934569716453552,12.817381858825684,-1.0098876953125,0.21533203125,0.0718994140625
9.333,308,394,568,309,0.0,34.0,41.0,5.310058116912842,-4.0283203125,13.183592796325684,-0.9990234375,0.2412109375,0.1016845703125
9.351,309,399,576,310,0.0,34.0,41.0,9.21630859375,-9.21630859375,12.695311546325684,-0.9361572265625,0.26123046875,0.1363525390625
9.356,310,396,582,311,0.0,34.0,41.0,9.21630859375,-9.21630859375,12.695311546325684,-0.90380859375,0.2557373046875,0.109619140625
9.363,310,399,585,310,0.0,34.0,41.0,8.056640625,-10.742186546325684,12.207030296325684,-0.90380859375,0.2557373046875,0.109619140625
9.377,309,409,601,310,0.0,34.0,41.0,3.601073980331421,-15.869139671325684,13.366698265075684,-0.8673095703125,0.256591796875,0.0203857421875
9.385,310,414,623,312,0.0,34.0,41.0,3.601073980331421,-15.869139671325684,13.366698265075684,-0.78515625,0.244384765625,0.023193359375
9.393,310,424,658,312,0.0,36.0,47.0,-3.784179449081421,-18.98193359375,15.869139671325684,-0.78515625,0.244384765625,0.023193359375
9.409,310,451,728,310,0.0,36.0,47.0,-28.625486373901367,-25.268552780151367,16.6015625,-0.26904296875,0.056640625,-0.0028076171875
9.418,310,485,750,311,0.0,36.0,47.0,-28.625486373901367,-25.268552780151367,16.6015625,0.1658935546875,-0.1435546875,-0.089599609375
9.423,310,531,799,310,0.0,36.0,47.0,-27.954099655151367,-34.36279296875,10.437010765075684,0.1658935546875,-0.1435546875,-0.089599609375
9.437,310,620,973,310,0.0,36.0,47.0,16.41845703125,-55.969234466552734,-0.8544921278953552,0.7623291015625,-0.088134765625,-0.1190185546875
9.445,310,677,1104,312,0.0,36.0,47.0,16.41845703125,-55.969234466552734,-0.8544921278953552,0.5504150390625,0.1639404296875,0.0518798828125
9.456,309,739,1214,312,0.0,36.0,47.0,29.785154342651367,-63.232418060302734,-9.6435546875,0.5504150390625,0.1639404296875,0.0518798828125
9.467,310,849,1377,312,0.0,36.0,47.0,-3.417968511581421,-65.7958984375,-36.31591796875,-0.8377685546875,0.4986572265625,0.54443359375
9.476,310,902,1464,312,0.0,36.0,47.0,-3.417968511581421,-65.7958984375,-36.31591796875,-1.611572265625,0.7296142578125,0.5181884765625
9.489,311,955,1527,312,0.0,36.0,47.0,-21.850584030151367,-52.368160247802734,-45.959468841552734,-2.127197265625,0.812744140625,0.5086669921875
9.525,310,1020,1580,312,0.0,31.0,45.0,-32.04345703125,-45.043941497802734,-41.748043060302734,-2.3353271484375,0.4755859375,0.6995849609375
9.526,311,1039,1611,310,0.0,31.0,45.0,-6.713866710662842,-46.569820404052734,-41.015621185302734,-2.54443359375,0.2010498046875,0.784423828125
9.527,311,1039,1585,312,0.0,31.0,45.0,-6.713866710662842,-46.569820404052734,-41.015621185302734,-2.8035888671875,0.1728515625,0.648193359375
9.527,296,1026,1531,310,0.0,31.0,45.0,61.889644622802734,-23.376462936401367,-15.930174827575684,-2.3162841796875,0.080322265625,0.4437255859375
9.535,310,1014,1499,312,0.0,31.0,45.0,75.68359375,-8.1787109375,-2.01416015625,-1.2225341796875,0.03271484375,0.3236083984375
9.543,310,1008,1477,312,0.0,31.0,45.0,75.68359375,-8.1787109375,-2.01416015625,-0.7069091796875,0.3204345703125,0.282470703125
9.558,311,1008,1474,312,0.0,31.0,45.0,36.68212890625,21.118162155151367,0.3662109076976776,-0.977294921875,0.615478515625,0.2186279296875
9.565,311,1008,1477,312,0.0,31.0,45.0,-10.681151390075684,31.677244186401367,-6.103515148162842,-1.5386962890625,0.618896484375,0.1937255859375
9.576,310,1000,1470,312,0.0,31.0,45.0,-10.681151390075684,31.677244186401367,-6.103515148162842,-1.874755859375,0.494873046875,0.2418212890625
9.589,310,966,1444,312,0.0,31.0,45.0,-40.527339935302734,25.268552780151367,-14.587401390075684,-1.821044921875,0.364990234375,0.3056640625
9.595,311,944,1422,312,2.0,32.0,47.0,-30.944822311401367,16.845703125,-13.183592796325684,-1.5625,0.2806396484375,0.372802734375
9.620,309,921,1395,312,2.0,32.0,47.0,-30.944822311401367,16.845703125,-13.183592796325684,-1.3214111328125,0.2314453125,0.3980712890625
9.620,309,869,1306,308,2.0,32.0,47.0,-15.930174827575684,17.822265625,-5.615233898162842,-1.190673828125,0.208740234375,0.36083984375
9.632,310,837,1246,312,2.0,32.0,47.0,-10.498045921325684,25.939939498901367,-0.2441406100988388,-1.125244140625,0.213623046875,0.300048828125
9.633,309,803,1184,312,2.0,32.0,47.0,-10.498045921325684,25.939939498901367,-0.2441406100988388,-1.0736083984375,0.28369140625,0.2288818359375
9.647,311,737,1071,312,2.0,32.0,47.0,-9.521484375,36.43798828125,7.995604991912842,-0.99609375,0.34912109375,0.1934814453125
9.659,311,694,989,312,2.0,32.0,47.0,-16.845703125,37.9638671875,9.33837890625,-0.8765869140625,0.29052734375,0.2269287109375
9.663,310,653,919,312,2.0,32.0,47.0,-22.216794967651367,37.17041015625,7.141112804412842,-0.7562255859375,0.1763916015625,0.2601318359375
9.677,310,578,822,310,2.0,32.0,47.0,-18.06640625,35.46142578125,1.8310545682907104,-0.65966796875,0.11279296875,0.2410888671875
9.696,310,547,784,312,2.0,32.0,47.0,-5.615233898162842,33.8134765625,-5.187987804412842,-0.5775146484375,0.080078125,0.1982421875
9.697,310,512,741,311,3.0,34.0,41.0,7.080077648162842,32.16552734375,-11.840819358825684,-0.5189208984375,0.007568359375,0.174072265625
9.711,310,465,684,310,3.0,34.0,41.0,15.380858421325684,31.127927780151367,-15.319823265075684,-0.4949951171875,-0.0848388671875,0.15966796875
9.717,311,435,646,310,3.0,34.0,41.0,20.751951217651367,31.860349655151367,-13.305663108825684,-0.5120849609375,-0.1259765625,0.142578125
9.727,310,419,616,310,3.0,34.0,41.0,23.620603561401367,33.26416015625,-6.713866710662842,-0.5380859375,-0.120361328125,0.12890625
9.738,309,407,593,310,3.0,34.0,41.0,26.367185592651367,34.0576171875,1.5869139432907104,-0.5626220703125,-0.0654296875,0.112548828125
9.746,309,386,562,310,3.0,34.0,41.0,31.860349655151367,34.36279296875,10.437010765075684,-0.62939453125,0.0679931640625,0.0927734375
9.754,310,380,546,312,3.0,34.0,41.0,34.48486328125,32.28759765625,19.53125,-0.7177734375,0.226318359375,0.0716552734375
9.763,310,370,524,310,3.0,34.0,41.0,28.381345748901367,27.465818405151367,25.695798873901367,-0.7796630859375,0.33349609375,0.0535888671875
9.775,310,363,495,310,3.0,34.0,41.0,17.27294921875,22.277830123901367,26.489255905151367,-0.8128662109375,0.38037109375,0.043212890625
9.784,310,349,493,310,3.0,34.0,41.0,7.873534679412842,17.88330078125,23.925779342651367,-0.8472900390625,0.3995361328125,0.0379638671875
9.800,312,344,490,310,0.0,33.0,41.0,2.990722417831421,13.610838890075684,20.385740280151367,-0.888916015625,0.4075927734375,0.0357666015625
9.823,309,341,488,310,0.0,33.0,41.0,1.220703125,9.033203125,15.502928733825684,-0.919189453125,0.3837890625,0.0435791015625
9.823,311,338,496,309,0.0,33.0,41.0,0.30517578125,4.5166015625,8.85009765625,-0.9293212890625,0.325927734375,0.05712890625
9.824,309,339,496,310,0.0,33.0,41.0,0.0610351525247097,0.6713866591453552,2.685546636581421,-0.9261474609375,0.269775390625,0.065185546875
9.836,310,338,502,309,0.0,33.0,41.0,0.2441406100988388,-2.990722417831421,-0.30517578125,-0.9085693359375,0.2335205078125,0.0689697265625
9.845,308,342,519,310,0.0,33.0,41.0,-0.6103515625,-7.568358898162842,0.1220703050494194,-0.87353515625,0.197509765625,0.073486328125
9.852,310,343,529,310,0.0,33.0,41.0,-2.38037109375,-12.817381858825684,2.13623046875,-0.8433837890625,0.15673828125,0.0643310546875
9.867,310,345,546,310,0.0,33.0,41.0,-3.479003667831421,-17.51708984375,5.126952648162842,-0.8311767578125,0.142822265625,0.02392578125
9.874,309,360,561,310,0.0,33.0,41.0,-5.0048828125,-21.667478561401367,9.70458984375,-0.798828125,0.1500244140625,-0.0244140625
9.882,310,369,576,311,0.0,33.0,41.0,-10.742186546325684,-25.024412155151367,15.502928733825684,-0.716796875,0.1617431640625,-0.042236328125
9.896,310,420,647,311,0.0,33.0,41.0,-22.399900436401367,-27.038572311401367,20.812986373901367,-0.5618896484375,0.161865234375,-0.05224609375
9.904,310,438,668,310,0.0,33.0,41.0,-36.2548828125,-29.113767623901367,22.460935592651367,-0.2928466796875,0.0985107421875,-0.1246337890625
9.919,310,483,698,311,0.0,33.0,41.0,-44.128414154052734,-34.66796875,19.34814453125,0.0830078125,-0.00390625,-0.26904296875
9.928,309,578,901,312,0.0,33.0,41.0,-42.602535247802734,-44.738765716552734,14.892577171325684,0.4478759765625,-0.02685546875,-0.4073486328125
9.934,310,636,1081,311,0.0,33.0,41.0,-38.51318359375,-56.518550872802734,10.375975608825684,0.614501953125,0.0787353515625,-0.3079833984375
9.942,310,691,1226,312,0.0,33.0,41.0,-40.893550872802734,-66.7724609375,1.7700194120407104,0.3997802734375,0.2032470703125,0.1502685546875
9.956,310,799,1430,312,0.0,33.0,41.0,-52.429195404052734,-71.2890625,-10.375975608825684,-0.164794921875,0.2252197265625,0.74365234375
9.965,310,849,1508,312,0.0,33.0,41.0,-65.36865234375,-67.68798828125,-24.047849655151367,-0.7913818359375,0.137939453125,1.148681640625
9.972,310,893,1565,313,0.0,33.0,41.0,-62.561031341552734,-56.457515716552734,-36.19384765625,-1.332763671875,0.199462890625,1.0845947265625
9.986,310,976,1636,312,0.0,33.0,41.0,-38.57421875,-42.297359466552734,-37.78076171875,-1.76025390625,0.501708984375,0.6971435546875
9.999,310,1014,1669,312,3.0,32.0,47.0,-6.591796398162842,-35.0341796875,-31.005857467651367,-2.09130859375,0.66064453125,0.4381103515625
10.002,311,1037,1695,312,3.0,32.0,47.0,17.578125,-33.447265625,-25.451658248901367,-2.451904296875,0.64794921875,0.417724609375
10.025,312,1025,1666,312,3.0,32.0,47.0,25.878904342651367,-28.320310592651367,-19.59228515625,-2.7923583984375,0.4986572265625,0.4661865234375
10.026,311,1014,1640,313,3.0,32.0,47.0,23.864744186401367,-19.10400390625,-9.46044921875,-2.598876953125,0.145263671875,0.460205078125
10.032,310,994,1591,312,3.0,32.0,47.0,28.137205123901367,-7.995604991912842,0.6103515625,-1.6026611328125,-0.134033203125,0.44873046875
10.046,313,996,1540,312,3.0,32.0,47.0,45.532222747802734,3.356933355331421,3.906249761581421,-0.8316650390625,0.488037109375,0.3834228515625
10.059,310,998,1523,311,3.0,32.0,47.0,46.325679779052734,16.9677734375,2.563476324081421,-0.8316650390625,0.488037109375,0.3834228515625
10.063,310,992,1492,312,3.0,32.0,47.0,16.78466796875,33.63037109375,-1.4648436307907104,-1.4390869140625,0.6268310546875,0.255859375
10.076,310,969,1463,312,3.0,32.0,47.0,-14.099120140075684,42.846675872802734,-5.615233898162842,-1.92822265625,0.3365478515625,0.2374267578125
10.085,310,943,1424,312,3.0,32.0,47.0,-23.925779342651367,37.109375,-4.8828125,-1.92822265625,0.3365478515625,0.2374267578125
10.092,311,917,1381,312,2.0,33.0,49.0,-16.66259765625,24.108884811401367,-0.9765624403953552,-1.6590576171875,0.29931640625,0.337158203125
10.106,310,873,1279,312,2.0,33.0,49.0,-10.314940452575684,16.54052734375,2.44140625,-1.2322998046875,0.2542724609375,0.4031982421875
10.119,310,837,1228,313,2.0,33.0,49.0,-7.995604991912842,20.568845748901367,4.33349609375,-1.2322998046875,0.2542724609375,0.4031982421875
10.140,310,805,1162,312,2.0,33.0,49.0,-3.662109136581421,30.273435592651367,6.408690929412842,-1.1490478515625,0.243896484375,0.3109130859375
10.140,310,730,1026,312,2.0,33.0,49.0,1.9531248807907104,37.59765625,10.009765625,-0.9813232421875,0.3792724609375,0.1326904296875
10.145,310,689,939,312,2.0,33.0,49.0,1.0986328125,39.794921875,14.282225608825684,-0.9813232421875,0.3792724609375,0.1326904296875
10.152,310,642,858,311,2.0,33.0,49.0,-7.202147960662842,38.02490234375,15.502928733825684,-0.8199462890625,0.2830810546875,0.19580078125
10.166,310,563,780,311,2.0,33.0,49.0,-12.145995140075684,35.5224609375,10.803221702575684,-0.5118408203125,0.031982421875,0.3009033203125
10.174,309,533,754,311,2.0,33.0,49.0,-6.347655773162842,34.7900390625,2.563476324081421,-0.4599609375,0.0025634765625,0.260986328125
10.182,310,502,718,311,2.0,33.0,49.0,5.249022960662842,35.0341796875,-3.906249761581421,-0.4599609375,0.0025634765625,0.260986328125
10.195,310,456,668,310,2.0,34.0,46.0,17.27294921875,35.400390625,-8.11767578125,-0.524658203125,-0.0469970703125,0.16162109375
10.204,310,435,618,311,2.0,34.0,46.0,17.27294921875,35.400390625,-8.11767578125,-0.577880859375,-0.0548095703125,0.0980224609375
10.212,311,423,594,310,2.0,34.0,46.0,19.47021484375,36.43798828125,-6.164550304412842,-0.577880859375,-0.0548095703125,0.0980224609375
10.233,309,399,561,310,2.0,34.0,46.0,30.151365280151367,34.5458984375,6.652831554412842,-0.62548828125,0.0361328125,0.0211181640625
10.234,310,386,551,310,2.0,34.0,46.0,30.151365280151367,34.5458984375,6.652831554412842,-0.66845703125,0.1685791015625,0.053955078125
10.242,310,371,527,310,2.0,34.0,46.0,39.1845703125,31.860349655151367,12.878417015075684,-0.66845703125,0.1685791015625,0.053955078125
10.256,309,352,506,308,2.0,34.0,46.0,36.43798828125,24.719236373901367,18.5546875,-0.8004150390625,0.4122314453125,0.1041259765625
10.271,310,343,497,310,2.0,34.0,46.0,36.43798828125,24.719236373901367,18.5546875,-0.8388671875,0.4364013671875,0.096435546875
10.273,310,343,481,309,2.0,34.0,46.0,25.268552780151367,21.545408248901367,18.1884765625,-0.8388671875,0.4364013671875,0.096435546875
10.286,310,336,452,310,0.0,35.0,41.0,12.878417015075684,14.099120140075684,14.160155296325684,-0.928955078125,0.3997802734375,0.033203125
10.294,310,331,437,310,0.0,35.0,41.0,12.878417015075684,14.099120140075684,14.160155296325684,-0.9263916015625,0.3477783203125,0.0400390625
10.307,310,331,435,310,0.0,35.0,41.0,10.681151390075684,8.60595703125,9.3994140625,-0.9263916015625,0.3477783203125,0.0400390625
10.325,309,328,439,309,0.0,35.0,41.0,11.840819358825684,1.7089842557907104,0.4272460639476776,-0.823486328125,0.2705078125,0.07861328125
10.325,310,329,440,310,0.0,35.0,41.0,12.084959983825684,-0.3662109076976776,-2.50244140625,-0.7918701171875,0.23046875,0.064697265625
10.334,310,331,452,310,0.0,35.0,41.0,12.084959983825684,-0.3662109076976776,-2.50244140625,-0.7830810546875,0.1966552734375,0.0380859375
10.346,310,341,467,310,0.0,35.0,41.0,5.737304210662842,-8.72802734375,-1.4038084745407104,-0.7913818359375,0.1812744140625,-0.0068359375
10.354,310,346,488,310,0.0,35.0,41.0,2.746581792831421,-14.282225608825684,2.38037109375,-0.7763671875,0.1729736328125,-0.0626220703125
10.364,308,356,499,311,0.0,35.0,41.0,2.746581792831421,-14.282225608825684,2.38037109375,-0.706298828125,0.1531982421875,-0.0841064453125
10.384,309,373,529,310,0.0,35.0,41.0,-10.986327171325684,-23.498533248901367,14.465331077575684,-0.6279296875,0.16357421875,-0.059814453125
10.385,309,394,561,310,0.0,35.0,41.0,-27.954099655151367,-27.099607467651367,21.606443405151367,-0.5557861328125,0.2177734375,-0.0377197265625
10.392,310,419,607,310,0.0,35.0,44.0,-27.954099655151367,-27.099607467651367,21.606443405151367,-0.3692626953125,0.216552734375,-0.1016845703125
10.410,310,485,695,310,0.0,35.0,44.0,-75.37841796875,-36.865234375,23.132322311401367,0.0162353515625,0.0726318359375,-0.28466796875
10.414,311,549,796,311,0.0,35.0,44.0,-87.89061737060547,-45.410152435302734,13.610838890075684,0.4215087890625,-0.1339111328125,-0.39794921875
10.426,310,601,938,312,0.0,35.0,44.0,-87.89061737060547,-45.410152435302734,13.610838890075684,0.6160888671875,-0.1839599609375,-0.2122802734375
10.442,310,702,1226,311,0.0,35.0,44.0,-41.870113372802734,-64.208984375,-8.36181640625,0.3905029296875,-0.0374755859375,0.255615234375
10.444,310,758,1374,311,0.0,35.0,44.0,-16.6015625,-71.22802734375,-18.85986328125,-0.16650390625,0.1246337890625,0.789306640625
10.452,310,814,1447,313,0.0,35.0,44.0,-16.6015625,-71.22802734375,-18.85986328125,-0.733154296875,0.2110595703125,1.0771484375
10.466,310,920,1557,312,0.0,35.0,44.0,-10.620116233825684,-69.091796875,-42.175289154052734,-1.258544921875,0.4027099609375,0.9385986328125
10.486,310,980,1596,312,0.0,35.0,44.0,-2.44140625,-53.710933685302734,-44.372554779052734,-1.8345947265625,0.764404296875,0.523193359375
10.487,311,1014,1642,313,0.0,35.0,44.0,6.469726085662842,-38.57421875,-38.9404296875,-2.3819580078125,0.9537353515625,0.3316650390625
10.496,310,1067,1674,312,2.0,31.0,50.0,10.314940452575684,-34.24072265625,-32.470703125,-2.8226318359375,0.6976318359375,0.585205078125
10.511,310,1043,1615,312,2.0,31.0,50.0,17.02880859375,-35.33935546875,-23.742673873901367,-3.108154296875,0.2530517578125,0.789794921875
10.512,310,1042,1585,312,2.0,31.0,50.0,34.0576171875,-28.503416061401367,-9.33837890625,-2.4134521484375,-0.22216796875,0.614990234375
10.538,311,1025,1524,312,2.0,31.0,50.0,69.7021484375,-9.765625,0.3662109076976776,-1.13232421875,-0.2841796875,0.3455810546875
10.538,310,1022,1513,312,2.0,31.0,50.0,88.68407440185547,13.000487327575684,4.5166015625,-0.70361328125,0.3336181640625,0.1929931640625
10.542,310,1018,1506,314,2.0,31.0,50.0,49.743648529052734,31.005857467651367,6.896972179412842,-1.1048583984375,0.732421875,0.1220703125
10.556,310,1011,1490,312,2.0,31.0,50.0,-9.521484375,40.954586029052734,1.5869139432907104,-1.6689453125,0.6331787109375,0.1552734375
10.564,310,994,1476,312,2.0,31.0,50.0,-41.931148529052734,38.26904296875,-4.08935546875,-1.9471435546875,0.47607421875,0.2418212890625
10.573,310,966,1457,312,2.0,31.0,50.0,-43.945308685302734,26.123044967651367,-4.08935546875,-1.869873046875,0.3896484375,0.3135986328125
10.598,310,919,1404,312,0.0,31.0,43.0,-33.3251953125,14.526366233825684,-2.44140625,-1.6124267578125,0.3226318359375,0.3836669921875
10.598,310,882,1351,312,0.0,31.0,43.0,-21.728513717651367,10.314940452575684,-2.0751953125,-1.3634033203125,0.25,0.4156494140625
10.602,310,853,1282,312,0.0,31.0,43.0,-8.23974609375,14.770506858825684,-0.54931640625,-1.1943359375,0.201416015625,0.3843994140625
10.616,310,790,1155,312,0.0,31.0,43.0,6.286620616912842,22.094724655151367,3.051757574081421,-1.0684814453125,0.224853515625,0.304443359375
10.644,310,745,1069,312,0.0,31.0,43.0,12.939452171325684,26.672361373901367,7.446288585662842,-0.952392578125,0.3388671875,0.177490234375
10.644,311,705,987,312,0.0,31.0,43.0,6.042479991912842,28.564451217651367,11.230467796325684,-0.8165283203125,0.3997802734375,0.0869140625
10.647,308,631,861,311,0.0,31.0,43.0,-7.385253429412842,28.015134811401367,10.986327171325684,-0.6436767578125,0.3193359375,0.1119384765625
10.654,310,594,810,312,0.0,31.0,43.0,-16.29638671875,25.268552780151367,5.065917491912842,-0.48583984375,0.2003173828125,0.189208984375
10.662,310,555,785,310,0.0,31.0,43.0,-18.310546875,22.705076217651367,-3.723144292831421,-0.3880615234375,0.10888671875,0.2301025390625
10.676,310,525,729,310,0.0,31.0,43.0,-14.831542015075684,22.094724655151367,-11.901854515075684,-0.352294921875,0.0245361328125,0.22314453125
10.685,310,504,711,312,2.0,35.0,46.0,-8.85009765625,22.705076217651367,-16.90673828125,-0.3896484375,-0.0509033203125,0.193115234375
10.703,310,494,688,311,2.0,35.0,46.0,-1.8310545682907104,23.254392623901367,-17.02880859375,-0.4913330078125,-0.0791015625,0.1434326171875
10.706,310,483,656,310,2.0,35.0,46.0,5.737304210662842,22.827146530151367,-11.840819358825684,-0.606201171875,-0.0560302734375,0.101806640625
10.716,310,481,638,310,2.0,35.0,46.0,12.023924827575684,20.324705123901367,-2.685546636581421,-0.693115234375,-0.0013427734375,0.098388671875
10.722,310,475,623,311,2.0,35.0,46.0,16.78466796875,16.7236328125,7.507323741912842,-0.7467041015625,0.0628662109375,0.1036376953125
10.753,310,467,613,310,2.0,35.0,46.0,21.179197311401367,14.587401390075684,15.380858421325684,-0.7919921875,0.132080078125,0.1068115234375
10.753,310,449,594,311,2.0,35.0,46.0,23.681638717651367,12.634276390075684,20.263669967651367,-0.83984375,0.2088623046875,0.128662109375
10.753,310,442,593,310,2.0,35.0,46.0,21.484373092651367,9.8876953125,22.644041061401367,-0.8873291015625,0.27587890625,0.151123046875
10.766,311,433,591,310,2.0,35.0,46.0,15.686034202575684,7.568358898162842,22.827146530151367,-0.9285888671875,0.323974609375,0.1492919921875
10.774,310,428,590,310,2.0,35.0,46.0,10.803221702575684,5.737304210662842,20.935056686401367,-0.94677734375,0.354248046875,0.1253662109375
10.784,308,420,589,311,-1.0,33.0,45.0,8.9111328125,3.601073980331421,16.9677734375,-0.939453125,0.3565673828125,0.0953369140625
10.802,308,411,592,310,-1.0,33.0,45.0,8.4228515625,0.7934569716453552,12.145995140075684,-0.9013671875,0.3104248046875,0.0760498046875
10.804,310,409,594,311,-1.0,33.0,45.0,7.873534679412842,-2.624511480331421,8.85009765625,-0.9013671875,0.3104248046875,0.0760498046875
10.822,310,402,594,310,-1.0,33.0,45.0,5.798339366912842,-6.225585460662842,7.507323741912842,-0.866455078125,0.2896728515625,0.093505859375
10.826,310,411,601,312,-1.0,33.0,45.0,1.15966796875,-9.70458984375,7.507323741912842,-0.7864990234375,0.2431640625,0.1123046875
10.841,310,414,616,310,-1.0,33.0,45.0,-5.371093273162842,-12.878417015075684,8.4228515625,-0.7864990234375,0.2431640625,0.1123046875
10.842,310,414,639,308,-1.0,33.0,45.0,-12.145995140075684,-15.991209983825684,10.742186546325684,-0.7734375,0.2137451171875,0.104248046875
10.856,310,424,695,310,-1.0,33.0,45.0,-19.71435546875,-18.73779296875,14.587401390075684,-0.6617431640625,0.2203369140625,0.0621337890625
10.864,310,437,728,311,-1.0,33.0,45.0,-31.005857467651367,-19.34814453125,18.1884765625,-0.6617431640625,0.2203369140625,0.0621337890625
10.872,310,453,766,312,-1.0,33.0,45.0,-47.363277435302734,-18.9208984375,19.10400390625,-0.54541015625,0.19970703125,-0.0517578125
10.887,310,529,861,310,1.0,34.0,45.0,-59.448238372802734,-22.033689498901367,17.39501953125,0.0614013671875,-0.068115234375,-0.2373046875
10.894,310,566,954,312,1.0,34.0,45.0,-53.344722747802734,-31.799314498901367,15.014647483825684,0.0614013671875,-0.068115234375,-0.2373046875
10.902,310,630,1101,312,1.0,34.0,45.0,-30.151365280151367,-46.142574310302734,12.207030296325684,0.5262451171875,-0.1619873046875,-0.2269287109375
10.926,310,717,1325,312,1.0,34.0,45.0,-2.44140625,-61.828609466552734,5.493163585662842,0.6392822265625,0.07421875,0.423095703125
10.927,310,778,1433,312,1.0,34.0,45.0,13.549803733825684,-73.54736328125,-7.263183116912842,0.6392822265625,0.07421875,0.423095703125
10.993,311,823,1521,312,1.0,34.0,45.0,6.103515148162842,-73.54736328125,-22.338865280151367,-0.1318359375,0.2642822265625,0.8953857421875
10.995,310,902,1619,312,1.0,34.0,45.0,-31.249998092651367,-34.60693359375,-41.259761810302734,-1.8758544921875,0.67333984375,0.7529296875
11.012,310,974,1650,314,1.0,34.0,45.0,-31.249998092651367,-34.60693359375,-41.259761810302734,-2.32861328125,0.790771484375,0.4368896484375
11.062,310,1011,1648,312,1.0,34.0,45.0,-32.89794921875,-16.7236328125,-39.4287109375,-2.32861328125,0.790771484375,0.4368896484375
11.064,310,1035,1684,312,1.0,34.0,45.0,6.042479991912842,-25.268552780151367,-18.798828125,-2.685302734375,0.25,0.641845703125
11.065,311,1021,1640,312,2.0,30.0,49.0,6.042479991912842,-25.268552780151367,-18.798828125,-2.5465087890625,-0.05859375,0.6268310546875
11.066,296,1011,1595,312,2.0,30.0,49.0,37.41455078125,-30.395505905151367,-5.920409679412842,-2.5465087890625,-0.05859375,0.6268310546875
11.066,310,984,1533,311,2.0,30.0,49.0,83.67919158935547,3.417968511581421,16.78466796875,-0.91357421875,0.1978759765625,0.28369140625
11.066,311,987,1529,314,2.0,30.0,49.0,83.67919158935547,3.417968511581421,16.78466796875,-0.79296875,0.6461181640625,0.1871337890625
11.068,311,986,1529,312,2.0,30.0,49.0,65.49072265625,25.390623092651367,14.343260765075684,-0.79296875,0.6461181640625,0.1871337890625
11.068,311,980,1516,312,2.0,30.0,49.0,-22.888181686401367,37.59765625,-4.39453125,-1.73388671875,0.651123046875,0.22265625
11.069,311,964,1513,312,2.0,30.0,49.0,-22.888181686401367,37.59765625,-4.39453125,-1.9156494140625,0.4718017578125,0.312744140625
11.069,310,938,1499,312,2.0,30.0,49.0,-38.4521484375,30.456541061401367,-9.33837890625,-1.9156494140625,0.4718017578125,0.312744140625
11.069,310,878,1447,312,2.0,30.0,49.0,-20.446775436401367,13.793944358825684,-9.58251953125,-1.5322265625,0.2630615234375,0.4427490234375
11.075,310,873,1407,312,2.0,30.0,49.0,-9.21630859375,13.977049827575684,-7.324218273162842,-1.317138671875,0.2255859375,0.447021484375
11.083,309,847,1344,312,3.0,31.0,47.0,-9.21630859375,13.977049827575684,-7.324218273162842,-1.1573486328125,0.2137451171875,0.4281005859375
11.097,312,793,1225,312,3.0,31.0,47.0,10.375975608825684,28.930662155151367,2.44140625,-1.0404052734375,0.28857421875,0.378662109375
11.105,311,754,1157,312,3.0,31.0,47.0,10.559081077575684,35.70556640625,6.347655773162842,-0.9605712890625,0.4337158203125,0.2626953125
11.113,310,713,1067,312,3.0,31.0,47.0,10.559081077575684,35.70556640625,6.347655773162842,-0.8720703125,0.457275390625,0.1712646484375
11.134,311,639,917,311,3.0,31.0,47.0,-12.023924827575684,40.283199310302734,2.990722417831421,-0.7470703125,0.32177734375,0.1737060546875
11.148,311,594,846,310,3.0,31.0,47.0,-17.7001953125,38.39111328125,-4.7607421875,-0.62255859375,0.166259765625,0.2078857421875
11.194,311,557,799,312,3.0,31.0,47.0,-17.7001953125,38.39111328125,-4.7607421875,-0.5218505859375,0.026123046875,0.2197265625
11.194,310,508,726,311,3.0,31.0,47.0,-7.568358898162842,35.09521484375,-16.54052734375,-0.4677734375,-0.1256103515625,0.219482421875
11.194,310,490,685,310,3.0,31.0,47.0,4.638671875,34.11865234375,-18.06640625,-0.47314453125,-0.225341796875,0.20751953125
11.194,310,465,633,311,3.0,31.0,47.0,18.9208984375,33.99658203125,-14.038084983825684,-0.53076171875,-0.2169189453125,0.1741943359375
11.194,310,433,567,310,0.0,33.0,47.0,31.127927780151367,34.36279296875,-4.2724609375,-0.57763671875,-0.1444091796875,0.130615234375
11.196,309,424,557,310,0.0,33.0,47.0,40.0390625,35.09521484375,7.568358898162842,-0.5816650390625,-0.03662109375,0.0897216796875
11.204,310,415,530,310,0.0,33.0,47.0,47.912593841552734,35.94970703125,17.39501953125,-0.5821533203125,0.1239013671875,0.06787109375
11.217,310,400,495,310,0.0,33.0,47.0,51.574703216552734,34.423828125,23.498533248901367,-0.6109619140625,0.2984619140625,0.06103515625
11.235,309,399,481,310,0.0,33.0,47.0,44.677730560302734,29.968259811401367,25.878904342651367,-0.664794921875,0.42138671875,0.0682373046875
11.235,310,395,467,308,0.0,33.0,47.0,29.724119186401367,24.719236373901367,25.207517623901367,-0.7239990234375,0.4832763671875,0.072509765625
11.253,309,386,472,308,0.0,33.0,47.0,14.465331077575684,21.118162155151367,22.155759811401367,-0.8026123046875,0.5067138671875,0.042724609375
11.255,310,384,469,310,0.0,33.0,47.0,3.173827886581421,18.61572265625,17.333984375,-0.88427734375,0.503662109375,-0.0062255859375
11.270,309,379,477,310,0.0,33.0,47.0,-5.676269054412842,14.404295921325684,11.474608421325684,-0.921875,0.448974609375,-0.0252685546875
11.277,310,381,486,310,0.0,33.0,47.0,-13.366698265075684,8.23974609375,4.8828125,-0.9122314453125,0.3359375,0.0029296875
11.285,308,382,497,308,0.0,33.0,45.0,-17.2119140625,2.50244140625,-0.7934569716453552,-0.886474609375,0.2322998046875,0.0396728515625
11.293,310,386,510,308,0.0,33.0,45.0,-16.357421875,-2.44140625,-3.173827886581421,-0.8533935546875,0.190185546875,0.0504150390625
11.307,308,408,535,310,0.0,33.0,45.0,-15.136717796325684,-8.1787109375,-2.563476324081421,-0.783447265625,0.1787109375,0.0244140625
11.315,310,419,561,310,0.0,33.0,45.0,-16.90673828125,-15.136717796325684,-0.4882812201976776,-0.671630859375,0.170654296875,-0.03662109375
11.338,310,433,613,310,0.0,33.0,45.0,-22.033689498901367,-22.216794967651367,1.4038084745407104,-0.531982421875,0.1800537109375,-0.0999755859375
11.339,310,473,737,311,0.0,33.0,45.0,-31.799314498901367,-28.015134811401367,1.3427733182907104,-0.3232421875,0.1912841796875,-0.183837890625
11.345,310,512,809,309,0.0,33.0,45.0,-44.494625091552734,-32.16552734375,-2.685546636581421,-0.0548095703125,0.14794921875,-0.3336181640625
11.356,309,563,916,312,0.0,33.0,45.0,-54.138179779052734,-36.56005859375,-8.4228515625,0.1683349609375,0.0751953125,-0.4053955078125
11.367,311,656,1123,312,0.0,33.0,45.0,-54.992671966552734,-44.433589935302734,-9.46044921875,0.2939453125,0.0491943359375,-0.197509765625
11.378,310,707,1259,312,0.0,33.0,45.0,-47.851558685302734,-55.969234466552734,-6.347655773162842,0.2427978515625,0.0760498046875,0.28759765625
11.383,310,767,1393,312,3.0,33.0,43.0,-39.73388671875,-67.626953125,-7.019042491912842,-0.049560546875,0.0780029296875,0.8583984375
11.398,310,853,1533,312,3.0,33.0,43.0,-35.58349609375,-72.81494140625,-17.15087890625,-0.5032958984375,-0.022216796875,1.2021484375
11.405,310,904,1573,312,3.0,33.0,43.0,-26.733396530151367,-63.354488372802734,-33.69140625,-1.04541015625,-0.053466796875,1.1103515625
11.413,310,957,1621,312,3.0,33.0,43.0,-1.6479490995407104,-41.748043060302734,-44.006343841552734,-1.602783203125,0.2515869140625,0.6832275390625
11.434,310,1025,1667,313,3.0,33.0,43.0,25.939939498901367,-21.911619186401367,-42.175289154052734,-2.0567626953125,0.6683349609375,0.271728515625
11.462,310,1043,1689,312,3.0,33.0,43.0,34.423828125,-12.512206077575684,-35.70556640625,-2.4073486328125,0.856689453125,0.1373291015625
11.463,298,1047,1681,312,3.0,33.0,43.0,24.902341842651367,-13.122557640075684,-28.442380905151367,-2.6728515625,0.60400390625,0.251220703125
11.463,310,1022,1608,312,3.0,33.0,43.0,17.4560546875,-17.578125,-18.798828125,-2.5980224609375,0.08056640625,0.40625
11.465,310,1001,1559,312,3.0,33.0,43.0,27.709959030151367,-16.9677734375,-6.591796398162842,-1.8148193359375,-0.2041015625,0.4752197265625
11.473,311,1000,1529,313,3.0,33.0,43.0,50.781246185302734,-6.408690929412842,3.601073980331421,-0.912109375,0.0006103515625,0.466552734375
11.490,310,999,1529,312,1.0,33.0,46.0,54.199214935302734,11.413573265075684,7.690429210662842,-1.2681884765625,0.68408203125,0.214111328125
11.495,311,999,1526,312,1.0,33.0,46.0,21.789548873901367,30.578611373901367,5.187987804412842,-1.2681884765625,0.68408203125,0.214111328125
11.505,310,981,1514,312,1.0,33.0,46.0,-17.333984375,42.053218841552734,-0.54931640625,-1.81103515625,0.564453125,0.1363525390625
11.518,311,943,1477,311,1.0,33.0,46.0,-34.60693359375,37.9638671875,-2.807616949081421,-1.6962890625,0.255859375,0.2957763671875
11.525,311,913,1447,314,1.0,33.0,46.0,-28.015134811401367,24.169919967651367,-1.15966796875,-1.6962890625,0.255859375,0.2957763671875
11.535,310,889,1404,312,1.0,33.0,46.0,-14.160155296325684,14.221190452575684,1.4648436307907104,-1.4178466796875,0.25439453125,0.3756103515625
11.566,310,835,1302,311,1.0,33.0,46.0,-4.82177734375,14.404295921325684,3.784179449081421,-1.1365966796875,0.2374267578125,0.3289794921875
11.566,310,796,1236,312,1.0,33.0,46.0,1.8310545682907104,21.972654342651367,6.591796398162842,-1.1365966796875,0.2374267578125,0.3289794921875
11.566,310,754,1147,311,1.0,33.0,46.0,6.652831554412842,29.724119186401367,11.169432640075684,-1.0750732421875,0.3560791015625,0.2283935546875
11.577,309,676,1038,312,0.0,31.0,43.0,2.624511480331421,32.958984375,16.4794921875,-0.900634765625,0.31103515625,0.22119140625
11.585,310,636,948,311,0.0,31.0,43.0,-10.009765625,33.5693359375,19.22607421875,-0.900634765625,0.31103515625,0.22119140625
11.593,311,601,884,312,0.0,31.0,43.0,-20.568845748901367,34.85107421875,18.06640625,-0.78271484375,0.159423828125,0.255859375
11.609,310,525,805,312,0.0,31.0,43.0,-20.202634811401367,35.888671875,13.854979515075684,-0.563720703125,-0.01416015625,0.218505859375
11.615,310,495,766,311,0.0,31.0,43.0,-9.033203125,34.11865234375,6.469726085662842,-0.563720703125,-0.01416015625,0.218505859375
11.625,311,477,739,311,0.0,31.0,43.0,5.920409679412842,31.005857467651367,-3.540038824081421,-0.4908447265625,-0.0908203125,0.1832275390625
11.637,308,437,653,310,0.0,31.0,43.0,28.137205123901367,30.273435592651367,-12.512206077575684,-0.527587890625,-0.0552978515625,0.0633544921875
11.645,310,415,620,310,0.0,31.0,43.0,28.137205123901367,30.273435592651367,-12.512206077575684,-0.54296875,-0.0435791015625,0.0462646484375
11.671,310,410,604,311,0.0,31.0,43.0,31.188962936401367,30.090330123901367,-7.263183116912842,-0.54296875,-0.0435791015625,0.0462646484375
11.671,308,396,561,310,0.0,31.0,43.0,40.710445404052734,26.306150436401367,11.352538108825684,-0.58154296875,0.1495361328125,0.0765380859375
11.675,309,391,545,312,0.0,31.0,43.0,40.710445404052734,26.306150436401367,11.352538108825684,-0.663818359375,0.3131103515625,0.1204833984375
11.683,310,380,535,310,-1.0,34.0,46.0,43.762203216552734,22.888181686401367,20.324705123901367,-0.663818359375,0.3131103515625,0.1204833984375
11.701,308,373,536,308,-1.0,34.0,46.0,26.184080123901367,17.63916015625,23.620603561401367,-0.800537109375,0.489013671875,0.1474609375
11.708,310,367,538,310,-1.0,34.0,46.0,26.184080123901367,17.63916015625,23.620603561401367,-0.8590087890625,0.4697265625,0.10888671875
11.716,310,357,537,310,-1.0,34.0,46.0,12.878417015075684,15.686034202575684,20.263669967651367,-0.8590087890625,0.4697265625,0.10888671875
11.727,310,352,531,310,-1.0,34.0,46.0,-1.3427733182907104,10.864256858825684,9.94873046875,-0.9346923828125,0.3248291015625,0.0115966796875
11.740,310,354,522,310,-1.0,34.0,46.0,-1.3427733182907104,10.864256858825684,9.94873046875,-0.9344482421875,0.252685546875,-0.0020751953125
11.743,309,354,512,310,-1.0,34.0,46.0,-0.3662109076976776,7.080077648162842,4.94384765625,-0.9344482421875,0.252685546875,-0.0020751953125
11.773,309,354,519,310,-1.0,34.0,46.0,6.103515148162842,-2.01416015625,5.0048828125,-0.889404296875,0.2156982421875,0.046142578125
11.773,309,354,522,310,-1.0,34.0,46.0,6.103515148162842,-2.01416015625,5.0048828125,-0.8604736328125,0.1995849609375,0.0909423828125
11.774,308,357,525,310,-1.0,34.0,46.0,5.615233898162842,-7.263183116912842,7.751464366912842,-0.8555908203125,0.207275390625,0.0938720703125
11.787,310,372,538,309,1.0,33.0,44.0,0.9155272841453552,-14.099120140075684,11.596678733825684,-0.828369140625,0.219970703125,0.0543212890625
11.795,309,379,551,310,1.0,33.0,44.0,-4.8828125,-16.05224609375,14.587401390075684,-0.74951171875,0.203125,-0.0023193359375
11.803,311,393,594,310,1.0,33.0,44.0,-4.8828125,-16.05224609375,14.587401390075684,-0.6336669921875,0.197509765625,-0.0654296875
11.817,310,437,660,311,1.0,33.0,44.0,-30.334470748901367,-19.22607421875,21.606443405151367,-0.4700927734375,0.211181640625,-0.1463623046875
11.828,310,454,711,311,1.0,33.0,44.0,-50.292964935302734,-23.254392623901367,21.057126998901367,-0.235595703125,0.18896484375,-0.23388671875
11.833,310,497,779,312,1.0,33.0,44.0,-50.292964935302734,-23.254392623901367,21.057126998901367,0.087890625,0.099609375,-0.2777099609375
11.847,310,585,955,311,1.0,33.0,44.0,-60.913082122802734,-42.480464935302734,7.751464366912842,0.3929443359375,0.05712890625,-0.23974609375
11.872,310,638,1103,311,1.0,33.0,44.0,-44.006343841552734,-51.269527435302734,-1.03759765625,0.4404296875,0.142822265625,-0.0162353515625
11.872,297,698,1243,298,1.0,33.0,44.0,-44.006343841552734,-51.269527435302734,-1.03759765625,0.1376953125,0.256103515625,0.4246826171875
11.877,308,796,1452,312,1.0,33.0,44.0,-36.4990234375,-63.110347747802734,-30.151365280151367,-0.383544921875,0.26904296875,0.8671875
11.885,310,849,1528,312,1.0,33.0,44.0,-47.119136810302734,-58.532711029052734,-49.072261810302734,-0.945556640625,0.130615234375,1.040771484375
11.893,310,904,1569,312,1.0,33.0,44.0,-47.119136810302734,-58.532711029052734,-49.072261810302734,-1.4581298828125,0.002197265625,0.8594970703125
11.916,311,986,1636,313,1.0,33.0,44.0,-7.080077648162842,-30.517576217651367,-65.3076171875,-1.8809814453125,0.1466064453125,0.44970703125
11.917,297,1020,1653,311,1.0,33.0,44.0,32.958984375,-26.062009811401367,-52.490230560302734,-2.2318115234375,0.5872802734375,0.1502685546875
11.924,311,1042,1681,313,1.0,33.0,44.0,32.958984375,-26.062009811401367,-52.490230560302734,-2.5404052734375,0.8221435546875,0.1776123046875
11.948,312,1041,1640,312,1.0,33.0,44.0,40.222164154052734,-31.066892623901367,-21.606443405151367,-2.6573486328125,0.5277099609375,0.39697265625
11.948,310,1035,1605,306,1.0,33.0,44.0,29.296873092651367,-24.719236373901367,-14.709471702575684,-2.1593017578125,0.012451171875,0.594482421875
11.953,311,1022,1557,312,1.0,33.0,44.0,36.865234375,-9.70458984375,-8.97216796875,-1.221923828125,-0.191162109375,0.5885009765625
11.974,310,1003,1516,312,1.0,33.0,44.0,51.086421966552734,11.047362327575684,-3.479003667831421,-0.7239990234375,0.1767578125,0.3841552734375
11.975,310,1003,1523,312,2.0,31.0,44.0,37.2314453125,30.151365280151367,-0.3662109076976776,-0.93505859375,0.5771484375,0.1607666015625
11.983,311,998,1519,313,2.0,31.0,44.0,-0.0610351525247097,41.748043060302734,-2.807616949081421,-1.5001220703125,0.6114501953125,0.060791015625
11.997,310,975,1498,312,2.0,31.0,44.0,-29.357908248901367,40.405269622802734,-5.126952648162842,-1.904296875,0.4459228515625,0.1268310546875
12.007,311,959,1469,312,2.0,31.0,44.0,-36.07177734375,27.709959030151367,-2.929687261581421,-1.871826171875,0.2760009765625,0.2576904296875
12.018,310,928,1437,313,2.0,31.0,44.0,-25.024412155151367,15.747069358825684,1.220703125,-1.6024169921875,0.22119140625,0.3482666015625
12.028,310,878,1351,312,2.0,31.0,44.0,-12.329100608825684,12.634276390075684,5.615233898162842,-1.35400390625,0.227294921875,0.3876953125
12.035,311,846,1284,312,2.0,31.0,44.0,-4.2724609375,17.7001953125,9.8876953125,-1.197509765625,0.2216796875,0.3892822265625
12.053,311,816,1213,312,2.0,31.0,44.0,2.563476324081421,25.329587936401367,13.916014671325684,-1.099609375,0.269775390625,0.329345703125
12.083,310,749,1074,311,2.0,31.0,44.0,5.981444835662842,31.066892623901367,17.822265625,-1.030029296875,0.3759765625,0.207763671875
12.083,310,712,989,311,2.0,31.0,44.0,1.4038084745407104,33.99658203125,20.629880905151367,-0.940673828125,0.379150390625,0.12744140625
12.084,310,668,910,312,2.0,35.0,47.0,-6.652831554412842,33.935546875,20.629880905151367,-0.8040771484375,0.24853515625,0.145263671875
12.087,310,607,819,312,2.0,35.0,47.0,-10.009765625,31.799314498901367,17.4560546875,-0.6700439453125,0.123046875,0.1966552734375
12.095,310,579,777,312,2.0,35.0,47.0,-5.859374523162842,29.602048873901367,11.779784202575684,-0.585693359375,0.0677490234375,0.2274169921875
12.103,311,547,725,312,2.0,35.0,47.0,2.25830078125,29.418943405151367,4.33349609375,-0.5496826171875,0.0172119140625,0.2315673828125
12.119,310,496,673,310,2.0,35.0,47.0,9.33837890625,31.066892623901367,-2.990722417831421,-0.55712890625,-0.038818359375,0.1949462890625
12.125,310,475,643,311,2.0,35.0,47.0,14.831542015075684,32.77587890625,-6.286620616912842,-0.598388671875,-0.0482177734375,0.1212158203125
12.134,310,451,606,310,2.0,35.0,47.0,18.6767578125,32.5927734375,-3.662109136581421,-0.634765625,-0.02197265625,0.072021484375
12.149,310,438,543,310,2.0,35.0,47.0,20.324705123901367,29.785154342651367,2.929687261581421,-0.634033203125,0.0042724609375,0.057861328125
12.155,310,426,519,310,2.0,35.0,47.0,22.033689498901367,27.587888717651367,10.009765625,-0.6209716796875,0.05078125,0.039794921875
12.190,310,420,494,311,2.0,35.0,47.0,26.855466842651367,27.648923873901367,16.357421875,-0.6490478515625,0.1474609375,0.0267333984375
12.191,310,408,477,310,0.0,36.0,45.0,30.212400436401367,25.878904342651367,22.216794967651367,-0.7132568359375,0.2584228515625,0.0389404296875
12.191,310,410,479,310,0.0,36.0,45.0,26.977537155151367,21.057126998901367,25.695798873901367,-0.76220703125,0.3466796875,0.0723876953125
12.193,310,401,481,310,0.0,36.0,45.0,19.59228515625,15.930174827575684,24.841306686401367,-0.779541015625,0.4150390625,0.1048583984375
12.207,309,387,481,310,0.0,36.0,45.0,11.596678733825684,12.207030296325684,20.874021530151367,-0.7957763671875,0.45556640625,0.1146240234375
12.216,310,383,483,310,0.0,36.0,45.0,5.371093273162842,9.8876953125,16.05224609375,-0.8330078125,0.443603515625,0.0955810546875
12.223,308,381,479,310,0.0,36.0,45.0,2.0751953125,8.6669921875,11.108397483825684,-0.8790283203125,0.3868408203125,0.0655517578125
12.237,310,379,467,310,0.0,36.0,45.0,1.4648436307907104,7.202147960662842,6.896972179412842,-0.912841796875,0.32568359375,0.046875
12.252,310,380,473,310,0.0,36.0,45.0,2.746581792831421,3.967284917831421,4.8828125,-0.928466796875,0.2802734375,0.0506591796875
12.255,297,382,475,310,0.0,36.0,45.0,4.2724609375,-0.8544921278953552,5.0048828125,-0.9246826171875,0.23583984375,0.0693359375
12.270,309,387,480,310,0.0,36.0,45.0,4.94384765625,-5.615233898162842,6.164550304412842,-0.8878173828125,0.194091796875,0.063232421875
12.280,310,391,481,310,0.0,36.0,42.0,4.33349609375,-9.6435546875,8.056640625,-0.8878173828125,0.194091796875,0.063232421875
12.295,310,402,485,311,0.0,36.0,42.0,1.8920897245407104,-13.183592796325684,10.742186546325684,-0.85546875,0.19970703125,0.0234375
12.297,309,419,519,310,0.0,36.0,42.0,-2.38037109375,-16.41845703125,14.160155296325684,-0.7232666015625,0.2291259765625,-0.068115234375
12.305,309,427,552,309,0.0,36.0,42.0,-10.070799827575684,-19.34814453125,18.9208984375,-0.7232666015625,0.2291259765625,-0.068115234375
12.316,310,439,601,310,0.0,36.0,42.0,-25.512693405151367,-21.057126998901367,23.925779342651367,-0.603515625,0.2801513671875,-0.0875244140625
12.328,308,479,654,312,0.0,36.0,42.0,-50.170894622802734,-21.423337936401367,26.123044967651367,-0.1490478515625,0.1656494140625,-0.2799072265625
12.338,310,523,710,311,0.0,36.0,42.0,-75.439453125,-25.512693405151367,23.254392623901367,-0.1490478515625,0.1656494140625,-0.2799072265625
12.343,311,575,794,312,0.0,36.0,42.0,-83.86229705810547,-38.87939453125,17.7001953125,0.3084716796875,-0.0860595703125,-0.2933349609375
12.357,310,685,1022,312,0.0,36.0,42.0,-63.964839935302734,-56.030269622802734,12.512206077575684,0.754638671875,-0.15771484375,0.25634765625
12.377,310,737,1188,312,0.0,36.0,42.0,-26.977537155151367,-67.32177734375,5.249022960662842,0.754638671875,-0.15771484375,0.25634765625
12.377,310,794,1306,312,2.0,34.0,42.0,-0.2441406100988388,-72.32666015625,-6.225585460662842,0.242431640625,0.0667724609375,0.713623046875
12.391,310,889,1437,312,2.0,34.0,42.0,-1.220703125,-71.533203125,-20.385740280151367,-1.3131103515625,0.4150390625,0.82763671875
12.406,310,943,1499,311,2.0,34.0,42.0,-14.343260765075684,-59.143062591552734,-36.43798828125,-1.9495849609375,0.661376953125,0.4398193359375
12.406,298,987,1531,312,2.0,34.0,42.0,-16.4794921875,-40.222164154052734,-44.799800872802734,-1.9495849609375,0.661376953125,0.4398193359375
12.417,312,1047,1596,312,2.0,34.0,42.0,13.305663108825684,-39.4287109375,-26.428220748901367,-2.648193359375,0.591796875,0.361083984375
12.427,310,1043,1546,312,2.0,34.0,42.0,13.305663108825684,-39.4287109375,-26.428220748901367,-2.9730224609375,0.5435791015625,0.5970458984375
12.434,310,1029,1487,312,2.0,34.0,42.0,37.04833984375,-46.447750091552734,-4.45556640625,-2.9730224609375,0.5435791015625,0.5970458984375
12.447,310,1014,1428,312,2.0,34.0,42.0,68.17626953125,-24.780271530151367,29.357908248901367,-1.37451171875,-0.13427734375,0.5450439453125
12.457,310,1009,1393,314,2.0,34.0,42.0,68.17626953125,-24.780271530151367,29.357908248901367,-0.7606201171875,0.281982421875,0.2962646484375
12.463,310,1003,1395,312,2.0,34.0,42.0,81.35985565185547,5.065917491912842,21.850584030151367,-0.7606201171875,0.281982421875,0.2962646484375
12.486,310,999,1396,312,1.0,34.0,42.0,14.282225608825684,36.19384765625,6.347655773162842,-1.5185546875,0.904541015625,0.011962890625
12.487,310,987,1393,313,1.0,34.0,42.0,14.282225608825684,36.19384765625,6.347655773162842,-1.8017578125,0.6934814453125,0.146240234375
12.493,310,971,1387,309,1.0,34.0,42.0,-24.719236373901367,32.958984375,-4.82177734375,-1.8017578125,0.6934814453125,0.146240234375
12.507,310,927,1345,312,1.0,34.0,42.0,-33.935546875,13.732909202575684,-13.671874046325684,-1.5894775390625,0.387939453125,0.398193359375
12.515,310,899,1310,312,1.0,34.0,42.0,-33.935546875,13.732909202575684,-13.671874046325684,-1.4193115234375,0.3365478515625,0.4151611328125
12.530,310,873,1265,312,1.0,34.0,42.0,-23.803709030151367,10.681151390075684,-13.305663108825684,-1.4193115234375,0.3365478515625,0.4151611328125
12.537,310,822,1175,310,1.0,34.0,42.0,-0.7934569716453552,18.9208984375,-9.3994140625,-1.1806640625,0.272216796875,0.2822265625
12.545,310,780,1103,311,1.0,34.0,42.0,8.7890625,23.681638717651367,-5.981444835662842,-1.0621337890625,0.37548828125,0.1805419921875
12.563,310,740,1035,312,1.0,34.0,42.0,8.7890625,23.681638717651367,-5.981444835662842,-0.918701171875,0.452880859375,0.140869140625
12.568,310,648,912,312,1.0,34.0,42.0,-2.44140625,26.916501998901367,-1.7700194120407104,-0.7576904296875,0.3697509765625,0.1907958984375
12.577,308,607,848,312,2.0,34.0,45.0,-15.686034202575684,27.465818405151367,-4.638671875,-0.6104736328125,0.2005615234375,0.2518310546875
12.583,310,561,809,312,2.0,34.0,45.0,-15.686034202575684,27.465818405151367,-4.638671875,-0.5059814453125,0.0489501953125,0.267822265625
12.597,310,508,751,310,2.0,34.0,45.0,-14.404295921325684,28.930662155151367,-15.441893577575684,-0.4456787109375,-0.073974609375,0.2625732421875
12.605,310,481,725,310,2.0,34.0,45.0,0.3662109076976776,26.855466842651367,-21.545408248901367,-0.4326171875,-0.1461181640625,0.2384033203125
12.620,310,465,703,311,2.0,34.0,45.0,0.3662109076976776,26.855466842651367,-21.545408248901367,-0.4866943359375,-0.12109375,0.159423828125
12.628,308,426,631,310,2.0,34.0,45.0,28.991697311401367,24.780271530151367,-24.108884811401367,-0.562255859375,-0.0467529296875,0.0714111328125
12.635,310,415,604,311,2.0,34.0,45.0,36.19384765625,24.169919967651367,-17.822265625,-0.59130859375,0.01123046875,0.0228271484375
12.643,310,415,586,310,2.0,34.0,45.0,36.19384765625,24.169919967651367,-17.822265625,-0.584228515625,0.08056640625,0.006591796875
12.661,310,408,566,310,2.0,34.0,45.0,43.090816497802734,20.446775436401367,1.6479490995407104,-0.6031494140625,0.197265625,0.0225830078125
12.665,310,391,562,311,2.0,34.0,45.0,40.649410247802734,17.02880859375,11.474608421325684,-0.66064453125,0.3154296875,0.0665283203125
12.676,309,386,561,310,1.0,37.0,46.0,40.649410247802734,17.02880859375,11.474608421325684,-0.7244873046875,0.3946533203125,0.11376953125
12.692,310,380,562,310,1.0,37.0,46.0,10.681151390075684,7.690429210662842,19.59228515625,-0.7852783203125,0.4293212890625,0.133544921875
12.696,308,373,571,310,1.0,37.0,46.0,-4.08935546875,5.126952648162842,18.5546875,-0.841064453125,0.41064453125,0.11181640625
12.703,308,371,576,311,1.0,37.0,46.0,-12.451170921325684,4.21142578125,15.502928733825684,-0.8819580078125,0.35009765625,0.0665283203125
12.720,309,369,588,310,1.0,37.0,46.0,-14.038084983825684,3.234863042831421,11.474608421325684,-0.90673828125,0.29443359375,0.035400390625
12.735,310,371,594,310,1.0,37.0,46.0,-10.925292015075684,0.30517578125,8.30078125,-0.916259765625,0.2706298828125,0.0369873046875
12.736,310,371,601,310,1.0,37.0,46.0,-7.080077648162842,-5.065917491912842,6.774901866912842,-0.89990234375,0.2669677734375,0.0609130859375
12.747,310,380,620,311,1.0,37.0,46.0,-5.615233898162842,-11.962889671325684,6.103515148162842,-0.84423828125,0.2615966796875,0.0693359375
12.765,310,387,634,310,1.0,37.0,46.0,-6.042479991912842,-18.9208984375,5.859374523162842,-0.75537109375,0.243408203125,0.02783203125
12.765,310,399,666,310,1.0,37.0,46.0,-8.11767578125,-24.780271530151367,6.835937023162842,-0.646240234375,0.2242431640625,-0.022705078125
12.782,309,435,749,311,-1.0,34.0,44.0,-15.319823265075684,-28.686521530151367,9.033203125,-0.5272216796875,0.228515625,-0.0450439453125
12.786,310,442,805,311,-1.0,34.0,44.0,-30.151365280151367,-30.029294967651367,10.314940452575684,-0.3914794921875,0.2242431640625,-0.09033203125
12.797,310,481,846,311,-1.0,34.0,44.0,-47.241207122802734,-31.311033248901367,8.72802734375,-0.1959228515625,0.1668701171875,-0.15869140625
12.807,310,562,1008,312,-1.0,34.0,44.0,-53.039546966552734,-37.353515625,5.310058116912842,0.081787109375,0.0721435546875,-0.152099609375
12.815,311,620,1137,312,-1.0,34.0,44.0,-38.818359375,-49.804683685302734,0.54931640625,0.3463134765625,-0.0279541015625,-0.035400390625
12.829,311,678,1254,312,-1.0,34.0,44.0,-12.756346702575684,-62.866207122802734,-6.713866710662842,0.3914794921875,-0.0264892578125,0.20556640625
12.844,310,765,1474,312,-1.0,34.0,44.0,2.929687261581421,-70.98388671875,-15.502928733825684,0.1171875,0.0672607421875,0.5606689453125
12.850,310,814,1564,312,-1.0,34.0,44.0,-5.859374523162842,-70.73974609375,-26.000974655151367,-0.4112548828125,0.051025390625,0.844970703125
12.853,310,871,1611,312,-1.0,34.0,44.0,-19.47021484375,-58.410640716552734,-38.02490234375,-1.0721435546875,-0.060791015625,0.8546142578125
12.867,310,958,1672,312,1.0,31.0,47.0,-10.192870140075684,-38.6962890625,-43.640132904052734,-1.6741943359375,0.0791015625,0.596923828125
12.875,310,998,1702,313,1.0,31.0,47.0,13.305663108825684,-23.559568405151367,-34.1796875,-2.11767578125,0.611083984375,0.3035888671875
12.886,310,1029,1711,313,1.0,31.0,47.0,23.071287155151367,-19.6533203125,-15.075682640075684,-2.4150390625,1.003173828125,0.3046875
12.901,310,1038,1662,312,1.0,31.0,47.0,14.343260765075684,-22.338865280151367,-1.2817381620407104,-2.553466796875,0.758056640625,0.5882568359375
12.908,310,1026,1596,313,1.0,31.0,47.0,8.056640625,-21.118162155151367,4.08935546875,-2.4180908203125,0.18505859375,0.777099609375
12.914,310,1018,1553,311,1.0,31.0,47.0,24.963376998901367,-8.36181640625,9.82666015625,-1.76611328125,-0.0859375,0.63623046875
12.942,310,1001,1519,312,1.0,31.0,47.0,56.518550872802734,12.451170921325684,14.770506858825684,-1.01904296875,0.2060546875,0.289794921875
12.942,311,1008,1531,312,1.0,31.0,47.0,62.316890716552734,28.686521530151367,10.864256858825684,-0.80517578125,0.70458984375,0.0360107421875
12.958,309,986,1540,312,1.0,31.0,47.0,26.733396530151367,35.33935546875,-4.0283203125,-1.085205078125,0.8629150390625,-0.0098876953125
12.958,310,994,1551,296,1.0,31.0,47.0,-18.5546875,35.82763671875,-21.972654342651367,-1.5477294921875,0.6705322265625,0.107177734375
12.968,310,976,1541,313,1.0,31.0,47.0,-43.029781341552734,30.273435592651367,-31.127927780151367,-1.814208984375,0.4163818359375,0.282470703125
12.973,310,955,1528,312,1.0,31.0,44.0,-41.198726654052734,21.057126998901367,-30.883787155151367,-1.7691650390625,0.2628173828125,0.4078369140625
13.002,311,917,1470,313,1.0,31.0,44.0,-26.245115280151367,13.916014671325684,-26.611326217651367,-1.5660400390625,0.225830078125,0.459228515625
13.002,297,889,1428,312,1.0,31.0,44.0,-11.901854515075684,12.817381858825684,-21.667478561401367,-1.3468017578125,0.222900390625,0.4366455078125
13.003,298,865,1373,312,1.0,31.0,44.0,-0.1831054538488388,18.310546875,-16.11328125,-1.175537109375,0.2110595703125,0.382080078125
13.017,310,816,1253,312,1.0,31.0,44.0,10.070799827575684,25.695798873901367,-9.94873046875,-0.98046875,0.310791015625,0.3016357421875
13.025,310,780,1189,312,1.0,31.0,44.0,14.831542015075684,30.883787155151367,-3.906249761581421,-0.98046875,0.310791015625,0.3016357421875
13.047,310,741,1125,312,1.0,31.0,44.0,9.82666015625,35.33935546875,1.03759765625,-0.924560546875,0.3865966796875,0.21826171875
13.051,298,657,982,310,1.0,31.0,44.0,-1.4038084745407104,39.36767578125,2.563476324081421,-0.7628173828125,0.2144775390625,0.2144775390625
13.055,310,616,932,311,1.0,31.0,44.0,-10.681151390075684,41.992183685302734,0.8544921278953552,-0.7628173828125,0.2144775390625,0.2144775390625
13.074,310,573,877,310,1.0,31.0,44.0,-14.099120140075684,43.457027435302734,-1.4038084745407104,-0.6929931640625,0.1044921875,0.21142578125
13.078,308,509,785,312,2.0,35.0,44.0,-11.169432640075684,42.785640716552734,-3.784179449081421,-0.5859375,-0.15625,0.206298828125
13.095,310,488,750,310,2.0,35.0,44.0,-1.7089842557907104,40.527339935302734,-6.896972179412842,-0.5859375,-0.15625,0.206298828125
13.095,310,465,711,311,2.0,35.0,44.0,13.916014671325684,38.87939453125,-8.9111328125,-0.5858154296875,-0.1947021484375,0.1815185546875
13.107,310,433,642,310,2.0,35.0,44.0,30.151365280151367,38.330078125,-7.019042491912842,-0.623779296875,-0.099365234375,0.1195068359375
13.116,310,420,594,311,2.0,35.0,44.0,40.344234466552734,38.0859375,-1.6479490995407104,-0.623779296875,-0.099365234375,0.1195068359375
13.123,309,408,566,312,2.0,35.0,44.0,46.081539154052734,38.4521484375,5.0048828125,-0.6207275390625,-0.004638671875,0.07568359375
13.142,309,386,525,310,2.0,35.0,44.0,51.147457122802734,38.26904296875,12.573241233825684,-0.6920166015625,0.32666015625,0.0494384765625
13.154,309,372,519,310,2.0,35.0,44.0,50.170894622802734,35.46142578125,20.080564498901367,-0.7340087890625,0.4013671875,0.06689453125
13.160,310,356,503,308,2.0,35.0,44.0,38.818359375,31.494138717651367,24.719236373901367,-0.7340087890625,0.4013671875,0.06689453125
13.180,310,343,481,310,0.0,37.0,47.0,11.901854515075684,27.221677780151367,23.681638717651367,-0.8363037109375,0.4346923828125,0.080078125
13.180,308,338,475,310,0.0,37.0,47.0,11.901854515075684,27.221677780151367,23.681638717651367,-0.9150390625,0.430419921875,0.06884765625
13.190,310,328,447,310,0.0,37.0,47.0,4.2724609375,25.024412155151367,22.216794967651367,-0.9150390625,0.430419921875,0.06884765625
13.198,309,321,424,309,0.0,37.0,47.0,-4.33349609375,18.4326171875,15.686034202575684,-0.963623046875,0.307373046875,0.0390625
13.212,309,323,426,308,0.0,37.0,47.0,-4.33349609375,18.4326171875,15.686034202575684,-0.9383544921875,0.2376708984375,0.02783203125
13.213,309,322,423,295,0.0,37.0,47.0,-0.9765624403953552,14.648436546325684,10.498045921325684,-0.9383544921875,0.2376708984375,0.02783203125
13.234,310,322,423,309,0.0,37.0,47.0,14.953612327575684,2.807616949081421,5.859374523162842,-0.8719482421875,0.2427978515625,0.003662109375
13.237,308,322,424,310,0.0,37.0,47.0,14.953612327575684,2.807616949081421,5.859374523162842,-0.8380126953125,0.2890625,-0.015380859375
13.255,308,325,438,310,0.0,37.0,47.0,17.08984375,-4.82177734375,6.164550304412842,-0.8380126953125,0.2890625,-0.015380859375
13.257,309,325,465,306,0.0,37.0,47.0,1.0986328125,-15.686034202575684,8.23974609375,-0.7208251953125,0.24072265625,-0.0528564453125
13.265,309,332,481,310,0.0,34.0,48.0,1.0986328125,-15.686034202575684,8.23974609375,-0.708251953125,0.1700439453125,-0.097900390625
13.276,310,336,503,310,0.0,34.0,48.0,-9.82666015625,-17.578125,10.681151390075684,-0.708251953125,0.1700439453125,-0.097900390625
13.306,310,342,540,311,0.0,34.0,48.0,-33.935546875,-21.301267623901367,27.648923873901367,-0.6959228515625,0.126708984375,-0.062255859375
13.307,309,338,562,309,0.0,34.0,48.0,-33.935546875,-21.301267623901367,27.648923873901367,-0.5989990234375,0.1719970703125,-0.048583984375
13.308,310,384,643,312,0.0,34.0,48.0,-49.865718841552734,-23.742673873901367,38.02490234375,-0.310546875,0.165283203125,-0.1654052734375
13.318,309,479,661,312,0.0,34.0,48.0,-75.439453125,-39.1845703125,31.433103561401367,0.2022705078125,0.00341796875,-0.322509765625
13.325,310,543,721,312,0.0,34.0,48.0,-67.2607421875,-54.870601654052734,15.136717796325684,0.815185546875,-0.199951171875,-0.36279296875
13.336,310,601,877,312,0.0,34.0,48.0,-67.2607421875,-54.870601654052734,15.136717796325684,1.146484375,-0.1627197265625,-0.2723388671875
13.350,310,695,1215,311,0.0,34.0,48.0,5.187987804412842,-72.1435546875,-24.475095748901367,0.6861572265625,0.1927490234375,0.1146240234375
13.360,309,770,1366,312,0.0,34.0,48.0,-1.8920897245407104,-76.2939453125,-43.151851654052734,-0.3489990234375,0.5069580078125,0.8416748046875
13.364,310,837,1470,312,0.0,33.0,46.0,-1.8920897245407104,-76.2939453125,-43.151851654052734,-1.30224609375,0.6671142578125,1.316162109375
13.379,310,938,1582,312,0.0,33.0,46.0,-90.20995330810547,-58.410640716552734,-62.377925872802734,-1.9803466796875,0.732666015625,1.148193359375
13.385,311,974,1623,312,0.0,33.0,46.0,-94.17723846435547,-35.70556640625,-56.457515716552734,-2.4012451171875,0.352783203125,0.8570556640625
13.413,311,1014,1615,312,0.0,33.0,46.0,-94.17723846435547,-35.70556640625,-56.457515716552734,-2.7464599609375,0.04931640625,0.7291259765625
13.413,311,996,1513,297,0.0,33.0,46.0,20.996091842651367,-15.747069358825684,-10.864256858825684,-3.105224609375,0.1488037109375,0.5706787109375
13.415,310,987,1457,313,0.0,33.0,46.0,77.7587890625,-10.131834983825684,23.010251998901367,-2.7738037109375,0.0528564453125,0.35400390625
13.423,312,984,1428,312,0.0,33.0,46.0,77.7587890625,-10.131834983825684,23.010251998901367,-1.626220703125,-0.0877685546875,0.2042236328125
13.437,310,984,1383,311,0.0,33.0,46.0,117.18749237060547,16.2353515625,37.4755859375,-0.998779296875,0.369384765625,0.1427001953125
13.451,311,981,1363,312,0.0,33.0,46.0,74.462890625,29.663084030151367,33.935546875,-1.3267822265625,0.99853515625,0.1104736328125
13.453,308,973,1351,311,0.0,33.0,46.0,2.44140625,38.330078125,28.381345748901367,-1.7774658203125,0.985107421875,0.142822265625
13.470,310,931,1326,312,0.0,34.0,41.0,-41.748043060302734,39.1845703125,17.63916015625,-1.89306640625,0.6644287109375,0.2386474609375
13.484,310,900,1302,312,0.0,34.0,41.0,-45.410152435302734,31.127927780151367,9.21630859375,-1.7611083984375,0.481201171875,0.3253173828125
13.484,309,861,1268,312,0.0,34.0,41.0,-30.700681686401367,22.827146530151367,3.723144292831421,-1.60009765625,0.4246826171875,0.3109130859375
13.512,311,793,1188,312,0.0,34.0,41.0,-15.441893577575684,21.301267623901367,-1.220703125,-1.4674072265625,0.3790283203125,0.23486328125
13.513,310,750,1112,313,0.0,34.0,41.0,-2.624511480331421,23.559568405151367,-4.69970703125,-1.308837890625,0.3743896484375,0.1695556640625
13.514,310,698,1043,310,0.0,34.0,41.0,7.812499523162842,25.634763717651367,-4.33349609375,-1.1143798828125,0.4599609375,0.13818359375
13.527,310,616,902,312,0.0,34.0,41.0,9.82666015625,26.428220748901367,-2.929687261581421,-0.88671875,0.468994140625,0.1783447265625
13.535,310,564,832,311,0.0,34.0,41.0,1.6479490995407104,26.916501998901367,-6.591796398162842,-0.65673828125,0.31591796875,0.2484130859375
13.543,310,510,800,312,0.0,34.0,41.0,-8.9111328125,28.503416061401367,-14.343260765075684,-0.4854736328125,0.1240234375,0.274169921875
13.557,308,441,750,312,0.0,34.0,41.0,-11.718749046325684,29.724119186401367,-21.423337936401367,-0.370361328125,-0.06298828125,0.2833251953125
13.575,309,420,705,311,1.0,35.0,49.0,-1.8310545682907104,29.113767623901367,-28.381345748901367,-0.3143310546875,-0.2205810546875,0.3013916015625
13.575,310,386,657,310,1.0,35.0,49.0,16.845703125,28.869626998901367,-34.1796875,-0.336181640625,-0.2669677734375,0.2484130859375
13.587,308,354,606,310,1.0,35.0,49.0,38.51318359375,31.860349655151367,-34.36279296875,-0.3895263671875,-0.230712890625,0.1063232421875
13.603,310,340,575,308,1.0,35.0,49.0,59.265132904052734,35.58349609375,-28.503416061401367,-0.443115234375,-0.1033935546875,-0.0032958984375
13.616,310,337,551,310,1.0,35.0,49.0,71.044921875,33.3251953125,-16.78466796875,-0.486572265625,0.1458740234375,-0.0101318359375
13.617,296,331,531,298,1.0,35.0,49.0,62.927242279052734,24.719236373901367,-1.8920897245407104,-0.513427734375,0.3685302734375,0.0318603515625
13.630,310,331,513,310,1.0,35.0,49.0,37.41455078125,18.12744140625,9.765625,-0.5482177734375,0.447265625,0.0631103515625
13.634,308,336,517,310,1.0,35.0,49.0,10.253905296325684,18.73779296875,15.991209983825684,-0.62744140625,0.4197998046875,0.0643310546875
13.647,308,337,509,310,1.0,35.0,49.0,-7.385253429412842,23.193357467651367,18.61572265625,-0.749267578125,0.349609375,0.027099609375
13.658,310,338,513,310,1.0,35.0,49.0,-15.563963890075684,26.000974655151367,19.59228515625,-0.8729248046875,0.2774658203125,-0.0347900390625
13.663,310,337,513,308,0.0,36.0,45.0,-18.06640625,23.803709030151367,19.287109375,-0.9649658203125,0.2327880859375,-0.0789794921875
13.686,310,338,522,308,0.0,36.0,45.0,-17.4560546875,15.930174827575684,17.4560546875,-1.0069580078125,0.2288818359375,-0.0684814453125
13.687,310,337,529,310,0.0,36.0,45.0,-14.465331077575684,5.065917491912842,14.770506858825684,-0.9996337890625,0.25244140625,-0.0108642578125
13.693,310,336,531,310,0.0,36.0,45.0,-9.94873046875,-4.7607421875,12.390135765075684,-0.955810546875,0.2760009765625,0.057861328125
13.716,310,338,546,310,0.0,36.0,45.0,-5.432128429412842,-11.413573265075684,10.925292015075684,-0.8990478515625,0.2789306640625,0.10595703125
13.717,309,343,548,310,0.0,36.0,45.0,-1.8920897245407104,-15.197752952575684,10.070799827575684,-0.8489990234375,0.2584228515625,0.1192626953125
13.723,309,351,553,308,0.0,36.0,45.0,1.0986328125,-17.7001953125,9.82666015625,-0.802734375,0.227783203125,0.0806884765625
13.743,310,357,584,312,0.0,36.0,45.0,3.601073980331421,-20.629880905151367,11.657713890075684,-0.73974609375,0.2056884765625,-0.004150390625
13.745,310,371,629,310,0.0,36.0,45.0,2.13623046875,-25.390623092651367,15.747069358825684,-0.6346435546875,0.2139892578125,-0.0673828125
13.755,310,393,665,311,0.0,36.0,45.0,-8.36181640625,-32.470703125,19.1650390625,-0.4735107421875,0.242431640625,-0.0828857421875
13.767,310,439,711,310,0.0,35.0,44.0,-27.404783248901367,-39.6728515625,17.51708984375,0.0361328125,0.076171875,-0.19091796875
13.775,310,490,750,311,0.0,35.0,44.0,-44.799800872802734,-45.227046966552734,8.9111328125,0.0361328125,0.076171875,-0.19091796875
13.793,310,545,822,312,0.0,35.0,44.0,-47.729488372802734,-51.330562591552734,-1.6479490995407104,0.296630859375,-0.0791015625,-0.255615234375
13.808,310,631,1047,312,0.0,35.0,44.0,-29.418943405151367,-58.959957122802734,-9.765625,0.28125,0.1397705078125,0.0477294921875
13.819,310,688,1188,312,0.0,35.0,44.0,-2.929687261581421,-67.19970703125,-17.7001953125,0.28125,0.1397705078125,0.0477294921875
13.820,310,751,1286,310,0.0,35.0,44.0,0.6713866591453552,-74.951171875,-26.000974655151367,-0.191650390625,0.2864990234375,0.5006103515625
13.822,311,806,1377,312,0.0,35.0,44.0,-24.291990280151367,-75.62255859375,-35.400390625,-0.757568359375,0.2879638671875,0.9337158203125
13.836,311,895,1454,311,0.0,35.0,44.0,-43.945308685302734,-64.208984375,-43.151851654052734,-1.334228515625,0.370849609375,1.0892333984375
13.847,312,943,1447,312,0.0,35.0,44.0,-39.4287109375,-46.508785247802734,-39.85595703125,-1.853759765625,0.5064697265625,0.962646484375
13.883,311,978,1456,313,0.0,35.0,44.0,-17.51708984375,-29.235837936401367,-28.381345748901367,-2.2308349609375,0.5147705078125,0.7353515625
13.936,311,971,1348,312,0.0,32.0,46.0,76.0498046875,5.920409679412842,33.447265625,-0.93359375,0.55419921875,0.128173828125
13.937,298,948,1351,311,0.0,32.0,46.0,68.7255859375,13.000487327575684,29.174802780151367,-0.93359375,0.55419921875,0.128173828125
13.937,310,963,1349,312,0.0,32.0,46.0,31.555173873901367,19.775390625,19.71435546875,-1.25732421875,1.01708984375,0.167236328125
13.937,309,933,1323,312,0.0,32.0,46.0,-17.51708984375,26.428220748901367,6.835937023162842,-1.8173828125,0.5379638671875,0.3157958984375
13.938,298,916,1309,312,0.0,32.0,46.0,-41.198726654052734,27.832029342651367,-6.164550304412842,-1.8173828125,0.5379638671875,0.3157958984375
13.943,310,884,1294,312,0.0,32.0,46.0,-33.69140625,22.155759811401367,-12.268065452575684,-1.709228515625,0.322021484375,0.33740234375
13.962,310,840,1213,312,0.0,32.0,46.0,-15.991209983825684,15.930174827575684,-11.413573265075684,-1.3863525390625,0.2716064453125,0.2362060546875
13.971,310,805,1160,312,0.0,34.0,41.0,-3.723144292831421,14.831542015075684,-8.9111328125,-1.3863525390625,0.2716064453125,0.2362060546875
13.972,308,766,1092,310,0.0,34.0,41.0,4.33349609375,17.578125,-7.324218273162842,-1.1885986328125,0.2633056640625,0.2222900390625
14.001,308,694,994,311,0.0,34.0,41.0,10.437010765075684,20.568845748901367,-4.5166015625,-0.851806640625,0.4249267578125,0.1734619140625
14.002,310,648,931,311,0.0,34.0,41.0,8.1787109375,23.193357467651367,-0.1220703050494194,-0.7147216796875,0.36279296875,0.200927734375
14.020,310,607,847,311,0.0,34.0,41.0,-3.417968511581421,25.695798873901367,1.7089842557907104,-0.7147216796875,0.36279296875,0.200927734375
14.020,310,533,799,310,0.0,34.0,41.0,-22.705076217651367,28.198240280151367,-4.82177734375,-0.4757080078125,0.0633544921875,0.278564453125
14.024,310,508,770,311,0.0,34.0,41.0,-22.705076217651367,28.198240280151367,-4.82177734375,-0.4444580078125,-0.0753173828125,0.2835693359375
14.034,310,480,740,311,0.0,34.0,41.0,-17.08984375,28.442380905151367,-11.047362327575684,-0.4444580078125,-0.0753173828125,0.2835693359375
14.046,309,439,698,312,0.0,34.0,41.0,11.596678733825684,29.602048873901367,-21.362302780151367,-0.544677734375,-0.116943359375,0.162841796875
14.054,310,423,664,312,0.0,34.0,41.0,11.596678733825684,29.602048873901367,-21.362302780151367,-0.5965576171875,-0.0469970703125,0.051513671875
14.065,310,414,638,310,1.0,33.0,43.0,25.146482467651367,30.639646530151367,-18.85986328125,-0.5965576171875,-0.0469970703125,0.051513671875
14.081,310,396,612,311,1.0,33.0,43.0,38.75732421875,28.015134811401367,-2.868652105331421,-0.5780029296875,0.1376953125,-0.0362548828125
14.084,310,391,606,310,1.0,33.0,43.0,38.75732421875,28.015134811401367,-2.868652105331421,-0.5947265625,0.2684326171875,0.016845703125
14.095,310,382,599,310,1.0,33.0,43.0,37.04833984375,22.949216842651367,7.080077648162842,-0.5947265625,0.2684326171875,0.016845703125
14.128,310,382,583,309,1.0,33.0,43.0,11.657713890075684,13.671874046325684,20.202634811401367,-0.672607421875,0.364501953125,0.1436767578125
14.128,300,382,571,312,1.0,33.0,43.0,11.657713890075684,13.671874046325684,20.202634811401367,-0.7655029296875,0.3660888671875,0.1529541015625
14.128,308,378,563,310,1.0,33.0,43.0,1.2817381620407104,12.145995140075684,21.118162155151367,-0.7655029296875,0.3660888671875,0.1529541015625
14.136,310,372,567,311,1.0,33.0,43.0,-4.33349609375,10.253905296325684,15.258788108825684,-0.9801025390625,0.3812255859375,0.077392578125
14.144,310,372,574,310,1.0,33.0,43.0,-4.5166015625,8.1787109375,9.58251953125,-1.0343017578125,0.3675537109375,0.0556640625
14.152,310,357,571,310,1.0,33.0,43.0,-4.5166015625,8.1787109375,9.58251953125,-1.0469970703125,0.343505859375,0.045166015625
14.166,310,352,564,310,-1.0,37.0,46.0,-2.38037109375,0.8544921278953552,-0.9155272841453552,-1.02099609375,0.313232421875,0.05029296875
14.174,310,352,559,308,-1.0,37.0,46.0,-0.4882812201976776,-4.21142578125,-3.601073980331421,-0.965576171875,0.2781982421875,0.0728759765625
14.182,310,352,558,311,-1.0,37.0,46.0,-0.4882812201976776,-4.21142578125,-3.601073980331421,-0.89599609375,0.2392578125,0.0836181640625
14.203,308,356,572,310,-1.0,37.0,46.0,2.685546636581421,-14.221190452575684,-3.601073980331421,-0.8319091796875,0.1998291015625,0.0577392578125
14.228,310,357,587,310,-1.0,37.0,46.0,3.662109136581421,-19.47021484375,-1.220703125,-0.7947998046875,0.17919921875,0.0101318359375
14.228,310,345,608,308,-1.0,37.0,46.0,3.662109136581421,-19.47021484375,-1.220703125,-0.753662109375,0.1851806640625,-0.005859375
14.229,310,379,653,310,-1.0,37.0,46.0,-11.718749046325684,-28.686521530151367,11.108397483825684,-0.6622314453125,0.1962890625,0.018310546875
14.235,310,400,676,310,-1.0,37.0,46.0,-31.494138717651367,-28.930662155151367,17.578125,-0.495361328125,0.1683349609375,-0.0185546875
14.242,310,433,705,312,-1.0,37.0,46.0,-31.494138717651367,-28.930662155151367,17.578125,-0.197998046875,0.049072265625,-0.143798828125
14.256,309,497,763,311,0.0,34.0,43.0,-58.105464935302734,-42.968746185302734,21.301267623901367,0.2623291015625,-0.1181640625,-0.223388671875
14.268,310,548,835,311,0.0,34.0,43.0,-44.189449310302734,-62.622066497802734,21.179197311401367,0.641357421875,-0.208740234375,-0.1842041015625
14.272,311,603,966,312,0.0,34.0,43.0,-44.189449310302734,-62.622066497802734,21.179197311401367,0.66650390625,-0.1220703125,0.0291748046875
14.286,310,705,1215,312,0.0,34.0,43.0,6.591796398162842,-72.69287109375,10.681151390075684,0.28271484375,0.1351318359375,0.4088134765625
14.308,310,767,1313,312,0.0,34.0,43.0,-1.0986328125,-62.011714935302734,-4.2724609375,-0.373046875,0.3040771484375,0.7808837890625
14.309,310,822,1404,312,0.0,34.0,43.0,-25.878904342651367,-46.264644622802734,-22.888181686401367,-1.02490234375,0.307861328125,0.93994140625
14.330,310,917,1478,312,0.0,34.0,43.0,-33.3251953125,-28.930662155151367,-35.2783203125,-1.61328125,0.468505859375,0.7584228515625
14.330,310,948,1499,311,0.0,34.0,43.0,-20.874021530151367,-20.324705123901367,-30.944822311401367,-2.0771484375,0.64794921875,0.486328125
14.333,310,982,1504,312,0.0,34.0,43.0,-1.4038084745407104,-22.155759811401367,-15.930174827575684,-2.385498046875,0.68701171875,0.4091796875
14.346,310,1000,1483,313,0.0,34.0,43.0,19.04296875,-24.353025436401367,2.25830078125,-2.673095703125,0.5828857421875,0.4854736328125
14.354,308,982,1434,312,0.0,34.0,43.0,36.07177734375,-20.812986373901367,19.4091796875,-2.70654296875,0.272216796875,0.527099609375
14.365,311,976,1401,312,0.0,32.0,47.0,51.147457122802734,-9.6435546875,30.334470748901367,-1.9510498046875,-0.0029296875,0.4259033203125
14.377,310,962,1379,312,0.0,32.0,47.0,67.93212890625,6.103515148162842,31.249998092651367,-1.0020751953125,0.1744384765625,0.2525634765625
14.385,310,968,1392,314,0.0,32.0,47.0,67.93212890625,18.6767578125,24.536130905151367,-0.8065185546875,0.7403564453125,0.1134033203125
14.404,310,971,1396,312,0.0,32.0,47.0,31.433103561401367,25.390623092651367,13.000487327575684,-1.20947265625,0.998779296875,0.08935546875
14.406,310,958,1391,310,0.0,32.0,47.0,-16.2353515625,27.404783248901367,-1.7089842557907104,-1.6585693359375,0.789306640625,0.187255859375
14.434,310,939,1380,312,0.0,32.0,47.0,-39.1845703125,23.681638717651367,-11.962889671325684,-1.8045654296875,0.49560546875,0.31494140625
14.434,296,920,1366,312,0.0,32.0,47.0,-33.935546875,17.08984375,-14.709471702575684,-1.7073974609375,0.3555908203125,0.3712158203125
14.436,311,876,1336,313,0.0,32.0,47.0,-19.53125,13.305663108825684,-12.634276390075684,-1.5487060546875,0.353515625,0.3487548828125
14.444,310,848,1294,314,0.0,32.0,47.0,-9.8876953125,15.136717796325684,-10.192870140075684,-1.394287109375,0.3492431640625,0.3094482421875
14.453,310,814,1243,314,0.0,32.0,47.0,-3.662109136581421,20.141599655151367,-9.6435546875,-1.2215576171875,0.3028564453125,0.300537109375
14.466,310,749,1139,312,1.0,34.0,44.0,3.784179449081421,24.353025436401367,-9.521484375,-1.05517578125,0.3455810546875,0.2645263671875
14.476,310,703,1065,312,1.0,34.0,44.0,7.019042491912842,27.038572311401367,-7.446288585662842,-0.9326171875,0.443115234375,0.1912841796875
14.482,309,657,988,313,1.0,34.0,44.0,0.8544921278953552,28.747556686401367,-6.042479991912842,-0.8236083984375,0.43017578125,0.164306640625
14.496,310,585,891,310,1.0,34.0,44.0,-9.70458984375,29.113767623901367,-8.4228515625,-0.7071533203125,0.3228759765625,0.2022705078125
14.505,310,547,849,312,1.0,34.0,44.0,-17.333984375,28.686521530151367,-12.329100608825684,-0.6033935546875,0.1878662109375,0.253662109375
14.512,310,509,816,311,1.0,34.0,44.0,-16.9677734375,29.174802780151367,-16.29638671875,-0.5274658203125,0.010009765625,0.2890625
14.539,310,465,763,312,1.0,34.0,44.0,-7.812499523162842,30.090330123901367,-21.301267623901367,-0.4884033203125,-0.1644287109375,0.3087158203125
14.539,310,430,717,310,1.0,34.0,44.0,8.48388671875,30.578611373901367,-26.306150436401367,-0.4979248046875,-0.2216796875,0.276611328125
14.542,310,409,666,311,1.0,34.0,44.0,27.526853561401367,31.738279342651367,-27.526853561401367,-0.541259765625,-0.1719970703125,0.188232421875
14.556,310,391,616,310,1.0,37.0,45.0,43.212886810302734,32.71484375,-23.620603561401367,-0.5645751953125,-0.0894775390625,0.09130859375
14.564,310,387,589,310,1.0,37.0,45.0,54.321285247802734,31.677244186401367,-15.319823265075684,-0.5579833984375,0.0345458984375,0.042236328125
14.573,308,382,558,311,1.0,37.0,45.0,60.974117279052734,27.282712936401367,-3.234863042831421,-0.559326171875,0.195556640625,0.0396728515625
14.601,310,372,533,310,1.0,37.0,45.0,58.044429779052734,21.362302780151367,10.070799827575684,-0.5841064453125,0.3182373046875,0.0418701171875
14.631,309,372,530,310,1.0,37.0,45.0,44.494625091552734,17.333984375,20.446775436401367,-0.6376953125,0.3787841796875,0.0540771484375
14.639,310,368,523,310,1.0,37.0,45.0,27.160642623901367,16.4794921875,25.817869186401367,-0.7322998046875,0.41845703125,0.0655517578125
14.639,310,357,525,310,1.0,37.0,45.0,11.474608421325684,17.88330078125,26.367185592651367,-0.9293212890625,0.43701171875,0.00634765625
14.644,308,357,530,310,1.0,37.0,45.0,-2.01416015625,19.10400390625,22.949216842651367,-0.9293212890625,0.43701171875,0.00634765625
14.644,310,363,530,309,1.0,37.0,45.0,-13.366698265075684,18.06640625,17.333984375,-0.9581298828125,0.36865234375,-0.0289306640625
14.646,308,356,545,310,1.0,37.0,45.0,-20.141599655151367,14.282225608825684,11.718749046325684,-0.9293212890625,0.2498779296875,-0.001708984375
14.654,310,360,551,310,0.0,34.0,42.0,-19.8974609375,7.812499523162842,8.30078125,-0.9293212890625,0.2498779296875,-0.001708984375
14.662,309,365,561,310,0.0,34.0,42.0,-15.258788108825684,-0.3662109076976776,7.690429210662842,-0.902587890625,0.2506103515625,0.0504150390625
14.677,310,367,590,308,0.0,34.0,42.0,-11.413573265075684,-8.544921875,9.033203125,-0.81103515625,0.2635498046875,0.05029296875
14.684,309,373,614,311,0.0,34.0,42.0,-12.878417015075684,-15.075682640075684,11.169432640075684,-0.81103515625,0.2635498046875,0.05029296875
14.692,309,384,636,310,0.0,34.0,42.0,-20.080564498901367,-19.6533203125,13.122557640075684,-0.7008056640625,0.2188720703125,0.025390625
14.710,311,426,688,311,0.0,34.0,42.0,-28.564451217651367,-22.460935592651367,14.099120140075684,-0.2288818359375,0.07666015625,-0.095703125
15.052,310,455,694,311,0.0,34.0,42.0,-33.0810546875,-25.634763717651367,13.183592796325684,-0.2288818359375,0.07666015625,-0.095703125
15.053,310,496,721,312,0.0,34.0,42.0,-32.16552734375,-33.02001953125,9.3994140625,0.1380615234375,0.01806640625,-0.2471923828125
15.053,309,576,887,312,0.0,34.0,42.0,-27.954099655151367,-44.494625091552734,4.5166015625,0.5225830078125,0.0556640625,-0.3106689453125
15.053,310,642,1081,311,0.0,34.0,42.0,-19.8974609375,-54.077144622802734,-0.2441406100988388,0.5225830078125,0.0556640625,-0.3106689453125
15.053,310,713,1219,312,1.0,32.0,47.0,-13.671874046325684,-58.532711029052734,-7.629394054412842,0.231201171875,0.289794921875,0.00634765625
15.053,310,816,1416,312,1.0,32.0,47.0,-57.373043060302734,-64.02587890625,-32.77587890625,-0.7972412109375,0.2462158203125,1.00244140625
15.053,311,873,1484,312,1.0,32.0,47.0,-57.373043060302734,-64.02587890625,-32.77587890625,-1.1761474609375,0.14794921875,1.09716796875
15.053,311,918,1524,313,1.0,32.0,47.0,-71.96044921875,-57.250972747802734,-47.424312591552734,-1.1761474609375,0.14794921875,1.09716796875
15.054,310,990,1566,313,1.0,32.0,47.0,-11.474608421325684,-31.677244186401367,-44.616695404052734,-2.004150390625,0.4232177734375,0.5413818359375
15.054,311,1014,1588,312,1.0,32.0,47.0,-11.474608421325684,-31.677244186401367,-44.616695404052734,-2.42724609375,0.572998046875,0.37939453125
15.054,311,1029,1597,312,1.0,32.0,47.0,25.878904342651367,-27.648923873901367,-29.724119186401367,-2.42724609375,0.572998046875,0.37939453125
15.054,310,1014,1523,312,1.0,32.0,47.0,42.785640716552734,-16.41845703125,6.835937023162842,-2.5797119140625,0.264404296875,0.394287109375
15.054,310,1003,1470,312,1.0,32.0,47.0,42.785640716552734,-16.41845703125,6.835937023162842,-1.600341796875,-0.1590576171875,0.458251953125
15.054,310,1008,1434,312,1.0,32.0,47.0,43.701168060302734,-6.774901866912842,17.15087890625,-1.600341796875,-0.1590576171875,0.458251953125
15.054,310,1012,1430,312,0.0,32.0,37.0,61.889644622802734,16.90673828125,15.319823265075684,-0.999267578125,0.7269287109375,0.2578125
15.054,310,1010,1428,314,0.0,32.0,37.0,61.889644622802734,16.90673828125,15.319823265075684,-1.5504150390625,0.9326171875,0.129638671875
15.054,310,996,1422,312,0.0,32.0,37.0,27.893064498901367,27.221677780151367,7.751464366912842,-1.5504150390625,0.9326171875,0.129638671875
15.054,310,968,1409,312,0.0,32.0,37.0,-25.695798873901367,25.634763717651367,-14.221190452575684,-1.723388671875,0.4306640625,0.22216796875
15.054,309,944,1395,312,0.0,32.0,37.0,-25.695798873901367,25.634763717651367,-14.221190452575684,-1.50244140625,0.3291015625,0.2906494140625
15.055,311,918,1377,312,0.0,32.0,37.0,-20.996091842651367,16.90673828125,-16.05224609375,-1.50244140625,0.3291015625,0.2906494140625
15.055,310,871,1306,311,0.0,32.0,37.0,-7.934569835662842,14.953612327575684,-13.000487327575684,-1.2337646484375,0.266845703125,0.3170166015625
15.055,311,833,1246,312,0.0,32.0,37.0,-1.6479490995407104,20.446775436401367,-10.925292015075684,-1.12255859375,0.259521484375,0.248291015625
15.055,310,796,1196,312,0.0,32.0,37.0,-1.6479490995407104,20.446775436401367,-10.925292015075684,-0.99853515625,0.3370361328125,0.1446533203125
15.055,308,718,1092,299,0.0,32.0,37.0,2.929687261581421,26.062009811401367,-1.4038084745407104,-0.8668212890625,0.3470458984375,0.1268310546875
15.055,310,676,1020,311,0.0,34.0,46.0,-7.690429210662842,23.681638717651367,1.220703125,-0.75,0.2493896484375,0.202880859375
15.055,310,644,951,312,0.0,34.0,46.0,-7.690429210662842,23.681638717651367,1.220703125,-0.671142578125,0.15283203125,0.27001953125
15.055,309,579,861,311,0.0,34.0,46.0,-19.59228515625,25.146482467651367,-1.8310545682907104,-0.61865234375,0.103759765625,0.2799072265625
15.055,310,535,794,312,0.0,34.0,46.0,-11.840819358825684,26.733396530151367,-6.591796398162842,-0.5712890625,0.0360107421875,0.2586669921875
15.055,310,526,793,311,0.0,34.0,46.0,-11.840819358825684,26.733396530151367,-6.591796398162842,-0.5423583984375,-0.049560546875,0.2310791015625
15.055,310,485,748,310,0.0,34.0,46.0,12.634276390075684,25.024412155151367,-18.49365234375,-0.5447998046875,-0.0758056640625,0.1861572265625
15.055,310,465,700,311,0.0,34.0,46.0,22.277830123901367,25.085447311401367,-18.6767578125,-0.5792236328125,-0.038818359375,0.1357421875
15.055,310,452,674,310,0.0,34.0,46.0,22.277830123901367,25.085447311401367,-18.6767578125,-0.6123046875,0.0172119140625,0.0838623046875
15.055,310,431,635,310,0.0,34.0,46.0,26.794431686401367,24.108884811401367,-3.601073980331421,-0.635498046875,0.0809326171875,0.0235595703125
15.055,310,423,631,310,0.0,34.0,46.0,27.587888717651367,23.559568405151367,6.103515148162842,-0.67431640625,0.169677734375,-0.00146484375
15.056,310,399,606,310,-3.0,34.0,48.0,27.587888717651367,23.559568405151367,6.103515148162842,-0.7152099609375,0.263671875,0.0284423828125
15.071,308,399,594,311,-3.0,34.0,48.0,19.71435546875,17.2119140625,19.59228515625,-0.747314453125,0.339599609375,0.0828857421875
15.074,310,398,583,310,-3.0,34.0,48.0,8.36181640625,14.953612327575684,21.728513717651367,-0.7740478515625,0.3907470703125,0.1285400390625
15.088,311,393,585,310,-3.0,34.0,48.0,-3.112792730331421,13.854979515075684,21.789548873901367,-0.8114013671875,0.395263671875,0.14501953125
15.114,310,384,576,310,-3.0,34.0,48.0,-11.169432640075684,12.878417015075684,20.263669967651367,-0.8629150390625,0.3460693359375,0.13232421875
15.130,310,383,572,310,-3.0,34.0,48.0,-13.793944358825684,11.169432640075684,17.7001953125,-0.91796875,0.28271484375,0.1031494140625
15.182,310,377,562,310,-3.0,34.0,48.0,-11.413573265075684,8.056640625,15.380858421325684,-0.959716796875,0.2427978515625,0.078857421875
15.183,310,372,559,312,-3.0,34.0,48.0,-6.408690929412842,3.356933355331421,14.343260765075684,-0.9703369140625,0.2286376953125,0.076171875
15.183,310,371,558,310,-3.0,34.0,48.0,-1.6479490995407104,-1.8920897245407104,14.587401390075684,-0.950439453125,0.2320556640625,0.0927734375
15.184,309,370,563,310,-3.0,34.0,48.0,0.9155272841453552,-6.469726085662842,15.197752952575684,-0.915771484375,0.2447509765625,0.1158447265625
15.184,308,369,578,310,0.0,36.0,44.0,1.15966796875,-9.58251953125,15.380858421325684,-0.888671875,0.2606201171875,0.1182861328125
15.184,309,370,587,311,0.0,36.0,44.0,-1.220703125,-11.291502952575684,15.747069358825684,-0.87841796875,0.2684326171875,0.0992431640625
15.184,310,372,599,310,0.0,36.0,44.0,-7.202147960662842,-12.817381858825684,17.39501953125,-0.8758544921875,0.246337890625,0.0777587890625
15.188,308,380,618,310,0.0,36.0,44.0,-16.357421875,-14.953612327575684,21.179197311401367,-0.8477783203125,0.2022705078125,0.0533447265625
15.194,309,401,636,310,0.0,36.0,44.0,-26.184080123901367,-17.39501953125,26.977537155151367,-0.7476806640625,0.1610107421875,0.01953125
15.209,310,420,671,312,0.0,36.0,44.0,-35.64453125,-20.324705123901367,32.71484375,-0.5311279296875,0.1060791015625,-0.0423583984375
15.226,309,470,697,311,0.0,36.0,44.0,-42.541500091552734,-26.123044967651367,35.64453125,-0.1922607421875,0.0357666015625,-0.109130859375
15.226,309,502,764,310,0.0,36.0,44.0,-43.701168060302734,-37.53662109375,34.11865234375,0.2110595703125,-0.0308837890625,-0.130126953125
15.253,310,554,840,312,0.0,36.0,44.0,-36.43798828125,-51.513668060302734,27.465818405151367,0.5023193359375,-0.052734375,-0.12353515625
15.254,309,642,1105,312,0.0,36.0,44.0,-18.310546875,-62.072750091552734,15.624999046325684,0.518310546875,0.07470703125,-0.0128173828125
15.254,310,700,1226,310,0.0,33.0,47.0,0.2441406100988388,-68.603515625,-2.38037109375,0.24755859375,0.297607421875,0.226318359375
15.262,310,766,1338,312,0.0,33.0,47.0,0.1220703050494194,-69.64111328125,-26.672361373901367,-0.238525390625,0.4150390625,0.442138671875
15.276,310,848,1470,312,0.0,33.0,47.0,-14.953612327575684,-62.194820404052734,-49.194332122802734,-0.8397216796875,0.43505859375,0.54541015625
15.284,310,893,1547,312,0.0,33.0,47.0,-26.794431686401367,-50.292964935302734,-57.434078216552734,-1.4556884765625,0.6195068359375,0.4881591796875
15.296,310,944,1593,312,0.0,33.0,47.0,-34.97314453125,-45.410152435302734,-47.485347747802734,-1.8558349609375,0.7247314453125,0.548095703125
15.306,310,986,1646,312,0.0,33.0,47.0,-36.376953125,-51.208492279052734,-32.5927734375,-2.0557861328125,0.4215087890625,0.79931640625
15.329,310,1000,1662,313,0.0,33.0,47.0,-16.2353515625,-49.438472747802734,-22.827146530151367,-2.326171875,0.208251953125,0.8560791015625
15.329,298,987,1627,312,0.0,33.0,47.0,17.51708984375,-33.63037109375,-9.21630859375,-2.601806640625,0.2374267578125,0.68701171875
15.356,310,966,1578,315,0.0,33.0,47.0,41.259761810302734,-15.869139671325684,13.122557640075684,-2.3272705078125,0.1710205078125,0.4835205078125
15.356,310,959,1545,312,0.0,33.0,47.0,52.490230560302734,-0.3662109076976776,29.296873092651367,-1.4334716796875,0.1146240234375,0.3453369140625
15.356,309,964,1555,312,0.0,32.0,47.0,57.861324310302734,10.498045921325684,28.015134811401367,-0.827880859375,0.411865234375,0.2530517578125
15.366,310,966,1559,312,0.0,32.0,47.0,41.320796966552734,17.15087890625,16.357421875,-1.399169921875,0.78466796875,0.1707763671875
15.374,310,957,1559,312,0.0,32.0,47.0,3.662109136581421,22.827146530151367,1.9531248807907104,-1.399169921875,0.78466796875,0.1707763671875
15.382,310,943,1553,312,0.0,32.0,47.0,-26.062009811401367,23.986814498901367,-9.21630859375,-1.6619873046875,0.5521240234375,0.259521484375
15.396,310,923,1527,311,0.0,32.0,47.0,-32.8369140625,17.9443359375,-12.512206077575684,-1.45361328125,0.3502197265625,0.3851318359375
15.404,310,902,1508,313,0.0,32.0,47.0,-24.658201217651367,10.681151390075684,-10.681151390075684,-1.45361328125,0.3502197265625,0.3851318359375
15.412,310,875,1477,314,0.0,32.0,47.0,-15.563963890075684,8.11767578125,-8.60595703125,-1.302490234375,0.35009765625,0.3746337890625
15.433,310,835,1406,312,0.0,32.0,47.0,-10.437010765075684,10.681151390075684,-7.202147960662842,-1.1400146484375,0.23486328125,0.3370361328125
15.434,310,799,1353,312,0.0,32.0,47.0,-5.615233898162842,15.319823265075684,-4.8828125,-1.1400146484375,0.23486328125,0.3370361328125
15.456,312,766,1289,312,0.0,32.0,47.0,1.15966796875,20.080564498901367,-1.03759765625,-1.070068359375,0.28955078125,0.26513671875
15.457,299,711,1139,299,1.0,34.0,46.0,3.784179449081421,23.193357467651367,3.784179449081421,-0.8421630859375,0.3515625,0.22900390625
15.464,308,674,1092,313,1.0,34.0,46.0,-2.50244140625,23.498533248901367,7.263183116912842,-0.8421630859375,0.3515625,0.22900390625
15.472,310,646,1025,312,1.0,34.0,46.0,-10.620116233825684,23.071287155151367,7.202147960662842,-0.70703125,0.236328125,0.2611083984375
15.489,310,586,922,312,1.0,34.0,46.0,-11.474608421325684,23.193357467651367,3.784179449081421,-0.5673828125,0.16015625,0.2777099609375
15.498,310,561,873,312,1.0,34.0,46.0,-3.601073980331421,23.376462936401367,-2.38037109375,-0.5673828125,0.16015625,0.2777099609375
15.506,310,538,837,312,1.0,34.0,46.0,7.446288585662842,24.597166061401367,-9.94873046875,-0.565673828125,0.15673828125,0.2677001953125
15.516,309,502,778,311,1.0,34.0,46.0,14.343260765075684,27.404783248901367,-16.90673828125,-0.648193359375,0.0042724609375,0.213134765625
15.529,308,488,741,311,1.0,34.0,46.0,17.88330078125,29.968259811401367,-20.874021530151367,-0.6724853515625,-0.044677734375,0.177978515625
15.532,310,483,697,310,1.0,34.0,46.0,22.766111373901367,30.639646530151367,-19.47021484375,-0.6724853515625,-0.044677734375,0.177978515625
15.559,310,452,650,310,0.0,35.0,47.0,33.14208984375,28.259275436401367,-2.25830078125,-0.6976318359375,0.0465087890625,0.0892333984375
15.560,310,441,620,310,0.0,35.0,47.0,33.14208984375,28.259275436401367,-2.25830078125,-0.7174072265625,0.1246337890625,0.0362548828125
15.562,309,437,601,310,0.0,35.0,47.0,34.97314453125,28.503416061401367,8.11767578125,-0.7174072265625,0.1246337890625,0.0362548828125
15.576,310,414,568,310,0.0,35.0,47.0,27.832029342651367,25.878904342651367,24.963376998901367,-0.7467041015625,0.23681640625,0.0985107421875
15.584,309,409,547,311,0.0,35.0,47.0,27.832029342651367,25.878904342651367,24.963376998901367,-0.7489013671875,0.3001708984375,0.140869140625
15.600,310,402,535,310,0.0,35.0,47.0,18.1884765625,22.399900436401367,31.249998092651367,-0.7489013671875,0.3001708984375,0.140869140625
15.606,308,393,524,310,0.0,35.0,47.0,0.7324218153953552,16.66259765625,36.19384765625,-0.796875,0.41259765625,0.1578369140625
15.615,308,394,529,310,0.0,35.0,47.0,0.7324218153953552,16.66259765625,36.19384765625,-0.835693359375,0.410888671875,0.1353759765625
15.622,308,391,531,310,0.0,35.0,47.0,-5.432128429412842,15.075682640075684,33.75244140625,-0.835693359375,0.410888671875,0.1353759765625
15.636,310,388,549,309,0.0,35.0,47.0,-10.131834983825684,11.230467796325684,24.597166061401367,-0.88232421875,0.3548583984375,0.0914306640625
15.659,309,394,558,310,0.0,35.0,47.0,-10.131834983825684,11.230467796325684,24.597166061401367,-0.8948974609375,0.33349609375,0.0631103515625
15.659,309,394,568,311,0.0,34.0,44.0,-9.82666015625,7.263183116912842,22.216794967651367,-0.8948974609375,0.33349609375,0.0631103515625
15.666,310,399,585,310,0.0,34.0,44.0,-14.953612327575684,-4.150390625,26.611326217651367,-0.8670654296875,0.2576904296875,0.0242919921875
15.675,310,399,607,310,0.0,34.0,44.0,-18.98193359375,-10.375975608825684,32.470703125,-0.79296875,0.2181396484375,0.0018310546875
15.682,308,407,644,312,0.0,34.0,44.0,-18.98193359375,-10.375975608825684,32.470703125,-0.6600341796875,0.1845703125,-0.046875
15.705,309,432,720,310,0.0,34.0,44.0,-31.372068405151367,-22.705076217651367,45.349117279052734,-0.4403076171875,0.1263427734375,-0.12255859375
15.705,297,473,770,310,0.0,34.0,44.0,-37.04833984375,-32.1044921875,46.874996185302734,-0.05126953125,0.0174560546875,-0.1602783203125
15.713,310,521,818,312,0.0,34.0,44.0,-37.04833984375,-32.1044921875,46.874996185302734,0.394775390625,-0.156005859375,-0.1640625
15.735,310,607,973,311,0.0,34.0,44.0,-11.047362327575684,-54.870601654052734,21.545408248901367,0.6839599609375,-0.24609375,-0.1339111328125
15.735,295,664,1139,312,0.0,34.0,44.0,36.1328125,-63.476558685302734,-0.7934569716453552,0.64697265625,-0.0115966796875,0.036865234375
15.742,309,718,1271,312,0.0,34.0,44.0,36.1328125,-63.476558685302734,-0.7934569716453552,0.1866455078125,0.4095458984375,0.32763671875
15.920,309,827,1402,312,0.0,31.0,50.0,43.457027435302734,-70.9228515625,-44.128414154052734,-0.4945068359375,0.6488037109375,0.5941162109375
15.923,310,861,1474,312,0.0,31.0,50.0,-13.610838890075684,-64.697265625,-55.236812591552734,-1.2093505859375,0.8760986328125,0.6331787109375
15.923,310,917,1504,298,0.0,31.0,50.0,-13.610838890075684,-64.697265625,-55.236812591552734,-1.7689208984375,1.0509033203125,0.64208984375
15.923,310,973,1589,312,0.0,31.0,50.0,-67.138671875,-46.936031341552734,-29.052732467651367,-2.0823974609375,0.6656494140625,0.9161376953125
15.923,311,994,1578,314,0.0,31.0,50.0,-39.36767578125,-45.532222747802734,-16.29638671875,-2.3505859375,0.1524658203125,1.1224365234375
15.923,310,996,1531,312,0.0,31.0,50.0,-39.36767578125,-45.532222747802734,-16.29638671875,-2.5831298828125,-0.0001220703125,0.96484375
15.923,310,966,1409,311,0.0,31.0,50.0,80.50536346435547,-13.549803733825684,27.709959030151367,-2.4381103515625,0.0467529296875,0.541259765625
15.923,297,986,1415,312,0.0,31.0,50.0,118.28612518310547,12.207030296325684,49.377437591552734,-1.7032470703125,0.2420654296875,0.1146240234375
15.924,310,980,1391,294,0.0,31.0,50.0,113.95262908935547,34.36279296875,46.752925872802734,-1.0042724609375,0.6551513671875,-0.1043701171875
15.924,312,987,1406,300,-4.0,36.0,46.0,64.27001953125,42.724605560302734,24.841306686401367,-0.87744140625,0.994384765625,-0.07861328125
15.924,310,985,1406,313,-4.0,36.0,46.0,-0.9155272841453552,40.466304779052734,0.4882812201976776,-1.18994140625,0.9735107421875,0.0999755859375
15.924,311,978,1398,311,-4.0,36.0,46.0,-44.738765716552734,34.85107421875,-13.000487327575684,-1.6033935546875,0.7581787109375,0.2891845703125
15.924,310,925,1351,314,-4.0,36.0,46.0,-55.603023529052734,27.587888717651367,-13.916014671325684,-1.7779541015625,0.5657958984375,0.39990234375
15.924,310,933,1357,314,-4.0,36.0,46.0,-42.846675872802734,19.71435546875,-9.82666015625,-1.709716796875,0.50146484375,0.41845703125
15.924,311,912,1336,314,-4.0,36.0,46.0,-23.742673873901367,14.099120140075684,-7.019042491912842,-1.5364990234375,0.5091552734375,0.3770751953125
15.924,310,873,1260,312,-4.0,36.0,46.0,-9.6435546875,13.305663108825684,-7.324218273162842,-1.3453369140625,0.4561767578125,0.327880859375
15.924,310,834,1185,299,-4.0,36.0,46.0,-0.4272460639476776,16.11328125,-8.97216796875,-1.171142578125,0.3455810546875,0.2935791015625
15.924,311,809,1160,311,-4.0,36.0,46.0,8.056640625,20.324705123901367,-9.1552734375,-1.03173828125,0.3658447265625,0.2352294921875
15.939,310,732,1063,311,-4.0,36.0,46.0,13.122557640075684,24.291990280151367,-6.835937023162842,-0.89892578125,0.48779296875,0.1822509765625
15.944,310,689,988,311,-2.0,34.0,45.0,8.60595703125,26.184080123901367,-6.347655773162842,-0.7542724609375,0.4986572265625,0.1986083984375
15.961,307,646,933,312,-2.0,34.0,45.0,-4.0283203125,26.672361373901367,-11.596678733825684,-0.6285400390625,0.38525390625,0.2427978515625
15.971,310,579,861,311,-2.0,34.0,45.0,-15.869139671325684,27.893064498901367,-20.568845748901367,-0.552490234375,0.24169921875,0.253173828125
15.974,310,548,827,312,-2.0,34.0,45.0,-18.5546875,30.334470748901367,-29.296873092651367,-0.5361328125,0.1121826171875,0.2412109375
15.982,310,512,809,310,-2.0,34.0,45.0,-11.596678733825684,32.2265625,-35.94970703125,-0.5406494140625,-0.0264892578125,0.232177734375
15.996,310,452,763,310,-2.0,34.0,45.0,0.7934569716453552,32.470703125,-40.771480560302734,-0.5452880859375,-0.126220703125,0.22314453125
16.004,310,434,723,311,-2.0,34.0,45.0,16.357421875,31.555173873901367,-43.151851654052734,-0.5615234375,-0.1107177734375,0.1929931640625
16.012,310,410,683,311,-2.0,34.0,45.0,31.311033248901367,30.334470748901367,-41.809078216552734,-0.5738525390625,-0.0052490234375,0.1202392578125
16.026,310,386,632,310,-2.0,34.0,45.0,42.114253997802734,30.212400436401367,-37.841796875,-0.58349609375,0.13720703125,0.05224609375
16.040,311,373,594,312,-2.0,34.0,45.0,47.241207122802734,29.602048873901367,-31.860349655151367,-0.5887451171875,0.2833251953125,0.04736328125
16.042,309,371,588,310,0.0,34.0,48.0,43.823238372802734,26.611326217651367,-23.681638717651367,-0.577392578125,0.3848876953125,0.0782470703125
16.059,308,363,566,310,0.0,34.0,48.0,31.066892623901367,23.132322311401367,-15.258788108825684,-0.59765625,0.4093017578125,0.0943603515625
16.076,309,357,554,311,0.0,34.0,48.0,14.648436546325684,21.972654342651367,-8.48388671875,-0.6873779296875,0.3834228515625,0.08447265625
16.076,297,357,537,310,0.0,34.0,48.0,-0.6713866591453552,22.766111373901367,-2.929687261581421,-0.804443359375,0.332763671875,0.065185546875
16.086,310,354,533,310,0.0,34.0,48.0,-12.390135765075684,23.010251998901367,2.13623046875,-0.8896484375,0.271240234375,0.047607421875
16.094,309,354,523,309,0.0,34.0,48.0,-18.798828125,20.935056686401367,6.652831554412842,-0.927001953125,0.2178955078125,0.031494140625
16.110,310,356,508,311,0.0,34.0,48.0,-18.98193359375,16.845703125,9.521484375,-0.9346923828125,0.19140625,0.0181884765625
16.116,309,357,509,310,0.0,34.0,48.0,-13.854979515075684,12.268065452575684,10.437010765075684,-0.930908203125,0.2073974609375,0.0201416015625
16.128,310,356,506,310,0.0,34.0,48.0,-7.263183116912842,7.446288585662842,10.803221702575684,-0.92236328125,0.254150390625,0.0498046875
16.132,309,364,506,310,0.0,34.0,48.0,-3.479003667831421,2.13623046875,11.291502952575684,-0.9052734375,0.287841796875,0.0968017578125
16.146,308,367,519,310,0.0,36.0,41.0,-3.051757574081421,-2.746581792831421,11.413573265075684,-0.8739013671875,0.2847900390625,0.1409912109375
16.173,309,369,529,310,0.0,36.0,41.0,-4.21142578125,-6.347655773162842,10.986327171325684,-0.8739013671875,0.2847900390625,0.1409912109375
16.173,310,371,517,299,0.0,36.0,41.0,-7.019042491912842,-8.11767578125,10.986327171325684,-0.85791015625,0.2593994140625,0.1044921875
16.176,308,380,561,310,0.0,36.0,41.0,-12.268065452575684,-9.1552734375,12.939452171325684,-0.75244140625,0.2139892578125,-0.021728515625
16.184,311,391,594,310,0.0,36.0,41.0,-19.71435546875,-11.230467796325684,16.78466796875,-0.75244140625,0.2139892578125,-0.021728515625
16.192,310,414,639,310,0.0,36.0,41.0,-30.517576217651367,-14.038084983825684,20.507810592651367,-0.611572265625,0.2130126953125,-0.081787109375
16.206,310,456,671,310,0.0,36.0,41.0,-44.616695404052734,-16.6015625,21.606443405151367,-0.0411376953125,0.082275390625,-0.3572998046875
16.223,310,506,713,311,0.0,36.0,41.0,-58.898921966552734,-21.301267623901367,19.6533203125,-0.0411376953125,0.082275390625,-0.3572998046875
16.223,309,559,814,312,0.0,36.0,41.0,-68.29833984375,-32.28759765625,17.02880859375,0.2921142578125,-0.0035400390625,-0.3919677734375
16.236,310,654,1054,311,0.0,36.0,41.0,-65.36865234375,-47.729488372802734,12.145995140075684,0.3458251953125,0.15576171875,0.1732177734375
16.246,311,714,1198,312,1.0,34.0,47.0,-47.180171966552734,-61.462398529052734,-2.13623046875,0.3458251953125,0.15576171875,0.1732177734375
16.252,310,772,1300,312,1.0,34.0,47.0,-28.686521530151367,-71.22802734375,-27.099607467651367,-0.0152587890625,0.26220703125,0.6378173828125
16.278,309,853,1400,312,1.0,34.0,47.0,-24.719236373901367,-73.73046875,-53.283687591552734,-1.0738525390625,0.4208984375,0.927978515625
16.279,310,902,1437,312,1.0,34.0,47.0,-27.465818405151367,-64.0869140625,-68.90869140625,-1.0738525390625,0.4208984375,0.927978515625
16.282,310,936,1478,312,1.0,34.0,47.0,-27.465818405151367,-48.217769622802734,-66.46728515625,-1.64697265625,0.845703125,0.674560546875
16.299,310,982,1518,312,1.0,34.0,47.0,-17.27294921875,-35.33935546875,-43.212886810302734,-2.4658203125,0.6180419921875,0.5770263671875
16.304,311,994,1501,313,1.0,34.0,47.0,-17.27294921875,-35.33935546875,-43.212886810302734,-2.69189453125,0.052490234375,0.6614990234375
16.319,310,980,1437,312,1.0,34.0,47.0,5.0048828125,-33.02001953125,-29.235837936401367,-2.69189453125,0.052490234375,0.6614990234375
16.326,311,966,1367,312,1.0,34.0,47.0,72.20458984375,-13.916014671325684,16.29638671875,-1.6256103515625,-0.416259765625,0.3701171875
16.349,310,953,1309,312,1.0,34.0,47.0,72.20458984375,-13.916014671325684,16.29638671875,-0.8707275390625,0.1119384765625,0.2474365234375
16.349,296,953,1300,312,-1.0,34.0,47.0,92.28514862060547,3.967284917831421,29.724119186401367,-0.8707275390625,0.1119384765625,0.2474365234375
16.356,311,960,1292,312,-1.0,34.0,47.0,23.681638717651367,34.7900390625,17.39501953125,-1.251220703125,0.9119873046875,0.1605224609375
16.364,310,955,1280,312,-1.0,34.0,47.0,23.681638717651367,34.7900390625,17.39501953125,-1.6962890625,0.74560546875,0.211669921875
16.383,310,944,1259,312,-1.0,34.0,47.0,-22.949216842651367,39.85595703125,3.051757574081421,-1.6962890625,0.74560546875,0.211669921875
16.386,299,916,1209,312,-1.0,34.0,47.0,-36.19384765625,25.390623092651367,-3.540038824081421,-1.7310791015625,0.38330078125,0.4046630859375
16.394,310,888,1175,312,-1.0,34.0,47.0,-36.19384765625,25.390623092651367,-3.540038824081421,-1.561279296875,0.3199462890625,0.4310302734375
16.403,311,859,1122,313,-1.0,34.0,47.0,-22.094724655151367,19.1650390625,-0.2441406100988388,-1.561279296875,0.3199462890625,0.4310302734375
16.419,310,809,1017,310,-1.0,34.0,47.0,6.225585460662842,23.803709030151367,6.530761241912842,-1.27783203125,0.2628173828125,0.3272705078125
16.424,310,766,916,312,-1.0,34.0,47.0,6.225585460662842,23.803709030151367,6.530761241912842,-1.147216796875,0.3883056640625,0.21826171875
16.432,309,718,848,312,-1.0,34.0,47.0,18.06640625,27.587888717651367,10.559081077575684,-1.004150390625,0.491455078125,0.116455078125
16.453,310,631,728,311,1.0,37.0,48.0,8.85009765625,31.677244186401367,12.878417015075684,-0.820068359375,0.437744140625,0.105712890625
16.454,311,588,678,298,1.0,37.0,48.0,-3.173827886581421,32.53173828125,5.310058116912842,-0.626708984375,0.3004150390625,0.1636962890625
16.468,310,543,656,311,1.0,37.0,48.0,-3.173827886581421,32.53173828125,5.310058116912842,-0.4940185546875,0.16259765625,0.2220458984375
16.476,310,490,607,310,1.0,37.0,48.0,-13.488768577575684,34.3017578125,-15.869139671325684,-0.42529296875,-0.0052490234375,0.26220703125
16.485,309,463,579,310,1.0,37.0,48.0,-8.6669921875,35.400390625,-25.634763717651367,-0.40625,-0.1488037109375,0.2672119140625
16.492,309,436,554,310,1.0,37.0,48.0,-8.6669921875,35.400390625,-25.634763717651367,-0.446044921875,-0.1533203125,0.193603515625
16.506,310,402,477,310,1.0,37.0,48.0,16.90673828125,36.0107421875,-27.832029342651367,-0.4869384765625,-0.0665283203125,0.072021484375
16.514,310,393,463,309,1.0,37.0,48.0,27.343748092651367,34.48486328125,-20.324705123901367,-0.485595703125,0.03857421875,0.00537109375
16.524,310,382,439,310,1.0,37.0,48.0,27.343748092651367,34.48486328125,-20.324705123901367,-0.4736328125,0.1666259765625,0.0146484375
16.536,310,384,423,308,1.0,37.0,48.0,28.015134811401367,24.169919967651367,4.5166015625,-0.4913330078125,0.281005859375,0.0499267578125
16.544,310,386,418,309,0.0,33.0,46.0,16.4794921875,20.080564498901367,17.63916015625,-0.5537109375,0.3082275390625,0.090087890625
16.583,310,387,413,310,0.0,33.0,46.0,16.4794921875,20.080564498901367,17.63916015625,-0.6673583984375,0.2821044921875,0.115966796875
16.584,310,393,408,309,0.0,33.0,46.0,-3.295898199081421,16.11328125,33.14208984375,-0.8245849609375,0.2884521484375,0.106689453125
16.584,310,388,401,308,0.0,33.0,46.0,-6.042479991912842,14.282225608825684,34.3017578125,-0.9588623046875,0.3223876953125,0.072021484375
16.584,308,391,408,310,0.0,33.0,46.0,-6.042479991912842,14.282225608825684,34.3017578125,-1.014892578125,0.3421630859375,0.0418701171875
16.596,310,386,414,308,0.0,33.0,46.0,-9.8876953125,8.544921875,24.658201217651367,-1.0079345703125,0.35302734375,0.041015625
16.604,309,385,411,310,0.0,33.0,46.0,-7.995604991912842,4.21142578125,18.37158203125,-0.9759521484375,0.3563232421875,0.06787109375
16.612,311,382,414,310,0.0,33.0,46.0,-3.601073980331421,-0.4882812201976776,13.305663108825684,-0.94873046875,0.3438720703125,0.1014404296875
16.627,310,380,411,310,0.0,33.0,46.0,0.1220703050494194,-4.2724609375,10.559081077575684,-0.92724609375,0.30859375,0.1256103515625
16.634,308,381,415,309,0.0,33.0,46.0,1.0986328125,-6.347655773162842,10.864256858825684,-0.8985595703125,0.2421875,0.1229248046875
16.642,310,383,414,310,0.0,34.0,46.0,0.30517578125,-7.995604991912842,14.770506858825684,-0.8775634765625,0.189453125,0.0792236328125
16.661,310,396,434,308,0.0,34.0,46.0,-2.3193359375,-11.535643577575684,22.766111373901367,-0.8206787109375,0.192626953125,0.0450439453125
16.664,310,407,479,310,0.0,34.0,46.0,-9.09423828125,-17.7001953125,31.494138717651367,-0.67236328125,0.2098388671875,0.059814453125
16.686,311,420,512,310,0.0,34.0,46.0,-16.54052734375,-25.695798873901367,34.60693359375,-0.4403076171875,0.169921875,0.0272216796875
16.688,308,465,547,311,0.0,34.0,46.0,-17.7001953125,-35.2783203125,30.456541061401367,-0.100830078125,0.0582275390625,-0.09326171875
16.694,310,509,594,311,0.0,34.0,46.0,-10.070799827575684,-47.241207122802734,21.240232467651367,0.267822265625,-0.09326171875,-0.186279296875
16.702,310,552,674,311,0.0,34.0,46.0,5.554198741912842,-58.959957122802734,9.3994140625,0.5020751953125,-0.10791015625,-0.2181396484375
16.716,310,651,907,312,0.0,34.0,46.0,25.573728561401367,-65.24658203125,-5.187987804412842,0.467041015625,0.1995849609375,-0.1683349609375
16.729,310,705,1029,312,0.0,34.0,46.0,27.099607467651367,-64.14794921875,-24.475095748901367,0.0675048828125,0.55517578125,0.0010986328125
16.732,310,771,1151,312,0.0,34.0,46.0,-7.568358898162842,-60.058589935302734,-45.227046966552734,-0.5213623046875,0.5926513671875,0.2701416015625
16.746,310,861,1309,313,0.0,34.0,42.0,-48.156734466552734,-56.152339935302734,-59.082027435302734,-1.04248046875,0.4871826171875,0.543701171875
16.758,310,910,1382,312,0.0,34.0,42.0,-63.659664154052734,-53.527828216552734,-59.387203216552734,-1.4405517578125,0.5341796875,0.71826171875
16.787,310,943,1428,312,0.0,34.0,42.0,-59.265132904052734,-53.710933685302734,-47.790523529052734,-1.730712890625,0.55224609375,0.87646484375
16.788,296,994,1432,312,0.0,34.0,42.0,-37.53662109375,-53.894039154052734,-33.75244140625,-1.9259033203125,0.2568359375,1.0489501953125
16.788,310,1013,1424,312,0.0,34.0,42.0,3.051757574081421,-45.959468841552734,-22.644041061401367,-2.2095947265625,0.0157470703125,0.935302734375
16.793,310,999,1371,312,0.0,34.0,42.0,49.438472747802734,-26.672361373901367,-6.225585460662842,-2.533447265625,0.119873046875,0.549072265625
16.806,310,982,1345,312,0.0,34.0,42.0,79.833984375,-6.530761241912842,18.1884765625,-2.3468017578125,0.2401123046875,0.19384765625
16.814,311,976,1344,313,0.0,34.0,42.0,81.35985565185547,6.713866710662842,33.69140625,-1.5526123046875,0.27783203125,0.005859375
16.822,310,976,1355,312,0.0,34.0,42.0,61.096187591552734,12.573241233825684,30.212400436401367,-0.92333984375,0.535888671875,0.01904296875
16.836,310,980,1377,312,0.0,32.0,47.0,26.855466842651367,13.671874046325684,14.953612327575684,-0.9490966796875,0.8497314453125,0.1248779296875
16.844,310,973,1383,312,0.0,32.0,47.0,-11.108397483825684,14.709471702575684,-2.44140625,-1.3387451171875,0.8280029296875,0.254150390625
16.852,308,958,1387,314,0.0,32.0,47.0,-33.935546875,14.587401390075684,-14.038084983825684,-1.6470947265625,0.5955810546875,0.3721923828125
16.899,310,927,1370,312,0.0,32.0,47.0,-34.85107421875,11.291502952575684,-17.08984375,-1.6864013671875,0.4073486328125,0.4306640625
16.899,310,902,1325,298,0.0,32.0,47.0,-22.583005905151367,7.690429210662842,-14.770506858825684,-1.5587158203125,0.3477783203125,0.4132080078125
16.899,311,877,1323,312,0.0,32.0,47.0,-9.8876953125,6.896972179412842,-10.681151390075684,-1.391357421875,0.3388671875,0.359619140625
16.899,310,832,1243,312,0.0,32.0,47.0,-1.9531248807907104,8.7890625,-6.042479991912842,-1.0987548828125,0.2724609375,0.2850341796875
16.906,310,803,1188,312,0.0,32.0,47.0,3.479003667831421,12.329100608825684,-1.7700194120407104,-1.0987548828125,0.2724609375,0.2850341796875
16.913,311,763,1131,312,0.0,32.0,47.0,8.11767578125,16.845703125,1.7700194120407104,-0.9931640625,0.3514404296875,0.2354736328125
16.931,310,694,1000,312,0.0,32.0,47.0,6.347655773162842,20.996091842651367,4.2724609375,-0.82470703125,0.378173828125,0.23974609375
16.935,311,646,928,312,0.0,32.0,47.0,-4.33349609375,24.047849655151367,4.21142578125,-0.82470703125,0.378173828125,0.23974609375
16.943,308,607,852,312,0.0,32.0,46.0,-17.08984375,27.343748092651367,1.7089842557907104,-0.7501220703125,0.2518310546875,0.25439453125
16.962,310,547,766,308,0.0,32.0,46.0,-23.376462936401367,31.005857467651367,-0.9765624403953552,-0.6064453125,0.0546875,0.233154296875
16.965,310,522,723,311,0.0,32.0,46.0,-19.47021484375,33.02001953125,-3.356933355331421,-0.6064453125,0.0546875,0.233154296875
16.996,310,500,707,310,0.0,32.0,46.0,-9.27734375,32.65380859375,-6.896972179412842,-0.53662109375,-0.03564453125,0.254150390625
16.996,310,465,674,310,0.0,32.0,46.0,2.25830078125,32.04345703125,-11.901854515075684,-0.56689453125,-0.056884765625,0.2359619140625
16.997,309,439,642,310,0.0,32.0,46.0,12.634276390075684,34.0576171875,-15.808104515075684,-0.56689453125,-0.056884765625,0.2359619140625
17.002,310,430,607,310,0.0,32.0,46.0,20.385740280151367,37.78076171875,-15.930174827575684,-0.625244140625,0.0062255859375,0.1806640625
17.016,310,423,574,311,0.0,32.0,46.0,26.184080123901367,40.161128997802734,-12.145995140075684,-0.5927734375,0.14794921875,0.053955078125
17.024,310,408,547,310,0.0,32.0,46.0,32.16552734375,39.61181640625,-6.103515148162842,-0.5927734375,0.14794921875,0.053955078125
17.035,310,401,533,310,0.0,32.0,46.0,37.353515625,34.7900390625,1.0986328125,-0.5882568359375,0.2552490234375,0.0506591796875
17.046,309,394,510,310,1.0,34.0,41.0,36.4990234375,28.198240280151367,7.446288585662842,-0.70703125,0.4552001953125,0.121826171875
17.054,311,393,509,310,1.0,34.0,41.0,26.855466842651367,23.864744186401367,11.718749046325684,-0.796142578125,0.4658203125,0.1143798828125
17.066,310,391,497,310,1.0,34.0,41.0,11.413573265075684,22.644041061401367,13.793944358825684,-0.796142578125,0.4658203125,0.1143798828125
17.079,310,380,485,310,1.0,34.0,41.0,-13.061522483825684,23.071287155151367,12.329100608825684,-0.9605712890625,0.31005859375,0.0426025390625
17.103,309,372,479,309,1.0,34.0,41.0,-13.061522483825684,23.071287155151367,12.329100608825684,-0.9942626953125,0.2418212890625,0.0333251953125
17.104,310,367,468,296,1.0,34.0,41.0,-14.709471702575684,20.629880905151367,11.169432640075684,-0.9942626953125,0.2418212890625,0.0333251953125
17.106,310,359,465,310,1.0,34.0,41.0,-3.601073980331421,9.3994140625,13.427733421325684,-0.9765625,0.25537109375,0.108642578125
17.114,308,354,456,310,1.0,34.0,41.0,-3.601073980331421,9.3994140625,13.427733421325684,-0.962646484375,0.321044921875,0.13134765625
17.122,310,343,466,310,1.0,34.0,41.0,2.13623046875,5.432128429412842,15.014647483825684,-0.962646484375,0.321044921875,0.13134765625
17.136,309,343,467,310,-2.0,34.0,50.0,-4.08935546875,2.807616949081421,14.282225608825684,-0.89697265625,0.3138427734375,0.1160888671875
17.144,308,344,475,310,-2.0,34.0,50.0,-4.08935546875,2.807616949081421,14.282225608825684,-0.852294921875,0.251708984375,0.0869140625
17.152,310,354,477,312,-2.0,34.0,50.0,-11.169432640075684,1.7700194120407104,14.770506858825684,-0.852294921875,0.251708984375,0.0869140625
17.167,310,364,512,308,-2.0,34.0,50.0,-20.996091842651367,-3.295898199081421,24.414060592651367,-0.7052001953125,0.1407470703125,0.0499267578125
17.174,309,387,548,310,-2.0,34.0,50.0,-20.996091842651367,-3.295898199081421,24.414060592651367,-0.503173828125,0.11669921875,0.0079345703125
17.200,310,420,594,311,-2.0,34.0,50.0,-25.146482467651367,-9.21630859375,29.724119186401367,-0.503173828125,0.11669921875,0.0079345703125
17.200,308,490,657,310,-2.0,34.0,50.0,-22.399900436401367,-36.9873046875,20.935056686401367,0.4317626953125,-0.1103515625,-0.224609375
17.204,309,548,739,310,-2.0,34.0,50.0,-5.676269054412842,-57.250972747802734,6.286620616912842,0.8319091796875,-0.2039794921875,-0.31982421875
17.212,310,607,876,311,-2.0,34.0,50.0,-5.676269054412842,-57.250972747802734,6.286620616912842,0.9427490234375,0.0445556640625,-0.291259765625
17.226,310,716,1112,312,-2.0,34.0,50.0,51.696773529052734,-72.57080078125,-33.447265625,0.44873046875,0.545654296875,-0.0555419921875
17.238,311,785,1266,312,0.0,33.0,42.0,27.465818405151367,-61.523433685302734,-52.429195404052734,-0.484130859375,0.774169921875,0.339599609375
17.242,310,849,1379,312,0.0,33.0,42.0,27.465818405151367,-61.523433685302734,-52.429195404052734,-1.29248046875,0.647216796875,0.671142578125
17.256,310,938,1486,312,0.0,33.0,42.0,-81.29882049560547,-43.334957122802734,-64.697265625,-1.84912109375,0.4881591796875,0.73681640625
17.270,310,969,1508,312,0.0,33.0,42.0,-86.73094940185547,-50.781246185302734,-47.668453216552734,-2.1624755859375,0.2432861328125,0.8192138671875
17.272,310,1000,1531,312,0.0,33.0,42.0,-86.73094940185547,-50.781246185302734,-47.668453216552734,-2.319580078125,-0.0247802734375,0.973876953125
17.304,311,1035,1488,312,0.0,33.0,42.0,21.972654342651367,-48.400875091552734,-1.9531248807907104,-2.56103515625,0.0733642578125,0.86279296875
17.304,297,995,1395,310,0.0,33.0,42.0,75.50048828125,-22.705076217651367,26.855466842651367,-2.6279296875,0.2733154296875,0.6123046875
17.304,310,1013,1379,313,0.0,33.0,42.0,95.21483612060547,2.685546636581421,50.476070404052734,-1.9332275390625,0.2364501953125,0.404296875
17.317,311,1001,1344,314,0.0,33.0,42.0,94.78759002685547,24.230955123901367,50.903316497802734,-1.05859375,0.3868408203125,0.1866455078125
17.325,310,1008,1353,311,0.0,33.0,42.0,75.68359375,37.2314453125,34.66796875,-0.8868408203125,0.8206787109375,-0.01220703125
17.333,310,1003,1365,312,0.0,33.0,40.0,28.991697311401367,40.771480560302734,14.160155296325684,-1.26904296875,1.0062255859375,-0.0865478515625
17.357,311,992,1363,312,0.0,33.0,40.0,-22.155759811401367,37.53662109375,-3.173827886581421,-1.6702880859375,0.811767578125,0.02099609375
17.357,311,952,1319,312,0.0,33.0,40.0,-47.485347747802734,28.137205123901367,-11.535643577575684,-1.756591796875,0.538818359375,0.219970703125
17.363,310,958,1338,312,0.0,33.0,40.0,-44.616695404052734,17.39501953125,-12.573241233825684,-1.618896484375,0.42138671875,0.359619140625
17.377,311,916,1289,312,0.0,33.0,40.0,-30.456541061401367,12.268065452575684,-11.108397483825684,-1.4625244140625,0.4136962890625,0.3824462890625
17.409,310,885,1231,312,0.0,33.0,40.0,-19.22607421875,13.610838890075684,-9.3994140625,-1.3529052734375,0.3680419921875,0.3480224609375
17.409,310,858,1159,312,0.0,33.0,40.0,-10.925292015075684,17.7001953125,-6.958007335662842,-1.2496337890625,0.279296875,0.30810546875
17.409,296,797,1029,312,0.0,33.0,40.0,-0.4882812201976776,21.789548873901367,-3.112792730331421,-1.133544921875,0.29736328125,0.2254638671875
17.415,310,756,959,314,0.0,33.0,40.0,7.568358898162842,24.719236373901367,1.9531248807907104,-1.006103515625,0.3992919921875,0.1339111328125
17.423,310,705,890,314,0.0,33.0,40.0,4.69970703125,24.780271530151367,5.065917491912842,-0.8677978515625,0.4033203125,0.1275634765625
17.438,310,631,763,311,0.0,35.0,43.0,-6.896972179412842,23.437498092651367,4.08935546875,-0.7462158203125,0.3099365234375,0.1744384765625
17.446,310,582,721,313,0.0,35.0,43.0,-17.02880859375,24.597166061401367,0.1831054538488388,-0.6551513671875,0.217041015625,0.20556640625
17.460,310,545,694,310,0.0,35.0,43.0,-18.9208984375,27.770994186401367,-5.920409679412842,-0.58203125,0.127685546875,0.230224609375
17.479,310,490,654,310,0.0,35.0,43.0,-13.549803733825684,30.090330123901367,-13.916014671325684,-0.526123046875,-0.003662109375,0.2716064453125
17.480,310,464,620,310,0.0,35.0,43.0,-4.45556640625,31.677244186401367,-22.094724655151367,-0.507568359375,-0.1278076171875,0.291259765625
17.483,310,437,566,311,0.0,35.0,43.0,8.7890625,33.8134765625,-26.123044967651367,-0.53857421875,-0.165771484375,0.2542724609375
17.547,310,423,522,311,0.0,35.0,43.0,25.207517623901367,35.5224609375,-23.254392623901367,-0.5626220703125,-0.1300048828125,0.1712646484375
17.547,310,411,493,310,0.0,35.0,43.0,41.503902435302734,36.1328125,-15.258788108825684,-0.558837890625,-0.020751953125,0.0833740234375
17.547,310,396,468,309,0.0,35.0,43.0,54.809566497802734,35.58349609375,-4.39453125,-0.5701904296875,0.1669921875,0.03857421875
17.548,310,381,452,310,0.0,35.0,43.0,58.166500091552734,32.71484375,7.385253429412842,-0.602783203125,0.350341796875,0.0379638671875
17.548,310,372,451,310,0.0,36.0,45.0,45.959468841552734,27.893064498901367,16.2353515625,-0.6387939453125,0.447021484375,0.0482177734375
17.548,310,371,441,311,0.0,36.0,45.0,24.658201217651367,22.766111373901367,20.080564498901367,-0.680419921875,0.453125,0.050048828125
17.562,310,367,438,310,0.0,36.0,45.0,5.065917491912842,18.5546875,20.568845748901367,-0.7491455078125,0.4161376953125,0.0377197265625
17.565,310,364,441,310,0.0,36.0,45.0,-7.629394054412842,15.869139671325684,20.01953125,-0.8291015625,0.3603515625,0.00341796875
17.580,310,364,441,311,0.0,36.0,45.0,-13.000487327575684,14.282225608825684,18.9208984375,-0.8896484375,0.2916259765625,-0.0325927734375
17.592,309,367,447,310,0.0,36.0,45.0,-12.573241233825684,11.962889671325684,17.7001953125,-0.94287109375,0.295654296875,-0.0269775390625
17.604,310,369,451,308,0.0,36.0,45.0,-10.620116233825684,6.958007335662842,18.00537109375,-0.94287109375,0.295654296875,-0.0269775390625
17.606,310,371,455,310,0.0,36.0,45.0,-11.779784202575684,-0.6713866591453552,19.10400390625,-0.9130859375,0.32470703125,0.0413818359375
17.619,310,380,481,308,0.0,36.0,45.0,-15.014647483825684,-8.4228515625,18.85986328125,-0.8114013671875,0.270751953125,0.098876953125
17.625,310,384,485,310,0.0,36.0,45.0,-17.2119140625,-13.977049827575684,18.310546875,-0.8114013671875,0.270751953125,0.098876953125
17.633,310,388,499,310,-1.0,37.0,42.0,-17.7001953125,-17.27294921875,19.1650390625,-0.7467041015625,0.2332763671875,0.051025390625
17.649,307,406,562,310,-1.0,37.0,42.0,-19.1650390625,-19.10400390625,21.789548873901367,-0.562255859375,0.2335205078125,-0.0694580078125
17.655,310,424,601,310,-1.0,37.0,42.0,-26.306150436401367,-21.057126998901367,24.719236373901367,-0.562255859375,0.2335205078125,-0.0694580078125
17.663,310,440,642,310,-1.0,37.0,42.0,-39.73388671875,-24.780271530151367,24.902341842651367,-0.3721923828125,0.2066650390625,-0.181640625
17.686,308,522,705,309,-1.0,37.0,42.0,-52.673336029052734,-32.71484375,20.935056686401367,0.171875,-0.0452880859375,-0.3349609375
17.686,310,576,799,312,-1.0,37.0,42.0,-54.504390716552734,-44.677730560302734,14.892577171325684,0.171875,-0.0452880859375,-0.3349609375
17.709,310,627,928,312,-1.0,37.0,42.0,-39.24560546875,-56.457515716552734,9.58251953125,0.33154296875,-0.0194091796875,-0.2086181640625
17.710,296,700,1173,310,-1.0,37.0,42.0,-16.9677734375,-65.49072265625,2.3193359375,-0.1624755859375,0.3651123046875,0.5792236328125
17.715,311,771,1294,311,-1.0,37.0,42.0,-10.681151390075684,-72.3876953125,-11.779784202575684,-0.1624755859375,0.3651123046875,0.5792236328125
17.727,310,832,1363,312,-1.0,37.0,42.0,-24.719236373901367,-75.01220703125,-31.372068405151367,-0.640380859375,0.32080078125,0.8856201171875
17.737,311,894,1453,312,0.0,31.0,48.0,-23.193357467651367,-55.725093841552734,-50.781246185302734,-1.47705078125,0.4908447265625,0.715576171875
17.754,311,933,1484,312,0.0,31.0,48.0,-23.193357467651367,-55.725093841552734,-50.781246185302734,-1.84423828125,0.659912109375,0.6370849609375
17.756,310,939,1471,312,0.0,31.0,48.0,-5.065917491912842,-45.410152435302734,-33.99658203125,-1.84423828125,0.659912109375,0.6370849609375
17.762,310,984,1487,312,0.0,31.0,48.0,8.97216796875,-38.4521484375,-12.939452171325684,-2.1368408203125,0.5428466796875,0.696044921875
17.782,311,975,1428,311,0.0,31.0,48.0,20.446775436401367,-25.756834030151367,0.6103515625,-2.5301513671875,0.2164306640625,0.310302734375
17.784,310,966,1392,312,0.0,31.0,48.0,36.19384765625,-7.629394054412842,13.793944358825684,-2.5301513671875,0.2164306640625,0.310302734375
17.810,310,960,1377,311,0.0,31.0,48.0,55.114742279052734,4.39453125,30.090330123901367,-1.9390869140625,0.1510009765625,0.1595458984375
17.812,310,943,1386,312,0.0,31.0,48.0,65.7958984375,9.33837890625,35.58349609375,-0.94384765625,0.8741455078125,0.153564453125
17.814,310,966,1390,313,0.0,31.0,48.0,53.649898529052734,12.634276390075684,25.817869186401367,-1.2984619140625,1.0650634765625,0.179931640625
17.823,310,959,1396,312,0.0,31.0,48.0,14.953612327575684,18.73779296875,8.4228515625,-1.2984619140625,1.0650634765625,0.179931640625
17.837,310,933,1383,314,0.0,34.0,50.0,-40.283199310302734,25.268552780151367,-18.4326171875,-1.6484375,0.469970703125,0.3348388671875
17.845,310,916,1361,312,0.0,34.0,50.0,-40.283199310302734,25.268552780151367,-18.4326171875,-1.5350341796875,0.3779296875,0.3619384765625
17.855,310,893,1338,312,0.0,34.0,50.0,-31.372068405151367,19.775390625,-18.310546875,-1.5350341796875,0.3779296875,0.3619384765625
17.868,310,854,1253,312,0.0,34.0,50.0,-9.1552734375,18.310546875,-12.512206077575684,-1.304931640625,0.355712890625,0.2677001953125
17.875,310,822,1199,312,0.0,34.0,50.0,-9.1552734375,18.310546875,-12.512206077575684,-1.1585693359375,0.343505859375,0.2296142578125
17.884,311,782,1147,312,0.0,34.0,50.0,-2.685546636581421,21.423337936401367,-11.413573265075684,-1.1585693359375,0.343505859375,0.2296142578125
17.913,310,718,1048,311,0.0,34.0,50.0,3.479003667831421,23.498533248901367,-2.624511480331421,-0.8612060546875,0.429931640625,0.196533203125
17.913,298,666,974,311,0.0,34.0,50.0,3.479003667831421,23.498533248901367,-2.624511480331421,-0.7501220703125,0.3414306640625,0.213134765625
17.913,310,621,907,299,0.0,34.0,50.0,-5.920409679412842,23.803709030151367,-2.01416015625,-0.7501220703125,0.3414306640625,0.213134765625
17.927,311,558,795,311,0.0,34.0,50.0,-22.583005905151367,29.541013717651367,-6.713866710662842,-0.61669921875,0.115478515625,0.24365234375
17.942,310,527,753,311,0.0,35.0,45.0,-22.583005905151367,29.541013717651367,-6.713866710662842,-0.564453125,-0.0062255859375,0.2830810546875
17.943,296,503,739,308,0.0,35.0,45.0,-17.76123046875,30.944822311401367,-10.620116233825684,-0.564453125,-0.0062255859375,0.2830810546875
17.956,310,465,697,310,0.0,35.0,45.0,13.488768577575684,32.65380859375,-27.221677780151367,-0.573974609375,-0.06005859375,0.258056640625
17.964,311,447,683,311,0.0,35.0,45.0,28.686521530151367,37.109375,-33.14208984375,-0.6346435546875,0.0037841796875,0.162841796875
17.973,309,430,644,310,0.0,35.0,45.0,28.686521530151367,37.109375,-33.14208984375,-0.66650390625,0.0677490234375,0.0892333984375
17.986,310,409,594,310,0.0,35.0,45.0,44.372554779052734,39.12353515625,-26.184080123901367,-0.643310546875,0.1536865234375,0.058837890625
17.994,310,396,564,310,0.0,35.0,45.0,47.607418060302734,35.2783203125,-17.39501953125,-0.6201171875,0.2554931640625,0.0482177734375
18.024,308,384,549,310,0.0,35.0,45.0,47.607418060302734,35.2783203125,-17.39501953125,-0.650390625,0.334228515625,0.0478515625
18.024,309,371,536,310,0.0,35.0,45.0,33.0810546875,26.611326217651367,-0.9155272841453552,-0.7027587890625,0.3819580078125,0.0626220703125
18.025,310,368,523,309,0.0,35.0,45.0,19.1650390625,22.216794967651367,5.493163585662842,-0.74609375,0.4010009765625,0.0849609375
18.032,308,363,518,310,0.0,38.0,45.0,19.1650390625,22.216794967651367,5.493163585662842,-0.7921142578125,0.385498046875,0.0963134765625
18.046,308,357,509,309,0.0,38.0,45.0,0.2441406100988388,16.9677734375,10.192870140075684,-0.84326171875,0.3389892578125,0.0899658203125
18.055,308,352,497,310,0.0,38.0,45.0,-2.197265625,15.869139671325684,8.4228515625,-0.8863525390625,0.2880859375,0.0780029296875
18.063,309,352,496,310,0.0,38.0,45.0,-2.197265625,15.869139671325684,8.4228515625,-0.905517578125,0.2603759765625,0.0689697265625
18.077,308,353,490,310,0.0,38.0,45.0,7.324218273162842,10.498045921325684,3.112792730331421,-0.9100341796875,0.2620849609375,0.0523681640625
18.088,310,352,493,310,0.0,38.0,45.0,14.465331077575684,5.676269054412842,1.9531248807907104,-0.9149169921875,0.2750244140625,0.035400390625
18.092,310,354,493,310,0.0,38.0,45.0,14.465331077575684,5.676269054412842,1.9531248807907104,-0.913818359375,0.28515625,0.037841796875
18.119,310,355,495,308,0.0,38.0,45.0,14.770506858825684,-6.103515148162842,3.051757574081421,-0.91015625,0.291259765625,0.0523681640625
18.120,310,357,506,310,0.0,38.0,45.0,9.82666015625,-10.864256858825684,3.601073980331421,-0.907958984375,0.2830810546875,0.05712890625
18.122,310,360,522,310,0.0,38.0,45.0,3.784179449081421,-14.465331077575684,4.39453125,-0.891845703125,0.2510986328125,0.0372314453125
18.136,308,367,551,308,0.0,36.0,44.0,-3.356933355331421,-17.7001953125,6.652831554412842,-0.8424072265625,0.212158203125,0.0086669921875
18.151,310,382,583,310,0.0,36.0,44.0,-12.756346702575684,-20.874021530151367,10.681151390075684,-0.7528076171875,0.1976318359375,-0.0029296875
18.152,308,387,622,311,0.0,36.0,44.0,-25.451658248901367,-24.291990280151367,14.160155296325684,-0.591552734375,0.216796875,-0.01416015625
18.166,311,433,705,310,0.0,36.0,44.0,-39.794921875,-29.113767623901367,12.939452171325684,-0.3277587890625,0.2196044921875,-0.09375
18.174,310,456,707,311,0.0,36.0,44.0,-51.940914154052734,-37.53662109375,5.798339366912842,-0.0330810546875,0.118896484375,-0.2294921875
18.182,310,523,749,311,0.0,36.0,44.0,-55.358882904052734,-51.147457122802734,-1.4038084745407104,0.2373046875,-0.030517578125,-0.2576904296875
18.196,310,604,966,312,0.0,36.0,44.0,-40.649410247802734,-64.63623046875,-3.967284917831421,0.439453125,0.0396728515625,-0.1485595703125
18.224,310,665,1145,312,0.0,36.0,44.0,-18.310546875,-67.93212890625,-8.36181640625,0.3621826171875,0.32470703125,0.0155029296875
18.224,310,710,1292,311,0.0,36.0,44.0,-19.6533203125,-63.781734466552734,-20.324705123901367,-0.083984375,0.4583740234375,0.276123046875
18.227,311,832,1484,312,2.0,33.0,42.0,-46.874996185302734,-62.499996185302734,-35.21728515625,-0.676025390625,0.3114013671875,0.6387939453125
18.234,310,884,1553,312,2.0,33.0,42.0,-65.00244140625,-61.218257904052734,-49.438472747802734,-1.178955078125,0.006103515625,0.8980712890625
18.249,310,932,1582,312,2.0,33.0,42.0,-47.180171966552734,-53.222652435302734,-58.532711029052734,-1.517578125,-0.174560546875,0.874267578125
18.266,310,992,1627,312,2.0,33.0,42.0,-0.3662109076976776,-43.090816497802734,-53.161617279052734,-1.7723388671875,0.0186767578125,0.6339111328125
18.266,297,1022,1640,312,2.0,33.0,42.0,43.579097747802734,-35.0341796875,-33.02001953125,-2.1002197265625,0.539794921875,0.375244140625
18.272,310,1034,1665,313,2.0,33.0,42.0,56.335445404052734,-28.625486373901367,-8.23974609375,-2.491455078125,0.850341796875,0.289306640625
18.294,311,1029,1600,312,2.0,33.0,42.0,40.10009765625,-23.193357467651367,11.413573265075684,-2.622802734375,0.5457763671875,0.415283203125
18.294,311,1022,1559,313,2.0,33.0,42.0,24.902341842651367,-15.930174827575684,23.559568405151367,-2.0341796875,0.032958984375,0.5704345703125
18.302,310,1001,1523,312,2.0,33.0,42.0,33.935546875,-3.723144292831421,27.954099655151367,-1.1121826171875,0.0184326171875,0.527099609375
18.329,310,996,1513,312,2.0,33.0,42.0,48.278804779052734,12.329100608825684,23.925779342651367,-0.70654296875,0.5421142578125,0.2977294921875
18.330,310,998,1527,313,0.0,31.0,44.0,32.71484375,27.160642623901367,9.94873046875,-0.8812255859375,0.84912109375,0.07568359375
18.332,310,996,1536,313,0.0,31.0,44.0,-3.845214605331421,35.64453125,-9.82666015625,-1.341552734375,0.7265625,0.0037841796875
18.346,309,984,1533,311,0.0,31.0,44.0,-30.151365280151367,32.16552734375,-21.667478561401367,-1.737548828125,0.5010986328125,0.10595703125
18.368,311,966,1527,313,0.0,31.0,44.0,-35.82763671875,19.10400390625,-21.545408248901367,-1.806884765625,0.3363037109375,0.2774658203125
18.371,310,944,1504,313,0.0,31.0,44.0,-26.977537155151367,7.263183116912842,-16.2353515625,-1.6376953125,0.277587890625,0.3896484375
18.376,310,902,1444,312,0.0,31.0,44.0,-14.587401390075684,2.990722417831421,-10.681151390075684,-1.42431640625,0.2760009765625,0.4112548828125
18.384,310,873,1392,312,0.0,31.0,44.0,-4.5166015625,5.371093273162842,-5.493163585662842,-1.2498779296875,0.2633056640625,0.3802490234375
18.396,310,840,1325,312,0.0,31.0,44.0,4.08935546875,10.803221702575684,-0.4882812201976776,-1.1201171875,0.2579345703125,0.3289794921875
18.427,310,780,1211,313,0.0,31.0,44.0,11.413573265075684,15.258788108825684,4.08935546875,-1.0321044921875,0.332275390625,0.2471923828125
18.427,310,739,1146,312,0.0,31.0,44.0,12.512206077575684,17.27294921875,7.873534679412842,-0.9549560546875,0.410888671875,0.175537109375
18.427,309,689,1070,311,0.0,31.0,44.0,5.310058116912842,17.76123046875,8.7890625,-0.8670654296875,0.3765869140625,0.188232421875
18.436,310,620,948,312,1.0,33.0,43.0,-5.310058116912842,18.73779296875,6.958007335662842,-0.732666015625,0.16015625,0.284423828125
18.445,310,582,891,312,1.0,33.0,43.0,-12.268065452575684,21.667478561401367,4.5166015625,-0.732666015625,0.16015625,0.284423828125
18.452,310,557,838,312,1.0,33.0,43.0,-10.742186546325684,25.085447311401367,0.9765624403953552,-0.689453125,0.0758056640625,0.280517578125
18.466,310,496,772,312,1.0,33.0,43.0,-2.13623046875,26.184080123901367,-4.94384765625,-0.639892578125,-0.072509765625,0.2303466796875
18.475,310,469,749,312,1.0,33.0,43.0,10.314940452575684,25.817869186401367,-11.474608421325684,-0.639892578125,-0.072509765625,0.2303466796875
18.482,310,444,700,312,1.0,33.0,43.0,23.681638717651367,26.000974655151367,-15.380858421325684,-0.6494140625,-0.064453125,0.1778564453125
18.498,310,411,644,310,1.0,33.0,43.0,34.1796875,25.512693405151367,-15.808104515075684,-0.61572265625,-0.003662109375,0.0947265625
18.504,310,401,631,310,1.0,33.0,43.0,40.710445404052734,24.475095748901367,-13.610838890075684,-0.61572265625,-0.003662109375,0.0947265625
18.530,310,384,601,311,1.0,33.0,43.0,47.363277435302734,23.803709030151367,-8.30078125,-0.6240234375,0.1019287109375,0.0723876953125
18.530,310,363,562,310,0.0,36.0,42.0,51.574703216552734,21.484373092651367,0.1831054538488388,-0.665283203125,0.3416748046875,0.0841064453125
18.534,308,357,551,310,0.0,36.0,42.0,47.302242279052734,17.88330078125,8.544921875,-0.665283203125,0.3416748046875,0.0841064453125
18.542,308,357,548,310,0.0,36.0,42.0,36.865234375,16.17431640625,13.244627952575684,-0.672119140625,0.3880615234375,0.07275390625
18.556,310,342,531,310,0.0,36.0,42.0,25.573728561401367,16.05224609375,15.136717796325684,-0.7974853515625,0.4561767578125,0.0443115234375
18.564,310,338,523,310,0.0,36.0,42.0,14.221190452575684,14.038084983825684,15.808104515075684,-0.7974853515625,0.4561767578125,0.0443115234375
18.578,310,338,525,309,0.0,36.0,42.0,2.38037109375,10.375975608825684,14.282225608825684,-0.849853515625,0.4107666015625,0.0224609375
18.586,310,337,540,310,0.0,36.0,42.0,-15.258788108825684,3.356933355331421,6.103515148162842,-0.8533935546875,0.2401123046875,0.0155029296875
18.600,310,342,547,311,0.0,36.0,42.0,-15.258788108825684,3.356933355331421,6.103515148162842,-0.8360595703125,0.1876220703125,0.0357666015625
18.606,308,345,552,311,0.0,36.0,42.0,-17.39501953125,-2.25830078125,5.065917491912842,-0.8360595703125,0.1876220703125,0.0357666015625
18.631,309,349,585,310,0.0,36.0,42.0,-15.624999046325684,-16.4794921875,11.779784202575684,-0.7254638671875,0.1551513671875,0.0166015625
18.632,310,356,608,310,-1.0,34.0,44.0,-15.624999046325684,-16.4794921875,11.779784202575684,-0.6021728515625,0.142822265625,-0.015625
18.632,310,372,642,299,-1.0,34.0,44.0,-20.01953125,-23.681638717651367,18.5546875,-0.6021728515625,0.142822265625,-0.015625
18.646,309,413,707,311,-1.0,34.0,44.0,-40.466304779052734,-34.36279296875,29.663084030151367,-0.3099365234375,0.1175537109375,-0.15185546875
18.655,308,454,718,311,-1.0,34.0,44.0,-40.466304779052734,-34.36279296875,29.663084030151367,-0.092529296875,0.0999755859375,-0.2047119140625
18.662,310,507,778,312,-1.0,34.0,44.0,-49.804683685302734,-38.51318359375,31.677244186401367,-0.092529296875,0.0999755859375,-0.2047119140625
18.676,311,592,1000,311,-1.0,34.0,44.0,-43.518062591552734,-46.142574310302734,23.254392623901367,0.2923583984375,0.044189453125,-0.10205078125
18.684,310,632,1182,311,-1.0,34.0,44.0,-43.518062591552734,-46.142574310302734,23.254392623901367,0.1253662109375,0.0989990234375,0.2354736328125
18.706,310,684,1318,312,-1.0,34.0,44.0,-31.188962936401367,-52.185054779052734,9.521484375,0.1253662109375,0.0989990234375,0.2354736328125
18.706,311,780,1460,308,-1.0,34.0,44.0,-12.634276390075684,-71.044921875,-29.052732467651367,-0.616943359375,0.17041015625,0.9873046875
18.733,311,827,1516,313,-1.0,34.0,44.0,-12.634276390075684,-71.044921875,-29.052732467651367,-1.044189453125,0.2850341796875,0.901611328125
18.733,299,886,1555,312,0.0,32.0,47.0,1.9531248807907104,-65.7958984375,-44.067378997802734,-1.5404052734375,0.593505859375,0.586181640625
18.736,309,943,1634,312,0.0,32.0,47.0,23.437498092651367,-28.564451217651367,-33.935546875,-2.0101318359375,0.7791748046875,0.374267578125
18.745,311,966,1649,311,0.0,32.0,47.0,14.587401390075684,-20.446775436401367,-18.9208984375,-2.3499755859375,0.695556640625,0.43359375
18.753,312,984,1650,312,0.0,32.0,47.0,14.587401390075684,-20.446775436401367,-18.9208984375,-2.522216796875,0.4010009765625,0.60595703125
18.767,310,968,1569,313,0.0,32.0,47.0,19.4091796875,-15.624999046325684,10.986327171325684,-2.384765625,0.033935546875,0.62060546875
18.777,310,959,1528,312,0.0,32.0,47.0,47.363277435302734,-5.371093273162842,24.597166061401367,-1.696533203125,-0.0587158203125,0.4375
18.782,310,947,1504,312,0.0,32.0,47.0,47.363277435302734,-5.371093273162842,24.597166061401367,-0.960693359375,0.2857666015625,0.217041015625
18.796,310,955,1503,312,0.0,32.0,47.0,65.24658203125,19.53125,26.428220748901367,-0.8531494140625,0.748291015625,0.0963134765625
18.814,311,952,1513,312,0.0,32.0,47.0,22.644041061401367,25.207517623901367,13.977049827575684,-1.234130859375,0.84326171875,0.119873046875
18.814,310,943,1504,312,0.0,32.0,47.0,22.644041061401367,25.207517623901367,13.977049827575684,-1.635498046875,0.631591796875,0.23681640625
18.831,310,918,1484,312,0.0,33.0,44.0,-37.353515625,20.385740280151367,-3.662109136581421,-1.750732421875,0.42333984375,0.3551025390625
18.843,310,889,1468,313,0.0,33.0,44.0,-30.944822311401367,14.343260765075684,-0.8544921278953552,-1.6422119140625,0.3470458984375,0.398681640625
18.844,310,861,1452,312,0.0,33.0,44.0,-30.944822311401367,14.343260765075684,-0.8544921278953552,-1.485107421875,0.3603515625,0.372802734375
18.856,312,822,1386,312,0.0,33.0,44.0,-9.46044921875,15.258788108825684,8.544921875,-1.341552734375,0.347412109375,0.349609375
18.865,311,780,1320,311,0.0,33.0,44.0,-1.7089842557907104,19.83642578125,10.864256858825684,-1.19580078125,0.325439453125,0.3428955078125
18.877,311,749,1253,312,0.0,33.0,44.0,-1.7089842557907104,19.83642578125,10.864256858825684,-1.0535888671875,0.3785400390625,0.290283203125
18.886,310,685,1122,311,0.0,33.0,44.0,2.563476324081421,29.052732467651367,19.83642578125,-0.9129638671875,0.3955078125,0.22998046875
18.898,311,650,1035,311,0.0,33.0,44.0,-4.82177734375,32.28759765625,22.888181686401367,-0.739990234375,0.2928466796875,0.2393798828125
18.908,311,619,974,312,0.0,33.0,44.0,-8.60595703125,31.555173873901367,18.61572265625,-0.580810546875,0.1904296875,0.282470703125
18.916,309,562,893,312,0.0,33.0,44.0,-2.868652105331421,28.869626998901367,6.530761241912842,-0.525146484375,0.19189453125,0.27685546875
18.936,311,537,861,311,-1.0,32.0,48.0,4.8828125,29.235837936401367,-9.3994140625,-0.5679931640625,0.2392578125,0.2083740234375
18.937,310,519,833,312,-1.0,32.0,48.0,4.150390625,32.89794921875,-23.376462936401367,-0.63818359375,0.2098388671875,0.129638671875
18.946,310,469,778,311,-1.0,32.0,48.0,-1.2817381620407104,35.94970703125,-31.494138717651367,-0.681396484375,0.1107177734375,0.081787109375
18.954,310,444,748,310,-1.0,32.0,48.0,-1.4038084745407104,35.21728515625,-32.3486328125,-0.68798828125,0.0435791015625,0.083740234375
18.962,310,428,713,311,-1.0,32.0,48.0,4.94384765625,30.822751998901367,-27.526853561401367,-0.6644287109375,0.0543212890625,0.1087646484375
18.976,310,408,668,310,-1.0,32.0,48.0,12.451170921325684,26.672361373901367,-21.118162155151367,-0.6351318359375,0.1046142578125,0.10400390625
18.984,309,395,644,311,-1.0,32.0,48.0,18.61572265625,26.184080123901367,-15.624999046325684,-0.635009765625,0.15673828125,0.096435546875
18.992,310,379,616,310,-1.0,32.0,48.0,22.399900436401367,26.123044967651367,-10.070799827575684,-0.65234375,0.22265625,0.1273193359375
19.011,309,367,594,310,-1.0,32.0,48.0,22.399900436401367,23.498533248901367,-2.746581792831421,-0.66259765625,0.3038330078125,0.162841796875
19.014,310,363,585,310,-1.0,32.0,48.0,18.4326171875,19.6533203125,4.5166015625,-0.6766357421875,0.367919921875,0.1678466796875
19.040,310,360,576,310,0.0,35.0,49.0,10.498045921325684,16.41845703125,9.765625,-0.7239990234375,0.380126953125,0.146728515625
19.040,310,357,572,310,0.0,35.0,49.0,0.54931640625,14.343260765075684,12.695311546325684,-0.7960205078125,0.3421630859375,0.1171875
19.045,310,356,566,310,0.0,35.0,49.0,-7.751464366912842,12.695311546325684,14.160155296325684,-0.863037109375,0.2833251953125,0.0845947265625
19.053,310,357,564,310,0.0,35.0,49.0,-12.084959983825684,10.437010765075684,15.502928733825684,-0.912109375,0.23681640625,0.04833984375
19.066,308,356,574,310,0.0,35.0,49.0,-12.817381858825684,6.774901866912842,17.822265625,-0.929931640625,0.225341796875,0.0250244140625
19.074,310,359,589,309,0.0,35.0,49.0,-11.657713890075684,2.0751953125,20.690916061401367,-0.9149169921875,0.2496337890625,0.0255126953125
19.083,309,359,607,310,0.0,35.0,49.0,-12.390135765075684,-3.356933355331421,22.949216842651367,-0.861572265625,0.271240234375,0.0380859375
19.096,310,369,649,310,0.0,35.0,49.0,-18.06640625,-8.97216796875,23.925779342651367,-0.779541015625,0.2528076171875,0.0377197265625
19.120,308,372,684,310,0.0,35.0,49.0,-27.893064498901367,-13.916014671325684,24.291990280151367,-0.67578125,0.2056884765625,0.0189208984375
19.120,310,393,739,312,0.0,35.0,49.0,-37.7197265625,-17.51708984375,25.085447311401367,-0.5220947265625,0.1572265625,-0.0479736328125
19.141,308,441,779,310,0.0,36.0,50.0,-43.151851654052734,-20.751951217651367,24.719236373901367,-0.3004150390625,0.103759765625,-0.1744384765625
19.141,310,496,794,296,0.0,36.0,50.0,-42.297359466552734,-28.503416061401367,21.850584030151367,0.0062255859375,0.0203857421875,-0.258544921875
19.142,299,540,917,311,0.0,36.0,50.0,-31.860349655151367,-42.114253997802734,17.333984375,0.3035888671875,-0.0311279296875,-0.2525634765625
19.156,309,621,1132,312,0.0,36.0,50.0,-9.033203125,-56.396480560302734,11.047362327575684,0.415283203125,0.0882568359375,-0.1307373046875
19.164,310,673,1274,312,0.0,36.0,50.0,15.258788108825684,-66.5283203125,-0.1220703050494194,0.1767578125,0.3294677734375,0.1773681640625
19.172,311,737,1390,312,0.0,36.0,50.0,16.90673828125,-73.1201171875,-16.05224609375,-0.289306640625,0.4815673828125,0.611572265625
19.186,309,830,1492,311,0.0,36.0,50.0,-5.249022960662842,-73.6083984375,-34.97314453125,-0.7357177734375,0.4500732421875,0.926025390625
19.194,310,873,1540,312,0.0,36.0,50.0,-21.667478561401367,-61.096187591552734,-54.199214935302734,-1.1602783203125,0.3763427734375,0.9049072265625
19.202,310,910,1573,312,0.0,36.0,50.0,-15.014647483825684,-41.320796966552734,-61.889644622802734,-1.5870361328125,0.47998046875,0.6414794921875
19.223,310,957,1605,311,0.0,36.0,50.0,2.685546636581421,-28.442380905151367,-50.842281341552734,-2.160888671875,0.3939208984375,0.569580078125
19.245,310,976,1569,298,-1.0,33.0,46.0,15.808104515075684,-27.465818405151367,-31.677244186401367,-2.160888671875,0.3939208984375,0.569580078125
19.245,310,988,1582,313,-1.0,33.0,46.0,28.991697311401367,-26.428220748901367,-15.197752952575684,-2.343994140625,0.1256103515625,0.546875
19.246,297,953,1486,312,-1.0,33.0,46.0,50.476070404052734,-14.953612327575684,2.13623046875,-1.816162109375,0.1373291015625,0.2763671875
19.255,310,958,1488,313,-1.0,33.0,46.0,66.5283203125,1.3427733182907104,21.057126998901367,-1.816162109375,0.1373291015625,0.2763671875
19.264,310,958,1485,313,-1.0,33.0,46.0,61.584468841552734,14.343260765075684,30.151365280151367,-1.0853271484375,0.3564453125,0.2064208984375
19.276,310,954,1490,312,-1.0,33.0,46.0,37.353515625,21.423337936401367,25.024412155151367,-1.20849609375,0.92431640625,0.17529296875
19.289,310,944,1492,312,-1.0,33.0,46.0,1.7700194120407104,25.024412155151367,10.742186546325684,-1.20849609375,0.92431640625,0.17529296875
19.293,312,933,1487,312,-1.0,33.0,46.0,-30.273435592651367,27.404783248901367,-4.82177734375,-1.619384765625,0.765869140625,0.2464599609375
19.307,310,902,1457,312,-1.0,33.0,46.0,-44.189449310302734,26.245115280151367,-13.793944358825684,-1.6317138671875,0.3260498046875,0.4041748046875
19.326,310,875,1435,313,-1.0,33.0,46.0,-38.26904296875,22.094724655151367,-14.343260765075684,-1.6317138671875,0.3260498046875,0.4041748046875
19.326,299,854,1395,312,0.0,31.0,44.0,-23.193357467651367,19.10400390625,-9.27734375,-1.48779296875,0.3035888671875,0.374755859375
19.349,310,799,1286,313,0.0,31.0,44.0,-9.3994140625,19.775390625,-3.723144292831421,-1.2125244140625,0.3486328125,0.2823486328125
19.350,310,767,1216,312,0.0,31.0,44.0,1.0986328125,23.071287155151367,0.4272460639476776,-1.07080078125,0.4295654296875,0.261962890625
19.353,310,732,1151,311,0.0,31.0,44.0,7.202147960662842,25.939939498901367,4.150390625,-1.07080078125,0.4295654296875,0.261962890625
19.366,310,649,1001,312,0.0,31.0,44.0,-4.638671875,29.602048873901367,2.25830078125,-0.849853515625,0.4000244140625,0.2474365234375
19.375,310,604,931,312,0.0,31.0,44.0,-4.638671875,29.602048873901367,2.25830078125,-0.75341796875,0.3096923828125,0.2088623046875
19.389,311,562,873,312,0.0,31.0,44.0,-14.465331077575684,32.53173828125,-6.103515148162842,-0.75341796875,0.3096923828125,0.2088623046875
19.407,310,503,794,310,0.0,31.0,44.0,-14.465331077575684,35.46142578125,-26.489255905151367,-0.566650390625,-0.0140380859375,0.2144775390625
19.407,309,472,767,310,0.0,31.0,44.0,-14.465331077575684,35.46142578125,-26.489255905151367,-0.5074462890625,-0.18603515625,0.24267578125
19.477,308,437,713,311,0.0,31.0,44.0,-4.33349609375,34.66796875,-34.97314453125,-0.5074462890625,-0.18603515625,0.24267578125
19.477,310,399,622,310,0.0,34.0,40.0,33.447265625,33.50830078125,-33.63037109375,-0.513427734375,-0.185791015625,0.134765625
19.477,310,386,604,310,0.0,34.0,40.0,33.447265625,33.50830078125,-33.63037109375,-0.52587890625,-0.0565185546875,0.0704345703125
19.478,310,367,587,309,0.0,34.0,40.0,51.879878997802734,33.38623046875,-24.780271530151367,-0.52587890625,-0.0565185546875,0.0704345703125
19.478,309,338,545,308,0.0,34.0,40.0,62.072750091552734,24.719236373901367,1.5258787870407104,-0.5806884765625,0.3446044921875,0.0872802734375
19.480,310,349,510,310,0.0,34.0,40.0,62.072750091552734,24.719236373901367,1.5258787870407104,-0.5968017578125,0.426025390625,0.11474609375
19.480,310,340,521,310,0.0,34.0,40.0,47.912593841552734,18.9208984375,12.268065452575684,-0.5968017578125,0.426025390625,0.11474609375
19.488,310,340,478,309,0.0,34.0,40.0,15.624999046325684,17.9443359375,20.935056686401367,-0.763427734375,0.38330078125,0.0977783203125
19.495,310,336,475,310,0.0,34.0,40.0,8.48388671875,18.73779296875,22.949216842651367,-0.87353515625,0.353515625,0.0360107421875
19.503,308,332,465,310,0.0,34.0,40.0,8.48388671875,18.73779296875,22.949216842651367,-0.9356689453125,0.3253173828125,-0.0263671875
19.522,310,328,463,310,-1.0,37.0,40.0,1.6479490995407104,15.686034202575684,20.141599655151367,-0.947021484375,0.3023681640625,-0.044189453125
19.524,310,329,456,310,-1.0,37.0,40.0,-2.0751953125,11.596678733825684,14.587401390075684,-0.94287109375,0.3165283203125,-0.025146484375
19.539,309,329,465,309,-1.0,37.0,40.0,-2.0751953125,11.596678733825684,14.587401390075684,-0.923095703125,0.3585205078125,0.014404296875
19.549,309,329,481,308,-1.0,37.0,40.0,-11.657713890075684,-1.220703125,7.080077648162842,-0.8587646484375,0.361572265625,0.0767822265625
19.555,309,336,494,310,-1.0,37.0,40.0,-16.7236328125,-7.812499523162842,5.249022960662842,-0.78173828125,0.3028564453125,0.1265869140625
19.562,310,337,503,309,-1.0,37.0,40.0,-16.7236328125,-7.812499523162842,5.249022960662842,-0.7313232421875,0.22802734375,0.1209716796875
19.576,309,345,530,309,-1.0,37.0,40.0,-15.930174827575684,-18.61572265625,3.112792730331421,-0.6669921875,0.163330078125,0.062255859375
19.584,310,363,566,310,-1.0,37.0,40.0,-14.465331077575684,-24.780271530151367,4.08935546875,-0.537841796875,0.1131591796875,-0.0379638671875
19.593,308,386,616,310,-1.0,37.0,40.0,-14.465331077575684,-24.780271530151367,4.08935546875,-0.3525390625,0.1104736328125,-0.150634765625
19.606,310,435,662,310,-1.0,37.0,40.0,-29.418943405151367,-44.311519622802734,5.981444835662842,-0.12744140625,0.1212158203125,-0.2388916015625
19.614,309,466,710,310,-1.0,37.0,40.0,-48.645015716552734,-52.429195404052734,3.906249761581421,0.0357666015625,0.081298828125,-0.326171875
19.627,310,504,811,312,0.0,31.0,50.0,-48.645015716552734,-52.429195404052734,3.906249761581421,0.0408935546875,0.106689453125,-0.3818359375
19.651,310,592,1056,311,0.0,31.0,50.0,-69.27490234375,-49.865718841552734,4.45556640625,-0.107177734375,0.3009033203125,-0.2156982421875
19.660,310,646,1213,310,0.0,31.0,50.0,-75.62255859375,-49.133296966552734,1.4038084745407104,-0.4453125,0.4044189453125,0.2215576171875
19.660,310,689,1348,312,0.0,31.0,50.0,-90.27098846435547,-55.969234466552734,-8.9111328125,-0.768310546875,0.22216796875,0.7427978515625
19.668,308,770,1471,312,0.0,31.0,50.0,-90.14891815185547,-65.185546875,-22.521970748901367,-0.870361328125,-0.017333984375,1.0623779296875
19.675,310,816,1514,312,0.0,31.0,50.0,-58.349605560302734,-65.49072265625,-33.5693359375,-0.94287109375,-0.091796875,1.0230712890625
19.682,313,854,1564,312,0.0,31.0,50.0,-11.535643577575684,-55.908199310302734,-33.5693359375,-1.2042236328125,0.1585693359375,0.72607421875
19.698,310,895,1632,313,0.0,31.0,50.0,22.277830123901367,-43.212886810302734,-19.287109375,-1.6181640625,0.5977783203125,0.471435546875
19.705,309,918,1669,312,0.0,31.0,50.0,24.902341842651367,-33.63037109375,-1.2817381620407104,-1.955810546875,0.664306640625,0.4501953125
19.713,309,933,1678,312,0.0,31.0,50.0,8.23974609375,-23.132322311401367,9.27734375,-2.1368408203125,0.41552734375,0.4658203125
19.727,310,943,1656,312,1.0,31.0,48.0,-0.6713866591453552,-9.765625,17.15087890625,-2.1121826171875,0.1988525390625,0.452880859375
19.738,311,931,1618,314,1.0,31.0,48.0,7.934569835662842,-2.50244140625,27.038572311401367,-1.8221435546875,0.1243896484375,0.436767578125
19.767,309,920,1588,313,1.0,31.0,48.0,25.634763717651367,1.2817381620407104,35.21728515625,-1.3270263671875,0.31494140625,0.3624267578125
19.769,310,910,1567,312,1.0,31.0,48.0,35.888671875,8.36181640625,33.38623046875,-0.9144287109375,0.5972900390625,0.2843017578125
19.769,309,889,1568,312,1.0,31.0,48.0,24.230955123901367,18.4326171875,17.27294921875,-0.872802734375,0.72509765625,0.235595703125
19.772,310,916,1572,313,1.0,31.0,48.0,-2.563476324081421,28.625486373901367,-4.8828125,-1.1572265625,0.6612548828125,0.215576171875
19.787,311,904,1572,311,1.0,31.0,48.0,-24.414060592651367,33.935546875,-19.53125,-1.5185546875,0.5147705078125,0.2230224609375
19.799,310,890,1567,312,1.0,31.0,48.0,-31.982419967651367,30.517576217651367,-20.751951217651367,-1.6690673828125,0.3726806640625,0.2723388671875
19.802,310,876,1547,314,1.0,31.0,48.0,-26.916501998901367,21.179197311401367,-14.404295921325684,-1.5740966796875,0.294921875,0.35009765625
19.816,310,848,1499,312,1.0,33.0,45.0,-16.66259765625,14.465331077575684,-7.812499523162842,-1.401123046875,0.2899169921875,0.3984375
19.832,310,823,1452,314,1.0,33.0,45.0,-7.324218273162842,15.747069358825684,-3.906249761581421,-1.268798828125,0.2957763671875,0.392578125
19.833,310,803,1393,314,1.0,33.0,45.0,0.30517578125,22.338865280151367,-1.9531248807907104,-1.19091796875,0.303955078125,0.3621826171875
19.860,311,742,1267,312,1.0,33.0,45.0,7.202147960662842,28.137205123901367,0.2441406100988388,-1.138427734375,0.369140625,0.3385009765625
19.861,311,713,1183,310,1.0,33.0,45.0,10.437010765075684,30.212400436401367,3.601073980331421,-1.0738525390625,0.4384765625,0.3299560546875
19.863,310,668,1088,312,1.0,33.0,45.0,8.30078125,30.761716842651367,5.065917491912842,-0.988525390625,0.4056396484375,0.3311767578125
19.877,310,605,928,312,1.0,33.0,45.0,4.45556640625,33.02001953125,2.868652105331421,-0.9031982421875,0.310546875,0.3157958984375
19.884,310,557,858,312,1.0,33.0,45.0,2.50244140625,37.17041015625,-0.1220703050494194,-0.81396484375,0.2239990234375,0.269775390625
19.892,312,525,794,311,1.0,33.0,45.0,4.21142578125,40.466304779052734,-2.01416015625,-0.7010498046875,0.1170654296875,0.22802734375
19.906,310,485,718,311,1.0,33.0,45.0,9.765625,39.97802734375,-4.21142578125,-0.5780029296875,-0.0506591796875,0.2183837890625
19.914,310,465,693,311,1.0,33.0,44.0,19.4091796875,37.2314453125,-7.446288585662842,-0.497314453125,-0.1859130859375,0.21435546875
19.922,310,440,657,310,1.0,33.0,44.0,32.65380859375,35.5224609375,-9.21630859375,-0.5025634765625,-0.174560546875,0.1783447265625
19.938,309,423,592,310,1.0,33.0,44.0,44.555660247802734,35.7666015625,-7.446288585662842,-0.5428466796875,-0.0726318359375,0.10986328125
19.948,310,411,547,310,1.0,33.0,44.0,50.964351654052734,37.109375,-3.601073980331421,-0.5662841796875,0.0487060546875,0.040283203125
19.966,310,399,526,310,1.0,33.0,44.0,53.161617279052734,37.78076171875,1.7089842557907104,-0.579833984375,0.2027587890625,0.0086669921875
19.969,310,382,502,309,1.0,33.0,44.0,50.476070404052734,35.7666015625,8.72802734375,-0.6417236328125,0.45458984375,0.0247802734375
19.975,310,379,506,309,1.0,33.0,44.0,39.55078125,31.616209030151367,15.014647483825684,-0.6417236328125,0.45458984375,0.0247802734375
19.982,308,374,507,311,1.0,33.0,44.0,21.850584030151367,26.367185592651367,18.24951171875,-0.6893310546875,0.470947265625,0.0306396484375
19.996,310,378,521,310,1.0,33.0,44.0,4.94384765625,21.362302780151367,18.73779296875,-0.8118896484375,0.4105224609375,0.0321044921875
20.005,308,373,523,310,1.0,33.0,44.0,-6.835937023162842,17.27294921875,17.76123046875,-0.8118896484375,0.4105224609375,0.0321044921875
20.012,311,377,530,310,0.0,36.0,44.0,-13.793944358825684,13.854979515075684,15.624999046325684,-0.8577880859375,0.345947265625,0.032470703125
20.026,309,381,538,310,0.0,36.0,44.0,-16.7236328125,10.620116233825684,13.061522483825684,-0.8697509765625,0.2403564453125,0.046142578125
20.034,311,386,537,311,0.0,36.0,44.0,-16.05224609375,6.347655773162842,12.573241233825684,-0.8697509765625,0.2403564453125,0.046142578125
20.042,310,391,547,310,0.0,36.0,44.0,-14.465331077575684,-0.1220703050494194,15.502928733825684,-0.8087158203125,0.2186279296875,0.0404052734375
20.060,308,414,600,310,0.0,36.0,44.0,-14.343260765075684,-7.446288585662842,20.446775436401367,-0.5716552734375,0.1474609375,-0.0145263671875
20.071,306,428,639,310,0.0,36.0,44.0,-16.4794921875,-14.038084983825684,26.733396530151367,-0.5716552734375,0.1474609375,-0.0145263671875
20.073,310,441,662,310,0.0,36.0,44.0,-21.850584030151367,-19.59228515625,33.0810546875,-0.412841796875,0.1341552734375,-0.072265625
20.087,310,495,703,310,0.0,36.0,44.0,-29.602048873901367,-25.390623092651367,37.04833984375,-0.032470703125,0.0460205078125,-0.135986328125
20.095,310,543,754,311,0.0,36.0,44.0,-36.7431640625,-33.935546875,37.78076171875,-0.032470703125,0.0460205078125,-0.135986328125
20.105,310,591,808,312,0.0,36.0,44.0,-35.70556640625,-42.175289154052734,35.21728515625,0.1485595703125,-0.027099609375,-0.0692138671875
20.116,310,685,973,312,0.0,33.0,45.0,5.126952648162842,-51.025386810302734,14.221190452575684,0.074462890625,0.0792236328125,0.3929443359375
20.125,310,742,1085,311,0.0,33.0,45.0,5.126952648162842,-51.025386810302734,14.221190452575684,-0.2384033203125,0.1983642578125,0.625732421875
20.137,310,799,1148,312,0.0,33.0,45.0,16.7236328125,-54.077144622802734,-7.568358898162842,-0.2384033203125,0.1983642578125,0.625732421875
20.154,311,873,1258,311,0.0,33.0,45.0,-0.0610351525247097,-31.677244186401367,-41.320796966552734,-1.27783203125,0.67578125,0.47900390625
20.167,310,907,1320,312,0.0,33.0,45.0,-0.0610351525247097,-31.677244186401367,-41.320796966552734,-1.810546875,1.021728515625,0.3466796875
20.175,310,934,1363,312,0.0,33.0,45.0,-10.192870140075684,-18.798828125,-34.36279296875,-1.810546875,1.021728515625,0.3466796875
20.178,310,971,1383,312,0.0,33.0,45.0,-11.962889671325684,-20.996091842651367,-12.451170921325684,-2.3516845703125,0.3741455078125,0.5328369140625
20.184,310,968,1349,312,0.0,33.0,45.0,-11.962889671325684,-20.996091842651367,-12.451170921325684,-2.5126953125,0.2576904296875,0.5020751953125
20.192,310,967,1286,311,0.0,33.0,45.0,19.775390625,-12.756346702575684,-1.2817381620407104,-2.5126953125,0.2576904296875,0.5020751953125
20.208,310,960,1215,310,0.0,33.0,45.0,65.673828125,13.000487327575684,33.38623046875,-1.407958984375,0.224609375,0.280517578125
20.217,310,966,1211,309,-2.0,34.0,47.0,65.673828125,13.000487327575684,33.38623046875,-0.92626953125,0.58203125,0.1131591796875
20.222,311,968,1225,311,-2.0,34.0,47.0,62.133785247802734,26.062009811401367,31.555173873901367,-0.92626953125,0.58203125,0.1131591796875
20.241,310,957,1219,312,-2.0,34.0,47.0,-5.737304210662842,35.64453125,0.9155272841453552,-1.612060546875,1.01904296875,0.0272216796875
20.245,310,939,1214,311,-2.0,34.0,47.0,-5.737304210662842,35.64453125,0.9155272841453552,-1.8448486328125,0.7366943359375,0.1444091796875
20.285,310,923,1204,311,-2.0,34.0,47.0,-38.818359375,34.5458984375,-13.549803733825684,-1.7877197265625,0.525634765625,0.24658203125
20.285,307,861,1185,311,-2.0,34.0,47.0,-36.80419921875,20.01953125,-22.338865280151367,-1.6282958984375,0.4803466796875,0.26708984375
20.286,310,856,1151,310,-2.0,34.0,47.0,-25.146482467651367,17.27294921875,-24.108884811401367,-1.4595947265625,0.4569091796875,0.2412109375
20.287,310,822,1094,312,-2.0,34.0,47.0,-25.146482467651367,17.27294921875,-24.108884811401367,-1.2821044921875,0.4144287109375,0.2161865234375
20.296,310,763,987,310,-2.0,34.0,47.0,-5.187987804412842,21.179197311401367,-32.65380859375,-1.0941162109375,0.4412841796875,0.1943359375
20.304,310,713,916,312,-2.0,34.0,47.0,3.784179449081421,20.935056686401367,-32.28759765625,-0.92236328125,0.480224609375,0.195068359375
20.312,309,664,849,311,0.0,34.0,41.0,3.784179449081421,20.935056686401367,-32.28759765625,-0.79052734375,0.4329833984375,0.2275390625
20.326,310,579,744,310,0.0,34.0,41.0,-3.601073980331421,20.935056686401367,-38.14697265625,-0.6854248046875,0.31640625,0.2535400390625
20.341,310,524,698,311,0.0,34.0,41.0,-11.474608421325684,25.573728561401367,-45.532222747802734,-0.5904541015625,0.1478271484375,0.2598876953125
20.342,310,481,662,311,0.0,34.0,41.0,-11.474608421325684,25.573728561401367,-45.532222747802734,-0.4952392578125,-0.09375,0.2816162109375
20.359,308,426,572,309,0.0,34.0,41.0,0.7324218153953552,31.005857467651367,-58.166500091552734,-0.4219970703125,-0.307373046875,0.2940673828125
20.367,309,394,533,310,0.0,34.0,41.0,21.850584030151367,30.944822311401367,-57.312007904052734,-0.4012451171875,-0.375244140625,0.22802734375
20.373,308,377,495,310,0.0,34.0,41.0,21.850584030151367,30.944822311401367,-57.312007904052734,-0.4302978515625,-0.3153076171875,0.117919921875
20.395,310,354,464,310,0.0,34.0,41.0,66.71142578125,33.87451171875,-32.5927734375,-0.49267578125,-0.1302490234375,0.0570068359375
20.396,310,344,449,309,0.0,34.0,41.0,72.265625,29.418943405151367,-11.352538108825684,-0.542236328125,0.119873046875,0.05078125
20.403,310,339,437,311,0.0,34.0,41.0,60.058589935302734,22.277830123901367,11.230467796325684,-0.5557861328125,0.283203125,0.0281982421875
20.416,308,337,410,310,0.0,34.0,49.0,38.0859375,18.1884765625,28.564451217651367,-0.589599609375,0.31640625,-0.019287109375
20.424,310,331,402,310,0.0,34.0,49.0,19.47021484375,17.578125,38.0859375,-0.67578125,0.3216552734375,-0.040771484375
20.432,308,334,406,309,0.0,34.0,49.0,10.498045921325684,17.822265625,40.283199310302734,-0.7808837890625,0.3690185546875,-0.0386962890625
20.446,310,336,407,310,0.0,34.0,49.0,7.812499523162842,17.2119140625,36.07177734375,-0.874755859375,0.4263916015625,-0.0352783203125
20.475,310,336,410,310,0.0,34.0,49.0,4.94384765625,14.526366233825684,26.367185592651367,-0.92529296875,0.44384765625,-0.016845703125
20.475,309,336,415,310,0.0,34.0,49.0,-0.2441406100988388,8.85009765625,14.770506858825684,-0.9200439453125,0.4053955078125,0.017578125
20.477,308,338,433,310,0.0,34.0,49.0,-4.57763671875,1.6479490995407104,5.798339366912842,-0.8828125,0.3291015625,0.048828125
20.485,309,338,437,309,0.0,34.0,49.0,-4.8828125,-5.187987804412842,1.4038084745407104,-0.846435546875,0.2464599609375,0.06689453125
20.494,310,345,441,308,0.0,34.0,49.0,-1.8310545682907104,-10.742186546325684,1.5869139432907104,-0.8275146484375,0.187744140625,0.070068359375
20.506,310,345,449,310,0.0,34.0,49.0,1.4648436307907104,-14.648436546325684,5.554198741912842,-0.8211669921875,0.1591796875,0.0540771484375
20.515,308,345,456,310,-1.0,35.0,45.0,2.38037109375,-16.54052734375,12.145995140075684,-0.824951171875,0.159912109375,0.0167236328125
20.522,308,356,475,310,-1.0,35.0,45.0,-2.746581792831421,-17.88330078125,20.935056686401367,-0.83056640625,0.1912841796875,-0.0172119140625
20.536,310,379,502,310,-1.0,35.0,45.0,-15.686034202575684,-20.751951217651367,30.700681686401367,-0.8199462890625,0.2247314453125,-0.0233154296875
20.547,310,382,540,310,-1.0,35.0,45.0,-34.24072265625,-23.925779342651367,39.36767578125,-0.777099609375,0.222412109375,-0.0074462890625
20.552,309,402,590,311,-1.0,35.0,45.0,-54.565425872802734,-26.062009811401367,45.471187591552734,-0.668212890625,0.1842041015625,-0.0048828125
20.569,310,451,620,310,-1.0,35.0,45.0,-71.044921875,-28.869626998901367,47.058101654052734,-0.4263916015625,0.1175537109375,-0.040283203125
20.577,310,491,648,310,-1.0,35.0,45.0,-75.74462890625,-35.09521484375,41.503902435302734,-0.081298828125,0.004150390625,-0.066650390625
20.583,310,539,694,312,-1.0,35.0,45.0,-60.119625091552734,-45.898433685302734,28.991697311401367,0.230224609375,-0.0943603515625,-0.07568359375
20.602,310,636,874,311,-1.0,35.0,45.0,-20.202634811401367,-58.898921966552734,10.620116233825684,0.4208984375,0.0582275390625,-0.052001953125
20.605,310,698,1025,312,-1.0,35.0,45.0,25.512693405151367,-68.603515625,-16.41845703125,0.3310546875,0.4696044921875,0.061279296875
20.622,310,744,1151,312,0.0,35.0,45.0,31.982419967651367,-70.37353515625,-47.668453216552734,-0.0977783203125,0.718017578125,0.2686767578125
20.627,310,847,1323,312,0.0,35.0,45.0,-7.507323741912842,-63.659664154052734,-69.7021484375,-0.693603515625,0.65380859375,0.475830078125
20.634,310,893,1398,312,0.0,35.0,45.0,-46.630855560302734,-51.879878997802734,-75.68359375,-1.3243408203125,0.5989990234375,0.56005859375
20.649,310,935,1453,314,0.0,35.0,45.0,-64.02587890625,-45.166011810302734,-65.673828125,-1.8111572265625,0.5638427734375,0.6439208984375
20.656,311,989,1498,311,0.0,35.0,45.0,-60.546871185302734,-47.302242279052734,-47.180171966552734,-2.049072265625,0.1953125,0.877197265625
20.668,310,1008,1500,312,0.0,35.0,45.0,-25.512693405151367,-44.616695404052734,-31.616209030151367,-2.21923828125,-0.1806640625,0.9217529296875
20.674,311,996,1457,314,0.0,35.0,45.0,33.935546875,-27.282712936401367,-15.075682640075684,-2.4959716796875,-0.01953125,0.5533447265625
20.687,310,982,1400,312,0.0,35.0,45.0,82.27538299560547,-7.202147960662842,12.451170921325684,-1.7149658203125,0.277099609375,0.124267578125
20.695,310,981,1395,312,0.0,35.0,45.0,92.52928924560547,4.5166015625,34.7900390625,-1.7149658203125,0.277099609375,0.124267578125
20.707,310,981,1393,311,0.0,35.0,45.0,70.1904296875,10.620116233825684,33.8134765625,-1.0068359375,0.3958740234375,0.189697265625
20.719,310,982,1391,312,0.0,32.0,50.0,28.808591842651367,15.624999046325684,22.033689498901367,-1.56689453125,0.8592529296875,0.15185546875
20.728,310,960,1393,313,0.0,32.0,50.0,-16.7236328125,22.277830123901367,11.901854515075684,-1.56689453125,0.8592529296875,0.15185546875
20.735,311,944,1390,312,0.0,32.0,50.0,-44.311519622802734,25.512693405151367,2.685546636581421,-1.799560546875,0.6885986328125,0.2113037109375
20.753,311,902,1365,312,0.0,32.0,50.0,-47.729488372802734,21.301267623901367,-4.638671875,-1.5635986328125,0.4398193359375,0.3175048828125
20.756,308,877,1338,312,0.0,32.0,50.0,-38.14697265625,15.441893577575684,-9.58251953125,-1.5635986328125,0.4398193359375,0.3175048828125
20.775,310,846,1294,312,0.0,32.0,50.0,-27.709959030151367,13.366698265075684,-13.366698265075684,-1.4180908203125,0.377197265625,0.2724609375
20.778,310,780,1184,312,0.0,32.0,50.0,-18.9208984375,14.709471702575684,-15.258788108825684,-1.095458984375,0.3787841796875,0.2431640625
20.785,311,736,1120,312,0.0,32.0,50.0,-10.314940452575684,17.02880859375,-13.488768577575684,-0.926025390625,0.399658203125,0.26171875
20.794,310,683,1051,312,0.0,32.0,50.0,-6.164550304412842,18.61572265625,-10.070799827575684,-0.926025390625,0.399658203125,0.26171875
20.807,310,607,927,310,0.0,34.0,44.0,-19.95849609375,23.254392623901367,-12.512206077575684,-0.6802978515625,0.212890625,0.24169921875
20.816,310,553,865,311,0.0,34.0,44.0,-19.95849609375,23.254392623901367,-12.512206077575684,-0.6053466796875,0.084716796875,0.2183837890625
20.824,310,521,822,310,0.0,34.0,44.0,-24.108884811401367,26.550291061401367,-16.17431640625,-0.6053466796875,0.084716796875,0.2183837890625
20.840,310,468,750,311,0.0,34.0,44.0,-3.601073980331421,27.160642623901367,-24.108884811401367,-0.49609375,-0.2196044921875,0.3023681640625
20.846,308,435,710,311,0.0,34.0,44.0,-3.601073980331421,27.160642623901367,-24.108884811401367,-0.5081787109375,-0.256591796875,0.2752685546875
20.854,310,420,640,310,0.0,34.0,44.0,15.563963890075684,26.916501998901367,-26.000974655151367,-0.5081787109375,-0.256591796875,0.2752685546875
20.872,310,399,587,310,0.0,34.0,44.0,51.696773529052734,32.2265625,-10.681151390075684,-0.556640625,-0.1571044921875,0.03564453125
20.877,310,391,553,310,0.0,34.0,44.0,51.696773529052734,32.2265625,-10.681151390075684,-0.556640625,0.0107421875,-0.01611328125
20.889,310,380,523,310,0.0,34.0,44.0,64.5751953125,31.249998092651367,5.187987804412842,-0.556640625,0.0107421875,-0.01611328125
20.897,310,368,497,310,0.0,34.0,44.0,58.349605560302734,20.812986373901367,33.5693359375,-0.6334228515625,0.4471435546875,0.0574951171875
20.924,310,364,496,309,1.0,34.0,42.0,58.349605560302734,20.812986373901367,33.5693359375,-0.680419921875,0.544189453125,0.107421875
20.927,308,360,485,310,1.0,34.0,42.0,37.41455078125,17.2119140625,34.0576171875,-0.680419921875,0.544189453125,0.107421875
20.962,309,343,491,310,1.0,34.0,42.0,1.9531248807907104,15.380858421325684,16.845703125,-0.8790283203125,0.552734375,0.069580078125
20.962,310,337,493,310,1.0,34.0,42.0,-7.812499523162842,13.366698265075684,7.995604991912842,-0.972412109375,0.474609375,0.015625
20.962,310,330,488,310,1.0,34.0,42.0,-7.812499523162842,13.366698265075684,7.995604991912842,-1.0107421875,0.3634033203125,0.0030517578125
20.962,309,326,488,308,1.0,34.0,42.0,-13.793944358825684,3.662109136581421,-6.347655773162842,-0.99755859375,0.269775390625,0.0313720703125
20.974,310,322,481,308,1.0,34.0,42.0,-9.09423828125,-2.3193359375,-8.7890625,-0.951416015625,0.2320556640625,0.07470703125
20.979,310,323,481,308,1.0,34.0,42.0,-9.09423828125,-2.3193359375,-8.7890625,-0.884521484375,0.23193359375,0.1192626953125
20.988,310,326,488,309,1.0,34.0,42.0,-0.6103515625,-13.366698265075684,-3.173827886581421,-0.808837890625,0.212890625,0.154541015625
20.995,310,326,486,309,1.0,34.0,42.0,0.7934569716453552,-17.15087890625,-0.3662109076976776,-0.756103515625,0.1727294921875,0.1490478515625
21.003,310,327,488,309,1.0,34.0,42.0,0.7934569716453552,-17.15087890625,-0.3662109076976776,-0.761474609375,0.1446533203125,0.1014404296875
21.017,310,334,518,308,1.0,34.0,44.0,3.601073980331421,-21.423337936401367,7.690429210662842,-0.7891845703125,0.1494140625,0.0772705078125
21.029,311,338,531,310,1.0,34.0,44.0,1.6479490995407104,-23.742673873901367,15.319823265075684,-0.7860107421875,0.18408203125,0.1026611328125
21.033,309,334,543,310,1.0,34.0,44.0,1.6479490995407104,-23.742673873901367,15.319823265075684,-0.7471923828125,0.2197265625,0.1270751953125
21.047,309,351,592,310,1.0,34.0,44.0,-15.380858421325684,-25.695798873901367,28.015134811401367,-0.6595458984375,0.236572265625,0.0926513671875
21.065,309,371,658,311,1.0,34.0,44.0,-31.433103561401367,-27.954099655151367,29.785154342651367,-0.4556884765625,0.2105712890625,-0.0426025390625
21.065,310,410,725,311,1.0,34.0,44.0,-31.433103561401367,-27.954099655151367,29.785154342651367,-0.1322021484375,0.11328125,-0.228515625
21.081,309,479,837,310,1.0,34.0,44.0,-58.776851654052734,-51.635738372802734,16.66259765625,0.1795654296875,-0.0126953125,-0.3463134765625
21.088,310,535,968,311,1.0,34.0,44.0,-56.030269622802734,-64.14794921875,6.835937023162842,0.3616943359375,0.00048828125,-0.326171875
21.093,310,582,1136,312,1.0,34.0,44.0,-33.99658203125,-67.2607421875,-2.624511480331421,0.3167724609375,0.202880859375,-0.1422119140625
21.108,310,666,1400,312,0.0,32.0,43.0,-13.793944358825684,-64.51416015625,-15.258788108825684,-0.03173828125,0.36376953125,0.1702880859375
21.115,310,721,1514,312,0.0,32.0,43.0,-21.484373092651367,-65.185546875,-27.282712936401367,-0.5147705078125,0.3123779296875,0.58837890625
21.141,310,771,1595,313,0.0,32.0,43.0,-42.297359466552734,-70.49560546875,-35.7666015625,-0.93798828125,0.149169921875,0.9599609375
21.142,310,848,1689,312,0.0,32.0,43.0,-43.212886810302734,-69.7021484375,-39.97802734375,-1.32958984375,0.14794921875,1.064208984375
21.145,310,885,1704,312,0.0,32.0,43.0,-17.63916015625,-58.898921966552734,-34.1796875,-1.7166748046875,0.37890625,0.9185791015625
21.160,309,917,1718,313,0.0,32.0,43.0,15.869139671325684,-45.532222747802734,-21.667478561401367,-2.0469970703125,0.543701171875,0.7000732421875
21.167,311,948,1742,314,0.0,32.0,43.0,39.6728515625,-33.69140625,-10.192870140075684,-2.3311767578125,0.5562744140625,0.5430908203125
21.183,310,943,1718,315,0.0,32.0,43.0,51.696773529052734,-22.705076217651367,2.197265625,-2.5301513671875,0.3909912109375,0.474365234375
21.190,311,934,1681,313,0.0,32.0,43.0,56.457515716552734,-11.657713890075684,16.29638671875,-2.2672119140625,0.151123046875,0.41845703125
21.198,310,922,1636,312,0.0,32.0,43.0,56.274410247802734,-0.1220703050494194,25.817869186401367,-1.45849609375,0.1278076171875,0.3369140625
21.206,310,920,1624,312,1.0,34.0,50.0,49.316402435302734,10.009765625,23.803709030151367,-0.84130859375,0.404052734375,0.269775390625
21.213,310,923,1628,313,1.0,34.0,50.0,28.137205123901367,18.5546875,11.108397483825684,-0.8583984375,0.7095947265625,0.2197265625
21.232,311,920,1640,312,1.0,34.0,50.0,-1.2817381620407104,25.573728561401367,-5.310058116912842,-1.268310546875,0.747314453125,0.2137451171875
21.241,311,912,1637,313,1.0,34.0,50.0,-21.362302780151367,26.062009811401367,-15.991209983825684,-1.6732177734375,0.6162109375,0.27392578125
21.244,311,894,1625,312,1.0,34.0,50.0,-25.634763717651367,18.49365234375,-17.4560546875,-1.765380859375,0.4613037109375,0.3543701171875
21.264,310,861,1607,311,1.0,34.0,50.0,-18.73779296875,9.94873046875,-15.624999046325684,-1.611083984375,0.3707275390625,0.3973388671875
21.265,297,835,1569,312,1.0,34.0,50.0,-10.131834983825684,7.019042491912842,-13.977049827575684,-1.409423828125,0.340087890625,0.4019775390625
21.291,310,813,1527,314,1.0,34.0,50.0,-3.967284917831421,10.192870140075684,-12.512206077575684,-1.2420654296875,0.298828125,0.401611328125
21.292,311,756,1429,312,1.0,34.0,50.0,1.2817381620407104,16.6015625,-10.498045921325684,-1.1221923828125,0.3018798828125,0.39013671875
21.295,310,728,1365,312,1.0,34.0,50.0,5.187987804412842,23.071287155151367,-7.019042491912842,-1.034912109375,0.39208984375,0.3489990234375
21.303,309,694,1292,312,1.0,32.0,46.0,2.685546636581421,27.893064498901367,-3.234863042831421,-0.9434814453125,0.427734375,0.316650390625
21.317,310,634,1151,312,1.0,32.0,46.0,-6.042479991912842,31.372068405151367,-2.685546636581421,-0.8448486328125,0.3397216796875,0.3211669921875
21.325,310,599,1082,311,1.0,32.0,46.0,-13.793944358825684,34.36279296875,-5.737304210662842,-0.7662353515625,0.218505859375,0.330322265625
21.335,310,563,1018,312,1.0,32.0,46.0,-13.977049827575684,37.59765625,-9.46044921875,-0.7144775390625,0.1217041015625,0.3228759765625
21.347,309,502,902,311,1.0,32.0,46.0,-5.615233898162842,39.6728515625,-13.122557640075684,-0.657958984375,0.0140380859375,0.3179931640625
21.356,310,479,849,312,1.0,32.0,46.0,7.629394054412842,39.36767578125,-18.4326171875,-0.606201171875,-0.09375,0.305419921875
21.365,310,449,814,312,1.0,32.0,46.0,23.071287155151367,39.0625,-24.108884811401367,-0.59814453125,-0.136962890625,0.258056640625
21.381,310,402,711,310,1.0,32.0,46.0,38.0859375,39.73388671875,-26.000974655151367,-0.617431640625,-0.1260986328125,0.18408203125
21.392,310,380,668,311,1.0,32.0,46.0,49.316402435302734,40.10009765625,-22.460935592651367,-0.619873046875,-0.1005859375,0.1138916015625
21.395,306,367,631,310,1.0,32.0,46.0,58.532711029052734,38.63525390625,-14.831542015075684,-0.603759765625,-0.0115966796875,0.074951171875
21.407,310,353,578,310,-2.0,34.0,48.0,65.73486328125,34.912109375,-4.45556640625,-0.5892333984375,0.288818359375,0.0382080078125
21.415,310,343,553,310,-2.0,34.0,48.0,63.354488372802734,29.785154342651367,6.103515148162842,-0.5892333984375,0.288818359375,0.0382080078125
21.424,310,341,531,310,-2.0,34.0,48.0,49.926753997802734,26.489255905151367,13.854979515075684,-0.5811767578125,0.31591796875,-0.005615234375
21.438,310,340,512,309,-2.0,34.0,48.0,35.15625,26.245115280151367,19.775390625,-0.7113037109375,0.380859375,-0.0535888671875
21.445,310,339,513,310,-2.0,34.0,48.0,23.742673873901367,25.329587936401367,26.489255905151367,-0.7113037109375,0.380859375,-0.0535888671875
21.454,310,341,525,310,-2.0,34.0,48.0,11.474608421325684,21.423337936401367,31.738279342651367,-0.794189453125,0.414306640625,-0.03125
21.468,310,349,535,310,-2.0,34.0,48.0,-4.08935546875,16.6015625,32.16552734375,-0.8621826171875,0.3138427734375,0.0804443359375
21.475,310,351,538,310,-2.0,34.0,48.0,-18.9208984375,12.207030296325684,28.747556686401367,-0.8621826171875,0.3138427734375,0.0804443359375
21.494,310,353,548,310,-2.0,34.0,48.0,-27.709959030151367,8.23974609375,25.512693405151367,-0.882568359375,0.2711181640625,0.1197509765625
21.501,310,354,574,310,-2.0,34.0,48.0,-30.944822311401367,4.5166015625,24.841306686401367,-0.77978515625,0.2275390625,0.117919921875
21.506,309,364,593,310,-1.0,33.0,45.0,-32.470703125,0.2441406100988388,25.390623092651367,-0.77978515625,0.2275390625,0.117919921875
21.516,309,379,618,310,-1.0,33.0,45.0,-33.447265625,-5.310058116912842,25.573728561401367,-0.662353515625,0.19287109375,0.068115234375
21.527,310,426,713,310,-1.0,33.0,45.0,-34.912109375,-12.390135765075684,25.268552780151367,-0.1978759765625,0.1014404296875,-0.149658203125
21.536,310,449,741,311,-1.0,33.0,45.0,-37.65869140625,-20.935056686401367,23.254392623901367,-0.1978759765625,0.1014404296875,-0.149658203125
21.543,310,495,766,310,-1.0,33.0,45.0,-40.771480560302734,-30.883787155151367,18.61572265625,0.0513916015625,0.0238037109375,-0.272705078125
21.559,310,587,959,310,-1.0,33.0,45.0,-27.893064498901367,-42.114253997802734,10.986327171325684,0.2239990234375,0.190673828125,-0.3018798828125
21.571,311,629,1123,311,-1.0,33.0,45.0,-27.893064498901367,-42.114253997802734,10.986327171325684,-0.0557861328125,0.478759765625,-0.156982421875
21.574,310,683,1274,313,-1.0,33.0,45.0,-17.333984375,-39.6728515625,2.746581792831421,-0.0557861328125,0.478759765625,-0.156982421875
21.613,310,780,1508,312,-1.0,33.0,45.0,-69.82421875,-55.969234466552734,-27.099607467651367,-0.87841796875,0.342041015625,0.7337646484375
21.613,310,833,1577,312,-1.0,33.0,45.0,-69.82421875,-55.969234466552734,-27.099607467651367,-1.086181640625,0.0992431640625,1.0916748046875
21.614,310,875,1640,312,2.0,33.0,47.0,-87.76854705810547,-65.97900390625,-39.97802734375,-1.086181640625,0.0992431640625,1.0916748046875
21.618,312,936,1673,312,2.0,33.0,47.0,-25.878904342651367,-45.043941497802734,-31.249998092651367,-1.6815185546875,0.1702880859375,0.9422607421875
21.644,309,958,1682,312,2.0,33.0,47.0,-25.878904342651367,-45.043941497802734,-31.249998092651367,-2.020263671875,0.3978271484375,0.7071533203125
21.644,310,985,1682,312,2.0,33.0,47.0,17.27294921875,-27.709959030151367,-11.291502952575684,-2.020263671875,0.3978271484375,0.7071533203125
21.648,311,989,1653,312,2.0,33.0,47.0,50.048824310302734,5.0048828125,24.902341842651367,-2.3934326171875,0.54345703125,0.27294921875
21.655,309,982,1613,314,2.0,33.0,47.0,50.048824310302734,5.0048828125,24.902341842651367,-1.909912109375,0.257080078125,0.242431640625
21.675,310,974,1582,311,2.0,33.0,47.0,48.645015716552734,14.160155296325684,28.808591842651367,-1.909912109375,0.257080078125,0.242431640625
21.678,311,959,1555,313,2.0,33.0,47.0,48.889156341552734,20.629880905151367,10.498045921325684,-0.80224609375,0.527099609375,0.1669921875
21.699,309,960,1572,312,2.0,33.0,47.0,48.889156341552734,20.629880905151367,10.498045921325684,-0.9190673828125,0.764404296875,0.084228515625
21.699,310,959,1582,314,2.0,33.0,47.0,25.939939498901367,26.123044967651367,-2.868652105331421,-0.9190673828125,0.764404296875,0.084228515625
21.707,310,944,1591,314,1.0,32.0,46.0,-29.907224655151367,32.71484375,-30.334470748901367,-1.7066650390625,0.56396484375,0.1685791015625
21.715,311,932,1582,312,1.0,32.0,46.0,-36.865234375,25.024412155151367,-30.944822311401367,-1.81396484375,0.3896484375,0.294677734375
21.724,311,918,1567,312,1.0,32.0,46.0,-36.865234375,25.024412155151367,-30.944822311401367,-1.6751708984375,0.300537109375,0.3822021484375
21.746,311,873,1508,312,1.0,32.0,46.0,-16.9677734375,10.864256858825684,-20.446775436401367,-1.4735107421875,0.29052734375,0.4066162109375
21.747,299,848,1424,300,1.0,32.0,46.0,-5.737304210662842,12.756346702575684,-14.160155296325684,-1.2921142578125,0.2852783203125,0.3807373046875
21.753,310,818,1392,312,1.0,32.0,46.0,-5.737304210662842,12.756346702575684,-14.160155296325684,-1.1446533203125,0.321533203125,0.3282470703125
21.780,310,762,1260,312,1.0,32.0,46.0,8.36181640625,22.338865280151367,1.220703125,-1.0284423828125,0.363525390625,0.2806396484375
21.781,311,716,1185,312,1.0,32.0,46.0,5.737304210662842,24.536130905151367,8.23974609375,-0.9263916015625,0.3231201171875,0.2587890625
21.783,310,671,1101,312,1.0,32.0,46.0,5.737304210662842,24.536130905151367,8.23974609375,-0.8472900390625,0.2470703125,0.2467041015625
21.798,310,601,989,311,1.0,32.0,46.0,-5.554198741912842,28.015134811401367,8.48388671875,-0.7965087890625,0.1951904296875,0.2259521484375
21.808,310,572,923,310,1.0,34.0,46.0,-6.591796398162842,30.578611373901367,4.39453125,-0.7392578125,0.1298828125,0.2069091796875
21.816,310,530,868,311,1.0,34.0,46.0,-6.591796398162842,30.578611373901367,4.39453125,-0.6702880859375,0.01025390625,0.1922607421875
21.827,310,469,784,311,1.0,34.0,46.0,7.873534679412842,30.700681686401367,-10.864256858825684,-0.6173095703125,-0.09033203125,0.1646728515625
21.835,309,439,729,311,1.0,34.0,46.0,23.132322311401367,29.663084030151367,-18.61572265625,-0.5767822265625,-0.1044921875,0.1339111328125
21.845,309,424,689,310,1.0,34.0,46.0,23.132322311401367,29.663084030151367,-18.61572265625,-0.5286865234375,-0.0810546875,0.1102294921875
21.858,309,391,620,310,1.0,34.0,46.0,48.950191497802734,28.259275436401367,-24.047849655151367,-0.5115966796875,-0.00390625,0.080322265625
21.865,310,373,588,310,1.0,34.0,46.0,56.396480560302734,27.770994186401367,-18.49365234375,-0.550048828125,0.158203125,0.04833984375
21.885,310,364,566,310,1.0,34.0,46.0,55.419918060302734,24.475095748901367,-7.019042491912842,-0.5914306640625,0.3028564453125,0.0208740234375
21.893,310,353,545,310,1.0,34.0,46.0,42.968746185302734,19.34814453125,4.57763671875,-0.603515625,0.356689453125,0.001953125
21.897,310,349,537,310,1.0,34.0,46.0,25.756834030151367,15.136717796325684,12.695311546325684,-0.6177978515625,0.3653564453125,0.000244140625
21.907,310,352,530,308,0.0,36.0,47.0,10.131834983825684,11.657713890075684,18.61572265625,-0.670654296875,0.3807373046875,0.013916015625
21.918,308,349,548,309,0.0,36.0,47.0,-3.295898199081421,7.507323741912842,23.010251998901367,-0.7454833984375,0.3812255859375,0.0311279296875
21.926,308,356,559,310,0.0,36.0,47.0,-14.526366233825684,3.479003667831421,23.559568405151367,-0.8123779296875,0.33642578125,0.04345703125
21.934,310,356,561,310,0.0,36.0,47.0,-21.484373092651367,0.6713866591453552,19.95849609375,-0.8671875,0.281005859375,0.0550537109375
21.948,310,354,579,308,0.0,36.0,47.0,-23.193357467651367,-2.3193359375,15.930174827575684,-0.8946533203125,0.25537109375,0.0726318359375
21.955,310,362,593,310,0.0,36.0,47.0,-22.216794967651367,-6.958007335662842,14.038084983825684,-0.864013671875,0.240966796875,0.0843505859375
21.966,309,367,603,310,0.0,36.0,47.0,-21.179197311401367,-12.756346702575684,13.977049827575684,-0.766845703125,0.212158203125,0.05712890625
21.986,309,396,648,311,0.0,36.0,47.0,-21.179197311401367,-18.49365234375,15.441893577575684,-0.6297607421875,0.185302734375,-0.0150146484375
21.987,310,419,693,310,0.0,36.0,47.0,-24.108884811401367,-24.108884811401367,18.61572265625,-0.4783935546875,0.1773681640625,-0.0985107421875
22.006,309,438,718,310,0.0,36.0,47.0,-32.65380859375,-28.686521530151367,22.460935592651367,-0.3216552734375,0.18505859375,-0.1661376953125
22.010,309,493,780,311,0.0,34.0,47.0,-46.264644622802734,-32.04345703125,25.939939498901367,-0.1639404296875,0.192138671875,-0.2105712890625
22.016,310,536,877,311,0.0,34.0,47.0,-58.898921966552734,-36.376953125,28.442380905151367,-0.030029296875,0.19873046875,-0.17529296875
22.023,310,587,987,311,0.0,34.0,47.0,-64.5751953125,-43.762203216552734,28.320310592651367,0.008056640625,0.19873046875,0.0037841796875
22.037,310,668,1219,312,0.0,34.0,47.0,-63.232418060302734,-52.856441497802734,23.986814498901367,-0.0933837890625,0.115478515625,0.3355712890625
22.045,311,704,1334,312,0.0,34.0,47.0,-53.833003997802734,-60.302730560302734,13.183592796325684,-0.25390625,-0.0069580078125,0.719482421875
22.053,310,750,1413,312,0.0,34.0,47.0,-35.64453125,-60.668941497802734,-5.371093273162842,-0.41796875,-0.0721435546875,0.94580078125
22.068,309,840,1483,311,0.0,34.0,47.0,-12.268065452575684,-49.194332122802734,-27.709959030151367,-0.710205078125,-0.0406494140625,0.871337890625
22.111,310,889,1523,312,0.0,34.0,47.0,15.808104515075684,-30.639646530151367,-42.297359466552734,-1.1883544921875,0.2359619140625,0.5618896484375
22.112,311,931,1557,314,0.0,34.0,47.0,41.870113372802734,-17.7001953125,-39.306640625,-1.6947021484375,0.704345703125,0.24169921875
22.112,310,987,1621,311,0.0,34.0,45.0,47.363277435302734,-16.17431640625,-26.184080123901367,-2.07666015625,0.9503173828125,0.0921630859375
22.113,310,1010,1636,312,0.0,34.0,45.0,31.066892623901367,-19.47021484375,-16.9677734375,-2.3070068359375,0.832275390625,0.174560546875
22.114,310,1014,1596,310,0.0,34.0,45.0,14.587401390075684,-20.874021530151367,-13.061522483825684,-2.3623046875,0.509033203125,0.3956298828125
22.123,310,1008,1591,312,0.0,34.0,45.0,15.441893577575684,-17.08984375,-9.33837890625,-2.1119384765625,0.19921875,0.5491943359375
22.136,310,989,1538,311,0.0,34.0,45.0,28.991697311401367,-6.286620616912842,-3.295898199081421,-1.4547119140625,0.099609375,0.538818359375
22.145,311,987,1518,313,0.0,34.0,45.0,40.10009765625,9.521484375,0.2441406100988388,-0.8768310546875,0.290283203125,0.3983154296875
22.153,309,988,1523,313,0.0,34.0,45.0,32.28759765625,25.695798873901367,-4.33349609375,-0.8409423828125,0.58935546875,0.2418212890625
22.167,310,992,1524,312,0.0,34.0,45.0,4.8828125,38.39111328125,-17.333984375,-1.22607421875,0.701904296875,0.1636962890625
22.174,312,984,1514,313,0.0,34.0,45.0,-20.690916061401367,44.372554779052734,-31.738279342651367,-1.683349609375,0.6253662109375,0.1708984375
22.217,312,968,1488,312,0.0,34.0,45.0,-30.944822311401367,40.832515716552734,-38.26904296875,-1.823974609375,0.439697265625,0.237060546875
22.218,311,938,1428,314,1.0,34.0,43.0,-25.939939498901367,31.738279342651367,-36.4990234375,-1.6490478515625,0.2677001953125,0.2978515625
22.218,310,916,1377,312,1.0,34.0,43.0,-14.221190452575684,24.353025436401367,-28.137205123901367,-1.4033203125,0.2054443359375,0.321044921875
22.218,311,889,1325,297,1.0,34.0,43.0,-4.5166015625,22.216794967651367,-15.563963890075684,-1.2230224609375,0.1964111328125,0.310302734375
22.227,310,832,1219,312,1.0,34.0,43.0,2.3193359375,24.475095748901367,-2.563476324081421,-1.10498046875,0.2498779296875,0.272216796875
22.234,310,803,1163,312,1.0,34.0,43.0,5.493163585662842,27.160642623901367,9.033203125,-1.0096435546875,0.3447265625,0.2216796875
22.243,310,770,1101,311,1.0,34.0,43.0,3.173827886581421,28.320310592651367,15.747069358825684,-0.9154052734375,0.368896484375,0.1865234375
22.259,310,708,989,312,1.0,34.0,43.0,-0.54931640625,28.869626998901367,13.427733421325684,-0.8111572265625,0.31640625,0.1964111328125
22.264,310,660,925,311,1.0,34.0,43.0,-3.051757574081421,29.724119186401367,3.662109136581421,-0.8111572265625,0.31640625,0.1964111328125
22.273,311,617,882,310,1.0,34.0,43.0,-4.7607421875,32.65380859375,-8.30078125,-0.8197021484375,0.2916259765625,0.1876220703125
22.288,308,557,784,311,1.0,34.0,43.0,-4.39453125,36.2548828125,-18.61572265625,-0.7386474609375,-0.0010986328125,0.158935546875
22.294,310,513,742,312,-1.0,34.0,43.0,-0.54931640625,36.865234375,-25.207517623901367,-0.7386474609375,-0.0010986328125,0.158935546875
22.317,310,473,698,311,-1.0,34.0,43.0,8.60595703125,34.11865234375,-26.306150436401367,-0.682861328125,-0.153564453125,0.16455078125
22.317,308,436,596,310,-1.0,34.0,43.0,21.606443405151367,30.456541061401367,-20.568845748901367,-0.6331787109375,-0.216796875,0.198486328125
22.325,309,423,552,310,-1.0,34.0,43.0,34.24072265625,27.404783248901367,-10.498045921325684,-0.6331787109375,-0.216796875,0.198486328125
22.333,310,408,507,310,-1.0,34.0,43.0,46.142574310302734,26.184080123901367,-0.2441406100988388,-0.6287841796875,-0.13916015625,0.1845703125
22.346,310,384,454,310,-1.0,34.0,43.0,57.312007904052734,26.367185592651367,9.70458984375,-0.71240234375,0.2054443359375,0.0946044921875
22.356,309,363,434,310,-1.0,34.0,43.0,61.584468841552734,25.451658248901367,19.71435546875,-0.71240234375,0.2054443359375,0.0946044921875
22.363,310,353,425,309,-1.0,34.0,43.0,56.579586029052734,23.620603561401367,26.977537155151367,-0.731201171875,0.281982421875,0.03369140625
22.376,308,342,411,308,-1.0,34.0,43.0,49.377437591552734,22.399900436401367,28.991697311401367,-0.7568359375,0.4078369140625,-0.049072265625
22.396,308,338,414,310,-1.0,34.0,43.0,44.555660247802734,20.263669967651367,27.404783248901367,-0.7568359375,0.4078369140625,-0.049072265625
22.396,310,329,411,310,-1.0,34.0,43.0,39.1845703125,14.770506858825684,24.963376998901367,-0.7967529296875,0.5086669921875,-0.0557861328125
22.419,308,326,415,310,-1.0,35.0,41.0,19.10400390625,1.5869139432907104,12.695311546325684,-0.8135986328125,0.5513916015625,-0.0484619140625
22.420,309,323,418,310,-1.0,35.0,41.0,19.10400390625,1.5869139432907104,12.695311546325684,-0.7947998046875,0.4703369140625,-0.016845703125
22.423,310,326,435,309,-1.0,35.0,41.0,9.6435546875,-3.295898199081421,2.0751953125,-0.7947998046875,0.4703369140625,-0.016845703125
22.436,309,338,438,310,-1.0,35.0,41.0,3.845214605331421,-16.11328125,-14.343260765075684,-0.7601318359375,0.2547607421875,0.0386962890625
22.444,310,341,450,310,-1.0,35.0,41.0,3.845214605331421,-16.11328125,-14.343260765075684,-0.732421875,0.193115234375,0.0601806640625
22.452,311,344,465,310,-1.0,35.0,41.0,3.845214605331421,-24.230955123901367,-15.319823265075684,-0.732421875,0.193115234375,0.0601806640625
22.467,308,371,481,310,-1.0,35.0,41.0,2.50244140625,-34.48486328125,-6.042479991912842,-0.590576171875,0.1727294921875,0.041259765625
22.475,308,390,495,310,-1.0,35.0,41.0,2.50244140625,-34.48486328125,-6.042479991912842,-0.555908203125,0.2186279296875,0.0120849609375
22.483,310,410,523,310,-1.0,35.0,41.0,-2.0751953125,-36.92626953125,-0.9765624403953552,-0.555908203125,0.2186279296875,0.0120849609375
22.496,310,447,580,310,-1.0,34.0,44.0,-32.53173828125,-44.921871185302734,2.25830078125,-0.468017578125,0.27880859375,-0.0518798828125
22.530,311,481,630,310,-1.0,34.0,44.0,-32.53173828125,-44.921871185302734,2.25830078125,-0.369873046875,0.2261962890625,-0.173095703125
22.530,311,529,721,310,-1.0,34.0,44.0,-54.931636810302734,-48.706050872802734,-1.4038084745407104,-0.369873046875,0.2261962890625,-0.173095703125
22.530,311,608,922,312,-1.0,34.0,44.0,-94.36034393310547,-49.560543060302734,-17.9443359375,-0.241943359375,-0.0225830078125,-0.2886962890625
22.535,310,658,1091,312,-1.0,34.0,44.0,-94.36034393310547,-49.560543060302734,-17.9443359375,-0.269775390625,-0.1009521484375,-0.07080078125
22.543,310,705,1255,312,-1.0,34.0,44.0,-96.31346893310547,-49.316402435302734,-23.986814498901367,-0.343017578125,-0.12548828125,0.379638671875
22.558,310,780,1471,312,-1.0,34.0,44.0,-66.162109375,-65.4296875,-19.53125,-0.451904296875,-0.18115234375,0.882568359375
22.565,311,835,1529,312,-1.0,34.0,44.0,-44.799800872802734,-66.5283203125,-17.63916015625,-0.6536865234375,-0.2664794921875,1.1444091796875
22.573,311,871,1572,312,-1.0,34.0,44.0,-44.799800872802734,-66.5283203125,-17.63916015625,-0.982666015625,-0.1378173828125,1.0479736328125
22.586,311,927,1600,312,-1.0,34.0,44.0,17.822265625,-24.475095748901367,-5.737304210662842,-1.385009765625,0.3206787109375,0.68359375
22.595,310,963,1636,312,3.0,33.0,47.0,37.7197265625,-7.629394054412842,7.507323741912842,-1.79931640625,0.8038330078125,0.2640380859375
22.603,311,989,1667,314,3.0,33.0,47.0,37.7197265625,-7.629394054412842,7.507323741912842,-2.1900634765625,0.9664306640625,0.0679931640625
22.628,310,1018,1689,312,3.0,33.0,47.0,22.583005905151367,-7.202147960662842,25.085447311401367,-2.4490966796875,0.7169189453125,0.17236328125
22.628,310,1011,1638,311,3.0,33.0,47.0,16.29638671875,-13.244627952575684,25.756834030151367,-2.3592529296875,0.355224609375,0.374755859375
22.633,312,999,1607,312,3.0,33.0,47.0,16.29638671875,-13.244627952575684,25.756834030151367,-1.7266845703125,0.224853515625,0.4735107421875
22.646,311,982,1567,312,3.0,33.0,47.0,38.818359375,-8.11767578125,11.718749046325684,-0.9757080078125,0.366455078125,0.4234619140625
22.655,310,982,1572,313,3.0,33.0,47.0,41.809078216552734,4.94384765625,-3.295898199081421,-0.791259765625,0.5936279296875,0.289794921875
22.667,311,982,1583,312,3.0,33.0,47.0,41.809078216552734,4.94384765625,-3.295898199081421,-1.18115234375,0.638427734375,0.1617431640625
22.677,311,974,1591,312,3.0,33.0,47.0,-7.507323741912842,28.442380905151367,-28.503416061401367,-1.6611328125,0.48681640625,0.1099853515625
22.685,310,959,1583,312,3.0,33.0,47.0,-23.071287155151367,25.939939498901367,-29.479978561401367,-1.809814453125,0.3114013671875,0.1611328125
22.698,310,939,1580,312,0.0,34.0,47.0,-22.460935592651367,14.892577171325684,-22.827146530151367,-1.6287841796875,0.2352294921875,0.271728515625
22.709,310,904,1538,312,0.0,34.0,47.0,-16.11328125,5.676269054412842,-14.099120140075684,-1.359619140625,0.253662109375,0.361572265625
22.732,311,878,1504,312,0.0,34.0,47.0,-12.451170921325684,5.493163585662842,-7.690429210662842,-1.1668701171875,0.2694091796875,0.3931884765625
22.733,310,854,1462,313,0.0,34.0,47.0,-9.6435546875,12.329100608825684,-4.33349609375,-1.07861328125,0.276123046875,0.3592529296875
22.737,310,794,1352,313,0.0,34.0,47.0,-5.126952648162842,19.59228515625,-1.5258787870407104,-1.03564453125,0.3450927734375,0.2789306640625
22.744,310,758,1281,313,0.0,34.0,47.0,-3.540038824081421,22.155759811401367,1.7700194120407104,-0.9774169921875,0.385009765625,0.210205078125
22.755,310,723,1211,312,0.0,34.0,47.0,-7.324218273162842,20.996091842651367,2.44140625,-0.8880615234375,0.3104248046875,0.20458984375
22.770,310,674,1074,312,0.0,34.0,47.0,-11.108397483825684,19.59228515625,-0.9155272841453552,-0.79931640625,0.2012939453125,0.253173828125
22.775,310,632,1008,311,0.0,34.0,47.0,-10.742186546325684,20.812986373901367,-5.432128429412842,-0.7685546875,0.142333984375,0.28759765625
22.783,308,601,939,311,0.0,34.0,47.0,-6.408690929412842,24.658201217651367,-8.4228515625,-0.778564453125,0.1136474609375,0.2772216796875
22.799,310,547,846,311,1.0,31.0,46.0,-0.6713866591453552,27.282712936401367,-10.131834983825684,-0.7672119140625,0.046142578125,0.258056640625
22.805,310,523,782,311,1.0,31.0,46.0,5.737304210662842,27.160642623901367,-10.925292015075684,-0.7391357421875,-0.0511474609375,0.2376708984375
22.826,310,497,716,312,1.0,31.0,46.0,14.160155296325684,26.733396530151367,-9.3994140625,-0.735107421875,-0.113037109375,0.20068359375
22.827,308,454,630,310,1.0,31.0,46.0,24.108884811401367,27.160642623901367,-4.08935546875,-0.7486572265625,-0.1202392578125,0.169189453125
22.839,308,426,580,312,1.0,31.0,46.0,32.470703125,26.672361373901367,3.967284917831421,-0.737548828125,-0.1087646484375,0.13818359375
22.843,310,423,551,310,1.0,31.0,46.0,39.61181640625,26.306150436401367,12.145995140075684,-0.7039794921875,-0.07958984375,0.08349609375
22.857,309,396,519,310,1.0,31.0,46.0,48.767086029052734,26.611326217651367,19.8974609375,-0.683837890625,0.0303955078125,0.0465087890625
22.868,310,381,507,310,1.0,31.0,46.0,55.358882904052734,24.169919967651367,27.954099655151367,-0.681396484375,0.1998291015625,0.0615234375
22.874,310,369,481,310,1.0,31.0,46.0,52.185054779052734,18.5546875,33.935546875,-0.6734619140625,0.3236083984375,0.0849609375
22.886,309,357,467,308,1.0,31.0,46.0,41.381832122802734,13.977049827575684,35.33935546875,-0.6553955078125,0.3929443359375,0.0823974609375
22.901,308,351,465,310,0.0,32.0,44.0,28.747556686401367,10.803221702575684,33.8134765625,-0.65576171875,0.4583740234375,0.08447265625
22.903,309,349,472,310,0.0,32.0,44.0,15.686034202575684,6.225585460662842,31.799314498901367,-0.6912841796875,0.486572265625,0.101806640625
22.932,310,352,483,310,0.0,32.0,44.0,3.295898199081421,1.03759765625,28.991697311401367,-0.739013671875,0.4454345703125,0.0985107421875
22.933,308,354,497,309,0.0,32.0,44.0,-6.347655773162842,-2.3193359375,25.085447311401367,-0.769775390625,0.3681640625,0.0626220703125
22.933,310,355,509,310,0.0,32.0,44.0,-13.000487327575684,-4.57763671875,21.179197311401367,-0.7913818359375,0.297119140625,0.015625
22.947,310,364,543,310,0.0,32.0,44.0,-18.4326171875,-8.11767578125,18.9208984375,-0.7984619140625,0.2528076171875,-0.0196533203125
22.956,310,363,566,310,0.0,32.0,44.0,-24.108884811401367,-13.427733421325684,18.98193359375,-0.7659912109375,0.2095947265625,-0.0369873046875
22.963,310,371,603,310,0.0,32.0,44.0,-31.188962936401367,-19.1650390625,20.324705123901367,-0.693115234375,0.181640625,-0.0467529296875
22.983,310,401,710,312,0.0,32.0,44.0,-40.0390625,-24.658201217651367,22.277830123901367,-0.60107421875,0.193115234375,-0.080810546875
22.985,310,426,756,310,0.0,32.0,44.0,-51.147457122802734,-28.991697311401367,24.169919967651367,-0.524169921875,0.18310546875,-0.1546630859375
22.993,310,454,832,311,1.0,33.0,51.0,-63.354488372802734,-30.944822311401367,25.634763717651367,-0.4312744140625,0.1240234375,-0.22265625
23.007,310,522,1029,312,1.0,33.0,51.0,-71.96044921875,-31.555173873901367,27.404783248901367,-0.1358642578125,0.0994873046875,-0.0572509765625
23.030,310,561,1145,312,1.0,33.0,51.0,-71.10595703125,-34.36279296875,27.343748092651367,-0.1358642578125,0.0994873046875,-0.0572509765625
23.033,312,609,1255,312,1.0,33.0,51.0,-59.692378997802734,-43.518062591552734,20.629880905151367,-0.0308837890625,0.05712890625,0.190673828125
23.036,309,685,1407,310,1.0,33.0,51.0,-35.64453125,-60.058589935302734,4.2724609375,0.1182861328125,0.0799560546875,0.8653564453125
23.051,310,732,1483,312,1.0,33.0,51.0,-0.1220703050494194,-76.47705078125,-17.63916015625,0.1182861328125,0.0799560546875,0.8653564453125
23.052,310,794,1529,312,1.0,33.0,51.0,29.113767623901367,-78.369140625,-37.17041015625,-0.162353515625,0.2203369140625,0.977294921875
23.066,309,871,1610,311,1.0,33.0,51.0,40.649410247802734,-60.424800872802734,-47.058101654052734,-1.513671875,0.8448486328125,0.4598388671875
23.077,311,921,1656,312,1.0,33.0,51.0,40.649410247802734,-33.14208984375,-43.457027435302734,-1.513671875,0.8448486328125,0.4598388671875
23.083,311,958,1689,313,1.0,33.0,51.0,30.029294967651367,-13.305663108825684,-32.04345703125,-1.9954833984375,0.9403076171875,0.2999267578125
23.097,310,998,1709,313,0.0,32.0,51.0,12.329100608825684,-11.657713890075684,-23.193357467651367,-2.503173828125,0.03271484375,0.41015625
23.107,310,994,1683,314,0.0,32.0,51.0,9.27734375,-15.930174827575684,-14.831542015075684,-2.503173828125,0.03271484375,0.41015625
23.113,312,985,1649,312,0.0,32.0,51.0,30.090330123901367,-13.854979515075684,4.0283203125,-2.57763671875,0.01611328125,0.364013671875
23.132,310,968,1609,312,0.0,32.0,51.0,49.804683685302734,-8.23974609375,28.930662155151367,-1.0693359375,0.3892822265625,0.340087890625
23.134,310,968,1605,313,0.0,32.0,51.0,49.316402435302734,1.7089842557907104,39.12353515625,-1.0693359375,0.3892822265625,0.340087890625
23.143,310,966,1611,313,0.0,32.0,51.0,31.677244186401367,15.014647483825684,28.137205123901367,-0.6949462890625,0.7496337890625,0.2647705078125
23.157,310,966,1610,311,0.0,32.0,51.0,3.479003667831421,26.672361373901367,5.676269054412842,-1.408447265625,0.743408203125,0.1800537109375
23.164,311,955,1591,312,0.0,32.0,51.0,-22.338865280151367,31.860349655151367,-15.991209983825684,-1.7481689453125,0.563232421875,0.2757568359375
23.177,310,933,1565,314,0.0,32.0,51.0,-34.72900390625,27.099607467651367,-25.512693405151367,-1.7481689453125,0.563232421875,0.2757568359375
23.187,310,895,1502,313,0.0,32.0,51.0,-27.343748092651367,8.36181640625,-17.333984375,-1.62744140625,0.314453125,0.4569091796875
23.194,310,873,1450,312,0.0,34.0,41.0,-27.343748092651367,8.36181640625,-17.333984375,-1.4417724609375,0.2816162109375,0.451904296875
23.213,311,849,1398,312,0.0,34.0,41.0,-17.02880859375,6.713866710662842,-10.375975608825684,-1.4417724609375,0.2816162109375,0.451904296875
23.216,310,785,1289,308,0.0,34.0,41.0,1.0986328125,17.7001953125,2.868652105331421,-1.1268310546875,0.3299560546875,0.3282470703125
23.225,310,751,1206,313,0.0,34.0,41.0,1.0986328125,17.7001953125,2.868652105331421,-0.9947509765625,0.427734375,0.2369384765625
23.240,310,713,1133,310,0.0,34.0,41.0,3.479003667831421,25.573728561401367,8.97216796875,-0.9947509765625,0.427734375,0.2369384765625
23.247,310,654,1020,312,0.0,34.0,41.0,-12.023924827575684,32.3486328125,8.30078125,-0.6787109375,0.241455078125,0.211669921875
23.255,311,616,960,312,0.0,34.0,41.0,-12.023924827575684,32.3486328125,8.30078125,-0.61083984375,0.1180419921875,0.2183837890625
23.263,310,575,912,311,0.0,34.0,41.0,-18.49365234375,32.65380859375,1.8920897245407104,-0.61083984375,0.1180419921875,0.2183837890625
23.278,309,535,816,310,0.0,34.0,41.0,-10.314940452575684,34.36279296875,-10.314940452575684,-0.6578369140625,0.0343017578125,0.2064208984375
23.285,310,502,771,311,0.0,34.0,41.0,-10.314940452575684,34.36279296875,-10.314940452575684,-0.6920166015625,-0.0054931640625,0.1988525390625
23.293,310,480,730,311,-1.0,34.0,42.0,-2.624511480331421,35.0341796875,-16.54052734375,-0.6920166015625,-0.0054931640625,0.1988525390625
23.318,310,439,632,310,-1.0,34.0,42.0,12.817381858825684,37.65869140625,-20.080564498901367,-0.7098388671875,-0.07568359375,0.1568603515625
23.318,310,423,591,310,-1.0,34.0,42.0,22.338865280151367,36.4990234375,-17.27294921875,-0.6629638671875,-0.0853271484375,0.131591796875
23.323,310,411,545,310,-1.0,34.0,42.0,22.338865280151367,36.4990234375,-17.27294921875,-0.6307373046875,0.002197265625,0.105224609375
23.343,310,386,490,310,-1.0,34.0,42.0,49.438472747802734,32.470703125,-3.356933355331421,-0.6285400390625,0.158203125,0.087646484375
23.344,311,376,478,310,-1.0,34.0,42.0,55.236812591552734,28.991697311401367,5.981444835662842,-0.6370849609375,0.290283203125,0.07373046875
23.353,310,364,473,310,-1.0,34.0,42.0,55.236812591552734,28.991697311401367,5.981444835662842,-0.645751953125,0.3878173828125,0.0745849609375
23.370,310,357,449,310,-1.0,34.0,42.0,39.61181640625,24.658201217651367,13.977049827575684,-0.6624755859375,0.479736328125,0.103759765625
23.375,308,354,441,311,-1.0,34.0,42.0,25.085447311401367,21.728513717651367,14.526366233825684,-0.70458984375,0.535400390625,0.1341552734375
23.383,311,348,439,310,-1.0,34.0,42.0,25.085447311401367,21.728513717651367,14.526366233825684,-0.7657470703125,0.5072021484375,0.1314697265625
23.396,309,342,437,310,-1.0,35.0,47.0,2.197265625,16.05224609375,9.521484375,-0.82080078125,0.4049072265625,0.0936279296875
23.404,310,342,435,310,-1.0,35.0,47.0,-1.8310545682907104,15.686034202575684,3.479003667831421,-0.8623046875,0.299560546875,0.049560546875
23.414,310,343,433,310,-1.0,35.0,47.0,-1.8310545682907104,15.686034202575684,3.479003667831421,-0.894287109375,0.2403564453125,0.0247802734375
23.437,308,349,438,310,-1.0,35.0,47.0,-0.4882812201976776,11.474608421325684,-2.01416015625,-0.917724609375,0.226806640625,0.026611328125
23.438,308,352,440,312,-1.0,35.0,47.0,0.0610351525247097,6.408690929412842,0.1831054538488388,-0.9241943359375,0.23828125,0.057373046875
23.444,308,352,452,309,-1.0,35.0,47.0,0.0610351525247097,6.408690929412842,0.1831054538488388,-0.9141845703125,0.2486572265625,0.0960693359375
23.457,308,356,469,310,-1.0,35.0,47.0,-6.652831554412842,-3.417968511581421,5.798339366912842,-0.893310546875,0.2364501953125,0.11572265625
23.464,310,359,481,310,-1.0,35.0,47.0,-10.437010765075684,-5.249022960662842,7.507323741912842,-0.8553466796875,0.202392578125,0.1038818359375
23.476,310,357,486,310,-1.0,35.0,47.0,-14.221190452575684,-5.432128429412842,9.8876953125,-0.804443359375,0.1761474609375,0.060791015625
23.488,309,371,519,310,0.0,37.0,42.0,-20.690916061401367,-5.554198741912842,14.343260765075684,-0.744384765625,0.1917724609375,0.00927734375
23.495,310,386,574,310,0.0,37.0,42.0,-33.0810546875,-7.202147960662842,19.95849609375,-0.64404296875,0.2186279296875,-0.0445556640625
23.503,310,415,618,310,0.0,37.0,42.0,-50.720211029052734,-11.352538108825684,23.681638717651367,-0.44580078125,0.1829833984375,-0.1507568359375
23.516,310,454,674,311,0.0,37.0,42.0,-66.7724609375,-19.6533203125,22.888181686401367,-0.173583984375,0.083984375,-0.2579345703125
23.525,310,509,728,311,0.0,37.0,42.0,-72.1435546875,-33.3251953125,18.9208984375,0.1083984375,0.0047607421875,-0.2689208984375
23.543,310,558,837,311,0.0,37.0,42.0,-59.631343841552734,-46.997066497802734,13.427733421325684,0.33984375,0.0615234375,-0.2222900390625
23.549,309,660,1092,312,0.0,37.0,42.0,-33.69140625,-54.382320404052734,2.0751953125,0.371826171875,0.2783203125,-0.09521484375
23.555,312,703,1251,312,0.0,37.0,42.0,-18.37158203125,-58.532711029052734,-17.76123046875,0.058349609375,0.43701171875,0.2216796875
23.563,313,770,1377,312,0.0,37.0,42.0,-29.235837936401367,-63.415523529052734,-37.53662109375,-0.471923828125,0.3953857421875,0.658935546875
23.587,310,861,1508,312,0.0,37.0,42.0,-49.377437591552734,-62.561031341552734,-50.415035247802734,-0.9853515625,0.269287109375,0.9833984375
23.590,310,910,1555,312,0.0,34.0,41.0,-54.565425872802734,-49.926753997802734,-55.236812591552734,-1.46728515625,0.2435302734375,1.010009765625
23.594,311,943,1577,313,0.0,34.0,41.0,-37.78076171875,-32.71484375,-49.438472747802734,-1.9337158203125,0.33203125,0.8280029296875
23.607,310,980,1582,312,0.0,34.0,41.0,-7.324218273162842,-21.606443405151367,-36.0107421875,-2.26416015625,0.3319091796875,0.6693115234375
23.619,312,986,1553,314,0.0,34.0,41.0,25.573728561401367,-15.563963890075684,-20.568845748901367,-2.4990234375,0.2943115234375,0.4805908203125
23.623,310,968,1483,312,0.0,34.0,41.0,53.894039154052734,-6.896972179412842,-2.44140625,-2.5791015625,0.319580078125,0.282470703125
23.638,311,966,1419,311,0.0,34.0,41.0,70.37353515625,2.929687261581421,13.977049827575684,-2.0048828125,0.2225341796875,0.235595703125
23.645,310,966,1409,312,0.0,34.0,41.0,73.486328125,10.070799827575684,17.15087890625,-1.21044921875,0.21240234375,0.249267578125
23.656,311,966,1404,312,0.0,34.0,41.0,59.143062591552734,14.282225608825684,12.756346702575684,-1.150390625,0.5897216796875,0.2174072265625
23.666,311,944,1398,312,0.0,34.0,41.0,23.437498092651367,18.06640625,9.70458984375,-1.5821533203125,0.878173828125,0.1722412109375
23.675,311,928,1393,312,0.0,34.0,41.0,-10.986327171325684,21.728513717651367,2.0751953125,-1.837646484375,0.7489013671875,0.180419921875
23.691,310,907,1380,313,0.0,34.0,41.0,-22.949216842651367,19.53125,-8.30078125,-1.7952880859375,0.5091552734375,0.237060546875
23.699,310,852,1326,311,1.0,34.0,42.0,-17.2119140625,12.756346702575684,-14.648436546325684,-1.643310546875,0.3753662109375,0.2669677734375
23.705,311,816,1279,313,1.0,34.0,42.0,-4.150390625,9.21630859375,-17.63916015625,-1.4925537109375,0.352783203125,0.24560546875
23.713,312,780,1228,313,1.0,34.0,42.0,8.48388671875,10.681151390075684,-19.10400390625,-1.31787109375,0.407470703125,0.224853515625
23.726,310,691,1120,312,1.0,34.0,42.0,14.221190452575684,13.244627952575684,-19.6533203125,-1.102783203125,0.446044921875,0.249755859375
23.741,310,644,1035,311,1.0,34.0,42.0,9.6435546875,15.319823265075684,-21.057126998901367,-0.8956298828125,0.387939453125,0.2908935546875
23.745,310,590,966,311,1.0,34.0,42.0,-0.6713866591453552,18.6767578125,-24.353025436401367,-0.7349853515625,0.274169921875,0.278564453125
23.757,310,495,856,312,1.0,34.0,42.0,-9.1552734375,23.132322311401367,-27.343748092651367,-0.635009765625,0.141357421875,0.2330322265625
23.769,310,452,810,311,1.0,34.0,42.0,-10.803221702575684,25.207517623901367,-28.686521530151367,-0.5526123046875,-0.0484619140625,0.237548828125
23.773,310,424,754,310,1.0,34.0,42.0,-2.746581792831421,24.047849655151367,-30.517576217651367,-0.473876953125,-0.2427978515625,0.2955322265625
23.786,310,372,636,310,2.0,33.0,45.0,15.014647483825684,23.071287155151367,-31.738279342651367,-0.4549560546875,-0.30517578125,0.1903076171875
23.812,310,352,608,310,2.0,33.0,45.0,37.59765625,26.794431686401367,-29.541013717651367,-0.4549560546875,-0.30517578125,0.1903076171875
23.813,310,336,564,310,2.0,33.0,45.0,57.678218841552734,33.50830078125,-23.681638717651367,-0.4918212890625,-0.17626953125,0.0849609375
23.856,310,323,519,310,2.0,33.0,45.0,67.9931640625,33.75244140625,-12.268065452575684,-0.519287109375,0.332763671875,0.0751953125
23.857,310,316,499,309,2.0,33.0,45.0,60.607906341552734,25.451658248901367,3.601073980331421,-0.519287109375,0.332763671875,0.0751953125
23.857,310,315,481,310,2.0,33.0,45.0,36.9873046875,16.78466796875,17.2119140625,-0.5325927734375,0.438720703125,0.046630859375
23.858,310,316,454,310,2.0,33.0,45.0,9.94873046875,12.634276390075684,25.207517623901367,-0.726318359375,0.386474609375,-0.0218505859375
23.859,308,315,451,308,2.0,33.0,45.0,-8.60595703125,11.169432640075684,29.296873092651367,-0.726318359375,0.386474609375,-0.0218505859375
23.863,310,313,452,309,2.0,33.0,45.0,-15.319823265075684,9.8876953125,30.334470748901367,-0.8599853515625,0.3751220703125,-0.0301513671875
23.883,310,312,447,309,2.0,33.0,45.0,-15.319823265075684,7.568358898162842,27.221677780151367,-0.974609375,0.3594970703125,0.072021484375
23.884,310,314,446,310,0.0,33.0,49.0,-15.563963890075684,2.685546636581421,19.95849609375,-0.974609375,0.3594970703125,0.072021484375
23.894,308,313,442,309,0.0,33.0,49.0,-17.76123046875,-5.371093273162842,11.596678733825684,-0.9500732421875,0.3515625,0.1490478515625
23.906,308,314,465,310,0.0,33.0,49.0,-20.507810592651367,-13.854979515075684,5.249022960662842,-0.7752685546875,0.2337646484375,0.1812744140625
23.915,310,310,479,310,0.0,33.0,49.0,-21.057126998901367,-20.568845748901367,1.7700194120407104,-0.6695556640625,0.1119384765625,0.1220703125
23.926,310,323,486,309,0.0,33.0,49.0,-15.136717796325684,-24.963376998901367,0.0610351525247097,-0.6695556640625,0.1119384765625,0.1220703125
23.944,310,326,530,310,0.0,33.0,49.0,10.925292015075684,-30.212400436401367,3.051757574081421,-0.631591796875,0.01123046875,-0.002685546875
23.956,309,328,566,310,0.0,33.0,49.0,10.925292015075684,-30.212400436401367,3.051757574081421,-0.6025390625,0.1275634765625,0.02392578125
23.956,310,338,648,309,0.0,33.0,49.0,17.88330078125,-35.0341796875,8.6669921875,-0.6025390625,0.1275634765625,0.02392578125
23.967,310,382,739,311,0.0,33.0,49.0,4.5166015625,-52.551265716552734,7.934569835662842,-0.1275634765625,0.287841796875,-0.091796875
23.975,310,423,782,311,0.0,33.0,49.0,4.5166015625,-52.551265716552734,7.934569835662842,0.1986083984375,0.141845703125,-0.2828369140625
23.983,311,481,875,312,1.0,34.0,44.0,-10.864256858825684,-62.438961029052734,-6.042479991912842,0.1986083984375,0.141845703125,-0.2828369140625
23.997,310,558,1115,312,1.0,34.0,44.0,-22.827146530151367,-69.88525390625,-26.855466842651367,0.3056640625,0.2039794921875,-0.3172607421875
24.010,310,608,1321,312,1.0,34.0,44.0,-22.827146530151367,-69.88525390625,-26.855466842651367,-0.1195068359375,0.3504638671875,0.0675048828125
24.016,310,671,1483,312,1.0,34.0,44.0,-20.812986373901367,-65.85693359375,-30.517576217651367,-0.1195068359375,0.3504638671875,0.0675048828125
24.028,310,771,1665,314,1.0,34.0,44.0,-68.90869140625,-71.8994140625,-44.555660247802734,-1.112548828125,-0.0433349609375,1.13330078125
24.035,310,822,1704,312,1.0,34.0,44.0,-68.90869140625,-71.8994140625,-44.555660247802734,-1.340576171875,-0.23876953125,1.22607421875
24.059,311,878,1732,312,1.0,34.0,44.0,-62.499996185302734,-67.07763671875,-51.818843841552734,-1.340576171875,-0.23876953125,1.22607421875
24.059,311,952,1747,312,1.0,34.0,44.0,28.015134811401367,-28.015134811401367,-29.907224655151367,-1.939697265625,0.4091796875,0.64013671875
24.064,310,963,1750,313,1.0,34.0,44.0,28.015134811401367,-28.015134811401367,-29.907224655151367,-2.4295654296875,0.6343994140625,0.4781494140625
24.073,311,969,1743,314,1.0,34.0,44.0,45.166011810302734,-14.221190452575684,-6.408690929412842,-2.741455078125,0.36865234375,0.501708984375
24.086,310,947,1665,312,0.0,31.0,43.0,27.954099655151367,-4.69970703125,35.0341796875,-2.35888671875,-0.038818359375,0.5025634765625
24.097,313,943,1641,313,0.0,31.0,43.0,35.5224609375,0.9155272841453552,45.166011810302734,-1.375,-0.0908203125,0.38525390625
24.109,311,929,1621,312,0.0,31.0,43.0,35.5224609375,0.9155272841453552,45.166011810302734,-0.7379150390625,0.354736328125,0.25390625
24.117,310,931,1624,314,0.0,31.0,43.0,27.954099655151367,23.193357467651367,35.94970703125,-0.772216796875,0.758544921875,0.188720703125
24.131,310,932,1634,313,0.0,31.0,43.0,-8.60595703125,31.066892623901367,17.333984375,-1.15478515625,0.76953125,0.2010498046875
24.133,311,928,1611,312,0.0,31.0,43.0,-8.60595703125,31.066892623901367,17.333984375,-1.5916748046875,0.5982666015625,0.273193359375
24.149,312,904,1640,311,0.0,31.0,43.0,-41.625972747802734,26.062009811401367,-9.94873046875,-1.766845703125,0.4041748046875,0.3486328125
24.163,310,882,1632,312,0.0,31.0,43.0,-35.7666015625,17.39501953125,-10.559081077575684,-1.6605224609375,0.27685546875,0.3919677734375
24.165,310,862,1608,312,0.0,31.0,43.0,-35.7666015625,17.39501953125,-10.559081077575684,-1.4609375,0.2528076171875,0.422607421875
24.177,309,810,1553,312,0.0,31.0,43.0,-16.41845703125,12.084959983825684,-3.906249761581421,-1.2777099609375,0.2557373046875,0.4354248046875
24.185,310,784,1508,312,3.0,30.0,45.0,-9.58251953125,17.4560546875,-1.5258787870407104,-1.1470947265625,0.2318115234375,0.4266357421875
24.193,312,755,1443,312,3.0,30.0,45.0,-9.58251953125,17.4560546875,-1.5258787870407104,-1.0787353515625,0.2508544921875,0.397705078125
24.210,312,703,1333,312,3.0,30.0,45.0,-3.173827886581421,29.785154342651367,2.3193359375,-1.0517578125,0.3358154296875,0.3214111328125
24.235,310,668,1246,312,3.0,30.0,45.0,-7.446288585662842,34.912109375,5.310058116912842,-1.010986328125,0.3671875,0.2393798828125
24.235,310,636,1173,312,3.0,30.0,45.0,-13.366698265075684,39.24560546875,5.676269054412842,-0.932861328125,0.30517578125,0.2364501953125
24.236,310,582,1050,312,3.0,30.0,45.0,-17.2119140625,40.893550872802734,3.356933355331421,-0.85546875,0.225341796875,0.2822265625
24.262,310,539,986,312,3.0,30.0,45.0,-17.02880859375,40.405269622802734,0.3662109076976776,-0.7982177734375,0.1649169921875,0.2955322265625
24.262,310,509,922,311,3.0,30.0,45.0,-12.207030296325684,39.306640625,-3.784179449081421,-0.7386474609375,0.064697265625,0.2740478515625
24.267,310,453,816,311,3.0,30.0,45.0,-4.150390625,38.2080078125,-10.009765625,-0.6685791015625,-0.0775146484375,0.24072265625
24.275,310,407,762,311,3.0,30.0,45.0,6.652831554412842,37.17041015625,-14.953612327575684,-0.614013671875,-0.162841796875,0.1964111328125
24.283,308,391,700,311,1.0,33.0,44.0,20.568845748901367,36.56005859375,-13.610838890075684,-0.581787109375,-0.17724609375,0.1424560546875
24.296,309,357,634,310,1.0,33.0,44.0,34.7900390625,36.7431640625,-6.958007335662842,-0.5477294921875,-0.158203125,0.0875244140625
24.306,310,338,601,309,1.0,33.0,44.0,47.241207122802734,37.353515625,1.220703125,-0.52734375,-0.0545654296875,0.06201171875
24.313,309,336,572,312,1.0,33.0,44.0,54.748531341552734,36.2548828125,9.94873046875,-0.5477294921875,0.1400146484375,0.076904296875
24.343,309,328,536,310,1.0,33.0,44.0,51.147457122802734,32.04345703125,18.73779296875,-0.581298828125,0.3154296875,0.09375
24.343,309,328,518,310,1.0,33.0,44.0,36.1328125,27.343748092651367,25.390623092651367,-0.606689453125,0.4095458984375,0.08837890625
24.344,310,327,509,308,1.0,33.0,44.0,17.39501953125,24.475095748901367,29.052732467651367,-0.6561279296875,0.45068359375,0.0760498046875
24.359,309,327,512,309,1.0,33.0,44.0,0.7934569716453552,22.033689498901367,30.822751998901367,-0.7454833984375,0.451171875,0.05908203125
24.367,310,327,513,308,1.0,33.0,44.0,-11.352538108825684,18.49365234375,30.273435592651367,-0.8375244140625,0.405517578125,0.0224609375
24.373,310,329,519,310,1.0,33.0,44.0,-18.61572265625,14.099120140075684,26.794431686401367,-0.8916015625,0.33251953125,-0.0072021484375
24.386,308,330,530,309,1.0,34.0,42.0,-22.033689498901367,8.4228515625,21.484373092651367,-0.896728515625,0.2518310546875,0.0155029296875
24.395,310,329,530,310,1.0,34.0,42.0,-21.118162155151367,1.220703125,16.845703125,-0.888916015625,0.2093505859375,0.0626220703125
24.404,310,330,537,310,1.0,34.0,42.0,-16.78466796875,-6.469726085662842,15.136717796325684,-0.870849609375,0.2308349609375,0.1053466796875
24.416,310,336,551,310,1.0,34.0,42.0,-13.427733421325684,-13.854979515075684,15.991209983825684,-0.810302734375,0.25048828125,0.1451416015625
24.425,310,338,566,309,1.0,34.0,42.0,-11.901854515075684,-19.83642578125,16.90673828125,-0.721435546875,0.211669921875,0.136474609375
24.451,308,354,589,310,1.0,34.0,42.0,-11.169432640075684,-23.010251998901367,18.310546875,-0.605712890625,0.152587890625,0.0618896484375
24.454,310,386,660,310,1.0,34.0,42.0,-13.061522483825684,-25.573728561401367,20.812986373901367,-0.42822265625,0.128662109375,-0.0496826171875
24.462,310,419,705,310,1.0,34.0,42.0,-19.6533203125,-31.127927780151367,21.606443405151367,-0.182861328125,0.1263427734375,-0.1610107421875
24.463,297,452,758,310,1.0,34.0,42.0,-29.235837936401367,-40.161128997802734,17.63916015625,0.0726318359375,0.1124267578125,-0.2652587890625
24.477,310,531,953,313,1.0,34.0,42.0,-35.7666015625,-48.706050872802734,10.437010765075684,0.191162109375,0.1142578125,-0.3436279296875
24.485,311,576,1127,312,0.0,32.0,44.0,-33.87451171875,-54.565425872802734,4.5166015625,0.125244140625,0.2005615234375,-0.2655029296875
24.493,310,622,1243,311,0.0,32.0,44.0,-29.296873092651367,-60.058589935302734,-0.6103515625,-0.1080322265625,0.3231201171875,0.0584716796875
24.508,310,711,1471,312,0.0,32.0,44.0,-37.9638671875,-67.7490234375,-7.934569835662842,-0.431396484375,0.31201171875,0.524169921875
24.516,309,763,1559,312,0.0,32.0,44.0,-58.166500091552734,-74.21875,-18.6767578125,-0.7232666015625,0.1356201171875,0.930908203125
24.523,310,819,1621,313,0.0,32.0,44.0,-63.415523529052734,-69.4580078125,-30.578611373901367,-1.039794921875,-0.013427734375,1.11572265625
24.547,311,882,1665,312,0.0,32.0,44.0,-40.527339935302734,-52.246089935302734,-34.60693359375,-1.7833251953125,0.37451171875,0.8045654296875
24.548,310,922,1675,314,0.0,32.0,44.0,-4.150390625,-33.14208984375,-25.390623092651367,-1.7833251953125,0.37451171875,0.8045654296875
24.568,310,943,1678,313,0.0,32.0,44.0,25.878904342651367,-21.240232467651367,-9.82666015625,-2.0509033203125,0.5284423828125,0.59423828125
24.575,309,955,1653,312,0.0,32.0,44.0,40.588375091552734,-13.305663108825684,5.249022960662842,-2.4259033203125,0.48486328125,0.31298828125
24.575,310,943,1602,312,0.0,32.0,44.0,43.701168060302734,-3.417968511581421,20.202634811401367,-2.4259033203125,0.48486328125,0.31298828125
24.583,310,933,1564,314,2.0,31.0,49.0,42.175289154052734,5.432128429412842,31.005857467651367,-1.9642333984375,0.2467041015625,0.3634033203125
24.596,311,933,1543,314,2.0,31.0,49.0,40.0390625,12.390135765075684,29.541013717651367,-0.8436279296875,0.50732421875,0.306640625
24.605,310,932,1547,314,2.0,31.0,49.0,33.63037109375,18.4326171875,19.10400390625,-0.8436279296875,0.50732421875,0.306640625
24.614,313,928,1555,312,2.0,31.0,49.0,13.671874046325684,25.085447311401367,7.324218273162842,-1.1669921875,0.7882080078125,0.228759765625
24.627,310,912,1540,311,2.0,31.0,49.0,-14.160155296325684,31.799314498901367,-3.601073980331421,-1.72998046875,0.490478515625,0.3245849609375
24.650,311,888,1528,312,2.0,31.0,49.0,-31.738279342651367,32.958984375,-11.169432640075684,-1.72998046875,0.490478515625,0.3245849609375
24.650,310,864,1509,312,2.0,31.0,49.0,-31.799314498901367,28.076169967651367,-13.183592796325684,-1.62890625,0.3612060546875,0.365966796875
24.670,310,823,1452,312,2.0,31.0,49.0,-22.766111373901367,22.644041061401367,-11.962889671325684,-1.324951171875,0.3111572265625,0.33203125
24.670,314,805,1400,311,2.0,31.0,49.0,-14.526366233825684,21.606443405151367,-11.535643577575684,-1.324951171875,0.3111572265625,0.33203125
24.674,309,766,1345,312,2.0,31.0,49.0,-6.591796398162842,25.634763717651367,-12.756346702575684,-1.2010498046875,0.3062744140625,0.312744140625
24.687,310,700,1231,312,3.0,34.0,46.0,2.563476324081421,33.447265625,-11.108397483825684,-0.96142578125,0.4368896484375,0.2784423828125
24.695,311,661,1159,313,3.0,34.0,46.0,2.563476324081421,33.447265625,-11.108397483825684,-0.8699951171875,0.36669921875,0.29541015625
24.703,312,628,1067,312,3.0,34.0,46.0,-4.638671875,34.1796875,-9.765625,-0.8699951171875,0.36669921875,0.29541015625
24.717,310,562,948,312,3.0,34.0,46.0,-18.1884765625,39.794921875,-13.793944358825684,-0.7554931640625,0.1641845703125,0.322998046875
24.725,310,529,888,311,3.0,34.0,46.0,-18.1884765625,39.794921875,-13.793944358825684,-0.7249755859375,0.0546875,0.2899169921875
24.759,312,496,826,312,3.0,34.0,46.0,-14.953612327575684,43.212886810302734,-14.892577171325684,-0.7249755859375,0.0546875,0.2899169921875
24.759,310,436,739,311,3.0,34.0,46.0,6.164550304412842,42.419429779052734,-18.798828125,-0.630859375,-0.21337890625,0.23828125
24.759,310,399,671,311,3.0,34.0,46.0,6.164550304412842,42.419429779052734,-18.798828125,-0.6107177734375,-0.2198486328125,0.18310546875
24.791,310,373,607,310,3.0,34.0,46.0,23.925779342651367,41.625972747802734,-18.9208984375,-0.6107177734375,-0.2198486328125,0.18310546875
24.791,310,345,543,310,1.0,36.0,45.0,61.828609466552734,42.724605560302734,-6.896972179412842,-0.5665283203125,-0.01416015625,0.0599365234375
24.791,309,337,519,310,1.0,36.0,45.0,61.828609466552734,42.724605560302734,-6.896972179412842,-0.5509033203125,0.200439453125,0.0780029296875
24.792,310,328,499,310,1.0,36.0,45.0,71.6552734375,39.61181640625,2.38037109375,-0.5509033203125,0.200439453125,0.0780029296875
24.806,310,322,454,309,1.0,36.0,45.0,53.405757904052734,25.024412155151367,19.10400390625,-0.565673828125,0.4456787109375,0.0758056640625
24.816,310,314,437,308,1.0,36.0,45.0,53.405757904052734,25.024412155151367,19.10400390625,-0.6513671875,0.4693603515625,0.0391845703125
24.823,310,316,427,310,1.0,36.0,45.0,35.64453125,21.789548873901367,22.277830123901367,-0.6513671875,0.4693603515625,0.0391845703125
24.836,310,322,423,309,1.0,36.0,45.0,13.183592796325684,19.4091796875,21.606443405151367,-0.8499755859375,0.4813232421875,-0.0477294921875
24.847,309,315,423,309,1.0,36.0,45.0,3.784179449081421,16.29638671875,15.747069358825684,-0.8841552734375,0.409423828125,-0.0467529296875
24.853,309,315,430,309,1.0,36.0,45.0,3.784179449081421,16.29638671875,15.747069358825684,-0.86669921875,0.3062744140625,-0.0030517578125
24.871,308,322,444,308,1.0,36.0,45.0,-14.953612327575684,5.737304210662842,-1.6479490995407104,-0.8187255859375,0.23291015625,0.0521240234375
24.877,309,323,465,309,-1.0,36.0,43.0,-14.709471702575684,-1.9531248807907104,-5.371093273162842,-0.77587890625,0.199951171875,0.0643310546875
24.883,311,324,473,310,-1.0,36.0,43.0,-14.709471702575684,-1.9531248807907104,-5.371093273162842,-0.7294921875,0.150634765625,0.040771484375
24.896,310,343,486,309,-1.0,36.0,43.0,-4.638671875,-17.02880859375,1.9531248807907104,-0.6728515625,0.0765380859375,0.021484375
24.905,309,352,508,310,-1.0,36.0,43.0,3.295898199081421,-21.789548873901367,8.23974609375,-0.620849609375,0.067626953125,0.0208740234375
24.913,311,357,547,311,-1.0,36.0,43.0,3.295898199081421,-21.789548873901367,8.23974609375,-0.527099609375,0.14599609375,0.026123046875
24.926,310,398,646,310,-1.0,36.0,43.0,-1.6479490995407104,-36.56005859375,18.24951171875,-0.30517578125,0.21875,-0.04345703125
24.935,310,439,673,310,-1.0,36.0,43.0,-21.362302780151367,-47.241207122802734,12.573241233825684,-0.0106201171875,0.1783447265625,-0.20166015625
24.950,310,479,695,312,-1.0,36.0,43.0,-21.362302780151367,-47.241207122802734,12.573241233825684,0.1561279296875,0.0257568359375,-0.3721923828125
24.956,310,558,873,312,-1.0,36.0,43.0,-52.062984466552734,-58.776851654052734,-6.286620616912842,0.2200927734375,0.0047607421875,-0.5
24.985,312,616,1069,312,-1.0,36.0,43.0,-37.17041015625,-57.983394622802734,-7.507323741912842,0.1767578125,0.26953125,-0.4185791015625
24.986,311,661,1253,312,-1.0,36.0,43.0,-37.17041015625,-57.983394622802734,-7.507323741912842,-0.2332763671875,0.508544921875,0.017822265625
24.987,311,763,1514,310,2.0,34.0,42.0,-70.80078125,-60.607906341552734,-29.357908248901367,-0.81689453125,0.3834228515625,0.7130126953125
24.995,310,840,1595,313,2.0,34.0,42.0,-108.39842987060547,-67.44384765625,-42.358394622802734,-1.1837158203125,0.03076171875,1.3204345703125
25.007,311,886,1647,313,2.0,34.0,42.0,-98.26659393310547,-61.279293060302734,-50.292964935302734,-1.4000244140625,-0.150390625,1.47021484375
25.023,310,955,1662,312,2.0,34.0,42.0,-45.104976654052734,-41.442867279052734,-44.555660247802734,-1.6422119140625,-0.0194091796875,1.2269287109375
25.025,297,982,1656,313,2.0,34.0,42.0,16.6015625,-20.080564498901367,-26.916501998901367,-1.994873046875,0.2401123046875,0.811767578125
25.033,310,1000,1652,312,2.0,34.0,42.0,56.457515716552734,-1.6479490995407104,-3.967284917831421,-2.4654541015625,0.5125732421875,0.3563232421875
25.053,310,981,1516,314,2.0,34.0,42.0,66.2841796875,12.023924827575684,22.094724655151367,-2.7354736328125,0.5325927734375,0.124267578125
25.055,295,973,1460,312,2.0,34.0,42.0,58.532711029052734,16.66259765625,41.198726654052734,-2.186767578125,0.205810546875,0.1676025390625
25.083,311,974,1437,312,2.0,34.0,42.0,53.955074310302734,17.4560546875,40.0390625,-1.224609375,0.1180419921875,0.2877197265625
25.083,310,973,1416,313,1.0,33.0,43.0,50.170894622802734,20.629880905151367,26.428220748901367,-0.9833984375,0.5579833984375,0.320556640625
25.085,311,966,1409,312,1.0,33.0,43.0,25.756834030151367,28.930662155151367,14.709471702575684,-1.4293212890625,0.927001953125,0.2518310546875
25.093,310,948,1404,312,1.0,33.0,43.0,-10.009765625,37.9638671875,4.57763671875,-1.809814453125,0.8125,0.2188720703125
25.106,312,917,1380,312,1.0,33.0,43.0,-29.418943405151367,38.4521484375,-4.39453125,-1.8350830078125,0.528076171875,0.2613525390625
25.123,310,882,1355,313,1.0,33.0,43.0,-26.855466842651367,30.944822311401367,-9.82666015625,-1.6756591796875,0.374267578125,0.3033447265625
25.126,309,830,1318,299,1.0,33.0,43.0,-15.747069358825684,24.108884811401367,-12.817381858825684,-1.514404296875,0.3291015625,0.2979736328125
25.137,310,784,1220,312,1.0,33.0,43.0,-5.920409679412842,23.559568405151367,-15.197752952575684,-1.3726806640625,0.3084716796875,0.263671875
25.145,310,737,1173,312,1.0,33.0,43.0,2.50244140625,27.587888717651367,-15.624999046325684,-1.216064453125,0.35546875,0.2178955078125
25.155,311,688,1101,312,1.0,33.0,43.0,6.591796398162842,30.700681686401367,-12.939452171325684,-1.04052734375,0.4088134765625,0.193603515625
25.180,310,607,967,312,1.0,33.0,43.0,1.7700194120407104,30.456541061401367,-11.108397483825684,-0.8671875,0.353515625,0.207275390625
25.184,310,554,914,311,1.0,31.0,43.0,-9.58251953125,29.846189498901367,-12.817381858825684,-0.7181396484375,0.2294921875,0.21240234375
25.184,310,513,854,312,1.0,31.0,43.0,-19.34814453125,31.188962936401367,-15.380858421325684,-0.6005859375,0.0699462890625,0.1993408203125
25.197,309,452,763,311,1.0,31.0,43.0,-19.71435546875,32.53173828125,-17.02880859375,-0.49755859375,-0.13916015625,0.2081298828125
25.205,314,419,697,310,1.0,31.0,43.0,-8.23974609375,31.616209030151367,-18.37158203125,-0.4097900390625,-0.302490234375,0.2283935546875
25.213,310,387,661,311,1.0,31.0,43.0,12.390135765075684,30.151365280151367,-17.76123046875,-0.3818359375,-0.322021484375,0.1976318359375
25.234,310,371,594,310,1.0,31.0,43.0,34.60693359375,31.677244186401367,-13.244627952575684,-0.404052734375,-0.2479248046875,0.09814453125
25.235,311,352,551,311,1.0,31.0,43.0,50.537105560302734,35.7666015625,-5.371093273162842,-0.450927734375,-0.0850830078125,0.01123046875
25.242,309,345,522,310,1.0,31.0,43.0,55.847164154052734,36.07177734375,6.469726085662842,-0.5074462890625,0.1693115234375,-0.0023193359375
25.257,310,343,504,310,1.0,31.0,43.0,46.569820404052734,29.541013717651367,20.507810592651367,-0.53466796875,0.3759765625,0.0235595703125
25.265,310,344,496,311,1.0,31.0,43.0,25.817869186401367,20.080564498901367,30.700681686401367,-0.556396484375,0.43505859375,0.059326171875
25.288,310,342,496,310,0.0,36.0,42.0,5.737304210662842,12.084959983825684,34.11865234375,-0.634765625,0.414306640625,0.0958251953125
25.288,310,343,495,310,0.0,36.0,42.0,-4.8828125,7.019042491912842,32.71484375,-0.7623291015625,0.4083251953125,0.1019287109375
25.295,310,343,502,310,0.0,36.0,42.0,-8.1787109375,4.150390625,27.954099655151367,-0.8792724609375,0.4014892578125,0.0682373046875
25.303,310,342,506,310,0.0,36.0,42.0,-9.33837890625,1.9531248807907104,20.629880905151367,-0.94384765625,0.3602294921875,0.027587890625
25.317,310,349,522,310,0.0,36.0,42.0,-10.253905296325684,-1.0986328125,13.671874046325684,-0.9464111328125,0.2742919921875,0.021728515625
25.326,309,352,539,310,0.0,36.0,42.0,-9.27734375,-6.042479991912842,9.3994140625,-0.9464111328125,0.2742919921875,0.021728515625
25.333,309,352,554,310,0.0,36.0,42.0,-6.103515148162842,-12.939452171325684,7.934569835662842,-0.9073486328125,0.2587890625,0.0548095703125
25.347,310,357,572,309,0.0,36.0,42.0,-2.929687261581421,-20.507810592651367,8.11767578125,-0.78564453125,0.2015380859375,0.0601806640625
25.359,310,362,590,311,0.0,36.0,42.0,-1.3427733182907104,-26.733396530151367,9.3994140625,-0.78564453125,0.2015380859375,0.0601806640625
25.363,310,363,607,311,0.0,36.0,42.0,-1.5258787870407104,-30.639646530151367,12.268065452575684,-0.7493896484375,0.1925048828125,0.0341796875
25.393,309,387,676,310,0.0,34.0,45.0,-4.8828125,-32.470703125,17.27294921875,-0.604248046875,0.228759765625,-0.053955078125
25.395,310,414,718,308,0.0,34.0,45.0,-14.892577171325684,-32.8369140625,22.888181686401367,-0.604248046875,0.228759765625,-0.053955078125
25.395,310,437,763,311,0.0,34.0,45.0,-31.188962936401367,-34.11865234375,25.573728561401367,-0.3975830078125,0.1527099609375,-0.1212158203125
25.407,310,507,861,310,0.0,34.0,45.0,-45.349117279052734,-40.10009765625,23.681638717651367,0.150634765625,-0.040283203125,-0.0784912109375
25.415,310,551,973,310,0.0,34.0,45.0,-46.752925872802734,-50.048824310302734,16.7236328125,0.150634765625,-0.040283203125,-0.0784912109375
25.423,310,596,1105,312,0.0,34.0,45.0,-29.602048873901367,-59.997554779052734,7.019042491912842,0.240234375,-0.00634765625,0.0350341796875
25.438,310,674,1300,312,0.0,34.0,45.0,-1.03759765625,-67.93212890625,-4.150390625,-0.0965576171875,0.353515625,0.5042724609375
25.445,310,728,1400,312,0.0,34.0,45.0,13.488768577575684,-71.83837890625,-18.310546875,-0.484130859375,0.331787109375,0.709716796875
25.469,310,782,1477,313,0.0,34.0,45.0,-0.54931640625,-69.51904296875,-35.58349609375,-0.484130859375,0.331787109375,0.709716796875
25.469,311,877,1583,313,0.0,34.0,45.0,-19.6533203125,-43.090816497802734,-53.588863372802734,-1.522216796875,0.4234619140625,0.6181640625
25.485,310,922,1632,314,1.0,33.0,47.0,-19.6533203125,-43.090816497802734,-53.588863372802734,-1.9180908203125,0.482421875,0.5718994140625
25.491,310,958,1637,313,1.0,33.0,47.0,-9.3994140625,-35.5224609375,-39.794921875,-1.9180908203125,0.482421875,0.5718994140625
25.500,311,994,1636,312,1.0,33.0,47.0,22.460935592651367,-31.555173873901367,-9.3994140625,-2.380615234375,0.163330078125,0.632568359375
25.505,310,986,1582,314,1.0,33.0,47.0,22.460935592651367,-31.555173873901367,-9.3994140625,-2.4173583984375,0.0650634765625,0.595458984375
25.513,310,982,1527,314,1.0,33.0,47.0,48.828121185302734,-22.766111373901367,13.366698265075684,-2.4173583984375,0.0650634765625,0.595458984375
25.527,308,976,1463,312,1.0,33.0,47.0,67.07763671875,16.78466796875,45.288082122802734,-1.166748046875,0.371337890625,0.2965087890625
25.535,311,980,1450,314,1.0,33.0,47.0,67.07763671875,16.78466796875,45.288082122802734,-0.80224609375,0.686767578125,0.1702880859375
25.543,311,986,1462,312,1.0,33.0,47.0,47.485347747802734,33.0810546875,30.822751998901367,-0.80224609375,0.686767578125,0.1702880859375
25.556,311,982,1474,312,1.0,33.0,47.0,-18.4326171875,43.334957122802734,-17.15087890625,-1.3885498046875,0.759521484375,0.1136474609375
25.571,311,974,1483,314,1.0,33.0,47.0,-18.4326171875,43.334957122802734,-17.15087890625,-1.7020263671875,0.5889892578125,0.2335205078125
25.573,310,963,1477,312,1.0,32.0,40.0,-35.58349609375,38.75732421875,-26.794431686401367,-1.7020263671875,0.5889892578125,0.2335205078125
25.592,310,922,1447,312,1.0,32.0,40.0,-33.5693359375,22.705076217651367,-26.428220748901367,-1.6387939453125,0.322998046875,0.3939208984375
25.596,312,901,1404,313,1.0,32.0,40.0,-24.047849655151367,19.71435546875,-24.291990280151367,-1.5179443359375,0.2757568359375,0.390869140625
25.607,310,872,1348,312,1.0,32.0,40.0,-24.047849655151367,19.71435546875,-24.291990280151367,-1.397705078125,0.2137451171875,0.376220703125
25.617,311,810,1231,312,1.0,32.0,40.0,6.591796398162842,20.507810592651367,-16.54052734375,-1.2723388671875,0.2271728515625,0.32177734375
25.625,310,777,1173,312,1.0,32.0,40.0,24.230955123901367,21.911619186401367,-11.474608421325684,-1.1385498046875,0.3380126953125,0.2244873046875
25.635,310,731,1112,312,1.0,32.0,40.0,24.230955123901367,21.911619186401367,-11.474608421325684,-0.9967041015625,0.3973388671875,0.1644287109375
25.647,310,660,974,311,1.0,32.0,40.0,23.254392623901367,24.353025436401367,-6.591796398162842,-0.85888671875,0.3447265625,0.1732177734375
25.656,310,613,917,311,1.0,32.0,40.0,8.9111328125,27.038572311401367,-8.60595703125,-0.738037109375,0.2362060546875,0.1878662109375
25.667,310,561,876,312,1.0,32.0,40.0,8.9111328125,27.038572311401367,-8.60595703125,-0.65185546875,0.120849609375,0.1746826171875
25.692,310,485,779,311,1.0,33.0,41.0,-9.1552734375,32.89794921875,-12.451170921325684,-0.5821533203125,-0.023193359375,0.178955078125
25.693,311,449,695,309,1.0,33.0,41.0,-7.629394054412842,31.433103561401367,-15.502928733825684,-0.50634765625,-0.1600341796875,0.21728515625
25.693,310,414,683,310,1.0,33.0,41.0,-7.629394054412842,31.433103561401367,-15.502928733825684,-0.43359375,-0.192626953125,0.2347412109375
25.713,310,372,621,310,1.0,33.0,41.0,18.9208984375,25.634763717651367,-16.2353515625,-0.4093017578125,-0.10498046875,0.1488037109375
25.715,310,357,583,310,1.0,33.0,41.0,34.36279296875,29.663084030151367,-15.624999046325684,-0.4708251953125,0.0655517578125,0.0218505859375
25.723,310,352,561,311,1.0,33.0,41.0,34.36279296875,29.663084030151367,-15.624999046325684,-0.5367431640625,0.2384033203125,-0.02685546875
25.739,309,346,547,310,1.0,33.0,41.0,29.907224655151367,27.709959030151367,-6.530761241912842,-0.5572509765625,0.3536376953125,-0.0250244140625
25.745,310,343,547,310,1.0,33.0,41.0,18.73779296875,24.047849655151367,1.4648436307907104,-0.5887451171875,0.39697265625,-0.0006103515625
25.753,309,342,542,310,1.0,33.0,41.0,5.0048828125,21.850584030151367,6.469726085662842,-0.6634521484375,0.3779296875,0.04931640625
25.769,308,342,548,309,1.0,33.0,41.0,-10.559081077575684,18.9208984375,8.7890625,-0.757080078125,0.327392578125,0.10205078125
25.775,309,349,554,310,1.0,34.0,43.0,-21.728513717651367,15.197752952575684,8.97216796875,-0.8360595703125,0.267578125,0.138671875
25.796,308,349,557,310,1.0,34.0,43.0,-25.756834030151367,11.413573265075684,6.896972179412842,-0.8948974609375,0.2171630859375,0.1563720703125
25.797,308,354,564,310,1.0,34.0,43.0,-23.925779342651367,7.263183116912842,3.723144292831421,-0.9295654296875,0.1815185546875,0.1519775390625
25.805,309,354,573,310,1.0,34.0,43.0,-17.27294921875,2.685546636581421,1.15966796875,-0.93408203125,0.14501953125,0.130615234375
25.820,311,357,572,310,1.0,34.0,43.0,-8.30078125,-2.25830078125,0.8544921278953552,-0.909912109375,0.1251220703125,0.1063232421875
25.826,310,364,583,309,1.0,34.0,43.0,-1.220703125,-7.324218273162842,3.967284917831421,-0.857177734375,0.127685546875,0.0914306640625
25.835,308,369,592,310,1.0,34.0,43.0,0.4272460639476776,-11.230467796325684,9.94873046875,-0.78466796875,0.115234375,0.0782470703125
25.843,310,369,601,311,1.0,34.0,43.0,-3.906249761581421,-12.634276390075684,17.88330078125,-0.6976318359375,0.096435546875,0.0411376953125
25.857,309,411,639,310,1.0,34.0,43.0,-12.939452171325684,-12.695311546325684,27.038572311401367,-0.5833740234375,0.11572265625,-0.0394287109375
25.871,309,437,654,311,1.0,34.0,43.0,-24.475095748901367,-14.831542015075684,34.423828125,-0.4000244140625,0.155029296875,-0.1427001953125
25.873,310,452,683,310,0.0,34.0,45.0,-34.5458984375,-21.728513717651367,36.0107421875,-0.0914306640625,0.1761474609375,-0.2178955078125
25.887,310,549,813,311,0.0,34.0,45.0,-38.9404296875,-32.958984375,29.296873092651367,0.2314453125,0.1943359375,-0.2420654296875
25.900,311,601,963,312,0.0,34.0,45.0,-35.5224609375,-44.921871185302734,14.343260765075684,0.3800048828125,0.26806640625,-0.1729736328125
25.909,310,648,1145,311,0.0,34.0,45.0,-26.794431686401367,-52.429195404052734,-6.042479991912842,0.197509765625,0.4163818359375,0.032958984375
25.917,310,749,1382,312,0.0,34.0,45.0,-28.503416061401367,-56.640621185302734,-24.475095748901367,-0.2545166015625,0.50634765625,0.3641357421875
25.926,310,799,1516,314,0.0,34.0,45.0,-50.292964935302734,-62.194820404052734,-36.31591796875,-0.732666015625,0.371826171875,0.708251953125
25.933,310,864,1598,312,0.0,34.0,45.0,-70.12939453125,-62.194820404052734,-46.874996185302734,-1.150390625,0.059326171875,0.8897705078125
25.946,310,955,1681,311,0.0,34.0,45.0,-62.316890716552734,-49.865718841552734,-56.152339935302734,-1.4864501953125,-0.1826171875,0.8714599609375
25.955,310,987,1704,312,0.0,34.0,45.0,-24.902341842651367,-32.16552734375,-54.565425872802734,-1.779541015625,-0.1488037109375,0.718017578125
25.963,312,1014,1709,313,0.0,34.0,45.0,17.51708984375,-17.822265625,-39.97802734375,-2.0999755859375,0.2071533203125,0.4769287109375
25.976,310,1031,1698,312,2.0,31.0,45.0,38.51318359375,-9.70458984375,-18.00537109375,-2.42333984375,0.564697265625,0.31201171875
25.997,312,1014,1632,314,2.0,31.0,45.0,35.58349609375,-6.652831554412842,5.126952648162842,-2.5469970703125,0.5037841796875,0.3372802734375
26.001,310,1000,1582,311,2.0,31.0,45.0,25.329587936401367,-2.38037109375,21.423337936401367,-2.026611328125,0.131591796875,0.444580078125
26.006,310,994,1523,313,2.0,31.0,45.0,29.235837936401367,7.568358898162842,23.742673873901367,-1.1414794921875,-0.021240234375,0.468017578125
26.021,310,998,1519,312,2.0,31.0,45.0,40.10009765625,19.47021484375,17.63916015625,-0.814453125,0.296630859375,0.3446044921875
26.023,312,999,1513,311,2.0,31.0,45.0,28.137205123901367,30.456541061401367,12.268065452575684,-1.1964111328125,0.6683349609375,0.1700439453125
26.037,310,982,1506,312,2.0,31.0,45.0,-2.563476324081421,38.2080078125,6.652831554412842,-1.69140625,0.70849609375,0.0821533203125
26.047,310,968,1490,314,2.0,31.0,45.0,-23.925779342651367,36.865234375,0.0610351525247097,-1.821533203125,0.5223388671875,0.135009765625
26.053,311,939,1463,314,2.0,31.0,45.0,-26.489255905151367,26.794431686401367,-5.249022960662842,-1.6376953125,0.364501953125,0.2449951171875
26.066,306,902,1387,312,4.0,32.0,39.0,-19.71435546875,17.578125,-8.4228515625,-1.2562255859375,0.2515869140625,0.3541259765625
26.076,311,871,1325,313,4.0,32.0,39.0,-13.244627952575684,15.380858421325684,-10.192870140075684,-1.2562255859375,0.2515869140625,0.3541259765625
26.082,310,833,1260,312,4.0,32.0,39.0,-5.676269054412842,18.310546875,-9.82666015625,-1.174560546875,0.228271484375,0.36376953125
26.109,310,780,1137,312,4.0,32.0,39.0,4.33349609375,21.179197311401367,-5.310058116912842,-1.03515625,0.254150390625,0.315185546875
26.109,310,740,1063,312,4.0,32.0,39.0,11.596678733825684,22.827146530151367,0.8544921278953552,-1.03515625,0.254150390625,0.315185546875
26.113,310,703,984,311,4.0,32.0,39.0,13.549803733825684,24.536130905151367,4.39453125,-0.937744140625,0.20361328125,0.302490234375
26.126,310,644,872,312,4.0,32.0,39.0,11.474608421325684,27.221677780151367,4.82177734375,-0.796142578125,0.1656494140625,0.2264404296875
26.145,311,599,835,312,4.0,32.0,39.0,8.4228515625,30.517576217651367,2.563476324081421,-0.796142578125,0.1656494140625,0.2264404296875
26.147,312,554,766,312,4.0,32.0,39.0,8.30078125,32.28759765625,-2.624511480331421,-0.7274169921875,0.0867919921875,0.1943359375
26.156,310,482,648,310,4.0,32.0,39.0,13.366698265075684,32.04345703125,-9.3994140625,-0.5992431640625,-0.198486328125,0.2410888671875
26.168,311,444,616,310,1.0,34.0,40.0,24.963376998901367,29.785154342651367,-13.183592796325684,-0.5992431640625,-0.198486328125,0.2410888671875
26.179,310,420,588,308,1.0,34.0,40.0,42.053218841552734,27.282712936401367,-10.559081077575684,-0.5487060546875,-0.220947265625,0.2330322265625
26.186,310,364,506,310,1.0,34.0,40.0,58.837886810302734,29.357908248901367,-3.601073980331421,-0.57958984375,0.0384521484375,-0.02587890625
26.209,310,355,485,310,1.0,34.0,40.0,67.32177734375,34.72900390625,4.638671875,-0.57958984375,0.0384521484375,-0.02587890625
26.210,308,336,479,310,1.0,34.0,40.0,65.12451171875,38.51318359375,12.207030296325684,-0.6036376953125,0.1903076171875,-0.175537109375
26.217,310,329,467,310,1.0,34.0,40.0,41.870113372802734,33.87451171875,21.545408248901367,-0.7032470703125,0.5511474609375,-0.3004150390625
26.225,310,328,469,311,1.0,34.0,40.0,41.870113372802734,33.87451171875,21.545408248901367,-0.7379150390625,0.60302734375,-0.2225341796875
26.233,310,325,465,310,1.0,34.0,40.0,15.075682640075684,22.094724655151367,21.240232467651367,-0.7379150390625,0.60302734375,-0.2225341796875
26.253,310,333,473,310,1.0,34.0,40.0,-35.46142578125,-2.50244140625,10.986327171325684,-0.7352294921875,0.36279296875,0.0556640625
26.255,290,336,479,310,1.0,34.0,40.0,-35.46142578125,-2.50244140625,10.986327171325684,-0.746337890625,0.265869140625,0.175048828125
26.263,308,338,488,310,1.0,34.0,40.0,-36.7431640625,-10.192870140075684,5.676269054412842,-0.746337890625,0.265869140625,0.175048828125
26.281,309,343,497,310,2.0,35.0,44.0,-12.573241233825684,-19.53125,-3.601073980331421,-0.7974853515625,0.1947021484375,0.2398681640625
26.285,310,352,512,310,2.0,35.0,44.0,-12.573241233825684,-19.53125,-3.601073980331421,-0.7938232421875,0.17724609375,0.2080078125
26.293,308,346,523,310,2.0,35.0,44.0,-2.50244140625,-22.644041061401367,-6.286620616912842,-0.7938232421875,0.17724609375,0.2080078125
26.306,308,354,533,310,2.0,35.0,44.0,2.25830078125,-27.465818405151367,1.8310545682907104,-0.778076171875,0.1129150390625,0.0985107421875
26.316,310,360,543,310,2.0,35.0,44.0,2.25830078125,-27.465818405151367,1.8310545682907104,-0.8155517578125,0.09228515625,0.0662841796875
26.323,309,371,551,310,2.0,35.0,44.0,-3.234863042831421,-29.113767623901367,12.573241233825684,-0.8155517578125,0.09228515625,0.0662841796875
26.337,310,419,601,310,2.0,35.0,44.0,-23.010251998901367,-30.151365280151367,37.109375,-0.742431640625,0.063232421875,-0.0531005859375
26.352,310,438,657,310,2.0,35.0,44.0,-23.010251998901367,-30.151365280151367,37.109375,-0.5201416015625,0.1043701171875,-0.142822265625
26.355,310,473,737,311,2.0,35.0,44.0,-33.75244140625,-31.249998092651367,45.654293060302734,-0.5201416015625,0.1043701171875,-0.142822265625
26.367,310,547,891,310,1.0,36.0,42.0,-67.19970703125,-42.602535247802734,37.7197265625,0.0057373046875,0.1873779296875,-0.18115234375
26.375,310,601,1037,312,1.0,36.0,42.0,-79.345703125,-49.804683685302734,22.094724655151367,0.0523681640625,0.2041015625,-0.037109375
26.383,310,634,1213,312,1.0,36.0,42.0,-79.345703125,-49.804683685302734,22.094724655151367,-0.0682373046875,0.2476806640625,0.2049560546875
26.415,309,711,1499,312,1.0,36.0,42.0,-62.744136810302734,-61.584468841552734,-13.305663108825684,-0.2291259765625,0.32763671875,0.460205078125
26.415,310,766,1621,312,1.0,36.0,42.0,-54.809566497802734,-63.964839935302734,-32.958984375,-0.4447021484375,0.3170166015625,0.6671142578125
26.415,310,830,1691,312,1.0,36.0,42.0,-54.809566497802734,-63.964839935302734,-32.958984375,-0.84033203125,0.1610107421875,0.799072265625
26.427,310,913,1759,312,1.0,36.0,42.0,-33.935546875,-44.616695404052734,-59.020992279052734,-1.347900390625,0.078857421875,0.845703125
26.435,310,947,1782,313,1.0,36.0,42.0,-3.051757574081421,-33.935546875,-50.720211029052734,-1.7552490234375,0.146484375,0.7857666015625
26.443,312,975,1785,312,1.0,36.0,42.0,-3.051757574081421,-33.935546875,-50.720211029052734,-2.018798828125,0.2889404296875,0.610595703125
26.464,311,1012,1781,312,1.0,36.0,42.0,54.870601654052734,-24.658201217651367,-15.380858421325684,-2.21923828125,0.415771484375,0.4287109375
26.473,310,1014,1757,299,1.0,30.0,46.0,70.6787109375,-19.287109375,-0.1831054538488388,-2.2847900390625,0.3524169921875,0.37353515625
26.473,310,1000,1718,314,1.0,30.0,46.0,70.6787109375,-19.287109375,-0.1831054538488388,-2.007080078125,0.182861328125,0.3948974609375
26.487,311,994,1666,314,1.0,30.0,46.0,79.52880859375,-5.859374523162842,18.61572265625,-1.3782958984375,0.1864013671875,0.3294677734375
26.501,310,981,1640,314,1.0,30.0,46.0,71.2890625,5.798339366912842,17.4560546875,-0.9000244140625,0.4542236328125,0.1756591796875
26.517,312,981,1638,313,1.0,30.0,46.0,71.2890625,5.798339366912842,17.4560546875,-0.8555908203125,0.676513671875,0.0950927734375
26.517,310,987,1649,312,1.0,30.0,46.0,2.0751953125,20.01953125,-11.657713890075684,-1.09716796875,0.638427734375,0.144775390625
26.525,310,984,1662,312,1.0,30.0,46.0,-24.536130905151367,20.874021530151367,-27.954099655151367,-1.45166015625,0.5135498046875,0.24462890625
26.533,313,974,1656,312,1.0,30.0,46.0,-33.26416015625,17.4560546875,-35.15625,-1.641845703125,0.378662109375,0.3209228515625
26.548,312,947,1636,312,1.0,30.0,46.0,-28.442380905151367,11.474608421325684,-34.85107421875,-1.5738525390625,0.2655029296875,0.3682861328125
26.558,310,934,1613,312,1.0,30.0,46.0,-16.9677734375,6.774901866912842,-30.456541061401367,-1.402099609375,0.22314453125,0.4029541015625
26.567,310,912,1585,313,3.0,31.0,47.0,-7.446288585662842,6.530761241912842,-24.291990280151367,-1.251220703125,0.1990966796875,0.4178466796875
26.577,310,865,1513,314,3.0,31.0,47.0,-2.685546636581421,11.413573265075684,-17.4560546875,-1.1405029296875,0.1781005859375,0.4027099609375
26.592,311,840,1460,313,3.0,31.0,47.0,0.1831054538488388,18.12744140625,-9.82666015625,-1.0618896484375,0.21875,0.360595703125
26.593,310,813,1404,299,3.0,31.0,47.0,0.0610351525247097,23.559568405151367,-2.25830078125,-1.00048828125,0.28076171875,0.3126220703125
26.620,311,761,1279,310,3.0,31.0,47.0,-3.295898199081421,27.770994186401367,1.03759765625,-0.935791015625,0.288330078125,0.2825927734375
26.620,310,729,1204,313,3.0,31.0,47.0,-5.920409679412842,30.517576217651367,-2.25830078125,-0.885009765625,0.257568359375,0.262451171875
26.623,311,697,1142,312,3.0,31.0,47.0,-5.432128429412842,31.311033248901367,-9.21630859375,-0.8817138671875,0.226806640625,0.2318115234375
26.637,310,632,1035,311,3.0,31.0,47.0,-2.197265625,31.188962936401367,-15.319823265075684,-0.896484375,0.19921875,0.2017822265625
26.645,310,592,976,311,3.0,31.0,47.0,2.868652105331421,30.090330123901367,-19.04296875,-0.8848876953125,0.15283203125,0.193359375
26.653,310,551,933,311,3.0,31.0,47.0,8.30078125,28.076169967651367,-21.179197311401367,-0.84228515625,0.0562744140625,0.2108154296875
26.673,310,481,848,312,3.0,31.0,51.0,14.404295921325684,26.428220748901367,-22.155759811401367,-0.791015625,-0.060302734375,0.2232666015625
26.675,310,442,785,311,3.0,31.0,51.0,23.071287155151367,26.550291061401367,-20.568845748901367,-0.764892578125,-0.12109375,0.204833984375
26.683,310,410,745,310,3.0,31.0,51.0,33.02001953125,27.221677780151367,-15.075682640075684,-0.73388671875,-0.150146484375,0.1761474609375
26.699,309,373,676,310,3.0,31.0,51.0,40.954586029052734,27.099607467651367,-7.507323741912842,-0.6751708984375,-0.168701171875,0.1427001953125
26.713,310,349,632,310,3.0,31.0,51.0,47.912593841552734,26.611326217651367,0.8544921278953552,-0.649169921875,-0.0970458984375,0.10302734375
26.716,309,336,594,310,3.0,31.0,51.0,51.940914154052734,23.986814498901367,11.169432640075684,-0.66162109375,0.0709228515625,0.0765380859375
26.727,309,330,549,310,3.0,31.0,51.0,46.325679779052734,18.5546875,21.606443405151367,-0.6612548828125,0.22314453125,0.058349609375
26.735,309,322,523,310,3.0,31.0,51.0,32.71484375,14.343260765075684,27.832029342651367,-0.65185546875,0.3114013671875,0.0450439453125
26.743,310,325,523,309,3.0,31.0,51.0,18.9208984375,12.207030296325684,29.602048873901367,-0.666015625,0.3685302734375,0.0489501953125
26.758,310,322,516,310,3.0,31.0,51.0,8.4228515625,9.033203125,30.395505905151367,-0.6927490234375,0.403076171875,0.0567626953125
26.765,310,323,529,310,0.0,34.0,49.0,0.1831054538488388,5.065917491912842,30.639646530151367,-0.7060546875,0.3997802734375,0.0482177734375
26.779,310,326,537,310,0.0,34.0,49.0,-7.812499523162842,2.685546636581421,28.015134811401367,-0.698974609375,0.34765625,0.032470703125
26.796,310,336,561,308,0.0,34.0,49.0,-15.808104515075684,1.4038084745407104,22.827146530151367,-0.694580078125,0.259033203125,0.02099609375
26.797,308,340,589,310,0.0,34.0,49.0,-21.606443405151367,-0.9765624403953552,18.798828125,-0.6973876953125,0.169921875,0.0242919921875
26.819,310,349,616,310,0.0,34.0,49.0,-24.353025436401367,-5.432128429412842,19.1650390625,-0.67138671875,0.1090087890625,0.0347900390625
26.823,310,360,671,311,0.0,34.0,49.0,-25.329587936401367,-11.230467796325684,23.986814498901367,-0.6048583984375,0.089599609375,0.0001220703125
26.825,296,391,697,310,0.0,34.0,49.0,-26.306150436401367,-18.4326171875,30.944822311401367,-0.52734375,0.121826171875,-0.0782470703125
26.835,310,423,718,310,0.0,34.0,49.0,-30.456541061401367,-27.038572311401367,37.109375,-0.4287109375,0.1854248046875,-0.15087890625
26.846,310,485,822,312,0.0,34.0,49.0,-40.222164154052734,-33.3251953125,40.222164154052734,-0.07470703125,0.2607421875,-0.2374267578125
26.855,310,540,959,312,0.0,34.0,49.0,-53.588863372802734,-36.2548828125,37.90283203125,-0.07470703125,0.2607421875,-0.2374267578125
26.864,310,594,1104,312,2.0,33.0,42.0,-62.683101654052734,-42.541500091552734,28.076169967651367,0.0433349609375,0.235595703125,-0.1214599609375
26.877,310,678,1345,312,2.0,33.0,42.0,-59.936519622802734,-56.457515716552734,10.559081077575684,-0.125,-0.0048828125,0.6898193359375
26.885,311,726,1484,312,2.0,33.0,42.0,-41.992183685302734,-74.462890625,-10.681151390075684,-0.125,-0.0048828125,0.6898193359375
26.896,310,772,1572,312,2.0,33.0,42.0,-13.427733421325684,-86.36473846435547,-28.564451217651367,-0.3594970703125,0.0101318359375,1.010009765625
26.907,311,865,1679,312,2.0,33.0,42.0,9.70458984375,-79.7119140625,-39.48974609375,-1.32763671875,0.3201904296875,0.7080078125
26.925,312,920,1719,312,2.0,33.0,42.0,20.385740280151367,-56.457515716552734,-41.076656341552734,-1.32763671875,0.3201904296875,0.7080078125
26.925,310,954,1743,313,2.0,33.0,42.0,22.888181686401367,-30.517576217651367,-31.127927780151367,-1.859375,0.5369873046875,0.4459228515625
26.937,311,992,1743,312,2.0,33.0,42.0,16.357421875,-14.953612327575684,-17.15087890625,-2.3817138671875,0.38330078125,0.4500732421875
26.945,310,1008,1732,312,2.0,33.0,42.0,8.6669921875,-11.840819358825684,-5.0048828125,-2.3817138671875,0.38330078125,0.4500732421875
26.953,310,994,1686,313,2.0,33.0,42.0,15.869139671325684,-13.244627952575684,8.85009765625,-2.382080078125,0.207763671875,0.5211181640625
26.969,310,982,1617,312,2.0,32.0,46.0,35.2783203125,-11.840819358825684,25.207517623901367,-1.337646484375,0.171875,0.429931640625
26.975,312,968,1580,312,2.0,32.0,46.0,52.001949310302734,-2.807616949081421,36.1328125,-0.8404541015625,0.4766845703125,0.29833984375
26.987,310,969,1572,314,2.0,32.0,46.0,53.649898529052734,12.084959983825684,33.69140625,-0.8404541015625,0.4766845703125,0.29833984375
27.040,311,980,1573,313,2.0,32.0,46.0,-8.1787109375,34.423828125,1.03759765625,-1.3531494140625,0.7578125,0.19482421875
27.040,310,974,1573,312,2.0,32.0,46.0,-8.1787109375,34.423828125,1.03759765625,-1.7523193359375,0.5926513671875,0.2532958984375
27.040,310,962,1567,313,2.0,32.0,46.0,-34.24072265625,36.2548828125,-12.207030296325684,-1.7523193359375,0.5926513671875,0.2532958984375
27.040,310,922,1533,311,2.0,32.0,46.0,-30.944822311401367,22.216794967651367,-13.061522483825684,-1.599365234375,0.29443359375,0.3612060546875
27.041,311,910,1511,312,2.0,32.0,46.0,-30.944822311401367,22.216794967651367,-13.061522483825684,-1.3873291015625,0.3111572265625,0.368408203125
27.048,310,878,1462,313,2.0,32.0,46.0,-17.39501953125,16.66259765625,-8.48388671875,-1.3873291015625,0.3111572265625,0.368408203125
27.056,310,830,1348,311,2.0,32.0,46.0,-2.50244140625,21.850584030151367,-5.0048828125,-1.134521484375,0.2958984375,0.3330078125
27.068,310,794,1273,312,2.0,35.0,47.0,-2.50244140625,21.850584030151367,-5.0048828125,-1.0509033203125,0.3582763671875,0.2769775390625
27.073,310,756,1213,313,2.0,35.0,47.0,1.4038084745407104,28.503416061401367,-3.479003667831421,-1.0509033203125,0.3582763671875,0.2769775390625
27.087,310,693,1091,311,2.0,35.0,47.0,-6.835937023162842,34.60693359375,-0.8544921278953552,-0.8814697265625,0.3087158203125,0.27978515625
27.104,310,644,1022,312,2.0,35.0,47.0,-6.835937023162842,34.60693359375,-0.8544921278953552,-0.830322265625,0.2423095703125,0.2918701171875
27.104,311,582,960,310,2.0,35.0,47.0,-15.136717796325684,36.80419921875,-3.295898199081421,-0.830322265625,0.2423095703125,0.2918701171875
27.119,309,530,860,310,2.0,35.0,47.0,-20.01953125,42.846675872802734,-9.3994140625,-0.744873046875,0.0169677734375,0.2490234375
27.129,309,485,806,310,2.0,35.0,47.0,-12.512206077575684,41.931148529052734,-13.549803733825684,-0.665283203125,-0.1500244140625,0.246337890625
27.133,310,438,742,310,2.0,35.0,47.0,-12.512206077575684,41.931148529052734,-13.549803733825684,-0.603759765625,-0.224365234375,0.229736328125
27.148,310,386,644,310,2.0,35.0,47.0,19.10400390625,35.58349609375,-13.916014671325684,-0.5694580078125,-0.2105712890625,0.1766357421875
27.155,310,371,601,310,2.0,35.0,47.0,35.58349609375,34.36279296875,-8.9111328125,-0.5643310546875,-0.125244140625,0.116943359375
27.163,311,344,561,310,1.0,34.0,44.0,35.58349609375,34.36279296875,-8.9111328125,-0.5849609375,0.0655517578125,0.0950927734375
27.177,310,329,530,311,1.0,34.0,44.0,49.255367279052734,29.418943405151367,8.23974609375,-0.590087890625,0.28271484375,0.0826416015625
27.185,310,325,497,309,1.0,34.0,44.0,38.6962890625,24.658201217651367,17.2119140625,-0.583740234375,0.4114990234375,0.049560546875
27.193,309,324,467,310,1.0,34.0,44.0,38.6962890625,24.658201217651367,17.2119140625,-0.6163330078125,0.4827880859375,0.0150146484375
27.211,310,315,454,310,1.0,34.0,44.0,5.493163585662842,19.10400390625,22.338865280151367,-0.70751953125,0.5682373046875,-0.01953125
27.218,310,314,447,310,1.0,34.0,44.0,-7.812499523162842,15.014647483825684,19.83642578125,-0.808349609375,0.634033203125,-0.0517578125
27.226,310,314,437,310,1.0,34.0,44.0,-7.812499523162842,15.014647483825684,19.83642578125,-0.8388671875,0.5660400390625,-0.05712890625
27.237,310,315,456,308,1.0,34.0,44.0,-39.1845703125,2.0751953125,0.2441406100988388,-0.7921142578125,0.369873046875,-0.035888671875
27.245,310,316,495,310,1.0,34.0,44.0,-46.447750091552734,-2.38037109375,-10.070799827575684,-0.701171875,0.1876220703125,0.000244140625
27.253,312,315,518,310,1.0,34.0,44.0,-46.447750091552734,-2.38037109375,-10.070799827575684,-0.5863037109375,0.0494384765625,0.04345703125
27.267,310,329,562,310,2.0,35.0,40.0,-27.465818405151367,-12.756346702575684,-8.30078125,-0.4979248046875,-0.060302734375,0.053466796875
27.276,310,343,594,310,2.0,35.0,40.0,-8.9111328125,-16.54052734375,-1.9531248807907104,-0.4447021484375,-0.06689453125,0.034423828125
27.283,311,352,632,310,2.0,35.0,40.0,6.774901866912842,-21.850584030151367,6.103515148162842,-0.40087890625,0.066162109375,0.0443115234375
27.296,310,385,694,310,2.0,35.0,40.0,11.108397483825684,-30.395505905151367,12.817381858825684,-0.3553466796875,0.2545166015625,0.032958984375
27.312,309,430,749,311,2.0,35.0,40.0,-2.13623046875,-35.2783203125,13.793944358825684,-0.2969970703125,0.3624267578125,-0.123779296875
27.313,310,463,846,296,2.0,35.0,40.0,-34.0576171875,-31.982419967651367,10.192870140075684,-0.271728515625,0.380615234375,-0.32177734375
27.337,310,530,1056,312,2.0,35.0,40.0,-74.89013671875,-30.578611373901367,7.812499523162842,-0.30908203125,0.339599609375,-0.280029296875
27.337,310,587,1196,312,2.0,35.0,40.0,-103.02733612060547,-40.161128997802734,8.97216796875,-0.42236328125,0.1534423828125,0.0526123046875
27.343,310,638,1335,312,2.0,35.0,40.0,-101.92870330810547,-57.128902435302734,10.742186546325684,-0.480712890625,-0.107177734375,0.546142578125
27.357,309,710,1536,312,5.0,30.0,43.0,-70.98388671875,-72.3876953125,5.615233898162842,-0.405517578125,-0.26123046875,1.00244140625
27.365,310,751,1595,313,5.0,30.0,43.0,-24.902341842651367,-73.79150390625,-11.413573265075684,-0.4781494140625,-0.298095703125,1.165283203125
27.376,311,810,1613,314,5.0,30.0,43.0,18.4326171875,-58.166500091552734,-30.517576217651367,-0.8460693359375,-0.2181396484375,0.96630859375
27.387,310,888,1656,311,5.0,30.0,43.0,52.673336029052734,-34.5458984375,-36.1328125,-1.3221435546875,0.131103515625,0.5443115234375
27.395,310,922,1681,314,5.0,30.0,43.0,71.83837890625,-14.892577171325684,-25.756834030151367,-1.7567138671875,0.5992431640625,0.12939453125
27.408,310,955,1695,314,5.0,30.0,43.0,64.51416015625,-7.263183116912842,-9.1552734375,-2.0999755859375,0.8626708984375,-0.050537109375
27.428,311,987,1718,312,5.0,30.0,43.0,38.9404296875,-11.108397483825684,5.065917491912842,-2.2935791015625,0.7425537109375,0.1331787109375
27.437,311,981,1681,312,5.0,30.0,43.0,20.690916061401367,-18.37158203125,14.587401390075684,-2.2840576171875,0.3382568359375,0.4718017578125
27.437,300,968,1623,312,5.0,30.0,43.0,24.475095748901367,-19.04296875,21.911619186401367,-1.9425048828125,0.101318359375,0.634521484375
27.447,310,951,1568,313,5.0,30.0,43.0,42.297359466552734,-9.033203125,26.428220748901367,-1.2696533203125,0.2044677734375,0.5577392578125
27.455,311,947,1572,313,0.0,33.0,45.0,53.100582122802734,6.896972179412842,21.118162155151367,-0.8009033203125,0.5093994140625,0.3485107421875
27.463,310,948,1588,313,0.0,33.0,45.0,37.7197265625,21.362302780151367,5.981444835662842,-0.8834228515625,0.7100830078125,0.1834716796875
27.489,310,946,1599,312,0.0,33.0,45.0,3.601073980331421,30.578611373901367,-11.535643577575684,-1.301025390625,0.650390625,0.1348876953125
27.490,310,943,1598,312,0.0,33.0,45.0,-24.169919967651367,32.470703125,-22.155759811401367,-1.67138671875,0.47216796875,0.1785888671875
27.493,311,929,1584,314,0.0,33.0,45.0,-33.3251953125,26.123044967651367,-22.460935592651367,-1.709228515625,0.30712890625,0.2596435546875
27.510,311,891,1557,312,0.0,33.0,45.0,-26.550291061401367,16.54052734375,-17.02880859375,-1.5123291015625,0.248046875,0.32177734375
27.515,310,871,1526,313,0.0,33.0,45.0,-15.441893577575684,10.498045921325684,-10.742186546325684,-1.2957763671875,0.273193359375,0.3599853515625
27.544,310,846,1483,311,0.0,33.0,45.0,-7.446288585662842,10.559081077575684,-6.347655773162842,-1.1591796875,0.28271484375,0.3817138671875
27.544,311,799,1391,312,0.0,33.0,45.0,-1.220703125,15.686034202575684,-4.2724609375,-1.0877685546875,0.295654296875,0.3756103515625
27.545,311,758,1336,304,0.0,33.0,45.0,4.0283203125,22.216794967651367,-2.624511480331421,-1.048828125,0.3494873046875,0.323974609375
27.553,310,721,1272,312,0.0,33.0,45.0,3.967284917831421,27.465818405151367,-0.3662109076976776,-1.012939453125,0.3731689453125,0.2662353515625
27.567,310,666,1172,312,3.0,33.0,45.0,-1.5258787870407104,30.944822311401367,0.6103515625,-0.948974609375,0.3216552734375,0.257080078125
27.575,310,632,1095,312,3.0,33.0,45.0,-7.873534679412842,32.958984375,-0.3662109076976776,-0.8863525390625,0.24169921875,0.2684326171875
27.583,310,605,1022,312,3.0,33.0,45.0,-10.925292015075684,34.1796875,-1.8310545682907104,-0.8558349609375,0.1810302734375,0.2581787109375
27.599,310,552,913,312,3.0,33.0,45.0,-9.09423828125,34.3017578125,-2.807616949081421,-0.8092041015625,0.0185546875,0.218994140625
27.605,310,510,853,311,3.0,33.0,45.0,-3.723144292831421,33.14208984375,-4.33349609375,-0.8092041015625,0.0185546875,0.218994140625
27.617,311,479,809,312,3.0,33.0,45.0,4.150390625,32.28759765625,-6.958007335662842,-0.7554931640625,-0.0782470703125,0.192138671875
27.649,310,431,722,310,3.0,33.0,45.0,14.221190452575684,32.77587890625,-8.6669921875,-0.6773681640625,-0.0897216796875,0.15283203125
27.649,308,399,689,310,3.0,33.0,45.0,23.376462936401367,33.02001953125,-7.934569835662842,-0.6773681640625,-0.0897216796875,0.15283203125
27.650,310,380,639,310,3.0,33.0,45.0,29.785154342651367,33.0810546875,-5.493163585662842,-0.65234375,-0.062744140625,0.15087890625
27.657,309,351,576,312,1.0,34.0,44.0,37.353515625,34.60693359375,-2.3193359375,-0.6820068359375,0.1966552734375,0.1544189453125
27.665,310,338,541,310,1.0,34.0,44.0,46.203609466552734,35.70556640625,2.807616949081421,-0.6820068359375,0.1966552734375,0.1544189453125
27.673,310,327,530,310,1.0,34.0,44.0,48.034664154052734,33.5693359375,9.70458984375,-0.729248046875,0.3385009765625,0.137939453125
27.687,309,322,493,310,1.0,34.0,44.0,40.0390625,29.541013717651367,15.258788108825684,-0.78955078125,0.4613037109375,0.085205078125
27.695,309,318,452,310,1.0,34.0,44.0,27.832029342651367,25.634763717651367,16.90673828125,-0.78955078125,0.4613037109375,0.085205078125
27.703,310,315,414,309,1.0,34.0,44.0,16.11328125,21.484373092651367,15.563963890075684,-0.8477783203125,0.49658203125,0.0640869140625
27.718,310,315,372,310,1.0,34.0,44.0,6.103515148162842,16.66259765625,13.183592796325684,-0.9278564453125,0.506103515625,0.009521484375
27.740,308,315,369,308,1.0,34.0,44.0,-3.417968511581421,11.474608421325684,10.620116233825684,-0.9278564453125,0.506103515625,0.009521484375
27.745,310,315,362,310,1.0,34.0,44.0,-16.2353515625,4.5166015625,7.080077648162842,-0.885986328125,0.4732666015625,0.0382080078125
27.747,310,317,364,308,1.0,34.0,44.0,-45.104976654052734,-12.329100608825684,4.0283203125,-0.6822509765625,0.3416748046875,0.0880126953125
27.755,310,312,371,309,2.0,34.0,44.0,-45.104976654052734,-12.329100608825684,4.0283203125,-0.52197265625,0.2525634765625,0.0628662109375
27.763,310,313,382,310,2.0,34.0,44.0,-51.513668060302734,-16.90673828125,8.23974609375,-0.52197265625,0.2525634765625,0.0628662109375
27.777,310,325,481,308,2.0,34.0,44.0,-44.250484466552734,-20.446775436401367,19.10400390625,-0.147216796875,-0.14794921875,-0.0916748046875
27.786,308,356,518,308,2.0,34.0,44.0,-44.250484466552734,-20.446775436401367,19.10400390625,-0.0517578125,-0.384033203125,-0.194580078125
27.793,310,391,522,310,2.0,34.0,44.0,-28.503416061401367,-18.37158203125,22.277830123901367,-0.0517578125,-0.384033203125,-0.194580078125
27.807,310,447,584,311,2.0,34.0,44.0,-5.126952648162842,-32.1044921875,29.724119186401367,-0.115234375,0.214111328125,-0.091064453125
27.824,310,495,654,310,2.0,34.0,44.0,-5.126952648162842,-32.1044921875,29.724119186401367,0.0567626953125,0.50244140625,-0.1102294921875
27.824,310,540,778,310,2.0,34.0,44.0,-22.338865280151367,-52.368160247802734,28.503416061401367,0.0567626953125,0.50244140625,-0.1102294921875
27.860,310,628,1092,311,2.0,34.0,44.0,-68.05419921875,-48.583980560302734,-17.15087890625,-0.0950927734375,0.462890625,-0.279541015625
27.865,310,673,1316,312,2.0,34.0,44.0,-68.05419921875,-48.583980560302734,-17.15087890625,-0.497314453125,0.313232421875,0.2584228515625
27.865,310,737,1488,312,2.0,34.0,42.0,-93.07860565185547,-51.086421966552734,-38.39111328125,-0.497314453125,0.313232421875,0.2584228515625
27.867,310,822,1651,310,2.0,34.0,42.0,-100.58592987060547,-62.927242279052734,-49.682613372802734,-1.407470703125,-0.256591796875,1.2022705078125
27.875,312,888,1682,312,2.0,34.0,42.0,-100.58592987060547,-62.927242279052734,-49.682613372802734,-1.5421142578125,-0.3875732421875,1.1424560546875
27.889,310,933,1701,312,2.0,34.0,42.0,-64.27001953125,-54.931636810302734,-49.743648529052734,-1.5421142578125,-0.3875732421875,1.1424560546875
27.897,310,994,1718,313,2.0,34.0,42.0,56.457515716552734,-25.451658248901367,-28.991697311401367,-1.9095458984375,0.4346923828125,0.4281005859375
27.905,310,1018,1730,313,2.0,34.0,42.0,74.21875,-16.9677734375,-1.15966796875,-2.2958984375,0.8341064453125,0.219970703125
27.954,312,1027,1730,313,2.0,34.0,42.0,74.21875,-16.9677734375,-1.15966796875,-2.455078125,0.604736328125,0.28076171875
27.955,311,1011,1634,312,2.0,34.0,42.0,33.935546875,-5.615233898162842,38.4521484375,-2.0745849609375,0.1265869140625,0.4454345703125
27.955,310,1000,1569,312,2.0,34.0,42.0,33.99658203125,3.234863042831421,37.841796875,-1.2760009765625,-0.04248046875,0.513671875
27.956,310,989,1518,312,2.0,34.0,42.0,33.99658203125,3.234863042831421,37.841796875,-0.763427734375,0.2691650390625,0.41552734375
27.957,310,986,1501,313,1.0,32.0,46.0,41.198726654052734,28.198240280151367,23.010251998901367,-0.8245849609375,0.625,0.243408203125
27.965,310,986,1513,312,1.0,32.0,46.0,12.817381858825684,39.1845703125,12.329100608825684,-1.22607421875,0.6995849609375,0.124755859375
27.973,310,981,1508,314,1.0,32.0,46.0,12.817381858825684,39.1845703125,12.329100608825684,-1.6568603515625,0.623779296875,0.129150390625
27.990,310,959,1484,314,1.0,32.0,46.0,-32.53173828125,36.56005859375,0.7934569716453552,-1.793212890625,0.478271484375,0.228515625
27.995,310,933,1468,312,1.0,32.0,46.0,-33.203125,26.672361373901367,3.112792730331421,-1.6572265625,0.3470458984375,0.32080078125
28.003,310,910,1433,312,1.0,32.0,46.0,-33.203125,26.672361373901367,3.112792730331421,-1.45654296875,0.3018798828125,0.3778076171875
28.022,310,855,1345,312,1.0,32.0,46.0,-14.648436546325684,20.080564498901367,9.09423828125,-1.29931640625,0.3033447265625,0.4100341796875
28.025,308,824,1260,312,1.0,32.0,46.0,-4.638671875,23.681638717651367,11.230467796325684,-1.197021484375,0.3502197265625,0.389892578125
28.037,310,778,1188,312,1.0,32.0,46.0,-4.638671875,23.681638717651367,11.230467796325684,-1.12060546875,0.4178466796875,0.307373046875
28.057,311,721,1025,312,1.0,32.0,46.0,2.25830078125,32.2265625,18.4326171875,-1.0238037109375,0.3896484375,0.220458984375
28.057,310,685,947,310,3.0,35.0,41.0,0.30517578125,34.7900390625,20.385740280151367,-0.890380859375,0.2431640625,0.1983642578125
28.065,310,657,873,312,3.0,35.0,41.0,0.6713866591453552,34.5458984375,19.71435546875,-0.7545166015625,0.08935546875,0.230224609375
28.076,310,614,780,312,3.0,35.0,41.0,5.493163585662842,32.2265625,16.29638671875,-0.662841796875,0.0079345703125,0.25146484375
28.085,309,588,740,311,3.0,35.0,41.0,15.563963890075684,29.724119186401367,8.7890625,-0.6295166015625,-0.0257568359375,0.235107421875
28.095,310,561,711,310,3.0,35.0,41.0,27.221677780151367,28.930662155151367,-1.8920897245407104,-0.6329345703125,-0.02734375,0.17578125
28.107,309,530,620,311,3.0,35.0,41.0,36.1328125,29.418943405151367,-10.986327171325684,-0.6419677734375,-0.0081787109375,0.110107421875
28.115,309,509,614,310,3.0,35.0,41.0,41.137691497802734,28.381345748901367,-14.892577171325684,-0.6295166015625,0.0146484375,0.084228515625
28.124,310,496,600,312,3.0,35.0,41.0,42.907711029052734,25.390623092651367,-13.122557640075684,-0.594482421875,0.072509765625,0.0645751953125
28.151,308,452,535,310,3.0,35.0,41.0,43.823238372802734,23.437498092651367,-7.324218273162842,-0.5958251953125,0.1702880859375,0.01220703125
28.152,310,428,497,310,3.0,35.0,41.0,44.250484466552734,23.071287155151367,-0.2441406100988388,-0.667724609375,0.2603759765625,-0.02734375
28.154,308,415,467,311,1.0,37.0,42.0,40.0390625,19.8974609375,6.591796398162842,-0.73095703125,0.2928466796875,-0.014404296875
28.169,310,393,430,310,1.0,37.0,42.0,33.75244140625,14.221190452575684,12.817381858825684,-0.7506103515625,0.2962646484375,0.0223388671875
28.176,308,382,420,310,1.0,37.0,42.0,31.799314498901367,10.253905296325684,19.22607421875,-0.7825927734375,0.3572998046875,0.056884765625
28.184,310,364,413,310,1.0,37.0,42.0,28.747556686401367,7.202147960662842,26.611326217651367,-0.828369140625,0.4412841796875,0.0809326171875
28.198,310,360,410,310,1.0,37.0,42.0,16.7236328125,3.051757574081421,31.555173873901367,-0.8492431640625,0.4390869140625,0.0838623046875
28.206,310,356,408,310,1.0,37.0,42.0,2.197265625,0.0,30.761716842651367,-0.856689453125,0.3759765625,0.06591796875
28.214,308,338,407,310,1.0,37.0,42.0,-3.540038824081421,-1.2817381620407104,26.245115280151367,-0.8712158203125,0.3453369140625,0.0418701171875
28.228,308,338,407,310,1.0,37.0,42.0,-0.6103515625,-3.234863042831421,21.484373092651367,-0.8770751953125,0.3572998046875,0.0328369140625
28.236,310,338,407,310,1.0,37.0,42.0,2.807616949081421,-7.629394054412842,17.63916015625,-0.8580322265625,0.371826171875,0.0604248046875
28.255,309,338,410,309,1.0,37.0,42.0,2.44140625,-14.221190452575684,13.793944358825684,-0.8231201171875,0.3697509765625,0.107421875
28.258,308,351,428,310,0.0,37.0,47.0,-0.1831054538488388,-20.446775436401367,9.765625,-0.797119140625,0.3558349609375,0.13427734375
28.276,309,357,452,310,0.0,37.0,47.0,-3.723144292831421,-24.475095748901367,7.080077648162842,-0.7843017578125,0.3228759765625,0.137939453125
28.276,309,356,475,310,0.0,37.0,47.0,-8.056640625,-26.855466842651367,6.347655773162842,-0.7813720703125,0.277099609375,0.1302490234375
28.288,310,364,509,310,0.0,37.0,47.0,-12.817381858825684,-28.686521530151367,7.568358898162842,-0.68408203125,0.193115234375,0.0372314453125
28.298,310,373,531,310,0.0,37.0,47.0,-18.9208984375,-30.090330123901367,10.986327171325684,-0.68408203125,0.193115234375,0.0372314453125
28.304,310,394,533,310,0.0,37.0,47.0,-27.282712936401367,-32.28759765625,15.991209983825684,-0.5159912109375,0.1282958984375,-0.07275390625
28.318,310,437,587,310,0.0,37.0,47.0,-36.9873046875,-37.9638671875,20.935056686401367,0.0380859375,0.092529296875,-0.2979736328125
28.329,310,473,674,310,0.0,37.0,47.0,-45.959468841552734,-48.400875091552734,23.132322311401367,0.0380859375,0.092529296875,-0.2979736328125
28.334,310,513,784,310,0.0,37.0,47.0,-51.879878997802734,-60.546871185302734,17.333984375,0.3160400390625,0.092041015625,-0.36328125
28.352,311,582,1011,312,1.0,33.0,46.0,-51.452632904052734,-69.580078125,-0.0610351525247097,0.2340087890625,0.239013671875,-0.0074462890625
28.358,310,622,1143,312,1.0,33.0,46.0,-42.053218841552734,-78.7353515625,-24.536130905151367,0.2340087890625,0.239013671875,-0.0074462890625
28.364,310,675,1273,311,1.0,33.0,46.0,-31.616209030151367,-93.44481658935547,-45.410152435302734,-0.13232421875,0.3201904296875,0.55615234375
28.378,311,763,1455,312,1.0,33.0,46.0,-32.04345703125,-103.94286346435547,-55.114742279052734,-1.0413818359375,0.3311767578125,1.2161865234375
28.386,310,799,1518,312,1.0,33.0,46.0,-37.7197265625,-95.58104705810547,-55.725093841552734,-1.0413818359375,0.3311767578125,1.2161865234375
28.395,311,826,1552,313,1.0,33.0,46.0,-34.912109375,-70.73974609375,-50.292964935302734,-1.4521484375,0.5748291015625,1.0546875
28.407,310,886,1611,311,1.0,33.0,46.0,-18.4326171875,-47.119136810302734,-39.24560546875,-1.9837646484375,0.4193115234375,0.9305419921875
28.416,310,919,1621,314,1.0,33.0,46.0,6.713866710662842,-37.41455078125,-28.259275436401367,-1.9837646484375,0.4193115234375,0.9305419921875
28.424,311,922,1611,314,1.0,33.0,46.0,31.677244186401367,-29.846189498901367,-20.996091842651367,-2.344970703125,0.0618896484375,0.76806640625
28.438,310,900,1545,312,1.0,33.0,46.0,78.369140625,4.82177734375,17.02880859375,-2.2003173828125,-0.0504150390625,0.1966552734375
28.457,310,876,1514,312,1.0,33.0,46.0,78.369140625,4.82177734375,17.02880859375,-1.3660888671875,0.1002197265625,0.0723876953125
28.458,310,877,1506,311,0.0,33.0,44.0,82.64159393310547,13.610838890075684,33.75244140625,-1.3660888671875,0.1002197265625,0.0723876953125
28.468,310,883,1536,312,0.0,33.0,44.0,28.747556686401367,15.563963890075684,18.61572265625,-0.9796142578125,0.985107421875,0.1932373046875
28.482,311,882,1543,312,0.0,33.0,44.0,28.747556686401367,15.563963890075684,18.61572265625,-1.33544921875,0.9420166015625,0.35498046875
28.484,296,871,1546,312,0.0,33.0,44.0,-13.916014671325684,15.502928733825684,1.2817381620407104,-1.33544921875,0.9420166015625,0.35498046875
28.502,310,848,1538,312,0.0,33.0,44.0,-35.33935546875,14.282225608825684,-18.1884765625,-1.551513671875,0.4337158203125,0.54833984375
28.507,310,830,1529,314,0.0,33.0,44.0,-35.33935546875,14.282225608825684,-18.1884765625,-1.4700927734375,0.373046875,0.514404296875
28.514,312,809,1511,312,0.0,33.0,44.0,-20.629880905151367,13.000487327575684,-18.37158203125,-1.4700927734375,0.373046875,0.514404296875
28.534,310,771,1449,312,0.0,33.0,44.0,-1.03759765625,16.7236328125,-14.648436546325684,-1.2822265625,0.2996826171875,0.400146484375
28.536,310,740,1393,312,0.0,33.0,44.0,-1.03759765625,16.7236328125,-14.648436546325684,-1.1624755859375,0.2498779296875,0.3399658203125
28.553,310,712,1338,312,0.0,33.0,44.0,4.5166015625,20.690916061401367,-14.587401390075684,-1.1624755859375,0.2498779296875,0.3399658203125
28.562,310,662,1239,312,1.0,33.0,46.0,13.549803733825684,24.291990280151367,-13.244627952575684,-0.9345703125,0.4434814453125,0.229248046875
28.566,312,623,1172,312,1.0,33.0,46.0,13.549803733825684,24.291990280151367,-13.244627952575684,-0.8463134765625,0.39599609375,0.256103515625
28.574,311,607,1098,312,1.0,33.0,46.0,5.432128429412842,24.291990280151367,-15.502928733825684,-0.769775390625,0.270751953125,0.2984619140625
28.588,310,574,1000,312,1.0,33.0,46.0,-13.671874046325684,27.465818405151367,-24.230955123901367,-0.7073974609375,0.1500244140625,0.3060302734375
28.596,310,545,939,312,1.0,33.0,46.0,-10.009765625,30.334470748901367,-25.634763717651367,-0.670166015625,0.02880859375,0.2890625
28.606,310,516,905,311,1.0,33.0,46.0,-10.009765625,30.334470748901367,-25.634763717651367,-0.65673828125,-0.1080322265625,0.2640380859375
28.618,310,463,827,311,1.0,33.0,46.0,17.15087890625,30.761716842651367,-27.282712936401367,-0.64794921875,-0.2080078125,0.2257080078125
28.626,310,433,784,311,1.0,33.0,46.0,35.82763671875,29.052732467651367,-25.939939498901367,-0.6259765625,-0.2127685546875,0.1715087890625
28.636,310,400,749,311,1.0,33.0,46.0,35.82763671875,29.052732467651367,-25.939939498901367,-0.5811767578125,-0.130859375,0.113037109375
28.662,310,363,688,310,0.0,34.0,49.0,68.29833984375,24.841306686401367,-15.075682640075684,-0.542236328125,0.0291748046875,0.0791015625
28.665,299,357,653,311,0.0,34.0,49.0,74.5849609375,20.812986373901367,-7.080077648162842,-0.532958984375,0.258544921875,0.074951171875
28.665,310,344,629,311,0.0,34.0,49.0,74.5849609375,20.812986373901367,-7.080077648162842,-0.5313720703125,0.4617919921875,0.07177734375
28.678,309,352,605,310,0.0,34.0,49.0,51.574703216552734,9.94873046875,11.291502952575684,-0.5447998046875,0.554443359375,0.072021484375
28.687,310,354,616,310,0.0,34.0,49.0,27.893064498901367,8.056640625,15.808104515075684,-0.583740234375,0.5244140625,0.0960693359375
28.695,310,355,616,310,0.0,34.0,49.0,27.893064498901367,8.056640625,15.808104515075684,-0.646484375,0.4169921875,0.1214599609375
28.709,309,357,631,310,0.0,34.0,49.0,-8.9111328125,12.756346702575684,11.108397483825684,-0.719970703125,0.3123779296875,0.1234130859375
28.716,310,360,640,310,0.0,34.0,49.0,-17.76123046875,14.099120140075684,6.774901866912842,-0.7735595703125,0.228759765625,0.121337890625
28.725,310,364,649,310,0.0,34.0,49.0,-17.76123046875,14.099120140075684,6.774901866912842,-0.794189453125,0.16943359375,0.12158203125
28.739,309,368,671,310,0.0,34.0,49.0,-24.597166061401367,8.6669921875,4.39453125,-0.781005859375,0.1412353515625,0.11474609375
28.746,310,377,678,311,1.0,33.0,48.0,-24.841306686401367,2.868652105331421,8.85009765625,-0.7479248046875,0.1256103515625,0.0992431640625
28.759,310,380,688,310,1.0,33.0,48.0,-25.268552780151367,-3.479003667831421,15.197752952575684,-0.704833984375,0.1259765625,0.0677490234375
28.771,310,415,710,311,1.0,33.0,48.0,-26.672361373901367,-8.30078125,21.972654342651367,-0.610595703125,0.134033203125,0.0399169921875
28.776,310,446,711,310,1.0,33.0,48.0,-29.907224655151367,-11.901854515075684,25.695798873901367,-0.4151611328125,0.1458740234375,0.0518798828125
28.784,310,485,763,312,1.0,33.0,48.0,-33.75244140625,-16.4794921875,20.629880905151367,-0.1259765625,0.1539306640625,0.079345703125
28.801,308,542,861,311,1.0,33.0,48.0,-32.3486328125,-21.057126998901367,4.0283203125,0.1552734375,0.1083984375,0.0135498046875
28.807,310,583,959,312,1.0,33.0,48.0,-19.6533203125,-24.597166061401367,-16.78466796875,0.28955078125,0.00830078125,-0.1279296875
28.814,310,616,1047,312,1.0,33.0,48.0,-0.6713866591453552,-32.5927734375,-29.724119186401367,0.2017822265625,0.044921875,-0.079833984375
28.828,308,694,1213,311,1.0,33.0,48.0,7.690429210662842,-42.358394622802734,-32.2265625,-0.175537109375,0.2933349609375,0.1724853515625
28.846,310,742,1321,312,1.0,33.0,48.0,-7.019042491912842,-39.1845703125,-34.11865234375,-0.771240234375,0.4747314453125,0.426025390625
28.846,310,794,1401,311,1.0,33.0,48.0,-36.62109375,-24.780271530151367,-38.6962890625,-1.322021484375,0.5042724609375,0.62548828125
28.867,309,876,1498,310,2.0,33.0,46.0,-59.204097747802734,-14.160155296325684,-36.9873046875,-1.6522216796875,0.503662109375,0.749755859375
28.867,310,917,1531,314,2.0,33.0,46.0,-57.312007904052734,-11.596678733825684,-27.099607467651367,-1.81005859375,0.4129638671875,0.8360595703125
28.874,311,946,1531,312,2.0,33.0,46.0,-29.052732467651367,-11.047362327575684,-17.51708984375,-1.9281005859375,0.142333984375,0.905517578125
28.888,310,976,1478,312,2.0,33.0,46.0,14.160155296325684,-5.310058116912842,-9.8876953125,-2.1431884765625,-0.064208984375,0.7528076171875
28.896,310,971,1402,312,2.0,33.0,46.0,57.373043060302734,10.131834983825684,4.5166015625,-2.3480224609375,0.0301513671875,0.380126953125
28.909,311,967,1361,312,2.0,33.0,46.0,81.66503143310547,28.076169967651367,24.536130905151367,-2.0584716796875,0.182373046875,0.098388671875
28.918,310,960,1346,312,2.0,33.0,46.0,74.40185546875,37.109375,34.66796875,-1.365966796875,0.3018798828125,0.0020751953125
28.927,311,959,1363,312,2.0,33.0,46.0,41.442867279052734,36.865234375,28.991697311401367,-0.9835205078125,0.6063232421875,0.0228271484375
28.934,309,958,1372,312,2.0,33.0,46.0,-2.563476324081421,34.0576171875,14.404295921325684,-1.1575927734375,0.88330078125,0.125732421875
28.950,310,938,1366,312,3.0,32.0,46.0,-40.710445404052734,33.5693359375,-1.03759765625,-1.525634765625,0.8135986328125,0.2850341796875
28.974,310,922,1352,312,3.0,32.0,46.0,-57.861324310302734,32.958984375,-12.145995140075684,-1.71337890625,0.5386962890625,0.4097900390625
28.974,310,893,1325,308,3.0,32.0,46.0,-51.330562591552734,29.663084030151367,-16.54052734375,-1.6885986328125,0.3409423828125,0.4219970703125
28.978,310,846,1268,312,3.0,32.0,46.0,-32.470703125,26.123044967651367,-15.258788108825684,-1.581298828125,0.2877197265625,0.334716796875
28.986,310,810,1211,314,3.0,32.0,46.0,-15.136717796325684,24.475095748901367,-12.207030296325684,-1.4515380859375,0.2935791015625,0.2388916015625
28.994,310,771,1157,312,3.0,32.0,46.0,-4.21142578125,24.353025436401367,-9.765625,-1.283447265625,0.329833984375,0.2012939453125
29.014,310,708,1081,312,3.0,32.0,46.0,1.0986328125,24.353025436401367,-8.4228515625,-1.0875244140625,0.3768310546875,0.2109375
29.018,311,668,1043,311,3.0,32.0,46.0,0.1220703050494194,24.414060592651367,-8.85009765625,-0.9141845703125,0.3623046875,0.2398681640625
29.024,312,636,1008,312,3.0,32.0,46.0,-7.141112804412842,25.390623092651367,-11.901854515075684,-0.804443359375,0.2802734375,0.253662109375
29.038,312,584,939,311,3.0,32.0,46.0,-15.930174827575684,28.198240280151367,-15.258788108825684,-0.7528076171875,0.180419921875,0.24169921875
29.046,309,562,893,311,3.0,34.0,43.0,-19.287109375,31.616209030151367,-16.78466796875,-0.71435546875,0.0665283203125,0.2349853515625
29.054,310,527,846,312,3.0,34.0,43.0,-14.465331077575684,33.0810546875,-18.24951171875,-0.6663818359375,-0.0838623046875,0.25341796875
29.072,310,467,786,311,3.0,34.0,43.0,-3.051757574081421,31.921384811401367,-21.057126998901367,-0.597412109375,-0.305908203125,0.2030029296875
29.076,310,428,754,311,3.0,34.0,43.0,13.671874046325684,30.578611373901367,-22.827146530151367,-0.597412109375,-0.305908203125,0.2030029296875
29.084,310,401,697,312,3.0,34.0,43.0,33.203125,30.700681686401367,-20.751951217651367,-0.592529296875,-0.2989501953125,0.11279296875
29.098,309,364,588,310,3.0,34.0,43.0,50.842281341552734,29.296873092651367,-13.183592796325684,-0.5400390625,0.0611572265625,0.0838623046875
29.106,310,356,554,310,3.0,34.0,43.0,61.279293060302734,24.108884811401367,-0.1220703050494194,-0.5400390625,0.0611572265625,0.0838623046875
29.122,310,345,538,310,3.0,34.0,43.0,61.828609466552734,19.287109375,14.038084983825684,-0.5186767578125,0.238037109375,0.0311279296875
29.128,310,340,504,310,3.0,34.0,43.0,54.138179779052734,17.822265625,24.841306686401367,-0.62744140625,0.3829345703125,-0.022705078125
29.136,309,342,495,308,3.0,34.0,43.0,41.320796966552734,16.7236328125,32.71484375,-0.62744140625,0.3829345703125,-0.022705078125
29.150,309,339,481,308,3.0,35.0,43.0,28.076169967651367,13.671874046325684,38.330078125,-0.689208984375,0.4456787109375,-0.017822265625
29.161,310,342,497,310,3.0,35.0,43.0,18.06640625,9.8876953125,39.6728515625,-0.805419921875,0.4801025390625,-0.015625
29.176,309,341,504,310,3.0,35.0,43.0,9.3994140625,6.347655773162842,34.423828125,-0.805419921875,0.4801025390625,-0.015625
29.176,310,345,500,310,3.0,35.0,43.0,0.7324218153953552,3.540038824081421,23.193357467651367,-0.8665771484375,0.40185546875,0.0140380859375
29.188,310,344,507,310,3.0,35.0,43.0,-5.737304210662842,0.9765624403953552,11.169432640075684,-0.9119873046875,0.299072265625,0.0875244140625
29.196,310,346,512,309,3.0,35.0,43.0,-9.033203125,-2.868652105331421,3.234863042831421,-0.8843994140625,0.259033203125,0.100341796875
29.209,310,354,525,311,3.0,35.0,43.0,-10.437010765075684,-8.23974609375,0.0,-0.8843994140625,0.259033203125,0.100341796875
29.220,309,357,538,310,3.0,35.0,43.0,-11.535643577575684,-17.333984375,3.662109136581421,-0.8035888671875,0.1705322265625,0.0758056640625
29.262,310,371,548,310,3.0,35.0,43.0,-11.535643577575684,-17.333984375,3.662109136581421,-0.761962890625,0.1396484375,0.0592041015625
29.262,309,378,572,310,3.0,35.0,43.0,-13.488768577575684,-19.775390625,9.70458984375,-0.761962890625,0.1396484375,0.0592041015625
29.262,308,415,591,310,1.0,36.0,43.0,-25.085447311401367,-23.986814498901367,26.977537155151367,-0.58349609375,0.1363525390625,0.0189208984375
29.262,309,439,596,310,1.0,36.0,43.0,-25.085447311401367,-23.986814498901367,26.977537155151367,-0.31884765625,0.116943359375,-0.0162353515625
29.278,310,475,632,312,1.0,36.0,43.0,-32.28759765625,-28.564451217651367,31.799314498901367,-0.31884765625,0.116943359375,-0.0162353515625
29.278,310,533,750,310,1.0,36.0,43.0,-34.912109375,-50.292964935302734,8.30078125,0.278564453125,0.0421142578125,-0.0826416015625
29.288,310,572,861,310,1.0,36.0,43.0,-34.912109375,-50.292964935302734,8.30078125,0.27197265625,0.1475830078125,-0.1376953125
29.294,309,620,987,312,1.0,36.0,43.0,-21.057126998901367,-56.640621185302734,-15.136717796325684,0.27197265625,0.1475830078125,-0.1376953125
29.308,310,718,1251,312,1.0,36.0,43.0,-19.95849609375,-41.992183685302734,-46.020503997802734,-0.5203857421875,0.71484375,0.137451171875
29.316,310,772,1417,312,1.0,36.0,43.0,-19.95849609375,-41.992183685302734,-46.020503997802734,-1.100830078125,0.608642578125,0.46630859375
29.325,310,822,1531,312,1.0,36.0,43.0,-72.69287109375,-36.376953125,-52.978511810302734,-1.100830078125,0.608642578125,0.46630859375
29.338,310,893,1627,312,1.0,36.0,43.0,-128.90625,-39.55078125,-54.992671966552734,-1.662109375,-0.3214111328125,1.0089111328125
29.354,310,933,1650,312,3.0,33.0,44.0,-73.8525390625,-36.07177734375,-46.874996185302734,-1.7999267578125,-0.476318359375,0.967529296875
29.354,310,971,1640,314,3.0,33.0,44.0,-73.8525390625,-36.07177734375,-46.874996185302734,-2.0728759765625,0.0316162109375,0.701904296875
29.369,310,984,1611,313,3.0,33.0,44.0,62.744136810302734,-13.610838890075684,-3.417968511581421,-2.353515625,0.5213623046875,0.444580078125
29.384,310,974,1547,312,3.0,33.0,44.0,71.8994140625,-3.173827886581421,18.798828125,-2.23583984375,0.4080810546875,0.28955078125
29.385,311,968,1508,310,3.0,33.0,44.0,71.8994140625,-3.173827886581421,18.798828125,-1.5709228515625,0.0052490234375,0.2171630859375
29.402,310,959,1457,312,3.0,33.0,44.0,54.504390716552734,16.11328125,30.029294967651367,-0.9940185546875,0.0726318359375,0.1663818359375
29.406,310,957,1463,313,3.0,33.0,44.0,40.344234466552734,19.1650390625,26.306150436401367,-0.98876953125,0.5772705078125,0.1258544921875
29.414,311,954,1474,312,3.0,33.0,44.0,40.344234466552734,19.1650390625,26.306150436401367,-1.3377685546875,0.8802490234375,0.1444091796875
29.428,310,931,1483,312,3.0,33.0,44.0,-21.423337936401367,22.338865280151367,5.065917491912842,-1.6373291015625,0.779296875,0.2352294921875
29.440,311,913,1474,313,3.0,33.0,44.0,-33.5693359375,19.4091796875,-6.774901866912842,-1.6715087890625,0.4906005859375,0.324462890625
29.444,311,886,1460,313,3.0,34.0,44.0,-33.5693359375,19.4091796875,-6.774901866912842,-1.548095703125,0.2952880859375,0.3350830078125
29.458,310,848,1398,312,3.0,34.0,44.0,-10.314940452575684,11.108397483825684,-16.357421875,-1.39599609375,0.227294921875,0.3192138671875
29.466,310,818,1344,312,3.0,34.0,44.0,1.0986328125,10.437010765075684,-13.916014671325684,-1.2528076171875,0.23681640625,0.3243408203125
29.488,311,780,1282,312,3.0,34.0,44.0,1.0986328125,10.437010765075684,-13.916014671325684,-1.1251220703125,0.271240234375,0.318115234375
29.488,310,723,1175,312,3.0,34.0,44.0,6.713866710662842,17.39501953125,-4.69970703125,-1.0091552734375,0.266357421875,0.2904052734375
29.496,310,698,1105,312,3.0,34.0,44.0,5.432128429412842,22.033689498901367,-2.807616949081421,-0.91796875,0.21533203125,0.2647705078125
29.504,310,665,1042,312,3.0,34.0,44.0,3.479003667831421,24.414060592651367,-2.0751953125,-0.876220703125,0.165771484375,0.24267578125
29.518,310,612,947,312,3.0,34.0,44.0,1.5258787870407104,24.902341842651367,-0.30517578125,-0.8553466796875,0.122802734375,0.2144775390625
29.527,310,585,891,312,3.0,34.0,44.0,1.7089842557907104,24.658201217651367,1.220703125,-0.8126220703125,0.0570068359375,0.193115234375
29.534,310,547,835,312,3.0,34.0,44.0,6.469726085662842,23.681638717651367,0.1220703050494194,-0.7611083984375,-0.0380859375,0.2000732421875
29.548,309,502,766,310,3.0,34.0,47.0,15.808104515075684,22.827146530151367,-3.417968511581421,-0.71240234375,-0.1317138671875,0.2171630859375
29.558,310,466,721,310,3.0,34.0,47.0,28.381345748901367,23.559568405151367,-6.225585460662842,-0.677001953125,-0.166015625,0.1942138671875
29.564,310,419,688,310,3.0,34.0,47.0,42.419429779052734,25.939939498901367,-4.69970703125,-0.6524658203125,-0.1014404296875,0.127197265625
29.578,309,382,589,310,3.0,34.0,47.0,54.565425872802734,28.198240280151367,2.01416015625,-0.613037109375,0.04541015625,0.068603515625
29.588,310,362,543,310,3.0,34.0,47.0,59.753414154052734,29.296873092651367,10.375975608825684,-0.5789794921875,0.2183837890625,0.03369140625
29.594,310,357,523,311,3.0,34.0,47.0,54.809566497802734,28.747556686401367,17.76123046875,-0.568115234375,0.3653564453125,0.01611328125
29.608,310,340,481,310,3.0,34.0,47.0,41.870113372802734,26.977537155151367,23.315427780151367,-0.5697021484375,0.4488525390625,0.0223388671875
29.616,308,336,454,309,3.0,34.0,47.0,24.353025436401367,24.414060592651367,26.428220748901367,-0.58837890625,0.4754638671875,0.0404052734375
29.628,309,331,454,310,3.0,34.0,47.0,5.859374523162842,21.057126998901367,27.038572311401367,-0.6280517578125,0.4637451171875,0.0548095703125
29.638,310,337,465,310,3.0,34.0,47.0,-10.009765625,17.27294921875,25.085447311401367,-0.679931640625,0.3912353515625,0.058349609375
29.646,310,338,473,308,1.0,36.0,46.0,-20.141599655151367,14.465331077575684,20.080564498901367,-0.740966796875,0.2659912109375,0.06591796875
29.661,310,340,480,310,1.0,36.0,46.0,-22.583005905151367,12.329100608825684,14.282225608825684,-0.8140869140625,0.180908203125,0.0806884765625
29.668,310,339,481,310,1.0,36.0,46.0,-17.9443359375,8.11767578125,11.657713890075684,-0.8743896484375,0.17431640625,0.089599609375
29.687,310,351,497,310,1.0,36.0,46.0,-10.009765625,0.9155272841453552,12.939452171325684,-0.9012451171875,0.2091064453125,0.0731201171875
29.688,309,357,508,310,1.0,36.0,46.0,-6.652831554412842,-7.324218273162842,16.6015625,-0.8740234375,0.2218017578125,0.048583984375
29.698,310,367,530,310,1.0,36.0,46.0,-10.131834983825684,-15.563963890075684,20.874021530151367,-0.79638671875,0.172119140625,0.0323486328125
29.706,310,379,547,310,1.0,36.0,46.0,-14.587401390075684,-22.705076217651367,25.146482467651367,-0.7158203125,0.1258544921875,0.0054931640625
29.714,310,387,576,310,1.0,36.0,46.0,-18.6767578125,-28.442380905151367,30.944822311401367,-0.6236572265625,0.1483154296875,-0.0306396484375
29.728,310,435,618,310,1.0,36.0,46.0,-27.160642623901367,-33.38623046875,37.2314453125,-0.4669189453125,0.1876220703125,-0.1051025390625
29.740,310,469,664,311,1.0,36.0,46.0,-42.236324310302734,-37.4755859375,40.466304779052734,-0.224853515625,0.1693115234375,-0.22412109375
29.744,310,508,714,310,0.0,34.0,48.0,-59.143062591552734,-43.029781341552734,38.57421875,0.052734375,0.0966796875,-0.2977294921875
29.767,310,579,884,310,0.0,34.0,48.0,-67.5048828125,-52.062984466552734,31.921384811401367,0.231201171875,0.00634765625,-0.169189453125
29.767,310,629,1009,312,0.0,34.0,48.0,-52.917476654052734,-60.485836029052734,21.545408248901367,0.179443359375,0.0018310546875,0.1678466796875
29.789,308,676,1141,311,0.0,34.0,48.0,-18.310546875,-62.561031341552734,7.141112804412842,-0.080322265625,0.15087890625,0.595947265625
29.792,308,772,1316,312,0.0,34.0,48.0,6.225585460662842,-62.011714935302734,-12.817381858825684,-0.331787109375,0.292724609375,0.92822265625
29.796,310,826,1393,312,0.0,34.0,48.0,7.202147960662842,-55.786128997802734,-36.9873046875,-0.5748291015625,0.3369140625,0.925048828125
29.804,311,873,1463,312,0.0,34.0,48.0,1.6479490995407104,-37.109375,-53.161617279052734,-1.0155029296875,0.4718017578125,0.6680908203125
29.818,310,955,1538,312,0.0,34.0,48.0,2.13623046875,-17.9443359375,-47.607418060302734,-2.1854248046875,0.694580078125,0.619140625
29.826,310,987,1543,312,0.0,34.0,48.0,4.69970703125,-11.169432640075684,-25.512693405151367,-2.1854248046875,0.694580078125,0.619140625
29.838,310,1003,1488,312,0.0,34.0,48.0,13.244627952575684,-11.901854515075684,-4.39453125,-2.602783203125,0.1954345703125,0.6976318359375
29.851,310,984,1318,312,1.0,34.0,43.0,45.532222747802734,-5.126952648162842,13.854979515075684,-2.368408203125,-0.1051025390625,0.135498046875
29.857,311,982,1275,313,1.0,34.0,43.0,95.03173065185547,8.6669921875,38.14697265625,-2.368408203125,-0.1051025390625,0.135498046875
29.873,310,974,1255,312,1.0,34.0,43.0,124.81688690185547,19.1650390625,56.030269622802734,-1.3802490234375,0.1639404296875,-0.0260009765625
29.894,310,973,1260,313,1.0,34.0,43.0,111.02294158935547,24.353025436401367,52.185054779052734,-0.771240234375,1.0198974609375,0.0220947265625
29.894,310,975,1279,312,1.0,34.0,43.0,58.593746185302734,26.794431686401367,30.456541061401367,-0.771240234375,1.0198974609375,0.0220947265625
29.895,310,971,1284,313,1.0,34.0,43.0,-1.8310545682907104,27.893064498901367,3.356933355331421,-1.065185546875,0.89794921875,0.144287109375
29.908,310,953,1280,312,1.0,34.0,43.0,-38.26904296875,26.306150436401367,-14.099120140075684,-1.637451171875,0.4920654296875,0.363037109375
29.916,309,934,1268,312,1.0,34.0,43.0,-47.546382904052734,23.193357467651367,-17.63916015625,-1.637451171875,0.4920654296875,0.363037109375
29.924,310,916,1251,312,1.0,34.0,43.0,-41.137691497802734,21.545408248901367,-13.427733421325684,-1.6375732421875,0.3983154296875,0.3597412109375
29.939,310,865,1204,310,1.0,37.0,48.0,-29.724119186401367,21.667478561401367,-7.080077648162842,-1.453125,0.396240234375,0.2646484375
29.946,309,830,1143,312,1.0,37.0,48.0,-19.71435546875,22.277830123901367,-1.4038084745407104,-1.3367919921875,0.3946533203125,0.232421875
29.954,310,796,1098,311,1.0,37.0,48.0,-11.535643577575684,22.888181686401367,3.356933355331421,-1.3367919921875,0.3946533203125,0.232421875
30.000,310,732,1029,311,1.0,37.0,48.0,-2.685546636581421,24.963376998901367,10.009765625,-1.02197265625,0.4744873046875,0.185302734375
30.000,310,695,982,311,1.0,37.0,48.0,-2.685546636581421,24.963376998901367,10.009765625,-0.882568359375,0.4423828125,0.1712646484375
30.001,310,660,944,312,1.0,37.0,48.0,-9.033203125,27.832029342651367,7.873534679412842,-0.882568359375,0.4423828125,0.1712646484375
30.001,310,601,865,312,1.0,37.0,48.0,-33.203125,32.8369140625,-6.530761241912842,-0.7857666015625,0.2171630859375,0.1448974609375
30.006,310,564,827,312,1.0,37.0,48.0,-33.203125,32.8369140625,-6.530761241912842,-0.7554931640625,0.0670166015625,0.1522216796875
30.015,310,540,778,312,1.0,37.0,48.0,-36.19384765625,32.65380859375,-12.634276390075684,-0.7554931640625,0.0670166015625,0.1522216796875
30.028,310,490,698,310,1.0,37.0,48.0,-11.230467796325684,24.902341842651367,-23.864744186401367,-0.6533203125,-0.1658935546875,0.19384765625
30.037,310,447,634,310,0.0,36.0,42.0,-11.230467796325684,24.902341842651367,-23.864744186401367,-0.6197509765625,-0.1712646484375,0.15625
30.044,310,419,596,310,0.0,36.0,42.0,7.873534679412842,21.972654342651367,-27.099607467651367,-0.6197509765625,-0.1712646484375,0.15625
30.058,310,373,522,310,0.0,36.0,42.0,40.0390625,20.690916061401367,-22.094724655151367,-0.5511474609375,0.05419921875,0.09716796875
30.100,310,357,490,311,0.0,36.0,42.0,40.0390625,20.690916061401367,-22.094724655151367,-0.521728515625,0.2108154296875,0.0704345703125
30.100,308,345,481,311,0.0,36.0,42.0,48.645015716552734,18.98193359375,-15.441893577575684,-0.521728515625,0.2108154296875,0.0704345703125
30.101,310,342,451,309,0.0,36.0,42.0,43.395992279052734,15.991209983825684,-0.3662109076976776,-0.5194091796875,0.4013671875,0.0435791015625
30.101,310,349,439,308,0.0,36.0,42.0,43.395992279052734,15.991209983825684,-0.3662109076976776,-0.558349609375,0.459228515625,0.0556640625
30.104,309,352,436,309,0.0,36.0,42.0,31.249998092651367,12.573241233825684,7.202147960662842,-0.6331787109375,0.482666015625,0.0513916015625
30.118,308,353,452,308,0.0,36.0,42.0,0.0610351525247097,6.591796398162842,18.6767578125,-0.7152099609375,0.436279296875,0.02734375
30.126,310,357,483,310,0.0,36.0,42.0,-14.526366233825684,5.737304210662842,18.9208984375,-0.7916259765625,0.3385009765625,0.00537109375
30.134,309,359,496,311,0.0,36.0,42.0,-14.526366233825684,5.737304210662842,18.9208984375,-0.85009765625,0.2537841796875,-0.000244140625
30.148,311,361,530,310,0.0,36.0,43.0,-37.7197265625,0.4272460639476776,16.41845703125,-0.864501953125,0.2142333984375,0.0091552734375
30.156,310,357,552,309,0.0,36.0,43.0,-46.264644622802734,-7.019042491912842,18.5546875,-0.82421875,0.1923828125,0.0233154296875
30.164,310,363,577,310,0.0,36.0,43.0,-46.264644622802734,-7.019042491912842,18.5546875,-0.74365234375,0.162353515625,0.0234375
30.178,308,384,616,310,0.0,36.0,43.0,-53.100582122802734,-23.132322311401367,26.184080123901367,-0.6512451171875,0.135498046875,-0.0111083984375
30.195,310,409,654,311,0.0,36.0,43.0,-53.161617279052734,-28.686521530151367,30.883787155151367,-0.555419921875,0.125,-0.0831298828125
30.205,310,437,682,311,0.0,36.0,43.0,-53.161617279052734,-28.686521530151367,30.883787155151367,-0.3992919921875,0.1441650390625,-0.1461181640625
30.208,310,495,805,310,0.0,36.0,43.0,-53.405757904052734,-35.58349609375,38.2080078125,-0.1480712890625,0.199462890625,-0.1546630859375
30.216,310,529,873,310,0.0,36.0,43.0,-55.786128997802734,-41.870113372802734,33.63037109375,0.0772705078125,0.2291259765625,-0.0574951171875
30.224,310,585,957,310,0.0,36.0,43.0,-55.786128997802734,-41.870113372802734,33.63037109375,0.1512451171875,0.15966796875,0.1671142578125
30.238,309,661,1122,310,1.0,32.0,44.0,-29.724119186401367,-63.049312591552734,-3.173827886581421,0.127685546875,0.065673828125,0.5216064453125
30.247,310,711,1213,312,1.0,32.0,44.0,10.253905296325684,-71.83837890625,-30.212400436401367,0.033935546875,0.080322265625,0.855712890625
30.254,311,767,1282,314,1.0,32.0,44.0,40.405269622802734,-66.10107421875,-55.114742279052734,-0.2576904296875,0.1668701171875,0.87353515625
30.274,310,853,1401,311,1.0,32.0,44.0,41.381832122802734,-43.518062591552734,-67.9931640625,-0.8402099609375,0.35595703125,0.5419921875
30.276,310,906,1478,312,1.0,32.0,44.0,25.756834030151367,-22.766111373901367,-58.349605560302734,-1.6072998046875,0.765380859375,0.208251953125
30.284,311,947,1541,312,1.0,32.0,44.0,7.812499523162842,-20.874021530151367,-31.799314498901367,-2.234375,0.94970703125,0.282958984375
30.309,310,1000,1564,312,1.0,32.0,44.0,-5.554198741912842,-30.578611373901367,-11.962889671325684,-2.5526123046875,0.438232421875,0.5845947265625
30.309,308,1000,1528,312,1.0,32.0,44.0,5.859374523162842,-30.090330123901367,-5.432128429412842,-2.6689453125,-0.14404296875,0.59326171875
30.314,311,987,1463,312,1.0,32.0,44.0,50.842281341552734,-17.63916015625,8.9111328125,-2.4464111328125,-0.16162109375,0.3526611328125
30.328,310,981,1435,312,1.0,32.0,44.0,93.13964080810547,-5.554198741912842,35.09521484375,-1.66259765625,0.1326904296875,0.1795654296875
30.336,310,974,1428,312,1.0,33.0,40.0,96.86278533935547,4.08935546875,47.119136810302734,-0.9095458984375,0.610107421875,0.0982666015625
30.348,310,975,1447,312,1.0,33.0,40.0,60.302730560302734,12.268065452575684,33.63037109375,-0.7183837890625,1.010498046875,0.0736083984375
30.358,311,974,1464,312,1.0,33.0,40.0,7.629394054412842,17.63916015625,5.676269054412842,-0.9434814453125,0.964111328125,0.1287841796875
30.366,311,972,1470,314,1.0,33.0,40.0,-28.747556686401367,18.310546875,-19.10400390625,-1.352294921875,0.71630859375,0.2401123046875
30.379,311,959,1471,313,1.0,33.0,40.0,-38.2080078125,13.977049827575684,-29.479978561401367,-1.6300048828125,0.5220947265625,0.341064453125
30.388,310,933,1445,312,1.0,33.0,40.0,-31.555173873901367,8.544921875,-28.808591842651367,-1.65673828125,0.408935546875,0.378662109375
30.402,310,904,1433,312,1.0,33.0,40.0,-20.935056686401367,5.920409679412842,-23.376462936401367,-1.54443359375,0.36279296875,0.3553466796875
30.414,311,875,1411,313,1.0,33.0,40.0,-11.962889671325684,6.225585460662842,-17.88330078125,-1.4136962890625,0.3463134765625,0.298095703125
30.418,310,823,1338,312,1.0,33.0,40.0,-5.737304210662842,8.11767578125,-13.610838890075684,-1.29345703125,0.33642578125,0.2393798828125
30.426,310,790,1294,312,1.0,33.0,40.0,-1.3427733182907104,10.314940452575684,-9.6435546875,-1.1597900390625,0.356689453125,0.203125
30.434,310,762,1253,312,3.0,36.0,47.0,-0.30517578125,11.962889671325684,-5.737304210662842,-1.008544921875,0.3931884765625,0.2032470703125
30.450,310,698,1173,311,3.0,36.0,47.0,-5.554198741912842,13.854979515075684,-4.2724609375,-0.864013671875,0.3817138671875,0.229736328125
30.456,310,666,1115,311,3.0,36.0,47.0,-16.845703125,17.02880859375,-7.263183116912842,-0.7708740234375,0.3343505859375,0.2490234375
30.464,310,639,1051,312,3.0,36.0,47.0,-29.113767623901367,21.606443405151367,-12.268065452575684,-0.75537109375,0.28564453125,0.2451171875
30.480,310,588,973,310,3.0,36.0,47.0,-35.46142578125,26.733396530151367,-16.17431640625,-0.7724609375,0.223876953125,0.2379150390625
30.486,310,562,919,312,3.0,36.0,47.0,-32.470703125,29.846189498901367,-19.287109375,-0.7637939453125,0.115966796875,0.25048828125
30.497,311,531,865,310,3.0,36.0,47.0,-22.583005905151367,30.395505905151367,-22.949216842651367,-0.7353515625,-0.02294921875,0.262939453125
30.511,310,465,757,310,3.0,36.0,47.0,-9.033203125,30.395505905151367,-26.428220748901367,-0.7119140625,-0.1182861328125,0.228271484375
30.516,310,433,716,311,3.0,36.0,47.0,7.019042491912842,31.860349655151367,-26.855466842651367,-0.697021484375,-0.1435546875,0.1571044921875
30.527,310,407,659,312,3.0,36.0,47.0,23.620603561401367,33.63037109375,-23.498533248901367,-0.6619873046875,-0.126953125,0.11474609375
30.538,310,367,568,309,2.0,35.0,42.0,38.75732421875,33.26416015625,-17.9443359375,-0.5989990234375,-0.0478515625,0.11083984375
30.547,310,361,545,310,2.0,35.0,42.0,49.743648529052734,31.372068405151367,-10.375975608825684,-0.5703125,0.1104736328125,0.1116943359375
30.554,309,356,523,310,2.0,35.0,42.0,50.476070404052734,28.320310592651367,0.0,-0.5662841796875,0.259765625,0.1240234375
30.568,310,345,483,310,2.0,35.0,42.0,39.48974609375,23.986814498901367,11.535643577575684,-0.5911865234375,0.3712158203125,0.1781005859375
30.582,310,342,467,309,2.0,35.0,42.0,23.559568405151367,20.202634811401367,21.911619186401367,-0.5911865234375,0.3712158203125,0.1781005859375
30.584,308,342,466,309,2.0,35.0,42.0,8.30078125,17.822265625,30.334470748901367,-0.6763916015625,0.3988037109375,0.1864013671875
30.599,310,337,456,310,2.0,35.0,42.0,-4.638671875,16.78466796875,34.7900390625,-0.8349609375,0.3375244140625,0.0809326171875
30.620,309,337,456,310,2.0,35.0,42.0,-13.183592796325684,17.333984375,33.3251953125,-0.8349609375,0.3375244140625,0.0809326171875
30.620,310,339,463,310,2.0,35.0,42.0,-15.686034202575684,18.1884765625,28.076169967651367,-0.867919921875,0.2821044921875,-0.0042724609375
30.628,310,345,477,310,2.0,35.0,42.0,-14.099120140075684,16.90673828125,23.681638717651367,-0.8978271484375,0.2816162109375,-0.040283203125
30.640,309,354,496,310,0.0,36.0,42.0,-12.939452171325684,11.596678733825684,22.827146530151367,-0.8978271484375,0.2816162109375,-0.040283203125
30.644,309,357,503,310,0.0,36.0,42.0,-16.05224609375,3.662109136581421,25.146482467651367,-0.8857421875,0.27490234375,-0.017333984375
30.658,310,364,533,310,0.0,36.0,42.0,-25.146482467651367,-3.723144292831421,30.212400436401367,-0.7110595703125,0.14306640625,0.00537109375
30.666,310,372,547,310,0.0,36.0,42.0,-36.68212890625,-9.94873046875,37.4755859375,-0.7110595703125,0.14306640625,0.00537109375
30.674,310,409,562,311,0.0,36.0,42.0,-43.212886810302734,-15.869139671325684,44.738765716552734,-0.515625,0.0709228515625,-0.028564453125
30.688,310,467,639,314,0.0,36.0,42.0,-42.175289154052734,-23.254392623901367,48.889156341552734,0.2625732421875,0.1436767578125,-0.0889892578125
30.721,310,502,707,311,0.0,36.0,42.0,-37.353515625,-34.66796875,44.067378997802734,0.2625732421875,0.1436767578125,-0.0889892578125
30.721,311,537,840,310,0.0,36.0,42.0,-31.372068405151367,-49.377437591552734,24.047849655151367,0.6038818359375,0.14111328125,-0.1175537109375
30.721,310,644,1073,312,0.0,36.0,42.0,9.033203125,-63.354488372802734,-43.090816497802734,0.204833984375,0.4974365234375,0.0450439453125
30.726,311,695,1199,312,0.0,36.0,42.0,9.033203125,-63.354488372802734,-43.090816497802734,-0.483154296875,0.8255615234375,0.284912109375
30.734,311,758,1325,312,4.0,35.0,42.0,17.63916015625,-58.959957122802734,-68.7255859375,-0.483154296875,0.8255615234375,0.284912109375
30.757,311,875,1523,312,4.0,35.0,42.0,-56.274410247802734,-48.400875091552734,-83.06884002685547,-1.589599609375,0.4676513671875,0.7042236328125
30.758,310,928,1559,300,4.0,35.0,42.0,-56.274410247802734,-48.400875091552734,-83.06884002685547,-1.86572265625,0.1683349609375,0.918701171875
30.764,310,962,1608,312,4.0,35.0,42.0,-74.64599609375,-49.865718841552734,-72.265625,-1.86572265625,0.1683349609375,0.918701171875
30.778,310,1011,1600,312,4.0,35.0,42.0,4.08935546875,-39.12353515625,-30.273435592651367,-2.283203125,-0.2442626953125,0.8681640625
30.787,310,1020,1557,313,4.0,35.0,42.0,4.08935546875,-39.12353515625,-30.273435592651367,-2.4400634765625,0.0244140625,0.5233154296875
30.794,310,1000,1498,312,4.0,35.0,42.0,64.51416015625,-18.00537109375,-4.2724609375,-2.4400634765625,0.0244140625,0.5233154296875
30.816,310,988,1434,311,4.0,35.0,42.0,103.51561737060547,16.357421875,46.203609466552734,-1.430908203125,0.2255859375,0.0435791015625
30.817,311,981,1415,314,4.0,35.0,42.0,103.51561737060547,16.357421875,46.203609466552734,-0.9669189453125,0.4794921875,-0.0211181640625
30.825,310,980,1430,312,4.0,35.0,42.0,79.1015625,23.315427780151367,44.250484466552734,-0.9669189453125,0.4794921875,-0.0211181640625
30.838,310,968,1457,311,1.0,35.0,42.0,-9.765625,19.71435546875,9.33837890625,-1.30029296875,0.956298828125,0.1002197265625
30.846,310,959,1462,311,1.0,35.0,42.0,-9.765625,19.71435546875,9.33837890625,-1.5732421875,0.7998046875,0.275634765625
30.857,310,944,1457,310,1.0,35.0,42.0,-40.527339935302734,17.39501953125,-5.126952648162842,-1.5732421875,0.7998046875,0.275634765625
30.868,310,904,1428,311,1.0,35.0,42.0,-39.55078125,11.840819358825684,-13.366698265075684,-1.508544921875,0.33154296875,0.432861328125
30.876,310,874,1393,314,1.0,35.0,42.0,-21.118162155151367,11.596678733825684,-10.437010765075684,-1.3992919921875,0.2930908203125,0.36865234375
30.890,311,840,1352,312,1.0,35.0,42.0,-21.118162155151367,11.596678733825684,-10.437010765075684,-1.2940673828125,0.3284912109375,0.3125
30.898,310,780,1260,312,1.0,35.0,42.0,2.685546636581421,15.197752952575684,-2.25830078125,-1.1688232421875,0.3831787109375,0.28369140625
30.909,310,749,1204,312,1.0,35.0,42.0,4.82177734375,17.578125,0.4882812201976776,-1.0191650390625,0.394287109375,0.2569580078125
30.918,310,714,1159,311,1.0,35.0,42.0,4.82177734375,17.578125,0.4882812201976776,-0.8746337890625,0.3416748046875,0.2265625
30.932,310,657,1069,312,1.0,35.0,42.0,-3.967284917831421,24.047849655151367,-4.69970703125,-0.781982421875,0.2626953125,0.197998046875
30.936,311,614,1025,312,2.0,35.0,40.0,-12.268065452575684,27.343748092651367,-7.751464366912842,-0.7293701171875,0.1793212890625,0.180908203125
30.944,311,586,981,312,2.0,35.0,40.0,-12.268065452575684,27.343748092651367,-7.751464366912842,-0.680419921875,0.055908203125,0.1881103515625
30.959,310,543,891,310,2.0,35.0,40.0,-19.4091796875,31.555173873901367,-8.6669921875,-0.6375732421875,-0.0977783203125,0.2137451171875
30.966,310,522,840,312,2.0,35.0,40.0,-11.901854515075684,31.799314498901367,-7.751464366912842,-0.6234130859375,-0.188720703125,0.2174072265625
30.977,310,491,814,311,2.0,35.0,40.0,-11.901854515075684,31.799314498901367,-7.751464366912842,-0.654052734375,-0.162841796875,0.173583984375
30.991,310,438,721,310,2.0,35.0,40.0,15.624999046325684,33.75244140625,3.295898199081421,-0.682861328125,-0.093017578125,0.12060546875
30.996,309,420,714,312,2.0,35.0,40.0,25.817869186401367,35.21728515625,10.925292015075684,-0.666259765625,-0.0140380859375,0.1046142578125
31.021,310,402,673,310,2.0,35.0,40.0,25.817869186401367,35.21728515625,10.925292015075684,-0.6424560546875,0.1181640625,0.1141357421875
31.021,310,372,579,310,2.0,35.0,40.0,36.07177734375,36.4990234375,23.681638717651367,-0.661376953125,0.27685546875,0.123046875
31.026,310,356,562,311,2.0,35.0,40.0,29.113767623901367,35.94970703125,29.418943405151367,-0.7042236328125,0.3995361328125,0.1409912109375
31.038,310,357,537,311,1.0,37.0,45.0,15.808104515075684,33.87451171875,33.8134765625,-0.719482421875,0.470947265625,0.1676025390625
31.048,310,352,523,310,1.0,37.0,45.0,2.929687261581421,30.090330123901367,35.5224609375,-0.71826171875,0.50537109375,0.177978515625
31.056,310,342,508,310,1.0,37.0,45.0,-5.371093273162842,25.817869186401367,33.69140625,-0.7342529296875,0.504150390625,0.15625
31.065,310,340,504,311,1.0,37.0,45.0,-8.1787109375,21.484373092651367,28.869626998901367,-0.7615966796875,0.447265625,0.102294921875
31.078,309,341,496,309,1.0,37.0,45.0,-5.493163585662842,17.2119140625,22.216794967651367,-0.7840576171875,0.3564453125,0.030517578125
31.098,310,349,495,310,1.0,37.0,45.0,2.44140625,13.000487327575684,16.54052734375,-0.8070068359375,0.305419921875,-0.0335693359375
31.098,308,354,495,310,1.0,37.0,45.0,11.596678733825684,7.690429210662842,14.221190452575684,-0.8433837890625,0.32666015625,-0.0631103515625
31.112,310,364,495,310,1.0,37.0,45.0,14.526366233825684,-0.4272460639476776,15.258788108825684,-0.8837890625,0.362060546875,-0.0423583984375
31.120,310,361,496,311,1.0,37.0,45.0,7.812499523162842,-10.314940452575684,17.88330078125,-0.898193359375,0.3358154296875,0.005126953125
31.124,310,367,519,310,1.0,37.0,45.0,-2.38037109375,-18.798828125,20.812986373901367,-0.876953125,0.258056640625,0.0311279296875
31.145,308,372,545,310,-1.0,35.0,41.0,-8.30078125,-24.963376998901367,24.475095748901367,-0.8228759765625,0.181396484375,0.0389404296875
31.146,310,384,562,298,-1.0,35.0,41.0,-8.544921875,-31.127927780151367,28.991697311401367,-0.7078857421875,0.1375732421875,0.0318603515625
31.154,310,417,603,310,-1.0,35.0,41.0,-6.774901866912842,-38.6962890625,31.677244186401367,-0.4490966796875,0.1275634765625,-0.01416015625
31.168,310,472,633,310,-1.0,35.0,41.0,-7.202147960662842,-48.217769622802734,27.954099655151367,-0.0625,0.1168212890625,-0.080078125
31.176,309,502,671,310,-1.0,35.0,41.0,-10.620116233825684,-59.326168060302734,15.930174827575684,0.2225341796875,0.0889892578125,-0.1256103515625
31.184,310,543,794,310,-1.0,35.0,41.0,-7.995604991912842,-67.0166015625,0.0,0.312744140625,0.179443359375,-0.1500244140625
31.203,310,634,968,311,-1.0,35.0,41.0,5.432128429412842,-65.61279296875,-18.73779296875,0.245849609375,0.489990234375,-0.18310546875
31.212,310,689,1131,311,-1.0,35.0,41.0,5.310058116912842,-57.983394622802734,-42.358394622802734,-0.1065673828125,0.8037109375,-0.095458984375
31.220,310,741,1290,311,-1.0,35.0,41.0,-31.616209030151367,-54.443355560302734,-62.866207122802734,-0.6826171875,0.8211669921875,0.2459716796875
31.228,310,837,1485,312,3.0,36.0,43.0,-81.54296112060547,-53.894039154052734,-73.05908203125,-1.2049560546875,0.554443359375,0.6722412109375
31.236,310,885,1547,312,3.0,36.0,43.0,-109.37499237060547,-52.978511810302734,-74.21875,-1.4969482421875,0.138671875,0.992919921875
31.251,309,918,1567,314,3.0,36.0,43.0,-98.75487518310547,-52.246089935302734,-66.89453125,-1.611328125,-0.2794189453125,1.1318359375
31.258,311,960,1569,312,3.0,36.0,43.0,-42.175289154052734,-44.982906341552734,-49.743648529052734,-1.75390625,-0.406005859375,1.0206298828125
31.269,310,971,1535,311,3.0,36.0,43.0,33.5693359375,-31.555173873901367,-24.291990280151367,-1.98486328125,-0.1129150390625,0.6939697265625
31.274,310,973,1500,312,3.0,36.0,43.0,85.63231658935547,-16.90673828125,5.432128429412842,-2.1549072265625,0.3455810546875,0.3363037109375
31.288,312,960,1429,311,3.0,36.0,43.0,98.99901580810547,-2.44140625,32.65380859375,-2.0322265625,0.531005859375,0.1082763671875
31.299,310,947,1424,313,3.0,36.0,43.0,85.08300018310547,8.6669921875,44.860836029052734,-1.53857421875,0.4150390625,0.02099609375
31.304,311,944,1429,312,3.0,36.0,43.0,60.607906341552734,11.901854515075684,37.4755859375,-1.0484619140625,0.471923828125,-0.0006103515625
31.328,310,943,1470,313,3.0,36.0,43.0,31.127927780151367,8.97216796875,19.04296875,-0.8953857421875,0.759521484375,0.0201416015625
31.328,310,943,1487,312,0.0,32.0,47.0,-1.3427733182907104,6.896972179412842,-2.25830078125,-1.028564453125,0.8912353515625,0.11279296875
31.334,310,932,1492,312,0.0,32.0,47.0,-28.015134811401367,6.896972179412842,-18.85986328125,-1.2662353515625,0.7457275390625,0.268310546875
31.367,310,913,1502,312,0.0,32.0,47.0,-40.0390625,6.225585460662842,-26.367185592651367,-1.40283203125,0.29296875,0.445068359375
31.370,310,891,1487,312,0.0,32.0,47.0,-35.94970703125,4.8828125,-26.123044967651367,-1.40283203125,0.29296875,0.445068359375
31.370,310,871,1437,312,0.0,32.0,47.0,-22.644041061401367,4.638671875,-20.690916061401367,-1.3463134765625,0.24072265625,0.40185546875
31.397,310,830,1407,311,0.0,32.0,47.0,-8.48388671875,5.676269054412842,-13.671874046325684,-1.1695556640625,0.3485107421875,0.300048828125
31.398,311,803,1367,312,0.0,32.0,47.0,0.7324218153953552,7.629394054412842,-7.080077648162842,-1.1695556640625,0.3485107421875,0.300048828125
31.401,310,770,1334,313,0.0,32.0,47.0,2.868652105331421,10.253905296325684,-1.9531248807907104,-1.073486328125,0.3775634765625,0.3048095703125
31.409,311,728,1253,311,0.0,32.0,47.0,0.6103515625,13.427733421325684,0.0,-0.9400634765625,0.251220703125,0.3250732421875
31.432,310,698,1199,312,0.0,32.0,47.0,-0.4272460639476776,17.7001953125,-0.9765624403953552,-0.9400634765625,0.251220703125,0.3250732421875
31.432,310,671,1137,312,0.0,32.0,47.0,0.3662109076976776,21.972654342651367,-1.7089842557907104,-0.9346923828125,0.2255859375,0.29248046875
31.438,310,614,1051,312,1.0,35.0,42.0,0.4882812201976776,25.085447311401367,0.2441406100988388,-0.9093017578125,0.19677734375,0.253173828125
31.446,310,590,986,311,1.0,35.0,42.0,0.4882812201976776,27.587888717651367,3.845214605331421,-0.9093017578125,0.19677734375,0.253173828125
31.454,311,564,928,310,1.0,35.0,42.0,1.8920897245407104,29.602048873901367,6.774901866912842,-0.8515625,0.1058349609375,0.253662109375
31.469,310,507,835,311,1.0,35.0,42.0,5.554198741912842,30.944822311401367,7.812499523162842,-0.747802734375,-0.0772705078125,0.2293701171875
31.476,310,479,767,311,1.0,35.0,42.0,12.451170921325684,32.2265625,8.36181640625,-0.747802734375,-0.0772705078125,0.2293701171875
31.484,310,449,723,312,1.0,35.0,42.0,20.507810592651367,34.0576171875,9.94873046875,-0.7254638671875,-0.0706787109375,0.1854248046875
31.503,310,402,661,310,1.0,35.0,42.0,32.71484375,38.6962890625,12.573241233825684,-0.6292724609375,0.123291015625,0.1025390625
31.506,309,378,614,310,1.0,35.0,42.0,32.71484375,38.6962890625,12.573241233825684,-0.59912109375,0.310302734375,0.07861328125
31.533,309,364,583,310,1.0,35.0,42.0,38.330078125,39.9169921875,11.779784202575684,-0.59912109375,0.310302734375,0.07861328125
31.534,310,353,538,309,0.0,36.0,43.0,28.137205123901367,33.935546875,8.85009765625,-0.57763671875,0.4952392578125,0.075439453125
31.541,312,352,519,310,0.0,36.0,43.0,28.137205123901367,33.935546875,8.85009765625,-0.5711669921875,0.5028076171875,0.0704345703125
31.544,310,345,513,310,0.0,36.0,43.0,17.822265625,28.991697311401367,6.652831554412842,-0.5711669921875,0.5028076171875,0.0704345703125
31.558,310,354,504,310,0.0,36.0,43.0,5.798339366912842,22.033689498901367,6.042479991912842,-0.6934814453125,0.475341796875,0.0513916015625
31.572,310,356,507,310,0.0,36.0,43.0,5.798339366912842,22.033689498901367,6.042479991912842,-0.78369140625,0.3951416015625,0.0325927734375
31.577,298,356,508,310,0.0,36.0,43.0,0.0610351525247097,19.95849609375,5.798339366912842,-0.78369140625,0.3951416015625,0.0325927734375
31.588,310,363,507,310,0.0,36.0,43.0,-10.742186546325684,13.122557640075684,2.0751953125,-0.939697265625,0.29443359375,0.0350341796875
31.596,310,364,516,310,0.0,36.0,43.0,-10.742186546325684,13.122557640075684,2.0751953125,-0.9671630859375,0.2730712890625,0.05615234375
31.606,308,364,518,310,0.0,36.0,43.0,-14.160155296325684,5.615233898162842,1.7089842557907104,-0.9671630859375,0.2730712890625,0.05615234375
31.634,309,367,519,310,0.0,36.0,43.0,-13.610838890075684,-9.033203125,4.39453125,-0.8985595703125,0.2105712890625,0.078125
31.640,309,371,524,310,0.0,36.0,44.0,-13.610838890075684,-9.033203125,4.39453125,-0.8406982421875,0.16552734375,0.063232421875
31.640,310,373,536,309,0.0,36.0,44.0,-12.268065452575684,-14.343260765075684,8.60595703125,-0.77685546875,0.1322021484375,0.0350341796875
31.653,310,391,575,311,0.0,36.0,44.0,-11.657713890075684,-24.902341842651367,24.291990280151367,-0.6817626953125,0.1209716796875,-0.0042724609375
31.656,310,410,613,312,0.0,36.0,44.0,-17.333984375,-31.494138717651367,33.14208984375,-0.4979248046875,0.129638671875,-0.0767822265625
31.664,310,438,650,310,0.0,36.0,44.0,-17.333984375,-31.494138717651367,33.14208984375,-0.1873779296875,0.1478271484375,-0.161376953125
31.679,310,493,705,310,0.0,36.0,44.0,-40.710445404052734,-48.706050872802734,34.0576171875,0.1165771484375,0.092041015625,-0.1650390625
31.686,311,533,802,312,0.0,36.0,44.0,-42.053218841552734,-57.312007904052734,22.521970748901367,0.268310546875,0.0147705078125,-0.0792236328125
31.694,310,580,907,311,0.0,36.0,44.0,-42.053218841552734,-57.312007904052734,22.521970748901367,0.2344970703125,0.159912109375,0.010986328125
31.709,310,675,1103,312,0.0,36.0,44.0,2.807616949081421,-56.274410247802734,-12.939452171325684,-0.0697021484375,0.43994140625,0.1751708984375
31.716,310,717,1228,311,0.0,36.0,44.0,0.4882812201976776,-59.692378997802734,-35.33935546875,-0.496337890625,0.547607421875,0.5040283203125
31.727,310,766,1326,312,1.0,32.0,40.0,0.4882812201976776,-59.692378997802734,-35.33935546875,-0.906982421875,0.481201171875,0.7481689453125
31.738,310,845,1434,312,1.0,32.0,40.0,-42.297359466552734,-53.161617279052734,-58.837886810302734,-1.3250732421875,0.401123046875,0.75830078125
31.746,310,875,1477,312,1.0,32.0,40.0,-35.5224609375,-43.090816497802734,-50.842281341552734,-1.6944580078125,0.4482421875,0.7052001953125
31.754,310,912,1526,313,1.0,32.0,40.0,-35.5224609375,-43.090816497802734,-50.842281341552734,-1.9681396484375,0.4764404296875,0.736572265625
31.768,310,943,1511,312,1.0,32.0,40.0,10.070799827575684,-41.320796966552734,-9.58251953125,-2.0927734375,0.2213134765625,0.77490234375
31.777,310,958,1471,312,1.0,32.0,40.0,39.00146484375,-32.3486328125,1.4648436307907104,-2.1151123046875,0.0264892578125,0.6168212890625
31.789,310,944,1395,314,1.0,32.0,40.0,71.1669921875,-12.695311546325684,16.29638671875,-1.991455078125,0.140869140625,0.3409423828125
31.798,310,939,1338,312,1.0,32.0,40.0,92.04100799560547,6.286620616912842,34.1796875,-1.5521240234375,0.3260498046875,0.119140625
31.812,310,939,1334,314,1.0,32.0,40.0,84.16747283935547,15.563963890075684,37.17041015625,-1.0753173828125,0.5614013671875,0.0018310546875
31.815,310,939,1349,312,1.0,32.0,40.0,48.461910247802734,15.197752952575684,21.789548873901367,-0.9364013671875,0.818359375,0.0125732421875
31.834,310,931,1371,311,1.0,35.0,48.0,3.112792730331421,12.817381858825684,-0.1220703050494194,-1.103271484375,0.8814697265625,0.1201171875
31.842,310,923,1381,312,1.0,35.0,48.0,-30.761716842651367,11.779784202575684,-16.2353515625,-1.3546142578125,0.7176513671875,0.278564453125
31.844,308,913,1379,311,1.0,35.0,48.0,-42.175289154052734,9.46044921875,-22.033689498901367,-1.4874267578125,0.511962890625,0.409912109375
31.858,310,888,1369,312,1.0,35.0,48.0,-34.85107421875,6.347655773162842,-20.751951217651367,-1.4886474609375,0.406982421875,0.4381103515625
31.866,310,865,1351,312,1.0,35.0,48.0,-20.080564498901367,5.249022960662842,-17.08984375,-1.4310302734375,0.3792724609375,0.3819580078125
31.882,311,840,1320,312,1.0,35.0,48.0,-6.713866710662842,6.835937023162842,-14.953612327575684,-1.3416748046875,0.363037109375,0.3116455078125
31.893,310,797,1258,312,1.0,35.0,48.0,2.50244140625,9.521484375,-14.709471702575684,-1.2142333984375,0.388916015625,0.2757568359375
31.896,310,771,1216,312,1.0,35.0,48.0,5.371093273162842,11.352538108825684,-14.099120140075684,-1.0828857421875,0.453857421875,0.28173828125
31.904,310,741,1178,309,1.0,35.0,48.0,0.2441406100988388,13.122557640075684,-13.854979515075684,-0.984375,0.4700927734375,0.2996826171875
31.918,310,684,1081,312,1.0,35.0,48.0,-9.8876953125,16.90673828125,-16.6015625,-0.91748046875,0.415771484375,0.3011474609375
31.926,311,656,1026,312,2.0,34.0,44.0,-20.507810592651367,21.789548873901367,-20.996091842651367,-0.864013671875,0.3271484375,0.28857421875
31.937,310,616,973,312,2.0,34.0,44.0,-27.160642623901367,26.123044967651367,-24.597166061401367,-0.8201904296875,0.2249755859375,0.2679443359375
31.948,310,566,889,311,2.0,34.0,44.0,-26.672361373901367,28.930662155151367,-26.672361373901367,-0.78271484375,0.095947265625,0.25439453125
31.956,312,533,852,312,2.0,34.0,44.0,-19.287109375,29.724119186401367,-28.503416061401367,-0.7459716796875,-0.0556640625,0.253173828125
31.964,310,496,796,310,2.0,34.0,44.0,-6.408690929412842,29.663084030151367,-30.456541061401367,-0.7071533203125,-0.1614990234375,0.2432861328125
31.978,310,433,716,310,2.0,34.0,44.0,11.108397483825684,30.517576217651367,-30.334470748901367,-0.668212890625,-0.16748046875,0.2080078125
32.001,310,396,673,311,2.0,34.0,44.0,29.418943405151367,32.71484375,-27.404783248901367,-0.6163330078125,-0.1141357421875,0.1522216796875
32.001,311,372,606,309,2.0,34.0,44.0,44.006343841552734,34.60693359375,-23.376462936401367,-0.5721435546875,-0.0040283203125,0.109619140625
32.008,310,354,558,309,2.0,34.0,44.0,52.246089935302734,33.203125,-17.76123046875,-0.5655517578125,0.1922607421875,0.1024169921875
32.016,310,344,543,310,2.0,34.0,44.0,48.950191497802734,27.160642623901367,-9.033203125,-0.553466796875,0.376953125,0.1156005859375
32.024,309,339,530,310,2.0,35.0,44.0,33.203125,20.141599655151367,-0.30517578125,-0.541015625,0.4571533203125,0.124755859375
32.039,309,331,512,310,2.0,35.0,44.0,13.122557640075684,16.17431640625,6.225585460662842,-0.576171875,0.45654296875,0.1280517578125
32.051,310,329,510,310,2.0,35.0,44.0,-2.868652105331421,14.892577171325684,11.169432640075684,-0.65576171875,0.4193115234375,0.116455078125
32.054,308,328,510,309,2.0,35.0,44.0,-12.023924827575684,14.648436546325684,14.038084983825684,-0.7469482421875,0.3594970703125,0.0750732421875
32.068,309,329,527,310,2.0,35.0,44.0,-16.4794921875,14.221190452575684,13.732909202575684,-0.8226318359375,0.284912109375,0.0341796875
32.076,310,331,533,310,2.0,35.0,44.0,-19.22607421875,11.840819358825684,11.108397483825684,-0.8690185546875,0.2213134765625,0.0267333984375
32.085,310,336,548,310,2.0,35.0,44.0,-20.812986373901367,6.347655773162842,8.7890625,-0.8802490234375,0.19140625,0.041259765625
32.118,310,352,586,310,2.0,35.0,44.0,-20.202634811401367,-1.4038084745407104,8.7890625,-0.796142578125,0.187744140625,0.01611328125
32.118,310,356,630,309,2.0,35.0,44.0,-21.545408248901367,-9.6435546875,12.268065452575684,-0.796142578125,0.187744140625,0.01611328125
32.119,308,364,678,312,2.0,35.0,44.0,-28.015134811401367,-17.7001953125,17.578125,-0.6363525390625,0.1451416015625,0.0072021484375
32.131,310,391,772,310,1.0,36.0,44.0,-34.7900390625,-24.719236373901367,21.057126998901367,-0.132568359375,-0.0079345703125,-0.151611328125
32.142,310,451,803,311,1.0,36.0,44.0,-37.7197265625,-31.311033248901367,20.935056686401367,-0.132568359375,-0.0079345703125,-0.151611328125
32.144,310,506,868,311,1.0,36.0,44.0,-35.94970703125,-40.0390625,18.37158203125,0.1749267578125,-0.0855712890625,-0.1669921875
32.158,311,588,1070,312,1.0,36.0,44.0,-26.062009811401367,-49.865718841552734,15.014647483825684,0.317138671875,0.17138671875,-0.04638671875
32.166,309,644,1204,312,1.0,36.0,44.0,-5.554198741912842,-55.480953216552734,9.33837890625,0.317138671875,0.17138671875,-0.04638671875
32.174,310,698,1334,312,1.0,36.0,44.0,10.314940452575684,-57.617183685302734,-2.929687261581421,0.007080078125,0.499755859375,0.17041015625
32.190,310,803,1514,312,1.0,36.0,44.0,-1.0986328125,-62.683101654052734,-23.254392623901367,-0.802490234375,0.4429931640625,0.8455810546875
32.197,310,859,1583,312,1.0,36.0,44.0,-29.235837936401367,-62.072750091552734,-48.339839935302734,-0.802490234375,0.4429931640625,0.8455810546875
32.209,310,917,1640,313,1.0,36.0,44.0,-40.954586029052734,-47.973628997802734,-67.44384765625,-1.250732421875,0.2640380859375,0.8565673828125
32.224,310,982,1669,312,1.0,36.0,44.0,-27.587888717651367,-32.8369140625,-66.2841796875,-2.0489501953125,0.3270263671875,0.8070068359375
32.226,311,1011,1665,313,4.0,32.0,45.0,-2.3193359375,-26.367185592651367,-46.813961029052734,-2.0489501953125,0.3270263671875,0.8070068359375
32.237,311,1034,1634,312,4.0,32.0,45.0,23.620603561401367,-22.949216842651367,-26.550291061401367,-2.29248046875,0.1590576171875,0.797607421875
32.262,310,1021,1544,312,4.0,32.0,45.0,78.18603515625,6.774901866912842,12.390135765075684,-2.367431640625,0.036376953125,0.248291015625
32.263,310,1014,1514,313,4.0,32.0,45.0,78.18603515625,6.774901866912842,12.390135765075684,-1.6458740234375,0.0904541015625,0.0721435546875
32.264,298,1000,1486,311,4.0,32.0,45.0,90.75926971435547,18.12744140625,34.85107421875,-1.6458740234375,0.0904541015625,0.0721435546875
32.278,311,1000,1499,312,4.0,32.0,45.0,36.56005859375,22.094724655151367,30.944822311401367,-0.8597412109375,0.8092041015625,0.0770263671875
32.290,310,999,1518,312,4.0,32.0,45.0,36.56005859375,22.094724655151367,30.944822311401367,-1.1231689453125,0.8863525390625,0.192626953125
32.294,311,995,1528,313,4.0,32.0,45.0,-12.084959983825684,22.460935592651367,9.70458984375,-1.1231689453125,0.8863525390625,0.192626953125
32.329,312,973,1518,314,4.0,32.0,45.0,-53.161617279052734,21.057126998901367,-16.17431640625,-1.658935546875,0.47119140625,0.4185791015625
32.331,310,952,1499,310,4.0,32.0,45.0,-53.161617279052734,21.057126998901367,-16.17431640625,-1.622802734375,0.316162109375,0.427001953125
32.331,310,931,1483,312,3.0,35.0,43.0,-41.564937591552734,17.2119140625,-16.357421875,-1.622802734375,0.316162109375,0.427001953125
32.354,310,886,1395,312,3.0,35.0,43.0,-10.986327171325684,14.465331077575684,-7.751464366912842,-1.3519287109375,0.2547607421875,0.3516845703125
32.354,310,858,1345,312,3.0,35.0,43.0,-10.986327171325684,14.465331077575684,-7.751464366912842,-1.215576171875,0.2701416015625,0.325439453125
32.355,310,819,1274,296,3.0,35.0,43.0,-1.9531248807907104,17.578125,-4.08935546875,-1.215576171875,0.2701416015625,0.325439453125
32.368,309,766,1185,312,3.0,35.0,43.0,3.173827886581421,26.916501998901367,0.7934569716453552,-0.9752197265625,0.3863525390625,0.26806640625
32.376,311,728,1123,312,3.0,35.0,43.0,3.173827886581421,26.916501998901367,0.7934569716453552,-0.884521484375,0.3404541015625,0.2596435546875
32.384,310,695,1071,312,3.0,35.0,43.0,-4.39453125,30.761716842651367,0.9155272841453552,-0.884521484375,0.3404541015625,0.2596435546875
32.399,311,629,963,311,3.0,35.0,43.0,-22.094724655151367,36.68212890625,-1.03759765625,-0.7991943359375,0.1273193359375,0.2406005859375
32.406,310,601,890,312,3.0,35.0,43.0,-20.385740280151367,38.2080078125,0.0,-0.7489013671875,0.00537109375,0.2296142578125
32.414,309,568,840,312,3.0,35.0,43.0,-20.385740280151367,38.2080078125,0.0,-0.69677734375,-0.1248779296875,0.2303466796875
32.430,309,509,762,310,3.0,34.0,43.0,3.234863042831421,36.376953125,1.15966796875,-0.65283203125,-0.20849609375,0.2216796875
32.454,310,467,694,310,3.0,34.0,43.0,20.812986373901367,36.43798828125,2.563476324081421,-0.623779296875,-0.195556640625,0.1837158203125
32.454,308,449,673,311,3.0,34.0,43.0,20.812986373901367,36.43798828125,2.563476324081421,-0.5947265625,-0.1134033203125,0.1436767578125
32.458,309,388,561,310,3.0,34.0,43.0,50.476070404052734,37.2314453125,10.742186546325684,-0.5699462890625,0.0208740234375,0.1224365234375
32.467,309,371,519,310,3.0,34.0,43.0,56.823726654052734,35.70556640625,15.258788108825684,-0.57666015625,0.2027587890625,0.1024169921875
32.474,310,357,495,310,3.0,34.0,43.0,56.823726654052734,35.70556640625,15.258788108825684,-0.573974609375,0.353515625,0.08447265625
32.488,310,346,452,310,3.0,34.0,43.0,41.625972747802734,28.747556686401367,25.817869186401367,-0.5655517578125,0.427490234375,0.0706787109375
32.497,310,342,437,310,3.0,34.0,43.0,29.968259811401367,25.756834030151367,28.930662155151367,-0.6033935546875,0.47900390625,0.051025390625
32.504,309,338,436,310,3.0,34.0,43.0,29.968259811401367,25.756834030151367,28.930662155151367,-0.68359375,0.52978515625,0.01953125
32.518,310,328,431,310,1.0,35.0,41.0,8.30078125,22.583005905151367,30.761716842651367,-0.771240234375,0.5242919921875,-0.010498046875
32.532,309,326,437,310,1.0,35.0,41.0,-5.249022960662842,20.751951217651367,26.367185592651367,-0.841064453125,0.4425048828125,-0.010009765625
32.534,310,329,437,309,1.0,35.0,41.0,-5.249022960662842,20.751951217651367,26.367185592651367,-0.8797607421875,0.339599609375,0.023681640625
32.558,309,328,447,310,1.0,35.0,41.0,-21.118162155151367,13.488768577575684,10.681151390075684,-0.90087890625,0.26611328125,0.0521240234375
32.559,310,329,447,310,1.0,35.0,41.0,-19.6533203125,6.896972179412842,7.629394054412842,-0.9105224609375,0.23583984375,0.0491943359375
32.564,310,343,447,310,1.0,35.0,41.0,-18.12744140625,-0.7934569716453552,10.009765625,-0.8697509765625,0.20654296875,0.0447998046875
32.578,310,356,475,309,1.0,35.0,41.0,-18.24951171875,-9.3994140625,15.869139671325684,-0.7869873046875,0.143798828125,0.03955078125
32.586,308,369,486,310,1.0,35.0,41.0,-16.11328125,-17.9443359375,23.376462936401367,-0.6917724609375,0.0933837890625,0.0013427734375
32.597,310,373,512,310,1.0,35.0,41.0,-12.390135765075684,-26.550291061401367,32.470703125,-0.542236328125,0.0789794921875,-0.0594482421875
32.608,310,436,535,310,1.0,35.0,41.0,-13.427733421325684,-36.1328125,40.832515716552734,-0.2626953125,0.0767822265625,-0.1160888671875
32.617,308,476,556,310,1.0,34.0,43.0,-22.644041061401367,-46.874996185302734,42.968746185302734,0.1524658203125,0.050048828125,-0.0966796875
32.637,310,502,578,310,1.0,34.0,43.0,-29.785154342651367,-57.006832122802734,34.3017578125,0.4315185546875,-0.07373046875,-0.0108642578125
32.638,310,587,741,310,1.0,34.0,43.0,-14.465331077575684,-60.607906341552734,19.47021484375,0.461669921875,-0.1324462890625,-0.00927734375
32.648,310,644,873,311,1.0,34.0,43.0,25.329587936401367,-52.490230560302734,2.868652105331421,0.236083984375,0.224853515625,-0.1221923828125
32.658,310,703,1000,309,1.0,34.0,43.0,40.649410247802734,-40.10009765625,-16.6015625,-0.387939453125,0.7880859375,-0.1236572265625
32.668,310,793,1255,312,1.0,34.0,43.0,-12.023924827575684,-39.00146484375,-34.11865234375,-1.132568359375,0.9359130859375,0.202880859375
32.676,311,833,1344,312,1.0,34.0,43.0,-85.75438690185547,-46.325679779052734,-44.677730560302734,-1.63427734375,0.6875,0.65478515625
32.684,310,875,1406,312,1.0,34.0,43.0,-116.02782440185547,-49.865718841552734,-43.579097747802734,-1.884521484375,0.4459228515625,0.93017578125
32.701,310,920,1460,312,1.0,34.0,43.0,-100.03661346435547,-49.194332122802734,-28.442380905151367,-2.01220703125,0.201904296875,1.072265625
32.706,310,934,1428,312,1.0,34.0,43.0,-52.001949310302734,-43.029781341552734,-7.141112804412842,-2.09716796875,-0.0498046875,1.126708984375
32.714,310,932,1338,312,1.0,34.0,43.0,13.793944358825684,-29.296873092651367,12.878417015075684,-2.132568359375,-0.086669921875,0.9376220703125
32.733,310,929,1209,311,0.0,36.0,41.0,74.40185546875,-9.46044921875,32.04345703125,-1.931884765625,0.15576171875,0.4669189453125
32.742,310,928,1204,312,0.0,36.0,41.0,112.73192596435547,12.573241233825684,45.043941497802734,-1.434326171875,0.4503173828125,-0.0101318359375
32.762,310,929,1219,312,0.0,36.0,41.0,115.84471893310547,24.475095748901367,40.283199310302734,-1.1318359375,0.7828369140625,-0.234375
32.763,310,922,1243,312,0.0,36.0,41.0,74.15771484375,20.996091842651367,23.193357467651367,-1.2393798828125,1.0599365234375,-0.1749267578125
32.767,310,916,1260,312,0.0,36.0,41.0,9.521484375,13.366698265075684,4.33349609375,-1.4091796875,0.9501953125,0.043701171875
32.783,308,904,1268,313,0.0,36.0,41.0,-35.58349609375,9.6435546875,-12.329100608825684,-1.455078125,0.6309814453125,0.2418212890625
32.788,310,872,1275,312,0.0,36.0,41.0,-45.471187591552734,7.934569835662842,-21.911619186401367,-1.4053955078125,0.426513671875,0.3336181640625
32.796,310,848,1268,312,0.0,36.0,41.0,-34.0576171875,7.141112804412842,-24.658201217651367,-1.3193359375,0.376708984375,0.3248291015625
32.806,310,822,1253,312,0.0,36.0,41.0,-18.9208984375,7.995604991912842,-23.864744186401367,-1.207763671875,0.401123046875,0.2779541015625
32.818,310,785,1213,311,1.0,33.0,45.0,-9.521484375,9.033203125,-22.155759811401367,-1.0582275390625,0.449462890625,0.2652587890625
32.826,310,767,1198,312,1.0,33.0,45.0,-8.6669921875,8.7890625,-20.629880905151367,-0.896240234375,0.4486083984375,0.2913818359375
32.835,310,753,1173,312,1.0,33.0,45.0,-13.854979515075684,10.192870140075684,-21.545408248901367,-0.7625732421875,0.3729248046875,0.290283203125
32.858,310,721,1118,311,1.0,33.0,45.0,-20.263669967651367,14.831542015075684,-26.489255905151367,-0.66943359375,0.3023681640625,0.2369384765625
32.859,309,697,1101,310,1.0,33.0,45.0,-26.367185592651367,19.95849609375,-32.77587890625,-0.6259765625,0.268310546875,0.16650390625
32.867,310,685,1078,311,1.0,33.0,45.0,-32.3486328125,23.498533248901367,-36.92626953125,-0.626953125,0.2291259765625,0.1322021484375
32.879,310,651,1029,311,1.0,33.0,45.0,-37.41455078125,25.390623092651367,-38.63525390625,-0.6715087890625,0.1092529296875,0.1934814453125
32.893,310,639,1014,311,1.0,33.0,45.0,-40.161128997802734,26.794431686401367,-38.6962890625,-0.6715087890625,0.1092529296875,0.1934814453125
32.895,310,631,996,311,1.0,33.0,45.0,-39.4287109375,28.625486373901367,-36.9873046875,-0.6912841796875,0.04345703125,0.2222900390625
32.908,310,614,974,312,1.0,33.0,45.0,-34.72900390625,30.029294967651367,-33.87451171875,-0.73828125,-0.0079345703125,0.20703125
32.916,310,607,963,312,2.0,35.0,44.0,-26.367185592651367,30.273435592651367,-28.747556686401367,-0.73828125,-0.0079345703125,0.20703125
32.924,310,601,951,310,2.0,35.0,44.0,-16.357421875,29.602048873901367,-21.301267623901367,-0.776611328125,0.042236328125,0.2034912109375
32.938,310,594,916,312,2.0,35.0,44.0,-7.812499523162842,28.564451217651367,-13.671874046325684,-0.8448486328125,0.144775390625,0.2142333984375
32.946,309,589,889,311,2.0,35.0,44.0,-2.624511480331421,27.893064498901367,-7.995604991912842,-0.8448486328125,0.144775390625,0.2142333984375
32.966,311,583,867,310,2.0,35.0,44.0,0.30517578125,28.442380905151367,-3.295898199081421,-0.8944091796875,0.2000732421875,0.2049560546875
32.968,309,576,840,311,2.0,35.0,44.0,0.7324218153953552,30.395505905151367,1.8310545682907104,-0.9652099609375,0.2257080078125,0.1900634765625
32.976,310,571,819,311,2.0,35.0,44.0,-2.685546636581421,32.2265625,7.263183116912842,-0.9652099609375,0.2257080078125,0.1900634765625
32.984,310,564,796,312,2.0,35.0,44.0,-7.812499523162842,33.203125,12.634276390075684,-0.96875,0.1861572265625,0.192138671875
32.998,311,553,769,310,2.0,35.0,44.0,-10.620116233825684,33.5693359375,17.9443359375,-0.9654541015625,0.1513671875,0.1678466796875
33.008,310,548,747,310,2.0,35.0,44.0,-8.60595703125,33.5693359375,22.766111373901367,-0.9664306640625,0.1806640625,0.1441650390625
