time,compression0,compression1,compression2,compression3,magn_x,magn_y,magn_z,gyro_x,gyro_y,gyro_z,accel_x,accel_y,accel_z
0.009,310,385,467,308,-9.0,47.0,40.0,-1.6479490995407104,-1.5258787870407104,-2.01416015625,-0.78759765625,0.5938720703125,-0.08935546875
0.010,294,385,469,309,-9.0,47.0,40.0,-1.5869139432907104,-1.6479490995407104,-2.13623046875,-0.788330078125,0.593017578125,-0.0904541015625
0.035,310,384,468,308,-9.0,47.0,40.0,-1.2817381620407104,-1.8310545682907104,-2.197265625,-0.7886962890625,0.593017578125,-0.091064453125
0.035,309,384,467,310,-9.0,47.0,40.0,-0.9765624403953552,-2.0751953125,-2.197265625,-0.7877197265625,0.593994140625,-0.0904541015625
0.041,310,381,469,309,-9.0,47.0,40.0,-0.6713866591453552,-2.197265625,-2.25830078125,-0.78564453125,0.5950927734375,-0.0889892578125
0.065,310,384,467,309,-9.0,47.0,40.0,-0.54931640625,-2.25830078125,-2.38037109375,-0.7838134765625,0.5960693359375,-0.087890625
0.065,309,384,463,310,-9.0,47.0,40.0,-0.54931640625,-2.25830078125,-2.50244140625,-0.7841796875,0.5987548828125,-0.087646484375
0.071,310,383,463,310,-9.0,47.0,40.0,-0.6713866591453552,-2.25830078125,-2.685546636581421,-0.7847900390625,0.6014404296875,-0.086669921875
0.084,310,384,456,309,-10.0,44.0,35.0,-0.7934569716453552,-2.197265625,-2.929687261581421,-0.7841796875,0.599365234375,-0.0850830078125
0.092,309,381,452,310,-10.0,44.0,35.0,-0.7934569716453552,-2.0751953125,-3.356933355331421,-0.7841796875,0.5941162109375,-0.0838623046875
0.102,309,382,454,309,-10.0,44.0,35.0,-0.6713866591453552,-1.9531248807907104,-3.723144292831421,-0.7841796875,0.5924072265625,-0.08447265625
0.120,309,379,452,308,-10.0,44.0,35.0,-0.4272460639476776,-1.9531248807907104,-3.967284917831421,-0.7841796875,0.5953369140625,-0.08642578125
0.122,310,378,456,310,-10.0,44.0,35.0,-0.4272460639476776,-2.197265625,-4.33349609375,-0.7855224609375,0.5982666015625,-0.08837890625
0.134,306,374,454,309,-10.0,44.0,35.0,-0.6103515625,-2.50244140625,-4.82177734375,-0.788330078125,0.5992431640625,-0.090576171875
0.168,308,373,456,310,-10.0,44.0,35.0,-0.9765624403953552,-2.807616949081421,-5.187987804412842,-0.7921142578125,0.5980224609375,-0.0928955078125
0.168,308,372,456,310,-10.0,44.0,35.0,-1.5258787870407104,-2.929687261581421,-5.493163585662842,-0.796142578125,0.5933837890625,-0.09423828125
0.168,296,371,456,309,-10.0,44.0,35.0,-2.38037109375,-3.112792730331421,-5.676269054412842,-0.799560546875,0.5872802734375,-0.094970703125
0.169,308,363,452,308,-10.0,44.0,35.0,-3.417968511581421,-3.295898199081421,-5.615233898162842,-0.8001708984375,0.58154296875,-0.0921630859375
0.183,308,372,456,310,-14.0,45.0,36.0,-3.967284917831421,-3.601073980331421,-5.371093273162842,-0.796875,0.5784912109375,-0.0858154296875
0.192,309,367,454,310,-14.0,45.0,36.0,-3.967284917831421,-3.784179449081421,-5.249022960662842,-0.7916259765625,0.579833984375,-0.0806884765625
0.199,309,371,452,310,-14.0,45.0,36.0,-4.0283203125,-3.967284917831421,-5.432128429412842,-0.786376953125,0.585205078125,-0.07958984375
0.213,308,372,452,310,-14.0,45.0,36.0,-4.57763671875,-4.33349609375,-6.042479991912842,-0.7823486328125,0.59130859375,-0.0797119140625
0.221,308,372,452,308,-14.0,45.0,36.0,-5.737304210662842,-4.82177734375,-6.835937023162842,-0.77783203125,0.5897216796875,-0.0718994140625
0.242,310,371,449,310,-14.0,45.0,36.0,-5.981444835662842,-4.94384765625,-7.507323741912842,-0.7752685546875,0.584716796875,-0.0634765625
0.244,308,371,444,310,-14.0,45.0,36.0,-4.8828125,-4.5166015625,-7.629394054412842,-0.77685546875,0.587158203125,-0.0665283203125
0.264,310,372,441,310,-14.0,45.0,36.0,-4.2724609375,-4.33349609375,-7.690429210662842,-0.7825927734375,0.58984375,-0.0706787109375
0.264,309,373,444,310,-14.0,45.0,36.0,-4.7607421875,-4.638671875,-7.873534679412842,-0.7904052734375,0.5855712890625,-0.0701904296875
0.273,309,373,440,310,-14.0,45.0,36.0,-5.249022960662842,-4.5166015625,-7.934569835662842,-0.796875,0.5777587890625,-0.0704345703125
0.281,308,372,444,310,-9.0,45.0,38.0,-5.126952648162842,-3.967284917831421,-7.629394054412842,-0.80029296875,0.5689697265625,-0.07080078125
0.289,308,373,441,310,-9.0,45.0,38.0,-4.638671875,-3.356933355331421,-6.958007335662842,-0.8016357421875,0.5616455078125,-0.070068359375
0.303,310,373,439,308,-9.0,45.0,38.0,-4.0283203125,-2.868652105331421,-6.103515148162842,-0.8011474609375,0.5592041015625,-0.06884765625
0.312,310,372,439,310,-9.0,45.0,38.0,-3.356933355331421,-2.746581792831421,-5.249022960662842,-0.7987060546875,0.5611572265625,-0.06640625
0.320,310,373,444,309,-9.0,45.0,38.0,-2.563476324081421,-2.929687261581421,-4.57763671875,-0.7974853515625,0.56494140625,-0.0654296875
0.346,310,379,444,309,-9.0,45.0,38.0,-1.8920897245407104,-3.356933355331421,-4.0283203125,-0.8018798828125,0.573486328125,-0.0736083984375
0.347,308,379,441,310,-9.0,45.0,38.0,-1.6479490995407104,-3.784179449081421,-3.540038824081421,-0.8018798828125,0.573486328125,-0.0736083984375
0.368,309,379,446,309,-9.0,45.0,38.0,-1.6479490995407104,-4.150390625,-3.234863042831421,-0.8035888671875,0.574462890625,-0.0709228515625
0.368,310,379,439,308,-9.0,45.0,38.0,-1.7700194120407104,-4.33349609375,-3.112792730331421,-0.8048095703125,0.5723876953125,-0.0662841796875
0.382,310,379,441,309,-9.0,45.0,38.0,-1.8920897245407104,-4.45556640625,-2.990722417831421,-0.8048095703125,0.5723876953125,-0.0662841796875
0.382,309,380,447,309,-7.0,46.0,38.0,-2.01416015625,-4.57763671875,-2.929687261581421,-0.8021240234375,0.5706787109375,-0.064453125
0.393,308,385,447,310,-7.0,46.0,38.0,-2.0751953125,-4.7607421875,-2.990722417831421,-0.7938232421875,0.565673828125,-0.061279296875
0.402,309,384,449,310,-7.0,46.0,38.0,-2.13623046875,-4.94384765625,-3.112792730331421,-0.7938232421875,0.565673828125,-0.061279296875
0.410,310,384,452,308,-7.0,46.0,38.0,-2.0751953125,-5.187987804412842,-3.356933355331421,-0.79296875,0.5677490234375,-0.061767578125
0.423,310,386,452,309,-7.0,46.0,38.0,-2.0751953125,-5.493163585662842,-3.601073980331421,-0.7958984375,0.5782470703125,-0.0550537109375
0.432,310,382,456,310,-7.0,46.0,38.0,-1.9531248807907104,-5.798339366912842,-3.967284917831421,-0.7958984375,0.5782470703125,-0.0550537109375
0.442,308,384,454,310,-7.0,46.0,38.0,-1.7089842557907104,-5.920409679412842,-4.45556640625,-0.7982177734375,0.579833984375,-0.0526123046875
0.470,310,384,454,310,-7.0,46.0,38.0,-1.2817381620407104,-5.798339366912842,-4.8828125,-0.8023681640625,0.5755615234375,-0.0516357421875
0.471,309,369,430,309,-7.0,46.0,38.0,-0.9155272841453552,-5.554198741912842,-5.249022960662842,-0.8023681640625,0.5755615234375,-0.0516357421875
0.471,308,384,451,310,-7.0,46.0,38.0,-0.8544921278953552,-5.432128429412842,-5.554198741912842,-0.8021240234375,0.5733642578125,-0.0489501953125
0.488,308,387,449,308,-8.0,42.0,41.0,-0.9155272841453552,-5.432128429412842,-5.737304210662842,-0.8074951171875,0.5716552734375,-0.05224609375
0.492,310,386,452,309,-8.0,42.0,41.0,-0.9155272841453552,-5.432128429412842,-5.737304210662842,-0.8077392578125,0.5699462890625,-0.0555419921875
0.500,309,386,452,310,-8.0,42.0,41.0,-0.6103515625,-5.432128429412842,-5.859374523162842,-0.8077392578125,0.5699462890625,-0.0555419921875
0.515,308,386,452,310,-8.0,42.0,41.0,-0.1220703050494194,-5.676269054412842,-5.920409679412842,-0.8045654296875,0.558349609375,-0.0501708984375
0.522,309,390,452,310,-8.0,42.0,41.0,-0.1220703050494194,-5.676269054412842,-5.920409679412842,-0.8048095703125,0.55224609375,-0.04638671875
0.530,310,387,452,310,-8.0,42.0,41.0,-0.0610351525247097,-5.737304210662842,-5.676269054412842,-0.8048095703125,0.55224609375,-0.04638671875
0.544,308,391,456,310,-8.0,42.0,41.0,-0.6103515625,-5.676269054412842,-4.5166015625,-0.8045654296875,0.547607421875,-0.041259765625
0.552,310,391,465,310,-8.0,42.0,41.0,-0.6103515625,-5.676269054412842,-4.5166015625,-0.806396484375,0.5469970703125,-0.038818359375
0.575,308,393,465,310,-8.0,42.0,41.0,-1.03759765625,-5.615233898162842,-3.845214605331421,-0.806396484375,0.5469970703125,-0.038818359375
0.575,308,394,465,309,-6.0,43.0,35.0,-0.9155272841453552,-5.554198741912842,-2.990722417831421,-0.813720703125,0.5526123046875,-0.039794921875
0.582,309,393,465,309,-6.0,43.0,35.0,-0.9155272841453552,-5.554198741912842,-2.990722417831421,-0.8197021484375,0.55078125,-0.0418701171875
0.596,310,393,472,310,-6.0,43.0,35.0,-0.7934569716453552,-5.432128429412842,-2.624511480331421,-0.8197021484375,0.55078125,-0.0418701171875
0.603,309,395,479,310,-6.0,43.0,35.0,-0.8544921278953552,-5.310058116912842,-0.9765624403953552,-0.818359375,0.5570068359375,-0.0382080078125
0.613,308,396,488,310,-6.0,43.0,35.0,-0.8544921278953552,-5.310058116912842,-0.9765624403953552,-0.817626953125,0.5592041015625,-0.040283203125
0.620,310,396,485,310,-6.0,43.0,35.0,-0.7324218153953552,-5.310058116912842,-0.30517578125,-0.817626953125,0.5592041015625,-0.040283203125
0.634,310,396,493,309,-6.0,43.0,35.0,-1.3427733182907104,-5.310058116912842,1.2817381620407104,-0.8179931640625,0.5389404296875,-0.04248046875
0.647,309,398,498,310,-6.0,43.0,35.0,-2.01416015625,-5.371093273162842,2.868652105331421,-0.8072509765625,0.530029296875,-0.03271484375
0.650,310,399,504,308,-6.0,43.0,35.0,-2.01416015625,-5.371093273162842,2.868652105331421,-0.79150390625,0.5311279296875,-0.0211181640625
0.683,310,398,508,310,-6.0,43.0,35.0,-1.6479490995407104,-4.94384765625,5.187987804412842,-0.7808837890625,0.5401611328125,-0.0162353515625
0.684,309,399,510,310,-8.0,44.0,34.0,-0.9155272841453552,-4.7607421875,4.94384765625,-0.776611328125,0.5517578125,-0.018310546875
0.684,310,396,509,310,-8.0,44.0,34.0,-0.9155272841453552,-4.7607421875,4.94384765625,-0.7791748046875,0.563232421875,-0.02734375
0.701,308,399,512,310,-8.0,44.0,34.0,-0.30517578125,-5.432128429412842,3.845214605331421,-0.7879638671875,0.5726318359375,-0.0372314453125
0.702,310,396,512,308,-8.0,44.0,34.0,-0.4882812201976776,-6.042479991912842,3.784179449081421,-0.795166015625,0.572998046875,-0.0379638671875
0.710,309,402,518,311,-8.0,44.0,34.0,-0.4882812201976776,-6.042479991912842,3.784179449081421,-0.79541015625,0.56591796875,-0.0330810546875
0.723,308,402,523,310,-8.0,44.0,34.0,0.6713866591453552,-6.591796398162842,4.7607421875,-0.78564453125,0.5589599609375,-0.026611328125
0.733,310,402,531,310,-8.0,44.0,34.0,2.50244140625,-6.652831554412842,5.187987804412842,-0.7608642578125,0.5494384765625,-0.020751953125
0.739,310,402,538,310,-8.0,44.0,34.0,2.50244140625,-6.652831554412842,5.187987804412842,-0.724853515625,0.5321044921875,-0.0186767578125
0.755,308,419,552,310,-8.0,44.0,34.0,4.57763671875,-5.981444835662842,4.33349609375,-0.6832275390625,0.505126953125,-0.0145263671875
0.777,310,428,585,311,-8.0,44.0,34.0,3.540038824081421,-4.94384765625,3.295898199081421,-0.6199951171875,0.4671630859375,0.010009765625
0.778,309,435,631,310,-8.0,44.0,34.0,3.540038824081421,-4.94384765625,3.295898199081421,-0.5302734375,0.41552734375,0.0552978515625
0.783,309,456,693,310,-9.0,44.0,39.0,1.6479490995407104,-3.845214605331421,-2.807616949081421,-0.4141845703125,0.33203125,0.124755859375
0.797,309,478,732,310,-9.0,44.0,39.0,5.859374523162842,-4.69970703125,-10.803221702575684,-0.3153076171875,0.25927734375,0.194091796875
0.807,310,504,784,312,-9.0,44.0,39.0,17.578125,-5.187987804412842,-20.935056686401367,-0.2625732421875,0.2659912109375,0.2330322265625
0.813,310,551,912,311,-9.0,44.0,39.0,30.395505905151367,-6.408690929412842,-32.65380859375,-0.2132568359375,0.2939453125,0.259521484375
0.821,310,592,981,310,-9.0,44.0,39.0,36.62109375,-10.070799827575684,-45.898433685302734,-0.1842041015625,0.287109375,0.262939453125
0.829,310,636,1043,310,-9.0,44.0,39.0,37.59765625,-14.526366233825684,-57.739253997802734,-0.22998046875,0.3565673828125,0.2059326171875
0.851,308,703,1153,311,-9.0,44.0,39.0,39.4287109375,-13.732909202575684,-63.110347747802734,-0.47265625,0.6494140625,-0.01025390625
0.853,311,730,1198,312,-9.0,44.0,39.0,40.405269622802734,-3.845214605331421,-58.349605560302734,-0.9847412109375,1.1322021484375,-0.390869140625
0.859,310,758,1231,312,-9.0,44.0,39.0,31.066892623901367,5.493163585662842,-46.081539154052734,-1.43115234375,1.474609375,-0.6285400390625
0.885,310,793,1255,311,-6.0,42.0,36.0,9.3994140625,3.417968511581421,-34.5458984375,-1.638671875,1.3651123046875,-0.598876953125
0.885,295,803,1280,312,-6.0,42.0,36.0,-17.822265625,-9.8876953125,-27.099607467651367,-1.8070068359375,0.94970703125,-0.4276123046875
0.889,310,796,1268,312,-6.0,42.0,36.0,-40.344234466552734,-27.893064498901367,-20.507810592651367,-1.934326171875,0.4913330078125,-0.19873046875
0.916,310,779,1268,312,-6.0,42.0,36.0,-45.410152435302734,-38.14697265625,-14.892577171325684,-1.7882080078125,0.0343017578125,0.017822265625
0.916,310,755,1236,312,-6.0,42.0,36.0,-28.564451217651367,-33.203125,-13.305663108825684,-1.3809814453125,-0.24658203125,0.1571044921875
0.920,310,726,1191,311,-6.0,42.0,36.0,0.0610351525247097,-19.71435546875,-11.474608421325684,-1.0296630859375,-0.052734375,0.1474609375
0.933,309,712,1189,311,-6.0,42.0,36.0,24.841306686401367,-6.164550304412842,-4.57763671875,-0.859130859375,0.441650390625,0.0369873046875
0.941,309,713,1209,312,-6.0,42.0,36.0,36.56005859375,4.21142578125,1.5258787870407104,-0.8876953125,0.8494873046875,-0.1168212890625
1.000,310,711,1216,312,-6.0,42.0,36.0,33.5693359375,8.9111328125,2.624511480331421,-1.1380615234375,1.1217041015625,-0.2725830078125
1.000,310,688,1211,312,-6.0,42.0,36.0,14.160155296325684,3.906249761581421,2.624511480331421,-1.406982421875,1.2003173828125,-0.316650390625
1.000,310,668,1196,313,-5.0,43.0,39.0,-12.634276390075684,-6.591796398162842,3.662109136581421,-1.481201171875,1.01904296875,-0.2227783203125
1.000,310,638,1155,311,-5.0,43.0,39.0,-31.494138717651367,-14.038084983825684,6.103515148162842,-1.3677978515625,0.7548828125,-0.06689453125
1.000,310,594,1063,311,-5.0,43.0,39.0,-35.46142578125,-15.869139671325684,10.253905296325684,-1.1602783203125,0.5755615234375,0.1097412109375
1.001,310,558,1014,312,-5.0,43.0,39.0,-26.123044967651367,-13.610838890075684,13.488768577575684,-0.9566650390625,0.46435546875,0.249267578125
1.014,311,533,953,312,-5.0,43.0,39.0,-10.681151390075684,-8.23974609375,11.962889671325684,-0.8074951171875,0.36865234375,0.2615966796875
1.027,311,502,832,310,-5.0,43.0,39.0,3.723144292831421,-0.8544921278953552,5.676269054412842,-0.7064208984375,0.272216796875,0.1793212890625
1.032,310,486,779,312,-5.0,43.0,39.0,13.854979515075684,4.150390625,-3.723144292831421,-0.616455078125,0.162353515625,0.1151123046875
1.039,310,473,747,311,-5.0,43.0,39.0,21.484373092651367,6.042479991912842,-14.343260765075684,-0.542724609375,0.0614013671875,0.0045166015625
1.056,310,456,703,311,-5.0,43.0,39.0,29.846189498901367,11.047362327575684,-22.766111373901367,-0.531494140625,0.0709228515625,-0.1905517578125
1.061,310,449,684,312,-5.0,43.0,39.0,38.02490234375,17.7001953125,-25.024412155151367,-0.5762939453125,0.24609375,-0.304931640625
1.073,309,439,671,311,-6.0,44.0,41.0,39.48974609375,17.9443359375,-21.301267623901367,-0.6353759765625,0.4879150390625,-0.2918701171875
1.083,310,435,660,311,-6.0,44.0,41.0,31.433103561401367,11.840819358825684,-16.357421875,-0.6739501953125,0.663330078125,-0.24267578125
1.092,309,430,650,312,-6.0,44.0,41.0,15.624999046325684,3.417968511581421,-14.404295921325684,-0.6778564453125,0.6951904296875,-0.1800537109375
1.099,310,425,654,310,-6.0,44.0,41.0,-3.234863042831421,-4.7607421875,-15.502928733825684,-0.6607666015625,0.6177978515625,-0.0987548828125
1.113,310,430,642,310,-6.0,44.0,41.0,-17.15087890625,-10.681151390075684,-16.9677734375,-0.66552734375,0.4317626953125,0.039306640625
1.126,309,435,643,311,-6.0,44.0,41.0,-22.338865280151367,-13.610838890075684,-17.4560546875,-0.66552734375,0.4317626953125,0.039306640625
1.134,310,438,646,310,-6.0,44.0,41.0,-20.690916061401367,-14.343260765075684,-17.2119140625,-0.69140625,0.3837890625,0.0753173828125
1.143,309,441,654,311,-6.0,44.0,41.0,-15.502928733825684,-13.244627952575684,-16.29638671875,-0.7384033203125,0.4693603515625,0.0855712890625
1.161,310,447,649,310,-6.0,44.0,41.0,-10.559081077575684,-11.535643577575684,-14.892577171325684,-0.7384033203125,0.4693603515625,0.0855712890625
1.161,289,426,653,310,-6.0,44.0,41.0,-8.544921875,-11.840819358825684,-13.366698265075684,-0.789306640625,0.530517578125,0.091064453125
1.185,310,449,666,311,-4.0,43.0,34.0,-9.6435546875,-14.465331077575684,-12.084959983825684,-0.805908203125,0.50927734375,0.123291015625
1.188,310,449,671,311,-4.0,43.0,34.0,-10.437010765075684,-16.2353515625,-11.413573265075684,-0.805908203125,0.50927734375,0.123291015625
1.190,311,452,671,310,-4.0,43.0,34.0,-7.568358898162842,-14.709471702575684,-11.230467796325684,-0.8076171875,0.4456787109375,0.0950927734375
1.204,308,454,683,310,-4.0,43.0,34.0,-1.6479490995407104,-10.681151390075684,-10.437010765075684,-0.8240966796875,0.3900146484375,0.028076171875
1.212,311,455,684,311,-4.0,43.0,34.0,3.234863042831421,-6.835937023162842,-7.690429210662842,-0.8240966796875,0.3900146484375,0.028076171875
1.220,311,456,685,311,-4.0,43.0,34.0,4.69970703125,-4.82177734375,-3.051757574081421,-0.8165283203125,0.3984375,0.0184326171875
1.239,309,465,703,310,-4.0,43.0,34.0,2.563476324081421,-3.784179449081421,2.624511480331421,-0.755859375,0.38330078125,0.0118408203125
1.246,308,475,710,311,-4.0,43.0,34.0,-2.197265625,-3.051757574081421,8.48388671875,-0.68408203125,0.347412109375,0.0242919921875
1.249,310,483,740,310,-4.0,43.0,34.0,-7.385253429412842,-2.563476324081421,13.427733421325684,-0.68408203125,0.347412109375,0.0242919921875
1.263,308,505,780,311,-4.0,43.0,34.0,-11.596678733825684,-2.685546636581421,17.39501953125,-0.4390869140625,0.263671875,0.0936279296875
1.288,310,523,822,312,-4.0,42.0,38.0,-11.596678733825684,-2.685546636581421,17.39501953125,-0.327880859375,0.234130859375,0.122802734375
1.289,308,547,861,311,-4.0,42.0,38.0,-9.33837890625,-3.356933355331421,15.686034202575684,-0.327880859375,0.234130859375,0.122802734375
1.294,309,601,972,310,-4.0,42.0,38.0,-2.38037109375,-7.690429210662842,7.202147960662842,-0.1357421875,0.19677734375,0.2275390625
1.302,310,642,1063,312,-4.0,42.0,38.0,-2.38037109375,-7.690429210662842,7.202147960662842,0.0384521484375,0.0906982421875,0.3262939453125
1.310,310,693,1143,312,-4.0,42.0,38.0,2.0751953125,-11.108397483825684,-3.173827886581421,0.0384521484375,0.0906982421875,0.3262939453125
1.324,310,778,1243,312,-4.0,42.0,38.0,39.00146484375,-8.60595703125,-31.188962936401367,-0.302001953125,0.3348388671875,0.2071533203125
1.340,310,826,1297,312,-4.0,42.0,38.0,39.00146484375,-8.60595703125,-31.188962936401367,-0.9571533203125,0.9583740234375,-0.2347412109375
1.340,311,871,1344,312,-4.0,42.0,38.0,57.067867279052734,-6.103515148162842,-35.09521484375,-0.9571533203125,0.9583740234375,-0.2347412109375
1.366,310,922,1419,312,-4.0,42.0,38.0,28.747556686401367,0.4882812201976776,-33.3251953125,-2.1199951171875,1.317626953125,-0.8533935546875
1.367,311,943,1437,312,-4.0,42.0,38.0,28.747556686401367,0.4882812201976776,-33.3251953125,-2.2734375,1.003173828125,-0.469970703125
1.369,311,939,1444,312,-3.0,42.0,38.0,-10.681151390075684,-13.671874046325684,-32.958984375,-2.2734375,1.003173828125,-0.469970703125
1.387,310,883,1413,312,-3.0,42.0,38.0,-55.908199310302734,-44.494625091552734,-14.099120140075684,-1.9091796875,0.16943359375,0.2537841796875
1.393,310,834,1381,312,-3.0,42.0,38.0,-37.7197265625,-36.43798828125,-7.568358898162842,-1.2939453125,-0.13671875,0.3421630859375
1.400,310,820,1380,312,-3.0,42.0,38.0,-37.7197265625,-36.43798828125,-7.568358898162842,-0.87744140625,0.049072265625,0.2645263671875
1.414,310,813,1411,312,-3.0,42.0,38.0,32.28759765625,-0.2441406100988388,1.4038084745407104,-0.966064453125,0.6717529296875,0.03955078125
1.421,310,796,1400,312,-3.0,42.0,38.0,35.400390625,5.187987804412842,7.812499523162842,-1.4010009765625,1.2325439453125,-0.201416015625
1.430,310,771,1377,312,-3.0,42.0,38.0,35.400390625,5.187987804412842,7.812499523162842,-1.7005615234375,1.27294921875,-0.2431640625
1.444,310,723,1292,312,-3.0,42.0,38.0,-25.756834030151367,-9.70458984375,15.380858421325684,-1.667236328125,0.8992919921875,-0.0771484375
1.453,310,694,1258,312,-3.0,42.0,38.0,-42.846675872802734,-14.038084983825684,18.24951171875,-1.4151611328125,0.5491943359375,0.128662109375
1.473,311,659,1213,312,-3.0,42.0,38.0,-42.846675872802734,-14.038084983825684,18.24951171875,-1.1011962890625,0.3883056640625,0.26806640625
1.473,310,599,1092,298,-6.0,41.0,42.0,-22.521970748901367,-9.27734375,23.559568405151367,-0.828125,0.3551025390625,0.3231201171875
1.494,310,564,1055,312,-6.0,41.0,42.0,1.220703125,-4.33349609375,19.22607421875,-0.6644287109375,0.3515625,0.2796630859375
1.494,310,538,996,312,-6.0,41.0,42.0,1.220703125,-4.33349609375,19.22607421875,-0.5994873046875,0.331787109375,0.1568603515625
1.503,309,506,885,312,-6.0,41.0,42.0,32.89794921875,7.934569835662842,-4.82177734375,-0.5570068359375,0.2672119140625,0.0546875
1.513,312,481,840,312,-6.0,41.0,42.0,34.423828125,11.779784202575684,-17.9443359375,-0.536865234375,0.14306640625,-0.0081787109375
1.519,310,465,785,312,-6.0,41.0,42.0,34.423828125,11.779784202575684,-17.9443359375,-0.546875,0.0482177734375,-0.1326904296875
1.534,310,444,750,310,-6.0,41.0,42.0,32.5927734375,21.118162155151367,-27.404783248901367,-0.5777587890625,0.086669921875,-0.2825927734375
1.542,310,444,730,311,-6.0,41.0,42.0,31.311033248901367,23.742673873901367,-22.216794967651367,-0.618896484375,0.24560546875,-0.3096923828125
1.552,309,438,717,311,-6.0,41.0,42.0,23.620603561401367,18.24951171875,-14.892577171325684,-0.6500244140625,0.4267578125,-0.22412109375
1.569,310,437,714,311,-6.0,41.0,42.0,11.230467796325684,8.48388671875,-9.8876953125,-0.66162109375,0.5399169921875,-0.1297607421875
1.571,310,430,710,311,-4.0,42.0,43.0,-1.8310545682907104,-0.3662109076976776,-8.544921875,-0.6583251953125,0.55419921875,-0.063232421875
1.593,310,430,698,312,-4.0,42.0,43.0,-12.695311546325684,-6.591796398162842,-9.033203125,-0.6571044921875,0.5064697265625,-0.000732421875
1.597,309,435,691,311,-4.0,42.0,43.0,-18.6767578125,-10.375975608825684,-9.033203125,-0.6571044921875,0.4527587890625,0.059814453125
1.601,309,437,705,311,-4.0,42.0,43.0,-19.10400390625,-11.108397483825684,-8.11767578125,-0.664306640625,0.4217529296875,0.097900390625
1.610,310,439,710,310,-4.0,42.0,43.0,-16.66259765625,-9.33837890625,-7.141112804412842,-0.687255859375,0.4322509765625,0.119140625
1.624,310,447,728,310,-4.0,42.0,43.0,-14.648436546325684,-7.568358898162842,-6.408690929412842,-0.735107421875,0.4820556640625,0.1422119140625
1.632,311,450,741,311,-4.0,42.0,43.0,-15.075682640075684,-8.23974609375,-6.225585460662842,-0.77392578125,0.5142822265625,0.17529296875
1.640,310,451,750,312,-4.0,42.0,43.0,-16.2353515625,-10.192870140075684,-6.896972179412842,-0.7791748046875,0.4786376953125,0.1925048828125
1.659,310,455,763,310,-4.0,42.0,43.0,-15.136717796325684,-10.498045921325684,-7.507323741912842,-0.7646484375,0.3934326171875,0.179931640625
1.662,310,463,763,311,-4.0,42.0,43.0,-10.803221702575684,-8.36181640625,-6.408690929412842,-0.754150390625,0.3355712890625,0.1490478515625
1.669,310,469,771,310,-3.0,40.0,35.0,-4.8828125,-5.187987804412842,-2.50244140625,-0.762451171875,0.341064453125,0.11767578125
1.699,309,480,785,311,-3.0,40.0,35.0,-0.4882812201976776,-2.990722417831421,2.990722417831421,-0.7742919921875,0.3680419921875,0.0921630859375
1.700,310,483,799,310,-3.0,40.0,35.0,0.30517578125,-2.807616949081421,8.4228515625,-0.7655029296875,0.3724365234375,0.0712890625
1.700,294,496,810,310,-3.0,40.0,35.0,-0.9155272841453552,-3.601073980331421,13.244627952575684,-0.7332763671875,0.346923828125,0.049560546875
1.713,310,506,830,310,-3.0,40.0,35.0,-1.8310545682907104,-3.845214605331421,17.39501953125,-0.699951171875,0.3157958984375,0.0264892578125
1.721,308,519,861,312,-3.0,40.0,35.0,-1.5869139432907104,-3.356933355331421,20.690916061401367,-0.6766357421875,0.3106689453125,0.0174560546875
1.730,310,530,902,312,-3.0,40.0,35.0,-1.5258787870407104,-2.624511480331421,23.010251998901367,-0.649658203125,0.333984375,0.0333251953125
1.743,310,566,939,311,-3.0,40.0,35.0,-3.906249761581421,-1.8920897245407104,23.559568405151367,-0.5992431640625,0.34716796875,0.06982421875
1.752,310,587,986,313,-3.0,40.0,35.0,-9.82666015625,-0.9155272841453552,21.789548873901367,-0.5054931640625,0.3094482421875,0.12255859375
1.764,310,620,1056,311,-3.0,40.0,35.0,-15.563963890075684,0.0,17.7001953125,-0.33642578125,0.212158203125,0.208984375
1.773,311,682,1196,312,-3.0,42.0,37.0,-11.657713890075684,0.8544921278953552,10.253905296325684,-0.105712890625,0.0899658203125,0.30517578125
1.781,310,732,1268,312,-3.0,42.0,37.0,9.033203125,2.38037109375,-2.25830078125,0.05126953125,0.0225830078125,0.3480224609375
1.792,310,784,1334,312,-3.0,42.0,37.0,42.175289154052734,4.33349609375,-18.798828125,-0.0498046875,0.1629638671875,0.30322265625
1.809,310,875,1419,313,-3.0,42.0,37.0,70.37353515625,6.774901866912842,-32.71484375,-0.600830078125,0.618896484375,0.005126953125
1.812,310,918,1464,313,-3.0,42.0,37.0,74.8291015625,10.864256858825684,-37.17041015625,-1.4156494140625,1.0859375,-0.484375
1.819,312,959,1499,312,-3.0,42.0,37.0,53.100582122802734,11.108397483825684,-34.5458984375,-2.0059814453125,1.1304931640625,-0.68017578125
1.833,311,994,1538,311,-3.0,42.0,37.0,16.845703125,-0.1831054538488388,-28.991697311401367,-2.2198486328125,0.8358154296875,-0.4300537109375
1.843,310,982,1526,312,-3.0,42.0,37.0,-16.17431640625,-17.822265625,-20.080564498901367,-2.2137451171875,0.6104736328125,-0.094482421875
1.850,311,955,1498,313,-3.0,42.0,37.0,-30.090330123901367,-28.686521530151367,-9.033203125,-2.043701171875,0.5743408203125,0.0694580078125
1.863,310,895,1441,312,-1.0,40.0,44.0,-25.024412155151367,-26.245115280151367,-1.9531248807907104,-0.95068359375,0.2337646484375,0.2691650390625
1.880,310,882,1427,311,-1.0,40.0,44.0,-5.0048828125,-11.169432640075684,-2.868652105331421,-0.95068359375,0.2337646484375,0.2691650390625
1.880,310,877,1444,312,-1.0,40.0,44.0,18.6767578125,7.324218273162842,-6.164550304412842,-0.8128662109375,0.4527587890625,0.1065673828125
1.907,309,852,1424,311,-1.0,40.0,44.0,24.169919967651367,17.51708984375,-6.958007335662842,-1.6806640625,1.157958984375,-0.3629150390625
1.907,312,820,1392,312,-1.0,40.0,44.0,3.540038824081421,13.122557640075684,-5.310058116912842,-1.6806640625,1.157958984375,-0.3629150390625
1.909,310,785,1353,311,-1.0,40.0,44.0,-32.65380859375,-1.8310545682907104,-0.8544921278953552,-1.928466796875,1.034912109375,-0.246826171875
1.931,310,725,1268,312,-1.0,40.0,44.0,-61.889644622802734,-14.953612327575684,7.080077648162842,-1.53564453125,0.5478515625,0.2684326171875
1.933,310,685,1219,314,-1.0,40.0,44.0,-70.49560546875,-18.9208984375,18.310546875,-1.53564453125,0.5478515625,0.2684326171875
1.939,310,644,1162,312,-1.0,40.0,44.0,-59.753414154052734,-14.404295921325684,27.832029342651367,-1.173828125,0.41064453125,0.400390625
1.953,310,574,1029,313,-1.0,40.0,44.0,-34.5458984375,-5.310058116912842,29.602048873901367,-0.5819091796875,0.2674560546875,0.3155517578125
1.963,310,537,947,311,-4.0,41.0,44.0,-4.5166015625,5.065917491912842,21.301267623901367,-0.5819091796875,0.2674560546875,0.3155517578125
1.983,314,509,884,312,-4.0,41.0,44.0,18.798828125,14.221190452575684,5.798339366912842,-0.4593505859375,0.1815185546875,0.1474609375
1.986,310,466,770,311,-4.0,41.0,44.0,30.517576217651367,20.080564498901367,-11.901854515075684,-0.3775634765625,-0.0574951171875,-0.04443359375
2.006,310,449,722,311,-4.0,41.0,44.0,33.38623046875,22.644041061401367,-26.000974655151367,-0.3775634765625,-0.0574951171875,-0.04443359375
2.007,310,437,691,311,-4.0,41.0,44.0,33.38623046875,25.146482467651367,-31.066892623901367,-0.4207763671875,-0.0631103515625,-0.2034912109375
2.013,310,423,664,312,-4.0,41.0,44.0,36.1328125,28.442380905151367,-14.953612327575684,-0.5850830078125,0.3096923828125,-0.3565673828125
2.021,310,418,644,310,-4.0,41.0,44.0,36.1328125,28.442380905151367,-14.953612327575684,-0.6605224609375,0.5184326171875,-0.2724609375
2.034,310,417,633,310,-4.0,41.0,44.0,29.846189498901367,20.446775436401367,-6.286620616912842,-0.6605224609375,0.5184326171875,-0.2724609375
2.043,310,420,618,311,-4.0,41.0,44.0,-3.540038824081421,-3.417968511581421,-2.990722417831421,-0.6610107421875,0.61474609375,-0.091064453125
2.051,309,423,619,310,-4.0,41.0,44.0,-3.540038824081421,-3.417968511581421,-2.990722417831421,-0.6434326171875,0.515869140625,-0.0023193359375
2.059,309,428,616,310,-4.0,41.0,44.0,-18.24951171875,-11.779784202575684,-4.7607421875,-0.6434326171875,0.515869140625,-0.0023193359375
2.087,309,441,628,310,-2.0,40.0,42.0,-23.559568405151367,-17.7001953125,-7.385253429412842,-0.6478271484375,0.394775390625,0.1500244140625
2.087,310,447,631,311,-2.0,40.0,42.0,-23.559568405151367,-17.7001953125,-7.385253429412842,-0.7042236328125,0.440673828125,0.1923828125
2.109,310,452,634,310,-2.0,40.0,42.0,-19.34814453125,-16.11328125,-7.446288585662842,-0.7042236328125,0.440673828125,0.1923828125
2.109,310,456,660,310,-2.0,40.0,42.0,-17.15087890625,-16.29638671875,-7.568358898162842,-0.726318359375,0.4951171875,0.2735595703125
2.111,310,457,683,310,-2.0,40.0,42.0,-17.15087890625,-16.29638671875,-7.568358898162842,-0.7001953125,0.4129638671875,0.2607421875
2.120,308,465,689,310,-2.0,40.0,42.0,-14.221190452575684,-16.2353515625,-9.82666015625,-0.7001953125,0.4129638671875,0.2607421875
2.134,310,465,707,311,-2.0,40.0,42.0,0.7934569716453552,-9.58251953125,-11.230467796325684,-0.75341796875,0.38623046875,0.127197265625
2.148,310,468,720,312,-2.0,40.0,42.0,0.7934569716453552,-9.58251953125,-11.230467796325684,-0.8043212890625,0.4161376953125,0.0819091796875
2.150,310,472,737,308,-2.0,40.0,42.0,4.638671875,-6.530761241912842,-8.7890625,-0.8043212890625,0.4161376953125,0.0819091796875
2.164,311,479,780,311,-3.0,40.0,36.0,-2.01416015625,-5.493163585662842,-2.197265625,-0.8416748046875,0.3837890625,0.0230712890625
2.171,310,485,799,310,-3.0,40.0,36.0,-7.812499523162842,-5.310058116912842,2.44140625,-0.8236083984375,0.318603515625,0.008544921875
2.210,308,517,889,312,-3.0,40.0,36.0,-14.038084983825684,-3.601073980331421,13.305663108825684,-0.722900390625,0.2022705078125,0.0230712890625
2.211,308,537,912,311,-3.0,40.0,36.0,-12.817381858825684,-2.746581792831421,18.5546875,-0.6417236328125,0.20654296875,0.042724609375
2.211,308,554,948,311,-3.0,40.0,36.0,-12.817381858825684,-2.746581792831421,18.5546875,-0.57275390625,0.2451171875,0.053466796875
2.223,310,601,1050,311,-3.0,40.0,36.0,-13.916014671325684,-2.807616949081421,22.583005905151367,-0.4925537109375,0.2750244140625,0.0728759765625
2.231,308,632,1122,314,-3.0,40.0,36.0,-20.996091842651367,-3.723144292831421,19.10400390625,-0.35302734375,0.22314453125,0.1485595703125
2.239,310,667,1186,312,-3.0,40.0,36.0,-20.996091842651367,-3.723144292831421,19.10400390625,-0.1976318359375,0.12158203125,0.24169921875
2.253,310,732,1285,312,-3.0,40.0,36.0,-7.019042491912842,1.7700194120407104,4.33349609375,-0.101806640625,0.0615234375,0.330810546875
2.262,311,792,1352,312,-4.0,42.0,42.0,21.301267623901367,3.784179449081421,-6.042479991912842,-0.15087890625,0.1185302734375,0.414306640625
2.269,310,855,1400,312,-4.0,42.0,42.0,21.301267623901367,3.784179449081421,-6.042479991912842,-0.5614013671875,0.390869140625,0.3345947265625
2.285,311,944,1478,312,-4.0,42.0,42.0,74.70703125,-2.990722417831421,-24.719236373901367,-1.3092041015625,0.85693359375,-0.0367431640625
2.317,310,976,1519,312,-4.0,42.0,42.0,75.3173828125,-1.4648436307907104,-27.099607467651367,-2.024169921875,1.2354736328125,-0.51123046875
2.318,310,968,1553,312,-4.0,42.0,42.0,75.3173828125,-1.4648436307907104,-27.099607467651367,-2.391357421875,1.208740234375,-0.661865234375
2.318,310,980,1513,299,-4.0,42.0,42.0,5.981444835662842,0.3662109076976776,-22.155759811401367,-2.38916015625,0.865966796875,-0.42431640625
2.322,310,959,1521,314,-4.0,42.0,42.0,-32.89794921875,-9.70458984375,-15.808104515075684,-1.985107421875,0.41748046875,-0.011962890625
2.330,311,931,1483,312,-4.0,42.0,42.0,-40.832515716552734,-12.512206077575684,-9.033203125,-1.2977294921875,0.01513671875,0.35498046875
2.343,309,893,1454,311,-4.0,42.0,42.0,-13.549803733825684,-2.868652105331421,-4.8828125,-0.8455810546875,0.0699462890625,0.3646240234375
2.352,310,886,1460,313,-4.0,42.0,42.0,20.568845748901367,8.85009765625,-2.01416015625,-0.9161376953125,0.5947265625,0.0333251953125
2.360,309,875,1449,312,-3.0,40.0,44.0,30.822751998901367,10.986327171325684,-2.0751953125,-1.3704833984375,1.122314453125,-0.3028564453125
2.373,310,840,1397,312,-3.0,40.0,44.0,9.94873046875,1.4648436307907104,-6.225585460662842,-1.77978515625,1.24658203125,-0.3642578125
2.390,312,809,1365,313,-3.0,40.0,44.0,-25.512693405151367,-11.718749046325684,-10.986327171325684,-1.8411865234375,0.962890625,-0.145263671875
2.390,310,772,1309,313,-3.0,40.0,44.0,-49.438472747802734,-19.22607421875,-11.169432640075684,-1.6295166015625,0.60791015625,0.1280517578125
2.419,311,717,1241,312,-3.0,40.0,44.0,-50.842281341552734,-18.24951171875,-6.103515148162842,-1.3232421875,0.3822021484375,0.2880859375
2.419,294,683,1185,312,-3.0,40.0,44.0,-34.85107421875,-11.413573265075684,0.6103515625,-1.0118408203125,0.298828125,0.33203125
2.420,310,639,1086,296,-3.0,40.0,44.0,-13.183592796325684,-3.417968511581421,4.5166015625,-0.7322998046875,0.2513427734375,0.3095703125
2.433,310,574,1000,312,-3.0,40.0,44.0,6.774901866912842,3.540038824081421,3.112792730331421,-0.5413818359375,0.194091796875,0.2252197265625
2.442,310,548,934,311,-3.0,40.0,44.0,21.179197311401367,8.4228515625,-2.3193359375,-0.44775390625,0.1451416015625,0.118896484375
2.450,310,522,873,313,-3.0,40.0,44.0,27.404783248901367,9.3994140625,-9.58251953125,-0.4288330078125,0.0655517578125,0.0626220703125
2.465,310,483,805,312,0.0,39.0,39.0,28.869626998901367,7.690429210662842,-17.2119140625,-0.47509765625,-0.044189453125,0.026611328125
2.472,310,465,785,311,0.0,39.0,39.0,30.883787155151367,7.629394054412842,-22.705076217651367,-0.522705078125,-0.0689697265625,-0.0718994140625
2.494,310,456,773,311,0.0,39.0,39.0,33.87451171875,11.718749046325684,-23.742673873901367,-0.5653076171875,0.0736083984375,-0.2132568359375
2.494,310,452,750,309,0.0,39.0,39.0,33.38623046875,14.648436546325684,-20.01953125,-0.6280517578125,0.306884765625,-0.28466796875
2.518,310,447,749,310,0.0,39.0,39.0,24.719236373901367,9.6435546875,-14.343260765075684,-0.6759033203125,0.498046875,-0.2431640625
2.519,310,449,733,312,0.0,39.0,39.0,8.4228515625,-1.0986328125,-9.521484375,-0.6932373046875,0.575927734375,-0.1468505859375
2.524,310,456,741,311,0.0,39.0,39.0,-9.21630859375,-11.047362327575684,-7.202147960662842,-0.6851806640625,0.530517578125,-0.03857421875
2.532,310,456,751,312,0.0,39.0,39.0,-20.568845748901367,-16.845703125,-7.385253429412842,-0.6617431640625,0.439453125,0.0648193359375
2.539,312,465,763,311,0.0,39.0,39.0,-22.399900436401367,-18.12744140625,-7.995604991912842,-0.65380859375,0.3868408203125,0.13671875
2.553,310,476,780,311,0.0,39.0,39.0,-17.7001953125,-16.29638671875,-7.812499523162842,-0.684814453125,0.39111328125,0.166015625
2.562,310,481,794,312,-4.0,39.0,37.0,-12.756346702575684,-13.671874046325684,-7.202147960662842,-0.734130859375,0.41357421875,0.15771484375
2.570,310,488,809,312,-4.0,39.0,37.0,-12.084959983825684,-11.291502952575684,-6.286620616912842,-0.7696533203125,0.4100341796875,0.150390625
2.584,310,498,826,309,-4.0,39.0,37.0,-15.441893577575684,-10.559081077575684,-4.57763671875,-0.776611328125,0.3701171875,0.1834716796875
2.599,310,504,830,311,-4.0,39.0,37.0,-18.1884765625,-11.291502952575684,-2.38037109375,-0.7681884765625,0.3057861328125,0.215087890625
2.600,311,512,848,310,-4.0,39.0,37.0,-16.17431640625,-10.864256858825684,0.6103515625,-0.7686767578125,0.264892578125,0.1976318359375
2.625,310,530,873,311,-4.0,39.0,37.0,-10.131834983825684,-8.6669921875,5.249022960662842,-0.7935791015625,0.2894287109375,0.151123046875
2.625,311,538,888,298,-4.0,39.0,37.0,-4.5166015625,-6.896972179412842,10.925292015075684,-0.823486328125,0.345947265625,0.1112060546875
2.631,310,548,916,312,-4.0,39.0,37.0,-1.6479490995407104,-6.347655773162842,15.869139671325684,-0.812255859375,0.3580322265625,0.0927734375
2.644,310,566,955,311,-4.0,39.0,37.0,-0.9155272841453552,-5.554198741912842,19.53125,-0.6351318359375,0.2288818359375,0.1204833984375
2.653,310,586,989,312,-4.0,39.0,37.0,-1.0986328125,-3.784179449081421,22.460935592651367,-0.6351318359375,0.2288818359375,0.1204833984375
2.661,310,601,1022,312,-2.0,39.0,41.0,0.6713866591453552,-2.44140625,24.658201217651367,-0.5408935546875,0.22265625,0.1328125
2.675,310,636,1100,311,-2.0,39.0,41.0,5.310058116912842,-2.990722417831421,25.756834030151367,-0.4410400390625,0.365234375,0.1326904296875
2.683,311,664,1145,312,-2.0,39.0,41.0,8.056640625,-5.249022960662842,24.536130905151367,-0.4410400390625,0.365234375,0.1326904296875
2.694,310,705,1196,312,-2.0,39.0,41.0,6.347655773162842,-6.896972179412842,19.34814453125,-0.362060546875,0.3524169921875,0.1673583984375
2.725,310,799,1336,312,-2.0,39.0,41.0,13.671874046325684,-6.286620616912842,-6.347655773162842,-0.349853515625,0.156005859375,0.2755126953125
2.725,311,846,1395,313,-2.0,39.0,41.0,13.671874046325684,-6.286620616912842,-6.347655773162842,-0.6353759765625,0.1849365234375,0.1495361328125
2.725,294,891,1447,312,-2.0,39.0,41.0,36.376953125,-5.981444835662842,-25.695798873901367,-0.6353759765625,0.1849365234375,0.1495361328125
2.735,310,966,1514,314,-2.0,39.0,41.0,61.584468841552734,1.3427733182907104,-43.273921966552734,-1.4354248046875,0.631103515625,-0.393798828125
2.743,310,1000,1543,314,-2.0,39.0,41.0,61.584468841552734,1.3427733182907104,-43.273921966552734,-1.671142578125,0.70751953125,-0.445556640625
2.750,310,1022,1574,314,-2.0,39.0,41.0,39.12353515625,-1.4648436307907104,-38.75732421875,-1.671142578125,0.70751953125,-0.445556640625
2.765,310,1050,1607,312,-1.0,39.0,41.0,-21.789548873901367,-24.047849655151367,-25.451658248901367,-1.8861083984375,0.7364501953125,-0.07568359375
2.773,310,1035,1579,314,-1.0,39.0,41.0,-21.789548873901367,-24.047849655151367,-25.451658248901367,-1.9515380859375,0.826171875,0.1090087890625
2.781,311,998,1543,313,-1.0,39.0,41.0,-31.860349655151367,-32.04345703125,-19.83642578125,-1.9515380859375,0.826171875,0.1090087890625
2.797,310,938,1499,310,-1.0,39.0,41.0,-20.080564498901367,-21.850584030151367,-16.41845703125,-1.125732421875,0.0982666015625,0.453857421875
2.803,310,938,1499,314,-1.0,39.0,41.0,-20.080564498901367,-21.850584030151367,-16.41845703125,-0.88037109375,0.105224609375,0.3624267578125
2.834,310,932,1490,313,-1.0,39.0,41.0,2.929687261581421,-3.173827886581421,-14.831542015075684,-0.88037109375,0.105224609375,0.3624267578125
2.835,310,902,1444,313,-1.0,39.0,41.0,2.3193359375,7.629394054412842,-1.7089842557907104,-1.6141357421875,1.005859375,-0.1065673828125
2.835,310,873,1407,312,-1.0,39.0,41.0,2.3193359375,7.629394054412842,-1.7089842557907104,-1.804931640625,0.9173583984375,-0.05322265625
2.841,310,840,1357,313,-1.0,39.0,41.0,-24.047849655151367,1.2817381620407104,-2.25830078125,-1.7164306640625,0.677734375,0.090087890625
2.855,310,778,1267,312,-1.0,39.0,41.0,-44.311519622802734,-3.784179449081421,-3.906249761581421,-1.492431640625,0.4859619140625,0.1859130859375
2.866,310,728,1215,312,0.0,38.0,41.0,-34.3017578125,-2.197265625,0.54931640625,-1.2315673828125,0.3536376953125,0.2347412109375
2.871,310,687,1157,312,0.0,38.0,41.0,-34.3017578125,-2.197265625,0.54931640625,-0.9759521484375,0.2857666015625,0.2227783203125
2.885,311,620,1069,312,0.0,38.0,41.0,-7.995604991912842,6.958007335662842,9.09423828125,-0.7364501953125,0.2293701171875,0.184326171875
2.899,310,588,1008,311,0.0,38.0,41.0,0.7324218153953552,11.535643577575684,9.70458984375,-0.55224609375,0.1546630859375,0.1539306640625
2.901,310,562,972,312,0.0,38.0,41.0,0.7324218153953552,11.535643577575684,9.70458984375,-0.4454345703125,0.1014404296875,0.1226806640625
2.942,310,513,888,310,0.0,38.0,41.0,11.108397483825684,15.930174827575684,-0.0610351525247097,-0.4178466796875,0.0771484375,0.0872802734375
2.942,310,498,827,311,0.0,38.0,41.0,12.145995140075684,15.075682640075684,-7.080077648162842,-0.454345703125,0.026123046875,0.0538330078125
2.945,310,481,820,311,0.0,38.0,41.0,12.145995140075684,15.075682640075684,-7.080077648162842,-0.5020751953125,-0.018310546875,0.050048828125
2.945,310,466,780,297,0.0,38.0,41.0,17.15087890625,10.620116233825684,-17.15087890625,-0.541748046875,0.056884765625,0.0010986328125
2.953,310,465,793,311,0.0,38.0,41.0,19.34814453125,11.047362327575684,-14.953612327575684,-0.5989990234375,0.237060546875,-0.1240234375
2.961,310,457,790,312,-3.0,37.0,43.0,19.34814453125,11.047362327575684,-14.953612327575684,-0.670166015625,0.4036865234375,-0.18310546875
2.975,311,463,785,310,-3.0,37.0,43.0,10.803221702575684,7.141112804412842,-3.051757574081421,-0.713134765625,0.479248046875,-0.123046875
2.983,310,456,794,311,-3.0,37.0,43.0,0.9765624403953552,0.4882812201976776,0.2441406100988388,-0.716064453125,0.46435546875,-0.0177001953125
2.991,310,465,802,308,-3.0,37.0,43.0,-8.11767578125,-4.5166015625,0.3662109076976776,-0.7069091796875,0.413818359375,0.0693359375
3.004,310,479,810,310,-3.0,37.0,43.0,-12.878417015075684,-6.469726085662842,-0.6713866591453552,-0.71923828125,0.391845703125,0.1195068359375
3.031,310,480,819,312,-3.0,37.0,43.0,-13.610838890075684,-6.225585460662842,-0.8544921278953552,-0.7593994140625,0.3983154296875,0.1436767578125
3.031,294,483,799,314,-3.0,37.0,43.0,-13.366698265075684,-5.0048828125,0.1220703050494194,-0.797119140625,0.3798828125,0.1544189453125
3.031,310,486,809,298,-3.0,37.0,43.0,-13.366698265075684,-5.0048828125,0.1220703050494194,-0.8116455078125,0.3223876953125,0.1793212890625
3.049,310,497,859,310,-3.0,37.0,43.0,-15.747069358825684,-2.50244140625,5.310058116912842,-0.79541015625,0.260498046875,0.2274169921875
3.052,310,504,873,312,-3.0,37.0,43.0,-14.770506858825684,-2.25830078125,9.3994140625,-0.7667236328125,0.22412109375,0.248046875
3.060,309,513,888,312,-3.0,38.0,42.0,-14.770506858825684,-2.25830078125,9.3994140625,-0.7552490234375,0.2265625,0.210693359375
3.073,309,530,916,311,-3.0,38.0,42.0,0.0,-1.15966796875,17.08984375,-0.7567138671875,0.271240234375,0.140625
3.082,310,540,928,312,-3.0,38.0,42.0,6.286620616912842,-0.8544921278953552,20.202634811401367,-0.752685546875,0.33544921875,0.0758056640625
3.090,312,548,943,312,-3.0,38.0,42.0,9.09423828125,-0.6713866591453552,22.094724655151367,-0.727294921875,0.377685546875,0.045166015625
3.103,311,572,984,310,-3.0,38.0,42.0,8.97216796875,-0.1220703050494194,22.583005905151367,-0.6759033203125,0.3800048828125,0.0526123046875
3.111,310,592,1034,312,-3.0,38.0,42.0,5.676269054412842,0.7934569716453552,22.155759811401367,-0.603515625,0.351806640625,0.0819091796875
3.136,308,614,1074,312,-3.0,38.0,42.0,1.7700194120407104,1.6479490995407104,20.385740280151367,-0.524658203125,0.3165283203125,0.1126708984375
3.136,294,649,1139,294,-3.0,38.0,42.0,-0.1220703050494194,1.8310545682907104,17.333984375,-0.449462890625,0.2886962890625,0.1405029296875
3.148,311,685,1188,310,-3.0,38.0,42.0,-0.1831054538488388,0.4882812201976776,12.451170921325684,-0.363037109375,0.25537109375,0.1788330078125
3.150,310,725,1250,312,-3.0,38.0,42.0,4.150390625,-2.3193359375,4.7607421875,-0.274169921875,0.214111328125,0.216552734375
3.163,310,827,1392,311,-3.0,37.0,40.0,18.37158203125,-5.126952648162842,-6.408690929412842,-0.3358154296875,0.2144775390625,0.2071533203125
3.172,312,882,1444,312,-3.0,37.0,40.0,41.687007904052734,-6.958007335662842,-20.263669967651367,-0.6297607421875,0.28662109375,0.1075439453125
3.180,310,933,1487,314,-3.0,37.0,40.0,59.570308685302734,-5.493163585662842,-32.53173828125,-1.0352783203125,0.393310546875,-0.0628662109375
3.193,310,1000,1555,312,-3.0,37.0,40.0,57.495113372802734,-1.03759765625,-36.62109375,-1.4049072265625,0.4825439453125,-0.2110595703125
3.208,310,1024,1580,312,-3.0,37.0,40.0,36.43798828125,0.3662109076976776,-31.433103561401367,-1.633056640625,0.4920654296875,-0.2587890625
3.210,311,1042,1608,313,-3.0,37.0,40.0,10.559081077575684,-4.8828125,-21.850584030151367,-1.7249755859375,0.4893798828125,-0.1978759765625
3.235,310,1066,1627,312,-3.0,37.0,40.0,-5.493163585662842,-13.366698265075684,-11.230467796325684,-1.804443359375,0.654541015625,-0.1124267578125
3.236,312,1043,1602,313,-3.0,37.0,40.0,-13.305663108825684,-20.446775436401367,-1.3427733182907104,-1.9144287109375,0.851318359375,-0.000244140625
3.240,310,1022,1580,314,-3.0,37.0,40.0,-21.667478561401367,-23.620603561401367,4.8828125,-1.7291259765625,0.63671875,0.2410888671875
3.257,310,984,1536,314,-1.0,39.0,40.0,-22.766111373901367,-17.51708984375,5.554198741912842,-1.1973876953125,0.1563720703125,0.468994140625
3.262,310,973,1519,314,-1.0,39.0,40.0,-3.417968511581421,-2.746581792831421,4.69970703125,-0.8045654296875,0.110595703125,0.4091796875
3.273,311,971,1528,312,-1.0,39.0,40.0,23.315427780151367,10.375975608825684,3.540038824081421,-0.8065185546875,0.528076171875,0.097900390625
3.284,310,955,1513,312,-1.0,39.0,40.0,33.447265625,14.526366233825684,-3.234863042831421,-1.14453125,0.9388427734375,-0.1783447265625
3.292,311,938,1499,314,-1.0,39.0,40.0,17.76123046875,8.11767578125,-15.136717796325684,-1.560791015625,1.010986328125,-0.2237548828125
3.300,311,917,1472,312,-1.0,39.0,40.0,-13.488768577575684,-2.807616949081421,-25.085447311401367,-1.7620849609375,0.7471923828125,-0.0604248046875
3.314,310,854,1403,312,-1.0,39.0,40.0,-35.82763671875,-9.70458984375,-26.367185592651367,-1.7237548828125,0.4927978515625,0.134033203125
3.334,310,818,1348,314,-1.0,39.0,40.0,-39.0625,-10.498045921325684,-17.39501953125,-1.5718994140625,0.4061279296875,0.216064453125
3.337,310,775,1305,314,-1.0,39.0,40.0,-29.968259811401367,-7.080077648162842,-3.479003667831421,-1.3638916015625,0.35498046875,0.234130859375
3.344,310,713,1204,312,-1.0,39.0,40.0,-16.54052734375,-1.5869139432907104,7.568358898162842,-1.10107421875,0.2989501953125,0.260498046875
3.353,310,678,1156,313,-1.0,38.0,45.0,-5.798339366912842,5.187987804412842,12.878417015075684,-0.8223876953125,0.268310546875,0.253173828125
3.364,310,639,1098,311,-1.0,38.0,45.0,-0.3662109076976776,11.901854515075684,13.122557640075684,-0.6025390625,0.239990234375,0.2052001953125
3.374,310,592,1022,313,-1.0,38.0,45.0,3.601073980331421,16.41845703125,9.1552734375,-0.4822998046875,0.21533203125,0.1328125
3.389,309,558,974,313,-1.0,38.0,45.0,6.896972179412842,18.24951171875,2.25830078125,-0.4527587890625,0.1923828125,0.068115234375
3.390,310,537,902,310,-1.0,38.0,45.0,7.446288585662842,17.63916015625,-5.859374523162842,-0.47265625,0.1307373046875,0.053955078125
3.411,310,508,864,310,-1.0,38.0,45.0,7.690429210662842,16.357421875,-13.916014671325684,-0.5711669921875,-0.069091796875,0.028076171875
3.412,310,499,823,310,-1.0,38.0,45.0,10.009765625,16.29638671875,-18.73779296875,-0.5711669921875,-0.069091796875,0.028076171875
3.420,310,497,832,312,-1.0,38.0,45.0,12.939452171325684,17.51708984375,-16.6015625,-0.603271484375,0.0057373046875,-0.072265625
3.437,309,494,822,311,-1.0,38.0,45.0,13.916014671325684,17.76123046875,-8.60595703125,-0.707763671875,0.4091796875,-0.1629638671875
3.451,310,493,818,312,-1.0,38.0,45.0,11.474608421325684,13.671874046325684,0.6713866591453552,-0.707763671875,0.4091796875,-0.1629638671875
3.451,312,479,820,310,-1.0,38.0,45.0,5.249022960662842,5.981444835662842,6.652831554412842,-0.734130859375,0.5018310546875,-0.087646484375
3.469,310,504,827,311,-2.0,37.0,48.0,-11.108397483825684,-4.33349609375,6.958007335662842,-0.7078857421875,0.404541015625,0.083984375
3.473,310,509,833,311,-2.0,37.0,48.0,-11.108397483825684,-4.33349609375,6.958007335662842,-0.7137451171875,0.375732421875,0.1474609375
3.481,310,516,840,312,-2.0,37.0,48.0,-14.465331077575684,-5.737304210662842,6.042479991912842,-0.7137451171875,0.375732421875,0.1474609375
3.499,310,523,855,311,-2.0,37.0,48.0,-11.047362327575684,-4.45556640625,6.103515148162842,-0.7567138671875,0.3505859375,0.171142578125
3.503,310,532,864,311,-2.0,37.0,48.0,-11.047362327575684,-4.45556640625,6.103515148162842,-0.75830078125,0.312744140625,0.1658935546875
3.513,309,537,878,312,-2.0,37.0,48.0,-8.97216796875,-1.8310545682907104,6.042479991912842,-0.75830078125,0.312744140625,0.1658935546875
3.542,310,551,916,310,-2.0,37.0,48.0,-3.417968511581421,-0.4272460639476776,7.812499523162842,-0.7462158203125,0.3173828125,0.1619873046875
3.543,309,537,928,311,-2.0,37.0,48.0,-3.417968511581421,-0.4272460639476776,7.812499523162842,-0.7374267578125,0.3291015625,0.122314453125
3.543,310,563,948,310,-2.0,37.0,48.0,0.6103515625,-1.15966796875,8.7890625,-0.7374267578125,0.3291015625,0.122314453125
3.554,310,592,994,310,-1.0,40.0,43.0,7.385253429412842,-1.4648436307907104,10.620116233825684,-0.680419921875,0.3087158203125,0.0565185546875
3.563,310,604,1029,312,-1.0,40.0,43.0,7.385253429412842,-1.4648436307907104,10.620116233825684,-0.61279296875,0.3028564453125,0.0604248046875
3.576,310,620,1069,311,-1.0,40.0,43.0,7.751464366912842,-1.7089842557907104,11.779784202575684,-0.61279296875,0.3028564453125,0.0604248046875
3.586,310,656,1125,312,-1.0,40.0,43.0,2.13623046875,-3.173827886581421,12.145995140075684,-0.4312744140625,0.260009765625,0.1058349609375
3.593,308,688,1170,312,-1.0,40.0,43.0,2.13623046875,-3.173827886581421,12.145995140075684,-0.3409423828125,0.2254638671875,0.137451171875
3.601,312,737,1231,312,-1.0,40.0,43.0,1.220703125,-4.33349609375,10.498045921325684,-0.303466796875,0.1822509765625,0.1484375
3.619,310,848,1369,312,-1.0,40.0,43.0,12.878417015075684,-6.652831554412842,-0.0610351525247097,-0.4246826171875,0.1737060546875,0.1180419921875
3.623,310,902,1424,312,-1.0,40.0,43.0,31.249998092651367,-7.995604991912842,-11.169432640075684,-0.670654296875,0.23193359375,0.01416015625
3.641,310,955,1471,312,-1.0,40.0,43.0,31.249998092651367,-7.995604991912842,-11.169432640075684,-0.935302734375,0.3238525390625,-0.1295166015625
3.650,311,1018,1544,311,-1.0,40.0,43.0,45.715328216552734,-4.5166015625,-31.616209030151367,-1.189208984375,0.4322509765625,-0.219482421875
3.653,311,1039,1580,313,-4.0,36.0,43.0,28.625486373901367,-9.46044921875,-32.71484375,-1.431640625,0.5477294921875,-0.25048828125
3.661,310,1067,1607,313,-4.0,36.0,43.0,28.625486373901367,-9.46044921875,-32.71484375,-1.6690673828125,0.6666259765625,-0.2249755859375
3.684,311,1096,1627,313,-4.0,36.0,43.0,-12.878417015075684,-33.14208984375,-22.949216842651367,-1.91015625,0.8212890625,-0.1226806640625
3.684,297,1095,1613,312,-4.0,36.0,43.0,-24.841306686401367,-42.602535247802734,-17.63916015625,-2.09716796875,0.8873291015625,0.0772705078125
3.690,311,1069,1583,312,-4.0,36.0,43.0,-24.841306686401367,-42.602535247802734,-17.63916015625,-1.936767578125,0.592041015625,0.3448486328125
3.704,310,1020,1545,312,-4.0,36.0,43.0,-20.202634811401367,-35.58349609375,-14.587401390075684,-1.342529296875,0.0440673828125,0.548828125
3.724,310,1017,1547,312,-4.0,36.0,43.0,6.469726085662842,-11.169432640075684,-12.756346702575684,-0.8212890625,-0.0833740234375,0.53466796875
3.725,311,1017,1547,314,-4.0,36.0,43.0,6.469726085662842,-11.169432640075684,-12.756346702575684,-0.85009765625,0.4019775390625,0.280517578125
3.748,310,994,1518,311,-4.0,36.0,43.0,22.583005905151367,19.287109375,-3.417968511581421,-1.2906494140625,0.8851318359375,0.00830078125
3.748,296,973,1463,299,-4.0,36.0,43.0,-4.5166015625,16.41845703125,-6.530761241912842,-1.67822265625,0.90283203125,-0.073486328125
3.751,311,947,1471,311,0.0,38.0,42.0,-30.456541061401367,11.535643577575684,-13.061522483825684,-1.7752685546875,0.6357421875,0.01220703125
3.764,311,889,1386,312,0.0,38.0,42.0,-41.625972747802734,9.46044921875,-14.709471702575684,-1.671875,0.49072265625,0.11865234375
3.773,311,858,1325,313,0.0,38.0,42.0,-41.931148529052734,10.009765625,-8.4228515625,-1.513671875,0.4769287109375,0.1566162109375
3.787,310,816,1279,312,0.0,38.0,42.0,-40.283199310302734,12.817381858825684,1.8310545682907104,-1.3251953125,0.3851318359375,0.17822265625
3.794,310,745,1204,312,0.0,38.0,42.0,-37.41455078125,17.15087890625,11.230467796325684,-1.0792236328125,0.2257080078125,0.236572265625
3.803,310,705,1149,313,0.0,38.0,42.0,-28.747556686401367,22.094724655151367,17.88330078125,-0.8096923828125,0.1175537109375,0.273193359375
3.811,310,668,1092,312,0.0,38.0,42.0,-13.610838890075684,26.794431686401367,20.629880905151367,-0.5926513671875,0.093505859375,0.249755859375
3.826,309,606,998,312,0.0,38.0,42.0,3.234863042831421,29.235837936401367,17.9443359375,-0.4696044921875,0.103515625,0.1754150390625
3.848,310,579,933,312,0.0,38.0,42.0,15.747069358825684,29.602048873901367,10.314940452575684,-0.439697265625,0.0821533203125,0.0826416015625
3.848,310,541,877,311,0.0,38.0,42.0,21.911619186401367,28.747556686401367,0.3662109076976776,-0.4583740234375,0.028076171875,0.0062255859375
3.854,310,509,809,311,-2.0,39.0,44.0,24.536130905151367,27.832029342651367,-8.11767578125,-0.4803466796875,-0.0093994140625,-0.0980224609375
3.862,310,490,790,311,-2.0,39.0,44.0,24.963376998901367,28.137205123901367,-10.437010765075684,-0.52734375,0.062744140625,-0.2320556640625
3.870,310,488,780,310,-2.0,39.0,44.0,21.972654342651367,26.184080123901367,-4.94384765625,-0.5982666015625,0.2371826171875,-0.2901611328125
3.885,310,490,771,310,-2.0,39.0,44.0,14.892577171325684,18.37158203125,2.990722417831421,-0.6591796875,0.38720703125,-0.2493896484375
3.893,310,493,771,311,-2.0,39.0,44.0,3.784179449081421,7.324218273162842,8.1787109375,-0.6920166015625,0.45556640625,-0.15283203125
3.901,310,495,765,311,-2.0,39.0,44.0,-8.30078125,-2.746581792831421,9.8876953125,-0.6878662109375,0.4525146484375,-0.031982421875
3.915,310,503,785,310,-2.0,39.0,44.0,-16.9677734375,-9.033203125,8.72802734375,-0.6717529296875,0.423583984375,0.0679931640625
3.922,310,507,794,310,-2.0,39.0,44.0,-20.446775436401367,-11.535643577575684,6.896972179412842,-0.6683349609375,0.4202880859375,0.1361083984375
3.931,312,510,803,312,-2.0,39.0,44.0,-20.568845748901367,-11.901854515075684,5.981444835662842,-0.682861328125,0.4139404296875,0.1683349609375
3.951,309,523,816,312,-2.0,39.0,44.0,-19.10400390625,-10.192870140075684,5.432128429412842,-0.695556640625,0.36962890625,0.1630859375
3.953,310,535,827,310,-1.0,37.0,37.0,-17.15087890625,-6.652831554412842,5.554198741912842,-0.7069091796875,0.3211669921875,0.1568603515625
3.961,310,543,846,311,-1.0,37.0,37.0,-15.441893577575684,-4.33349609375,7.019042491912842,-0.7188720703125,0.3018798828125,0.1834716796875
3.974,310,566,875,312,-1.0,37.0,37.0,-12.145995140075684,-4.94384765625,8.544921875,-0.721923828125,0.3111572265625,0.2093505859375
3.983,310,578,902,312,-1.0,37.0,37.0,-5.798339366912842,-6.469726085662842,9.765625,-0.719970703125,0.3321533203125,0.19775390625
3.991,310,587,919,312,-1.0,37.0,37.0,1.4038084745407104,-7.446288585662842,11.047362327575684,-0.7110595703125,0.3253173828125,0.16650390625
4.005,309,616,960,310,-1.0,37.0,37.0,6.896972179412842,-7.873534679412842,12.145995140075684,-0.693603515625,0.2938232421875,0.13818359375
4.013,311,632,1013,312,-1.0,37.0,37.0,10.742186546325684,-7.812499523162842,13.366698265075684,-0.6748046875,0.29541015625,0.115966796875
4.026,309,654,1050,312,-1.0,37.0,37.0,12.084959983825684,-7.507323741912842,14.770506858825684,-0.6292724609375,0.30810546875,0.1153564453125
4.035,310,700,1112,312,-1.0,37.0,37.0,10.681151390075684,-6.591796398162842,14.892577171325684,-0.552490234375,0.2802734375,0.13232421875
4.043,310,736,1159,312,-1.0,37.0,37.0,8.9111328125,-4.69970703125,13.793944358825684,-0.474853515625,0.2347412109375,0.145751953125
4.069,310,799,1228,312,0.0,39.0,41.0,9.27734375,-2.990722417831421,11.962889671325684,-0.3970947265625,0.185791015625,0.17138671875
4.069,311,868,1338,294,0.0,39.0,41.0,13.549803733825684,-2.807616949081421,8.1787109375,-0.5218505859375,0.0244140625,0.1700439453125
4.073,310,943,1398,312,0.0,39.0,41.0,26.916501998901367,-3.479003667831421,0.0610351525247097,-0.5218505859375,0.0244140625,0.1700439453125
4.080,311,984,1456,313,0.0,39.0,41.0,51.452632904052734,-0.1220703050494194,-10.925292015075684,-0.760009765625,0.03857421875,-0.0543212890625
4.094,310,1048,1531,312,0.0,39.0,41.0,73.54736328125,5.798339366912842,-18.37158203125,-1.361083984375,0.6839599609375,-0.5146484375
4.110,311,1076,1572,314,0.0,39.0,41.0,70.556640625,4.2724609375,-19.83642578125,-1.361083984375,0.6839599609375,-0.5146484375
4.111,294,1091,1596,310,0.0,39.0,41.0,35.5224609375,-7.263183116912842,-19.04296875,-1.58203125,0.9083251953125,-0.424072265625
4.128,310,1108,1632,312,0.0,39.0,41.0,-13.000487327575684,-21.423337936401367,-19.1650390625,-1.969970703125,0.7926025390625,0.1190185546875
4.133,310,1105,1621,313,0.0,39.0,41.0,-49.316402435302734,-30.822751998901367,-18.5546875,-1.969970703125,0.7926025390625,0.1190185546875
4.157,310,1087,1584,312,0.0,39.0,41.0,-59.692378997802734,-33.50830078125,-14.770506858825684,-2.0390625,0.6109619140625,0.34228515625
4.157,310,1038,1492,299,-3.0,39.0,38.0,-44.799800872802734,-27.221677780151367,-9.46044921875,-1.040283203125,-0.0782470703125,0.5135498046875
4.163,310,1035,1531,312,-3.0,39.0,38.0,-9.70458984375,-8.9111328125,-4.7607421875,-1.040283203125,-0.0782470703125,0.5135498046875
4.174,310,1035,1531,312,-3.0,39.0,38.0,26.550291061401367,11.169432640075684,1.3427733182907104,-0.869140625,0.2769775390625,0.2301025390625
4.185,310,1013,1499,312,-3.0,39.0,38.0,33.99658203125,18.61572265625,5.981444835662842,-1.6580810546875,1.0462646484375,-0.19140625
4.193,310,987,1477,312,-3.0,39.0,38.0,9.1552734375,13.549803733825684,2.44140625,-1.6580810546875,1.0462646484375,-0.19140625
4.201,310,955,1455,314,-3.0,39.0,38.0,-22.949216842651367,5.676269054412842,-6.713866710662842,-1.8204345703125,0.7554931640625,-0.060302734375
4.214,310,901,1369,312,-3.0,39.0,38.0,-39.1845703125,1.4648436307907104,-11.108397483825684,-1.5164794921875,0.4404296875,0.212646484375
4.230,310,858,1310,314,-3.0,39.0,38.0,-37.90283203125,0.7934569716453552,-5.432128429412842,-1.31396484375,0.4117431640625,0.2158203125
4.231,310,809,1268,312,-3.0,39.0,38.0,-29.968259811401367,3.173827886581421,4.7607421875,-1.31396484375,0.4117431640625,0.2158203125
4.262,310,742,1183,312,-3.0,39.0,38.0,-10.375975608825684,12.084959983825684,14.343260765075684,-0.8087158203125,0.26513671875,0.20166015625
4.262,295,697,1117,312,-1.0,35.0,42.0,-10.375975608825684,12.084959983825684,14.343260765075684,-0.603271484375,0.219482421875,0.152099609375
4.262,297,657,1039,296,-1.0,35.0,42.0,1.0986328125,15.563963890075684,12.634276390075684,-0.603271484375,0.219482421875,0.152099609375
4.270,312,623,986,314,-1.0,35.0,42.0,11.596678733825684,16.17431640625,7.202147960662842,-0.484130859375,0.1793212890625,0.076416015625
4.288,310,566,888,311,-1.0,35.0,42.0,17.76123046875,14.465331077575684,-0.8544921278953552,-0.4510498046875,-0.002685546875,-0.03369140625
4.292,310,537,833,311,-1.0,35.0,42.0,19.71435546875,12.207030296325684,-9.8876953125,-0.479736328125,-0.0596923828125,-0.164306640625
4.301,310,524,813,312,-1.0,35.0,42.0,21.240232467651367,12.817381858825684,-18.00537109375,-0.479736328125,-0.0596923828125,-0.164306640625
4.323,310,497,784,310,-1.0,35.0,42.0,18.73779296875,14.404295921325684,-17.4560546875,-0.62109375,0.214111328125,-0.25390625
4.323,310,486,771,310,-1.0,35.0,42.0,18.73779296875,14.404295921325684,-17.4560546875,-0.6678466796875,0.362548828125,-0.1732177734375
4.332,309,481,756,311,-1.0,35.0,42.0,7.751464366912842,4.69970703125,-9.82666015625,-0.6678466796875,0.362548828125,-0.1732177734375
4.343,310,490,749,310,-1.0,35.0,42.0,-18.85986328125,-14.099120140075684,0.1831054538488388,-0.664794921875,0.429931640625,0.01318359375
4.362,309,493,766,310,-2.0,38.0,41.0,-18.85986328125,-14.099120140075684,0.1831054538488388,-0.6536865234375,0.3936767578125,0.107421875
4.362,309,497,756,310,-2.0,38.0,41.0,-25.756834030151367,-17.7001953125,0.4272460639476776,-0.6536865234375,0.3936767578125,0.107421875
4.373,310,509,795,312,-2.0,38.0,41.0,-20.996091842651367,-15.075682640075684,-0.54931640625,-0.6868896484375,0.3905029296875,0.170654296875
4.382,310,518,808,310,-2.0,38.0,41.0,-20.996091842651367,-15.075682640075684,-0.54931640625,-0.7188720703125,0.3826904296875,0.1796875
4.389,310,525,819,312,-2.0,38.0,41.0,-18.9208984375,-11.901854515075684,0.6713866591453552,-0.7188720703125,0.3826904296875,0.1796875
4.406,310,543,853,311,-2.0,38.0,41.0,-22.094724655151367,-9.46044921875,5.310058116912842,-0.7076416015625,0.2674560546875,0.2808837890625
4.412,310,555,873,311,-2.0,38.0,41.0,-22.094724655151367,-9.46044921875,5.310058116912842,-0.687744140625,0.223876953125,0.29638671875
4.435,310,568,889,312,-2.0,38.0,41.0,-18.12744140625,-9.8876953125,7.751464366912842,-0.687744140625,0.223876953125,0.29638671875
4.435,309,592,927,312,-2.0,38.0,41.0,5.737304210662842,-8.97216796875,10.681151390075684,-0.6842041015625,0.2904052734375,0.2010498046875
4.442,310,606,953,312,-2.0,38.0,41.0,15.258788108825684,-8.6669921875,11.474608421325684,-0.685546875,0.32763671875,0.147705078125
4.465,310,629,973,311,-2.0,39.0,40.0,15.258788108825684,-8.6669921875,11.474608421325684,-0.6600341796875,0.322509765625,0.111328125
4.466,289,657,1055,312,-2.0,39.0,40.0,18.1884765625,-7.080077648162842,10.986327171325684,-0.6217041015625,0.3133544921875,0.0899658203125
4.472,310,688,1099,312,-2.0,39.0,40.0,15.014647483825684,-6.347655773162842,10.009765625,-0.5584716796875,0.2940673828125,0.0865478515625
4.480,310,716,1137,312,-2.0,39.0,40.0,15.014647483825684,-6.347655773162842,10.009765625,-0.44921875,0.2381591796875,0.09912109375
4.493,311,793,1216,312,-2.0,39.0,40.0,6.286620616912842,-6.835937023162842,4.94384765625,-0.3076171875,0.1605224609375,0.130859375
4.502,310,853,1303,312,-2.0,39.0,40.0,4.08935546875,-6.164550304412842,1.220703125,-0.2491455078125,0.0966796875,0.1705322265625
4.515,310,913,1352,312,-2.0,39.0,40.0,4.08935546875,-6.164550304412842,1.220703125,-0.4493408203125,0.059814453125,0.1490478515625
4.523,310,1007,1445,310,-2.0,39.0,40.0,11.230467796325684,-7.873534679412842,-7.629394054412842,-0.84423828125,0.04541015625,0.0269775390625
4.542,310,1038,1492,312,-2.0,39.0,40.0,27.160642623901367,-7.629394054412842,-9.09423828125,-1.2469482421875,0.164794921875,-0.1390380859375
4.542,310,1067,1540,312,-2.0,39.0,40.0,27.160642623901367,-7.629394054412842,-9.09423828125,-1.5675048828125,0.5028076171875,-0.2645263671875
4.566,310,1108,1592,314,-2.0,38.0,46.0,40.771480560302734,-9.82666015625,-2.50244140625,-1.7764892578125,0.924072265625,-0.281494140625
4.566,310,1129,1620,312,-2.0,38.0,46.0,13.427733421325684,-17.51708984375,-2.01416015625,-1.91845703125,1.1204833984375,-0.1650390625
4.570,309,1136,1627,314,-2.0,38.0,46.0,13.427733421325684,-17.51708984375,-2.01416015625,-1.9935302734375,0.9222412109375,0.0714111328125
4.584,311,1117,1591,312,-2.0,38.0,46.0,-38.39111328125,-28.930662155151367,-5.065917491912842,-1.845458984375,0.484619140625,0.358154296875
4.592,311,1104,1564,313,-2.0,38.0,46.0,-26.733396530151367,-23.986814498901367,-2.01416015625,-1.35791015625,0.047607421875,0.534912109375
4.600,310,1074,1524,314,-2.0,38.0,46.0,11.474608421325684,-10.375975608825684,2.44140625,-0.885009765625,0.0462646484375,0.4251708984375
4.614,310,1078,1531,313,-2.0,38.0,46.0,50.781246185302734,3.784179449081421,4.150390625,-0.8143310546875,0.542724609375,0.09521484375
4.625,310,1065,1529,312,-2.0,38.0,46.0,55.541988372802734,9.70458984375,-2.44140625,-1.1304931640625,0.99609375,-0.1466064453125
4.630,310,1051,1511,313,-2.0,38.0,46.0,20.141599655151367,5.981444835662842,-16.78466796875,-1.5457763671875,1.0037841796875,-0.129638671875
4.647,310,1017,1464,312,-1.0,39.0,49.0,-27.709959030151367,0.0,-28.686521530151367,-1.7491455078125,0.6453857421875,0.0611572265625
4.669,310,986,1445,312,-1.0,39.0,49.0,-55.725093841552734,-1.220703125,-29.113767623901367,-1.7008056640625,0.312255859375,0.2562255859375
4.669,296,952,1366,298,-1.0,39.0,49.0,-53.588863372802734,2.38037109375,-17.08984375,-1.529541015625,0.2537841796875,0.3399658203125
4.674,310,888,1320,312,-1.0,39.0,49.0,-35.82763671875,7.934569835662842,0.9765624403953552,-1.328369140625,0.352783203125,0.3272705078125
4.682,311,847,1275,312,-1.0,39.0,49.0,-20.141599655151367,13.305663108825684,15.380858421325684,-1.1002197265625,0.3538818359375,0.30859375
4.690,310,805,1232,312,-1.0,39.0,49.0,-9.1552734375,18.06640625,20.629880905151367,-0.857421875,0.2904052734375,0.284423828125
4.703,311,738,1145,311,-1.0,39.0,49.0,1.8920897245407104,21.911619186401367,18.798828125,-0.667724609375,0.270751953125,0.2012939453125
4.712,310,689,1096,312,-1.0,39.0,49.0,12.329100608825684,23.193357467651367,13.671874046325684,-0.5791015625,0.275390625,0.0806884765625
4.720,310,657,1051,312,-1.0,39.0,49.0,18.798828125,21.240232467651367,7.263183116912842,-0.565185546875,0.2679443359375,-0.009521484375
4.768,310,616,968,310,-1.0,39.0,49.0,18.61572265625,18.6767578125,-0.7324218153953552,-0.58349609375,0.201416015625,-0.0240478515625
4.775,309,591,922,311,0.0,39.0,44.0,14.465331077575684,18.12744140625,-10.681151390075684,-0.604736328125,0.09765625,0.0047607421875
4.776,310,548,899,310,0.0,39.0,44.0,11.840819358825684,20.202634811401367,-20.141599655151367,-0.6138916015625,0.02099609375,-0.0491943359375
4.776,310,537,859,310,0.0,39.0,44.0,12.268065452575684,24.475095748901367,-24.414060592651367,-0.63427734375,0.0341796875,-0.1644287109375
4.776,310,525,814,299,0.0,39.0,44.0,12.695311546325684,24.414060592651367,-21.057126998901367,-0.6539306640625,0.1353759765625,-0.1878662109375
4.780,310,518,823,312,0.0,39.0,44.0,8.85009765625,16.29638671875,-12.573241233825684,-0.6646728515625,0.2557373046875,-0.1451416015625
4.794,310,507,814,312,0.0,39.0,44.0,0.9155272841453552,5.798339366912842,-3.784179449081421,-0.676513671875,0.3558349609375,-0.101318359375
4.802,310,509,813,312,0.0,39.0,44.0,-6.896972179412842,-2.563476324081421,2.197265625,-0.6781005859375,0.4100341796875,-0.0340576171875
4.810,310,519,814,312,0.0,39.0,44.0,-12.390135765075684,-7.568358898162842,4.57763671875,-0.682373046875,0.4202880859375,0.0577392578125
4.823,310,527,830,311,0.0,39.0,44.0,-15.319823265075684,-9.521484375,4.33349609375,-0.68701171875,0.4169921875,0.1434326171875
4.832,311,531,846,312,0.0,39.0,44.0,-16.66259765625,-9.09423828125,3.112792730331421,-0.7032470703125,0.40869140625,0.1971435546875
4.878,310,535,861,312,0.0,39.0,44.0,-17.27294921875,-7.080077648162842,2.01416015625,-0.7210693359375,0.370849609375,0.215087890625
4.878,294,548,854,294,-1.0,37.0,40.0,-16.54052734375,-4.2724609375,1.5869139432907104,-0.7291259765625,0.3145751953125,0.207763671875
4.878,295,562,886,310,-1.0,37.0,40.0,-14.099120140075684,-2.3193359375,2.50244140625,-0.7408447265625,0.279296875,0.202392578125
4.878,294,574,901,312,-1.0,37.0,40.0,-9.3994140625,-2.3193359375,4.2724609375,-0.75439453125,0.2734375,0.19189453125
4.884,308,590,920,310,-1.0,37.0,40.0,-2.807616949081421,-3.173827886581421,6.286620616912842,-0.7625732421875,0.2950439453125,0.1546630859375
4.892,310,601,939,312,-1.0,37.0,40.0,3.173827886581421,-3.967284917831421,8.9111328125,-0.7596435546875,0.3216552734375,0.10888671875
4.900,310,616,975,311,-1.0,37.0,40.0,6.103515148162842,-5.0048828125,11.657713890075684,-0.7266845703125,0.302978515625,0.0914306640625
4.913,310,644,1038,312,-1.0,37.0,40.0,6.958007335662842,-6.225585460662842,13.488768577575684,-0.6116943359375,0.2313232421875,0.1048583984375
4.922,310,666,1078,312,-1.0,37.0,40.0,8.7890625,-7.080077648162842,14.526366233825684,-0.6116943359375,0.2313232421875,0.1048583984375
4.930,308,685,1105,312,-1.0,37.0,40.0,12.390135765075684,-8.11767578125,14.648436546325684,-0.5635986328125,0.248779296875,0.10693359375
4.946,310,730,1160,310,0.0,38.0,41.0,14.465331077575684,-10.009765625,13.977049827575684,-0.478759765625,0.2474365234375,0.062255859375
4.952,310,780,1214,312,0.0,38.0,41.0,12.023924827575684,-11.596678733825684,12.939452171325684,-0.478759765625,0.2474365234375,0.062255859375
4.981,310,833,1300,312,0.0,38.0,41.0,7.019042491912842,-12.023924827575684,11.962889671325684,-0.439697265625,0.249267578125,0.0853271484375
4.981,295,929,1404,310,0.0,38.0,41.0,5.310058116912842,-11.413573265075684,9.27734375,-0.6455078125,0.2119140625,0.0986328125
4.982,310,947,1456,312,0.0,38.0,41.0,11.169432640075684,-9.765625,0.8544921278953552,-0.6455078125,0.2119140625,0.0986328125
4.990,310,1014,1498,313,0.0,38.0,41.0,23.010251998901367,-5.615233898162842,-12.512206077575684,-0.8773193359375,0.13818359375,-0.012451171875
5.004,309,1074,1555,312,0.0,38.0,41.0,33.75244140625,-1.7089842557907104,-21.118162155151367,-1.419677734375,0.560791015625,-0.2042236328125
5.012,310,1093,1580,313,0.0,38.0,41.0,30.517576217651367,-3.173827886581421,-19.6533203125,-1.419677734375,0.560791015625,-0.2042236328125
5.020,310,1115,1599,313,0.0,38.0,41.0,9.82666015625,-10.192870140075684,-13.671874046325684,-1.6038818359375,0.6900634765625,-0.15087890625
5.034,311,1140,1637,310,0.0,38.0,41.0,-12.939452171325684,-18.6767578125,-8.48388671875,-1.8023681640625,0.7568359375,0.2015380859375
5.048,310,1134,1628,312,0.0,38.0,44.0,-23.254392623901367,-24.841306686401367,-4.69970703125,-1.8023681640625,0.7568359375,0.2015380859375
5.050,310,1116,1591,312,0.0,38.0,44.0,-19.95849609375,-26.367185592651367,-3.662109136581421,-1.80419921875,0.68896484375,0.348388671875
5.078,308,1087,1540,312,0.0,38.0,44.0,9.033203125,-4.0283203125,-10.864256858825684,-1.0050048828125,0.1173095703125,0.3944091796875
5.078,311,1074,1523,314,0.0,38.0,44.0,9.033203125,-4.0283203125,-10.864256858825684,-0.7998046875,0.2828369140625,0.1788330078125
5.080,308,1078,1523,312,0.0,38.0,44.0,27.526853561401367,12.023924827575684,-12.573241233825684,-0.7998046875,0.2828369140625,0.1788330078125
5.094,311,1067,1518,312,0.0,38.0,44.0,16.05224609375,14.709471702575684,-21.789548873901367,-1.364013671875,0.877197265625,-0.140869140625
5.102,310,1050,1503,313,0.0,38.0,44.0,16.05224609375,14.709471702575684,-21.789548873901367,-1.6600341796875,0.788818359375,-0.022705078125
5.110,311,1035,1483,313,0.0,38.0,44.0,-13.732909202575684,6.713866710662842,-32.958984375,-1.6600341796875,0.788818359375,-0.022705078125
5.124,310,992,1434,313,0.0,38.0,44.0,-52.185054779052734,3.540038824081421,-38.818359375,-1.6353759765625,0.3682861328125,0.23291015625
5.132,310,955,1400,314,0.0,38.0,44.0,-52.185054779052734,3.540038824081421,-38.818359375,-1.4923095703125,0.3564453125,0.243408203125
5.140,310,916,1349,313,0.0,36.0,42.0,-45.410152435302734,7.019042491912842,-26.977537155151367,-1.4923095703125,0.3564453125,0.243408203125
5.154,310,830,1273,312,0.0,36.0,42.0,-20.629880905151367,14.099120140075684,0.7934569716453552,-1.1038818359375,0.2039794921875,0.2261962890625
5.174,310,790,1228,312,0.0,36.0,42.0,-20.629880905151367,14.099120140075684,0.7934569716453552,-0.8475341796875,0.0699462890625,0.232666015625
5.240,310,750,1162,312,0.0,36.0,42.0,-13.061522483825684,19.71435546875,9.58251953125,-0.8475341796875,0.0699462890625,0.232666015625
5.241,310,667,1078,312,0.0,36.0,42.0,0.0610351525247097,25.024412155151367,21.423337936401367,-0.5035400390625,0.0711669921875,0.1365966796875
5.241,298,642,1025,313,0.0,36.0,42.0,0.0610351525247097,25.024412155151367,21.423337936401367,-0.4620361328125,0.179443359375,0.05517578125
5.241,310,620,968,311,0.0,36.0,42.0,11.596678733825684,20.751951217651367,20.507810592651367,-0.4620361328125,0.179443359375,0.05517578125
5.241,309,582,893,312,0.0,36.0,42.0,30.273435592651367,15.258788108825684,-3.173827886581421,-0.4910888671875,0.06787109375,-0.072509765625
5.241,310,572,878,311,0.0,36.0,42.0,32.53173828125,18.85986328125,-13.732909202575684,-0.5369873046875,0.0496826171875,-0.228271484375
5.241,310,555,865,311,0.0,36.0,42.0,32.53173828125,18.85986328125,-13.732909202575684,-0.6024169921875,0.1956787109375,-0.2965087890625
5.243,311,551,864,310,0.0,38.0,45.0,13.793944358825684,10.681151390075684,-6.103515148162842,-0.6480712890625,0.34912109375,-0.234375
5.254,310,545,861,312,0.0,38.0,45.0,-0.4272460639476776,-2.990722417831421,0.8544921278953552,-0.672607421875,0.423095703125,-0.127197265625
5.259,310,543,861,312,0.0,38.0,45.0,-0.4272460639476776,-2.990722417831421,0.8544921278953552,-0.677734375,0.4302978515625,-0.00830078125
5.288,311,557,873,310,0.0,38.0,45.0,-21.362302780151367,-17.27294921875,6.103515148162842,-0.684326171875,0.396484375,0.107177734375
5.288,310,540,858,310,0.0,38.0,45.0,-25.390623092651367,-16.78466796875,5.371093273162842,-0.703125,0.3526611328125,0.1976318359375
5.291,310,567,891,311,0.0,38.0,45.0,-23.925779342651367,-14.709471702575684,4.45556640625,-0.7113037109375,0.300048828125,0.2415771484375
5.305,310,588,922,312,0.0,38.0,45.0,-18.9208984375,-11.474608421325684,4.7607421875,-0.7083740234375,0.2432861328125,0.2525634765625
5.313,311,594,931,312,0.0,38.0,45.0,-12.878417015075684,-7.629394054412842,6.347655773162842,-0.7213134765625,0.22705078125,0.2452392578125
5.321,310,604,938,312,0.0,38.0,45.0,-6.835937023162842,-4.7607421875,8.48388671875,-0.7471923828125,0.2476806640625,0.221923828125
5.335,309,631,966,311,0.0,38.0,45.0,-1.3427733182907104,-4.0283203125,10.864256858825684,-0.772216796875,0.276123046875,0.18994140625
5.343,310,639,998,312,-2.0,40.0,42.0,3.723144292831421,-4.94384765625,13.427733421325684,-0.77685546875,0.2904052734375,0.153076171875
5.356,310,645,1022,311,-2.0,40.0,42.0,8.7890625,-5.920409679412842,16.05224609375,-0.752685546875,0.287353515625,0.1170654296875
5.365,310,673,1069,311,-2.0,40.0,42.0,13.610838890075684,-6.225585460662842,18.73779296875,-0.716064453125,0.28173828125,0.1015625
5.390,311,685,1098,312,-2.0,40.0,42.0,16.78466796875,-6.652831554412842,20.935056686401367,-0.66357421875,0.2677001953125,0.1126708984375
5.390,310,698,1133,308,-2.0,40.0,42.0,17.27294921875,-7.446288585662842,21.484373092651367,-0.589111328125,0.2430419921875,0.1336669921875
5.395,310,762,1176,312,-2.0,40.0,42.0,17.822265625,-8.056640625,20.446775436401367,-0.51904296875,0.2242431640625,0.1407470703125
5.403,310,806,1234,312,-2.0,40.0,42.0,20.996091842651367,-7.629394054412842,18.798828125,-0.5245361328125,0.263671875,0.111083984375
5.414,310,853,1292,312,-2.0,40.0,42.0,24.780271530151367,-7.507323741912842,16.11328125,-0.6484375,0.34521484375,0.0291748046875
5.425,310,928,1387,312,-2.0,40.0,42.0,26.611326217651367,-8.36181640625,8.7890625,-0.7713623046875,0.330810546875,-0.078125
5.433,311,963,1437,313,-2.0,40.0,42.0,28.869626998901367,-7.385253429412842,-3.845214605331421,-0.8046875,0.23583984375,-0.1534423828125
5.441,310,1000,1486,314,-2.0,38.0,47.0,32.53173828125,-5.737304210662842,-16.29638671875,-0.8271484375,0.2454833984375,-0.16015625
5.461,310,1050,1543,312,-2.0,38.0,47.0,28.808591842651367,-7.873534679412842,-23.864744186401367,-0.9278564453125,0.3826904296875,-0.1268310546875
5.463,310,1081,1578,312,-2.0,38.0,47.0,13.061522483825684,-13.427733421325684,-25.756834030151367,-1.1558837890625,0.5145263671875,-0.091552734375
5.496,310,1104,1602,312,-2.0,38.0,47.0,-7.995604991912842,-20.01953125,-22.827146530151367,-1.4700927734375,0.58349609375,-0.009521484375
5.497,289,1127,1628,312,-2.0,38.0,47.0,-25.634763717651367,-25.512693405151367,-15.624999046325684,-1.777587890625,0.6461181640625,0.1207275390625
5.497,298,1116,1577,295,-2.0,38.0,47.0,-35.58349609375,-27.954099655151367,-5.249022960662842,-1.971923828125,0.6551513671875,0.275634765625
5.501,310,1101,1595,313,-2.0,38.0,47.0,-35.21728515625,-26.123044967651367,4.82177734375,-1.8214111328125,0.4410400390625,0.4569091796875
5.515,310,1071,1547,312,-2.0,38.0,47.0,-22.277830123901367,-16.41845703125,10.559081077575684,-1.2789306640625,0.0894775390625,0.5701904296875
5.526,310,1043,1523,314,-2.0,38.0,47.0,5.432128429412842,0.4272460639476776,12.451170921325684,-0.8299560546875,0.1058349609375,0.426513671875
5.531,311,1043,1528,313,-2.0,38.0,47.0,33.50830078125,14.831542015075684,12.023924827575684,-0.79052734375,0.5291748046875,0.0704345703125
5.545,310,1037,1529,311,1.0,36.0,41.0,38.2080078125,20.141599655151367,4.33349609375,-1.0543212890625,0.8653564453125,-0.17529296875
5.553,310,1025,1518,314,1.0,36.0,41.0,16.9677734375,16.05224609375,-10.986327171325684,-1.4381103515625,0.89501953125,-0.157470703125
5.561,311,1001,1499,315,1.0,36.0,41.0,-16.2353515625,7.141112804412842,-24.353025436401367,-1.7115478515625,0.671875,0.0050048828125
5.590,310,957,1456,312,1.0,36.0,41.0,-41.564937591552734,1.6479490995407104,-27.038572311401367,-1.7596435546875,0.4420166015625,0.172607421875
5.590,299,917,1393,312,1.0,36.0,41.0,-46.081539154052734,2.01416015625,-18.06640625,-1.64111328125,0.36962890625,0.267333984375
5.591,311,853,1320,312,1.0,36.0,41.0,-36.07177734375,5.554198741912842,-3.112792730331421,-1.4449462890625,0.358154296875,0.279541015625
5.605,311,799,1274,313,1.0,36.0,41.0,-21.972654342651367,10.070799827575684,9.82666015625,-0.944580078125,0.271728515625,0.2923583984375
5.613,311,751,1225,313,1.0,36.0,41.0,-8.36181640625,14.404295921325684,16.41845703125,-0.944580078125,0.271728515625,0.2923583984375
5.621,310,713,1162,312,1.0,36.0,41.0,2.25830078125,18.1884765625,17.02880859375,-0.705810546875,0.250244140625,0.240234375
5.648,310,657,1078,311,1.0,36.0,41.0,10.559081077575684,20.690916061401367,14.099120140075684,-0.4541015625,0.218505859375,0.0562744140625
5.648,310,621,1025,296,-2.0,37.0,43.0,18.73779296875,20.812986373901367,9.521484375,-0.4541015625,0.218505859375,0.0562744140625
5.651,310,601,981,311,-2.0,37.0,43.0,23.986814498901367,19.775390625,2.3193359375,-0.4676513671875,0.2086181640625,0.010498046875
5.668,309,558,901,312,-2.0,37.0,43.0,23.864744186401367,18.5546875,-7.995604991912842,-0.57373046875,0.0648193359375,-0.071044921875
5.673,310,545,875,312,-2.0,37.0,43.0,20.324705123901367,18.798828125,-18.85986328125,-0.57373046875,0.0648193359375,-0.071044921875
5.692,310,539,872,312,-2.0,37.0,43.0,16.9677734375,21.850584030151367,-24.780271530151367,-0.6268310546875,0.0662841796875,-0.2000732421875
5.695,310,525,858,311,-2.0,37.0,43.0,13.671874046325684,21.118162155151367,-21.972654342651367,-0.7061767578125,0.293212890625,-0.1636962890625
5.706,310,523,861,311,-2.0,37.0,43.0,6.958007335662842,12.634276390075684,-13.732909202575684,-0.7061767578125,0.293212890625,-0.1636962890625
5.711,310,519,861,310,-2.0,37.0,43.0,-2.38037109375,1.8310545682907104,-5.493163585662842,-0.7186279296875,0.356689453125,-0.09423828125
5.724,310,527,865,311,-2.0,37.0,43.0,-9.58251953125,-6.042479991912842,-0.0610351525247097,-0.7138671875,0.3560791015625,0.0738525390625
5.733,309,532,875,310,-2.0,37.0,43.0,-13.000487327575684,-9.82666015625,2.0751953125,-0.7138671875,0.3560791015625,0.0738525390625
5.741,310,537,886,312,-2.0,38.0,39.0,-13.916014671325684,-10.559081077575684,2.44140625,-0.7254638671875,0.369140625,0.1513671875
5.755,310,543,910,312,-2.0,38.0,39.0,-13.244627952575684,-9.033203125,2.807616949081421,-0.7265625,0.307861328125,0.235595703125
5.766,308,552,916,312,-2.0,38.0,39.0,-13.244627952575684,-9.033203125,2.807616949081421,-0.7108154296875,0.23974609375,0.233154296875
5.771,310,561,927,311,-2.0,38.0,39.0,-10.742186546325684,-6.469726085662842,3.723144292831421,-0.7108154296875,0.23974609375,0.233154296875
5.792,310,576,946,312,-2.0,38.0,39.0,0.4882812201976776,-4.150390625,7.568358898162842,-0.7244873046875,0.2806396484375,0.1754150390625
5.796,309,588,971,312,-2.0,38.0,39.0,0.4882812201976776,-4.150390625,7.568358898162842,-0.7354736328125,0.3375244140625,0.1353759765625
5.801,309,599,994,312,-2.0,38.0,39.0,6.591796398162842,-5.737304210662842,9.033203125,-0.7354736328125,0.3375244140625,0.1353759765625
5.815,309,621,1029,311,-2.0,38.0,39.0,13.793944358825684,-6.530761241912842,9.46044921875,-0.7158203125,0.3912353515625,0.05908203125
5.823,308,635,1051,312,-2.0,38.0,39.0,13.793944358825684,-6.530761241912842,9.46044921875,-0.681640625,0.3697509765625,0.055419921875
5.832,309,646,1091,311,-2.0,38.0,39.0,12.023924827575684,-6.042479991912842,8.97216796875,-0.681640625,0.3697509765625,0.055419921875
5.845,310,689,1136,310,-1.0,37.0,43.0,4.2724609375,-7.873534679412842,7.141112804412842,-0.58837890625,0.32421875,0.080078125
5.853,310,725,1184,312,-1.0,37.0,43.0,4.2724609375,-7.873534679412842,7.141112804412842,-0.637451171875,0.278564453125,0.0823974609375
5.871,311,767,1213,311,-1.0,37.0,43.0,3.479003667831421,-9.58251953125,5.615233898162842,-0.637451171875,0.278564453125,0.0823974609375
5.875,310,827,1274,312,-1.0,37.0,43.0,9.6435546875,-13.916014671325684,-2.25830078125,-0.87109375,0.086181640625,-0.03662109375
5.899,310,862,1344,312,-1.0,37.0,43.0,9.6435546875,-13.916014671325684,-2.25830078125,-0.8363037109375,0.004638671875,-0.0301513671875
5.900,310,907,1400,312,-1.0,37.0,43.0,7.568358898162842,-14.831542015075684,-7.995604991912842,-0.760009765625,0.0712890625,0.044677734375
5.905,310,959,1471,314,-1.0,37.0,43.0,19.775390625,-11.474608421325684,-12.634276390075684,-0.7982177734375,0.326171875,0.045166015625
5.918,312,989,1502,313,-1.0,37.0,43.0,22.460935592651367,-11.230467796325684,-13.793944358825684,-1.0025634765625,0.5645751953125,0.0126953125
5.921,310,1009,1528,314,-1.0,37.0,43.0,22.460935592651367,-11.230467796325684,-13.793944358825684,-1.29833984375,0.6419677734375,0.0328369140625
5.935,310,1038,1569,312,0.0,36.0,43.0,-7.141112804412842,-18.12744140625,-18.00537109375,-1.5687255859375,0.5968017578125,0.116943359375
5.943,310,1050,1583,314,0.0,36.0,43.0,-16.05224609375,-18.98193359375,-15.563963890075684,-1.7335205078125,0.547119140625,0.2113037109375
5.951,311,1050,1583,312,0.0,36.0,43.0,-16.05224609375,-18.98193359375,-15.563963890075684,-1.7760009765625,0.548095703125,0.28271484375
5.978,311,1020,1531,311,0.0,36.0,43.0,-8.056640625,-11.108397483825684,-7.690429210662842,-1.5850830078125,0.47802734375,0.29638671875
5.978,310,996,1492,314,0.0,36.0,43.0,3.051757574081421,0.2441406100988388,-6.286620616912842,-1.1634521484375,0.249267578125,0.2896728515625
5.983,310,974,1460,314,0.0,36.0,43.0,3.051757574081421,0.2441406100988388,-6.286620616912842,-0.850830078125,0.181640625,0.229736328125
5.999,310,951,1432,313,0.0,36.0,43.0,17.63916015625,21.850584030151367,-2.990722417831421,-0.828369140625,0.350341796875,0.0860595703125
6.003,310,943,1437,312,0.0,36.0,43.0,5.554198741912842,21.911619186401367,-3.723144292831421,-1.02880859375,0.5107421875,-0.049072265625
6.011,311,933,1434,313,0.0,36.0,43.0,5.554198741912842,21.911619186401367,-3.723144292831421,-1.343994140625,0.6463623046875,-0.0888671875
6.025,310,904,1409,311,0.0,36.0,43.0,-23.193357467651367,7.202147960662842,-11.657713890075684,-1.58154296875,0.6973876953125,-0.013671875
6.033,310,875,1374,314,0.0,37.0,44.0,-34.11865234375,1.220703125,-13.305663108825684,-1.6121826171875,0.5833740234375,0.09814453125
6.041,310,852,1309,314,0.0,37.0,44.0,-37.109375,1.5258787870407104,-12.207030296325684,-1.4647216796875,0.386474609375,0.1649169921875
6.055,310,806,1209,312,0.0,37.0,44.0,-31.311033248901367,5.493163585662842,-6.958007335662842,-1.2254638671875,0.1939697265625,0.2069091796875
6.063,310,779,1162,312,0.0,37.0,44.0,-19.775390625,8.36181640625,2.197265625,-0.99658203125,0.1246337890625,0.2034912109375
6.073,310,756,1105,312,0.0,37.0,44.0,-8.36181640625,7.568358898162842,10.742186546325684,-0.84765625,0.218994140625,0.1436767578125
6.103,310,713,1011,310,0.0,37.0,44.0,-4.150390625,3.479003667831421,13.061522483825684,-0.770751953125,0.3494873046875,0.07958984375
6.103,310,671,955,294,0.0,37.0,44.0,-6.591796398162842,0.3662109076976776,8.11767578125,-0.739013671875,0.4276123046875,0.031494140625
6.104,310,662,905,296,0.0,37.0,44.0,-10.925292015075684,0.4272460639476776,-1.3427733182907104,-0.724365234375,0.4234619140625,0.0159912109375
6.110,310,643,854,310,0.0,37.0,44.0,-10.925292015075684,0.4272460639476776,-1.3427733182907104,-0.7158203125,0.34765625,0.0302734375
6.131,310,594,809,310,0.0,37.0,44.0,-15.502928733825684,4.21142578125,-17.02880859375,-0.720703125,0.2523193359375,0.046630859375
6.132,310,578,771,311,0.0,38.0,40.0,-13.488768577575684,4.8828125,-18.49365234375,-0.731689453125,0.1790771484375,0.04638671875
6.140,310,568,741,310,0.0,38.0,40.0,-9.70458984375,4.39453125,-16.845703125,-0.7369384765625,0.1470947265625,0.034423828125
6.154,310,552,705,309,0.0,38.0,40.0,-6.103515148162842,2.685546636581421,-13.977049827575684,-0.7396240234375,0.1474609375,0.043212890625
6.162,309,549,693,310,0.0,38.0,40.0,-5.126952648162842,-0.4272460639476776,-11.596678733825684,-0.74658203125,0.166259765625,0.07861328125
6.176,309,548,685,310,0.0,38.0,40.0,-5.859374523162842,-3.234863042831421,-9.94873046875,-0.758544921875,0.197265625,0.1158447265625
6.184,308,545,678,310,0.0,38.0,40.0,-5.981444835662842,-4.21142578125,-8.6669921875,-0.787109375,0.2103271484375,0.1361083984375
6.203,310,543,673,311,0.0,38.0,40.0,-5.0048828125,-3.845214605331421,-7.141112804412842,-0.8177490234375,0.2191162109375,0.1336669921875
6.204,310,543,673,311,0.0,38.0,40.0,-4.5166015625,-3.295898199081421,-4.150390625,-0.7991943359375,0.2392578125,0.1260986328125
6.214,309,548,693,310,0.0,38.0,40.0,-4.7607421875,-3.051757574081421,-0.4272460639476776,-0.745849609375,0.24853515625,0.12451171875
6.222,309,552,702,310,0.0,38.0,40.0,-4.33349609375,-3.479003667831421,2.197265625,-0.72119140625,0.2547607421875,0.13427734375
6.230,310,557,711,310,0.0,38.0,40.0,-3.295898199081421,-4.638671875,3.662109136581421,-0.75146484375,0.2808837890625,0.15380859375
6.244,310,564,730,310,0.0,37.0,43.0,-2.746581792831421,-5.187987804412842,4.5166015625,-0.79736328125,0.2994384765625,0.1658935546875
6.255,311,574,742,311,0.0,37.0,43.0,-2.929687261581421,-3.845214605331421,5.0048828125,-0.8206787109375,0.2796630859375,0.159423828125
6.316,310,577,771,310,0.0,37.0,43.0,-3.234863042831421,-1.5258787870407104,5.065917491912842,-0.8245849609375,0.2486572265625,0.140380859375
6.316,310,594,810,311,0.0,37.0,43.0,-2.685546636581421,-0.7934569716453552,5.554198741912842,-0.81396484375,0.2415771484375,0.1080322265625
6.319,310,607,833,312,0.0,37.0,43.0,-1.3427733182907104,-2.685546636581421,6.469726085662842,-0.7894287109375,0.250244140625,0.0819091796875
6.319,308,623,877,311,0.0,37.0,43.0,-0.4272460639476776,-6.896972179412842,6.896972179412842,-0.746337890625,0.2481689453125,0.0811767578125
6.319,310,639,982,299,0.0,37.0,43.0,-0.8544921278953552,-10.986327171325684,6.469726085662842,-0.7021484375,0.2364501953125,0.0882568359375
6.319,310,673,1056,312,0.0,37.0,43.0,-2.563476324081421,-13.305663108825684,5.859374523162842,-0.672607421875,0.2183837890625,0.088623046875
6.320,310,691,1108,311,0.0,37.0,43.0,-4.94384765625,-13.610838890075684,5.859374523162842,-0.6470947265625,0.201904296875,0.075439453125
6.334,310,739,1204,312,1.0,36.0,39.0,-7.385253429412842,-13.183592796325684,6.774901866912842,-0.6064453125,0.19189453125,0.065185546875
6.346,310,771,1250,312,1.0,36.0,39.0,-8.544921875,-14.404295921325684,6.652831554412842,-0.539306640625,0.177001953125,0.09130859375
6.350,310,801,1323,312,1.0,36.0,39.0,-4.94384765625,-17.578125,2.746581792831421,-0.4874267578125,0.173828125,0.140380859375
6.364,310,859,1409,312,1.0,36.0,39.0,3.234863042831421,-20.751951217651367,-5.615233898162842,-0.546142578125,0.2349853515625,0.1690673828125
6.372,309,889,1445,313,1.0,36.0,39.0,9.6435546875,-21.850584030151367,-15.502928733825684,-0.7547607421875,0.403076171875,0.17041015625
6.380,310,927,1486,313,1.0,36.0,39.0,9.27734375,-19.6533203125,-22.094724655151367,-1.0618896484375,0.5850830078125,0.14794921875
6.411,310,966,1526,311,1.0,36.0,39.0,3.417968511581421,-14.709471702575684,-23.925779342651367,-1.372314453125,0.60546875,0.1253662109375
6.411,310,982,1545,312,1.0,36.0,39.0,-3.540038824081421,-9.70458984375,-22.644041061401367,-1.6055908203125,0.4716796875,0.1365966796875
6.411,295,998,1519,299,1.0,36.0,39.0,-7.568358898162842,-7.690429210662842,-18.06640625,-1.7435302734375,0.3519287109375,0.1763916015625
6.428,312,987,1536,311,1.0,36.0,39.0,-8.1787109375,-8.23974609375,-9.6435546875,-1.7679443359375,0.306396484375,0.2215576171875
6.433,310,973,1503,314,0.0,36.0,44.0,-5.798339366912842,-7.812499523162842,0.0,-1.592529296875,0.2335205078125,0.2459716796875
6.440,311,958,1474,313,0.0,36.0,44.0,0.3662109076976776,-2.868652105331421,6.896972179412842,-1.2281494140625,0.124755859375,0.226806640625
6.454,311,913,1419,312,0.0,36.0,44.0,10.803221702575684,4.150390625,9.46044921875,-0.8734130859375,0.428955078125,0.10791015625
6.462,310,891,1395,312,0.0,36.0,44.0,18.85986328125,8.056640625,8.30078125,-0.8734130859375,0.428955078125,0.10791015625
6.470,308,889,1407,313,0.0,36.0,44.0,16.9677734375,10.803221702575684,2.3193359375,-0.951904296875,0.5546875,0.069580078125
6.484,309,875,1407,312,0.0,36.0,44.0,8.9111328125,15.014647483825684,-7.202147960662842,-1.4207763671875,0.57421875,0.1473388671875
6.492,311,859,1390,312,0.0,36.0,44.0,0.6713866591453552,16.6015625,-12.390135765075684,-1.4207763671875,0.57421875,0.1473388671875
6.512,311,835,1361,314,0.0,36.0,44.0,-8.36181640625,14.526366233825684,-8.60595703125,-1.58154296875,0.5316162109375,0.180908203125
6.514,297,799,1292,312,0.0,36.0,44.0,-15.563963890075684,13.061522483825684,-0.3662109076976776,-1.370361328125,0.2054443359375,0.2191162109375
6.522,310,772,1245,313,0.0,36.0,44.0,-15.747069358825684,12.573241233825684,7.812499523162842,-1.370361328125,0.2054443359375,0.2191162109375
6.530,310,750,1176,312,1.0,37.0,44.0,-9.94873046875,11.352538108825684,15.869139671325684,-1.1351318359375,0.1661376953125,0.248046875
6.544,309,710,1098,310,1.0,37.0,44.0,-2.807616949081421,10.070799827575684,22.399900436401367,-0.7303466796875,0.307373046875,0.15625
6.552,310,678,1067,312,1.0,37.0,44.0,3.417968511581421,9.1552734375,23.620603561401367,-0.7303466796875,0.307373046875,0.15625
6.564,310,657,1029,312,1.0,37.0,44.0,7.995604991912842,9.09423828125,18.85986328125,-0.6375732421875,0.38427734375,0.07470703125
6.574,310,631,996,312,1.0,37.0,44.0,8.97216796875,10.131834983825684,10.314940452575684,-0.613525390625,0.3544921875,0.07763671875
6.588,310,617,972,312,1.0,37.0,44.0,6.225585460662842,11.474608421325684,-0.4272460639476776,-0.648681640625,0.2154541015625,0.0830078125
6.590,310,603,959,311,1.0,37.0,44.0,3.112792730331421,13.244627952575684,-10.620116233825684,-0.648681640625,0.2154541015625,0.0830078125
6.612,308,590,928,311,1.0,37.0,44.0,-0.4882812201976776,15.197752952575684,-14.099120140075684,-0.7364501953125,0.1279296875,-0.007568359375
6.615,311,585,913,312,1.0,37.0,44.0,-0.4882812201976776,15.197752952575684,-14.099120140075684,-0.748046875,0.1578369140625,0.0118408203125
6.621,311,578,907,312,1.0,37.0,44.0,-2.746581792831421,10.498045921325684,-8.4228515625,-0.748046875,0.1578369140625,0.0118408203125
6.634,308,574,895,311,1.0,38.0,44.0,-1.03759765625,-1.03759765625,1.3427733182907104,-0.7781982421875,0.2249755859375,0.0828857421875
6.643,308,574,907,311,1.0,38.0,44.0,-1.03759765625,-1.03759765625,1.3427733182907104,-0.7921142578125,0.2374267578125,0.118408203125
6.656,308,576,910,312,1.0,38.0,44.0,0.0,-3.662109136581421,3.601073980331421,-0.7921142578125,0.2374267578125,0.118408203125
6.667,310,586,933,311,1.0,38.0,44.0,-1.5869139432907104,-3.601073980331421,6.164550304412842,-0.799560546875,0.2513427734375,0.132568359375
6.672,310,590,943,312,1.0,38.0,44.0,-1.5869139432907104,-3.601073980331421,6.164550304412842,-0.7877197265625,0.2862548828125,0.12548828125
6.680,310,594,958,312,1.0,38.0,44.0,-2.868652105331421,-3.540038824081421,8.48388671875,-0.7877197265625,0.2862548828125,0.12548828125
6.694,309,607,992,311,1.0,38.0,44.0,-3.295898199081421,-6.591796398162842,12.207030296325684,-0.7767333984375,0.2945556640625,0.1044921875
6.721,310,616,1017,312,1.0,38.0,44.0,-3.295898199081421,-6.591796398162842,12.207030296325684,-0.770751953125,0.2841796875,0.087158203125
6.721,310,621,1039,312,1.0,38.0,44.0,-1.7700194120407104,-7.751464366912842,11.352538108825684,-0.770751953125,0.2841796875,0.087158203125
6.724,311,644,1108,312,1.0,38.0,44.0,0.4882812201976776,-10.009765625,7.629394054412842,-0.7801513671875,0.294921875,0.076416015625
6.732,311,661,1131,313,0.0,40.0,41.0,-2.0751953125,-10.375975608825684,6.713866710662842,-0.767578125,0.2581787109375,0.07763671875
6.740,310,676,1157,311,0.0,40.0,41.0,-2.0751953125,-10.375975608825684,6.713866710662842,-0.723388671875,0.2041015625,0.0831298828125
6.754,310,705,1206,312,0.0,40.0,41.0,-7.568358898162842,-12.939452171325684,7.690429210662842,-0.6463623046875,0.1773681640625,0.098876953125
6.776,310,729,1243,313,0.0,40.0,41.0,-4.45556640625,-15.808104515075684,8.30078125,-0.5655517578125,0.197509765625,0.118896484375
6.777,292,740,1290,312,0.0,40.0,41.0,-4.45556640625,-15.808104515075684,8.30078125,-0.5191650390625,0.235595703125,0.1243896484375
6.790,310,816,1390,314,0.0,40.0,41.0,9.521484375,-24.658201217651367,3.540038824081421,-0.5177001953125,0.2626953125,0.11669921875
6.792,310,848,1437,312,0.0,40.0,41.0,17.51708984375,-28.991697311401367,-3.356933355331421,-0.5927734375,0.27880859375,0.0970458984375
6.805,310,878,1472,312,0.0,40.0,41.0,17.51708984375,-28.991697311401367,-3.356933355331421,-0.781982421875,0.353759765625,0.0738525390625
6.819,310,923,1528,312,0.0,40.0,41.0,22.949216842651367,-30.517576217651367,-18.6767578125,-1.04150390625,0.515625,0.0830078125
6.822,311,951,1559,313,0.0,40.0,41.0,11.352538108825684,-28.076169967651367,-22.766111373901367,-1.2879638671875,0.6226806640625,0.1343994140625
6.830,310,973,1592,312,0.0,36.0,41.0,11.352538108825684,-28.076169967651367,-22.766111373901367,-1.469482421875,0.5670166015625,0.184814453125
6.844,310,992,1608,312,0.0,36.0,41.0,-12.878417015075684,-23.132322311401367,-28.320310592651367,-1.5892333984375,0.4521484375,0.2200927734375
6.852,311,996,1610,313,0.0,36.0,41.0,-11.230467796325684,-23.681638717651367,-26.123044967651367,-1.6549072265625,0.390380859375,0.260009765625
6.860,310,981,1592,314,0.0,36.0,41.0,-11.230467796325684,-23.681638717651367,-26.123044967651367,-1.616943359375,0.33447265625,0.2938232421875
6.885,311,944,1543,314,0.0,36.0,41.0,2.13623046875,-20.324705123901367,-12.939452171325684,-1.36083984375,0.165771484375,0.292236328125
6.885,310,927,1516,314,0.0,36.0,41.0,7.324218273162842,-9.6435546875,-6.347655773162842,-1.011474609375,0.015625,0.284423828125
6.892,310,895,1477,312,0.0,36.0,41.0,8.6669921875,1.03759765625,-0.6713866591453552,-0.856689453125,0.1173095703125,0.2811279296875
6.922,310,873,1456,312,0.0,36.0,41.0,3.479003667831421,7.263183116912842,1.9531248807907104,-0.900390625,0.332275390625,0.239013671875
6.922,310,868,1462,299,0.0,36.0,41.0,-2.0751953125,12.878417015075684,-2.0751953125,-1.0462646484375,0.50732421875,0.1798095703125
6.923,310,837,1432,311,0.0,36.0,41.0,-2.990722417831421,17.2119140625,-10.620116233825684,-1.2978515625,0.7110595703125,0.1781005859375
6.934,310,832,1415,312,0.0,35.0,45.0,-7.019042491912842,17.08984375,-17.822265625,-1.5330810546875,0.803955078125,0.214599609375
6.942,310,809,1387,314,0.0,35.0,45.0,-18.61572265625,16.41845703125,-22.583005905151367,-1.563232421875,0.583984375,0.2275390625
6.950,310,780,1345,312,0.0,35.0,45.0,-25.817869186401367,18.00537109375,-24.169919967651367,-1.406494140625,0.2559814453125,0.22021484375
6.964,310,740,1267,312,0.0,35.0,45.0,-18.310546875,18.1884765625,-18.4326171875,-1.19970703125,0.107666015625,0.1976318359375
6.972,310,707,1209,312,0.0,35.0,45.0,-3.540038824081421,15.258788108825684,-6.042479991912842,-1.000244140625,0.11474609375,0.18212890625
7.000,310,682,1157,312,0.0,35.0,45.0,6.042479991912842,11.230467796325684,6.591796398162842,-0.8134765625,0.1201171875,0.1671142578125
7.000,310,652,1089,312,0.0,35.0,45.0,7.995604991912842,9.21630859375,14.892577171325684,-0.665283203125,0.0936279296875,0.127197265625
7.002,311,634,1054,312,0.0,35.0,45.0,6.469726085662842,9.09423828125,18.5546875,-0.56884765625,0.1182861328125,0.0965576171875
7.025,310,620,1035,311,0.0,35.0,45.0,4.39453125,8.4228515625,17.76123046875,-0.5411376953125,0.2174072265625,0.095703125
7.025,309,599,1009,312,0.0,35.0,45.0,3.112792730331421,7.873534679412842,12.695311546325684,-0.580810546875,0.314453125,0.0982666015625
7.032,310,593,999,312,0.0,37.0,39.0,2.807616949081421,9.27734375,5.676269054412842,-0.6314697265625,0.3260498046875,0.10498046875
7.040,310,594,999,312,0.0,37.0,39.0,1.7089842557907104,11.474608421325684,-0.3662109076976776,-0.658203125,0.2332763671875,0.1309814453125
7.054,310,594,1009,312,0.0,37.0,39.0,-0.4882812201976776,12.634276390075684,-3.906249761581421,-0.69775390625,0.1351318359375,0.13818359375
7.062,310,594,1013,311,0.0,37.0,39.0,-2.50244140625,11.779784202575684,-3.906249761581421,-0.75830078125,0.1475830078125,0.1123046875
7.070,310,599,1013,312,0.0,37.0,39.0,-3.662109136581421,8.36181640625,-1.15966796875,-0.802734375,0.2373046875,0.098388671875
7.105,310,606,1022,311,0.0,37.0,39.0,-3.173827886581421,3.540038824081421,1.9531248807907104,-0.8292236328125,0.300537109375,0.10546875
7.106,310,608,1034,312,0.0,37.0,39.0,-0.8544921278953552,-0.30517578125,3.784179449081421,-0.851806640625,0.3021240234375,0.11669921875
7.106,310,617,1043,311,0.0,37.0,39.0,1.6479490995407104,-2.3193359375,4.57763671875,-0.8800048828125,0.2838134765625,0.130615234375
7.133,308,629,1069,310,0.0,37.0,39.0,2.868652105331421,-3.479003667831421,5.310058116912842,-0.90771484375,0.278076171875,0.1466064453125
7.133,294,613,1091,310,0.0,37.0,39.0,2.38037109375,-4.33349609375,6.652831554412842,-0.9219970703125,0.26806640625,0.1524658203125
7.133,296,644,1108,312,-2.0,35.0,44.0,1.4038084745407104,-5.493163585662842,8.7890625,-0.9239501953125,0.24951171875,0.1483154296875
7.144,310,652,1129,312,-2.0,35.0,44.0,1.03759765625,-7.202147960662842,11.962889671325684,-0.923583984375,0.238037109375,0.137451171875
7.154,311,658,1133,312,-2.0,35.0,44.0,1.4038084745407104,-9.033203125,15.930174827575684,-0.916015625,0.2249755859375,0.119140625
7.160,310,664,1148,312,-2.0,35.0,44.0,1.8310545682907104,-10.925292015075684,19.53125,-0.859375,0.1961669921875,0.1029052734375
7.174,310,684,1172,312,-2.0,35.0,44.0,2.990722417831421,-13.122557640075684,21.850584030151367,-0.729736328125,0.171142578125,0.103271484375
7.182,310,698,1198,313,-2.0,35.0,44.0,7.263183116912842,-15.502928733825684,22.094724655151367,-0.5728759765625,0.1829833984375,0.121826171875
7.205,311,712,1228,312,-2.0,35.0,44.0,15.014647483825684,-17.39501953125,19.4091796875,-0.443603515625,0.212646484375,0.138916015625
7.206,310,754,1306,312,-2.0,35.0,44.0,23.986814498901367,-18.310546875,13.671874046325684,-0.3282470703125,0.1651611328125,0.1192626953125
7.230,310,782,1369,312,-2.0,35.0,44.0,30.334470748901367,-17.7001953125,5.249022960662842,-0.3282470703125,0.1651611328125,0.1192626953125
7.230,295,819,1409,287,-2.0,35.0,44.0,32.2265625,-16.4794921875,-5.310058116912842,-0.3238525390625,0.1322021484375,0.1258544921875
7.234,312,878,1486,313,0.0,34.0,45.0,34.11865234375,-15.258788108825684,-15.930174827575684,-0.6138916015625,0.3551025390625,0.0765380859375
7.242,311,918,1524,312,0.0,34.0,45.0,37.29248046875,-14.465331077575684,-22.766111373901367,-0.6138916015625,0.3551025390625,0.0765380859375
7.250,308,953,1560,313,0.0,34.0,45.0,33.935546875,-15.563963890075684,-24.169919967651367,-0.96044921875,0.551025390625,0.024658203125
7.264,310,994,1615,313,0.0,34.0,45.0,18.310546875,-18.5546875,-22.338865280151367,-1.58837890625,0.58642578125,0.1002197265625
7.272,310,1017,1634,314,0.0,34.0,45.0,-1.7089842557907104,-21.118162155151367,-20.446775436401367,-1.58837890625,0.58642578125,0.1002197265625
7.280,310,1034,1649,313,0.0,34.0,45.0,-14.953612327575684,-21.911619186401367,-19.4091796875,-1.7227783203125,0.4630126953125,0.218994140625
7.293,311,1034,1646,312,0.0,34.0,45.0,-17.51708984375,-21.240232467651367,-16.7236328125,-1.7882080078125,0.4598388671875,0.339111328125
7.320,310,1013,1610,313,0.0,34.0,45.0,-14.587401390075684,-19.22607421875,-10.437010765075684,-1.7882080078125,0.4598388671875,0.339111328125
7.332,294,1000,1583,313,0.0,34.0,45.0,-12.329100608825684,-15.136717796325684,-2.44140625,-1.5279541015625,0.284912109375,0.3726806640625
7.333,310,973,1533,314,0.0,37.0,45.0,-7.568358898162842,-6.286620616912842,3.295898199081421,-0.776123046875,0.0286865234375,0.4078369140625
7.334,312,966,1521,312,0.0,37.0,45.0,8.30078125,4.45556640625,6.103515148162842,-0.776123046875,0.0286865234375,0.4078369140625
7.340,310,960,1533,314,0.0,37.0,45.0,26.000974655151367,12.817381858825684,6.347655773162842,-0.8250732421875,0.4068603515625,0.2198486328125
7.354,310,944,1533,313,0.0,37.0,45.0,11.535643577575684,19.53125,-7.324218273162842,-1.39794921875,0.821533203125,-0.010009765625
7.362,310,931,1524,313,0.0,37.0,45.0,11.535643577575684,19.53125,-7.324218273162842,-1.5609130859375,0.6346435546875,0.0894775390625
7.370,310,910,1504,314,0.0,37.0,45.0,-16.2353515625,15.441893577575684,-15.014647483825684,-1.5609130859375,0.6346435546875,0.0894775390625
7.384,310,859,1455,312,0.0,37.0,45.0,-42.541500091552734,11.047362327575684,-10.375975608825684,-1.4527587890625,0.2218017578125,0.276123046875
7.392,310,833,1398,313,0.0,37.0,45.0,-42.541500091552734,11.047362327575684,-10.375975608825684,-1.3131103515625,0.1817626953125,0.308837890625
7.413,310,809,1357,312,0.0,37.0,45.0,-35.09521484375,11.230467796325684,1.4038084745407104,-1.3131103515625,0.1817626953125,0.308837890625
7.414,294,739,1268,313,0.0,37.0,45.0,-13.122557640075684,12.695311546325684,23.254392623901367,-0.956787109375,0.1722412109375,0.3045654296875
7.435,310,737,1231,312,0.0,37.0,45.0,-13.122557640075684,12.695311546325684,23.254392623901367,-0.78466796875,0.23193359375,0.225830078125
7.443,310,683,1151,311,1.0,36.0,45.0,-3.356933355331421,13.854979515075684,26.367185592651367,-0.78466796875,0.23193359375,0.225830078125
7.444,310,654,1125,312,1.0,36.0,45.0,9.27734375,14.953612327575684,16.845703125,-0.616943359375,0.397705078125,0.0721435546875
7.452,310,632,1092,312,1.0,36.0,45.0,9.27734375,14.953612327575684,16.845703125,-0.6103515625,0.3599853515625,0.076416015625
7.460,310,614,1064,312,1.0,36.0,45.0,8.4228515625,14.831542015075684,7.812499523162842,-0.6103515625,0.3599853515625,0.076416015625
7.474,308,587,1029,312,1.0,36.0,45.0,-3.723144292831421,15.991209983825684,-6.591796398162842,-0.662841796875,0.155517578125,0.063232421875
7.482,309,576,1010,312,1.0,36.0,45.0,-3.723144292831421,15.991209983825684,-6.591796398162842,-0.6932373046875,0.145751953125,0.0386962890625
7.490,310,568,981,312,1.0,36.0,45.0,-9.33837890625,16.9677734375,-7.141112804412842,-0.7122802734375,0.134765625,0.0625
7.507,309,558,951,312,1.0,36.0,45.0,-13.183592796325684,8.85009765625,-1.0986328125,-0.7158203125,0.0946044921875,0.0894775390625
7.517,310,554,939,312,1.0,36.0,45.0,-9.82666015625,3.601073980331421,1.5258787870407104,-0.7230224609375,0.099853515625,0.080810546875
7.536,309,548,939,312,1.0,36.0,45.0,-9.82666015625,3.601073980331421,1.5258787870407104,-0.7437744140625,0.179443359375,0.0513916015625
7.536,294,552,952,311,-1.0,36.0,44.0,-5.249022960662842,-1.3427733182907104,7.141112804412842,-0.7640380859375,0.2789306640625,0.0386962890625
7.542,308,557,966,312,-1.0,36.0,44.0,-7.141112804412842,-2.746581792831421,10.314940452575684,-0.771728515625,0.3465576171875,0.0552978515625
7.555,310,562,974,312,-1.0,36.0,44.0,-7.141112804412842,-2.746581792831421,10.314940452575684,-0.764892578125,0.37109375,0.0908203125
7.564,310,574,990,312,-1.0,36.0,44.0,-11.413573265075684,-6.347655773162842,15.197752952575684,-0.7322998046875,0.333740234375,0.1260986328125
7.572,310,582,1014,312,-1.0,36.0,44.0,-11.840819358825684,-7.385253429412842,15.258788108825684,-0.687255859375,0.258056640625,0.1400146484375
7.580,310,593,1035,311,-1.0,36.0,44.0,-11.840819358825684,-7.385253429412842,15.258788108825684,-0.6610107421875,0.21337890625,0.131591796875
7.594,310,607,1089,310,-1.0,36.0,44.0,-2.990722417831421,-9.765625,12.207030296325684,-0.650390625,0.230224609375,0.1207275390625
7.609,310,620,1120,312,-1.0,36.0,44.0,1.220703125,-11.901854515075684,11.596678733825684,-0.63232421875,0.2672119140625,0.1331787109375
7.642,311,636,1147,312,-1.0,36.0,44.0,1.220703125,-11.901854515075684,11.596678733825684,-0.5841064453125,0.2733154296875,0.1455078125
7.646,309,685,1231,313,0.0,36.0,38.0,-0.1831054538488388,-13.122557640075684,10.742186546325684,-0.53173828125,0.2718505859375,0.14501953125
7.650,310,710,1292,312,0.0,36.0,38.0,-2.44140625,-13.793944358825684,8.48388671875,-0.52197265625,0.2689208984375,0.185546875
7.653,310,739,1335,298,0.0,36.0,38.0,-2.44140625,-13.793944358825684,8.48388671875,-0.5484619140625,0.225830078125,0.2437744140625
7.668,310,796,1455,312,0.0,36.0,38.0,3.662109136581421,-20.812986373901367,-3.234863042831421,-0.5863037109375,0.164306640625,0.24609375
7.668,310,827,1504,312,0.0,36.0,38.0,13.549803733825684,-19.95849609375,-10.070799827575684,-0.6400146484375,0.1619873046875,0.191650390625
7.670,311,860,1545,314,0.0,36.0,38.0,22.460935592651367,-16.7236328125,-15.441893577575684,-0.7257080078125,0.255615234375,0.123291015625
7.684,310,918,1595,312,0.0,36.0,38.0,23.986814498901367,-14.709471702575684,-18.6767578125,-0.876708984375,0.376220703125,0.0792236328125
7.692,310,948,1624,314,0.0,36.0,38.0,17.76123046875,-15.624999046325684,-20.263669967651367,-1.1348876953125,0.477783203125,0.04296875
7.700,312,975,1648,314,0.0,36.0,38.0,7.629394054412842,-18.798828125,-20.263669967651367,-1.4443359375,0.5546875,0.033203125
7.714,310,1000,1674,312,0.0,36.0,38.0,-2.807616949081421,-22.583005905151367,-18.98193359375,-1.686279296875,0.566650390625,0.118408203125
7.741,310,1011,1683,314,0.0,34.0,41.0,-10.925292015075684,-24.780271530151367,-16.54052734375,-1.8223876953125,0.5498046875,0.263916015625
7.742,296,1003,1674,312,0.0,34.0,41.0,-15.686034202575684,-24.963376998901367,-11.962889671325684,-1.8414306640625,0.5098876953125,0.3988037109375
7.744,310,971,1627,313,0.0,34.0,41.0,-16.2353515625,-22.644041061401367,-6.042479991912842,-1.569091796875,0.2940673828125,0.47412109375
7.752,310,955,1592,314,0.0,34.0,41.0,-9.6435546875,-14.160155296325684,-1.7089842557907104,-1.08056640625,0.0435791015625,0.4803466796875
7.760,311,938,1569,313,0.0,34.0,41.0,6.408690929412842,-1.7700194120407104,0.0,-0.7940673828125,0.1556396484375,0.398193359375
7.779,310,936,1583,313,0.0,34.0,41.0,19.34814453125,9.1552734375,-1.8920897245407104,-0.8631591796875,0.5162353515625,0.2491455078125
7.782,311,931,1578,314,0.0,34.0,41.0,16.2353515625,16.6015625,-9.1552734375,-1.1964111328125,0.763671875,0.1773681640625
7.790,311,916,1567,312,0.0,34.0,41.0,-0.3662109076976776,19.6533203125,-18.61572265625,-1.5518798828125,0.717529296875,0.2022705078125
7.804,310,875,1531,313,0.0,34.0,41.0,-19.8974609375,21.057126998901367,-23.559568405151367,-1.6903076171875,0.477294921875,0.251220703125
7.814,310,840,1502,314,0.0,34.0,41.0,-29.296873092651367,22.338865280151367,-19.6533203125,-1.6253662109375,0.3343505859375,0.2908935546875
7.820,311,809,1456,313,0.0,35.0,45.0,-26.733396530151367,22.399900436401367,-8.544921875,-1.461669921875,0.29150390625,0.293701171875
7.852,310,765,1365,312,0.0,35.0,45.0,-19.47021484375,22.583005905151367,4.21142578125,-1.2574462890625,0.20947265625,0.281005859375
7.853,310,729,1275,299,0.0,35.0,45.0,-11.291502952575684,23.620603561401367,15.014647483825684,-1.0263671875,0.1435546875,0.27197265625
7.853,310,703,1254,311,0.0,35.0,45.0,-5.0048828125,24.536130905151367,21.911619186401367,-0.802734375,0.1676025390625,0.227783203125
7.864,308,653,1170,312,0.0,35.0,45.0,-0.6103515625,24.353025436401367,23.254392623901367,-0.6439208984375,0.251708984375,0.155517578125
7.872,311,622,1129,314,0.0,35.0,45.0,3.906249761581421,22.766111373901367,18.49365234375,-0.5732421875,0.3370361328125,0.0931396484375
7.880,310,605,1089,312,0.0,35.0,45.0,6.835937023162842,20.935056686401367,8.97216796875,-0.570556640625,0.3333740234375,0.06884765625
7.894,310,575,1029,312,0.0,35.0,45.0,5.493163585662842,19.95849609375,-2.197265625,-0.603271484375,0.2593994140625,0.0628662109375
7.902,310,553,989,312,0.0,35.0,45.0,1.3427733182907104,20.446775436401367,-11.230467796325684,-0.635498046875,0.183349609375,0.0235595703125
7.917,310,537,963,312,0.0,35.0,45.0,-2.44140625,21.179197311401367,-16.357421875,-0.6427001953125,0.08544921875,0.0130615234375
7.924,310,525,935,312,0.0,36.0,45.0,-2.13623046875,19.8974609375,-16.90673828125,-0.6361083984375,-0.00341796875,0.0677490234375
7.950,311,518,920,311,0.0,36.0,45.0,3.723144292831421,16.7236328125,-12.451170921325684,-0.6480712890625,0.025390625,0.09521484375
7.950,308,521,913,312,0.0,36.0,45.0,8.85009765625,12.023924827575684,-5.859374523162842,-0.6905517578125,0.1429443359375,0.080322265625
7.954,310,522,912,312,0.0,36.0,45.0,8.1787109375,6.958007335662842,-0.7324218153953552,-0.7540283203125,0.3135986328125,0.079345703125
7.962,310,524,913,311,0.0,36.0,45.0,4.57763671875,3.967284917831421,3.173827886581421,-0.7540283203125,0.3135986328125,0.079345703125
7.970,310,530,922,312,0.0,36.0,45.0,1.220703125,2.624511480331421,7.141112804412842,-0.7626953125,0.3433837890625,0.108642578125
7.984,310,535,932,312,0.0,36.0,45.0,-0.9155272841453552,1.0986328125,10.742186546325684,-0.7506103515625,0.3211669921875,0.1893310546875
7.992,310,540,943,311,0.0,36.0,45.0,-2.25830078125,-0.30517578125,13.061522483825684,-0.7506103515625,0.3211669921875,0.1893310546875
8.005,310,548,948,312,0.0,36.0,45.0,-2.807616949081421,-0.6713866591453552,13.610838890075684,-0.7315673828125,0.2791748046875,0.2034912109375
8.019,309,563,971,308,0.0,36.0,45.0,-1.5258787870407104,-0.9765624403953552,13.000487327575684,-0.7493896484375,0.2861328125,0.1925048828125
8.022,310,572,986,312,0.0,39.0,43.0,2.25830078125,-2.3193359375,11.779784202575684,-0.7493896484375,0.2861328125,0.1925048828125
8.030,310,579,1010,311,0.0,39.0,43.0,6.896972179412842,-3.845214605331421,10.498045921325684,-0.7843017578125,0.326416015625,0.1622314453125
8.053,310,596,1035,311,0.0,39.0,43.0,10.009765625,-4.2724609375,9.70458984375,-0.79736328125,0.314697265625,0.088134765625
8.053,310,613,1054,312,0.0,39.0,43.0,9.58251953125,-3.784179449081421,10.253905296325684,-0.79736328125,0.314697265625,0.088134765625
8.060,310,628,1081,312,0.0,39.0,43.0,5.798339366912842,-4.2724609375,12.451170921325684,-0.7335205078125,0.26318359375,0.0709228515625
8.074,310,658,1134,311,0.0,39.0,43.0,3.540038824081421,-7.751464366912842,15.624999046325684,-0.531494140625,0.1817626953125,0.120849609375
8.082,312,688,1183,312,0.0,39.0,43.0,7.629394054412842,-13.305663108825684,18.6767578125,-0.531494140625,0.1817626953125,0.120849609375
8.091,310,716,1225,313,0.0,39.0,43.0,15.197752952575684,-18.310546875,19.71435546875,-0.5018310546875,0.181396484375,0.1407470703125
8.104,310,780,1351,312,0.0,39.0,43.0,21.423337936401367,-21.850584030151367,16.66259765625,-0.552978515625,0.0963134765625,0.163818359375
8.124,310,826,1419,313,0.0,39.0,43.0,24.902341842651367,-21.667478561401367,9.33837890625,-0.5118408203125,0.062744140625,0.1357421875
8.125,310,865,1474,313,0.0,36.0,41.0,25.634763717651367,-16.17431640625,0.4882812201976776,-0.5118408203125,0.062744140625,0.1357421875
8.155,310,943,1545,312,0.0,36.0,41.0,33.5693359375,-4.94384765625,-17.7001953125,-0.582763671875,0.288330078125,0.0919189453125
8.156,311,984,1592,314,0.0,36.0,41.0,33.5693359375,-4.94384765625,-17.7001953125,-0.9140625,0.59814453125,0.0037841796875
8.156,294,995,1627,311,0.0,36.0,41.0,39.24560546875,-3.112792730331421,-23.986814498901367,-0.9140625,0.59814453125,0.0037841796875
8.164,308,1074,1681,312,0.0,36.0,41.0,3.051757574081421,-6.469726085662842,-29.602048873901367,-1.8028564453125,0.80078125,-0.0377197265625
8.172,310,1089,1700,314,0.0,36.0,41.0,3.051757574081421,-6.469726085662842,-29.602048873901367,-2.149169921875,0.7025146484375,0.1024169921875
8.180,310,1091,1700,313,0.0,36.0,41.0,-28.198240280151367,-13.061522483825684,-26.916501998901367,-2.149169921875,0.7025146484375,0.1024169921875
8.194,310,1065,1640,314,0.0,36.0,41.0,-48.706050872802734,-24.108884811401367,-4.94384765625,-1.9000244140625,0.0810546875,0.518798828125
8.202,311,1029,1595,313,0.0,36.0,41.0,-48.706050872802734,-24.108884811401367,-4.94384765625,-1.14697265625,-0.26220703125,0.612548828125
8.210,310,1010,1564,314,0.0,36.0,41.0,-31.249998092651367,-15.686034202575684,5.493163585662842,-1.14697265625,-0.26220703125,0.612548828125
8.231,310,1009,1569,312,0.0,36.0,41.0,35.15625,12.451170921325684,15.441893577575684,-0.875,0.7264404296875,0.138427734375
8.232,311,1000,1568,312,0.0,36.0,41.0,35.15625,12.451170921325684,15.441893577575684,-1.34326171875,1.1170654296875,-0.00390625
8.243,311,989,1559,312,0.0,36.0,41.0,34.97314453125,18.24951171875,6.408690929412842,-1.34326171875,1.1170654296875,-0.00390625
8.262,310,953,1523,313,0.0,36.0,41.0,-22.827146530151367,14.282225608825684,-26.184080123901367,-1.797119140625,0.4697265625,0.199462890625
8.262,310,922,1460,300,0.0,36.0,41.0,-36.4990234375,13.793944358825684,-26.000974655151367,-1.6724853515625,0.227294921875,0.293701171875
8.270,310,873,1450,312,0.0,36.0,41.0,-36.4990234375,13.793944358825684,-26.000974655151367,-1.5107421875,0.2506103515625,0.2996826171875
8.284,310,805,1352,312,0.0,36.0,41.0,-20.385740280151367,13.427733421325684,5.554198741912842,-1.3553466796875,0.293701171875,0.2637939453125
8.292,310,765,1297,314,0.0,36.0,41.0,-11.535643577575684,14.526366233825684,20.141599655151367,-1.1358642578125,0.2183837890625,0.2681884765625
8.300,310,717,1251,312,0.0,36.0,41.0,-11.535643577575684,14.526366233825684,20.141599655151367,-0.84228515625,0.119873046875,0.2784423828125
8.314,309,662,1147,312,0.0,36.0,41.0,1.03759765625,22.888181686401367,29.174802780151367,-0.573486328125,0.0804443359375,0.236572265625
8.328,310,633,1091,312,0.0,35.0,40.0,7.080077648162842,23.376462936401367,26.550291061401367,-0.4083251953125,0.091552734375,0.1846923828125
8.330,309,594,1042,312,0.0,35.0,40.0,7.080077648162842,23.376462936401367,26.550291061401367,-0.3681640625,0.15185546875,0.125
8.356,312,558,959,312,0.0,35.0,40.0,19.34814453125,17.333984375,12.451170921325684,-0.40576171875,0.209716796875,0.0650634765625
8.357,295,542,905,310,0.0,35.0,40.0,18.73779296875,18.37158203125,-0.4882812201976776,-0.4542236328125,0.2020263671875,0.014404296875
8.360,310,530,871,311,0.0,35.0,40.0,18.73779296875,18.37158203125,-0.4882812201976776,-0.5167236328125,0.1650390625,-0.08349609375
8.374,309,522,849,311,0.0,35.0,40.0,8.11767578125,24.658201217651367,-20.935056686401367,-0.6044921875,0.182861328125,-0.1761474609375
8.382,307,513,849,311,0.0,35.0,40.0,2.746581792831421,21.301267623901367,-19.4091796875,-0.6767578125,0.23876953125,-0.1593017578125
8.390,310,517,846,308,0.0,35.0,40.0,2.746581792831421,21.301267623901367,-19.4091796875,-0.713623046875,0.3082275390625,-0.0926513671875
8.404,309,518,859,311,0.0,35.0,40.0,-0.4882812201976776,4.33349609375,-2.44140625,-0.728759765625,0.3671875,-0.0301513671875
8.412,310,523,875,310,0.0,35.0,40.0,-3.112792730331421,-3.234863042831421,1.7700194120407104,-0.7320556640625,0.3707275390625,0.0546875
8.429,310,523,882,312,1.0,37.0,40.0,-7.507323741912842,-7.568358898162842,2.25830078125,-0.74853515625,0.3602294921875,0.139892578125
8.434,310,533,895,312,1.0,37.0,40.0,-10.559081077575684,-8.72802734375,1.9531248807907104,-0.7652587890625,0.337646484375,0.197998046875
8.457,310,537,907,311,1.0,37.0,40.0,-11.230467796325684,-7.995604991912842,2.0751953125,-0.7679443359375,0.2728271484375,0.215576171875
8.457,289,525,917,312,1.0,37.0,40.0,-9.94873046875,-6.469726085662842,3.479003667831421,-0.764404296875,0.2120361328125,0.21240234375
8.464,310,553,939,310,1.0,37.0,40.0,-7.446288585662842,-5.676269054412842,6.042479991912842,-0.7572021484375,0.2081298828125,0.2137451171875
8.474,310,564,959,311,1.0,37.0,40.0,-3.662109136581421,-5.737304210662842,8.7890625,-0.75244140625,0.2412109375,0.2178955078125
8.481,310,576,987,311,1.0,37.0,40.0,0.2441406100988388,-6.530761241912842,10.314940452575684,-0.7548828125,0.278076171875,0.2105712890625
8.494,309,592,1035,312,1.0,37.0,40.0,3.417968511581421,-7.629394054412842,10.437010765075684,-0.7564697265625,0.3154296875,0.177490234375
8.502,310,606,1056,312,1.0,37.0,40.0,6.286620616912842,-8.4228515625,9.765625,-0.745361328125,0.3409423828125,0.1331787109375
8.510,308,616,1082,312,1.0,37.0,40.0,8.7890625,-8.9111328125,9.1552734375,-0.73291015625,0.3529052734375,0.0968017578125
8.531,308,642,1134,311,-1.0,34.0,43.0,9.1552734375,-9.765625,9.82666015625,-0.7303466796875,0.3504638671875,0.0821533203125
8.532,308,658,1157,312,-1.0,34.0,43.0,7.263183116912842,-11.901854515075684,11.535643577575684,-0.7037353515625,0.3070068359375,0.1051025390625
8.540,311,674,1176,312,-1.0,34.0,43.0,6.408690929412842,-14.404295921325684,12.817381858825684,-0.6490478515625,0.2337646484375,0.1326904296875
8.569,311,730,1250,312,-1.0,34.0,43.0,10.437010765075684,-15.319823265075684,13.122557640075684,-0.6572265625,0.1822509765625,0.1329345703125
8.569,310,770,1268,312,-1.0,34.0,43.0,18.61572265625,-15.563963890075684,12.145995140075684,-0.75439453125,0.1590576171875,0.133544921875
8.570,297,805,1363,296,-1.0,34.0,43.0,25.939939498901367,-15.441893577575684,9.33837890625,-0.833740234375,0.1463623046875,0.140625
8.584,310,865,1455,312,-1.0,34.0,43.0,26.916501998901367,-12.329100608825684,5.187987804412842,-0.7889404296875,0.1414794921875,0.1580810546875
8.592,311,902,1500,313,-1.0,34.0,43.0,25.024412155151367,-5.981444835662842,-0.9155272841453552,-0.6541748046875,0.1541748046875,0.1527099609375
8.600,310,938,1536,313,-1.0,34.0,43.0,25.390623092651367,0.7324218153953552,-8.1787109375,-0.592529296875,0.25341796875,0.0682373046875
8.614,310,994,1592,314,0.0,37.0,43.0,22.705076217651367,4.0283203125,-13.671874046325684,-0.71728515625,0.4373779296875,-0.053466796875
8.622,310,1025,1625,314,0.0,37.0,43.0,10.498045921325684,2.746581792831421,-17.15087890625,-1.0142822265625,0.57421875,-0.129150390625
8.633,310,1050,1655,312,0.0,37.0,43.0,-10.498045921325684,-2.25830078125,-19.4091796875,-1.393798828125,0.6177978515625,-0.094482421875
8.665,310,1081,1681,314,0.0,37.0,43.0,-33.26416015625,-9.94873046875,-18.06640625,-1.7659912109375,0.6583251953125,0.0438232421875
8.665,296,1078,1671,313,0.0,37.0,43.0,-49.987789154052734,-18.4326171875,-10.925292015075684,-2.0467529296875,0.6644287109375,0.2550048828125
8.665,299,1048,1598,314,0.0,37.0,43.0,-56.396480560302734,-24.230955123901367,-0.6713866591453552,-2.0128173828125,0.452880859375,0.49609375
8.692,310,1020,1582,312,0.0,37.0,43.0,-47.607418060302734,-19.47021484375,6.469726085662842,-0.8634033203125,-0.1243896484375,0.5848388671875
8.692,309,1008,1527,295,0.0,37.0,43.0,-17.27294921875,-2.0751953125,9.1552734375,-0.8634033203125,-0.1243896484375,0.5848388671875
8.692,310,987,1531,298,0.0,37.0,43.0,20.751951217651367,16.05224609375,11.657713890075684,-0.732177734375,0.338134765625,0.260498046875
8.705,311,994,1564,313,0.0,37.0,43.0,35.888671875,24.902341842651367,10.437010765075684,-1.4832763671875,0.95654296875,-0.0880126953125
8.716,310,981,1543,313,0.0,35.0,43.0,20.263669967651367,23.315427780151367,0.1220703050494194,-1.4832763671875,0.95654296875,-0.0880126953125
8.721,311,959,1521,313,0.0,35.0,43.0,-9.46044921875,16.17431640625,-13.122557640075684,-1.7493896484375,0.6951904296875,0.0546875
8.736,310,907,1460,312,0.0,35.0,43.0,-32.53173828125,11.291502952575684,-18.798828125,-1.630615234375,0.3333740234375,0.2908935546875
8.743,310,860,1415,312,0.0,35.0,43.0,-37.353515625,10.375975608825684,-12.084959983825684,-1.630615234375,0.3333740234375,0.2908935546875
8.771,312,827,1352,312,0.0,35.0,43.0,-28.930662155151367,10.742186546325684,2.50244140625,-1.4708251953125,0.364013671875,0.2886962890625
8.771,311,731,1246,314,0.0,35.0,43.0,-17.7001953125,11.291502952575684,16.7236328125,-0.9874267578125,0.2120361328125,0.2864990234375
8.773,311,715,1225,312,0.0,35.0,43.0,-7.202147960662842,12.268065452575684,24.475095748901367,-0.9874267578125,0.2120361328125,0.2864990234375
8.781,311,684,1175,312,0.0,35.0,43.0,3.784179449081421,13.671874046325684,25.268552780151367,-0.7166748046875,0.1868896484375,0.253662109375
8.804,310,628,1065,312,0.0,35.0,43.0,20.812986373901367,15.441893577575684,15.869139671325684,-0.4293212890625,0.263671875,0.08837890625
8.805,310,594,1013,294,0.0,35.0,43.0,20.812986373901367,15.441893577575684,15.869139671325684,-0.43115234375,0.236572265625,0.04052734375
8.811,310,566,971,312,0.0,35.0,43.0,20.385740280151367,15.258788108825684,6.896972179412842,-0.43115234375,0.236572265625,0.04052734375
8.825,310,543,878,311,0.0,37.0,43.0,6.896972179412842,18.98193359375,-14.648436546325684,-0.515869140625,0.080078125,-0.001708984375
8.838,310,530,865,312,0.0,37.0,43.0,6.896972179412842,18.98193359375,-14.648436546325684,-0.5894775390625,0.07080078125,-0.0994873046875
8.841,310,522,853,311,0.0,37.0,43.0,3.417968511581421,22.521970748901367,-20.629880905151367,-0.5894775390625,0.07080078125,-0.0994873046875
8.855,310,512,840,311,0.0,37.0,43.0,0.9155272841453552,15.747069358825684,-13.793944358825684,-0.71875,0.236083984375,-0.101318359375
8.872,310,509,840,311,0.0,37.0,43.0,0.9155272841453552,15.747069358825684,-13.793944358825684,-0.7314453125,0.2850341796875,-0.0194091796875
8.872,310,512,840,312,0.0,37.0,43.0,-4.39453125,6.042479991912842,-5.981444835662842,-0.7314453125,0.2850341796875,-0.0194091796875
8.885,310,522,861,310,0.0,37.0,43.0,-5.432128429412842,-3.173827886581421,6.164550304412842,-0.6968994140625,0.356689453125,0.084716796875
8.907,310,526,873,312,0.0,37.0,43.0,-5.432128429412842,-3.173827886581421,6.164550304412842,-0.697998046875,0.3951416015625,0.130859375
8.909,311,530,886,312,0.0,37.0,43.0,-4.69970703125,-6.225585460662842,6.774901866912842,-0.697998046875,0.3951416015625,0.130859375
8.915,311,538,907,310,0.0,37.0,43.0,-6.347655773162842,-10.314940452575684,4.82177734375,-0.7117919921875,0.3599853515625,0.1917724609375
8.923,308,545,916,310,0.0,37.0,43.0,-6.347655773162842,-10.314940452575684,4.82177734375,-0.7164306640625,0.2813720703125,0.1907958984375
8.931,309,551,931,312,0.0,37.0,43.0,-6.469726085662842,-8.9111328125,4.94384765625,-0.7164306640625,0.2813720703125,0.1907958984375
8.945,308,566,989,311,0.0,37.0,43.0,-2.3193359375,-7.324218273162842,7.446288585662842,-0.7279052734375,0.2506103515625,0.1749267578125
8.973,310,576,1022,312,0.0,37.0,43.0,2.3193359375,-9.33837890625,8.6669921875,-0.7288818359375,0.2811279296875,0.1744384765625
8.973,310,563,1038,312,0.0,37.0,43.0,2.3193359375,-9.33837890625,8.6669921875,-0.7254638671875,0.32470703125,0.1488037109375
8.975,308,606,1103,313,0.0,37.0,43.0,11.840819358825684,-12.573241233825684,9.09423828125,-0.7122802734375,0.3685302734375,0.105712890625
8.984,310,619,1139,312,0.0,37.0,43.0,12.512206077575684,-12.695311546325684,9.3994140625,-0.6947021484375,0.3924560546875,0.0704345703125
8.991,310,639,1173,313,0.0,37.0,43.0,12.512206077575684,-12.695311546325684,9.3994140625,-0.6669921875,0.374267578125,0.0687255859375
9.010,310,688,1226,312,0.0,37.0,43.0,0.54931640625,-15.136717796325684,10.192870140075684,-0.6307373046875,0.30224609375,0.0987548828125
9.014,311,714,1281,312,-5.0,38.0,42.0,-4.69970703125,-16.90673828125,8.72802734375,-0.66552734375,0.192626953125,0.1431884765625
9.021,310,751,1352,312,-5.0,38.0,42.0,-4.69970703125,-16.90673828125,8.72802734375,-0.722900390625,0.0677490234375,0.19873046875
9.035,310,816,1449,313,-5.0,38.0,42.0,3.784179449081421,-19.04296875,0.6103515625,-0.695068359375,-0.0399169921875,0.2086181640625
9.043,310,849,1498,314,-5.0,38.0,42.0,16.6015625,-15.686034202575684,-4.150390625,-0.6162109375,-0.061767578125,0.15625
9.051,311,891,1538,312,-5.0,38.0,42.0,16.6015625,-15.686034202575684,-4.150390625,-0.591552734375,0.080810546875,0.08447265625
9.075,311,959,1602,312,-5.0,38.0,42.0,43.273921966552734,-11.413573265075684,-4.5166015625,-0.7213134765625,0.362548828125,0.02978515625
9.075,298,987,1632,313,-5.0,38.0,42.0,39.48974609375,-13.000487327575684,-3.112792730331421,-1.0159912109375,0.6341552734375,0.0081787109375
9.081,310,1024,1662,314,-5.0,38.0,42.0,39.48974609375,-13.000487327575684,-3.112792730331421,-1.368896484375,0.736083984375,0.027587890625
9.095,311,1067,1693,314,-5.0,38.0,42.0,-5.493163585662842,-13.061522483825684,-11.230467796325684,-1.67236328125,0.7109375,0.100341796875
9.103,310,1083,1702,314,-5.0,38.0,42.0,-22.033689498901367,-13.549803733825684,-13.732909202575684,-1.903076171875,0.7188720703125,0.2132568359375
9.115,311,1069,1691,313,0.0,36.0,44.0,-26.489255905151367,-16.54052734375,-10.559081077575684,-1.992431640625,0.675537109375,0.3380126953125
9.131,311,1035,1649,311,0.0,36.0,44.0,-20.446775436401367,-17.27294921875,-5.432128429412842,-1.6683349609375,0.33349609375,0.44775390625
9.133,310,1018,1611,314,0.0,36.0,44.0,-2.685546636581421,-7.995604991912842,-2.685546636581421,-1.0924072265625,-0.023681640625,0.465576171875
9.146,311,1000,1583,313,0.0,36.0,44.0,20.996091842651367,6.347655773162842,0.2441406100988388,-0.8145751953125,0.1319580078125,0.2777099609375
9.155,311,995,1582,312,0.0,36.0,44.0,30.029294967651367,15.197752952575684,3.356933355331421,-0.9407958984375,0.594482421875,0.0042724609375
9.175,311,982,1585,312,0.0,36.0,44.0,15.991209983825684,15.747069358825684,-0.3662109076976776,-1.3128662109375,0.907470703125,-0.09228515625
9.175,310,971,1531,295,0.0,36.0,44.0,-9.765625,9.8876953125,-11.291502952575684,-1.669677734375,0.880615234375,0.0302734375
9.185,309,928,1531,312,0.0,36.0,44.0,-33.0810546875,3.845214605331421,-21.789548873901367,-1.779052734375,0.6142578125,0.221923828125
9.193,312,886,1492,312,0.0,36.0,44.0,-40.771480560302734,2.563476324081421,-23.681638717651367,-1.684814453125,0.4129638671875,0.3428955078125
9.202,310,845,1443,314,0.0,36.0,44.0,-32.470703125,4.7607421875,-15.441893577575684,-1.5352783203125,0.3599853515625,0.33740234375
9.215,310,780,1365,312,0.0,36.0,44.0,-18.12744140625,7.324218273162842,-2.13623046875,-1.3568115234375,0.3096923828125,0.279052734375
9.223,310,737,1316,313,0.0,36.0,44.0,-4.5166015625,8.4228515625,9.21630859375,-1.1080322265625,0.2188720703125,0.2542724609375
9.231,310,698,1260,312,0.0,36.0,44.0,6.896972179412842,8.7890625,16.05224609375,-0.83056640625,0.12744140625,0.2352294921875
9.250,310,631,1160,312,0.0,36.0,44.0,15.319823265075684,10.559081077575684,20.507810592651367,-0.5850830078125,0.0906982421875,0.1907958984375
9.254,310,606,1103,313,0.0,36.0,44.0,20.568845748901367,13.366698265075684,22.705076217651367,-0.4061279296875,0.1405029296875,0.142333984375
9.278,310,578,1055,313,0.0,36.0,44.0,19.4091796875,15.197752952575684,19.1650390625,-0.34912109375,0.194580078125,0.1151123046875
9.278,294,523,990,312,0.0,36.0,44.0,11.596678733825684,16.29638671875,9.1552734375,-0.404052734375,0.18798828125,0.0992431640625
9.283,310,530,960,312,0.0,36.0,44.0,3.417968511581421,18.1884765625,-4.08935546875,-0.4720458984375,0.1229248046875,0.0877685546875
9.291,310,523,939,313,0.0,36.0,44.0,-2.44140625,20.446775436401367,-15.502928733825684,-0.5009765625,0.0703125,0.044189453125
9.305,311,512,927,312,0.0,36.0,44.0,-6.042479991912842,22.094724655151367,-20.01953125,-0.551513671875,0.1114501953125,-0.0499267578125
9.313,310,507,932,314,0.0,38.0,45.0,-5.859374523162842,21.728513717651367,-16.29638671875,-0.6328125,0.22900390625,-0.120849609375
9.329,309,512,938,311,0.0,38.0,45.0,-3.845214605331421,17.02880859375,-7.873534679412842,-0.7080078125,0.3504638671875,-0.1163330078125
9.335,310,522,973,312,0.0,38.0,45.0,-5.065917491912842,8.544921875,-0.0610351525247097,-0.748291015625,0.40966796875,-0.0379638671875
9.350,310,523,987,312,0.0,38.0,45.0,-9.033203125,-0.1831054538488388,3.906249761581421,-0.746826171875,0.4066162109375,0.0655517578125
9.359,310,526,994,311,0.0,38.0,45.0,-11.657713890075684,-5.310058116912842,4.57763671875,-0.75146484375,0.4041748046875,0.1392822265625
9.368,309,533,1001,311,0.0,38.0,45.0,-11.718749046325684,-6.652831554412842,4.2724609375,-0.76123046875,0.3837890625,0.1707763671875
9.378,310,543,1008,312,0.0,38.0,45.0,-10.375975608825684,-5.554198741912842,4.150390625,-0.7567138671875,0.308837890625,0.1785888671875
9.381,310,548,1020,312,0.0,38.0,45.0,-8.48388671875,-4.2724609375,4.638671875,-0.7452392578125,0.2442626953125,0.1844482421875
9.395,308,562,1039,310,0.0,38.0,45.0,-6.225585460662842,-4.39453125,6.103515148162842,-0.72900390625,0.2489013671875,0.189453125
9.403,310,575,1064,312,0.0,38.0,45.0,-3.234863042831421,-5.920409679412842,7.507323741912842,-0.71533203125,0.286376953125,0.2010498046875
9.411,311,585,1093,312,0.0,37.0,45.0,1.5869139432907104,-8.48388671875,7.507323741912842,-0.714111328125,0.3182373046875,0.19873046875
9.425,311,599,1131,311,0.0,37.0,45.0,7.446288585662842,-10.375975608825684,6.774901866912842,-0.7586669921875,0.377685546875,0.1103515625
9.433,312,608,1153,312,0.0,37.0,45.0,10.925292015075684,-11.108397483825684,6.591796398162842,-0.7586669921875,0.377685546875,0.1103515625
9.441,310,620,1178,312,0.0,37.0,45.0,9.3994140625,-11.779784202575684,7.446288585662842,-0.7701416015625,0.3798828125,0.0933837890625
9.455,310,664,1231,312,0.0,37.0,45.0,4.08935546875,-12.878417015075684,8.85009765625,-0.6751708984375,0.2781982421875,0.1285400390625
9.483,311,694,1279,313,0.0,37.0,45.0,-0.30517578125,-14.343260765075684,9.1552734375,-0.6751708984375,0.2781982421875,0.1285400390625
9.484,309,710,1348,313,0.0,37.0,45.0,0.4882812201976776,-16.66259765625,7.751464366912842,-0.6597900390625,0.1787109375,0.164794921875
9.484,310,739,1367,314,0.0,37.0,45.0,7.873534679412842,-19.47021484375,5.310058116912842,-0.6732177734375,0.0731201171875,0.2105712890625
9.494,310,822,1477,310,0.0,37.0,45.0,19.1650390625,-18.85986328125,3.601073980331421,-0.6416015625,-0.0389404296875,0.2413330078125
9.502,310,852,1527,313,0.0,37.0,45.0,29.479978561401367,-13.183592796325684,3.112792730331421,-0.6416015625,-0.0389404296875,0.2413330078125
9.510,310,887,1567,314,-2.0,37.0,42.0,37.90283203125,-5.981444835662842,2.563476324081421,-0.62841796875,0.0279541015625,0.2213134765625
9.524,310,943,1613,312,-2.0,37.0,42.0,45.043941497802734,0.0610351525247097,2.868652105331421,-1.0172119140625,0.671875,-0.00537109375
9.542,310,971,1641,314,-2.0,37.0,42.0,45.288082122802734,2.929687261581421,4.0283203125,-1.0172119140625,0.671875,-0.00537109375
9.542,297,992,1666,314,-2.0,37.0,42.0,32.3486328125,2.38037109375,1.3427733182907104,-1.3172607421875,0.8916015625,-0.1209716796875
9.555,311,1026,1686,313,-2.0,37.0,42.0,8.7890625,-0.4272460639476776,-7.019042491912842,-1.7078857421875,0.6182861328125,0.031982421875
9.562,310,1034,1698,314,-2.0,37.0,42.0,-13.488768577575684,-6.591796398162842,-14.526366233825684,-1.7078857421875,0.6182861328125,0.031982421875
9.587,310,1025,1689,312,-2.0,37.0,42.0,-24.169919967651367,-14.953612327575684,-13.671874046325684,-1.783447265625,0.4666748046875,0.2222900390625
9.589,310,981,1642,293,-2.0,37.0,42.0,-22.033689498901367,-20.690916061401367,-4.8828125,-1.31591796875,0.1727294921875,0.40234375
9.592,310,982,1609,314,-2.0,37.0,42.0,-10.986327171325684,-18.37158203125,3.479003667831421,-1.31591796875,0.1727294921875,0.40234375
9.600,310,964,1578,312,-2.0,37.0,42.0,6.469726085662842,-7.202147960662842,5.371093273162842,-0.957275390625,0.1553955078125,0.2974853515625
9.614,310,951,1588,312,0.0,37.0,45.0,21.911619186401367,5.249022960662842,2.807616949081421,-1.0323486328125,0.7510986328125,0.0018310546875
9.622,310,939,1580,313,0.0,37.0,45.0,21.728513717651367,12.817381858825684,-3.295898199081421,-1.0323486328125,0.7510986328125,0.0018310546875
9.630,310,922,1567,312,0.0,37.0,45.0,6.103515148162842,13.366698265075684,-12.451170921325684,-1.353515625,0.87109375,0.06005859375
9.647,310,878,1523,312,0.0,37.0,45.0,-31.860349655151367,4.5166015625,-19.4091796875,-1.6729736328125,0.484375,0.32177734375
9.658,311,849,1478,314,0.0,37.0,45.0,-31.860349655151367,4.5166015625,-19.4091796875,-1.593994140625,0.313232421875,0.3211669921875
9.661,310,814,1437,314,0.0,37.0,45.0,-33.63037109375,5.493163585662842,-12.023924827575684,-1.593994140625,0.313232421875,0.3211669921875
9.681,310,745,1353,312,0.0,37.0,45.0,-18.24951171875,11.779784202575684,12.634276390075684,-1.205810546875,0.183837890625,0.25146484375
9.695,310,714,1294,312,0.0,37.0,45.0,-18.24951171875,11.779784202575684,12.634276390075684,-0.9366455078125,0.1741943359375,0.2301025390625
9.696,310,685,1239,312,0.0,37.0,45.0,-10.986327171325684,12.268065452575684,22.827146530151367,-0.9366455078125,0.1741943359375,0.2301025390625
9.704,310,621,1155,313,0.0,37.0,45.0,5.0048828125,12.634276390075684,25.634763717651367,-0.5003662109375,0.2955322265625,0.137939453125
9.712,310,601,1120,312,-2.0,36.0,45.0,5.0048828125,12.634276390075684,25.634763717651367,-0.4305419921875,0.35302734375,0.0982666015625
9.720,310,578,1078,314,-2.0,36.0,45.0,10.742186546325684,13.916014671325684,17.578125,-0.4305419921875,0.35302734375,0.0982666015625
9.734,310,548,986,312,-2.0,36.0,45.0,4.69970703125,16.6015625,-8.056640625,-0.526123046875,0.147216796875,0.0860595703125
9.743,310,540,947,311,-2.0,36.0,45.0,4.69970703125,16.6015625,-8.056640625,-0.5609130859375,0.023681640625,-0.0299072265625
9.760,310,531,943,312,-2.0,36.0,45.0,1.6479490995407104,20.141599655151367,-17.88330078125,-0.5609130859375,0.023681640625,-0.0299072265625
9.764,310,527,935,312,-2.0,36.0,45.0,1.3427733182907104,22.094724655151367,-14.282225608825684,-0.6639404296875,0.19921875,-0.149169921875
9.790,310,522,932,312,-2.0,36.0,45.0,1.3427733182907104,22.094724655151367,-14.282225608825684,-0.697021484375,0.32861328125,-0.08837890625
9.790,310,507,935,297,-2.0,36.0,45.0,-1.3427733182907104,11.779784202575684,-5.126952648162842,-0.709228515625,0.4022216796875,-0.024169921875
9.795,310,531,959,312,-2.0,36.0,45.0,-11.962889671325684,-5.310058116912842,4.82177734375,-0.701416015625,0.406982421875,0.0626220703125
9.807,310,535,973,314,-2.0,36.0,45.0,-15.502928733825684,-8.60595703125,4.638671875,-0.7081298828125,0.3876953125,0.146728515625
9.810,310,537,981,312,0.0,37.0,41.0,-15.502928733825684,-8.60595703125,4.638671875,-0.7320556640625,0.3741455078125,0.2012939453125
9.824,311,546,996,312,0.0,37.0,41.0,-12.939452171325684,-9.6435546875,4.57763671875,-0.7412109375,0.3270263671875,0.2294921875
9.832,309,549,1009,312,0.0,37.0,41.0,-9.8876953125,-8.11767578125,5.554198741912842,-0.7374267578125,0.2685546875,0.237548828125
9.840,311,553,1021,312,0.0,37.0,41.0,-9.8876953125,-8.11767578125,5.554198741912842,-0.7275390625,0.2576904296875,0.2294921875
9.867,310,573,1050,312,0.0,37.0,41.0,-3.906249761581421,-4.2724609375,7.873534679412842,-0.717041015625,0.2823486328125,0.2230224609375
9.867,310,579,1071,312,0.0,37.0,41.0,1.5869139432907104,-4.638671875,7.995604991912842,-0.7125244140625,0.3131103515625,0.2169189453125
9.870,310,589,1089,312,0.0,37.0,41.0,1.5869139432907104,-4.638671875,7.995604991912842,-0.710693359375,0.3406982421875,0.184326171875
9.891,310,607,1123,312,0.0,37.0,41.0,12.451170921325684,-7.507323741912842,7.629394054412842,-0.70166015625,0.3585205078125,0.1396484375
9.892,296,621,1148,310,0.0,37.0,41.0,13.366698265075684,-8.4228515625,8.36181640625,-0.6927490234375,0.375244140625,0.10888671875
9.900,311,639,1173,312,0.0,37.0,41.0,13.366698265075684,-8.4228515625,8.36181640625,-0.6795654296875,0.3804931640625,0.1060791015625
9.920,310,687,1236,311,-1.0,36.0,42.0,9.33837890625,-12.084959983825684,9.82666015625,-0.653076171875,0.34521484375,0.1182861328125
9.922,310,723,1280,312,-1.0,36.0,42.0,10.253905296325684,-14.343260765075684,8.97216796875,-0.679443359375,0.2669677734375,0.1363525390625
9.930,310,753,1325,312,-1.0,36.0,42.0,16.845703125,-16.41845703125,5.920409679412842,-0.75830078125,0.16748046875,0.1591796875
9.944,310,819,1413,312,-1.0,36.0,42.0,27.282712936401367,-16.2353515625,0.7324218153953552,-0.80810546875,0.0950927734375,0.1390380859375
9.952,310,858,1460,312,-1.0,36.0,42.0,32.77587890625,-12.512206077575684,-4.2724609375,-0.7802734375,0.0804443359375,0.100830078125
9.974,311,888,1512,312,-1.0,36.0,42.0,32.71484375,-7.934569835662842,-7.751464366912842,-0.71875,0.1334228515625,0.0706787109375
9.982,308,944,1569,299,-1.0,36.0,42.0,33.26416015625,-3.845214605331421,-10.192870140075684,-0.725341796875,0.2569580078125,0.0224609375
9.995,310,975,1600,313,-1.0,36.0,42.0,32.77587890625,-1.3427733182907104,-12.634276390075684,-0.8597412109375,0.4476318359375,-0.0130615234375
9.996,310,971,1628,312,-1.0,36.0,42.0,24.169919967651367,-2.38037109375,-14.465331077575684,-1.1475830078125,0.6624755859375,-0.0364990234375
10.005,310,1029,1662,314,-1.0,36.0,40.0,3.173827886581421,-7.873534679412842,-14.587401390075684,-1.4991455078125,0.76611328125,-0.0079345703125
10.013,310,1037,1672,314,-1.0,36.0,40.0,-22.583005905151367,-15.869139671325684,-12.451170921325684,-1.781494140625,0.714111328125,0.118408203125
10.021,310,1034,1669,314,-1.0,36.0,40.0,-39.4287109375,-21.850584030151367,-7.507323741912842,-1.904052734375,0.5821533203125,0.28271484375
10.035,310,1000,1619,313,-1.0,36.0,40.0,-41.809078216552734,-21.972654342651367,-1.03759765625,-1.6981201171875,0.3526611328125,0.4345703125
10.043,310,982,1580,314,-1.0,36.0,40.0,-29.479978561401367,-14.160155296325684,2.929687261581421,-1.208251953125,0.0816650390625,0.5
10.051,310,966,1545,314,-1.0,36.0,40.0,-3.662109136581421,-0.3662109076976776,3.967284917831421,-0.85693359375,0.142822265625,0.3634033203125
10.074,310,958,1544,313,-1.0,36.0,40.0,20.507810592651367,11.962889671325684,3.417968511581421,-0.86474609375,0.564697265625,0.096435546875
10.074,310,944,1536,314,-1.0,36.0,40.0,22.949216842651367,17.02880859375,-2.38037109375,-1.148193359375,0.931396484375,-0.0615234375
10.097,311,931,1518,313,-1.0,36.0,40.0,4.57763671875,13.000487327575684,-14.221190452575684,-1.490234375,0.968505859375,-0.01220703125
10.098,310,884,1469,294,-1.0,36.0,40.0,-20.935056686401367,4.5166015625,-24.719236373901367,-1.661376953125,0.698974609375,0.1414794921875
10.103,311,848,1434,314,-1.0,36.0,41.0,-37.2314453125,-0.9155272841453552,-26.245115280151367,-1.646240234375,0.4251708984375,0.250244140625
10.130,311,819,1406,314,-1.0,36.0,41.0,-37.59765625,-0.7934569716453552,-18.00537109375,-1.5263671875,0.2911376953125,0.27392578125
10.135,310,756,1346,314,-1.0,36.0,41.0,-29.846189498901367,2.50244140625,-5.737304210662842,-1.3409423828125,0.2122802734375,0.2760009765625
10.147,310,720,1292,314,-1.0,36.0,41.0,-20.812986373901367,5.615233898162842,5.920409679412842,-1.1014404296875,0.157470703125,0.2724609375
10.151,310,685,1239,312,-1.0,36.0,41.0,-12.329100608825684,7.629394054412842,15.502928733825684,-0.8475341796875,0.12744140625,0.2474365234375
10.166,310,622,1159,312,-1.0,36.0,41.0,-4.21142578125,8.4228515625,21.301267623901367,-0.6146240234375,0.1353759765625,0.21044921875
10.169,310,601,1122,312,-1.0,36.0,41.0,4.5166015625,9.21630859375,21.972654342651367,-0.4671630859375,0.2041015625,0.1597900390625
10.200,310,576,1074,312,-1.0,36.0,41.0,9.82666015625,10.864256858825684,17.27294921875,-0.4437255859375,0.3045654296875,0.1259765625
10.203,308,543,1007,312,-1.0,36.0,41.0,8.72802734375,12.817381858825684,7.690429210662842,-0.5733642578125,0.1878662109375,0.144287109375
10.203,310,529,981,311,-1.0,36.0,41.0,4.21142578125,15.991209983825684,-5.065917491912842,-0.5733642578125,0.1878662109375,0.144287109375
10.203,308,501,952,310,-1.0,36.0,41.0,-0.6713866591453552,20.202634811401367,-16.29638671875,-0.5933837890625,0.039306640625,0.111083984375
10.215,310,512,928,311,-2.0,35.0,42.0,-4.45556640625,24.169919967651367,-20.507810592651367,-0.6497802734375,0.1739501953125,-0.0943603515625
10.223,310,509,931,312,-2.0,35.0,42.0,-5.187987804412842,25.024412155151367,-16.29638671875,-0.6497802734375,0.1739501953125,-0.0943603515625
10.231,310,506,928,311,-2.0,35.0,42.0,-3.417968511581421,19.04296875,-7.629394054412842,-0.70458984375,0.31298828125,-0.1053466796875
10.245,310,508,939,311,-2.0,35.0,42.0,-2.0751953125,8.4228515625,0.54931640625,-0.7332763671875,0.399169921875,0.0306396484375
10.257,310,510,953,312,-2.0,35.0,42.0,-3.356933355331421,-1.0986328125,5.676269054412842,-0.7332763671875,0.399169921875,0.0306396484375
10.261,310,517,959,311,-2.0,35.0,42.0,-7.263183116912842,-6.530761241912842,7.568358898162842,-0.740966796875,0.4073486328125,0.108154296875
10.275,310,525,966,311,-2.0,35.0,42.0,-11.779784202575684,-8.4228515625,7.812499523162842,-0.770263671875,0.3525390625,0.197021484375
10.303,310,533,973,312,-2.0,35.0,42.0,-14.221190452575684,-7.568358898162842,7.385253429412842,-0.770263671875,0.3525390625,0.197021484375
10.303,310,538,981,311,-2.0,35.0,42.0,-13.732909202575684,-5.493163585662842,6.835937023162842,-0.76171875,0.277099609375,0.195556640625
10.305,310,554,1009,311,-1.0,36.0,45.0,-10.437010765075684,-4.7607421875,7.019042491912842,-0.7249755859375,0.3106689453125,0.20947265625
10.313,310,558,1026,312,-1.0,36.0,45.0,-4.69970703125,-6.286620616912842,7.629394054412842,-0.7177734375,0.36376953125,0.2158203125
10.321,310,572,1042,311,-1.0,36.0,45.0,2.197265625,-8.7890625,7.202147960662842,-0.7177734375,0.36376953125,0.2158203125
10.335,312,594,1078,312,-1.0,36.0,45.0,10.986327171325684,-9.033203125,3.479003667831421,-0.7039794921875,0.3861083984375,0.1572265625
10.343,310,607,1105,312,-1.0,36.0,45.0,10.986327171325684,-9.033203125,3.479003667831421,-0.656494140625,0.3570556640625,0.1279296875
10.351,309,621,1134,312,-1.0,36.0,45.0,10.498045921325684,-7.202147960662842,2.13623046875,-0.656494140625,0.3570556640625,0.1279296875
10.378,310,647,1173,312,-1.0,36.0,45.0,8.11767578125,-10.620116233825684,4.69970703125,-0.6112060546875,0.2855224609375,0.109130859375
10.378,310,684,1215,312,-1.0,36.0,45.0,8.11767578125,-10.620116233825684,4.69970703125,-0.6246337890625,0.245849609375,0.1478271484375
10.381,310,723,1264,313,-1.0,36.0,45.0,10.620116233825684,-15.991209983825684,7.934569835662842,-0.6246337890625,0.245849609375,0.1478271484375
10.409,310,782,1380,312,-1.0,36.0,45.0,25.451658248901367,-21.667478561401367,4.2724609375,-0.722900390625,0.0526123046875,0.25341796875
10.409,308,809,1406,313,-1.0,36.0,48.0,25.451658248901367,-21.667478561401367,4.2724609375,-0.624755859375,-0.0440673828125,0.2738037109375
10.411,310,873,1490,312,-1.0,36.0,48.0,37.53662109375,-18.37158203125,-4.82177734375,-0.624755859375,-0.0440673828125,0.2738037109375
10.425,310,933,1564,312,-1.0,36.0,48.0,71.6552734375,-1.4648436307907104,-18.4326171875,-0.614013671875,0.2269287109375,0.060302734375
10.433,310,973,1595,314,-1.0,36.0,48.0,71.6552734375,-1.4648436307907104,-18.4326171875,-0.86376953125,0.515625,-0.1630859375
10.441,310,1008,1624,314,-1.0,36.0,48.0,72.69287109375,5.676269054412842,-18.6767578125,-0.86376953125,0.515625,-0.1630859375
10.455,312,1047,1669,313,-1.0,36.0,48.0,9.33837890625,-0.4272460639476776,-17.578125,-1.4989013671875,0.672119140625,-0.1812744140625
10.463,310,1069,1686,314,-1.0,36.0,48.0,9.33837890625,-0.4272460639476776,-17.578125,-1.735595703125,0.6513671875,0.0423583984375
10.483,311,1078,1704,313,-1.0,36.0,48.0,-20.202634811401367,-12.939452171325684,-16.54052734375,-1.917236328125,0.655517578125,0.273193359375
10.485,297,1065,1683,313,-1.0,36.0,48.0,-30.822751998901367,-28.808591842651367,-4.21142578125,-1.9359130859375,0.55078125,0.4681396484375
10.511,310,1042,1646,314,-1.0,36.0,48.0,-25.878904342651367,-26.367185592651367,4.2724609375,-1.5574951171875,0.2095947265625,0.55712890625
10.512,310,996,1617,314,0.0,34.0,40.0,-25.878904342651367,-26.367185592651367,4.2724609375,-1.019775390625,0.0284423828125,0.447998046875
10.515,310,989,1573,314,0.0,34.0,40.0,18.73779296875,0.7324218153953552,11.779784202575684,-0.7957763671875,0.3599853515625,0.1639404296875
10.523,310,989,1582,314,0.0,34.0,40.0,31.372068405151367,9.27734375,6.469726085662842,-0.9000244140625,0.7586669921875,-0.052001953125
10.531,311,982,1580,313,0.0,34.0,40.0,31.372068405151367,9.27734375,6.469726085662842,-1.211669921875,0.85205078125,-0.034423828125
10.545,311,960,1555,312,0.0,34.0,40.0,-10.192870140075684,4.69970703125,-20.202634811401367,-1.5499267578125,0.7099609375,0.1243896484375
10.553,311,939,1538,314,0.0,34.0,40.0,-32.89794921875,-0.4882812201976776,-24.414060592651367,-1.6990966796875,0.47998046875,0.2933349609375
10.561,310,912,1516,313,0.0,34.0,40.0,-32.89794921875,-0.4882812201976776,-24.414060592651367,-1.650146484375,0.3408203125,0.3828125
10.579,310,859,1445,314,0.0,34.0,40.0,-37.7197265625,3.295898199081421,-6.896972179412842,-1.5093994140625,0.3607177734375,0.3656005859375
10.583,311,826,1395,313,0.0,34.0,40.0,-29.907224655151367,9.82666015625,6.896972179412842,-1.3121337890625,0.3770751953125,0.3160400390625
10.608,310,785,1352,314,0.0,34.0,40.0,-29.907224655151367,9.82666015625,6.896972179412842,-1.0667724609375,0.305908203125,0.2899169921875
10.608,296,728,1255,313,-3.0,36.0,44.0,-11.352538108825684,16.2353515625,14.892577171325684,-0.8265380859375,0.2884521484375,0.2479248046875
10.613,310,694,1216,312,-3.0,36.0,44.0,-0.0610351525247097,17.578125,10.925292015075684,-0.654296875,0.3602294921875,0.1640625
10.621,310,653,1173,313,-3.0,36.0,44.0,6.958007335662842,19.04296875,3.295898199081421,-0.562255859375,0.4019775390625,0.076416015625
10.635,311,607,1104,312,-3.0,36.0,44.0,5.798339366912842,19.95849609375,-6.958007335662842,-0.5281982421875,0.3441162109375,0.0216064453125
10.650,310,587,1078,312,-3.0,36.0,44.0,-3.051757574081421,19.95849609375,-16.845703125,-0.5496826171875,0.225830078125,0.0142822265625
10.651,310,530,1037,312,-3.0,36.0,44.0,-12.512206077575684,18.37158203125,-22.949216842651367,-0.6177978515625,0.1123046875,0.03857421875
10.665,310,512,959,311,-3.0,36.0,44.0,-15.808104515075684,15.624999046325684,-23.803709030151367,-0.6710205078125,-0.002685546875,0.06103515625
10.673,308,499,932,312,-3.0,36.0,44.0,-14.709471702575684,12.634276390075684,-21.057126998901367,-0.654541015625,-0.103515625,0.0592041015625
10.681,311,493,929,312,-3.0,36.0,44.0,-10.986327171325684,10.742186546325684,-15.991209983825684,-0.6319580078125,-0.0894775390625,0.01904296875
10.717,310,486,922,310,-3.0,36.0,44.0,-4.21142578125,9.27734375,-8.30078125,-0.6519775390625,0.065185546875,-0.0260009765625
10.718,310,488,919,311,-1.0,36.0,44.0,2.13623046875,5.493163585662842,0.54931640625,-0.6766357421875,0.2518310546875,-0.0313720703125
10.718,310,490,917,312,-1.0,36.0,44.0,3.479003667831421,-0.4272460639476776,7.568358898162842,-0.677978515625,0.3846435546875,-0.0013427734375
10.725,310,499,935,311,-1.0,36.0,44.0,-0.4882812201976776,-5.554198741912842,11.535643577575684,-0.660888671875,0.4444580078125,0.055419921875
10.733,310,509,943,312,-1.0,36.0,44.0,-7.202147960662842,-8.30078125,12.451170921325684,-0.6632080078125,0.4566650390625,0.1260986328125
10.741,310,518,958,312,-1.0,36.0,44.0,-13.305663108825684,-8.11767578125,11.657713890075684,-0.6759033203125,0.412353515625,0.1851806640625
10.755,310,531,992,312,-1.0,36.0,44.0,-17.2119140625,-5.554198741912842,9.8876953125,-0.6715087890625,0.30810546875,0.2325439453125
10.763,310,542,1014,312,-1.0,36.0,44.0,-17.27294921875,-3.112792730331421,8.11767578125,-0.6583251953125,0.23779296875,0.267578125
10.771,310,554,1043,312,-1.0,36.0,44.0,-12.023924827575684,-2.990722417831421,7.141112804412842,-0.6416015625,0.2432861328125,0.2774658203125
10.785,310,575,1081,312,-1.0,36.0,44.0,-2.868652105331421,-4.7607421875,6.774901866912842,-0.6451416015625,0.2845458984375,0.2552490234375
10.793,310,590,1109,312,-1.0,36.0,44.0,6.652831554412842,-6.286620616912842,6.408690929412842,-0.67236328125,0.3360595703125,0.2138671875
10.810,310,607,1133,312,-1.0,35.0,47.0,12.451170921325684,-6.347655773162842,5.859374523162842,-0.69482421875,0.38427734375,0.1751708984375
10.824,310,639,1163,311,-1.0,35.0,47.0,12.817381858825684,-5.676269054412842,5.615233898162842,-0.6925048828125,0.4010009765625,0.1513671875
10.824,312,667,1209,312,-1.0,35.0,47.0,10.009765625,-5.981444835662842,5.676269054412842,-0.6610107421875,0.358154296875,0.1455078125
10.831,311,698,1266,314,-1.0,35.0,47.0,9.09423828125,-7.568358898162842,5.371093273162842,-0.6192626953125,0.2762451171875,0.1590576171875
10.845,310,763,1371,311,-1.0,35.0,47.0,12.634276390075684,-10.131834983825684,4.08935546875,-0.6312255859375,0.1756591796875,0.1988525390625
10.853,311,813,1422,312,-1.0,35.0,47.0,20.446775436401367,-12.878417015075684,0.30517578125,-0.698486328125,0.0416259765625,0.211181640625
10.865,312,848,1468,314,-1.0,35.0,47.0,31.127927780151367,-12.023924827575684,-4.45556640625,-0.754638671875,-0.066650390625,0.1451416015625
10.875,310,918,1538,312,-1.0,35.0,47.0,40.10009765625,-7.019042491912842,-5.493163585662842,-0.7764892578125,-0.045654296875,0.0596923828125
10.892,311,953,1568,313,-1.0,35.0,47.0,43.884273529052734,-2.929687261581421,-2.3193359375,-0.79150390625,0.1241455078125,0.00048828125
10.893,310,992,1597,313,-1.0,35.0,47.0,42.053218841552734,-2.0751953125,0.9155272841453552,-0.8214111328125,0.3424072265625,-0.0294189453125
10.916,310,1047,1634,312,-2.0,37.0,47.0,36.56005859375,-3.234863042831421,0.4272460639476776,-0.9344482421875,0.5106201171875,-0.052490234375
10.916,310,1050,1655,312,-2.0,37.0,47.0,29.907224655151367,-5.798339366912842,-3.784179449081421,-1.1722412109375,0.6141357421875,-0.057373046875
10.925,311,1091,1677,313,-2.0,37.0,47.0,21.118162155151367,-11.230467796325684,-8.60595703125,-1.48583984375,0.7254638671875,-0.025146484375
10.935,311,1108,1701,312,-2.0,37.0,47.0,8.056640625,-19.1650390625,-10.559081077575684,-2.0091552734375,0.7764892578125,0.2474365234375
10.943,311,1095,1681,312,-2.0,37.0,47.0,-7.446288585662842,-26.184080123901367,-10.498045921325684,-2.0091552734375,0.7764892578125,0.2474365234375
10.951,311,1071,1642,314,-2.0,37.0,47.0,-18.4326171875,-26.916501998901367,-10.437010765075684,-1.8861083984375,0.4813232421875,0.4534912109375
10.965,311,1038,1569,312,-2.0,37.0,47.0,-17.76123046875,-17.02880859375,-9.1552734375,-0.82470703125,-0.01708984375,0.474609375
10.973,309,1035,1564,313,-2.0,37.0,47.0,-0.8544921278953552,0.2441406100988388,-3.784179449081421,-0.82470703125,-0.01708984375,0.474609375
10.981,310,1038,1569,313,-2.0,37.0,47.0,19.71435546875,13.916014671325684,3.051757574081421,-0.792236328125,0.458251953125,0.15966796875
10.995,310,1026,1565,312,-2.0,37.0,47.0,23.620603561401367,17.02880859375,1.8920897245407104,-1.5404052734375,0.964111328125,-0.0223388671875
11.018,310,1009,1551,313,0.0,33.0,46.0,8.30078125,11.291502952575684,-10.681151390075684,-1.5404052734375,0.964111328125,-0.0223388671875
11.018,310,987,1529,312,0.0,33.0,46.0,-15.441893577575684,4.08935546875,-26.306150436401367,-1.7041015625,0.67138671875,0.162109375
11.031,311,931,1472,315,0.0,33.0,46.0,-33.0810546875,2.25830078125,-34.3017578125,-1.4886474609375,0.310546875,0.3426513671875
11.033,310,884,1428,310,0.0,33.0,46.0,-36.19384765625,6.408690929412842,-30.761716842651367,-1.4886474609375,0.310546875,0.3426513671875
11.046,312,849,1363,312,0.0,33.0,46.0,-29.113767623901367,13.061522483825684,-18.5546875,-1.349365234375,0.364501953125,0.293701171875
11.056,311,780,1284,311,0.0,33.0,46.0,-22.766111373901367,18.85986328125,-3.967284917831421,-0.9805908203125,0.121337890625,0.2257080078125
11.063,311,754,1242,312,0.0,33.0,46.0,-21.240232467651367,21.728513717651367,7.202147960662842,-0.9805908203125,0.121337890625,0.2257080078125
11.071,310,721,1199,314,0.0,33.0,46.0,-19.04296875,22.399900436401367,13.610838890075684,-0.727294921875,0.026123046875,0.228271484375
11.091,312,650,1115,314,0.0,33.0,46.0,1.3427733182907104,20.690916061401367,15.014647483825684,-0.4876708984375,0.2611083984375,0.1331787109375
11.093,310,620,1067,312,0.0,33.0,46.0,1.3427733182907104,20.690916061401367,15.014647483825684,-0.499267578125,0.362548828125,0.056640625
11.117,310,601,1038,312,-1.0,36.0,45.0,11.047362327575684,18.5546875,8.97216796875,-0.499267578125,0.362548828125,0.056640625
11.117,310,566,974,294,-1.0,36.0,45.0,8.6669921875,16.845703125,-9.521484375,-0.590087890625,0.169189453125,0.0374755859375
11.123,310,543,932,312,-1.0,36.0,45.0,8.6669921875,16.845703125,-9.521484375,-0.613037109375,0.00537109375,0.08203125
11.138,310,531,902,312,-1.0,36.0,45.0,2.44140625,16.78466796875,-15.869139671325684,-0.613037109375,0.00537109375,0.08203125
11.145,310,522,889,312,-1.0,36.0,45.0,-4.2724609375,17.4560546875,-13.854979515075684,-0.6331787109375,0.028076171875,-0.0076904296875
11.163,309,519,893,312,-1.0,36.0,45.0,-4.2724609375,17.4560546875,-13.854979515075684,-0.6971435546875,0.205322265625,-0.0537109375
11.163,293,518,900,296,-1.0,36.0,45.0,-2.3193359375,15.686034202575684,-5.371093273162842,-0.6971435546875,0.205322265625,-0.0537109375
11.175,310,522,902,312,-1.0,36.0,45.0,-3.906249761581421,2.685546636581421,8.4228515625,-0.7379150390625,0.390625,0.0078125
11.183,310,529,913,312,-1.0,36.0,45.0,-3.906249761581421,2.685546636581421,8.4228515625,-0.7406005859375,0.403076171875,0.0562744140625
11.193,311,535,916,311,-1.0,36.0,45.0,-6.164550304412842,-2.44140625,10.864256858825684,-0.7406005859375,0.403076171875,0.0562744140625
11.222,309,548,927,310,-3.0,36.0,45.0,-9.8876953125,-7.019042491912842,12.145995140075684,-0.7347412109375,0.302734375,0.190185546875
11.223,296,554,935,287,-3.0,36.0,45.0,-9.8876953125,-7.019042491912842,12.145995140075684,-0.72021484375,0.232177734375,0.239501953125
11.223,310,562,943,299,-3.0,36.0,45.0,-9.521484375,-5.981444835662842,10.742186546325684,-0.72021484375,0.232177734375,0.239501953125
11.235,309,583,996,312,-3.0,36.0,45.0,1.5869139432907104,-3.356933355331421,6.469726085662842,-0.7073974609375,0.310302734375,0.20703125
11.243,311,600,1020,311,-3.0,36.0,45.0,8.056640625,-3.173827886581421,4.57763671875,-0.7049560546875,0.3751220703125,0.152587890625
11.251,310,613,1039,312,-3.0,36.0,45.0,8.056640625,-3.173827886581421,4.57763671875,-0.6875,0.388916015625,0.1220703125
11.265,311,646,1078,312,-3.0,36.0,45.0,8.48388671875,-4.8828125,2.3193359375,-0.66748046875,0.3724365234375,0.1025390625
11.273,311,664,1097,313,-3.0,36.0,45.0,5.126952648162842,-5.310058116912842,2.44140625,-0.652587890625,0.361083984375,0.1019287109375
11.281,310,697,1141,313,-3.0,36.0,45.0,5.126952648162842,-5.310058116912842,2.44140625,-0.6612548828125,0.334716796875,0.1195068359375
11.296,310,756,1211,310,0.0,36.0,45.0,3.906249761581421,-8.11767578125,-0.54931640625,-0.7371826171875,0.26025390625,0.143310546875
11.303,311,799,1265,313,0.0,36.0,45.0,7.324218273162842,-8.97216796875,-6.530761241912842,-0.7996826171875,0.1173095703125,0.16552734375
11.327,309,835,1338,312,0.0,36.0,45.0,7.324218273162842,-8.97216796875,-6.530761241912842,-0.742431640625,-0.046630859375,0.1522216796875
11.327,309,901,1416,312,0.0,36.0,45.0,23.803709030151367,-2.197265625,-14.282225608825684,-0.60791015625,-0.1397705078125,0.1195068359375
11.333,310,943,1490,312,0.0,36.0,45.0,35.09521484375,0.1220703050494194,-10.192870140075684,-0.5419921875,-0.0718994140625,0.0594482421875
11.341,310,974,1536,313,0.0,36.0,45.0,35.09521484375,0.1220703050494194,-10.192870140075684,-0.6600341796875,0.1927490234375,-0.0704345703125
11.355,310,1035,1595,312,0.0,36.0,45.0,46.020503997802734,-5.493163585662842,-1.6479490995407104,-0.9375,0.5469970703125,-0.2156982421875
11.363,311,1067,1627,314,0.0,36.0,45.0,28.198240280151367,-10.803221702575684,-5.981444835662842,-1.2745361328125,0.7960205078125,-0.2623291015625
11.371,310,1096,1652,313,0.0,36.0,45.0,28.198240280151367,-10.803221702575684,-5.981444835662842,-1.554931640625,0.8017578125,-0.102294921875
11.385,312,1131,1689,313,0.0,36.0,45.0,-31.433103561401367,-25.939939498901367,-23.254392623901367,-1.7620849609375,0.6744384765625,0.1904296875
11.400,311,1130,1689,314,0.0,39.0,45.0,-45.410152435302734,-30.212400436401367,-23.254392623901367,-1.920654296875,0.552490234375,0.4405517578125
11.401,311,1101,1642,314,0.0,39.0,45.0,-42.907711029052734,-28.625486373901367,-15.014647483825684,-1.8399658203125,0.3277587890625,0.587890625
11.418,310,1074,1598,314,0.0,39.0,45.0,-25.451658248901367,-18.310546875,-4.150390625,-1.3544921875,-0.04833984375,0.615966796875
11.430,311,1054,1569,313,0.0,39.0,45.0,3.784179449081421,-0.6103515625,5.737304210662842,-0.87255859375,-0.113037109375,0.463623046875
11.431,311,1029,1567,312,0.0,39.0,45.0,29.479978561401367,14.282225608825684,13.610838890075684,-0.8106689453125,0.31884765625,0.142578125
11.445,312,1039,1572,314,0.0,39.0,45.0,31.738279342651367,20.080564498901367,13.549803733825684,-1.09814453125,0.7679443359375,-0.113037109375
11.458,310,1026,1565,313,0.0,39.0,45.0,10.986327171325684,16.90673828125,2.624511480331421,-1.4752197265625,0.8818359375,-0.1180419921875
11.461,310,1008,1551,314,0.0,39.0,45.0,-17.822265625,8.72802734375,-11.047362327575684,-1.6883544921875,0.6636962890625,0.0518798828125
11.476,311,959,1506,312,0.0,39.0,45.0,-38.818359375,2.868652105331421,-17.27294921875,-1.683349609375,0.4189453125,0.236328125
11.483,309,923,1464,313,0.0,39.0,45.0,-42.175289154052734,2.685546636581421,-12.451170921325684,-1.5704345703125,0.3499755859375,0.3253173828125
11.504,310,884,1422,313,0.0,39.0,45.0,-33.5693359375,6.713866710662842,-1.15966796875,-1.4307861328125,0.3436279296875,0.3187255859375
11.505,311,794,1336,312,0.0,36.0,48.0,-21.911619186401367,11.657713890075684,9.58251953125,-1.256591796875,0.2581787109375,0.2982177734375
11.531,311,772,1279,314,0.0,36.0,48.0,-10.070799827575684,14.953612327575684,16.845703125,-1.041015625,0.176513671875,0.2742919921875
11.531,294,739,1219,294,0.0,36.0,48.0,-0.54931640625,16.6015625,21.606443405151367,-0.8170166015625,0.1885986328125,0.2117919921875
11.535,311,671,1139,312,0.0,36.0,48.0,4.7607421875,16.78466796875,23.010251998901367,-0.6329345703125,0.2408447265625,0.14208984375
11.543,310,639,1092,314,0.0,36.0,48.0,7.751464366912842,15.686034202575684,19.34814453125,-0.5181884765625,0.2598876953125,0.0916748046875
11.551,310,608,1035,312,0.0,36.0,48.0,10.314940452575684,14.282225608825684,10.498045921325684,-0.4945068359375,0.2156982421875,0.07177734375
11.565,310,554,959,311,0.0,36.0,48.0,12.939452171325684,12.756346702575684,-0.9155272841453552,-0.5264892578125,0.1334228515625,0.0697021484375
11.575,310,537,923,312,0.0,36.0,48.0,14.953612327575684,12.084959983825684,-11.474608421325684,-0.53955078125,0.0345458984375,0.007568359375
11.581,310,526,904,311,0.0,36.0,48.0,14.404295921325684,14.282225608825684,-18.12744140625,-0.5455322265625,-0.004150390625,-0.1038818359375
11.595,310,521,904,312,-3.0,38.0,39.0,10.803221702575684,16.05224609375,-17.27294921875,-0.5780029296875,0.080810546875,-0.1505126953125
11.610,310,517,916,311,-3.0,38.0,39.0,3.906249761581421,12.573241233825684,-9.46044921875,-0.6171875,0.2152099609375,-0.1177978515625
11.611,310,512,923,312,-3.0,38.0,39.0,-5.920409679412842,5.126952648162842,0.2441406100988388,-0.6427001953125,0.3177490234375,-0.0596923828125
11.631,309,526,962,311,-3.0,38.0,39.0,-15.075682640075684,-2.50244140625,7.751464366912842,-0.6453857421875,0.3634033203125,0.0205078125
11.633,310,531,972,312,-3.0,38.0,39.0,-20.202634811401367,-8.056640625,11.596678733825684,-0.6593017578125,0.3798828125,0.115966796875
11.641,310,538,981,311,-3.0,38.0,39.0,-20.507810592651367,-10.925292015075684,12.817381858825684,-0.677734375,0.381103515625,0.1964111328125
11.655,310,554,1000,311,-3.0,38.0,39.0,-17.02880859375,-10.620116233825684,12.634276390075684,-0.68212890625,0.325927734375,0.2415771484375
11.670,310,566,1018,311,-3.0,38.0,39.0,-11.901854515075684,-7.690429210662842,11.779784202575684,-0.6827392578125,0.2550048828125,0.2611083984375
11.671,309,582,1029,312,-3.0,38.0,39.0,-6.958007335662842,-4.21142578125,11.169432640075684,-0.678466796875,0.23095703125,0.2528076171875
11.685,310,604,1069,311,-3.0,38.0,39.0,-2.624511480331421,-1.4038084745407104,11.352538108825684,-0.671875,0.2535400390625,0.232666015625
11.693,310,622,1082,312,-1.0,34.0,42.0,2.563476324081421,-0.54931640625,11.474608421325684,-0.6610107421875,0.2906494140625,0.23681640625
11.705,310,648,1122,312,-1.0,34.0,42.0,9.765625,-1.6479490995407104,10.681151390075684,-0.65966796875,0.3319091796875,0.2279052734375
11.736,310,688,1166,310,-1.0,34.0,42.0,16.41845703125,-2.929687261581421,9.27734375,-0.656982421875,0.373046875,0.146484375
11.737,310,710,1209,296,-1.0,34.0,42.0,19.4091796875,-3.723144292831421,7.141112804412842,-0.656982421875,0.373046875,0.146484375
11.737,310,753,1264,294,-1.0,34.0,42.0,18.49365234375,-3.540038824081421,3.967284917831421,-0.636474609375,0.350341796875,0.1097412109375
11.745,310,830,1365,313,-1.0,34.0,42.0,14.831542015075684,-2.50244140625,0.4272460639476776,-0.7236328125,0.227294921875,0.041748046875
11.753,310,875,1422,313,-1.0,34.0,42.0,11.840819358825684,-2.624511480331421,-4.39453125,-0.7236328125,0.227294921875,0.041748046875
11.762,310,917,1464,312,-1.0,34.0,42.0,14.648436546325684,-2.44140625,-11.291502952575684,-0.7586669921875,0.018310546875,-0.00927734375
11.777,312,978,1536,312,-1.0,34.0,42.0,22.094724655151367,-0.4272460639476776,-15.869139671325684,-0.881591796875,0.0321044921875,-0.125
11.783,311,1011,1569,312,-1.0,34.0,42.0,27.709959030151367,-1.3427733182907104,-13.000487327575684,-0.881591796875,0.0321044921875,-0.125
11.791,310,1039,1597,314,-2.0,35.0,45.0,25.878904342651367,-9.033203125,-4.39453125,-1.081787109375,0.3985595703125,-0.1123046875
11.808,310,1083,1637,310,-2.0,35.0,45.0,14.099120140075684,-19.53125,1.6479490995407104,-1.5516357421875,0.80859375,0.062744140625
11.813,310,1103,1649,314,-2.0,35.0,45.0,-4.45556640625,-26.428220748901367,-0.9155272841453552,-1.5516357421875,0.80859375,0.062744140625
11.840,311,1117,1662,312,-2.0,35.0,45.0,-22.766111373901367,-27.160642623901367,-9.033203125,-1.669921875,0.70068359375,0.241455078125
11.841,310,1108,1653,314,-2.0,35.0,45.0,-33.203125,-22.827146530151367,-15.014647483825684,-1.5386962890625,0.267578125,0.537841796875
11.844,311,1095,1632,314,-2.0,35.0,45.0,-29.846189498901367,-15.136717796325684,-13.793944358825684,-1.2318115234375,0.0810546875,0.53173828125
11.851,311,1078,1607,313,-2.0,35.0,45.0,-13.061522483825684,-4.2724609375,-6.164550304412842,-1.2318115234375,0.0810546875,0.53173828125
11.865,310,1048,1564,312,-2.0,35.0,45.0,28.137205123901367,19.04296875,10.864256858825684,-0.8673095703125,0.305908203125,0.1051025390625
11.873,311,1035,1555,314,-2.0,35.0,45.0,28.137205123901367,19.04296875,10.864256858825684,-0.9818115234375,0.53369140625,-0.0882568359375
11.890,310,1029,1557,312,-2.0,35.0,45.0,26.062009811401367,22.277830123901367,12.573241233825684,-0.9818115234375,0.53369140625,-0.0882568359375
11.897,311,1013,1551,312,-2.0,39.0,43.0,-12.451170921325684,14.465331077575684,-0.54931640625,-1.418212890625,0.5751953125,0.0191650390625
11.912,310,994,1537,313,-2.0,39.0,43.0,-12.451170921325684,14.465331077575684,-0.54931640625,-1.5684814453125,0.510498046875,0.180908203125
11.912,312,973,1512,314,-2.0,39.0,43.0,-29.174802780151367,8.4228515625,-3.417968511581421,-1.5684814453125,0.510498046875,0.180908203125
11.950,311,913,1457,312,-2.0,39.0,43.0,-33.99658203125,8.11767578125,8.9111328125,-1.539794921875,0.4136962890625,0.333740234375
11.951,310,874,1416,312,-2.0,39.0,43.0,-33.99658203125,8.11767578125,8.9111328125,-1.3912353515625,0.3323974609375,0.3233642578125
11.951,310,834,1377,312,-2.0,39.0,43.0,-27.282712936401367,12.878417015075684,18.1884765625,-1.3912353515625,0.3323974609375,0.3233642578125
11.957,311,769,1278,312,-2.0,39.0,43.0,-4.0283203125,21.728513717651367,27.893064498901367,-0.955078125,0.2730712890625,0.236083984375
11.963,310,737,1219,312,-2.0,39.0,43.0,-4.0283203125,21.728513717651367,27.893064498901367,-0.7734375,0.343994140625,0.1494140625
11.971,310,705,1185,313,-2.0,39.0,43.0,5.493163585662842,23.559568405151367,27.404783248901367,-0.7734375,0.343994140625,0.1494140625
11.994,310,654,1116,311,-2.0,39.0,43.0,5.981444835662842,24.414060592651367,14.953612327575684,-0.623779296875,0.371826171875,0.043701171875
11.994,310,620,1050,312,-2.0,40.0,37.0,2.197265625,24.169919967651367,3.051757574081421,-0.642822265625,0.2655029296875,0.0555419921875
12.001,311,589,973,312,-2.0,40.0,37.0,2.197265625,24.169919967651367,3.051757574081421,-0.66064453125,0.100830078125,0.0406494140625
12.015,310,552,888,312,-2.0,40.0,37.0,0.2441406100988388,23.681638717651367,-19.83642578125,-0.6583251953125,-0.0137939453125,-0.086669921875
12.042,311,537,864,311,-2.0,40.0,37.0,3.601073980331421,26.123044967651367,-23.498533248901367,-0.6566162109375,0.0074462890625,-0.2003173828125
12.043,310,521,840,311,-2.0,40.0,37.0,3.601073980331421,26.123044967651367,-23.498533248901367,-0.6593017578125,0.1160888671875,-0.18994140625
12.045,308,502,811,311,-2.0,40.0,37.0,-1.5258787870407104,12.817381858825684,-9.8876953125,-0.6673583984375,0.239013671875,-0.142578125
12.060,310,496,814,310,-2.0,40.0,37.0,-8.48388671875,2.25830078125,-1.4038084745407104,-0.6788330078125,0.344970703125,-0.10546875
12.062,309,503,814,311,-2.0,40.0,37.0,-8.48388671875,2.25830078125,-1.4038084745407104,-0.6873779296875,0.400634765625,-0.0416259765625
12.077,311,507,830,310,-2.0,40.0,37.0,-17.27294921875,-10.742186546325684,5.249022960662842,-0.691162109375,0.41943359375,0.04931640625
12.083,310,512,848,310,-2.0,40.0,37.0,-20.874021530151367,-13.183592796325684,5.310058116912842,-0.68505859375,0.4210205078125,0.1390380859375
12.096,310,518,864,311,-1.0,38.0,45.0,-20.874021530151367,-13.183592796325684,5.310058116912842,-0.6781005859375,0.4000244140625,0.2147216796875
12.105,310,527,888,311,-1.0,38.0,45.0,-22.766111373901367,-13.000487327575684,6.347655773162842,-0.6524658203125,0.33349609375,0.2626953125
12.115,310,543,893,312,-1.0,38.0,45.0,-19.775390625,-10.864256858825684,7.141112804412842,-0.6162109375,0.2479248046875,0.255126953125
12.121,308,551,912,312,-1.0,38.0,45.0,-19.775390625,-10.864256858825684,7.141112804412842,-0.6085205078125,0.2161865234375,0.2078857421875
12.147,310,579,943,311,-1.0,38.0,45.0,-2.685546636581421,-9.3994140625,8.97216796875,-0.6063232421875,0.253662109375,0.179931640625
12.147,310,577,968,310,-1.0,38.0,45.0,5.249022960662842,-12.573241233825684,9.33837890625,-0.5885009765625,0.3223876953125,0.181884765625
12.151,310,622,994,313,-1.0,38.0,45.0,8.1787109375,-14.709471702575684,8.85009765625,-0.54296875,0.360595703125,0.1959228515625
12.173,310,668,1056,312,-1.0,38.0,45.0,8.23974609375,-14.404295921325684,6.774901866912842,-0.4822998046875,0.3336181640625,0.202392578125
12.173,310,698,1096,312,-1.0,38.0,45.0,9.82666015625,-13.549803733825684,3.845214605331421,-0.4317626953125,0.2723388671875,0.1842041015625
12.181,311,739,1163,312,-1.0,38.0,45.0,14.404295921325684,-15.014647483825684,1.9531248807907104,-0.38525390625,0.218505859375,0.155029296875
12.202,310,832,1284,313,0.0,36.0,45.0,22.460935592651367,-18.798828125,1.7700194120407104,-0.4097900390625,0.2447509765625,0.1190185546875
12.203,289,886,1365,313,0.0,36.0,45.0,33.75244140625,-22.521970748901367,3.112792730331421,-0.629638671875,0.3292236328125,0.0650634765625
12.217,311,934,1422,312,0.0,36.0,45.0,43.395992279052734,-22.338865280151367,-0.6103515625,-0.9278564453125,0.2545166015625,0.0048828125
12.225,310,1003,1502,313,0.0,36.0,45.0,46.691890716552734,-13.916014671325684,-13.610838890075684,-1.125732421875,0.0885009765625,-0.0474853515625
12.250,311,1042,1543,314,0.0,36.0,45.0,40.588375091552734,-3.173827886581421,-25.390623092651367,-1.21484375,0.115234375,-0.0621337890625
12.251,310,1071,1579,298,0.0,36.0,45.0,23.010251998901367,-2.25830078125,-25.512693405151367,-1.2611083984375,0.28076171875,-0.0445556640625
12.255,310,1111,1622,314,0.0,36.0,45.0,1.7089842557907104,-11.535643577575684,-16.6015625,-1.35400390625,0.3951416015625,-0.0218505859375
12.263,310,1129,1640,314,0.0,36.0,45.0,-11.352538108825684,-22.338865280151367,-5.981444835662842,-1.5155029296875,0.5255126953125,0.0084228515625
12.271,311,1139,1653,312,0.0,36.0,45.0,-15.502928733825684,-28.930662155151367,2.624511480331421,-1.712158203125,0.72998046875,0.10546875
12.285,310,1122,1640,314,0.0,36.0,45.0,-18.12744140625,-31.372068405151367,6.347655773162842,-1.8489990234375,0.8148193359375,0.3099365234375
12.293,311,1096,1622,314,-3.0,36.0,42.0,-19.53125,-28.320310592651367,3.417968511581421,-1.697021484375,0.579833984375,0.5126953125
12.309,310,1078,1595,312,-3.0,36.0,42.0,-13.305663108825684,-14.648436546325684,-3.356933355331421,-1.206298828125,0.1419677734375,0.58935546875
12.320,310,1065,1569,315,-3.0,36.0,42.0,4.69970703125,5.920409679412842,-7.446288585662842,-0.8114013671875,0.0450439453125,0.455078125
12.323,311,1063,1568,314,-3.0,36.0,42.0,20.080564498901367,20.385740280151367,-5.676269054412842,-0.8529052734375,0.41796875,0.1668701171875
12.350,312,1051,1565,313,-3.0,36.0,42.0,16.11328125,22.338865280151367,-4.69970703125,-1.2186279296875,0.7947998046875,-0.0498046875
12.351,310,1000,1541,312,-3.0,36.0,42.0,-3.601073980331421,15.624999046325684,-10.253905296325684,-1.5794677734375,0.831298828125,-0.0545654296875
12.353,310,1000,1527,312,-3.0,36.0,42.0,-25.939939498901367,7.690429210662842,-18.5546875,-1.705078125,0.57861328125,0.0872802734375
12.361,310,971,1492,313,-3.0,36.0,42.0,-37.353515625,3.723144292831421,-21.179197311401367,-1.6259765625,0.37060546875,0.2373046875
12.375,311,910,1415,313,-3.0,36.0,42.0,-33.63037109375,4.08935546875,-14.404295921325684,-1.484619140625,0.34716796875,0.30126953125
12.384,310,861,1374,312,-3.0,36.0,42.0,-23.864744186401367,7.324218273162842,-2.50244140625,-1.3353271484375,0.354736328125,0.276611328125
12.392,311,822,1320,313,1.0,37.0,40.0,-15.808104515075684,11.779784202575684,7.751464366912842,-1.155517578125,0.275146484375,0.23779296875
12.406,311,763,1246,313,1.0,37.0,40.0,-8.9111328125,15.563963890075684,13.549803733825684,-0.9146728515625,0.2005615234375,0.2193603515625
12.424,310,725,1198,314,1.0,37.0,40.0,-1.8920897245407104,18.06640625,15.258788108825684,-0.6732177734375,0.204833984375,0.1856689453125
12.424,310,689,1148,313,1.0,37.0,40.0,3.540038824081421,19.1650390625,13.305663108825684,-0.5247802734375,0.242919921875,0.133056640625
12.465,310,640,1091,312,1.0,37.0,40.0,5.981444835662842,18.49365234375,8.36181640625,-0.4757080078125,0.2723388671875,0.068359375
12.486,310,614,1025,312,1.0,37.0,40.0,5.187987804412842,17.08984375,1.7700194120407104,-0.5006103515625,0.2530517578125,0.0374755859375
12.486,311,589,1000,312,1.0,37.0,40.0,1.6479490995407104,14.709471702575684,-5.187987804412842,-0.5584716796875,0.154052734375,0.0716552734375
12.486,309,568,959,311,1.0,37.0,40.0,-1.7700194120407104,13.061522483825684,-11.718749046325684,-0.6512451171875,-0.025390625,-0.073974609375
12.486,310,558,948,312,1.0,37.0,40.0,-2.563476324081421,15.747069358825684,-15.930174827575684,-0.6512451171875,-0.025390625,-0.073974609375
12.486,310,548,944,312,1.0,37.0,40.0,-1.9531248807907104,17.88330078125,-14.526366233825684,-0.6915283203125,0.0694580078125,-0.112548828125
12.496,310,543,932,311,0.0,39.0,47.0,-4.57763671875,13.793944358825684,-6.958007335662842,-0.7459716796875,0.310302734375,-0.0098876953125
12.503,311,543,932,311,0.0,39.0,47.0,-11.291502952575684,6.530761241912842,2.197265625,-0.7459716796875,0.310302734375,-0.0098876953125
12.511,310,543,943,312,0.0,39.0,47.0,-16.6015625,0.7934569716453552,8.60595703125,-0.74365234375,0.34375,0.0528564453125
12.528,309,554,968,312,0.0,39.0,47.0,-17.51708984375,-2.197265625,11.230467796325684,-0.7261962890625,0.361083984375,0.177978515625
12.533,310,554,975,312,0.0,39.0,47.0,-15.624999046325684,-2.929687261581421,11.352538108825684,-0.7261962890625,0.361083984375,0.177978515625
12.555,311,561,982,313,0.0,39.0,47.0,-12.695311546325684,-3.112792730331421,11.230467796325684,-0.732666015625,0.37255859375,0.210205078125
12.555,311,576,989,312,0.0,39.0,47.0,-9.82666015625,-3.234863042831421,11.779784202575684,-0.7034912109375,0.2855224609375,0.22021484375
12.563,310,582,1000,312,0.0,39.0,47.0,-6.652831554412842,-2.807616949081421,12.329100608825684,-0.7034912109375,0.2855224609375,0.22021484375
12.571,310,588,1013,312,0.0,39.0,47.0,-1.7700194120407104,-2.624511480331421,12.023924827575684,-0.68994140625,0.2745361328125,0.21142578125
12.585,310,606,1043,310,-1.0,37.0,47.0,4.94384765625,-3.295898199081421,10.192870140075684,-0.6829833984375,0.3331298828125,0.14794921875
12.594,310,620,1067,310,-1.0,37.0,47.0,11.535643577575684,-4.2724609375,7.019042491912842,-0.6829833984375,0.3331298828125,0.14794921875
12.601,310,650,1089,312,-1.0,37.0,47.0,15.441893577575684,-5.0048828125,4.21142578125,-0.680908203125,0.3607177734375,0.097900390625
12.615,310,685,1143,311,-1.0,37.0,47.0,13.610838890075684,-6.591796398162842,2.0751953125,-0.569091796875,0.2978515625,0.066650390625
12.658,310,716,1172,312,-1.0,37.0,47.0,13.610838890075684,-6.591796398162842,2.0751953125,-0.4571533203125,0.231201171875,0.077880859375
12.659,310,761,1228,312,-1.0,37.0,47.0,13.366698265075684,-8.4228515625,1.15966796875,-0.4571533203125,0.231201171875,0.077880859375
12.659,310,858,1353,298,-1.0,37.0,47.0,22.460935592651367,-13.244627952575684,-3.723144292831421,-0.3956298828125,0.310546875,0.1282958984375
12.660,316,916,1419,312,-1.0,37.0,47.0,22.460935592651367,-13.244627952575684,-3.723144292831421,-0.55615234375,0.2958984375,0.1138916015625
12.662,312,963,1463,311,-1.0,37.0,47.0,29.846189498901367,-13.732909202575684,-14.587401390075684,-0.55615234375,0.2958984375,0.1138916015625
12.674,310,1035,1533,313,-1.0,37.0,47.0,32.77587890625,-8.11767578125,-32.470703125,-1.00146484375,0.26220703125,-0.0732421875
12.682,310,1081,1578,314,-1.0,37.0,47.0,29.785154342651367,-1.220703125,-47.302242279052734,-1.209228515625,0.398681640625,-0.139892578125
12.690,312,1108,1609,312,-2.0,34.0,46.0,21.423337936401367,-3.417968511581421,-50.781246185302734,-1.209228515625,0.398681640625,-0.139892578125
12.704,310,1149,1646,313,-2.0,34.0,46.0,-7.812499523162842,-28.381345748901367,-36.9873046875,-1.593505859375,0.38671875,-0.019287109375
12.712,310,1163,1664,314,-2.0,34.0,46.0,-7.812499523162842,-28.381345748901367,-36.9873046875,-1.7745361328125,0.420654296875,0.1533203125
12.720,311,1173,1674,312,-2.0,34.0,46.0,-16.9677734375,-35.888671875,-28.442380905151367,-1.7745361328125,0.420654296875,0.1533203125
12.759,311,1155,1635,312,-2.0,34.0,46.0,-23.132322311401367,-30.273435592651367,-12.207030296325684,-1.8126220703125,0.395751953125,0.5377197265625
12.759,311,1129,1608,314,-2.0,34.0,46.0,-23.132322311401367,-30.273435592651367,-12.207030296325684,-1.38671875,0.0594482421875,0.597900390625
12.760,310,1101,1578,316,-2.0,34.0,46.0,-19.775390625,-16.2353515625,-6.774901866912842,-1.38671875,0.0594482421875,0.597900390625
12.765,310,1093,1578,314,-2.0,34.0,46.0,12.756346702575684,23.437498092651367,5.676269054412842,-0.8326416015625,0.242431640625,0.2666015625
12.772,310,1087,1575,312,-2.0,34.0,46.0,12.756346702575684,23.437498092651367,5.676269054412842,-1.1475830078125,0.6689453125,0.053466796875
12.780,310,1070,1559,312,-2.0,34.0,46.0,12.695311546325684,29.418943405151367,9.58251953125,-1.1475830078125,0.6689453125,0.053466796875
12.794,310,1039,1528,312,0.0,38.0,40.0,-23.254392623901367,19.04296875,-0.1220703050494194,-1.7176513671875,0.5823974609375,0.0838623046875
12.803,312,1013,1500,312,0.0,38.0,40.0,-23.254392623901367,19.04296875,-0.1220703050494194,-1.660888671875,0.3717041015625,0.1907958984375
12.810,309,981,1462,314,0.0,38.0,40.0,-31.616209030151367,15.258788108825684,-3.112792730331421,-1.660888671875,0.3717041015625,0.1907958984375
12.824,311,922,1374,314,0.0,38.0,40.0,-25.390623092651367,15.380858421325684,10.559081077575684,-1.3232421875,0.3414306640625,0.23193359375
12.860,309,840,1266,312,0.0,38.0,40.0,-19.53125,17.08984375,17.578125,-0.94287109375,0.2891845703125,0.194580078125
12.861,312,777,1188,312,0.0,38.0,40.0,-4.7607421875,21.301267623901367,19.83642578125,-0.75439453125,0.3099365234375,0.1451416015625
12.862,310,716,1120,311,0.0,38.0,40.0,-1.4648436307907104,22.705076217651367,15.869139671325684,-0.616455078125,0.2921142578125,0.1085205078125
12.870,310,710,1108,312,0.0,38.0,40.0,-1.4648436307907104,22.705076217651367,15.869139671325684,-0.5474853515625,0.2100830078125,0.078857421875
12.884,310,664,1038,312,0.0,34.0,43.0,-1.3427733182907104,21.667478561401367,1.8920897245407104,-0.546142578125,0.12890625,0.058349609375
12.892,310,631,975,312,0.0,34.0,43.0,-2.0751953125,18.798828125,-3.295898199081421,-0.56201171875,0.0740966796875,0.0565185546875
12.901,310,619,939,312,0.0,34.0,43.0,-2.0751953125,18.798828125,-3.295898199081421,-0.5631103515625,0.0018310546875,-0.0189208984375
12.915,312,587,890,312,0.0,34.0,43.0,0.8544921278953552,17.51708984375,-9.521484375,-0.5933837890625,-0.0179443359375,-0.1376953125
12.922,310,578,878,311,0.0,34.0,43.0,5.554198741912842,18.06640625,-8.23974609375,-0.6475830078125,0.080078125,-0.1539306640625
12.934,310,575,865,311,0.0,34.0,43.0,5.554198741912842,18.06640625,-8.23974609375,-0.6878662109375,0.221923828125,-0.094482421875
12.963,310,572,859,310,0.0,34.0,43.0,-4.7607421875,4.0283203125,5.615233898162842,-0.7093505859375,0.3212890625,-0.028564453125
12.964,312,578,864,299,0.0,34.0,43.0,-14.465331077575684,-2.38037109375,11.596678733825684,-0.712646484375,0.3582763671875,0.041748046875
12.964,311,585,877,312,0.0,34.0,43.0,-14.465331077575684,-2.38037109375,11.596678733825684,-0.72216796875,0.3714599609375,0.115966796875
12.974,311,591,884,312,0.0,34.0,43.0,-20.507810592651367,-7.080077648162842,15.380858421325684,-0.73291015625,0.387451171875,0.188232421875
12.982,310,594,891,310,0.0,36.0,40.0,-17.15087890625,-7.934569835662842,13.732909202575684,-0.7264404296875,0.370849609375,0.2340087890625
12.990,310,601,907,312,0.0,36.0,40.0,-10.437010765075684,-7.141112804412842,10.803221702575684,-0.7244873046875,0.3223876953125,0.2374267578125
13.005,310,613,922,311,0.0,36.0,40.0,-2.38037109375,-4.94384765625,7.934569835662842,-0.7392578125,0.31201171875,0.2110595703125
13.013,310,617,942,312,0.0,36.0,40.0,4.94384765625,-3.234863042831421,5.859374523162842,-0.760498046875,0.3453369140625,0.179931640625
13.020,310,628,955,313,0.0,36.0,40.0,10.375975608825684,-3.356933355331421,4.39453125,-0.7806396484375,0.36083984375,0.15673828125
13.037,310,646,969,312,0.0,36.0,40.0,14.160155296325684,-5.126952648162842,3.906249761581421,-0.7928466796875,0.3375244140625,0.1287841796875
13.043,310,659,992,312,0.0,36.0,40.0,16.66259765625,-7.507323741912842,5.615233898162842,-0.7752685546875,0.308349609375,0.1041259765625
13.074,310,668,1011,312,0.0,36.0,40.0,19.287109375,-10.375975608825684,8.6669921875,-0.7275390625,0.2796630859375,0.0946044921875
13.075,310,698,1062,312,0.0,36.0,40.0,24.169919967651367,-13.793944358825684,10.803221702575684,-0.67236328125,0.2593994140625,0.091064453125
13.075,310,721,1096,312,0.0,36.0,40.0,28.015134811401367,-16.845703125,11.779784202575684,-0.6204833984375,0.2691650390625,0.0972900390625
13.080,310,756,1134,312,0.0,36.0,40.0,27.832029342651367,-17.822265625,11.901854515075684,-0.6434326171875,0.2606201171875,0.10009765625
13.094,310,818,1217,311,0.0,40.0,41.0,26.611326217651367,-16.845703125,10.253905296325684,-0.731689453125,0.15869140625,0.0887451171875
13.102,310,859,1275,312,0.0,40.0,41.0,26.672361373901367,-15.197752952575684,7.202147960662842,-0.7900390625,0.0047607421875,0.0555419921875
13.111,310,887,1340,312,0.0,40.0,41.0,26.550291061401367,-13.732909202575684,5.981444835662842,-0.7633056640625,-0.0833740234375,0.039306640625
13.124,312,957,1456,312,0.0,40.0,41.0,30.822751998901367,-13.122557640075684,6.835937023162842,-0.6483154296875,-0.02587890625,0.082763671875
13.139,311,987,1504,312,0.0,40.0,41.0,42.358394622802734,-11.047362327575684,5.920409679412842,-0.5714111328125,0.209716796875,0.11572265625
13.140,311,1025,1543,312,0.0,40.0,41.0,46.813961029052734,-6.835937023162842,0.0610351525247097,-0.65771484375,0.491455078125,0.0888671875
13.176,310,1067,1598,314,0.0,40.0,41.0,31.005857467651367,-3.540038824081421,-8.9111328125,-0.9346923828125,0.65869140625,0.018310546875
13.177,310,1087,1627,314,0.0,40.0,41.0,3.173827886581421,-4.45556640625,-14.648436546325684,-1.3331298828125,0.69287109375,-0.032470703125
13.178,310,1108,1646,312,0.0,40.0,41.0,-20.690916061401367,-10.437010765075684,-14.160155296325684,-1.7103271484375,0.642333984375,0.022216796875
13.188,310,1125,1665,314,-3.0,36.0,46.0,-33.3251953125,-17.27294921875,-9.27734375,-1.9503173828125,0.5750732421875,0.14892578125
13.193,310,1104,1638,314,-3.0,36.0,46.0,-36.1328125,-20.080564498901367,-2.807616949081421,-1.9703369140625,0.4761962890625,0.30126953125
13.201,310,1091,1613,314,-3.0,36.0,46.0,-30.700681686401367,-17.51708984375,3.234863042831421,-1.6334228515625,0.2471923828125,0.425537109375
13.214,310,1056,1557,312,-3.0,36.0,46.0,-14.404295921325684,-8.23974609375,7.568358898162842,-1.093994140625,0.0865478515625,0.4119873046875
13.222,311,1050,1555,313,-3.0,36.0,46.0,9.6435546875,4.21142578125,9.82666015625,-0.79931640625,0.3304443359375,0.231201171875
13.230,310,1042,1555,312,-3.0,36.0,46.0,22.338865280151367,13.061522483825684,6.286620616912842,-0.870849609375,0.7080078125,0.026123046875
13.244,310,1024,1543,311,-3.0,36.0,46.0,11.718749046325684,16.11328125,-6.408690929412842,-1.1776123046875,0.8304443359375,-0.0306396484375
13.258,310,1010,1519,314,-3.0,36.0,46.0,-12.329100608825684,13.854979515075684,-21.057126998901367,-1.5252685546875,0.7076416015625,0.042724609375
13.275,310,981,1500,314,-3.0,36.0,46.0,-35.0341796875,8.97216796875,-27.465818405151367,-1.703857421875,0.5013427734375,0.162353515625
13.276,311,921,1428,312,-3.0,36.0,46.0,-45.715328216552734,5.554198741912842,-22.155759811401367,-1.681396484375,0.369140625,0.2509765625
13.282,311,878,1381,313,-2.0,36.0,41.0,-43.945308685302734,6.286620616912842,-9.3994140625,-1.540771484375,0.3216552734375,0.260498046875
13.290,312,853,1336,314,-2.0,36.0,41.0,-36.4990234375,10.620116233825684,4.08935546875,-1.3389892578125,0.2630615234375,0.252197265625
13.304,311,794,1253,311,-2.0,36.0,41.0,-28.259275436401367,15.075682640075684,13.916014671325684,-0.833740234375,0.1368408203125,0.2545166015625
13.313,311,749,1199,313,-2.0,36.0,41.0,-19.34814453125,17.9443359375,20.385740280151367,-0.833740234375,0.1368408203125,0.2545166015625
13.320,310,715,1147,312,-2.0,36.0,41.0,-8.11767578125,19.47021484375,23.864744186401367,-0.622314453125,0.229248046875,0.172607421875
13.334,310,660,1087,313,-2.0,36.0,41.0,2.685546636581421,19.04296875,21.179197311401367,-0.461669921875,0.3719482421875,0.0198974609375
13.344,310,636,1065,312,-2.0,36.0,41.0,8.23974609375,17.39501953125,11.840819358825684,-0.461669921875,0.3719482421875,0.0198974609375
13.350,311,607,1035,312,-2.0,36.0,41.0,6.286620616912842,15.930174827575684,-0.9155272841453552,-0.4967041015625,0.302001953125,0.0203857421875
13.376,310,575,980,312,-2.0,36.0,41.0,0.0610351525247097,14.099120140075684,-12.023924827575684,-0.62890625,0.1019287109375,-0.006103515625
13.376,310,562,957,311,-2.0,36.0,41.0,-5.981444835662842,12.756346702575684,-17.27294921875,-0.62890625,0.1019287109375,-0.006103515625
13.380,310,558,948,312,-1.0,37.0,43.0,-9.46044921875,12.390135765075684,-17.822265625,-0.6480712890625,0.026611328125,-0.08349609375
13.394,311,557,955,311,-1.0,37.0,43.0,-8.30078125,10.925292015075684,-15.319823265075684,-0.6900634765625,0.159423828125,-0.0662841796875
13.404,309,557,959,312,-1.0,37.0,43.0,-4.150390625,6.164550304412842,-9.27734375,-0.6900634765625,0.159423828125,-0.0662841796875
13.412,310,561,969,312,-1.0,37.0,43.0,-2.50244140625,-0.7324218153953552,-1.5869139432907104,-0.7181396484375,0.2823486328125,-0.01025390625
13.424,310,566,987,311,-1.0,37.0,43.0,-5.310058116912842,-6.896972179412842,4.33349609375,-0.7501220703125,0.385986328125,0.12353515625
13.432,310,573,994,312,-1.0,37.0,43.0,-10.375975608825684,-10.437010765075684,7.690429210662842,-0.7501220703125,0.385986328125,0.12353515625
13.446,310,578,1003,312,-1.0,37.0,43.0,-14.221190452575684,-11.169432640075684,9.1552734375,-0.746826171875,0.3704833984375,0.189208984375
13.454,310,590,1022,312,-1.0,37.0,43.0,-10.681151390075684,-6.958007335662842,7.934569835662842,-0.7039794921875,0.24951171875,0.2354736328125
13.470,310,601,1039,312,-1.0,37.0,43.0,-10.681151390075684,-6.958007335662842,7.934569835662842,-0.7032470703125,0.2655029296875,0.2183837890625
13.470,310,608,1053,299,-1.0,37.0,43.0,-4.5166015625,-6.469726085662842,6.347655773162842,-0.7032470703125,0.2655029296875,0.2183837890625
13.484,310,631,1078,312,-1.0,37.0,39.0,6.958007335662842,-10.498045921325684,3.906249761581421,-0.7371826171875,0.397705078125,0.17431640625
13.492,310,636,1091,312,-1.0,37.0,39.0,6.958007335662842,-10.498045921325684,3.906249761581421,-0.7545166015625,0.4033203125,0.1490478515625
13.500,312,647,1105,311,-1.0,37.0,39.0,9.70458984375,-12.512206077575684,2.868652105331421,-0.7545166015625,0.4033203125,0.1490478515625
13.515,310,687,1159,312,-1.0,37.0,39.0,11.230467796325684,-13.427733421325684,3.601073980331421,-0.8009033203125,0.339111328125,0.0849609375
13.527,310,713,1184,314,-1.0,37.0,39.0,11.230467796325684,-13.427733421325684,3.601073980331421,-0.87158203125,0.239013671875,0.09228515625
13.530,310,737,1211,313,-1.0,37.0,39.0,11.413573265075684,-15.930174827575684,4.08935546875,-0.87158203125,0.239013671875,0.09228515625
13.549,310,780,1253,311,-1.0,37.0,39.0,16.90673828125,-18.61572265625,4.150390625,-0.8656005859375,0.0208740234375,0.0970458984375
13.552,311,813,1300,314,-1.0,37.0,39.0,16.90673828125,-18.61572265625,4.150390625,-0.7320556640625,-0.018310546875,0.133056640625
13.578,310,845,1352,314,-1.0,37.0,39.0,18.06640625,-16.29638671875,6.347655773162842,-0.7320556640625,-0.018310546875,0.133056640625
13.578,310,895,1450,312,-1.0,37.0,39.0,28.381345748901367,-11.291502952575684,9.8876953125,-0.42919921875,0.1170654296875,0.1778564453125
13.582,310,938,1500,312,0.0,36.0,43.0,28.381345748901367,-11.291502952575684,9.8876953125,-0.430419921875,0.313232421875,0.1385498046875
13.590,310,974,1540,314,0.0,36.0,43.0,39.306640625,-8.6669921875,5.493163585662842,-0.430419921875,0.313232421875,0.1385498046875
13.604,310,1035,1597,313,0.0,36.0,43.0,42.236324310302734,0.7324218153953552,-17.27294921875,-0.9459228515625,0.7242431640625,-0.1136474609375
13.612,310,1054,1627,313,0.0,36.0,43.0,17.9443359375,0.6713866591453552,-28.686521530151367,-1.331298828125,0.7685546875,-0.13427734375
13.620,311,1078,1653,314,0.0,36.0,43.0,17.9443359375,0.6713866591453552,-28.686521530151367,-1.6722412109375,0.6480712890625,-0.015380859375
13.638,310,1101,1674,312,0.0,36.0,43.0,-48.583980560302734,-12.756346702575684,-29.296873092651367,-1.893310546875,0.4542236328125,0.1837158203125
13.642,310,1098,1674,314,0.0,36.0,43.0,-62.927242279052734,-17.27294921875,-16.357421875,-1.8995361328125,0.2569580078125,0.4090576171875
13.651,310,1087,1649,312,0.0,36.0,43.0,-62.927242279052734,-17.27294921875,-16.357421875,-1.594482421875,0.0697021484375,0.5914306640625
13.682,311,1065,1607,312,0.0,36.0,43.0,-35.94970703125,-7.263183116912842,11.596678733825684,-1.1285400390625,0.039794921875,0.5303955078125
13.683,311,1047,1580,313,0.0,36.0,43.0,1.7089842557907104,6.896972179412842,15.380858421325684,-0.8572998046875,0.3463134765625,0.203857421875
13.684,312,1035,1568,312,0.0,37.0,42.0,1.7089842557907104,6.896972179412842,15.380858421325684,-0.8798828125,0.7474365234375,-0.1168212890625
13.694,310,1025,1569,313,0.0,37.0,42.0,23.376462936401367,17.2119140625,-5.737304210662842,-1.0633544921875,0.840576171875,-0.1708984375
13.702,311,1014,1559,314,0.0,37.0,42.0,-2.624511480331421,9.82666015625,-25.024412155151367,-1.3336181640625,0.6717529296875,0.0123291015625
13.710,312,1009,1543,313,0.0,37.0,42.0,-2.624511480331421,9.82666015625,-25.024412155151367,-1.5775146484375,0.48583984375,0.210693359375
13.725,310,960,1504,312,0.0,37.0,42.0,-40.405269622802734,0.1220703050494194,-33.75244140625,-1.661865234375,0.369873046875,0.3167724609375
13.732,310,932,1463,313,0.0,37.0,42.0,-36.7431640625,1.0986328125,-22.277830123901367,-1.58203125,0.312255859375,0.3250732421875
13.740,310,894,1413,313,0.0,37.0,42.0,-36.7431640625,1.0986328125,-22.277830123901367,-1.396484375,0.263671875,0.27685546875
13.757,310,840,1348,312,0.0,37.0,42.0,-11.779784202575684,6.591796398162842,4.33349609375,-1.128662109375,0.17041015625,0.2635498046875
13.763,311,810,1292,312,0.0,37.0,42.0,-2.197265625,9.82666015625,11.718749046325684,-0.843505859375,0.1053466796875,0.26708984375
13.773,310,784,1239,313,0.0,37.0,42.0,3.173827886581421,12.756346702575684,15.808104515075684,-0.650146484375,0.1593017578125,0.219970703125
13.784,310,737,1162,312,-1.0,36.0,43.0,4.5166015625,14.038084983825684,16.7236328125,-0.57373046875,0.281494140625,0.150146484375
13.799,310,707,1127,312,-1.0,36.0,43.0,3.417968511581421,14.770506858825684,13.000487327575684,-0.5687255859375,0.400146484375,0.0819091796875
13.800,311,683,1073,310,-1.0,36.0,43.0,0.2441406100988388,16.90673828125,4.0283203125,-0.6065673828125,0.4315185546875,0.031005859375
13.814,310,654,1066,311,-1.0,36.0,43.0,-5.981444835662842,18.85986328125,-8.30078125,-0.6529541015625,0.3330078125,0.0189208984375
13.823,310,636,1050,313,-1.0,36.0,43.0,-12.817381858825684,19.4091796875,-18.798828125,-0.6920166015625,0.1746826171875,0.0386962890625
13.830,310,622,1041,310,-1.0,36.0,43.0,-15.075682640075684,18.24951171875,-22.216794967651367,-0.743408203125,0.059326171875,0.059326171875
13.844,310,607,1008,311,-1.0,36.0,43.0,-12.084959983825684,15.014647483825684,-17.4560546875,-0.791259765625,0.0244140625,0.0667724609375
13.862,310,599,980,312,-1.0,36.0,43.0,-7.446288585662842,9.521484375,-8.60595703125,-0.798583984375,0.0303955078125,0.0770263671875
13.863,310,594,963,313,-1.0,36.0,43.0,-2.44140625,3.967284917831421,-0.7934569716453552,-0.778564453125,0.0687255859375,0.0682373046875
13.884,310,586,943,312,-1.0,36.0,43.0,2.3193359375,0.7934569716453552,4.39453125,-0.7694091796875,0.156494140625,0.0518798828125
13.884,311,588,943,311,2.0,38.0,42.0,4.39453125,-1.2817381620407104,7.568358898162842,-0.7703857421875,0.2569580078125,0.0621337890625
13.890,310,588,951,312,2.0,38.0,42.0,3.173827886581421,-3.295898199081421,9.6435546875,-0.7674560546875,0.33203125,0.0811767578125
13.906,310,594,974,312,2.0,38.0,42.0,0.3662109076976776,-4.638671875,10.803221702575684,-0.75,0.3690185546875,0.099609375
13.912,311,599,989,311,2.0,38.0,42.0,-2.624511480331421,-5.0048828125,11.108397483825684,-0.726318359375,0.37109375,0.13037109375
13.920,310,605,998,312,2.0,38.0,42.0,-4.638671875,-5.187987804412842,10.620116233825684,-0.69970703125,0.34814453125,0.1578369140625
13.934,310,618,1024,312,2.0,38.0,42.0,-3.662109136581421,-5.859374523162842,9.21630859375,-0.6826171875,0.3089599609375,0.1552734375
13.943,310,631,1038,312,2.0,38.0,42.0,0.7934569716453552,-7.568358898162842,6.896972179412842,-0.697265625,0.2862548828125,0.1324462890625
13.950,310,636,1054,312,2.0,38.0,42.0,6.469726085662842,-10.070799827575684,4.45556640625,-0.7349853515625,0.2978515625,0.10400390625
13.964,311,653,1088,311,2.0,38.0,42.0,10.375975608825684,-12.145995140075684,2.685546636581421,-0.76611328125,0.324951171875,0.074951171875
13.988,310,664,1120,312,2.0,38.0,42.0,10.803221702575684,-13.427733421325684,2.0751953125,-0.7584228515625,0.3372802734375,0.05810546875
13.989,309,689,1148,312,0.0,37.0,41.0,8.4228515625,-14.831542015075684,2.01416015625,-0.7037353515625,0.31689453125,0.06298828125
13.994,308,738,1214,312,0.0,37.0,41.0,6.408690929412842,-17.27294921875,2.0751953125,-0.6676025390625,0.273193359375,0.087646484375
14.002,310,762,1260,312,0.0,37.0,41.0,8.544921875,-21.423337936401367,1.6479490995407104,-0.698486328125,0.20947265625,0.131591796875
14.012,310,796,1306,312,0.0,37.0,41.0,14.282225608825684,-25.817869186401367,0.3662109076976776,-0.75146484375,0.117431640625,0.17529296875
14.024,311,848,1401,312,0.0,37.0,41.0,19.1650390625,-26.794431686401367,-0.6713866591453552,-0.758056640625,0.03125,0.19970703125
14.032,310,877,1457,314,0.0,37.0,41.0,23.010251998901367,-22.888181686401367,-0.7324218153953552,-0.6751708984375,0.0030517578125,0.2171630859375
14.040,311,913,1504,313,0.0,37.0,41.0,28.686521530151367,-16.11328125,-1.03759765625,-0.570556640625,0.0830078125,0.216796875
14.061,310,978,1566,314,0.0,37.0,41.0,34.24072265625,-9.8876953125,-2.44140625,-0.561767578125,0.269287109375,0.1624755859375
14.062,311,1013,1602,312,0.0,37.0,41.0,33.203125,-7.202147960662842,-5.432128429412842,-0.6904296875,0.4251708984375,0.0899658203125
14.070,312,1035,1632,312,0.0,37.0,41.0,24.963376998901367,-8.48388671875,-9.94873046875,-0.963623046875,0.50537109375,0.0419921875
14.096,311,1074,1674,314,1.0,36.0,46.0,14.526366233825684,-11.413573265075684,-13.244627952575684,-1.657958984375,0.5877685546875,0.0634765625
14.097,310,1082,1682,312,1.0,36.0,46.0,2.197265625,-14.831542015075684,-13.793944358825684,-1.657958984375,0.5877685546875,0.0634765625
14.100,311,1093,1695,312,1.0,36.0,46.0,-10.681151390075684,-17.51708984375,-12.084959983825684,-1.83935546875,0.507568359375,0.19970703125
14.120,310,1082,1678,312,1.0,36.0,46.0,-19.4091796875,-17.88330078125,-7.324218273162842,-1.5947265625,0.2752685546875,0.451416015625
14.123,310,1078,1655,314,1.0,36.0,46.0,-20.935056686401367,-15.624999046325684,-0.1220703050494194,-1.5947265625,0.2752685546875,0.451416015625
14.131,310,1064,1640,312,1.0,36.0,46.0,-12.451170921325684,-8.85009765625,6.530761241912842,-1.1468505859375,0.129150390625,0.440185546875
14.144,310,1034,1592,312,1.0,36.0,46.0,4.8828125,1.7089842557907104,10.253905296325684,-0.8406982421875,0.5211181640625,0.090576171875
14.152,310,1024,1591,312,1.0,36.0,46.0,18.06640625,10.620116233825684,8.85009765625,-0.8406982421875,0.5211181640625,0.090576171875
14.163,311,1018,1591,313,1.0,36.0,46.0,14.282225608825684,15.258788108825684,-0.4272460639476776,-0.987548828125,0.62890625,-0.001220703125
14.192,310,994,1568,312,0.0,36.0,44.0,-0.7934569716453552,15.869139671325684,-14.160155296325684,-1.470947265625,0.4927978515625,0.169189453125
14.193,312,976,1547,315,0.0,36.0,44.0,-16.6015625,12.878417015075684,-22.705076217651367,-1.470947265625,0.4927978515625,0.169189453125
14.193,312,948,1487,313,0.0,36.0,44.0,-27.954099655151367,9.1552734375,-21.789548873901367,-1.6258544921875,0.4610595703125,0.255859375
14.204,310,902,1456,312,0.0,36.0,44.0,-32.89794921875,7.751464366912842,-14.465331077575684,-1.5107421875,0.35791015625,0.29833984375
14.213,311,871,1406,314,0.0,36.0,44.0,-32.28759765625,9.3994140625,-4.5166015625,-1.3001708984375,0.2745361328125,0.2869873046875
14.225,310,840,1369,312,0.0,36.0,44.0,-28.442380905151367,13.061522483825684,5.065917491912842,-1.3001708984375,0.2745361328125,0.2869873046875
14.235,310,794,1285,311,0.0,36.0,44.0,-13.854979515075684,19.71435546875,15.930174827575684,-0.7952880859375,0.1724853515625,0.2529296875
14.242,310,764,1245,313,0.0,36.0,44.0,-13.854979515075684,19.71435546875,15.930174827575684,-0.6527099609375,0.2711181640625,0.1751708984375
14.250,311,736,1199,314,0.0,36.0,44.0,-3.601073980331421,21.057126998901367,17.27294921875,-0.6527099609375,0.2711181640625,0.1751708984375
14.265,310,684,1133,313,0.0,36.0,44.0,5.615233898162842,21.301267623901367,5.187987804412842,-0.589599609375,0.367919921875,0.031005859375
14.272,310,658,1101,312,0.0,36.0,44.0,5.615233898162842,21.301267623901367,5.187987804412842,-0.6190185546875,0.2581787109375,0.0294189453125
14.296,310,643,1071,312,0.0,36.0,44.0,1.0986328125,20.874021530151367,-5.554198741912842,-0.6190185546875,0.2581787109375,0.0294189453125
14.297,310,614,1034,310,0.0,36.0,44.0,-7.629394054412842,19.775390625,-14.953612327575684,-0.7310791015625,0.0478515625,0.0526123046875
14.302,310,598,1011,312,0.0,36.0,44.0,-7.629394054412842,19.775390625,-14.953612327575684,-0.7843017578125,0.0526123046875,0.0621337890625
14.313,310,585,989,312,0.0,36.0,44.0,-5.554198741912842,17.76123046875,-10.253905296325684,-0.7843017578125,0.0526123046875,0.0621337890625
14.331,311,572,960,311,0.0,36.0,44.0,-2.50244140625,9.27734375,2.868652105331421,-0.7291259765625,0.04052734375,0.08642578125
14.334,310,564,959,312,0.0,36.0,44.0,-2.50244140625,9.27734375,2.868652105331421,-0.7003173828125,0.100830078125,0.0712890625
14.341,310,564,954,310,0.0,36.0,44.0,0.4882812201976776,7.324218273162842,6.469726085662842,-0.7003173828125,0.100830078125,0.0712890625
14.354,310,564,959,312,0.0,36.0,44.0,5.859374523162842,4.0283203125,12.145995140075684,-0.7095947265625,0.322509765625,0.0673828125
14.368,311,573,974,312,0.0,36.0,44.0,4.45556640625,1.5869139432907104,14.404295921325684,-0.7177734375,0.4078369140625,0.0787353515625
14.370,309,578,989,312,0.0,36.0,44.0,4.45556640625,1.5869139432907104,14.404295921325684,-0.736328125,0.4451904296875,0.108642578125
14.401,310,584,1009,311,0.0,37.0,42.0,-5.432128429412842,-0.30517578125,16.11328125,-0.7449951171875,0.408203125,0.1473388671875
14.401,310,590,1022,311,0.0,37.0,42.0,-8.544921875,0.6713866591453552,14.526366233825684,-0.7335205078125,0.316650390625,0.17724609375
14.401,310,600,1035,312,0.0,37.0,42.0,-8.544921875,0.6713866591453552,14.526366233825684,-0.72314453125,0.2442626953125,0.1956787109375
14.415,310,616,1064,311,0.0,37.0,42.0,-1.03759765625,1.3427733182907104,9.1552734375,-0.7265625,0.2364501953125,0.1868896484375
14.426,310,622,1076,312,0.0,37.0,42.0,5.859374523162842,0.4882812201976776,7.202147960662842,-0.7509765625,0.2822265625,0.1463623046875
14.440,310,631,1094,312,0.0,37.0,42.0,5.859374523162842,0.4882812201976776,7.202147960662842,-0.7750244140625,0.3367919921875,0.097412109375
14.446,310,654,1127,312,0.0,37.0,42.0,9.70458984375,-2.929687261581421,6.835937023162842,-0.7666015625,0.3724365234375,0.0682373046875
14.452,310,666,1156,313,0.0,37.0,42.0,6.591796398162842,-5.310058116912842,7.629394054412842,-0.7215576171875,0.37646484375,0.0623779296875
14.460,310,691,1185,312,0.0,37.0,42.0,6.591796398162842,-5.310058116912842,7.629394054412842,-0.6676025390625,0.3397216796875,0.065185546875
14.476,310,742,1268,313,-1.0,37.0,40.0,3.723144292831421,-10.498045921325684,5.676269054412842,-0.6654052734375,0.2607421875,0.0902099609375
14.500,310,778,1316,312,-1.0,37.0,40.0,7.751464366912842,-12.756346702575684,1.220703125,-0.6934814453125,0.154052734375,0.128662109375
14.501,312,813,1371,312,-1.0,37.0,40.0,7.751464366912842,-12.756346702575684,1.220703125,-0.70458984375,0.0633544921875,0.124267578125
14.504,311,871,1456,312,-1.0,37.0,40.0,19.71435546875,-9.033203125,-7.141112804412842,-0.7005615234375,0.0469970703125,0.0782470703125
14.513,310,913,1516,314,-1.0,37.0,40.0,21.789548873901367,-8.36181640625,-5.554198741912842,-0.6883544921875,0.14013671875,0.0281982421875
14.520,310,943,1559,314,-1.0,37.0,40.0,23.132322311401367,-10.070799827575684,-2.3193359375,-0.7261962890625,0.2906494140625,-0.0302734375
14.550,311,1000,1617,312,-1.0,37.0,40.0,21.240232467651367,-12.390135765075684,-2.3193359375,-0.83837890625,0.3875732421875,-0.0533447265625
14.550,311,1029,1598,298,-1.0,37.0,40.0,15.014647483825684,-15.991209983825684,-6.225585460662842,-1.015625,0.43017578125,0.009765625
14.551,311,1026,1620,314,-1.0,37.0,40.0,7.568358898162842,-20.507810592651367,-9.46044921875,-1.2430419921875,0.473876953125,0.1243896484375
14.573,312,1088,1683,314,-1.0,37.0,40.0,1.2817381620407104,-23.986814498901367,-9.82666015625,-1.4840087890625,0.491455078125,0.2445068359375
14.574,310,1100,1698,314,0.0,35.0,39.0,-2.50244140625,-24.597166061401367,-8.4228515625,-1.6986083984375,0.5194091796875,0.30810546875
14.580,311,1104,1695,314,0.0,35.0,39.0,-3.723144292831421,-21.789548873901367,-5.493163585662842,-1.8193359375,0.5743408203125,0.3133544921875
14.601,310,1082,1647,314,0.0,35.0,39.0,-4.150390625,-16.7236328125,-1.9531248807907104,-1.6915283203125,0.495849609375,0.337646484375
14.602,310,1067,1632,314,0.0,35.0,39.0,-4.57763671875,-8.72802734375,0.4272460639476776,-1.25244140625,0.2164306640625,0.38818359375
14.610,311,1050,1607,314,0.0,35.0,39.0,-0.4882812201976776,2.746581792831421,1.5258787870407104,-0.854736328125,0.1259765625,0.3677978515625
14.624,310,1041,1600,312,0.0,35.0,39.0,6.958007335662842,13.488768577575684,1.4038084745407104,-0.8121337890625,0.3956298828125,0.2122802734375
14.632,309,1035,1597,314,0.0,35.0,39.0,7.995604991912842,19.95849609375,-3.906249761581421,-1.074462890625,0.6815185546875,0.05078125
14.645,311,1021,1588,314,0.0,35.0,39.0,-0.0610351525247097,20.690916061401367,-14.953612327575684,-1.4339599609375,0.7548828125,0.011474609375
14.661,311,994,1547,314,0.0,35.0,39.0,-14.892577171325684,16.41845703125,-25.390623092651367,-1.6468505859375,0.615234375,0.076904296875
14.663,311,966,1509,312,0.0,35.0,39.0,-29.296873092651367,11.535643577575684,-28.259275436401367,-1.65771484375,0.438720703125,0.1807861328125
14.676,310,933,1472,312,0.0,35.0,42.0,-33.3251953125,9.521484375,-22.033689498901367,-1.564697265625,0.360595703125,0.239013671875
14.684,310,872,1400,313,0.0,35.0,42.0,-27.709959030151367,10.498045921325684,-11.352538108825684,-1.439453125,0.341552734375,0.23974609375
14.692,310,829,1353,314,0.0,35.0,42.0,-19.10400390625,13.000487327575684,-1.6479490995407104,-1.2802734375,0.2943115234375,0.24072265625
14.711,310,794,1295,312,0.0,35.0,42.0,-12.634276390075684,15.808104515075684,5.187987804412842,-1.06787109375,0.2255859375,0.2498779296875
14.714,310,723,1211,312,0.0,35.0,42.0,-9.82666015625,18.798828125,10.253905296325684,-0.842529296875,0.16943359375,0.2333984375
14.777,310,688,1148,312,0.0,35.0,42.0,-8.30078125,21.118162155151367,13.671874046325684,-0.661376953125,0.1361083984375,0.1904296875
14.778,310,666,1108,312,0.0,35.0,42.0,-3.906249761581421,21.728513717651367,14.099120140075684,-0.539794921875,0.12744140625,0.1361083984375
14.778,309,620,1025,311,0.0,35.0,42.0,3.967284917831421,20.751951217651367,10.803221702575684,-0.48828125,0.1419677734375,0.0841064453125
14.778,310,593,972,311,0.0,35.0,42.0,11.230467796325684,18.06640625,4.39453125,-0.5123291015625,0.15576171875,0.067138671875
14.778,310,562,933,311,0.0,35.0,42.0,13.549803733825684,14.465331077575684,-3.112792730331421,-0.54345703125,0.0870361328125,0.0830078125
14.778,310,533,889,312,-3.0,36.0,40.0,11.596678733825684,14.038084983825684,-10.559081077575684,-0.5352783203125,-0.0179443359375,0.0372314453125
14.782,310,525,889,312,-3.0,36.0,40.0,9.94873046875,18.12744140625,-15.197752952575684,-0.57763671875,0.011962890625,-0.073486328125
14.800,310,518,893,311,-3.0,36.0,40.0,9.46044921875,19.6533203125,-13.000487327575684,-0.6705322265625,0.174072265625,-0.1219482421875
14.829,308,518,902,311,-3.0,36.0,40.0,6.896972179412842,14.160155296325684,-5.310058116912842,-0.732421875,0.328369140625,-0.0947265625
14.830,290,499,910,312,-3.0,36.0,40.0,1.8310545682907104,5.615233898162842,2.990722417831421,-0.740478515625,0.3944091796875,-0.0452880859375
14.830,310,527,916,312,-3.0,36.0,40.0,-3.845214605331421,-1.6479490995407104,8.1787109375,-0.719970703125,0.388427734375,0.0130615234375
14.836,310,535,932,312,-3.0,36.0,40.0,-8.11767578125,-6.896972179412842,10.192870140075684,-0.71923828125,0.3839111328125,0.1326904296875
14.851,310,546,947,310,-3.0,36.0,40.0,-10.192870140075684,-10.559081077575684,10.559081077575684,-0.71923828125,0.3839111328125,0.1326904296875
14.851,294,558,958,311,-3.0,36.0,40.0,-10.375975608825684,-11.901854515075684,9.82666015625,-0.708740234375,0.3199462890625,0.1778564453125
14.918,310,578,985,311,-3.0,36.0,40.0,-9.1552734375,-10.803221702575684,8.4228515625,-0.6956787109375,0.2401123046875,0.190185546875
14.919,310,590,1008,312,0.0,39.0,40.0,-6.103515148162842,-8.6669921875,7.324218273162842,-0.6956787109375,0.2401123046875,0.190185546875
14.919,308,606,1043,312,0.0,39.0,40.0,-1.3427733182907104,-7.812499523162842,6.652831554412842,-0.6978759765625,0.279296875,0.1697998046875
14.919,311,634,1081,312,0.0,39.0,40.0,4.33349609375,-9.521484375,5.859374523162842,-0.666259765625,0.3402099609375,0.15283203125
14.919,310,653,1117,312,0.0,39.0,40.0,9.46044921875,-12.573241233825684,5.065917491912842,-0.666259765625,0.3402099609375,0.15283203125
14.919,296,667,1141,311,0.0,39.0,40.0,12.756346702575684,-14.648436546325684,4.5166015625,-0.6357421875,0.37451171875,0.1328125
14.939,310,737,1201,312,0.0,39.0,40.0,13.305663108825684,-15.197752952575684,3.906249761581421,-0.6641845703125,0.3551025390625,0.1441650390625
14.939,310,772,1250,312,0.0,39.0,40.0,11.230467796325684,-15.563963890075684,3.051757574081421,-0.6641845703125,0.3551025390625,0.1441650390625
14.949,311,813,1297,312,0.0,39.0,40.0,9.033203125,-17.39501953125,1.220703125,-0.814453125,0.21875,0.1810302734375
14.956,310,871,1393,314,0.0,39.0,40.0,11.474608421325684,-18.98193359375,-2.197265625,-0.9097900390625,-0.1414794921875,0.134521484375
14.963,312,904,1437,314,0.0,39.0,40.0,17.76123046875,-15.930174827575684,-4.2724609375,-0.9097900390625,-0.1414794921875,0.134521484375
14.970,310,938,1490,314,0.0,36.0,44.0,23.864744186401367,-10.009765625,-1.5258787870407104,-0.8482666015625,-0.1346435546875,0.09423828125
14.990,310,984,1564,312,0.0,36.0,44.0,33.5693359375,-4.0283203125,13.549803733825684,-0.9158935546875,0.3555908203125,0.009765625
14.992,311,1013,1595,314,0.0,36.0,44.0,33.5693359375,-4.0283203125,13.549803733825684,-1.0601806640625,0.53076171875,-0.015869140625
15.002,310,1029,1622,312,0.0,36.0,44.0,27.343748092651367,-3.845214605331421,17.08984375,-1.0601806640625,0.53076171875,-0.015869140625
15.014,310,1065,1649,312,0.0,36.0,44.0,2.3193359375,-9.765625,11.169432640075684,-1.3358154296875,0.58056640625,0.06982421875
15.022,311,1078,1666,312,0.0,36.0,44.0,2.3193359375,-9.765625,11.169432640075684,-1.398681640625,0.525390625,0.188232421875
15.030,311,1087,1674,314,0.0,36.0,44.0,-5.310058116912842,-13.610838890075684,7.263183116912842,-1.398681640625,0.525390625,0.188232421875
15.046,310,1098,1678,313,0.0,36.0,44.0,-7.507323741912842,-10.925292015075684,-1.3427733182907104,-1.5035400390625,0.5946044921875,0.281494140625
15.054,310,1083,1655,312,0.0,36.0,44.0,-7.507323741912842,-10.925292015075684,-1.3427733182907104,-1.44970703125,0.619140625,0.2508544921875
15.060,311,1071,1640,312,0.0,36.0,44.0,-7.446288585662842,-5.554198741912842,-5.187987804412842,-1.44970703125,0.619140625,0.2508544921875
15.084,311,1035,1592,312,-1.0,37.0,41.0,-4.0283203125,5.920409679412842,-15.563963890075684,-0.90380859375,0.2301025390625,0.2181396484375
15.085,311,1021,1583,313,-1.0,37.0,41.0,-4.0283203125,5.920409679412842,-15.563963890075684,-0.8680419921875,0.276611328125,0.1298828125
15.091,311,1013,1584,314,-1.0,37.0,41.0,4.57763671875,9.21630859375,-16.7236328125,-0.8680419921875,0.276611328125,0.1298828125
15.109,310,999,1575,312,-1.0,37.0,41.0,-1.8310545682907104,6.774901866912842,-15.624999046325684,-1.3614501953125,0.5196533203125,0.034423828125
15.113,310,986,1565,314,-1.0,37.0,41.0,-1.8310545682907104,6.774901866912842,-15.624999046325684,-1.5694580078125,0.5252685546875,0.101806640625
15.120,310,964,1543,314,-1.0,37.0,41.0,-16.41845703125,3.417968511581421,-14.831542015075684,-1.6014404296875,0.4486083984375,0.1923828125
15.134,310,918,1490,312,-1.0,37.0,41.0,-33.75244140625,0.54931640625,-5.859374523162842,-1.495849609375,0.377197265625,0.250244140625
15.142,310,889,1456,313,-1.0,37.0,41.0,-27.404783248901367,2.685546636581421,1.7089842557907104,-1.3272705078125,0.329345703125,0.279052734375
15.156,312,858,1415,314,-1.0,37.0,41.0,-27.404783248901367,2.685546636581421,1.7089842557907104,-1.1331787109375,0.287353515625,0.30517578125
15.166,310,811,1334,311,-1.0,37.0,41.0,-8.1787109375,8.85009765625,11.779784202575684,-0.942138671875,0.2813720703125,0.301025390625
15.172,310,780,1281,311,0.0,36.0,40.0,-3.234863042831421,12.573241233825684,11.840819358825684,-0.7791748046875,0.3270263671875,0.22900390625
15.192,311,742,1236,312,0.0,36.0,40.0,-3.234863042831421,12.573241233825684,11.840819358825684,-0.6600341796875,0.378662109375,0.1234130859375
15.196,311,695,1175,312,0.0,36.0,40.0,2.01416015625,17.822265625,-2.624511480331421,-0.6058349609375,0.3775634765625,0.034912109375
15.217,310,674,1151,312,0.0,36.0,40.0,-0.2441406100988388,16.66259765625,-13.854979515075684,-0.60107421875,0.2952880859375,0.001220703125
15.217,310,654,1122,312,0.0,36.0,40.0,-0.2441406100988388,16.66259765625,-13.854979515075684,-0.6256103515625,0.180419921875,0.0008544921875
15.224,311,629,1081,312,0.0,36.0,40.0,-7.080077648162842,11.535643577575684,-24.597166061401367,-0.68017578125,0.1181640625,0.005859375
15.232,311,614,1074,312,0.0,36.0,40.0,-6.530761241912842,8.60595703125,-21.667478561401367,-0.73974609375,0.0701904296875,0.0430908203125
15.241,310,594,1047,312,0.0,36.0,40.0,-6.530761241912842,8.60595703125,-21.667478561401367,-0.782470703125,0.015625,0.0758056640625
15.259,310,568,1009,312,0.0,36.0,40.0,-3.967284917831421,0.0,-10.498045921325684,-0.7877197265625,0.0146484375,0.05224609375
15.264,309,566,996,312,0.0,36.0,40.0,-1.6479490995407104,-1.4648436307907104,-4.94384765625,-0.7642822265625,0.07421875,0.0172119140625
15.270,310,558,1000,312,0.0,36.0,42.0,-0.1220703050494194,-2.868652105331421,-0.2441406100988388,-0.748046875,0.1744384765625,0.0257568359375
15.298,310,561,1014,312,0.0,36.0,42.0,0.30517578125,-5.371093273162842,4.39453125,-0.747802734375,0.287353515625,0.05517578125
15.299,310,561,1025,313,0.0,36.0,42.0,-0.0610351525247097,-7.690429210662842,7.995604991912842,-0.7427978515625,0.3597412109375,0.087646484375
15.319,310,567,1041,312,0.0,36.0,42.0,-2.0751953125,-9.21630859375,9.765625,-0.72802734375,0.369140625,0.129638671875
15.320,310,576,1056,312,0.0,36.0,42.0,-5.126952648162842,-9.3994140625,10.742186546325684,-0.718994140625,0.343017578125,0.168212890625
15.327,311,587,1076,312,0.0,36.0,42.0,-7.324218273162842,-7.934569835662842,11.474608421325684,-0.711181640625,0.2926025390625,0.1895751953125
15.337,310,594,1091,313,0.0,36.0,42.0,-7.080077648162842,-6.164550304412842,11.169432640075684,-0.7081298828125,0.24853515625,0.1964111328125
15.361,310,616,1122,312,0.0,36.0,42.0,-4.0283203125,-5.310058116912842,9.765625,-0.7171630859375,0.2530517578125,0.1903076171875
15.361,310,608,1143,312,0.0,36.0,42.0,0.54931640625,-5.432128429412842,7.873534679412842,-0.7322998046875,0.294189453125,0.1685791015625
15.361,309,644,1159,312,0.0,36.0,42.0,4.0283203125,-6.103515148162842,6.164550304412842,-0.740966796875,0.3326416015625,0.1424560546875
15.374,309,668,1198,312,-4.0,38.0,45.0,5.0048828125,-7.019042491912842,5.371093273162842,-0.7349853515625,0.3326416015625,0.119873046875
15.384,310,685,1219,312,-4.0,38.0,45.0,4.39453125,-7.934569835662842,5.493163585662842,-0.716064453125,0.2962646484375,0.099853515625
15.401,311,705,1250,312,-4.0,38.0,45.0,5.065917491912842,-9.33837890625,6.347655773162842,-0.6881103515625,0.260986328125,0.093994140625
15.407,311,750,1323,312,-4.0,38.0,45.0,8.48388671875,-12.634276390075684,7.019042491912842,-0.7001953125,0.2352294921875,0.1234130859375
15.427,310,780,1381,312,-4.0,38.0,45.0,14.831542015075684,-17.822265625,5.493163585662842,-0.7352294921875,0.180419921875,0.16796875
15.427,296,814,1422,314,-4.0,38.0,45.0,23.681638717651367,-21.423337936401367,1.4648436307907104,-0.7349853515625,0.10888671875,0.1695556640625
15.441,312,871,1488,312,-4.0,38.0,45.0,32.77587890625,-21.057126998901367,-1.6479490995407104,-0.7197265625,0.1038818359375,0.1116943359375
15.443,310,912,1533,314,-4.0,38.0,45.0,37.841796875,-19.47021484375,-1.220703125,-0.7127685546875,0.20458984375,0.0540771484375
15.450,310,943,1568,312,-4.0,38.0,45.0,35.0341796875,-19.04296875,0.54931640625,-0.75146484375,0.352294921875,0.0390625
15.466,310,1003,1621,312,-1.0,35.0,47.0,26.062009811401367,-19.71435546875,-0.6713866591453552,-0.8538818359375,0.4300537109375,0.068115234375
15.474,310,1034,1642,312,-1.0,35.0,47.0,17.822265625,-21.179197311401367,-5.676269054412842,-0.9932861328125,0.394287109375,0.1436767578125
15.480,310,1050,1662,313,-1.0,35.0,47.0,17.333984375,-23.132322311401367,-10.253905296325684,-1.174072265625,0.3603515625,0.215576171875
15.494,310,1078,1686,314,-1.0,35.0,47.0,22.460935592651367,-24.475095748901367,-10.009765625,-1.386474609375,0.40380859375,0.2491455078125
15.504,311,1092,1701,315,-1.0,35.0,47.0,23.925779342651367,-24.353025436401367,-6.347655773162842,-1.548095703125,0.460205078125,0.2821044921875
15.522,311,1097,1704,314,-1.0,35.0,47.0,18.49365234375,-20.935056686401367,-3.601073980331421,-1.595947265625,0.499755859375,0.300048828125
15.524,311,1092,1704,312,-1.0,35.0,47.0,10.925292015075684,-13.732909202575684,-3.662109136581421,-1.5301513671875,0.5185546875,0.2803955078125
15.533,311,1081,1686,314,-1.0,35.0,47.0,7.080077648162842,-5.737304210662842,-5.676269054412842,-1.3564453125,0.4517822265625,0.2515869140625
15.542,310,1069,1666,314,-1.0,35.0,47.0,8.1787109375,0.3662109076976776,-7.202147960662842,-1.102294921875,0.2890625,0.2281494140625
15.556,310,1031,1623,313,-1.0,35.0,47.0,12.084959983825684,4.45556640625,-6.164550304412842,-0.9207763671875,0.2164306640625,0.186279296875
15.564,311,1020,1607,313,0.0,35.0,43.0,12.451170921325684,6.713866710662842,-4.0283203125,-0.919921875,0.3072509765625,0.1182861328125
15.570,314,1013,1610,314,0.0,35.0,43.0,4.638671875,8.11767578125,-5.0048828125,-1.0269775390625,0.3968505859375,0.0831298828125
15.584,310,1000,1600,312,0.0,35.0,43.0,-6.469726085662842,9.27734375,-9.6435546875,-1.457275390625,0.5997314453125,0.1885986328125
15.596,310,981,1583,314,0.0,35.0,43.0,-16.66259765625,8.7890625,-13.427733421325684,-1.457275390625,0.5997314453125,0.1885986328125
15.600,310,953,1557,313,0.0,35.0,43.0,-26.733396530151367,7.202147960662842,-13.916014671325684,-1.6011962890625,0.5888671875,0.268798828125
15.614,311,893,1502,312,0.0,35.0,43.0,-33.02001953125,7.446288585662842,-11.413573265075684,-1.4359130859375,0.3306884765625,0.3157958984375
15.625,311,865,1457,314,0.0,35.0,43.0,-30.212400436401367,10.192870140075684,-5.798339366912842,-1.4359130859375,0.3306884765625,0.3157958984375
15.635,311,833,1419,314,0.0,35.0,43.0,-20.141599655151367,13.916014671325684,1.7089842557907104,-1.222900390625,0.2396240234375,0.2996826171875
15.644,310,780,1323,312,0.0,35.0,43.0,-10.070799827575684,17.27294921875,9.33837890625,-0.84912109375,0.2071533203125,0.2115478515625
15.652,311,750,1281,312,0.0,35.0,43.0,-4.08935546875,19.6533203125,16.7236328125,-0.84912109375,0.2071533203125,0.2115478515625
15.668,311,714,1226,312,0.0,35.0,43.0,-0.9765624403953552,20.629880905151367,20.751951217651367,-0.734619140625,0.29443359375,0.116943359375
15.677,308,671,1162,312,1.0,35.0,45.0,0.7934569716453552,19.83642578125,17.51708984375,-0.6456298828125,0.3216552734375,0.0196533203125
15.682,311,646,1120,313,1.0,35.0,45.0,0.3662109076976776,17.822265625,8.11767578125,-0.6456298828125,0.3216552734375,0.0196533203125
15.690,310,629,1101,314,1.0,35.0,45.0,-2.868652105331421,15.197752952575684,-3.112792730331421,-0.641845703125,0.2342529296875,0.0408935546875
15.704,310,592,1042,312,1.0,35.0,45.0,-7.629394054412842,14.343260765075684,-11.535643577575684,-0.6995849609375,0.109619140625,0.0948486328125
15.718,310,564,1021,312,1.0,35.0,45.0,-12.023924827575684,15.136717796325684,-15.441893577575684,-0.6995849609375,0.109619140625,0.0948486328125
15.722,309,551,1000,312,1.0,35.0,45.0,-14.953612327575684,14.221190452575684,-15.319823265075684,-0.725341796875,0.0372314453125,0.1239013671875
15.740,310,533,981,310,1.0,35.0,45.0,-12.573241233825684,9.033203125,-8.1787109375,-0.6807861328125,0.06298828125,0.0648193359375
15.742,310,527,981,312,1.0,35.0,45.0,-12.573241233825684,9.033203125,-8.1787109375,-0.6905517578125,0.186767578125,0.020751953125
15.750,310,527,982,312,1.0,35.0,45.0,-7.812499523162842,6.774901866912842,-1.8310545682907104,-0.6905517578125,0.186767578125,0.020751953125
15.764,311,530,992,312,0.0,37.0,48.0,-3.967284917831421,1.0986328125,8.6669921875,-0.7318115234375,0.354248046875,0.021484375
15.782,310,535,1009,312,0.0,37.0,48.0,-3.967284917831421,1.0986328125,8.6669921875,-0.7330322265625,0.3773193359375,0.063232421875
15.782,310,537,1022,312,0.0,37.0,48.0,-6.591796398162842,-1.8920897245407104,11.291502952575684,-0.7330322265625,0.3773193359375,0.063232421875
15.794,310,554,1039,312,0.0,37.0,48.0,-12.329100608825684,-4.2724609375,13.549803733825684,-0.6845703125,0.2926025390625,0.1640625
15.806,312,564,1064,312,0.0,37.0,48.0,-12.329100608825684,-4.2724609375,13.549803733825684,-0.652587890625,0.217529296875,0.1925048828125
15.810,310,575,1079,312,0.0,37.0,48.0,-12.329100608825684,-3.845214605331421,13.427733421325684,-0.652587890625,0.217529296875,0.1925048828125
15.835,310,606,1118,312,0.0,37.0,48.0,-2.44140625,-7.812499523162842,11.596678733825684,-0.675048828125,0.3004150390625,0.1744384765625
15.835,310,599,1109,314,0.0,37.0,48.0,-2.44140625,-7.812499523162842,11.596678733825684,-0.7012939453125,0.369140625,0.1378173828125
15.840,310,635,1172,312,0.0,37.0,48.0,3.295898199081421,-11.108397483825684,10.253905296325684,-0.7012939453125,0.369140625,0.1378173828125
15.854,311,673,1216,312,0.0,37.0,48.0,6.225585460662842,-11.047362327575684,7.141112804412842,-0.6800537109375,0.336181640625,0.0855712890625
15.864,310,698,1267,312,0.0,36.0,38.0,6.225585460662842,-11.047362327575684,7.141112804412842,-0.6588134765625,0.3011474609375,0.1082763671875
15.873,311,726,1318,312,0.0,36.0,38.0,3.356933355331421,-9.58251953125,6.652831554412842,-0.6588134765625,0.3011474609375,0.1082763671875
15.890,312,775,1397,314,0.0,36.0,38.0,3.540038824081421,-17.88330078125,1.7700194120407104,-0.7103271484375,0.195556640625,0.2667236328125
15.893,310,814,1432,314,0.0,36.0,38.0,11.474608421325684,-21.789548873901367,-1.3427733182907104,-0.7857666015625,0.1202392578125,0.2607421875
15.904,311,847,1470,314,0.0,36.0,38.0,11.474608421325684,-21.789548873901367,-1.3427733182907104,-0.8524169921875,0.0875244140625,0.2125244140625
15.936,310,913,1555,311,0.0,36.0,38.0,32.2265625,-16.41845703125,4.45556640625,-0.85888671875,0.1129150390625,0.20166015625
15.937,296,944,1580,294,0.0,36.0,38.0,37.59765625,-12.023924827575684,7.751464366912842,-0.7998046875,0.1820068359375,0.22900390625
15.937,310,994,1628,314,0.0,36.0,38.0,43.273921966552734,-7.080077648162842,4.82177734375,-0.7076416015625,0.2547607421875,0.25244140625
15.943,310,1034,1662,314,0.0,36.0,38.0,53.527828216552734,-1.03759765625,-4.69970703125,-0.7066650390625,0.3857421875,0.1805419921875
15.951,310,1054,1681,314,0.0,36.0,38.0,53.527828216552734,-1.03759765625,-4.69970703125,-0.9434814453125,0.598388671875,-0.0247802734375
15.965,311,1099,1715,314,0.0,34.0,47.0,46.203609466552734,1.5869139432907104,-19.34814453125,-1.355712890625,0.70263671875,-0.177490234375
15.976,311,1116,1727,314,0.0,34.0,47.0,10.864256858825684,-6.835937023162842,-20.141599655151367,-1.7476806640625,0.623291015625,-0.134033203125
15.981,311,1123,1735,314,0.0,34.0,47.0,-24.536130905151367,-15.197752952575684,-16.66259765625,-1.978515625,0.501953125,0.0535888671875
15.995,311,1098,1721,314,0.0,34.0,47.0,-41.259761810302734,-20.202634811401367,-9.82666015625,-1.9310302734375,0.3873291015625,0.3104248046875
16.009,312,1088,1700,314,0.0,34.0,47.0,-35.70556640625,-19.34814453125,-3.173827886581421,-1.4759521484375,0.1746826171875,0.5291748046875
16.011,309,1067,1677,314,0.0,34.0,47.0,-11.230467796325684,-9.46044921875,-0.0610351525247097,-0.9095458984375,0.091796875,0.5457763671875
16.036,311,1029,1648,312,0.0,34.0,47.0,21.118162155151367,4.39453125,0.1220703050494194,-0.7239990234375,0.3800048828125,0.289306640625
16.038,311,1022,1649,314,0.0,34.0,47.0,37.53662109375,13.000487327575684,-4.57763671875,-0.892578125,0.6630859375,-0.009765625
16.041,311,1020,1649,313,0.0,34.0,47.0,26.550291061401367,13.122557640075684,-15.686034202575684,-1.198974609375,0.6669921875,-0.08984375
16.055,310,990,1632,312,0.0,34.0,47.0,-0.6713866591453552,6.896972179412842,-25.695798873901367,-1.490478515625,0.514404296875,0.029052734375
16.063,310,973,1613,314,0.0,34.0,49.0,-27.099607467651367,0.30517578125,-27.343748092651367,-1.624755859375,0.36328125,0.203125
16.071,310,947,1600,314,0.0,34.0,49.0,-39.306640625,-1.7700194120407104,-20.324705123901367,-1.601318359375,0.3011474609375,0.3212890625
16.085,310,889,1529,312,0.0,34.0,49.0,-36.80419921875,1.03759765625,-7.751464366912842,-1.519775390625,0.3138427734375,0.338134765625
16.093,310,859,1486,314,0.0,34.0,49.0,-27.832029342651367,5.920409679412842,5.859374523162842,-1.40478515625,0.3184814453125,0.2991943359375
16.101,310,826,1455,313,0.0,34.0,49.0,-18.4326171875,10.131834983825684,16.6015625,-1.2091064453125,0.252197265625,0.280029296875
16.115,310,774,1369,312,0.0,34.0,49.0,-10.253905296325684,12.512206077575684,23.620603561401367,-0.9512939453125,0.1927490234375,0.26953125
16.145,311,741,1309,312,0.0,34.0,49.0,-2.13623046875,13.122557640075684,27.893064498901367,-0.7296142578125,0.223388671875,0.218505859375
16.145,310,710,1255,312,0.0,34.0,49.0,5.737304210662842,12.084959983825684,28.442380905151367,-0.5869140625,0.312255859375,0.13818359375
16.146,310,639,1160,312,0.0,34.0,49.0,12.084959983825684,10.925292015075684,23.315427780151367,-0.5291748046875,0.37548828125,0.0711669921875
16.153,310,642,1157,312,0.0,34.0,49.0,12.756346702575684,10.009765625,12.145995140075684,-0.528564453125,0.31982421875,0.07080078125
16.178,310,621,1129,314,0.0,37.0,39.0,7.507323741912842,10.437010765075684,-0.9155272841453552,-0.5648193359375,0.2210693359375,0.07373046875
16.178,310,589,1091,312,0.0,37.0,39.0,0.7934569716453552,13.732909202575684,-9.8876953125,-0.635498046875,0.1923828125,0.035400390625
16.183,310,573,1054,312,0.0,37.0,39.0,-7.080077648162842,15.686034202575684,-13.671874046325684,-0.685791015625,0.1590576171875,0.036376953125
16.192,310,561,1037,312,0.0,37.0,39.0,-15.136717796325684,13.244627952575684,-14.343260765075684,-0.69580078125,0.0777587890625,0.0748291015625
16.211,311,549,1013,312,0.0,37.0,39.0,-18.6767578125,8.97216796875,-13.000487327575684,-0.692138671875,0.039306640625,0.100341796875
16.215,311,547,1008,313,0.0,37.0,39.0,-15.624999046325684,5.920409679412842,-9.765625,-0.710693359375,0.1131591796875,0.0845947265625
16.251,310,543,1009,314,0.0,37.0,39.0,-9.8876953125,4.7607421875,-5.187987804412842,-0.745361328125,0.2427978515625,0.048095703125
16.251,309,547,1012,311,0.0,37.0,39.0,-6.774901866912842,3.967284917831421,-1.0986328125,-0.766357421875,0.3310546875,0.0286865234375
16.252,297,551,1025,312,0.0,37.0,39.0,-7.507323741912842,1.8310545682907104,2.197265625,-0.767578125,0.358642578125,0.0423583984375
16.252,310,535,1029,310,0.0,37.0,39.0,-9.8876953125,-1.7700194120407104,5.493163585662842,-0.764404296875,0.3472900390625,0.086669921875
16.265,310,568,1035,311,0.0,34.0,45.0,-11.352538108825684,-5.126952648162842,8.60595703125,-0.763427734375,0.3121337890625,0.1314697265625
16.274,312,578,1050,312,0.0,34.0,45.0,-11.108397483825684,-6.286620616912842,10.986327171325684,-0.7545166015625,0.2528076171875,0.157470703125
16.283,310,590,1064,312,0.0,34.0,45.0,-10.009765625,-5.554198741912842,12.512206077575684,-0.7442626953125,0.2098388671875,0.181640625
16.295,310,607,1095,311,0.0,34.0,45.0,-7.751464366912842,-5.0048828125,13.488768577575684,-0.760986328125,0.3048095703125,0.212890625
16.304,310,620,1122,312,0.0,34.0,45.0,-4.8828125,-5.187987804412842,13.671874046325684,-0.760986328125,0.3048095703125,0.212890625
16.313,312,631,1145,312,0.0,34.0,45.0,-2.50244140625,-5.493163585662842,12.634276390075684,-0.760986328125,0.36328125,0.1905517578125
16.344,310,658,1183,312,0.0,34.0,45.0,-0.9765624403953552,-5.249022960662842,10.559081077575684,-0.7008056640625,0.3392333984375,0.1136474609375
16.345,297,674,1172,299,0.0,34.0,45.0,0.6713866591453552,-5.065917491912842,8.544921875,-0.7008056640625,0.3392333984375,0.1136474609375
16.345,310,695,1229,313,0.0,34.0,45.0,2.807616949081421,-6.103515148162842,8.4228515625,-0.6905517578125,0.2979736328125,0.0849609375
16.355,310,737,1294,312,0.0,34.0,45.0,4.8828125,-10.192870140075684,10.070799827575684,-0.77294921875,0.2574462890625,0.1976318359375
16.363,310,756,1338,314,-3.0,36.0,45.0,6.652831554412842,-16.90673828125,10.864256858825684,-0.77294921875,0.2574462890625,0.1976318359375
16.374,310,790,1383,314,-3.0,36.0,45.0,8.30078125,-20.202634811401367,9.033203125,-0.8095703125,0.1783447265625,0.244140625
16.392,310,840,1462,312,-3.0,36.0,45.0,10.864256858825684,-16.29638671875,6.103515148162842,-0.6273193359375,0.0068359375,0.2744140625
16.394,310,872,1514,311,-3.0,36.0,45.0,17.333984375,-9.765625,4.33349609375,-0.6273193359375,0.0068359375,0.2744140625
16.402,310,912,1555,314,-3.0,36.0,45.0,30.212400436401367,-5.0048828125,4.45556640625,-0.4532470703125,-0.0245361328125,0.2908935546875
16.416,310,967,1607,312,-3.0,36.0,45.0,49.133296966552734,-2.624511480331421,6.530761241912842,-0.643798828125,0.2681884765625,0.0552978515625
16.423,312,1008,1636,313,-3.0,36.0,45.0,66.95556640625,-1.2817381620407104,9.46044921875,-1.00341796875,0.5517578125,-0.1036376953125
16.462,310,1034,1666,314,-3.0,36.0,45.0,68.90869140625,-1.4038084745407104,9.46044921875,-1.00341796875,0.5517578125,-0.1036376953125
16.462,310,1039,1662,312,-3.0,36.0,45.0,9.765625,-5.126952648162842,-4.2724609375,-1.6099853515625,0.78466796875,-0.130615234375
16.462,311,1085,1711,314,-3.0,36.0,45.0,9.765625,-5.126952648162842,-4.2724609375,-1.68310546875,0.6514892578125,0.0924072265625
16.466,311,1094,1727,314,0.0,34.0,45.0,-22.827146530151367,-8.6669921875,-11.352538108825684,-1.68310546875,0.6514892578125,0.0924072265625
16.476,310,1098,1725,314,0.0,34.0,45.0,-29.724119186401367,-19.34814453125,-6.469726085662842,-1.57470703125,0.475830078125,0.4560546875
16.485,310,1089,1708,315,0.0,34.0,45.0,-29.724119186401367,-19.34814453125,-6.469726085662842,-1.3883056640625,0.360595703125,0.398193359375
16.492,312,1078,1683,312,0.0,34.0,45.0,-10.742186546325684,-19.83642578125,-0.4272460639476776,-1.3883056640625,0.360595703125,0.398193359375
16.505,310,1042,1650,312,0.0,34.0,45.0,21.423337936401367,-4.2724609375,0.30517578125,-0.90966796875,0.3406982421875,0.1219482421875
16.518,310,1022,1632,314,0.0,34.0,45.0,21.423337936401367,-4.2724609375,0.30517578125,-0.8814697265625,0.432861328125,0.120361328125
16.522,311,1020,1634,314,0.0,34.0,45.0,17.4560546875,2.01416015625,-5.676269054412842,-0.8814697265625,0.432861328125,0.120361328125
16.549,311,1009,1627,312,0.0,34.0,45.0,-10.681151390075684,10.620116233825684,-20.935056686401367,-1.246337890625,0.46142578125,0.2025146484375
16.550,311,992,1613,314,0.0,34.0,45.0,-10.681151390075684,10.620116233825684,-20.935056686401367,-1.5299072265625,0.5216064453125,0.2021484375
16.553,311,967,1592,314,0.0,34.0,45.0,-24.475095748901367,12.390135765075684,-21.301267623901367,-1.655029296875,0.509765625,0.2271728515625
16.575,312,939,1562,314,-1.0,36.0,39.0,-39.61181640625,11.596678733825684,-16.7236328125,-1.655029296875,0.509765625,0.2271728515625
16.576,310,888,1483,313,-1.0,36.0,39.0,-51.269527435302734,11.169432640075684,1.5869139432907104,-1.416748046875,0.4061279296875,0.2979736328125
16.582,310,861,1443,312,-1.0,36.0,39.0,-51.269527435302734,11.169432640075684,1.5869139432907104,-1.190185546875,0.3245849609375,0.2957763671875
16.591,310,827,1401,314,-1.0,36.0,39.0,-44.311519622802734,12.084959983825684,12.023924827575684,-1.190185546875,0.3245849609375,0.2957763671875
16.604,310,778,1336,312,-1.0,36.0,39.0,-12.268065452575684,11.657713890075684,18.24951171875,-0.7706298828125,0.2802734375,0.1871337890625
16.612,310,749,1286,313,-1.0,36.0,39.0,-12.268065452575684,11.657713890075684,18.24951171875,-0.646728515625,0.37646484375,0.06396484375
16.621,309,716,1248,312,-1.0,36.0,39.0,4.82177734375,13.061522483825684,14.770506858825684,-0.646728515625,0.37646484375,0.06396484375
16.650,310,667,1191,312,-1.0,36.0,39.0,7.141112804412842,12.817381858825684,-6.225585460662842,-0.5948486328125,0.32080078125,-0.003662109375
16.651,309,653,1162,312,-1.0,36.0,39.0,-6.103515148162842,11.047362327575684,-16.845703125,-0.6170654296875,0.2080078125,0.0487060546875
16.651,310,632,1109,296,-1.0,36.0,39.0,-6.103515148162842,11.047362327575684,-16.845703125,-0.6607666015625,0.1435546875,0.0657958984375
16.664,310,608,1097,311,-4.0,35.0,39.0,-26.306150436401367,10.192870140075684,-21.057126998901367,-0.7119140625,0.1243896484375,0.059326171875
16.682,308,601,1089,312,-4.0,35.0,39.0,-26.367185592651367,8.6669921875,-17.4560546875,-0.755615234375,0.0753173828125,0.102783203125
16.683,311,589,1074,312,-4.0,35.0,39.0,-26.367185592651367,8.6669921875,-17.4560546875,-0.7965087890625,0.0360107421875,0.144775390625
16.694,310,566,1050,312,-4.0,35.0,39.0,-17.27294921875,2.746581792831421,-6.591796398162842,-0.8055419921875,0.0679931640625,0.1370849609375
16.708,310,557,1035,312,-4.0,35.0,39.0,-13.061522483825684,1.5258787870407104,-1.15966796875,-0.7772216796875,0.137939453125,0.1207275390625
16.715,310,551,1034,312,-4.0,35.0,39.0,-13.061522483825684,1.5258787870407104,-1.15966796875,-0.758056640625,0.216064453125,0.1298828125
16.726,309,540,1029,311,-4.0,35.0,39.0,-7.812499523162842,-1.5258787870407104,7.019042491912842,-0.758056640625,0.282958984375,0.1563720703125
16.733,310,543,1026,312,-4.0,35.0,39.0,-5.554198741912842,-2.197265625,10.864256858825684,-0.7611083984375,0.3243408203125,0.1800537109375
16.754,310,537,1025,312,-4.0,35.0,39.0,-5.554198741912842,-2.197265625,10.864256858825684,-0.7501220703125,0.3319091796875,0.2044677734375
16.754,310,526,1050,312,0.0,36.0,41.0,-5.249022960662842,-0.30517578125,15.747069358825684,-0.733154296875,0.322021484375,0.231689453125
16.763,310,548,1064,313,0.0,36.0,41.0,-6.042479991912842,0.30517578125,16.357421875,-0.7386474609375,0.3333740234375,0.249755859375
16.770,311,557,1069,313,0.0,36.0,41.0,-6.042479991912842,0.30517578125,16.357421875,-0.7501220703125,0.35009765625,0.237548828125
16.794,311,566,1087,312,0.0,36.0,41.0,-2.990722417831421,-0.6103515625,14.343260765075684,-0.752197265625,0.3431396484375,0.1961669921875
16.795,310,574,1101,312,0.0,36.0,41.0,0.7324218153953552,-0.1831054538488388,11.352538108825684,-0.7607421875,0.33740234375,0.1505126953125
16.800,311,585,1117,312,0.0,36.0,41.0,4.45556640625,0.1831054538488388,7.995604991912842,-0.774169921875,0.33984375,0.1103515625
16.815,311,601,1143,312,0.0,36.0,41.0,5.981444835662842,0.0,5.615233898162842,-0.773681640625,0.327880859375,0.0775146484375
16.826,310,614,1166,312,0.0,36.0,41.0,5.065917491912842,-1.7700194120407104,5.0048828125,-0.748291015625,0.2982177734375,0.053955078125
16.830,310,627,1186,312,0.0,36.0,41.0,3.662109136581421,-5.737304210662842,5.737304210662842,-0.6884765625,0.2806396484375,0.043701171875
16.858,312,657,1232,312,0.0,36.0,41.0,4.150390625,-11.047362327575684,6.713866710662842,-0.58837890625,0.286865234375,0.0533447265625
16.859,310,688,1267,312,0.0,36.0,41.0,7.568358898162842,-15.808104515075684,6.774901866912842,-0.48388671875,0.2877197265625,0.074951171875
16.861,310,718,1315,313,-4.0,37.0,47.0,12.390135765075684,-19.04296875,5.249022960662842,-0.4576416015625,0.2587890625,0.1314697265625
16.874,310,784,1415,312,-4.0,37.0,47.0,15.747069358825684,-22.338865280151367,1.0986328125,-0.5048828125,0.1768798828125,0.2430419921875
16.891,310,834,1464,312,-4.0,37.0,47.0,18.98193359375,-24.047849655151367,-6.103515148162842,-0.5609130859375,0.0784912109375,0.315185546875
16.891,311,873,1528,313,-4.0,37.0,47.0,28.198240280151367,-20.935056686401367,-13.122557640075684,-0.62890625,0.0819091796875,0.2647705078125
16.906,311,951,1593,312,-4.0,37.0,47.0,43.518062591552734,-15.502928733825684,-16.90673828125,-0.70947265625,0.197021484375,0.1312255859375
16.912,310,987,1634,313,-4.0,37.0,47.0,56.274410247802734,-11.901854515075684,-17.39501953125,-0.8160400390625,0.2933349609375,0.0006103515625
16.920,312,1017,1666,314,-4.0,37.0,47.0,58.410640716552734,-11.657713890075684,-15.258788108825684,-0.9764404296875,0.3050537109375,-0.0341796875
16.934,310,1056,1708,313,-4.0,37.0,47.0,49.682613372802734,-14.160155296325684,-10.192870140075684,-1.2003173828125,0.313232421875,0.0228271484375
16.958,310,1078,1730,314,-4.0,37.0,47.0,36.68212890625,-17.333984375,-3.234863042831421,-1.4359130859375,0.3826904296875,0.13037109375
16.958,310,1092,1744,314,-4.0,37.0,47.0,26.428220748901367,-19.775390625,2.197265625,-1.6378173828125,0.5938720703125,0.24072265625
16.964,310,1097,1759,314,-1.0,34.0,49.0,17.76123046875,-20.446775436401367,4.08935546875,-1.814208984375,0.87109375,0.2930908203125
16.976,311,1076,1735,314,-1.0,34.0,49.0,5.126952648162842,-18.73779296875,1.15966796875,-1.884033203125,0.8868408203125,0.3287353515625
16.980,311,1050,1723,314,-1.0,34.0,49.0,-6.774901866912842,-13.977049827575684,-4.8828125,-1.619873046875,0.5023193359375,0.3870849609375
16.995,310,1022,1681,314,-1.0,34.0,49.0,-7.507323741912842,-4.0283203125,-8.36181640625,-1.0977783203125,0.0775146484375,0.415771484375
17.002,309,995,1653,314,-1.0,34.0,49.0,1.8920897245407104,7.568358898162842,-5.371093273162842,-0.79541015625,0.0780029296875,0.3040771484375
17.016,308,984,1647,314,-1.0,34.0,49.0,7.385253429412842,13.244627952575684,-0.2441406100988388,-0.8580322265625,0.3544921875,0.1044921875
17.030,310,981,1653,314,-1.0,34.0,49.0,1.15966796875,12.817381858825684,-1.9531248807907104,-1.082275390625,0.5401611328125,0.0048828125
17.032,308,971,1649,313,-1.0,34.0,49.0,-9.82666015625,9.27734375,-10.070799827575684,-1.3634033203125,0.6099853515625,0.05517578125
17.046,311,953,1636,314,-1.0,34.0,49.0,-20.812986373901367,4.08935546875,-16.7236328125,-1.6051025390625,0.5782470703125,0.1925048828125
17.105,312,902,1592,312,0.0,35.0,46.0,-29.785154342651367,0.6103515625,-17.333984375,-1.6895751953125,0.4547119140625,0.3309326171875
17.109,308,865,1557,312,0.0,35.0,46.0,-31.799314498901367,1.4648436307907104,-11.718749046325684,-1.6171875,0.3802490234375,0.3978271484375
17.113,310,819,1512,314,0.0,35.0,46.0,-26.550291061401367,5.554198741912842,-1.4648436307907104,-1.459716796875,0.40087890625,0.3743896484375
17.113,311,758,1428,312,0.0,35.0,46.0,-21.118162155151367,11.047362327575684,10.192870140075684,-1.2501220703125,0.3912353515625,0.3153076171875
17.113,311,728,1374,313,0.0,35.0,46.0,-19.95849609375,16.7236328125,18.73779296875,-0.9873046875,0.28125,0.2965087890625
17.113,311,697,1312,313,0.0,35.0,46.0,-18.37158203125,21.240232467651367,21.972654342651367,-0.7313232421875,0.22607421875,0.2794189453125
17.115,310,645,1228,312,0.0,35.0,46.0,-13.122557640075684,24.536130905151367,20.935056686401367,-0.4964599609375,0.344482421875,0.1080322265625
17.137,310,620,1183,312,0.0,35.0,46.0,-8.60595703125,26.000974655151367,15.624999046325684,-0.4964599609375,0.344482421875,0.1080322265625
17.137,311,608,1123,312,0.0,35.0,46.0,-8.48388671875,24.658201217651367,5.615233898162842,-0.4991455078125,0.329833984375,0.03564453125
17.147,311,576,1094,312,0.0,35.0,46.0,-12.512206077575684,21.179197311401367,-6.469726085662842,-0.638916015625,0.224609375,-0.0159912109375
17.152,310,562,1056,312,-2.0,35.0,40.0,-18.49365234375,17.9443359375,-16.17431640625,-0.638916015625,0.224609375,-0.0159912109375
17.160,310,551,1029,312,-2.0,35.0,40.0,-25.024412155151367,16.9677734375,-21.362302780151367,-0.68798828125,0.19677734375,-0.03857421875
17.174,310,535,996,311,-2.0,35.0,40.0,-30.700681686401367,15.686034202575684,-22.155759811401367,-0.712890625,0.0655517578125,0.0516357421875
17.183,310,530,982,311,-2.0,35.0,40.0,-32.3486328125,11.291502952575684,-18.6767578125,-0.712890625,0.0655517578125,0.0516357421875
17.190,311,527,982,312,-2.0,35.0,40.0,-27.954099655151367,5.615233898162842,-11.962889671325684,-0.7037353515625,0.020263671875,0.103515625
17.211,310,530,994,310,-2.0,35.0,40.0,-19.8974609375,1.3427733182907104,-4.8828125,-0.6949462890625,0.1707763671875,0.1409912109375
17.212,310,533,1013,312,-2.0,35.0,40.0,-12.023924827575684,-1.3427733182907104,0.9155272841453552,-0.6949462890625,0.1707763671875,0.1409912109375
17.244,310,538,1029,312,-2.0,35.0,40.0,-7.080077648162842,-3.234863042831421,4.638671875,-0.6910400390625,0.3055419921875,0.149169921875
17.244,310,548,1056,312,-2.0,35.0,40.0,-6.347655773162842,-4.638671875,6.225585460662842,-0.71630859375,0.4278564453125,0.204345703125
17.244,310,552,1078,312,-2.0,35.0,40.0,-8.23974609375,-5.371093273162842,6.591796398162842,-0.71630859375,0.4278564453125,0.204345703125
17.265,310,562,1096,312,0.0,36.0,47.0,-9.27734375,-4.82177734375,6.225585460662842,-0.69970703125,0.352294921875,0.2257080078125
17.265,310,582,1122,312,0.0,36.0,47.0,1.03759765625,-5.187987804412842,4.33349609375,-0.6668701171875,0.22705078125,0.2427978515625
17.273,311,594,1141,312,0.0,36.0,47.0,1.03759765625,-5.187987804412842,4.33349609375,-0.68115234375,0.262939453125,0.2039794921875
17.280,311,608,1162,313,0.0,36.0,47.0,10.803221702575684,-7.202147960662842,3.784179449081421,-0.68115234375,0.262939453125,0.2039794921875
17.294,308,642,1217,312,0.0,36.0,47.0,18.6767578125,-11.657713890075684,4.08935546875,-0.7139892578125,0.370361328125,0.1318359375
17.304,310,666,1255,314,0.0,36.0,47.0,18.6767578125,-11.657713890075684,4.08935546875,-0.7249755859375,0.3394775390625,0.165283203125
17.317,310,685,1297,312,0.0,36.0,47.0,15.991209983825684,-14.221190452575684,3.784179449081421,-0.7249755859375,0.3394775390625,0.165283203125
17.324,310,726,1365,312,0.0,36.0,47.0,19.59228515625,-17.08984375,2.50244140625,-0.71240234375,0.05322265625,0.2237548828125
17.338,310,751,1404,314,0.0,36.0,47.0,19.59228515625,-17.08984375,2.50244140625,-0.662109375,-0.020751953125,0.196044921875
17.340,310,781,1445,312,0.0,36.0,47.0,31.677244186401367,-15.808104515075684,2.990722417831421,-0.662109375,-0.020751953125,0.196044921875
17.357,311,837,1533,314,0.0,35.0,44.0,59.509273529052734,-11.291502952575684,3.784179449081421,-0.6058349609375,0.1771240234375,0.0816650390625
17.369,311,878,1582,314,0.0,35.0,44.0,59.509273529052734,-11.291502952575684,3.784179449081421,-0.6807861328125,0.3594970703125,-0.0177001953125
17.371,298,914,1619,313,0.0,35.0,44.0,61.096187591552734,-8.11767578125,0.6103515625,-0.6807861328125,0.3594970703125,-0.0177001953125
17.384,310,966,1674,312,0.0,35.0,44.0,29.968259811401367,-8.4228515625,-11.779784202575684,-0.984619140625,0.470703125,-0.0595703125
17.392,310,986,1694,314,0.0,35.0,44.0,29.968259811401367,-8.4228515625,-11.779784202575684,-1.1534423828125,0.3828125,0.069091796875
17.400,311,1008,1718,313,0.0,35.0,44.0,14.038084983825684,-13.061522483825684,-14.648436546325684,-1.1534423828125,0.3828125,0.069091796875
17.422,312,1035,1734,313,0.0,35.0,44.0,8.7890625,-21.728513717651367,-5.310058116912842,-1.4857177734375,0.343505859375,0.3648681640625
17.423,297,1050,1744,312,0.0,35.0,44.0,13.427733421325684,-21.301267623901367,2.38037109375,-1.578125,0.494140625,0.3990478515625
17.430,312,1055,1750,312,0.0,35.0,44.0,13.427733421325684,-21.301267623901367,2.38037109375,-1.6357421875,0.6949462890625,0.351806640625
17.444,312,1035,1732,313,0.0,35.0,44.0,6.713866710662842,-11.535643577575684,6.042479991912842,-1.5902099609375,0.6925048828125,0.2998046875
17.468,311,1026,1718,312,0.0,36.0,44.0,-0.6713866591453552,-5.126952648162842,1.03759765625,-1.296142578125,0.3955078125,0.2650146484375
17.469,296,1020,1704,312,0.0,36.0,44.0,-0.6713866591453552,-5.126952648162842,1.03759765625,-0.9420166015625,0.167236328125,0.2113037109375
17.474,310,994,1669,313,0.0,36.0,44.0,5.249022960662842,5.493163585662842,-2.01416015625,-0.838134765625,0.247314453125,0.1231689453125
17.482,311,966,1648,314,0.0,36.0,44.0,5.859374523162842,3.723144292831421,-1.7089842557907104,-0.937255859375,0.4111328125,0.0665283203125
17.490,311,963,1648,314,0.0,36.0,44.0,5.859374523162842,3.723144292831421,-1.7089842557907104,-1.044677734375,0.4736328125,0.0736083984375
17.504,310,959,1649,312,0.0,36.0,44.0,-10.864256858825684,1.4038084745407104,-15.197752952575684,-1.1617431640625,0.495849609375,0.126953125
17.512,310,943,1640,314,0.0,36.0,44.0,-21.057126998901367,0.6713866591453552,-21.667478561401367,-1.3560791015625,0.5220947265625,0.20361328125
17.527,311,927,1625,314,0.0,36.0,44.0,-21.057126998901367,0.6713866591453552,-21.667478561401367,-1.5220947265625,0.474609375,0.2974853515625
17.534,311,888,1595,314,0.0,36.0,44.0,-33.87451171875,-2.0751953125,-17.4560546875,-1.5465087890625,0.380859375,0.3876953125
17.542,312,858,1564,313,0.0,36.0,44.0,-31.005857467651367,0.8544921278953552,-8.36181640625,-1.4488525390625,0.345703125,0.406005859375
17.550,309,818,1528,313,0.0,37.0,46.0,-31.005857467651367,0.8544921278953552,-8.36181640625,-1.2720947265625,0.3304443359375,0.3641357421875
17.572,310,765,1474,312,0.0,37.0,46.0,-18.49365234375,13.122557640075684,13.000487327575684,-1.048095703125,0.2481689453125,0.3402099609375
17.581,296,740,1432,311,0.0,37.0,46.0,-13.732909202575684,18.85986328125,18.00537109375,-0.84619140625,0.2108154296875,0.31982421875
17.581,310,712,1400,312,0.0,37.0,46.0,-7.751464366912842,23.193357467651367,18.24951171875,-0.7310791015625,0.3251953125,0.2239990234375
17.595,310,676,1325,311,0.0,37.0,46.0,-4.08935546875,25.573728561401367,13.854979515075684,-0.704345703125,0.4407958984375,0.0872802734375
17.602,310,646,1278,312,0.0,37.0,46.0,-7.141112804412842,24.841306686401367,5.371093273162842,-0.7000732421875,0.40380859375,-0.0074462890625
17.610,310,628,1246,312,0.0,37.0,46.0,-14.404295921325684,21.423337936401367,-3.112792730331421,-0.69873046875,0.268798828125,-0.03515625
17.624,310,606,1199,312,0.0,37.0,46.0,-19.22607421875,16.17431640625,-7.629394054412842,-0.7100830078125,0.1373291015625,0.022216796875
17.634,310,594,1186,312,0.0,37.0,46.0,-18.310546875,10.681151390075684,-7.934569835662842,-0.731689453125,0.0745849609375,0.0946044921875
17.645,310,579,1162,312,0.0,37.0,46.0,-13.977049827575684,8.056640625,-5.493163585662842,-0.760009765625,0.107666015625,0.10009765625
17.654,309,564,1120,313,0.0,36.0,45.0,-9.82666015625,7.263183116912842,-2.197265625,-0.7679443359375,0.167236328125,0.0958251953125
17.667,310,551,1092,312,0.0,36.0,45.0,-7.202147960662842,5.310058116912842,0.3662109076976776,-0.7537841796875,0.1861572265625,0.1240234375
17.699,310,547,1067,312,0.0,36.0,45.0,-5.371093273162842,2.807616949081421,2.0751953125,-0.7274169921875,0.1685791015625,0.14990234375
17.701,290,537,1038,312,0.0,36.0,45.0,-3.784179449081421,1.15966796875,3.112792730331421,-0.6905517578125,0.1531982421875,0.156982421875
17.701,310,535,1039,313,0.0,36.0,45.0,-2.38037109375,0.30517578125,4.0283203125,-0.66357421875,0.1910400390625,0.1463623046875
17.703,297,533,1048,312,0.0,36.0,45.0,-1.0986328125,0.1220703050494194,5.554198741912842,-0.66064453125,0.2833251953125,0.1190185546875
17.716,309,547,1078,310,0.0,36.0,45.0,-1.2817381620407104,0.0,7.324218273162842,-0.6710205078125,0.36962890625,0.103515625
17.723,310,551,1091,312,0.0,36.0,45.0,-3.723144292831421,-0.8544921278953552,8.30078125,-0.6988525390625,0.4105224609375,0.126708984375
17.745,310,557,1103,312,0.0,36.0,45.0,-6.164550304412842,-1.9531248807907104,8.30078125,-0.71728515625,0.3831787109375,0.169921875
17.746,310,554,1129,310,0.0,36.0,45.0,-6.286620616912842,-2.01416015625,7.324218273162842,-0.6983642578125,0.29296875,0.2095947265625
17.788,309,585,1143,312,-1.0,37.0,48.0,-3.845214605331421,-1.3427733182907104,5.920409679412842,-0.6690673828125,0.22119140625,0.2303466796875
17.788,308,578,1166,310,-1.0,37.0,48.0,1.2817381620407104,-1.2817381620407104,4.8828125,-0.6591796875,0.225341796875,0.211181640625
17.788,289,629,1209,311,-1.0,37.0,48.0,7.202147960662842,-2.563476324081421,4.94384765625,-0.673095703125,0.27734375,0.1597900390625
17.788,294,644,1243,299,-1.0,37.0,48.0,10.559081077575684,-4.57763671875,6.042479991912842,-0.6907958984375,0.327880859375,0.1053466796875
17.807,312,664,1292,312,-1.0,37.0,48.0,9.82666015625,-7.202147960662842,7.873534679412842,-0.7100830078125,0.3385009765625,0.111328125
17.807,310,700,1355,312,-1.0,37.0,48.0,7.934569835662842,-11.169432640075684,9.21630859375,-0.7410888671875,0.124755859375,0.2662353515625
17.813,310,726,1395,314,-1.0,37.0,48.0,9.33837890625,-14.465331077575684,9.33837890625,-0.7410888671875,0.124755859375,0.2662353515625
17.822,310,758,1427,313,-1.0,37.0,48.0,16.6015625,-14.526366233825684,9.3994140625,-0.6927490234375,0.0340576171875,0.285400390625
17.835,310,813,1498,313,-1.0,37.0,48.0,29.479978561401367,-11.596678733825684,10.864256858825684,-0.4852294921875,0.0721435546875,0.228515625
17.854,312,852,1540,313,-1.0,37.0,48.0,44.067378997802734,-7.751464366912842,12.023924827575684,-0.4852294921875,0.0721435546875,0.228515625
17.854,310,884,1574,313,-1.0,36.0,45.0,55.725093841552734,-3.784179449081421,11.047362327575684,-0.4918212890625,0.173828125,0.135986328125
17.879,310,943,1632,314,-1.0,36.0,45.0,60.424800872802734,-0.7324218153953552,7.995604991912842,-0.925537109375,0.4710693359375,-0.05859375
17.879,310,973,1656,314,-1.0,36.0,45.0,54.321285247802734,-0.9155272841453552,2.807616949081421,-0.925537109375,0.4710693359375,-0.05859375
17.881,315,1000,1681,314,-1.0,36.0,45.0,40.10009765625,-3.356933355331421,-3.723144292831421,-1.163330078125,0.557373046875,-0.0579833984375
17.895,311,1048,1704,312,-1.0,36.0,45.0,24.475095748901367,-5.798339366912842,-9.1552734375,-1.4892578125,0.6060791015625,0.1123046875
17.904,310,1069,1723,315,-1.0,36.0,45.0,9.33837890625,-8.72802734375,-12.695311546325684,-1.4892578125,0.6060791015625,0.1123046875
17.917,310,1071,1732,314,-1.0,36.0,45.0,-3.723144292831421,-12.084959983825684,-12.756346702575684,-1.6534423828125,0.7091064453125,0.2213134765625
17.925,310,1042,1695,312,-1.0,36.0,45.0,-13.061522483825684,-14.892577171325684,-10.070799827575684,-1.78466796875,0.50244140625,0.3568115234375
17.933,310,1022,1674,314,-1.0,36.0,45.0,-18.12744140625,-15.563963890075684,-6.835937023162842,-1.78466796875,0.50244140625,0.3568115234375
17.941,312,1009,1650,314,-1.0,36.0,45.0,-17.9443359375,-10.253905296325684,-3.234863042831421,-1.359130859375,0.1002197265625,0.3739013671875
17.960,311,982,1625,312,-1.0,35.0,46.0,-1.7700194120407104,8.1787109375,6.896972179412842,-0.804443359375,0.323486328125,0.1650390625
17.982,311,984,1632,314,-1.0,35.0,46.0,-1.7700194120407104,8.1787109375,6.896972179412842,-1.0247802734375,0.66650390625,0.07861328125
17.982,308,980,1628,298,-1.0,35.0,46.0,-1.2817381620407104,10.742186546325684,5.371093273162842,-1.0247802734375,0.66650390625,0.07861328125
17.982,310,966,1621,314,-1.0,35.0,46.0,-9.033203125,10.131834983825684,-4.0283203125,-1.3846435546875,0.78759765625,0.119384765625
17.994,310,933,1583,314,-1.0,35.0,46.0,-22.216794967651367,8.1787109375,-14.404295921325684,-1.640380859375,0.4283447265625,0.34619140625
18.002,310,902,1564,313,-1.0,35.0,46.0,-33.38623046875,6.652831554412842,-18.5546875,-1.640380859375,0.4283447265625,0.34619140625
18.011,311,865,1523,314,-1.0,35.0,46.0,-34.3017578125,8.23974609375,-13.610838890075684,-1.5318603515625,0.367431640625,0.369140625
18.024,310,806,1437,312,-1.0,35.0,46.0,-22.155759811401367,17.51708984375,7.263183116912842,-1.2333984375,0.4388427734375,0.25439453125
18.033,311,769,1390,314,-1.0,35.0,46.0,-22.155759811401367,17.51708984375,7.263183116912842,-1.0089111328125,0.298095703125,0.24609375
18.041,311,730,1336,314,-1.0,35.0,46.0,-22.033689498901367,21.789548873901367,12.207030296325684,-1.0089111328125,0.298095703125,0.24609375
18.062,310,683,1246,312,-1.0,36.0,46.0,-19.775390625,24.841306686401367,14.648436546325684,-0.6270751953125,0.239990234375,0.171142578125
18.062,312,621,1157,314,-1.0,36.0,46.0,-19.775390625,24.841306686401367,14.648436546325684,-0.5777587890625,0.289794921875,0.0902099609375
18.084,310,628,1145,313,-1.0,36.0,46.0,-13.916014671325684,23.315427780151367,12.756346702575684,-0.5777587890625,0.289794921875,0.0902099609375
18.084,296,567,1081,311,-1.0,36.0,46.0,-11.596678733825684,16.845703125,-3.112792730331421,-0.609375,0.196533203125,0.0498046875
18.093,310,562,1041,312,-1.0,36.0,46.0,-11.596678733825684,16.845703125,-3.112792730331421,-0.643798828125,0.16748046875,0.006591796875
18.101,313,537,984,314,-1.0,36.0,46.0,-14.282225608825684,15.502928733825684,-10.803221702575684,-0.643798828125,0.16748046875,0.006591796875
18.114,309,518,939,312,-1.0,36.0,46.0,-16.78466796875,13.977049827575684,-14.221190452575684,-0.65283203125,0.0303955078125,0.0565185546875
18.124,310,499,922,312,-1.0,36.0,46.0,-16.78466796875,13.977049827575684,-14.221190452575684,-0.631591796875,-0.002685546875,0.0986328125
18.131,309,493,907,311,-1.0,36.0,46.0,-16.6015625,10.986327171325684,-12.390135765075684,-0.631591796875,-0.002685546875,0.0986328125
18.144,310,488,910,311,0.0,35.0,44.0,-10.192870140075684,9.765625,-1.5869139432907104,-0.6722412109375,0.2080078125,0.05126953125
18.167,310,490,907,312,0.0,35.0,44.0,-10.192870140075684,9.765625,-1.5869139432907104,-0.703857421875,0.29931640625,0.059814453125
18.169,310,493,916,312,0.0,35.0,44.0,-9.521484375,8.48388671875,3.662109136581421,-0.703857421875,0.29931640625,0.059814453125
18.187,310,497,943,312,0.0,35.0,44.0,-10.070799827575684,3.479003667831421,9.765625,-0.735595703125,0.4180908203125,0.1131591796875
18.187,310,481,927,310,0.0,35.0,44.0,-11.352538108825684,1.8920897245407104,11.108397483825684,-0.7535400390625,0.4237060546875,0.1328125
18.191,310,508,955,312,0.0,35.0,44.0,-11.352538108825684,1.8920897245407104,11.108397483825684,-0.744140625,0.36083984375,0.1607666015625
18.204,310,522,981,312,0.0,35.0,44.0,-12.084959983825684,0.4272460639476776,12.390135765075684,-0.7088623046875,0.281005859375,0.21240234375
18.212,310,531,1000,312,0.0,35.0,44.0,-8.60595703125,-1.4038084745407104,12.268065452575684,-0.6776123046875,0.2698974609375,0.271484375
18.220,310,540,1022,312,0.0,35.0,44.0,-8.60595703125,-1.4038084745407104,12.268065452575684,-0.6722412109375,0.3175048828125,0.287841796875
18.234,310,561,1056,308,0.0,35.0,44.0,4.82177734375,-5.798339366912842,7.019042491912842,-0.6929931640625,0.3682861328125,0.241455078125
18.243,310,574,1081,312,0.0,36.0,44.0,11.474608421325684,-5.676269054412842,2.685546636581421,-0.7139892578125,0.398193359375,0.160400390625
18.262,310,592,1103,314,0.0,36.0,44.0,11.474608421325684,-5.676269054412842,2.685546636581421,-0.7042236328125,0.408203125,0.09033203125
18.264,310,628,1153,312,0.0,36.0,44.0,11.596678733825684,-4.94384765625,-1.6479490995407104,-0.65185546875,0.3941650390625,0.0623779296875
18.290,311,648,1184,312,0.0,36.0,44.0,7.080077648162842,-7.141112804412842,-1.5258787870407104,-0.57177734375,0.3460693359375,0.0731201171875
18.290,296,678,1198,296,0.0,36.0,44.0,7.080077648162842,-7.141112804412842,-1.5258787870407104,-0.5394287109375,0.280517578125,0.1092529296875
18.294,311,742,1338,312,0.0,36.0,44.0,7.507323741912842,-16.41845703125,-1.5258787870407104,-0.6204833984375,0.181640625,0.171630859375
18.302,310,784,1392,313,0.0,36.0,44.0,14.221190452575684,-21.972654342651367,-4.33349609375,-0.7474365234375,0.03662109375,0.1988525390625
18.311,311,822,1444,312,0.0,36.0,44.0,14.221190452575684,-21.972654342651367,-4.33349609375,-0.8251953125,-0.0635986328125,0.1612548828125
18.324,310,875,1529,312,0.0,36.0,44.0,28.320310592651367,-16.6015625,-6.713866710662842,-0.8382568359375,-0.0284423828125,0.12646484375
18.332,310,916,1573,314,0.0,36.0,44.0,33.203125,-10.620116233825684,-2.197265625,-0.8504638671875,0.137451171875,0.1181640625
18.342,311,947,1607,314,0.0,36.0,44.0,34.72900390625,-8.1787109375,4.0283203125,-0.9112548828125,0.326171875,0.1339111328125
18.354,312,992,1652,314,-2.0,35.0,41.0,33.0810546875,-8.6669921875,9.21630859375,-1.0318603515625,0.4375,0.1640625
18.368,310,1017,1676,314,-2.0,35.0,41.0,29.602048873901367,-8.97216796875,12.084959983825684,-1.23388671875,0.5045166015625,0.15478515625
18.370,310,1034,1683,313,-2.0,35.0,41.0,24.230955123901367,-9.09423828125,12.939452171325684,-1.4503173828125,0.5589599609375,0.1444091796875
18.398,310,1051,1708,313,-2.0,35.0,41.0,17.15087890625,-10.375975608825684,12.145995140075684,-1.587890625,0.5997314453125,0.1815185546875
18.399,311,1034,1676,314,-2.0,35.0,41.0,10.253905296325684,-10.070799827575684,9.09423828125,-1.6429443359375,0.678466796875,0.218505859375
18.400,310,1053,1704,313,-2.0,35.0,41.0,4.5166015625,-6.408690929412842,2.929687261581421,-1.6055908203125,0.7333984375,0.2698974609375
18.414,311,1029,1664,314,-2.0,35.0,41.0,0.1220703050494194,0.4882812201976776,-6.103515148162842,-1.3677978515625,0.5623779296875,0.3251953125
18.423,312,1001,1632,314,-2.0,35.0,41.0,0.9155272841453552,10.742186546325684,-15.136717796325684,-1.0255126953125,0.2724609375,0.29833984375
18.430,311,981,1607,314,-2.0,35.0,41.0,8.72802734375,19.53125,-18.6767578125,-0.88134765625,0.199951171875,0.1578369140625
18.444,311,966,1610,314,0.0,34.0,47.0,11.962889671325684,21.484373092651367,-15.563963890075684,-1.0006103515625,0.32568359375,0.0164794921875
18.452,310,953,1610,314,0.0,34.0,47.0,1.7700194120407104,17.51708984375,-10.253905296325684,-1.2989501953125,0.4886474609375,0.0037841796875
18.464,310,932,1596,314,0.0,34.0,47.0,-18.4326171875,11.291502952575684,-4.7607421875,-1.6114501953125,0.5836181640625,0.1044921875
18.499,310,889,1553,312,0.0,34.0,47.0,-40.222164154052734,7.324218273162842,1.6479490995407104,-1.725830078125,0.52685546875,0.25634765625
18.500,296,858,1474,312,0.0,34.0,47.0,-53.833003997802734,8.11767578125,10.375975608825684,-1.6259765625,0.4122314453125,0.3795166015625
18.500,308,826,1429,298,0.0,34.0,47.0,-54.382320404052734,12.817381858825684,21.362302780151367,-1.4212646484375,0.371826171875,0.4083251953125
18.505,310,777,1390,313,0.0,34.0,47.0,-42.541500091552734,18.798828125,29.479978561401367,-1.192626953125,0.4061279296875,0.3564453125
18.513,311,739,1326,314,0.0,34.0,47.0,-23.071287155151367,23.437498092651367,29.846189498901367,-0.9771728515625,0.470703125,0.263916015625
18.521,314,700,1260,312,0.0,34.0,47.0,-4.69970703125,24.902341842651367,22.888181686401367,-0.7950439453125,0.5008544921875,0.161376953125
18.534,310,644,1175,312,0.0,34.0,47.0,7.324218273162842,23.437498092651367,12.084959983825684,-0.66259765625,0.45068359375,0.0836181640625
18.543,310,614,1138,312,-1.0,36.0,47.0,13.183592796325684,20.568845748901367,0.7324218153953552,-0.586669921875,0.34912109375,0.0645751953125
18.550,311,589,1108,312,-1.0,36.0,47.0,13.671874046325684,17.27294921875,-10.009765625,-0.557861328125,0.210693359375,0.0833740234375
18.566,310,543,1025,311,-1.0,36.0,47.0,9.6435546875,15.136717796325684,-18.73779296875,-0.5782470703125,0.11083984375,0.06103515625
18.572,311,529,971,312,-1.0,36.0,47.0,4.08935546875,14.770506858825684,-22.155759811401367,-0.63037109375,0.092529296875,-0.00537109375
18.606,310,495,913,311,-1.0,36.0,47.0,-6.347655773162842,12.817381858825684,-19.10400390625,-0.643798828125,-0.023681640625,-0.075439453125
18.607,289,475,912,312,-1.0,36.0,47.0,-7.080077648162842,10.925292015075684,-15.624999046325684,-0.65771484375,0.037353515625,-0.0701904296875
18.611,310,485,910,312,-1.0,36.0,47.0,-6.774901866912842,7.629394054412842,-9.521484375,-0.687744140625,0.190185546875,-0.0380859375
18.625,309,481,916,311,-1.0,36.0,47.0,-10.375975608825684,3.540038824081421,-3.051757574081421,-0.71533203125,0.30615234375,0.0006103515625
18.633,310,481,925,313,-1.0,36.0,47.0,-16.11328125,-0.0610351525247097,1.8920897245407104,-0.7239990234375,0.350830078125,0.0552978515625
18.640,312,486,939,311,-2.0,38.0,39.0,-18.98193359375,-2.685546636581421,5.065917491912842,-0.7135009765625,0.3695068359375,0.125732421875
18.655,310,496,964,312,-2.0,38.0,39.0,-18.12744140625,-3.845214605331421,6.652831554412842,-0.751220703125,0.41455078125,0.2171630859375
18.669,310,502,968,312,-2.0,38.0,39.0,-15.991209983825684,-3.295898199081421,7.080077648162842,-0.751220703125,0.41455078125,0.2171630859375
18.670,310,509,978,312,-2.0,38.0,39.0,-13.549803733825684,-1.6479490995407104,6.835937023162842,-0.7537841796875,0.38330078125,0.240234375
18.708,310,523,994,312,-2.0,38.0,39.0,-10.620116233825684,-0.2441406100988388,6.408690929412842,-0.710693359375,0.317138671875,0.2801513671875
18.709,311,531,1009,312,-2.0,38.0,39.0,-6.530761241912842,-0.9765624403953552,6.347655773162842,-0.710693359375,0.317138671875,0.2801513671875
18.709,310,543,1018,311,-2.0,38.0,39.0,-0.6713866591453552,-3.417968511581421,5.920409679412842,-0.702880859375,0.3218994140625,0.26708984375
18.714,309,561,1035,312,-2.0,38.0,39.0,6.347655773162842,-5.187987804412842,4.39453125,-0.72216796875,0.3675537109375,0.1578369140625
18.722,310,574,1054,313,-2.0,38.0,39.0,11.901854515075684,-5.310058116912842,1.9531248807907104,-0.72216796875,0.3675537109375,0.1578369140625
18.730,310,587,1076,312,-2.0,38.0,39.0,14.099120140075684,-5.432128429412842,-0.3662109076976776,-0.7071533203125,0.3778076171875,0.0958251953125
18.744,310,620,1108,312,-1.0,37.0,45.0,13.916014671325684,-7.568358898162842,-1.5869139432907104,-0.6123046875,0.3426513671875,0.0164794921875
18.752,311,650,1133,312,-1.0,37.0,45.0,14.038084983825684,-12.207030296325684,-1.4648436307907104,-0.6123046875,0.3426513671875,0.0164794921875
18.760,310,693,1156,312,-1.0,37.0,45.0,15.014647483825684,-18.1884765625,-0.30517578125,-0.539306640625,0.327392578125,0.0128173828125
18.774,311,763,1239,312,-1.0,37.0,45.0,15.014647483825684,-23.681638717651367,0.4272460639476776,-0.644287109375,0.169677734375,0.113037109375
18.806,310,806,1309,313,-1.0,37.0,45.0,12.329100608825684,-28.442380905151367,-1.4648436307907104,-0.7489013671875,0.02001953125,0.17431640625
18.806,311,845,1374,313,-1.0,37.0,45.0,8.97216796875,-29.724119186401367,-6.774901866912842,-0.7489013671875,0.02001953125,0.17431640625
18.806,289,875,1472,312,-1.0,37.0,45.0,15.502928733825684,-19.775390625,-14.892577171325684,-0.8887939453125,0.1353759765625,0.124267578125
18.819,312,939,1514,314,-1.0,37.0,45.0,15.502928733825684,-19.775390625,-14.892577171325684,-0.9613037109375,0.305908203125,0.0643310546875
18.820,311,968,1555,313,-1.0,37.0,45.0,25.878904342651367,-18.00537109375,-12.817381858825684,-0.9613037109375,0.305908203125,0.0643310546875
18.834,312,1000,1608,314,-1.0,37.0,45.0,24.597166061401367,-19.59228515625,-1.4648436307907104,-1.2010498046875,0.3487548828125,0.1112060546875
18.843,311,1014,1634,314,0.0,36.0,44.0,24.597166061401367,-19.59228515625,-1.4648436307907104,-1.328369140625,0.3460693359375,0.2457275390625
18.850,312,1027,1653,312,0.0,36.0,44.0,7.629394054412842,-19.4091796875,5.187987804412842,-1.328369140625,0.3460693359375,0.2457275390625
18.864,311,1050,1676,313,0.0,36.0,44.0,-14.526366233825684,-13.793944358825684,14.099120140075684,-1.520263671875,0.5396728515625,0.42626953125
18.874,311,1050,1678,314,0.0,36.0,44.0,-14.526366233825684,-13.793944358825684,14.099120140075684,-1.6070556640625,0.729248046875,0.35791015625
18.881,311,1037,1640,314,0.0,36.0,44.0,-12.695311546325684,-5.676269054412842,12.634276390075684,-1.6070556640625,0.729248046875,0.35791015625
18.915,311,1013,1600,312,0.0,36.0,44.0,-2.868652105331421,12.023924827575684,-2.44140625,-1.2056884765625,0.43359375,0.2689208984375
18.915,310,968,1569,295,0.0,36.0,44.0,-2.868652105331421,12.023924827575684,-2.44140625,-0.8941650390625,0.2117919921875,0.208984375
18.916,311,984,1573,314,0.0,36.0,44.0,7.263183116912842,19.6533203125,-10.681151390075684,-0.91650390625,0.3350830078125,0.081787109375
18.931,311,966,1572,313,0.0,36.0,44.0,11.047362327575684,20.507810592651367,-11.108397483825684,-1.2196044921875,0.5712890625,0.0048828125
18.933,310,952,1566,314,0.0,36.0,44.0,-7.385253429412842,14.526366233825684,-9.033203125,-1.5360107421875,0.652587890625,0.052490234375
18.942,311,931,1546,314,-1.0,36.0,43.0,-7.385253429412842,14.526366233825684,-9.033203125,-1.65185546875,0.5482177734375,0.172119140625
18.955,311,878,1492,312,-1.0,36.0,43.0,-41.076656341552734,7.751464366912842,-1.5869139432907104,-1.581298828125,0.4168701171875,0.27001953125
18.963,310,848,1447,314,-1.0,36.0,43.0,-41.870113372802734,8.36181640625,7.263183116912842,-1.4210205078125,0.3531494140625,0.301025390625
18.976,312,824,1413,313,-1.0,36.0,43.0,-41.870113372802734,8.36181640625,7.263183116912842,-1.2255859375,0.336181640625,0.29345703125
18.985,311,777,1323,313,-1.0,36.0,43.0,-20.568845748901367,12.207030296325684,20.507810592651367,-1.02783203125,0.3643798828125,0.264404296875
19.006,312,742,1273,313,-1.0,36.0,43.0,-5.554198741912842,13.671874046325684,18.310546875,-0.8580322265625,0.4423828125,0.21044921875
19.006,310,715,1217,312,-1.0,36.0,43.0,-5.554198741912842,13.671874046325684,18.310546875,-0.7320556640625,0.4820556640625,0.1580810546875
19.019,310,669,1148,312,-1.0,36.0,43.0,8.85009765625,17.333984375,-1.4648436307907104,-0.652099609375,0.42333984375,0.130126953125
19.024,311,654,1122,312,-1.0,36.0,43.0,7.690429210662842,19.47021484375,-13.793944358825684,-0.6043701171875,0.2706298828125,0.1451416015625
19.031,310,631,1078,312,-1.0,36.0,43.0,4.45556640625,20.080564498901367,-22.827146530151367,-0.59130859375,0.1138916015625,0.1636962890625
19.045,311,590,1011,312,0.0,37.0,42.0,2.3193359375,19.59228515625,-25.939939498901367,-0.6171875,0.0694580078125,0.114501953125
19.053,311,567,968,312,0.0,37.0,42.0,1.7089842557907104,18.73779296875,-23.193357467651367,-0.6583251953125,0.0948486328125,0.05078125
19.061,310,554,932,312,0.0,37.0,42.0,0.30517578125,15.563963890075684,-18.24951171875,-0.6678466796875,0.0572509765625,0.0416259765625
19.078,312,540,888,311,0.0,37.0,42.0,-2.01416015625,11.230467796325684,-14.038084983825684,-0.647216796875,-0.0098876953125,0.0274658203125
19.083,310,537,879,312,0.0,37.0,42.0,-2.38037109375,9.765625,-9.1552734375,-0.6683349609375,0.03466796875,-0.0361328125
19.094,310,537,877,313,0.0,37.0,42.0,-1.6479490995407104,9.521484375,-2.0751953125,-0.7215576171875,0.174560546875,-0.0718994140625
19.107,310,535,889,311,0.0,37.0,42.0,-3.540038824081421,7.141112804412842,5.493163585662842,-0.7479248046875,0.2943115234375,-0.0386962890625
19.114,310,537,904,312,0.0,37.0,42.0,-7.812499523162842,3.417968511581421,11.596678733825684,-0.74267578125,0.357177734375,0.033203125
19.125,310,543,916,312,0.0,37.0,42.0,-11.962889671325684,0.0,15.319823265075684,-0.724365234375,0.3861083984375,0.1171875
19.135,310,552,939,312,0.0,37.0,42.0,-14.221190452575684,-2.197265625,16.4794921875,-0.7052001953125,0.3992919921875,0.18798828125
19.143,310,561,959,312,-1.0,38.0,42.0,-13.488768577575684,-2.746581792831421,15.380858421325684,-0.6768798828125,0.3800048828125,0.2203369140625
19.151,310,572,974,312,-1.0,38.0,42.0,-9.33837890625,-2.3193359375,12.268065452575684,-0.6583251953125,0.34228515625,0.2108154296875
19.165,310,587,1013,312,-1.0,38.0,42.0,-2.38037109375,-2.685546636581421,8.11767578125,-0.6689453125,0.341796875,0.169921875
19.174,310,601,1039,312,-1.0,38.0,42.0,4.45556640625,-4.5166015625,4.2724609375,-0.6917724609375,0.3719482421875,0.1141357421875
19.182,311,607,1067,312,-1.0,38.0,42.0,7.690429210662842,-7.324218273162842,1.4648436307907104,-0.697509765625,0.3916015625,0.0848388671875
19.203,310,631,1111,312,-1.0,38.0,42.0,6.835937023162842,-10.559081077575684,-0.54931640625,-0.6705322265625,0.3941650390625,0.09423828125
19.210,310,646,1143,311,-1.0,38.0,42.0,5.310058116912842,-12.756346702575684,-2.44140625,-0.619873046875,0.3936767578125,0.114501953125
19.212,310,668,1175,310,-1.0,38.0,42.0,5.493163585662842,-14.221190452575684,-4.39453125,-0.566162109375,0.3641357421875,0.1302490234375
19.232,309,737,1234,312,-1.0,38.0,42.0,8.4228515625,-16.2353515625,-5.676269054412842,-0.5579833984375,0.2935791015625,0.127685546875
19.234,311,774,1292,313,-1.0,38.0,42.0,12.451170921325684,-19.71435546875,-5.615233898162842,-0.670654296875,0.20654296875,0.1214599609375
19.242,310,813,1352,313,-6.0,37.0,39.0,15.441893577575684,-24.841306686401367,-5.737304210662842,-0.8271484375,0.095458984375,0.1405029296875
19.255,312,864,1445,311,-6.0,37.0,39.0,16.29638671875,-26.855466842651367,-6.835937023162842,-0.9195556640625,-0.0030517578125,0.147705078125
19.269,312,888,1492,314,-6.0,37.0,39.0,15.502928733825684,-23.010251998901367,-6.591796398162842,-0.94287109375,0.000244140625,0.133544921875
19.272,310,922,1529,313,-6.0,37.0,39.0,16.66259765625,-17.822265625,-3.662109136581421,-0.91552734375,0.119384765625,0.1263427734375
19.285,312,969,1585,310,-6.0,37.0,39.0,22.033689498901367,-15.624999046325684,1.5869139432907104,-0.913818359375,0.2825927734375,0.1424560546875
19.301,314,992,1618,313,-6.0,37.0,39.0,28.137205123901367,-16.4794921875,7.141112804412842,-0.987548828125,0.41015625,0.1708984375
19.312,309,1014,1637,312,-6.0,37.0,39.0,29.479978561401367,-17.63916015625,10.437010765075684,-1.1336669921875,0.495361328125,0.1549072265625
19.315,313,1042,1666,314,-6.0,37.0,39.0,23.010251998901367,-16.78466796875,10.498045921325684,-1.39306640625,0.5584716796875,0.1961669921875
19.324,311,1056,1681,314,-6.0,37.0,39.0,11.108397483825684,-14.953612327575684,7.141112804412842,-1.39306640625,0.5584716796875,0.1961669921875
19.338,310,1069,1689,314,-6.0,37.0,39.0,0.2441406100988388,-12.207030296325684,1.9531248807907104,-1.415283203125,0.5491943359375,0.2891845703125
19.346,310,1078,1689,313,-2.0,36.0,45.0,-2.746581792831421,-8.544921875,-2.44140625,-1.3482666015625,0.5631103515625,0.3095703125
19.353,310,1069,1669,314,-2.0,36.0,45.0,4.82177734375,-6.103515148162842,-5.554198741912842,-1.3482666015625,0.5631103515625,0.3095703125
19.361,311,1055,1648,314,-2.0,36.0,45.0,18.1884765625,-5.493163585662842,-8.48388671875,-1.2750244140625,0.5164794921875,0.2122802734375
19.389,310,1025,1607,314,-2.0,36.0,45.0,27.587888717651367,-3.906249761581421,-13.244627952575684,-1.0003662109375,0.3751220703125,0.024658203125
19.389,312,1013,1593,312,-2.0,36.0,45.0,27.282712936401367,-0.3662109076976776,-20.141599655151367,-1.0003662109375,0.3751220703125,0.024658203125
19.392,311,1003,1595,312,-2.0,36.0,45.0,14.404295921325684,2.685546636581421,-27.221677780151367,-0.9881591796875,0.393798828125,0.066162109375
19.415,311,987,1583,313,-2.0,36.0,45.0,-7.324218273162842,4.69970703125,-33.02001953125,-1.42041015625,0.4840087890625,0.2696533203125
19.416,310,969,1567,296,-2.0,36.0,45.0,-26.672361373901367,6.042479991912842,-34.66796875,-1.42041015625,0.4840087890625,0.2696533203125
19.423,310,943,1533,313,-2.0,36.0,45.0,-38.818359375,7.080077648162842,-30.273435592651367,-1.633056640625,0.501953125,0.334228515625
19.431,310,907,1492,313,-2.0,36.0,45.0,-43.273921966552734,9.033203125,-21.728513717651367,-1.6539306640625,0.42041015625,0.371337890625
19.444,310,854,1409,312,-1.0,36.0,46.0,-39.24560546875,13.122557640075684,-10.314940452575684,-1.3250732421875,0.255615234375,0.310791015625
19.453,311,822,1359,312,-1.0,36.0,46.0,-30.212400436401367,18.4326171875,2.624511480331421,-1.3250732421875,0.255615234375,0.310791015625
19.460,310,793,1306,314,-1.0,36.0,46.0,-20.874021530151367,22.705076217651367,13.916014671325684,-1.08935546875,0.1949462890625,0.30126953125
19.474,310,739,1225,311,-1.0,36.0,46.0,-12.512206077575684,25.634763717651367,21.362302780151367,-0.736083984375,0.2762451171875,0.2044677734375
19.495,310,697,1178,312,-1.0,36.0,46.0,-4.21142578125,27.587888717651367,24.291990280151367,-0.736083984375,0.2762451171875,0.2044677734375
19.495,310,673,1133,313,-1.0,36.0,46.0,3.784179449081421,27.954099655151367,21.118162155151367,-0.649169921875,0.3687744140625,0.13232421875
19.534,310,622,1047,312,-1.0,36.0,46.0,8.6669921875,26.977537155151367,11.413573265075684,-0.5697021484375,0.22802734375,0.0972900390625
19.567,310,601,1000,312,-1.0,36.0,46.0,8.4228515625,25.451658248901367,-1.8920897245407104,-0.5697021484375,0.22802734375,0.0972900390625
19.571,310,572,942,312,-1.0,36.0,46.0,6.591796398162842,23.986814498901367,-12.329100608825684,-0.5986328125,0.0906982421875,0.076171875
19.571,311,543,869,312,0.0,38.0,42.0,6.591796398162842,21.606443405151367,-15.441893577575684,-0.6240234375,-0.076904296875,-0.038818359375
19.571,311,530,853,311,0.0,38.0,42.0,8.60595703125,18.37158203125,-13.977049827575684,-0.6492919921875,-0.03564453125,-0.120849609375
19.571,310,527,846,313,0.0,38.0,42.0,11.840819358825684,16.4794921875,-10.253905296325684,-0.6492919921875,-0.03564453125,-0.120849609375
19.571,311,517,832,312,0.0,38.0,42.0,10.559081077575684,7.995604991912842,7.629394054412842,-0.76025390625,0.2896728515625,-0.1181640625
19.572,310,513,816,312,0.0,38.0,42.0,10.559081077575684,7.995604991912842,7.629394054412842,-0.7669677734375,0.38134765625,-0.0577392578125
19.582,310,513,813,312,0.0,38.0,42.0,0.2441406100988388,1.4038084745407104,16.66259765625,-0.7669677734375,0.38134765625,-0.0577392578125
19.597,310,527,824,310,0.0,38.0,42.0,-20.629880905151367,-5.432128429412842,25.024412155151367,-0.6844482421875,0.3551025390625,0.1571044921875
19.622,310,533,834,311,0.0,38.0,42.0,-20.629880905151367,-5.432128429412842,25.024412155151367,-0.6474609375,0.359375,0.240966796875
19.622,310,521,852,311,0.0,38.0,42.0,-23.864744186401367,-5.493163585662842,25.329587936401367,-0.6474609375,0.359375,0.240966796875
19.625,310,558,877,311,0.0,38.0,42.0,-14.770506858825684,-4.08935546875,19.8974609375,-0.593017578125,0.352783203125,0.20654296875
19.632,310,568,916,312,0.0,37.0,40.0,-14.770506858825684,-4.08935546875,19.8974609375,-0.6077880859375,0.3543701171875,0.137939453125
19.641,310,586,947,312,0.0,37.0,40.0,-7.202147960662842,-3.967284917831421,16.11328125,-0.6077880859375,0.3543701171875,0.137939453125
19.658,309,604,1011,312,0.0,37.0,40.0,-0.8544921278953552,-8.4228515625,10.986327171325684,-0.5755615234375,0.3427734375,0.136962890625
19.663,310,628,1050,311,0.0,37.0,40.0,-0.8544921278953552,-8.4228515625,10.986327171325684,-0.5068359375,0.3258056640625,0.1636962890625
19.671,310,657,1085,312,0.0,37.0,40.0,-2.3193359375,-9.8876953125,9.6435546875,-0.5068359375,0.3258056640625,0.1636962890625
19.685,310,697,1156,311,0.0,37.0,40.0,2.197265625,-12.329100608825684,6.408690929412842,-0.3721923828125,0.2850341796875,0.179931640625
19.693,310,732,1216,311,0.0,37.0,40.0,7.629394054412842,-14.892577171325684,3.356933355331421,-0.35400390625,0.299072265625,0.1767578125
19.701,310,780,1295,312,0.0,37.0,40.0,7.629394054412842,-14.892577171325684,3.356933355331421,-0.51953125,0.3291015625,0.156005859375
19.725,311,871,1415,312,0.0,37.0,40.0,14.038084983825684,-18.6767578125,-3.601073980331421,-0.878662109375,0.2940673828125,0.1669921875
19.725,311,918,1474,299,0.0,37.0,40.0,14.221190452575684,-19.287109375,-6.958007335662842,-1.1951904296875,0.1473388671875,0.1951904296875
19.731,312,953,1524,314,0.0,37.0,40.0,14.221190452575684,-19.287109375,-6.958007335662842,-1.290283203125,0.013427734375,0.1900634765625
19.745,312,999,1580,313,-1.0,36.0,44.0,21.972654342651367,-8.11767578125,-9.82666015625,-1.1942138671875,0.0301513671875,0.158935546875
19.753,310,1026,1610,314,-1.0,36.0,44.0,34.5458984375,-3.479003667831421,-5.737304210662842,-1.1207275390625,0.24462890625,0.0728759765625
19.764,310,1042,1628,313,-1.0,36.0,44.0,34.5458984375,-3.479003667831421,-5.737304210662842,-1.2301025390625,0.5733642578125,-0.0440673828125
19.775,311,1078,1665,311,-1.0,36.0,44.0,44.067378997802734,-5.249022960662842,5.798339366912842,-1.4591064453125,0.788330078125,-0.1119384765625
19.783,312,1087,1678,314,-1.0,36.0,44.0,19.83642578125,-9.46044921875,4.0283203125,-1.6351318359375,0.7706298828125,-0.04345703125
19.795,312,1094,1689,314,-1.0,36.0,44.0,19.83642578125,-9.46044921875,4.0283203125,-1.6463623046875,0.5928955078125,0.18603515625
19.805,310,1092,1676,313,-1.0,36.0,44.0,-30.578611373901367,-15.869139671325684,1.3427733182907104,-1.4840087890625,0.379638671875,0.444580078125
19.832,312,1081,1650,312,-1.0,36.0,44.0,-29.541013717651367,-12.756346702575684,4.2724609375,-1.2027587890625,0.26806640625,0.531005859375
19.834,296,1065,1624,312,-1.0,36.0,44.0,-29.541013717651367,-12.756346702575684,4.2724609375,-0.9466552734375,0.3353271484375,0.3953857421875
19.834,293,1008,1572,313,0.0,36.0,48.0,12.390135765075684,12.023924827575684,-0.0610351525247097,-0.865478515625,0.509521484375,0.1763916015625
19.842,312,1029,1578,314,0.0,36.0,48.0,20.690916061401367,21.240232467651367,-11.352538108825684,-0.9482421875,0.5936279296875,0.0289306640625
19.851,311,1025,1579,314,0.0,36.0,48.0,11.657713890075684,23.559568405151367,-24.169919967651367,-1.1641845703125,0.560302734375,0.02001953125
19.865,311,1003,1567,313,0.0,36.0,48.0,-5.981444835662842,19.8974609375,-30.395505905151367,-1.4554443359375,0.519287109375,0.1014404296875
19.879,310,982,1543,314,0.0,36.0,48.0,-24.230955123901367,14.343260765075684,-26.611326217651367,-1.641845703125,0.4356689453125,0.19287109375
19.881,296,959,1516,313,0.0,36.0,48.0,-35.46142578125,11.901854515075684,-15.441893577575684,-1.6497802734375,0.3348388671875,0.271484375
19.898,310,902,1456,312,0.0,36.0,48.0,-36.43798828125,13.305663108825684,0.7324218153953552,-1.53564453125,0.2972412109375,0.3267822265625
19.903,310,864,1407,313,0.0,36.0,48.0,-33.447265625,17.333984375,17.822265625,-1.3343505859375,0.290771484375,0.3515625
19.929,310,826,1345,312,0.0,36.0,48.0,-28.259275436401367,22.033689498901367,29.296873092651367,-1.0906982421875,0.2691650390625,0.35107421875
19.929,310,770,1234,312,0.0,36.0,48.0,-14.831542015075684,25.146482467651367,31.982419967651367,-0.8717041015625,0.2969970703125,0.29248046875
19.933,310,737,1173,314,-1.0,36.0,43.0,5.310058116912842,26.428220748901367,28.625486373901367,-0.718505859375,0.41748046875,0.1395263671875
19.945,311,705,1122,313,-1.0,36.0,43.0,21.240232467651367,25.695798873901367,21.911619186401367,-0.633056640625,0.495361328125,-0.00341796875
19.955,310,658,1064,312,-1.0,36.0,43.0,26.367185592651367,21.545408248901367,11.047362327575684,-0.595458984375,0.4085693359375,-0.0208740234375
19.963,310,632,996,314,-1.0,36.0,43.0,22.888181686401367,17.2119140625,-1.5869139432907104,-0.623291015625,0.272705078125,0.0001220703125
19.977,310,607,955,312,-1.0,36.0,43.0,15.930174827575684,16.7236328125,-10.742186546325684,-0.6917724609375,0.218505859375,-0.029052734375
19.985,310,576,861,311,-1.0,36.0,43.0,7.995604991912842,18.24951171875,-15.624999046325684,-0.7403564453125,0.1712646484375,-0.1153564453125
20.000,308,558,814,311,-1.0,36.0,43.0,2.685546636581421,20.01953125,-18.310546875,-0.7664794921875,0.099853515625,-0.2049560546875
20.001,310,545,793,312,-1.0,36.0,43.0,0.7934569716453552,18.49365234375,-17.9443359375,-0.7630615234375,0.0631103515625,-0.178466796875
20.029,312,533,754,310,-1.0,36.0,43.0,-3.356933355331421,11.413573265075684,-13.732909202575684,-0.7264404296875,0.0804443359375,-0.0723876953125
20.029,310,525,737,311,-1.0,36.0,43.0,-11.901854515075684,3.356933355331421,-6.896972179412842,-0.6962890625,0.1444091796875,0.001953125
20.030,311,523,728,312,-1.0,40.0,46.0,-18.73779296875,-2.13623046875,0.9765624403953552,-0.678466796875,0.2354736328125,0.0440673828125
20.045,310,525,726,311,-1.0,40.0,46.0,-20.202634811401367,-5.249022960662842,8.11767578125,-0.660888671875,0.3135986328125,0.0845947265625
20.058,310,531,742,310,-1.0,40.0,46.0,-19.4091796875,-6.958007335662842,12.695311546325684,-0.6417236328125,0.3538818359375,0.139892578125
20.061,307,537,767,312,-1.0,40.0,46.0,-19.10400390625,-7.934569835662842,14.404295921325684,-0.63232421875,0.3701171875,0.1925048828125
20.075,310,547,794,309,-1.0,40.0,46.0,-19.34814453125,-7.873534679412842,14.343260765075684,-0.6279296875,0.3704833984375,0.2174072265625
20.082,310,557,813,311,-1.0,40.0,46.0,-19.47021484375,-6.408690929412842,13.427733421325684,-0.621826171875,0.3568115234375,0.204345703125
20.091,311,572,835,312,-1.0,40.0,46.0,-18.5546875,-4.638671875,11.962889671325684,-0.630615234375,0.350341796875,0.17431640625
20.105,310,589,912,311,-1.0,40.0,46.0,-15.258788108825684,-5.371093273162842,10.131834983825684,-0.6273193359375,0.3377685546875,0.1624755859375
20.112,308,604,960,312,-1.0,40.0,46.0,-8.36181640625,-8.056640625,7.568358898162842,-0.5836181640625,0.302490234375,0.16552734375
20.132,311,629,994,311,-1.0,40.0,46.0,0.8544921278953552,-10.314940452575684,5.126952648162842,-0.5076904296875,0.282470703125,0.1710205078125
20.136,311,669,1078,312,-1.0,37.0,43.0,10.253905296325684,-11.657713890075684,4.0283203125,-0.42529296875,0.295654296875,0.1822509765625
20.142,309,695,1131,312,-1.0,37.0,43.0,18.49365234375,-13.977049827575684,3.662109136581421,-0.3310546875,0.292236328125,0.2237548828125
20.150,310,725,1198,312,-1.0,37.0,43.0,28.015134811401367,-17.76123046875,1.9531248807907104,-0.239990234375,0.236083984375,0.2733154296875
20.173,311,841,1363,312,-1.0,37.0,43.0,43.151851654052734,-20.690916061401367,-1.220703125,-0.3692626953125,0.17578125,0.267578125
20.173,312,882,1437,312,-1.0,37.0,43.0,60.974117279052734,-22.644041061401367,-4.8828125,-0.3692626953125,0.17578125,0.267578125
20.181,311,968,1468,313,-1.0,37.0,43.0,73.18115234375,-25.451658248901367,-11.779784202575684,-0.7366943359375,0.203125,0.203857421875
20.194,311,1051,1537,312,-1.0,37.0,43.0,77.0263671875,-23.132322311401367,-23.315427780151367,-1.3265380859375,0.22119140625,-0.15966796875
20.205,310,1081,1564,313,-1.0,37.0,43.0,73.54736328125,-11.169432640075684,-35.5224609375,-1.3265380859375,0.22119140625,-0.15966796875
20.211,311,1112,1592,314,-1.0,37.0,43.0,62.561031341552734,-0.7324218153953552,-43.579097747802734,-1.4130859375,0.38037109375,-0.3323974609375
20.235,311,1153,1634,313,-1.0,37.0,43.0,41.442867279052734,-4.7607421875,-44.372554779052734,-1.667724609375,0.8646240234375,-0.28955078125
20.235,310,1153,1656,299,-1.0,36.0,48.0,10.131834983825684,-23.254392623901367,-37.78076171875,-1.667724609375,0.8646240234375,-0.28955078125
20.242,310,1185,1675,313,-1.0,36.0,48.0,-23.193357467651367,-44.494625091552734,-30.212400436401367,-1.87109375,0.8709716796875,-0.009521484375
20.255,310,1151,1621,313,-1.0,36.0,48.0,-54.931636810302734,-49.255367279052734,-26.977537155151367,-1.77001953125,0.31201171875,0.638427734375
20.263,312,1117,1591,314,-1.0,36.0,48.0,-54.931636810302734,-49.255367279052734,-26.977537155151367,-1.2193603515625,-0.1356201171875,0.716064453125
20.272,310,1096,1572,314,-1.0,36.0,48.0,-44.433589935302734,-25.146482467651367,-25.695798873901367,-1.2193603515625,-0.1356201171875,0.716064453125
20.286,310,1101,1569,313,-1.0,36.0,48.0,-4.82177734375,25.085447311401367,-3.845214605331421,-0.8680419921875,0.2008056640625,0.2838134765625
20.297,311,1094,1566,314,-1.0,36.0,48.0,-4.82177734375,25.085447311401367,-3.845214605331421,-1.29248046875,0.659912109375,0.05322265625
20.309,312,1078,1551,313,-1.0,36.0,48.0,-5.920409679412842,26.855466842651367,7.995604991912842,-1.29248046875,0.659912109375,0.05322265625
20.316,310,1038,1504,314,-1.0,36.0,48.0,-27.954099655151367,12.634276390075684,3.295898199081421,-1.722412109375,0.645751953125,0.1673583984375
20.338,310,1000,1470,313,-1.0,36.0,48.0,-27.954099655151367,12.634276390075684,3.295898199081421,-1.5792236328125,0.40087890625,0.298583984375
20.339,310,938,1400,313,0.0,35.0,47.0,-30.334470748901367,11.047362327575684,-2.44140625,-1.5792236328125,0.40087890625,0.298583984375
20.346,310,893,1363,312,0.0,35.0,47.0,-14.770506858825684,18.85986328125,8.60595703125,-1.1517333984375,0.2725830078125,0.3033447265625
20.354,311,858,1315,313,0.0,35.0,47.0,-14.770506858825684,18.85986328125,8.60595703125,-0.96240234375,0.2213134765625,0.2491455078125
20.361,309,820,1260,314,0.0,35.0,47.0,-7.385253429412842,22.094724655151367,19.4091796875,-0.96240234375,0.2213134765625,0.2491455078125
20.377,310,756,1162,312,0.0,35.0,47.0,9.6435546875,25.512693405151367,25.573728561401367,-0.722900390625,0.2003173828125,0.105712890625
20.384,310,724,1141,312,0.0,35.0,47.0,12.145995140075684,25.939939498901367,24.353025436401367,-0.7213134765625,0.342529296875,0.000244140625
20.412,310,700,1105,314,0.0,35.0,47.0,12.145995140075684,25.939939498901367,24.353025436401367,-0.732666015625,0.3770751953125,-0.039794921875
20.412,310,658,1062,312,0.0,35.0,47.0,-9.09423828125,19.1650390625,15.930174827575684,-0.7406005859375,0.3209228515625,-0.04345703125
20.414,310,628,1014,312,0.0,35.0,47.0,-14.892577171325684,16.11328125,9.46044921875,-0.7576904296875,0.2901611328125,-0.0284423828125
20.442,309,601,966,312,0.0,35.0,47.0,-14.892577171325684,16.11328125,9.46044921875,-0.724365234375,0.235595703125,0.0306396484375
20.443,310,566,884,313,0.0,37.0,43.0,-12.634276390075684,11.657713890075684,-2.746581792831421,-0.647216796875,0.099365234375,0.0474853515625
20.444,311,551,845,310,0.0,37.0,43.0,-4.0283203125,13.610838890075684,-7.568358898162842,-0.6126708984375,0.0013427734375,0.0020751953125
20.452,310,540,861,312,0.0,37.0,43.0,-4.0283203125,13.610838890075684,-7.568358898162842,-0.6109619140625,0.0244140625,-0.004150390625
20.466,310,524,847,310,0.0,37.0,43.0,10.620116233825684,10.131834983825684,-1.0986328125,-0.616943359375,0.125244140625,0.02001953125
20.473,311,513,849,312,0.0,37.0,43.0,5.187987804412842,3.967284917831421,5.798339366912842,-0.6368408203125,0.255615234375,0.0234375
20.482,310,513,859,311,0.0,37.0,43.0,5.187987804412842,3.967284917831421,5.798339366912842,-0.6541748046875,0.36328125,0.0296630859375
20.495,309,522,875,310,0.0,37.0,43.0,-11.413573265075684,-2.929687261581421,14.831542015075684,-0.677490234375,0.424560546875,0.06201171875
20.515,308,529,891,312,0.0,37.0,43.0,-17.9443359375,-4.21142578125,15.747069358825684,-0.71142578125,0.458984375,0.1121826171875
20.516,310,535,900,312,0.0,37.0,43.0,-17.9443359375,-4.21142578125,15.747069358825684,-0.7188720703125,0.4376220703125,0.161865234375
20.540,310,548,913,311,0.0,37.0,42.0,-21.118162155151367,-5.493163585662842,14.221190452575684,-0.6917724609375,0.3387451171875,0.2005615234375
20.542,311,557,920,312,0.0,37.0,42.0,-15.197752952575684,-4.8828125,12.817381858825684,-0.6783447265625,0.25244140625,0.217529296875
20.542,308,564,932,312,0.0,37.0,42.0,-6.835937023162842,-4.5166015625,12.512206077575684,-0.68994140625,0.2408447265625,0.2095947265625
20.555,310,584,971,312,0.0,37.0,42.0,-1.7089842557907104,-4.69970703125,13.488768577575684,-0.691162109375,0.259765625,0.1949462890625
20.564,310,592,987,312,0.0,37.0,42.0,-0.1831054538488388,-5.187987804412842,14.648436546325684,-0.6640625,0.2750244140625,0.1802978515625
20.573,308,613,1017,312,0.0,37.0,42.0,1.03759765625,-5.859374523162842,15.991209983825684,-0.6201171875,0.2982177734375,0.1541748046875
20.585,310,646,1066,310,0.0,37.0,42.0,2.990722417831421,-7.629394054412842,17.08984375,-0.5595703125,0.3095703125,0.135498046875
20.593,310,668,1108,312,0.0,37.0,42.0,6.713866710662842,-11.047362327575684,16.845703125,-0.4796142578125,0.279052734375,0.14111328125
20.602,310,704,1155,312,0.0,37.0,42.0,14.038084983825684,-14.709471702575684,14.953612327575684,-0.375244140625,0.236572265625,0.1639404296875
20.622,310,803,1286,313,0.0,37.0,42.0,24.169919967651367,-16.4794921875,12.451170921325684,-0.335205078125,0.271240234375,0.1885986328125
20.624,310,861,1353,314,0.0,37.0,42.0,34.24072265625,-15.563963890075684,8.30078125,-0.4959716796875,0.35693359375,0.1697998046875
20.648,310,916,1401,313,-3.0,38.0,46.0,39.85595703125,-11.840819358825684,-3.662109136581421,-0.76123046875,0.351806640625,0.0640869140625
20.648,310,966,1487,314,-3.0,38.0,46.0,41.625972747802734,-5.554198741912842,-23.681638717651367,-0.930908203125,0.307373046875,-0.0667724609375
20.654,311,1029,1528,312,-3.0,38.0,46.0,42.175289154052734,-1.5258787870407104,-39.55078125,-1.01611328125,0.3382568359375,-0.1563720703125
20.661,310,1071,1565,314,-3.0,38.0,46.0,38.330078125,-5.371093273162842,-42.907711029052734,-1.145263671875,0.3642578125,-0.2127685546875
20.676,311,1107,1621,312,-3.0,38.0,46.0,25.573728561401367,-16.845703125,-36.19384765625,-1.33154296875,0.3067626953125,-0.16845703125
20.684,312,1129,1640,313,-3.0,38.0,46.0,5.249022960662842,-29.602048873901367,-23.986814498901367,-1.533935546875,0.3492431640625,-0.0133056640625
20.696,310,1151,1656,314,-3.0,38.0,46.0,-17.333984375,-36.7431640625,-10.803221702575684,-1.7596435546875,0.599853515625,0.177978515625
20.707,310,1136,1636,312,-3.0,38.0,46.0,-36.80419921875,-37.353515625,-3.356933355331421,-1.9613037109375,0.8157958984375,0.3563232421875
20.748,310,1108,1598,312,-3.0,38.0,46.0,-46.874996185302734,-31.860349655151367,-4.94384765625,-1.926513671875,0.7147216796875,0.4832763671875
20.748,310,1056,1538,314,-3.0,38.0,46.0,-41.870113372802734,-18.4326171875,-11.047362327575684,-1.4256591796875,0.2474365234375,0.5599365234375
20.749,310,1078,1555,296,1.0,36.0,50.0,-19.22607421875,1.03759765625,-14.465331077575684,-0.8272705078125,-0.0528564453125,0.5169677734375
20.749,295,1071,1551,311,1.0,36.0,50.0,9.3994140625,15.441893577575684,-10.742186546325684,-0.7371826171875,0.2353515625,0.28125
20.752,310,1069,1547,313,1.0,36.0,50.0,22.094724655151367,17.4560546875,-5.981444835662842,-1.13818359375,0.7159423828125,0.012451171875
20.765,310,1035,1527,312,1.0,36.0,50.0,11.901854515075684,11.474608421325684,-8.9111328125,-1.5833740234375,0.8802490234375,-0.0426025390625
20.774,311,1012,1508,314,1.0,36.0,50.0,-9.3994140625,5.615233898162842,-18.49365234375,-1.7591552734375,0.6710205078125,0.088623046875
20.782,310,976,1483,314,1.0,36.0,50.0,-27.526853561401367,4.21142578125,-25.695798873901367,-1.683837890625,0.3914794921875,0.21875
20.795,310,902,1407,312,1.0,36.0,50.0,-32.89794921875,5.798339366912842,-22.399900436401367,-1.51806640625,0.2945556640625,0.287353515625
20.804,312,861,1361,314,1.0,36.0,50.0,-26.855466842651367,7.568358898162842,-9.521484375,-1.3544921875,0.3248291015625,0.2962646484375
20.812,310,823,1311,314,1.0,36.0,50.0,-18.61572265625,9.765625,5.249022960662842,-1.1798095703125,0.287353515625,0.282470703125
20.833,309,755,1229,312,0.0,36.0,45.0,-11.413573265075684,12.878417015075684,15.258788108825684,-0.9619140625,0.1790771484375,0.2921142578125
20.834,294,715,1183,312,0.0,36.0,45.0,-2.685546636581421,16.357421875,19.287109375,-0.73486328125,0.1448974609375,0.2730712890625
20.846,308,678,1134,312,0.0,36.0,45.0,6.408690929412842,19.53125,18.798828125,-0.583740234375,0.205322265625,0.197265625
20.856,310,633,1074,312,0.0,36.0,45.0,12.023924827575684,20.629880905151367,15.075682640075684,-0.5093994140625,0.2445068359375,0.0362548828125
20.864,310,605,1026,312,0.0,36.0,45.0,14.404295921325684,19.95849609375,8.1787109375,-0.5093994140625,0.2445068359375,0.0362548828125
20.871,310,578,968,313,0.0,36.0,45.0,14.343260765075684,18.24951171875,0.0,-0.5364990234375,0.185302734375,0.0228271484375
20.885,310,557,902,311,0.0,36.0,45.0,11.230467796325684,15.686034202575684,-7.263183116912842,-0.5555419921875,0.005859375,-0.136474609375
20.893,310,547,889,311,0.0,36.0,45.0,8.36181640625,16.4794921875,-13.000487327575684,-0.5555419921875,0.005859375,-0.136474609375
20.902,310,533,884,311,0.0,36.0,45.0,8.6669921875,18.12744140625,-14.160155296325684,-0.611572265625,0.072265625,-0.1956787109375
20.922,310,530,893,312,0.0,36.0,45.0,6.347655773162842,12.817381858825684,-8.60595703125,-0.699951171875,0.3131103515625,-0.0472412109375
20.923,297,530,891,312,-1.0,35.0,42.0,-2.563476324081421,2.746581792831421,-0.0610351525247097,-0.699951171875,0.3131103515625,-0.0472412109375
20.959,310,530,894,312,-1.0,35.0,42.0,-12.451170921325684,-5.676269054412842,7.629394054412842,-0.713623046875,0.366943359375,0.0435791015625
20.959,310,543,917,311,-1.0,35.0,42.0,-18.49365234375,-9.58251953125,12.573241233825684,-0.712158203125,0.353271484375,0.2049560546875
20.960,310,551,929,312,-1.0,35.0,42.0,-20.568845748901367,-9.6435546875,14.953612327575684,-0.712158203125,0.353271484375,0.2049560546875
20.961,310,557,942,312,-1.0,35.0,42.0,-19.53125,-8.6669921875,16.05224609375,-0.706298828125,0.3284912109375,0.2696533203125
20.975,310,566,966,312,-1.0,35.0,42.0,-16.41845703125,-7.324218273162842,16.41845703125,-0.630859375,0.217529296875,0.30224609375
20.984,310,576,976,312,-1.0,35.0,42.0,-11.230467796325684,-4.82177734375,16.7236328125,-0.630859375,0.217529296875,0.30224609375
20.991,310,585,992,312,-1.0,35.0,42.0,-4.39453125,-1.7089842557907104,18.12744140625,-0.6041259765625,0.216064453125,0.2484130859375
21.005,310,613,1022,310,-1.0,35.0,42.0,4.150390625,-0.7324218153953552,25.207517623901367,-0.552978515625,0.227783203125,0.158935546875
21.013,310,636,1043,312,-1.0,35.0,42.0,4.150390625,-0.7324218153953552,25.207517623901367,-0.46484375,0.226318359375,0.166015625
21.024,310,658,1083,312,-1.0,35.0,42.0,5.493163585662842,-3.540038824081421,28.198240280151367,-0.46484375,0.226318359375,0.166015625
21.059,310,740,1183,310,-1.0,37.0,43.0,20.263669967651367,-7.263183116912842,23.071287155151367,-0.16748046875,0.231689453125,0.2156982421875
21.060,310,810,1231,299,-1.0,37.0,43.0,20.263669967651367,-7.263183116912842,23.071287155151367,-0.2413330078125,0.3387451171875,0.137451171875
21.060,289,872,1326,312,-1.0,37.0,43.0,32.3486328125,-6.530761241912842,15.808104515075684,-0.2413330078125,0.3387451171875,0.137451171875
21.072,310,959,1428,312,-1.0,37.0,43.0,40.588375091552734,0.6103515625,-11.962889671325684,-0.7545166015625,0.267822265625,-0.1995849609375
21.074,311,1008,1478,314,-1.0,37.0,43.0,40.588375091552734,0.6103515625,-11.962889671325684,-0.9805908203125,0.172119140625,-0.2886962890625
21.082,312,1048,1529,313,-1.0,37.0,43.0,40.283199310302734,2.807616949081421,-29.663084030151367,-0.9805908203125,0.172119140625,-0.2886962890625
21.095,312,1105,1588,313,-1.0,37.0,43.0,29.541013717651367,-18.4326171875,-32.71484375,-1.44970703125,0.54638671875,-0.18701171875
21.104,311,1129,1624,313,-1.0,37.0,43.0,29.541013717651367,-18.4326171875,-32.71484375,-1.6844482421875,0.6973876953125,-0.01220703125
21.112,311,1151,1652,312,-1.0,37.0,43.0,3.845214605331421,-32.65380859375,-26.000974655151367,-1.6844482421875,0.6973876953125,-0.01220703125
21.127,311,1163,1669,312,0.0,34.0,42.0,-53.039546966552734,-40.832515716552734,-15.380858421325684,-2.0540771484375,0.678466796875,0.4556884765625
21.133,311,1148,1636,313,0.0,34.0,42.0,-53.039546966552734,-40.832515716552734,-15.380858421325684,-1.934326171875,0.4295654296875,0.6422119140625
21.162,311,1138,1611,312,0.0,34.0,42.0,-54.931636810302734,-37.04833984375,-9.765625,-1.934326171875,0.4295654296875,0.6422119140625
21.162,310,1108,1559,294,0.0,34.0,42.0,-1.9531248807907104,-5.859374523162842,3.784179449081421,-0.80810546875,-0.0584716796875,0.557861328125
21.163,310,1067,1529,312,0.0,34.0,42.0,-1.9531248807907104,-5.859374523162842,3.784179449081421,-0.72216796875,0.3646240234375,0.1881103515625
21.171,310,1088,1531,313,0.0,34.0,42.0,29.296873092651367,11.230467796325684,8.97216796875,-0.972900390625,0.7896728515625,-0.1085205078125
21.185,310,1085,1538,312,0.0,34.0,42.0,18.798828125,18.85986328125,-9.82666015625,-1.3243408203125,0.874755859375,-0.1260986328125
21.194,310,1074,1527,312,0.0,34.0,42.0,-9.521484375,10.986327171325684,-26.794431686401367,-1.6072998046875,0.6866455078125,0.04296875
21.202,311,1050,1514,314,0.0,34.0,42.0,-9.521484375,10.986327171325684,-26.794431686401367,-1.71533203125,0.4393310546875,0.2237548828125
21.215,310,989,1457,312,0.0,34.0,42.0,-41.076656341552734,-0.6103515625,-27.160642623901367,-1.6837158203125,0.285888671875,0.31298828125
21.229,311,948,1419,314,0.0,35.0,40.0,-33.203125,1.2817381620407104,-12.573241233825684,-1.572998046875,0.2528076171875,0.340576171875
21.231,311,907,1379,314,0.0,35.0,40.0,-33.203125,1.2817381620407104,-12.573241233825684,-1.406005859375,0.302001953125,0.3560791015625
21.263,310,823,1284,310,0.0,35.0,40.0,-16.9677734375,10.559081077575684,20.263669967651367,-1.197998046875,0.3150634765625,0.356201171875
21.264,311,778,1234,312,0.0,35.0,40.0,-16.41845703125,17.333984375,27.404783248901367,-0.958251953125,0.23095703125,0.3409423828125
21.264,310,732,1191,313,0.0,35.0,40.0,-16.41845703125,17.333984375,27.404783248901367,-0.7205810546875,0.1719970703125,0.2781982421875
21.275,310,662,1096,312,0.0,35.0,40.0,0.7324218153953552,26.794431686401367,24.902341842651367,-0.55712890625,0.19775390625,0.1707763671875
21.284,310,642,1067,312,0.0,35.0,40.0,13.793944358825684,27.648923873901367,20.996091842651367,-0.483154296875,0.2059326171875,0.0682373046875
21.297,311,616,1018,312,0.0,35.0,40.0,13.793944358825684,27.648923873901367,20.996091842651367,-0.482666015625,0.1873779296875,-0.0078125
21.305,310,576,902,312,0.0,35.0,40.0,18.85986328125,23.132322311401367,8.72802734375,-0.5167236328125,0.154052734375,-0.04638671875
21.314,309,562,848,312,0.0,35.0,40.0,11.474608421325684,20.751951217651367,2.50244140625,-0.5445556640625,0.0814208984375,-0.1226806640625
21.333,314,545,840,312,0.0,39.0,46.0,5.737304210662842,21.179197311401367,-2.3193359375,-0.6072998046875,0.05517578125,-0.2357177734375
21.335,310,525,840,313,0.0,39.0,46.0,3.356933355331421,19.10400390625,-2.563476324081421,-0.666748046875,0.127685546875,-0.2406005859375
21.362,309,519,840,312,0.0,39.0,46.0,-1.4038084745407104,10.559081077575684,1.8310545682907104,-0.68994140625,0.2376708984375,-0.1536865234375
21.362,310,518,840,312,0.0,39.0,46.0,-11.474608421325684,0.1831054538488388,8.11767578125,-0.6947021484375,0.328125,-0.0579833984375
21.365,310,521,846,312,0.0,39.0,46.0,-21.667478561401367,-7.568358898162842,13.610838890075684,-0.677001953125,0.3629150390625,0.0291748046875
21.374,309,529,861,312,0.0,39.0,46.0,-27.465818405151367,-11.413573265075684,16.54052734375,-0.6610107421875,0.3685302734375,0.1112060546875
21.382,309,533,878,312,0.0,39.0,46.0,-27.465818405151367,-12.939452171325684,17.2119140625,-0.6536865234375,0.4024658203125,0.200439453125
21.395,310,543,912,311,0.0,39.0,46.0,-23.498533248901367,-13.488768577575684,16.6015625,-0.6361083984375,0.4212646484375,0.2713623046875
21.405,310,552,927,311,0.0,39.0,46.0,-18.310546875,-12.023924827575684,14.709471702575684,-0.608154296875,0.37744140625,0.297119140625
21.412,310,561,938,312,0.0,39.0,46.0,-12.634276390075684,-9.521484375,12.512206077575684,-0.5843505859375,0.3197021484375,0.2965087890625
21.425,310,579,971,311,1.0,37.0,44.0,-6.774901866912842,-8.9111328125,10.803221702575684,-0.55078125,0.2763671875,0.302978515625
21.434,310,599,1000,312,1.0,37.0,44.0,0.0610351525247097,-10.498045921325684,9.1552734375,-0.492431640625,0.246826171875,0.2994384765625
21.441,310,617,1038,312,1.0,37.0,44.0,9.33837890625,-12.390135765075684,7.019042491912842,-0.42138671875,0.256591796875,0.2652587890625
21.468,310,660,1108,312,1.0,37.0,44.0,20.202634811401367,-13.610838890075684,4.7607421875,-0.3681640625,0.302490234375,0.236083984375
21.468,310,688,1148,312,1.0,37.0,44.0,29.479978561401367,-13.549803733825684,2.624511480331421,-0.360107421875,0.3348388671875,0.204345703125
21.472,311,723,1198,312,1.0,37.0,44.0,33.935546875,-11.474608421325684,1.5258787870407104,-0.417724609375,0.373779296875,0.1568603515625
21.485,311,819,1308,312,1.0,37.0,44.0,32.3486328125,-8.85009765625,2.929687261581421,-0.5301513671875,0.4619140625,0.111328125
21.494,310,871,1369,312,1.0,37.0,44.0,28.076169967651367,-6.713866710662842,5.310058116912842,-0.7197265625,0.43603515625,0.0411376953125
21.502,310,917,1422,312,1.0,37.0,44.0,27.526853561401367,-5.615233898162842,2.0751953125,-0.9493408203125,0.161865234375,-0.049560546875
21.522,310,981,1499,312,1.0,37.0,44.0,37.65869140625,-6.652831554412842,-7.507323741912842,-1.10888671875,-0.072509765625,-0.1466064453125
21.524,310,987,1537,312,-1.0,34.0,43.0,50.354000091552734,-9.33837890625,-12.878417015075684,-1.1734619140625,0.0198974609375,-0.1961669921875
21.536,310,1039,1572,314,-1.0,34.0,43.0,45.471187591552734,-12.878417015075684,-9.6435546875,-1.1844482421875,0.2783203125,-0.1314697265625
21.545,310,1089,1610,314,-1.0,34.0,43.0,17.63916015625,-16.05224609375,-4.5166015625,-1.205810546875,0.4638671875,0.0347900390625
21.562,310,1109,1627,312,-1.0,34.0,43.0,-17.7001953125,-16.845703125,0.6103515625,-1.35302734375,0.6234130859375,0.1988525390625
21.566,310,1125,1641,312,-1.0,34.0,43.0,-43.518062591552734,-16.9677734375,7.263183116912842,-1.6048583984375,0.762939453125,0.325439453125
21.575,311,1133,1653,312,-1.0,34.0,43.0,-49.438472747802734,-19.287109375,11.779784202575684,-1.7642822265625,0.7420654296875,0.4417724609375
21.583,310,1123,1636,314,-1.0,34.0,43.0,-30.883787155151367,-19.6533203125,11.230467796325684,-1.7021484375,0.5908203125,0.5013427734375
21.592,311,1116,1613,314,-1.0,34.0,43.0,0.0,-11.840819358825684,6.896972179412842,-1.3663330078125,0.4261474609375,0.478515625
21.607,310,1086,1573,313,-1.0,34.0,43.0,21.789548873901367,4.33349609375,-1.0986328125,-0.968994140625,0.3948974609375,0.343505859375
21.614,312,1064,1547,315,-1.0,34.0,43.0,23.681638717651367,21.057126998901367,-11.962889671325684,-0.833984375,0.5352783203125,0.1043701171875
21.621,311,1056,1545,314,-3.0,38.0,41.0,6.652831554412842,29.174802780151367,-24.230955123901367,-0.93896484375,0.59619140625,-0.0865478515625
21.642,311,1051,1543,313,-3.0,38.0,41.0,-17.76123046875,26.977537155151367,-35.888671875,-1.4322509765625,0.41015625,0.051025390625
21.644,310,1039,1529,313,-3.0,38.0,41.0,-34.72900390625,17.333984375,-39.85595703125,-1.4322509765625,0.41015625,0.051025390625
21.668,310,1018,1511,314,-3.0,38.0,41.0,-42.602535247802734,5.798339366912842,-32.1044921875,-1.710693359375,0.466064453125,0.2281494140625
21.669,310,955,1462,314,-3.0,38.0,41.0,-44.738765716552734,0.0610351525247097,-18.5546875,-1.735595703125,0.36962890625,0.4276123046875
21.682,311,917,1422,314,-3.0,38.0,41.0,-40.0390625,3.051757574081421,-5.493163585662842,-1.735595703125,0.36962890625,0.4276123046875
21.682,310,865,1375,312,-3.0,38.0,41.0,-28.747556686401367,11.108397483825684,7.690429210662842,-1.518798828125,0.3310546875,0.436279296875
21.695,310,782,1260,312,-3.0,38.0,41.0,-16.17431640625,19.53125,21.301267623901367,-0.959716796875,0.3076171875,0.37890625
21.704,310,739,1189,314,-3.0,38.0,41.0,-5.737304210662842,26.123044967651367,30.334470748901367,-0.959716796875,0.3076171875,0.37890625
21.712,310,685,1122,312,-3.0,38.0,41.0,4.2724609375,30.578611373901367,31.738279342651367,-0.7047119140625,0.2393798828125,0.3057861328125
21.726,310,631,1022,312,0.0,38.0,42.0,15.197752952575684,34.3017578125,28.686521530151367,-0.43017578125,0.2406005859375,0.0718994140625
21.734,310,594,948,312,0.0,38.0,42.0,22.827146530151367,36.07177734375,22.949216842651367,-0.43017578125,0.2406005859375,0.0718994140625
21.748,310,574,859,312,0.0,38.0,42.0,27.526853561401367,34.5458984375,13.916014671325684,-0.44384765625,0.165283203125,-0.0390625
21.773,310,545,778,310,0.0,38.0,42.0,32.65380859375,31.677244186401367,4.21142578125,-0.6031494140625,0.0799560546875,-0.27392578125
21.773,311,530,769,312,0.0,38.0,42.0,35.46142578125,28.625486373901367,-3.112792730331421,-0.711669921875,0.15380859375,-0.35498046875
21.774,295,510,756,308,0.0,38.0,42.0,32.958984375,26.062009811401367,-6.591796398162842,-0.711669921875,0.15380859375,-0.35498046875
21.788,310,493,740,312,0.0,38.0,42.0,2.13623046875,10.314940452575684,-3.051757574081421,-0.762451171875,0.30322265625,-0.218505859375
21.794,310,483,730,312,0.0,38.0,42.0,2.13623046875,10.314940452575684,-3.051757574081421,-0.7308349609375,0.32373046875,-0.11767578125
21.802,310,479,713,311,0.0,38.0,42.0,-19.47021484375,1.220703125,0.9765624403953552,-0.7308349609375,0.32373046875,-0.11767578125
21.815,310,481,698,312,0.0,38.0,42.0,-37.53662109375,-8.36181640625,9.21630859375,-0.6513671875,0.334716796875,0.0831298828125
21.824,310,488,714,312,-1.0,37.0,43.0,-37.53662109375,-8.36181640625,9.21630859375,-0.5753173828125,0.32958984375,0.171875
21.832,311,497,726,312,-1.0,37.0,43.0,-35.94970703125,-10.559081077575684,11.840819358825684,-0.5753173828125,0.32958984375,0.171875
21.873,310,509,771,310,-1.0,37.0,43.0,-27.221677780151367,-12.451170921325684,18.61572265625,-0.432373046875,0.3424072265625,0.2696533203125
21.896,310,523,796,312,-1.0,37.0,43.0,-27.221677780151367,-12.451170921325684,18.61572265625,-0.390625,0.3314208984375,0.251708984375
21.896,310,531,819,310,-1.0,37.0,43.0,-22.766111373901367,-11.840819358825684,19.83642578125,-0.390625,0.3314208984375,0.251708984375
21.896,296,547,871,310,-1.0,37.0,43.0,-16.11328125,-12.512206077575684,14.343260765075684,-0.4312744140625,0.3369140625,0.3353271484375
21.896,310,578,917,312,-1.0,37.0,43.0,-16.11328125,-12.512206077575684,14.343260765075684,-0.4630126953125,0.343017578125,0.401123046875
21.896,310,601,960,313,-1.0,37.0,43.0,-13.183592796325684,-13.122557640075684,9.82666015625,-0.4630126953125,0.343017578125,0.401123046875
21.907,310,654,1047,313,-1.0,37.0,43.0,1.7700194120407104,-3.173827886581421,-3.112792730331421,-0.5169677734375,0.3563232421875,0.332275390625
21.915,312,688,1094,312,-1.0,37.0,43.0,10.620116233825684,1.5258787870407104,-8.544921875,-0.544189453125,0.3489990234375,0.2183837890625
21.922,310,728,1149,312,-3.0,36.0,43.0,10.620116233825684,1.5258787870407104,-8.544921875,-0.5167236328125,0.3607177734375,0.1536865234375
21.935,310,827,1243,313,-3.0,36.0,43.0,24.414060592651367,-2.563476324081421,-6.042479991912842,-0.5338134765625,0.391845703125,0.0938720703125
21.946,311,878,1309,312,-3.0,36.0,43.0,34.1796875,-3.906249761581421,0.2441406100988388,-0.7686767578125,0.330322265625,-0.0655517578125
21.952,310,931,1365,313,-3.0,36.0,43.0,34.1796875,-3.906249761581421,0.2441406100988388,-1.091552734375,0.148681640625,-0.23046875
21.974,310,996,1452,314,-3.0,36.0,43.0,49.438472747802734,-2.685546636581421,-9.3994140625,-1.28271484375,0.0660400390625,-0.264404296875
21.974,310,1025,1498,312,-3.0,36.0,43.0,43.701168060302734,-5.432128429412842,-17.578125,-1.377685546875,0.2034912109375,-0.243408203125
21.982,308,1050,1528,314,-3.0,36.0,43.0,43.701168060302734,-5.432128429412842,-17.578125,-1.445556640625,0.3995361328125,-0.199951171875
22.001,310,1079,1562,312,-3.0,36.0,43.0,4.08935546875,-23.376462936401367,-6.896972179412842,-1.528076171875,0.56494140625,-0.05859375
22.004,312,1089,1582,313,-3.0,36.0,43.0,-18.73779296875,-31.982419967651367,6.103515148162842,-1.652099609375,0.700439453125,0.1661376953125
22.011,311,1101,1588,314,-3.0,36.0,43.0,-18.73779296875,-31.982419967651367,6.103515148162842,-1.6942138671875,0.698486328125,0.43798828125
22.026,311,1101,1579,312,-2.0,36.0,44.0,-41.198726654052734,-28.930662155151367,15.441893577575684,-1.5211181640625,0.545654296875,0.6533203125
22.034,312,1100,1564,314,-2.0,36.0,44.0,-23.437498092651367,-13.549803733825684,8.7890625,-1.150146484375,0.3485107421875,0.6524658203125
22.049,310,1091,1538,314,-2.0,36.0,44.0,-23.437498092651367,-13.549803733825684,8.7890625,-0.840087890625,0.3294677734375,0.400390625
22.056,310,1065,1490,312,-2.0,36.0,44.0,29.541013717651367,22.155759811401367,-6.103515148162842,-0.8104248046875,0.515869140625,0.0418701171875
22.066,310,1042,1470,314,-2.0,36.0,44.0,27.282712936401367,24.719236373901367,-11.840819358825684,-0.9468994140625,0.6160888671875,-0.1912841796875
22.085,310,1035,1470,313,-2.0,36.0,44.0,7.751464366912842,17.822265625,-18.1884765625,-1.0965576171875,0.5355224609375,-0.177978515625
22.086,310,1020,1460,314,-2.0,36.0,44.0,-12.634276390075684,7.873534679412842,-21.728513717651367,-1.317138671875,0.486083984375,-0.002197265625
22.093,310,996,1434,314,-2.0,36.0,44.0,-27.648923873901367,-1.03759765625,-18.49365234375,-1.6131591796875,0.5401611328125,0.1939697265625
22.107,311,966,1413,314,-2.0,36.0,44.0,-38.2080078125,-5.187987804412842,-9.6435546875,-1.8143310546875,0.51806640625,0.326416015625
22.115,310,913,1342,312,0.0,37.0,46.0,-41.809078216552734,-1.8920897245407104,2.38037109375,-1.8203125,0.4189453125,0.377685546875
22.123,310,865,1283,314,0.0,37.0,46.0,-36.376953125,6.591796398162842,18.24951171875,-1.6533203125,0.381591796875,0.3953857421875
22.131,310,827,1243,313,0.0,37.0,46.0,-26.000974655151367,15.869139671325684,34.24072265625,-1.3486328125,0.3572998046875,0.4295654296875
22.150,310,739,1129,312,0.0,37.0,46.0,-11.230467796325684,24.047849655151367,40.527339935302734,-0.9508056640625,0.2950439453125,0.46337890625
22.153,311,689,1054,313,0.0,37.0,46.0,10.131834983825684,31.249998092651367,34.11865234375,-0.6044921875,0.289794921875,0.390625
22.161,310,654,994,312,0.0,37.0,46.0,30.517576217651367,37.78076171875,21.240232467651367,-0.44775390625,0.3675537109375,0.184814453125
22.182,309,599,878,312,0.0,37.0,46.0,38.9404296875,40.222164154052734,7.324218273162842,-0.4705810546875,0.3934326171875,-0.0545654296875
22.183,310,572,818,312,0.0,37.0,46.0,34.48486328125,35.70556640625,-5.615233898162842,-0.5599365234375,0.2930908203125,-0.2568359375
22.198,310,552,797,312,0.0,37.0,46.0,24.169919967651367,27.770994186401367,-15.075682640075684,-0.627197265625,0.18212890625,-0.4066162109375
22.212,309,513,750,310,0.0,37.0,46.0,13.610838890075684,20.935056686401367,-17.9443359375,-0.6942138671875,0.1883544921875,-0.4703369140625
22.213,310,497,716,312,-3.0,38.0,46.0,2.13623046875,12.817381858825684,-15.747069358825684,-0.7088623046875,0.230224609375,-0.3800048828125
22.223,308,480,697,311,-3.0,38.0,46.0,-10.864256858825684,3.173827886581421,-13.427733421325684,-0.6715087890625,0.2005615234375,-0.2222900390625
22.235,308,451,669,311,-3.0,38.0,46.0,-21.240232467651367,-3.662109136581421,-11.169432640075684,-0.6732177734375,0.166259765625,-0.0770263671875
22.244,310,439,661,311,-3.0,38.0,46.0,-24.658201217651367,-7.812499523162842,-7.141112804412842,-0.688720703125,0.1954345703125,0.0616455078125
22.255,310,430,650,312,-3.0,38.0,46.0,-22.644041061401367,-10.681151390075684,-1.9531248807907104,-0.697021484375,0.2904052734375,0.1483154296875
22.283,310,426,644,310,-3.0,38.0,46.0,-20.812986373901367,-12.512206077575684,3.723144292831421,-0.687255859375,0.3843994140625,0.1923828125
22.283,287,432,644,310,-3.0,38.0,46.0,-20.568845748901367,-13.549803733825684,8.1787109375,-0.65771484375,0.4002685546875,0.225830078125
22.283,310,437,648,312,-3.0,38.0,46.0,-19.47021484375,-12.878417015075684,10.070799827575684,-0.6114501953125,0.3677978515625,0.2484130859375
22.295,308,447,665,310,-3.0,38.0,46.0,-17.08984375,-10.192870140075684,10.253905296325684,-0.5701904296875,0.3719482421875,0.26123046875
22.310,310,463,684,311,-3.0,38.0,46.0,-16.05224609375,-8.4228515625,9.94873046875,-0.52294921875,0.39892578125,0.2830810546875
22.311,310,476,711,312,-3.0,38.0,46.0,-15.930174827575684,-9.27734375,8.6669921875,-0.44970703125,0.3948974609375,0.2901611328125
22.325,310,499,756,310,-1.0,39.0,46.0,-12.207030296325684,-10.681151390075684,6.286620616912842,-0.4046630859375,0.3968505859375,0.258056640625
22.333,308,519,784,312,-1.0,39.0,46.0,-5.187987804412842,-12.145995140075684,3.662109136581421,-0.3988037109375,0.4017333984375,0.2236328125
22.345,310,546,835,312,-1.0,39.0,46.0,-0.1831054538488388,-14.099120140075684,0.2441406100988388,-0.39794921875,0.357177734375,0.1961669921875
22.355,310,594,910,312,-1.0,39.0,46.0,2.13623046875,-16.17431640625,-3.417968511581421,-0.376220703125,0.2646484375,0.1705322265625
22.363,310,629,968,312,-1.0,39.0,46.0,6.835937023162842,-18.5546875,-6.408690929412842,-0.337890625,0.2056884765625,0.158935546875
22.382,311,661,1038,312,-1.0,39.0,46.0,16.845703125,-22.094724655151367,-8.1787109375,-0.30419921875,0.2220458984375,0.1697998046875
22.385,310,770,1188,312,-1.0,39.0,46.0,28.320310592651367,-25.695798873901367,-9.46044921875,-0.4295654296875,0.31494140625,0.210205078125
22.393,310,846,1268,312,-1.0,39.0,46.0,36.56005859375,-26.123044967651367,-10.986327171325684,-0.4295654296875,0.31494140625,0.210205078125
22.402,312,904,1351,312,-1.0,39.0,46.0,40.771480560302734,-22.827146530151367,-13.122557640075684,-0.82080078125,0.339111328125,0.1387939453125
22.415,311,987,1445,313,0.0,37.0,43.0,41.320796966552734,-15.808104515075684,-18.5546875,-1.4820556640625,0.0584716796875,-0.2479248046875
22.431,311,1022,1499,314,0.0,37.0,43.0,35.15625,-7.995604991912842,-26.489255905151367,-1.4820556640625,0.0584716796875,-0.2479248046875
22.432,297,1065,1536,313,0.0,37.0,43.0,20.812986373901367,-7.995604991912842,-28.991697311401367,-1.4534912109375,0.0799560546875,-0.252685546875
22.445,310,1105,1592,312,0.0,37.0,43.0,3.906249761581421,-17.08984375,-22.460935592651367,-1.3658447265625,0.57958984375,0.0164794921875
22.458,311,1123,1620,314,0.0,37.0,43.0,-4.45556640625,-27.893064498901367,-11.230467796325684,-1.3658447265625,0.57958984375,0.0164794921875
22.462,312,1141,1640,314,0.0,37.0,43.0,-4.2724609375,-34.7900390625,-1.2817381620407104,-1.5628662109375,0.922119140625,0.2215576171875
22.491,311,1129,1624,312,0.0,37.0,43.0,-10.803221702575684,-36.376953125,1.7700194120407104,-1.918701171875,0.701904296875,0.5892333984375
22.493,310,1125,1598,314,0.0,37.0,43.0,-26.916501998901367,-31.555173873901367,-1.9531248807907104,-1.918701171875,0.701904296875,0.5892333984375
22.493,309,1109,1572,313,0.0,37.0,43.0,-37.04833984375,-18.24951171875,-6.347655773162842,-1.465087890625,0.128662109375,0.6781005859375
22.506,310,1076,1513,312,0.0,37.0,43.0,-25.512693405151367,1.5869139432907104,-5.676269054412842,-0.743408203125,0.2122802734375,0.1593017578125
22.514,311,1069,1511,313,-1.0,35.0,46.0,5.859374523162842,16.78466796875,2.197265625,-0.743408203125,0.2122802734375,0.1593017578125
22.522,311,1057,1527,312,-1.0,35.0,46.0,29.602048873901367,20.01953125,7.385253429412842,-0.93896484375,0.70166015625,-0.1663818359375
22.547,311,1043,1528,313,-1.0,35.0,46.0,6.469726085662842,5.0048828125,-16.54052734375,-1.57275390625,0.7891845703125,0.058349609375
22.547,293,996,1511,312,-1.0,35.0,46.0,6.469726085662842,5.0048828125,-16.54052734375,-1.7431640625,0.5810546875,0.2689208984375
22.552,310,998,1499,312,-1.0,35.0,46.0,-19.47021484375,-2.13623046875,-26.367185592651367,-1.7431640625,0.5810546875,0.2689208984375
22.566,310,938,1455,312,-1.0,35.0,46.0,-29.724119186401367,0.7934569716453552,-11.657713890075684,-1.5908203125,0.23974609375,0.37841796875
22.590,311,889,1403,314,-1.0,35.0,46.0,-29.724119186401367,0.7934569716453552,-11.657713890075684,-1.37939453125,0.289306640625,0.381591796875
22.590,310,844,1349,313,-1.0,35.0,46.0,-18.12744140625,6.103515148162842,6.652831554412842,-1.37939453125,0.289306640625,0.381591796875
22.595,310,766,1246,312,-1.0,35.0,46.0,-5.187987804412842,18.6767578125,30.517576217651367,-0.901123046875,0.3570556640625,0.3973388671875
22.604,311,714,1191,312,-1.0,35.0,46.0,-5.187987804412842,18.6767578125,30.517576217651367,-0.6761474609375,0.30517578125,0.336669921875
22.612,310,675,1148,312,-1.0,38.0,45.0,0.30517578125,25.939939498901367,27.954099655151367,-0.6761474609375,0.30517578125,0.336669921875
22.626,309,616,1076,312,-1.0,38.0,45.0,16.17431640625,35.58349609375,12.268065452575684,-0.5191650390625,0.3154296875,0.1309814453125
22.641,311,592,1029,312,-1.0,38.0,45.0,16.17431640625,35.58349609375,12.268065452575684,-0.5362548828125,0.2435302734375,0.0498046875
22.648,310,564,968,313,-1.0,38.0,45.0,16.845703125,35.5224609375,1.8920897245407104,-0.5362548828125,0.2435302734375,0.0498046875
22.662,310,530,882,312,-1.0,38.0,45.0,12.390135765075684,33.14208984375,-14.038084983825684,-0.59521484375,0.0325927734375,-0.2100830078125
22.663,311,516,859,312,-1.0,38.0,45.0,12.390135765075684,33.14208984375,-14.038084983825684,-0.6553955078125,0.016357421875,-0.331787109375
22.672,310,499,854,311,-1.0,38.0,45.0,15.563963890075684,30.578611373901367,-14.526366233825684,-0.7088623046875,0.0926513671875,-0.33349609375
22.691,311,487,846,311,-1.0,38.0,45.0,13.000487327575684,13.305663108825684,-2.01416015625,-0.7099609375,0.193603515625,-0.2303466796875
22.694,310,481,835,312,-1.0,38.0,45.0,0.0,2.50244140625,5.187987804412842,-0.7052001953125,0.2845458984375,-0.1170654296875
22.702,310,481,832,312,-1.0,38.0,45.0,0.0,2.50244140625,5.187987804412842,-0.6988525390625,0.3570556640625,-0.004638671875
22.716,309,482,832,310,-1.0,38.0,42.0,-21.057126998901367,-8.30078125,13.549803733825684,-0.6943359375,0.39794921875,0.1055908203125
22.724,310,482,835,312,-1.0,38.0,42.0,-25.146482467651367,-8.60595703125,14.099120140075684,-0.6717529296875,0.407470703125,0.2066650390625
22.736,311,495,840,312,-1.0,38.0,42.0,-25.146482467651367,-8.60595703125,14.099120140075684,-0.63623046875,0.3978271484375,0.2669677734375
22.746,310,503,840,311,-1.0,38.0,42.0,-23.864744186401367,-4.150390625,14.038084983825684,-0.6116943359375,0.3968505859375,0.2642822265625
22.754,310,510,852,312,-1.0,38.0,42.0,-20.202634811401367,-2.990722417831421,15.014647483825684,-0.59423828125,0.4044189453125,0.2249755859375
22.768,310,519,869,312,-1.0,38.0,42.0,-20.202634811401367,-2.990722417831421,15.014647483825684,-0.5810546875,0.403076171875,0.2254638671875
22.775,309,533,912,312,-1.0,38.0,42.0,-11.779784202575684,-8.056640625,13.488768577575684,-0.5606689453125,0.3995361328125,0.27783203125
22.795,310,545,944,311,-1.0,38.0,42.0,-6.958007335662842,-10.498045921325684,9.521484375,-0.540771484375,0.38232421875,0.298583984375
22.795,310,558,976,299,-1.0,38.0,42.0,-6.958007335662842,-10.498045921325684,9.521484375,-0.517333984375,0.3341064453125,0.2684326171875
22.805,311,579,1051,311,-1.0,38.0,42.0,2.624511480331421,-4.69970703125,0.6103515625,-0.4854736328125,0.2882080078125,0.216796875
22.814,310,601,1105,312,-2.0,38.0,46.0,6.958007335662842,-2.3193359375,-1.5258787870407104,-0.4486083984375,0.2696533203125,0.157470703125
22.821,310,631,1162,312,-2.0,38.0,46.0,12.878417015075684,-4.150390625,-2.0751953125,-0.387451171875,0.2373046875,0.1060791015625
22.839,310,677,1248,312,-2.0,38.0,46.0,21.545408248901367,-8.72802734375,-1.8310545682907104,-0.321044921875,0.1953125,0.0728759765625
22.844,310,726,1334,312,-2.0,38.0,46.0,32.470703125,-12.329100608825684,-0.7324218153953552,-0.31201171875,0.2303466796875,0.0802001953125
22.854,312,801,1400,314,-2.0,38.0,46.0,39.12353515625,-12.512206077575684,1.3427733182907104,-0.551513671875,0.3956298828125,0.0653076171875
22.875,311,888,1488,314,-2.0,38.0,46.0,30.639646530151367,-11.413573265075684,2.685546636581421,-1.0201416015625,0.5177001953125,-0.0078125
22.875,310,944,1538,314,-2.0,38.0,46.0,8.23974609375,-10.620116233825684,-1.15966796875,-1.3709716796875,0.3717041015625,-0.0538330078125
22.893,310,982,1580,313,-2.0,38.0,46.0,-12.878417015075684,-9.6435546875,-8.30078125,-1.4444580078125,0.09912109375,-0.0150146484375
22.898,311,1035,1624,312,-2.0,38.0,46.0,-18.73779296875,-11.962889671325684,-10.498045921325684,-1.3052978515625,-0.019287109375,0.093017578125
22.905,311,1065,1640,310,-2.0,38.0,46.0,-2.0751953125,-19.287109375,-4.94384765625,-1.1488037109375,0.1072998046875,0.171142578125
22.912,311,1089,1666,314,-3.0,35.0,45.0,28.564451217651367,-25.512693405151367,4.2724609375,-1.1861572265625,0.522216796875,0.1451416015625
22.926,311,1129,1698,314,-3.0,35.0,45.0,46.630855560302734,-25.207517623901367,9.21630859375,-1.464599609375,1.04931640625,0.0989990234375
22.934,310,1129,1703,314,-3.0,35.0,45.0,31.311033248901367,-19.4091796875,2.01416015625,-1.7906494140625,1.2066650390625,0.1585693359375
22.942,311,1118,1683,314,-3.0,35.0,45.0,-2.929687261581421,-10.620116233825684,-13.916014671325684,-1.873779296875,0.8226318359375,0.306396484375
22.959,311,1096,1642,312,-3.0,35.0,45.0,-23.925779342651367,-1.8310545682907104,-25.024412155151367,-1.49365234375,0.2156982421875,0.430908203125
22.970,310,1078,1613,314,-3.0,35.0,45.0,-13.977049827575684,5.676269054412842,-24.536130905151367,-0.968505859375,-0.0196533203125,0.3616943359375
22.972,298,1056,1592,313,-3.0,35.0,45.0,14.343260765075684,9.09423828125,-17.2119140625,-0.8172607421875,0.3310546875,0.0496826171875
23.001,312,1051,1608,312,-3.0,35.0,45.0,28.808591842651367,6.835937023162842,-15.258788108825684,-0.98486328125,0.7437744140625,-0.2056884765625
23.001,315,1050,1597,314,-3.0,35.0,45.0,16.9677734375,1.3427733182907104,-25.878904342651367,-1.296142578125,0.86376953125,-0.1595458984375
23.002,296,1029,1588,314,-3.0,35.0,45.0,-11.779784202575684,-5.493163585662842,-40.893550872802734,-1.603271484375,0.750244140625,0.064208984375
23.015,312,994,1540,314,0.0,37.0,43.0,-41.015621185302734,-10.070799827575684,-48.339839935302734,-1.7279052734375,0.51318359375,0.2801513671875
23.024,310,960,1506,314,0.0,37.0,43.0,-51.696773529052734,-9.94873046875,-43.518062591552734,-1.662841796875,0.3092041015625,0.3907470703125
23.032,311,923,1447,313,0.0,37.0,43.0,-40.405269622802734,-6.347655773162842,-28.686521530151367,-1.5126953125,0.2841796875,0.3970947265625
23.045,310,846,1352,314,0.0,37.0,43.0,-21.179197311401367,-1.4648436307907104,-10.131834983825684,-1.3502197265625,0.396240234375,0.3612060546875
23.054,312,797,1306,313,0.0,37.0,43.0,-7.690429210662842,4.33349609375,3.967284917831421,-1.1702880859375,0.4072265625,0.343505859375
23.073,310,756,1257,312,0.0,37.0,43.0,-1.4038084745407104,10.803221702575684,9.6435546875,-0.9599609375,0.2432861328125,0.3555908203125
23.075,310,678,1145,313,0.0,37.0,43.0,4.2724609375,16.2353515625,11.779784202575684,-0.7386474609375,0.0770263671875,0.341796875
23.102,310,642,1082,311,0.0,37.0,43.0,14.465331077575684,19.95849609375,15.747069358825684,-0.565185546875,0.0224609375,0.271240234375
23.102,310,607,1041,312,0.0,37.0,43.0,26.184080123901367,21.423337936401367,17.9443359375,-0.455810546875,0.03857421875,0.194091796875
23.106,310,562,963,312,0.0,37.0,43.0,33.87451171875,21.911619186401367,14.221190452575684,-0.4163818359375,0.1038818359375,0.1279296875
23.114,307,545,874,312,-2.0,37.0,45.0,33.8134765625,23.803709030151367,7.507323741912842,-0.490478515625,0.189697265625,0.0550537109375
23.122,310,530,840,312,-2.0,37.0,45.0,25.024412155151367,25.878904342651367,0.0,-0.5811767578125,0.162109375,-0.0279541015625
23.136,310,506,811,312,-2.0,37.0,45.0,14.038084983825684,28.564451217651367,-8.72802734375,-0.6380615234375,0.0797119140625,-0.259765625
23.147,310,504,808,311,-2.0,37.0,45.0,8.30078125,31.249998092651367,-13.854979515075684,-0.6380615234375,0.0797119140625,-0.259765625
23.152,310,499,785,312,-2.0,37.0,45.0,4.8828125,27.954099655151367,-10.131834983825684,-0.6741943359375,0.2156982421875,-0.267333984375
23.179,310,502,765,312,-2.0,37.0,45.0,-3.723144292831421,17.4560546875,-1.0986328125,-0.675048828125,0.4227294921875,-0.087158203125
23.179,310,507,770,311,-2.0,37.0,45.0,-15.502928733825684,4.45556640625,7.751464366912842,-0.675048828125,0.4227294921875,-0.087158203125
23.182,310,513,780,312,-2.0,37.0,45.0,-24.902341842651367,-6.225585460662842,13.488768577575684,-0.65087890625,0.423828125,0.034423828125
23.204,310,527,810,312,-2.0,37.0,45.0,-29.174802780151367,-12.939452171325684,15.441893577575684,-0.595458984375,0.40087890625,0.22802734375
23.204,312,518,803,312,-2.0,37.0,45.0,-28.015134811401367,-16.05224609375,14.709471702575684,-0.595458984375,0.40087890625,0.22802734375
23.213,311,545,849,312,-5.0,37.0,42.0,-22.949216842651367,-15.808104515075684,12.268065452575684,-0.5513916015625,0.362060546875,0.2501220703125
23.221,310,558,868,312,-5.0,37.0,42.0,-16.41845703125,-14.221190452575684,8.9111328125,-0.5186767578125,0.323974609375,0.2333984375
23.235,310,592,959,311,-5.0,37.0,42.0,-9.94873046875,-13.122557640075684,5.432128429412842,-0.4163818359375,0.2894287109375,0.1995849609375
23.248,311,613,1000,313,-5.0,37.0,42.0,-4.0283203125,-13.305663108825684,2.01416015625,-0.4163818359375,0.2894287109375,0.1995849609375
23.251,309,639,1069,312,-5.0,37.0,42.0,2.563476324081421,-14.282225608825684,-1.220703125,-0.3299560546875,0.292236328125,0.228515625
23.265,310,695,1160,312,-5.0,37.0,42.0,10.314940452575684,-14.953612327575684,-4.7607421875,-0.27490234375,0.3443603515625,0.171875
23.285,311,749,1225,313,-5.0,37.0,42.0,16.4794921875,-15.441893577575684,-8.7890625,-0.27490234375,0.3443603515625,0.171875
23.286,310,803,1267,296,-5.0,37.0,42.0,16.90673828125,-16.54052734375,-11.901854515075684,-0.34765625,0.390380859375,0.0634765625
23.308,310,901,1415,312,-5.0,37.0,42.0,12.634276390075684,-17.578125,-12.817381858825684,-1.1422119140625,0.271484375,0.04150390625
23.309,286,920,1468,313,-5.0,37.0,42.0,8.1787109375,-17.76123046875,-13.916014671325684,-1.1422119140625,0.271484375,0.04150390625
23.312,310,984,1528,313,-7.0,39.0,43.0,-1.8920897245407104,-14.160155296325684,-17.4560546875,-1.4210205078125,0.0916748046875,0.11181640625
23.326,310,1039,1584,313,-7.0,39.0,43.0,-17.822265625,-4.2724609375,-18.5546875,-1.1531982421875,-0.0872802734375,0.2470703125
23.334,312,1067,1621,314,-7.0,39.0,43.0,-17.822265625,-4.2724609375,-18.5546875,-1.0511474609375,0.196044921875,0.0845947265625
23.342,312,1089,1640,314,-7.0,39.0,43.0,2.197265625,-6.042479991912842,-8.30078125,-1.0511474609375,0.196044921875,0.0845947265625
23.356,312,1117,1681,313,-7.0,39.0,43.0,30.883787155151367,-19.8974609375,16.17431640625,-1.48779296875,0.771484375,-0.088134765625
23.364,310,1125,1694,313,-7.0,39.0,43.0,30.883787155151367,-19.8974609375,16.17431640625,-1.7586669921875,0.8338623046875,0.177978515625
23.372,310,1129,1700,314,-7.0,39.0,43.0,14.404295921325684,-25.085447311401367,18.73779296875,-1.7586669921875,0.8338623046875,0.177978515625
23.387,311,1112,1675,313,-7.0,39.0,43.0,-23.864744186401367,-13.854979515075684,10.803221702575684,-1.5218505859375,0.3177490234375,0.664794921875
23.408,310,1103,1646,314,-7.0,39.0,43.0,-23.864744186401367,-13.854979515075684,10.803221702575684,-1.03857421875,0.1435546875,0.4923095703125
23.409,312,1087,1619,313,-7.0,39.0,43.0,-8.4228515625,2.685546636581421,6.835937023162842,-1.03857421875,0.1435546875,0.4923095703125
23.415,310,1055,1573,312,0.0,35.0,40.0,29.846189498901367,17.27294921875,3.417968511581421,-0.9073486328125,0.693115234375,-0.1697998046875
23.425,309,1054,1579,312,0.0,35.0,40.0,29.846189498901367,17.27294921875,3.417968511581421,-1.0955810546875,0.6968994140625,-0.1517333984375
23.437,312,1050,1573,314,0.0,35.0,40.0,10.803221702575684,12.756346702575684,-8.4228515625,-1.3255615234375,0.5516357421875,0.05615234375
23.445,310,1025,1551,312,0.0,35.0,40.0,-37.4755859375,4.08935546875,-33.447265625,-1.570556640625,0.4833984375,0.247802734375
23.454,310,1000,1527,314,0.0,35.0,40.0,-47.241207122802734,3.234863042831421,-30.090330123901367,-1.699462890625,0.44189453125,0.3448486328125
23.463,310,974,1499,313,0.0,35.0,40.0,-47.241207122802734,3.234863042831421,-30.090330123901367,-1.66845703125,0.3922119140625,0.367919921875
23.482,310,902,1430,312,0.0,35.0,40.0,-32.71484375,9.21630859375,-3.662109136581421,-1.546875,0.4110107421875,0.34765625
23.492,309,861,1377,314,0.0,35.0,40.0,-22.155759811401367,12.939452171325684,11.840819358825684,-1.35546875,0.4432373046875,0.3331298828125
23.512,310,814,1292,295,0.0,35.0,40.0,-22.155759811401367,12.939452171325684,11.840819358825684,-1.0919189453125,0.333251953125,0.334228515625
23.512,311,749,1232,312,0.0,32.0,40.0,-5.371093273162842,22.888181686401367,24.536130905151367,-0.815673828125,0.1708984375,0.3062744140625
23.514,310,705,1157,312,0.0,32.0,40.0,5.981444835662842,26.428220748901367,25.695798873901367,-0.61181640625,0.147705078125,0.2049560546875
23.522,311,674,1116,314,0.0,32.0,40.0,5.981444835662842,26.428220748901367,25.695798873901367,-0.5272216796875,0.2066650390625,0.09912109375
23.536,310,620,1039,312,0.0,32.0,40.0,15.441893577575684,23.742673873901367,19.6533203125,-0.5091552734375,0.2154541015625,0.0738525390625
23.552,310,594,1012,314,0.0,32.0,40.0,13.916014671325684,24.353025436401367,9.1552734375,-0.525146484375,0.2044677734375,0.0859375
23.555,310,548,943,313,0.0,32.0,40.0,13.916014671325684,24.353025436401367,9.1552734375,-0.5963134765625,0.229248046875,0.089599609375
23.566,310,537,876,311,0.0,32.0,40.0,0.4272460639476776,31.188962936401367,-10.314940452575684,-0.673095703125,0.1934814453125,0.06640625
23.574,310,519,846,312,0.0,32.0,40.0,-7.812499523162842,31.066892623901367,-16.66259765625,-0.6903076171875,0.0699462890625,-0.0350341796875
23.584,310,507,830,311,0.0,32.0,40.0,-7.812499523162842,31.066892623901367,-16.66259765625,-0.695556640625,0.0189208984375,-0.1566162109375
23.614,310,493,813,312,0.0,32.0,40.0,1.03759765625,26.123044967651367,-13.427733421325684,-0.715576171875,0.1156005859375,-0.1884765625
23.615,295,464,806,312,0.0,39.0,45.0,5.676269054412842,17.88330078125,-3.173827886581421,-0.7359619140625,0.267822265625,-0.1429443359375
23.615,312,469,803,310,0.0,39.0,45.0,2.868652105331421,9.09423828125,5.310058116912842,-0.7352294921875,0.3818359375,-0.0693359375
23.626,310,475,810,310,0.0,39.0,45.0,-4.08935546875,2.868652105331421,9.3994140625,-0.716796875,0.4320068359375,0.0084228515625
23.634,310,477,814,312,0.0,39.0,45.0,-11.291502952575684,-0.2441406100988388,10.009765625,-0.7083740234375,0.44970703125,0.0814208984375
23.642,310,479,830,312,0.0,39.0,45.0,-16.29638671875,-1.2817381620407104,9.21630859375,-0.6929931640625,0.457275390625,0.1409912109375
23.665,310,490,858,312,0.0,39.0,45.0,-18.9208984375,-1.03759765625,8.4228515625,-0.6820068359375,0.4488525390625,0.1771240234375
23.666,310,495,874,313,0.0,39.0,45.0,-20.812986373901367,-1.03759765625,8.1787109375,-0.6578369140625,0.399658203125,0.202392578125
23.672,308,502,889,311,0.0,39.0,45.0,-20.507810592651367,-1.4648436307907104,7.873534679412842,-0.6221923828125,0.3182373046875,0.19384765625
23.687,310,519,927,311,0.0,39.0,45.0,-16.11328125,-2.197265625,7.263183116912842,-0.61083984375,0.27490234375,0.1695556640625
23.694,310,535,960,312,0.0,39.0,45.0,-10.620116233825684,-4.69970703125,6.835937023162842,-0.6072998046875,0.3074951171875,0.1673583984375
23.719,310,547,998,312,0.0,39.0,45.0,-7.873534679412842,-7.690429210662842,6.469726085662842,-0.5904541015625,0.3656005859375,0.1607666015625
23.719,294,578,1064,310,-1.0,38.0,40.0,-8.544921875,-9.3994140625,5.065917491912842,-0.554931640625,0.3531494140625,0.137451171875
23.724,310,601,1098,313,-1.0,38.0,40.0,-10.314940452575684,-10.864256858825684,2.746581792831421,-0.51025390625,0.272216796875,0.1046142578125
23.732,310,630,1143,312,-1.0,38.0,40.0,-10.009765625,-13.671874046325684,1.4038084745407104,-0.4580078125,0.2164306640625,0.0819091796875
23.746,311,707,1229,312,-1.0,38.0,40.0,-6.591796398162842,-19.34814453125,0.9765624403953552,-0.3695068359375,0.1995849609375,0.1029052734375
23.756,311,769,1294,313,-1.0,38.0,40.0,-0.9765624403953552,-27.404783248901367,-1.8310545682907104,-0.3453369140625,0.169189453125,0.163818359375
23.762,310,822,1365,312,-1.0,38.0,40.0,7.751464366912842,-35.09521484375,-9.58251953125,-0.4581298828125,0.10693359375,0.2269287109375
23.776,311,932,1484,312,-1.0,38.0,40.0,21.850584030151367,-36.80419921875,-21.484373092651367,-0.644775390625,0.0926513671875,0.2076416015625
23.790,311,981,1529,315,-1.0,38.0,40.0,34.36279296875,-29.479978561401367,-31.494138717651367,-0.8544921875,0.1739501953125,0.106201171875
23.792,312,1026,1572,313,-1.0,38.0,40.0,34.423828125,-19.47021484375,-35.33935546875,-1.0496826171875,0.220458984375,0.0291748046875
23.819,310,1081,1635,311,-1.0,36.0,41.0,27.343748092651367,-13.610838890075684,-32.958984375,-1.249755859375,0.2197265625,0.0115966796875
23.819,310,1086,1625,314,-1.0,36.0,41.0,25.268552780151367,-13.610838890075684,-23.925779342651367,-1.501953125,0.3428955078125,0.0289306640625
23.822,312,1134,1684,314,-1.0,36.0,41.0,27.160642623901367,-17.822265625,-11.413573265075684,-1.788330078125,0.639892578125,0.05419921875
23.836,310,1149,1701,314,-1.0,36.0,41.0,22.766111373901367,-23.071287155151367,-0.9155272841453552,-2.042236328125,0.884765625,0.1226806640625
23.844,310,1133,1675,314,-1.0,36.0,41.0,5.554198741912842,-25.329587936401367,4.45556640625,-2.117919921875,0.8033447265625,0.296142578125
23.851,310,1125,1646,313,-1.0,36.0,41.0,-16.6015625,-19.71435546875,5.676269054412842,-1.7265625,0.369140625,0.515380859375
23.865,311,1087,1582,312,-1.0,36.0,41.0,-24.108884811401367,-3.540038824081421,4.7607421875,-1.0687255859375,-0.00830078125,0.5662841796875
23.873,310,1076,1574,313,-1.0,36.0,41.0,-5.981444835662842,13.793944358825684,4.94384765625,-0.759521484375,0.16015625,0.30419921875
23.894,312,1074,1582,314,-1.0,36.0,41.0,18.49365234375,21.179197311401367,4.45556640625,-0.90380859375,0.6259765625,-0.0501708984375
23.896,310,1056,1579,314,-1.0,36.0,41.0,23.986814498901367,18.798828125,-4.39453125,-1.2762451171875,0.885498046875,-0.1668701171875
23.926,312,1039,1567,312,1.0,35.0,45.0,7.873534679412842,10.009765625,-19.59228515625,-1.6278076171875,0.81396484375,-0.03955078125
23.927,310,1018,1543,312,1.0,35.0,45.0,-17.578125,0.9155272841453552,-30.090330123901367,-1.7552490234375,0.5443115234375,0.163330078125
23.927,310,963,1490,299,1.0,35.0,45.0,-33.0810546875,-3.051757574081421,-28.686521530151367,-1.57080078125,0.281982421875,0.3604736328125
23.934,311,918,1445,313,1.0,35.0,45.0,-30.090330123901367,-2.197265625,-16.6015625,-1.57080078125,0.281982421875,0.3604736328125
23.942,311,873,1393,314,1.0,35.0,45.0,-18.9208984375,0.6103515625,-0.3662109076976776,-1.42626953125,0.3577880859375,0.3447265625
23.966,310,805,1309,313,1.0,35.0,45.0,-10.253905296325684,5.126952648162842,13.305663108825684,-0.943115234375,0.26611328125,0.3199462890625
23.966,310,765,1236,314,1.0,35.0,45.0,-5.676269054412842,11.840819358825684,19.04296875,-0.943115234375,0.26611328125,0.3199462890625
23.976,311,718,1176,314,1.0,35.0,45.0,-0.7324218153953552,17.76123046875,17.333984375,-0.674560546875,0.1761474609375,0.2696533203125
23.986,310,648,1078,312,1.0,35.0,45.0,7.263183116912842,19.8974609375,12.817381858825684,-0.5008544921875,0.2374267578125,0.088623046875
24.030,310,620,1027,312,1.0,35.0,45.0,15.563963890075684,17.27294921875,8.056640625,-0.5008544921875,0.2374267578125,0.088623046875
24.031,310,590,982,312,0.0,37.0,42.0,20.324705123901367,13.549803733825684,1.220703125,-0.5130615234375,0.2259521484375,0.052734375
24.031,310,543,884,312,0.0,37.0,42.0,20.01953125,12.268065452575684,-8.056640625,-0.60107421875,0.0552978515625,-0.0517578125
24.031,310,524,852,311,0.0,37.0,42.0,17.333984375,12.939452171325684,-15.808104515075684,-0.6331787109375,-0.0355224609375,-0.1737060546875
24.032,299,504,840,312,0.0,37.0,42.0,15.930174827575684,15.747069358825684,-19.83642578125,-0.6331787109375,-0.0355224609375,-0.1737060546875
24.046,310,483,832,312,0.0,37.0,42.0,16.4794921875,16.54052734375,-18.9208984375,-0.6708984375,0.0992431640625,-0.1116943359375
24.054,310,469,832,311,0.0,37.0,42.0,14.526366233825684,10.742186546325684,-12.207030296325684,-0.677490234375,0.26318359375,-0.0355224609375
24.062,310,465,832,312,0.0,37.0,42.0,6.713866710662842,2.807616949081421,-2.929687261581421,-0.677490234375,0.26318359375,-0.0355224609375
24.076,310,469,848,313,0.0,37.0,42.0,-12.817381858825684,-5.310058116912842,8.544921875,-0.66796875,0.4154052734375,0.103515625
24.084,310,480,869,312,0.0,37.0,42.0,-12.817381858825684,-5.310058116912842,8.544921875,-0.658203125,0.3853759765625,0.1661376953125
24.097,310,484,878,312,0.0,37.0,42.0,-18.5546875,-6.103515148162842,10.314940452575684,-0.658203125,0.3853759765625,0.1661376953125
24.105,310,499,888,311,0.0,36.0,38.0,-19.287109375,-7.141112804412842,15.014647483825684,-0.6597900390625,0.370849609375,0.2568359375
24.131,310,508,910,312,0.0,36.0,38.0,-19.287109375,-7.141112804412842,15.014647483825684,-0.6488037109375,0.3392333984375,0.2740478515625
24.131,299,521,925,295,0.0,36.0,38.0,-16.29638671875,-6.042479991912842,15.808104515075684,-0.6488037109375,0.3392333984375,0.2740478515625
24.136,310,533,963,312,0.0,36.0,38.0,-8.11767578125,-3.479003667831421,11.535643577575684,-0.6761474609375,0.3367919921875,0.2869873046875
24.144,311,543,981,312,0.0,36.0,38.0,-8.11767578125,-3.479003667831421,11.535643577575684,-0.702880859375,0.356201171875,0.2498779296875
24.151,310,557,999,312,0.0,36.0,38.0,-2.685546636581421,-3.784179449081421,9.46044921875,-0.702880859375,0.356201171875,0.2498779296875
24.165,310,578,1029,312,0.0,36.0,38.0,2.0751953125,-4.2724609375,12.329100608825684,-0.658203125,0.2730712890625,0.1705322265625
24.174,310,594,1051,312,0.0,36.0,38.0,2.0751953125,-4.2724609375,12.329100608825684,-0.5858154296875,0.2344970703125,0.1483154296875
24.182,310,614,1096,311,0.0,36.0,38.0,1.6479490995407104,-6.164550304412842,17.08984375,-0.5858154296875,0.2344970703125,0.1483154296875
24.199,310,668,1160,311,0.0,36.0,38.0,12.573241233825684,-15.624999046325684,23.437498092651367,-0.4459228515625,0.2930908203125,0.1890869140625
24.204,311,725,1219,314,-1.0,37.0,42.0,15.869139671325684,-17.9443359375,22.460935592651367,-0.5164794921875,0.263916015625,0.1771240234375
24.229,310,766,1275,312,-1.0,37.0,42.0,15.869139671325684,-17.9443359375,22.460935592651367,-0.6978759765625,0.0677490234375,0.1148681640625
24.229,312,847,1401,312,-1.0,37.0,42.0,14.709471702575684,-11.108397483825684,12.634276390075684,-0.8095703125,-0.122314453125,-0.0274658203125
24.234,312,889,1462,313,-1.0,37.0,42.0,19.95849609375,-3.906249761581421,8.30078125,-0.8323974609375,-0.074951171875,-0.1656494140625
24.242,310,932,1513,314,-1.0,37.0,42.0,19.95849609375,-3.906249761581421,8.30078125,-0.796142578125,0.166015625,-0.19384765625
24.256,311,1000,1585,312,-1.0,37.0,42.0,27.160642623901367,-8.23974609375,12.512206077575684,-0.7802734375,0.3924560546875,-0.139404296875
24.264,312,1034,1632,314,-1.0,37.0,42.0,17.63916015625,-13.916014671325684,9.46044921875,-0.914306640625,0.5455322265625,-0.036865234375
24.272,310,1056,1662,314,-1.0,37.0,42.0,17.63916015625,-13.916014671325684,9.46044921875,-1.2379150390625,0.697509765625,0.0751953125
24.285,310,1091,1701,313,-1.0,37.0,42.0,-19.47021484375,-15.930174827575684,-6.530761241912842,-1.645751953125,0.8795166015625,0.197021484375
24.294,310,1103,1715,313,-1.0,37.0,42.0,-32.53173828125,-16.6015625,-9.70458984375,-2.0003662109375,0.9482421875,0.3359375
24.302,310,1101,1708,314,0.0,35.0,43.0,-32.53173828125,-16.6015625,-9.70458984375,-2.1268310546875,0.741943359375,0.502685546875
24.348,310,1089,1669,314,0.0,35.0,43.0,-34.72900390625,-20.446775436401367,0.8544921278953552,-1.742919921875,0.2994384765625,0.6461181640625
24.348,310,1076,1636,314,0.0,35.0,43.0,-12.390135765075684,-9.8876953125,6.530761241912842,-1.078857421875,-0.0084228515625,0.580810546875
24.348,310,1026,1609,313,0.0,35.0,43.0,-12.390135765075684,-9.8876953125,6.530761241912842,-0.7850341796875,0.2169189453125,0.2052001953125
24.348,310,1041,1565,299,0.0,35.0,43.0,44.738765716552734,12.512206077575684,3.662109136581421,-0.906982421875,0.6663818359375,-0.1822509765625
24.354,310,1039,1613,314,0.0,35.0,43.0,36.4990234375,11.840819358825684,-7.690429210662842,-1.1943359375,0.84814453125,-0.232666015625
24.417,311,1031,1600,314,0.0,35.0,43.0,7.812499523162842,4.82177734375,-23.132322311401367,-1.5177001953125,0.7410888671875,-0.005859375
24.418,310,1000,1568,312,0.0,35.0,43.0,-22.338865280151367,-3.295898199081421,-30.944822311401367,-1.7132568359375,0.5513916015625,0.2625732421875
24.418,310,971,1531,312,0.0,35.0,43.0,-35.7666015625,-6.103515148162842,-26.367185592651367,-1.733154296875,0.4210205078125,0.4219970703125
24.418,312,934,1500,314,0.0,35.0,43.0,-29.846189498901367,-2.563476324081421,-13.916014671325684,-1.6456298828125,0.3819580078125,0.4381103515625
24.418,311,858,1395,314,0.0,35.0,43.0,-17.4560546875,3.356933355331421,1.4038084745407104,-1.5078125,0.4368896484375,0.390869140625
24.418,312,813,1323,313,0.0,35.0,43.0,-9.46044921875,8.11767578125,16.17431640625,-1.3157958984375,0.4639892578125,0.3612060546875
24.435,311,767,1267,312,0.0,35.0,43.0,-6.652831554412842,12.878417015075684,25.329587936401367,-1.0447998046875,0.3448486328125,0.3583984375
24.437,309,689,1153,312,0.0,35.0,43.0,-2.38037109375,17.88330078125,27.038572311401367,-0.73583984375,0.18896484375,0.3306884765625
24.458,310,644,1091,312,0.0,35.0,43.0,7.568358898162842,20.935056686401367,24.414060592651367,-0.5,0.132080078125,0.243408203125
24.458,308,605,1038,312,0.0,35.0,43.0,20.202634811401367,20.324705123901367,18.9208984375,-0.3927001953125,0.1436767578125,0.14404296875
24.465,310,551,944,312,0.0,35.0,43.0,30.578611373901367,18.4326171875,9.46044921875,-0.3753662109375,0.17822265625,0.0543212890625
24.474,310,529,871,312,0.0,35.0,43.0,33.203125,18.4326171875,-2.746581792831421,-0.427001953125,0.2008056640625,-0.017822265625
24.481,310,513,830,311,0.0,35.0,43.0,25.451658248901367,20.935056686401367,-14.587401390075684,-0.4932861328125,0.15576171875,-0.1217041015625
24.495,309,485,816,311,0.0,35.0,43.0,13.671874046325684,26.367185592651367,-23.803709030151367,-0.5682373046875,0.102294921875,-0.2528076171875
24.506,310,496,811,310,-1.0,38.0,39.0,5.0048828125,28.747556686401367,-25.939939498901367,-0.640380859375,0.1273193359375,-0.2672119140625
24.512,310,485,806,312,-1.0,38.0,39.0,-1.6479490995407104,22.216794967651367,-19.287109375,-0.6812744140625,0.2166748046875,-0.1859130859375
24.536,310,476,809,310,-1.0,38.0,39.0,-10.009765625,10.681151390075684,-9.033203125,-0.7066650390625,0.321044921875,-0.09228515625
24.537,310,452,818,311,-1.0,38.0,39.0,-18.61572265625,-0.2441406100988388,-0.54931640625,-0.7130126953125,0.3818359375,0.0108642578125
24.542,311,481,819,311,-1.0,38.0,39.0,-24.719236373901367,-7.080077648162842,3.906249761581421,-0.7169189453125,0.3836669921875,0.110107421875
24.569,308,485,840,310,-1.0,38.0,39.0,-26.489255905151367,-9.6435546875,5.615233898162842,-0.714599609375,0.3720703125,0.190185546875
24.569,310,493,853,312,-1.0,38.0,39.0,-23.254392623901367,-9.94873046875,7.080077648162842,-0.7060546875,0.3642578125,0.2388916015625
24.572,310,496,861,312,-1.0,38.0,39.0,-17.7001953125,-9.33837890625,9.33837890625,-0.68505859375,0.3416748046875,0.261962890625
24.585,310,512,893,311,-1.0,38.0,39.0,-13.610838890075684,-7.995604991912842,12.268065452575684,-0.654296875,0.300537109375,0.2742919921875
24.593,310,522,921,312,-1.0,38.0,39.0,-10.864256858825684,-7.019042491912842,15.014647483825684,-0.628662109375,0.271240234375,0.297607421875
24.608,310,531,943,313,-1.0,37.0,40.0,-6.652831554412842,-8.056640625,16.6015625,-0.604736328125,0.281005859375,0.3155517578125
24.615,310,549,982,312,-1.0,37.0,40.0,0.9155272841453552,-9.94873046875,16.2353515625,-0.5860595703125,0.3194580078125,0.2828369140625
24.638,310,554,1008,312,-1.0,37.0,40.0,10.009765625,-10.803221702575684,14.526366233825684,-0.5706787109375,0.353759765625,0.219970703125
24.639,311,574,1035,312,-1.0,37.0,40.0,17.08984375,-10.681151390075684,13.000487327575684,-0.5517578125,0.3670654296875,0.17822265625
24.646,311,599,1105,312,-1.0,37.0,40.0,20.141599655151367,-10.253905296325684,13.122557640075684,-0.5347900390625,0.3692626953125,0.14453125
24.654,309,620,1148,312,-1.0,37.0,40.0,20.080564498901367,-10.620116233825684,15.380858421325684,-0.53369140625,0.359130859375,0.0938720703125
24.664,310,662,1209,313,-1.0,37.0,40.0,18.798828125,-13.977049827575684,18.6767578125,-0.52294921875,0.3223876953125,0.0648193359375
24.676,310,740,1320,312,-1.0,37.0,40.0,17.822265625,-20.141599655151367,20.935056686401367,-0.72705078125,0.0245361328125,0.098388671875
24.684,312,784,1393,313,-1.0,37.0,40.0,20.324705123901367,-25.085447311401367,19.22607421875,-0.72705078125,0.0245361328125,0.098388671875
24.692,310,837,1457,312,-1.0,37.0,40.0,29.357908248901367,-23.803709030151367,12.573241233825684,-0.8228759765625,-0.0645751953125,0.1224365234375
24.711,311,913,1545,314,-1.0,36.0,44.0,39.12353515625,-15.869139671325684,3.906249761581421,-0.7625732421875,0.266845703125,0.117431640625
24.714,310,959,1585,314,-1.0,36.0,44.0,41.809078216552734,-7.202147960662842,-2.38037109375,-0.7625732421875,0.266845703125,0.117431640625
24.740,311,990,1617,314,-1.0,36.0,44.0,37.53662109375,-2.807616949081421,-6.103515148162842,-0.8056640625,0.46923828125,0.018798828125
24.740,294,1018,1682,312,-1.0,36.0,44.0,28.259275436401367,-2.929687261581421,-8.48388671875,-1.3668212890625,0.786376953125,-0.140869140625
24.744,311,1069,1704,312,-1.0,36.0,44.0,13.183592796325684,-6.164550304412842,-9.82666015625,-1.3668212890625,0.786376953125,-0.140869140625
24.752,310,1078,1718,314,-1.0,36.0,44.0,-6.103515148162842,-11.901854515075684,-11.535643577575684,-1.72021484375,0.90234375,-0.018798828125
24.772,311,1081,1715,313,-1.0,36.0,44.0,-24.658201217651367,-19.8974609375,-12.268065452575684,-2.0380859375,0.6578369140625,0.5025634765625
24.774,311,1071,1682,312,-1.0,36.0,44.0,-37.59765625,-26.428220748901367,-8.7890625,-2.0380859375,0.6578369140625,0.5025634765625
24.782,311,1056,1656,314,-1.0,36.0,44.0,-36.865234375,-24.291990280151367,-2.01416015625,-1.6201171875,0.2554931640625,0.6607666015625
24.795,312,1029,1608,314,-1.0,35.0,43.0,-15.808104515075684,-10.498045921325684,2.929687261581421,-0.75,0.349609375,0.22509765625
24.804,311,1027,1610,315,-1.0,35.0,43.0,17.333984375,6.103515148162842,3.295898199081421,-0.75,0.349609375,0.22509765625
24.813,310,1025,1610,312,-1.0,35.0,43.0,35.15625,15.747069358825684,-2.929687261581421,-0.938720703125,0.7747802734375,-0.1021728515625
24.841,310,1008,1592,313,-1.0,35.0,43.0,-4.7607421875,9.94873046875,-30.456541061401367,-1.6614990234375,0.7691650390625,0.06982421875
24.842,297,986,1569,312,-1.0,35.0,43.0,-4.7607421875,9.94873046875,-30.456541061401367,-1.7596435546875,0.5185546875,0.2816162109375
24.842,298,959,1534,312,-1.0,35.0,43.0,-31.311033248901367,3.356933355331421,-35.2783203125,-1.7596435546875,0.5185546875,0.2816162109375
24.855,310,901,1472,312,-1.0,35.0,43.0,-31.555173873901367,4.638671875,-13.854979515075684,-1.5562744140625,0.4107666015625,0.370361328125
24.864,310,848,1406,313,-1.0,35.0,43.0,-31.555173873901367,4.638671875,-13.854979515075684,-1.4031982421875,0.487060546875,0.330322265625
24.876,311,803,1352,314,-1.0,35.0,43.0,-18.798828125,8.48388671875,2.990722417831421,-1.4031982421875,0.487060546875,0.330322265625
24.886,310,728,1234,312,-1.0,35.0,43.0,-9.521484375,16.41845703125,22.583005905151367,-0.899658203125,0.266357421875,0.3255615234375
24.894,310,684,1166,312,-2.0,37.0,43.0,-9.521484375,16.41845703125,22.583005905151367,-0.6114501953125,0.158447265625,0.2991943359375
24.902,310,644,1108,313,-2.0,37.0,43.0,-7.019042491912842,20.568845748901367,23.437498092651367,-0.6114501953125,0.158447265625,0.2991943359375
24.915,310,588,1034,312,-2.0,37.0,43.0,11.718749046325684,23.986814498901367,16.78466796875,-0.3599853515625,0.147705078125,0.1351318359375
24.924,310,548,981,312,-2.0,37.0,43.0,11.718749046325684,23.986814498901367,16.78466796875,-0.3797607421875,0.1571044921875,0.0565185546875
24.945,310,523,902,310,-2.0,37.0,43.0,19.22607421875,23.071287155151367,5.737304210662842,-0.3797607421875,0.1571044921875,0.0565185546875
24.946,295,498,840,294,-2.0,37.0,43.0,12.939452171325684,24.414060592651367,-19.34814453125,-0.502685546875,0.0400390625,-0.13720703125
24.955,310,479,835,311,-2.0,37.0,43.0,8.1787109375,29.357908248901367,-24.658201217651367,-0.5771484375,0.0504150390625,-0.237060546875
24.963,309,488,837,312,-2.0,37.0,43.0,8.1787109375,29.357908248901367,-24.658201217651367,-0.6654052734375,0.1693115234375,-0.2222900390625
24.971,310,477,827,312,-2.0,37.0,43.0,5.126952648162842,28.625486373901367,-20.385740280151367,-0.6654052734375,0.1693115234375,-0.2222900390625
24.984,310,475,835,312,-2.0,37.0,43.0,-11.535643577575684,9.27734375,-1.3427733182907104,-0.741455078125,0.4219970703125,-0.0787353515625
24.993,310,478,848,312,0.0,39.0,41.0,-11.535643577575684,9.27734375,-1.3427733182907104,-0.7303466796875,0.43017578125,0.0169677734375
25.001,314,477,861,310,0.0,39.0,41.0,-23.071287155151367,0.30517578125,3.906249761581421,-0.7303466796875,0.43017578125,0.0169677734375
25.021,310,488,873,311,0.0,39.0,41.0,-27.404783248901367,-7.629394054412842,7.080077648162842,-0.696533203125,0.39013671875,0.15869140625
25.023,310,478,861,314,0.0,39.0,41.0,-27.404783248901367,-7.629394054412842,7.080077648162842,-0.7005615234375,0.4044189453125,0.1971435546875
25.032,312,497,886,312,0.0,39.0,41.0,-22.399900436401367,-9.33837890625,8.7890625,-0.6885986328125,0.3934326171875,0.2198486328125
25.046,310,516,910,312,0.0,39.0,41.0,-18.73779296875,-7.873534679412842,12.939452171325684,-0.6610107421875,0.352783203125,0.244140625
25.054,309,523,923,312,0.0,39.0,41.0,-18.1884765625,-6.652831554412842,14.038084983825684,-0.62451171875,0.3194580078125,0.288818359375
25.062,310,533,947,311,0.0,39.0,41.0,-18.1884765625,-6.652831554412842,14.038084983825684,-0.579833984375,0.308349609375,0.315673828125
25.075,310,552,982,312,0.0,39.0,41.0,-3.051757574081421,-12.573241233825684,11.352538108825684,-0.549560546875,0.3099365234375,0.2802734375
25.090,309,562,1001,312,0.0,39.0,41.0,9.33837890625,-15.075682640075684,7.568358898162842,-0.541748046875,0.3336181640625,0.218017578125
25.092,310,586,1034,312,-1.0,38.0,45.0,9.33837890625,-15.075682640075684,7.568358898162842,-0.55419921875,0.38818359375,0.1849365234375
25.105,310,616,1105,311,-1.0,38.0,45.0,20.996091842651367,-11.657713890075684,1.6479490995407104,-0.57666015625,0.4248046875,0.1734619140625
25.127,311,644,1145,312,-1.0,38.0,45.0,17.333984375,-7.812499523162842,-1.0986328125,-0.5743408203125,0.3873291015625,0.1600341796875
25.127,310,674,1178,312,-1.0,38.0,45.0,12.145995140075684,-6.896972179412842,-3.051757574081421,-0.529296875,0.2965087890625,0.1328125
25.145,310,756,1268,312,-1.0,38.0,45.0,11.169432640075684,-11.596678733825684,-2.197265625,-0.5142822265625,0.205322265625,0.1048583984375
25.149,310,806,1355,312,-1.0,38.0,45.0,19.287109375,-21.057126998901367,0.30517578125,-0.6142578125,0.0880126953125,0.096435546875
25.152,309,848,1424,312,-1.0,38.0,45.0,37.41455078125,-29.602048873901367,-0.6713866591453552,-0.7901611328125,-0.033935546875,0.09619140625
25.165,310,920,1516,312,-1.0,38.0,45.0,57.678218841552734,-29.602048873901367,-4.69970703125,-1.0052490234375,0.0113525390625,0.0792236328125
25.174,310,960,1567,314,-1.0,38.0,45.0,64.51416015625,-21.484373092651367,-5.554198741912842,-1.1827392578125,0.2325439453125,0.055419921875
25.182,312,992,1592,314,-1.0,38.0,45.0,49.194332122802734,-12.023924827575684,-2.624511480331421,-1.2283935546875,0.3983154296875,0.044677734375
25.202,311,1037,1632,312,-3.0,36.0,43.0,23.437498092651367,-7.019042491912842,2.0751953125,-1.191650390625,0.3968505859375,0.057373046875
25.204,304,1066,1655,314,-3.0,36.0,43.0,7.873534679412842,-9.765625,8.72802734375,-1.2080078125,0.4326171875,0.0872802734375
25.212,312,1078,1675,314,-3.0,36.0,43.0,10.559081077575684,-16.9677734375,16.54052734375,-1.3968505859375,0.7640380859375,0.080322265625
25.226,310,1092,1691,314,-3.0,36.0,43.0,16.357421875,-24.475095748901367,19.4091796875,-1.660888671875,1.1270751953125,0.0994873046875
25.252,311,1081,1674,314,-3.0,36.0,43.0,9.33837890625,-29.418943405151367,10.864256858825684,-1.7777099609375,1.0689697265625,0.2540283203125
25.252,310,1069,1596,298,-3.0,36.0,43.0,-3.479003667831421,-26.916501998901367,-4.39453125,-1.5618896484375,0.6162109375,0.444580078125
25.256,310,1035,1569,313,-3.0,36.0,43.0,-6.103515148162842,-14.709471702575684,-15.808104515075684,-1.1165771484375,0.2008056640625,0.4815673828125
25.264,310,1031,1572,313,-3.0,36.0,43.0,5.615233898162842,1.2817381620407104,-19.59228515625,-0.853759765625,0.222412109375,0.3035888671875
25.272,311,1029,1572,313,-3.0,36.0,43.0,16.29638671875,11.657713890075684,-19.95849609375,-1.02001953125,0.5733642578125,0.072509765625
25.286,310,1003,1555,312,-3.0,36.0,43.0,9.033203125,13.000487327575684,-22.216794967651367,-1.439697265625,0.8377685546875,0.013916015625
25.294,310,984,1529,313,0.0,36.0,46.0,-15.197752952575684,9.21630859375,-26.794431686401367,-1.73828125,0.7698974609375,0.1328125
25.304,312,960,1508,314,0.0,36.0,46.0,-39.48974609375,6.469726085662842,-28.930662155151367,-1.7462158203125,0.505126953125,0.272216796875
25.316,310,901,1445,312,0.0,36.0,46.0,-46.081539154052734,6.713866710662842,-22.827146530151367,-1.5618896484375,0.3646240234375,0.34521484375
25.326,312,858,1400,313,0.0,36.0,46.0,-34.66796875,8.1787109375,-9.09423828125,-1.349365234375,0.410400390625,0.34375
25.332,312,823,1336,312,0.0,36.0,46.0,-19.4091796875,10.437010765075684,4.82177734375,-1.1494140625,0.4346923828125,0.3114013671875
25.358,310,753,1236,314,0.0,36.0,46.0,-9.94873046875,13.732909202575684,11.169432640075684,-0.920166015625,0.3524169921875,0.2872314453125
25.359,312,717,1166,312,0.0,36.0,46.0,-4.638671875,17.51708984375,10.009765625,-0.6915283203125,0.2952880859375,0.236083984375
25.362,310,678,1105,312,0.0,36.0,46.0,-0.6103515625,20.324705123901367,5.737304210662842,-0.5643310546875,0.3123779296875,0.1568603515625
25.376,310,619,1020,312,0.0,36.0,46.0,1.6479490995407104,20.080564498901367,0.2441406100988388,-0.53173828125,0.324951171875,0.0906982421875
25.385,310,594,967,312,0.0,36.0,46.0,1.03759765625,17.76123046875,-7.690429210662842,-0.522705078125,0.2642822265625,0.0484619140625
25.393,310,576,910,312,-1.0,37.0,46.0,-1.15966796875,15.869139671325684,-17.7001953125,-0.5560302734375,0.162109375,0.0509033203125
25.409,310,537,834,312,-1.0,37.0,46.0,-1.7700194120407104,14.465331077575684,-26.184080123901367,-0.607177734375,0.048095703125,0.025390625
25.414,310,525,822,312,-1.0,37.0,46.0,0.4882812201976776,15.930174827575684,-31.433103561401367,-0.635009765625,-0.044189453125,-0.080322265625
25.428,310,518,822,312,-1.0,37.0,46.0,4.8828125,18.37158203125,-31.494138717651367,-0.665771484375,-0.021728515625,-0.1309814453125
25.436,310,496,806,311,-1.0,37.0,46.0,7.690429210662842,14.526366233825684,-24.291990280151367,-0.7139892578125,0.2420654296875,-0.0399169921875
25.456,310,488,799,311,-1.0,37.0,46.0,4.2724609375,5.859374523162842,-13.610838890075684,-0.7139892578125,0.2420654296875,-0.0399169921875
25.456,310,495,805,312,-1.0,37.0,46.0,-3.051757574081421,-1.5258787870407104,-4.150390625,-0.7037353515625,0.360595703125,0.005859375
25.466,310,503,810,311,-1.0,37.0,46.0,-10.864256858825684,-5.737304210662842,1.8920897245407104,-0.6624755859375,0.383056640625,0.150146484375
25.474,310,506,823,312,-1.0,37.0,46.0,-17.27294921875,-7.507323741912842,4.8828125,-0.6624755859375,0.383056640625,0.150146484375
25.482,310,509,830,311,-1.0,37.0,46.0,-19.775390625,-7.568358898162842,7.019042491912842,-0.669189453125,0.380615234375,0.1904296875
25.496,310,522,840,312,-1.0,36.0,44.0,-19.04296875,-7.324218273162842,9.94873046875,-0.6890869140625,0.3546142578125,0.22412109375
25.504,310,530,858,312,-1.0,36.0,44.0,-18.37158203125,-6.835937023162842,12.634276390075684,-0.6890869140625,0.3546142578125,0.22412109375
25.515,310,538,873,312,-1.0,36.0,44.0,-17.9443359375,-5.432128429412842,14.160155296325684,-0.679931640625,0.30810546875,0.2432861328125
25.530,310,552,922,312,-1.0,36.0,44.0,-15.502928733825684,-4.45556640625,14.831542015075684,-0.655517578125,0.2965087890625,0.276611328125
25.534,309,561,948,312,-1.0,36.0,44.0,-10.009765625,-5.0048828125,14.892577171325684,-0.655517578125,0.2965087890625,0.276611328125
25.560,310,572,980,312,-1.0,36.0,44.0,-2.746581792831421,-6.225585460662842,14.770506858825684,-0.6351318359375,0.31982421875,0.2545166015625
25.560,310,574,1025,312,-1.0,36.0,44.0,3.479003667831421,-7.690429210662842,14.404295921325684,-0.60546875,0.33837890625,0.190673828125
25.564,310,608,1050,312,-1.0,36.0,44.0,8.7890625,-9.27734375,13.488768577575684,-0.60546875,0.33837890625,0.190673828125
25.577,310,630,1081,312,-1.0,36.0,44.0,13.854979515075684,-10.070799827575684,13.549803733825684,-0.641845703125,0.3665771484375,0.1441650390625
25.585,310,666,1127,310,-1.0,36.0,44.0,12.451170921325684,-9.46044921875,15.441893577575684,-0.6573486328125,0.3681640625,0.1451416015625
25.594,310,711,1185,312,-1.0,34.0,45.0,12.451170921325684,-9.46044921875,15.441893577575684,-0.606201171875,0.269775390625,0.1929931640625
25.602,309,750,1243,313,-1.0,34.0,45.0,8.36181640625,-10.009765625,13.488768577575684,-0.606201171875,0.269775390625,0.1929931640625
25.623,310,830,1380,312,-1.0,34.0,45.0,28.869626998901367,-12.512206077575684,1.9531248807907104,-0.634521484375,-0.069580078125,0.190185546875
25.624,312,873,1437,311,-1.0,34.0,45.0,28.869626998901367,-12.512206077575684,1.9531248807907104,-0.6732177734375,-0.0750732421875,0.1148681640625
25.635,310,920,1498,314,-1.0,34.0,45.0,48.278804779052734,-11.840819358825684,-4.82177734375,-0.6732177734375,-0.0750732421875,0.1148681640625
25.663,309,984,1564,314,-1.0,34.0,45.0,57.128902435302734,-4.57763671875,-8.85009765625,-0.893798828125,0.4390869140625,-0.124267578125
25.663,310,994,1567,314,-1.0,34.0,45.0,57.128902435302734,-4.57763671875,-8.85009765625,-1.0845947265625,0.71630859375,-0.2008056640625
25.663,310,1041,1636,314,-1.0,34.0,45.0,44.250484466552734,-0.6103515625,-13.427733421325684,-1.0845947265625,0.71630859375,-0.2008056640625
25.676,311,1078,1678,313,-1.0,34.0,45.0,-11.779784202575684,-12.512206077575684,-23.437498092651367,-1.6175537109375,0.7960205078125,-0.0330810546875
25.690,310,1093,1700,313,-1.0,34.0,45.0,-11.779784202575684,-12.512206077575684,-23.437498092651367,-1.832275390625,0.679443359375,0.23046875
25.692,312,1098,1709,314,0.0,37.0,43.0,-40.0390625,-25.390623092651367,-19.34814453125,-1.832275390625,0.679443359375,0.23046875
25.706,312,1086,1683,314,0.0,37.0,43.0,-44.799800872802734,-34.423828125,2.0751953125,-1.6898193359375,0.288330078125,0.62548828125
25.715,311,1078,1665,315,0.0,37.0,43.0,-44.799800872802734,-34.423828125,2.0751953125,-1.1866455078125,0.1387939453125,0.6309814453125
25.736,310,1071,1636,314,0.0,37.0,43.0,-24.536130905151367,-24.169919967651367,10.498045921325684,-0.79345703125,0.290771484375,0.4427490234375
25.737,311,1041,1582,312,0.0,37.0,43.0,18.6767578125,10.070799827575684,6.225585460662842,-0.786376953125,0.634521484375,0.1474609375
25.744,310,1038,1591,313,0.0,37.0,43.0,16.90673828125,19.4091796875,-9.46044921875,-1.0015869140625,0.7864990234375,-0.0360107421875
25.765,310,1039,1592,314,0.0,37.0,43.0,16.90673828125,19.4091796875,-9.46044921875,-1.30419921875,0.73046875,0.005859375
25.766,310,1000,1569,312,0.0,37.0,43.0,-15.014647483825684,15.258788108825684,-43.273921966552734,-1.5810546875,0.6021728515625,0.1602783203125
25.774,310,998,1543,314,0.0,37.0,43.0,-29.174802780151367,8.11767578125,-44.006343841552734,-1.6982421875,0.44775390625,0.2861328125
25.782,309,972,1518,313,0.0,37.0,43.0,-29.174802780151367,8.11767578125,-44.006343841552734,-1.656982421875,0.3408203125,0.330810546875
25.802,311,902,1447,313,0.0,37.0,43.0,-24.902341842651367,7.690429210662842,-19.4091796875,-1.5419921875,0.3592529296875,0.3160400390625
25.804,311,853,1392,312,0.0,37.0,43.0,-16.78466796875,10.742186546325684,-2.624511480331421,-1.39501953125,0.4266357421875,0.2908935546875
25.812,310,813,1344,314,0.0,37.0,43.0,-16.78466796875,10.742186546325684,-2.624511480331421,-1.1998291015625,0.363037109375,0.286865234375
25.826,310,741,1242,312,0.0,37.0,43.0,-16.29638671875,18.1884765625,17.76123046875,-0.950439453125,0.2012939453125,0.3004150390625
25.840,310,700,1185,312,0.0,37.0,43.0,-18.37158203125,22.766111373901367,21.667478561401367,-0.7032470703125,0.1058349609375,0.291259765625
25.842,310,660,1130,312,0.0,37.0,43.0,-18.37158203125,22.766111373901367,21.667478561401367,-0.52099609375,0.1436767578125,0.2442626953125
25.864,311,606,1065,312,0.0,37.0,43.0,-5.249022960662842,29.968259811401367,24.353025436401367,-0.4373779296875,0.22705078125,0.1729736328125
25.864,294,575,1022,310,0.0,37.0,43.0,0.1831054538488388,29.724119186401367,15.747069358825684,-0.439453125,0.2470703125,0.1121826171875
25.872,310,551,954,312,0.0,37.0,43.0,0.1831054538488388,29.724119186401367,15.747069358825684,-0.4940185546875,0.1844482421875,0.0743408203125
25.886,310,529,873,312,-1.0,37.0,49.0,0.9765624403953552,23.803709030151367,-6.652831554412842,-0.5408935546875,0.0518798828125,-0.0013427734375
25.894,311,517,858,311,-1.0,37.0,49.0,3.906249761581421,23.620603561401367,-12.573241233825684,-0.568359375,-0.031982421875,-0.1307373046875
25.902,310,512,853,312,-1.0,37.0,49.0,8.97216796875,24.108884811401367,-11.535643577575684,-0.6329345703125,0.048583984375,-0.191650390625
25.917,311,497,846,312,-1.0,37.0,49.0,11.840819358825684,19.4091796875,-3.540038824081421,-0.7071533203125,0.228759765625,-0.1549072265625
25.924,310,493,854,312,-1.0,37.0,49.0,7.934569835662842,10.437010765075684,5.554198741912842,-0.7459716796875,0.3851318359375,-0.0914306640625
25.932,310,493,858,312,-1.0,37.0,49.0,-1.7089842557907104,1.4038084745407104,10.559081077575684,-0.7447509765625,0.4521484375,-0.0162353515625
25.970,310,496,875,312,-1.0,37.0,49.0,-11.230467796325684,-5.249022960662842,10.925292015075684,-0.7266845703125,0.4315185546875,0.0679931640625
25.970,310,499,884,311,-1.0,37.0,49.0,-16.11328125,-8.85009765625,9.09423828125,-0.71044921875,0.4007568359375,0.140625
25.970,311,507,889,312,-1.0,37.0,49.0,-15.563963890075684,-10.192870140075684,8.11767578125,-0.7064208984375,0.401611328125,0.19287109375
25.976,310,522,912,313,-1.0,37.0,49.0,-13.488768577575684,-10.009765625,8.9111328125,-0.69189453125,0.380126953125,0.2353515625
25.984,310,530,931,312,-1.0,37.0,49.0,-12.695311546325684,-8.1787109375,10.192870140075684,-0.6563720703125,0.318115234375,0.2646484375
25.992,310,539,946,312,0.0,36.0,41.0,-10.620116233825684,-6.042479991912842,11.108397483825684,-0.622802734375,0.28125,0.285400390625
26.006,310,562,971,312,0.0,36.0,41.0,-4.69970703125,-6.347655773162842,11.169432640075684,-0.599609375,0.27734375,0.2979736328125
26.014,310,574,989,311,0.0,36.0,41.0,4.69970703125,-8.6669921875,10.131834983825684,-0.577392578125,0.2822265625,0.2763671875
26.028,310,589,1009,312,0.0,36.0,41.0,15.258788108825684,-10.437010765075684,8.72802734375,-0.546875,0.3154296875,0.2330322265625
26.052,310,621,1053,312,0.0,36.0,41.0,22.888181686401367,-10.986327171325684,7.995604991912842,-0.520263671875,0.3671875,0.2030029296875
26.061,297,627,1071,312,0.0,36.0,41.0,24.536130905151367,-10.681151390075684,7.568358898162842,-0.5152587890625,0.397216796875,0.182373046875
26.071,311,653,1097,313,0.0,36.0,41.0,21.728513717651367,-10.192870140075684,6.958007335662842,-0.5152587890625,0.3773193359375,0.1712646484375
26.071,311,739,1198,314,0.0,36.0,41.0,19.4091796875,-10.925292015075684,6.591796398162842,-0.508544921875,0.29443359375,0.1656494140625
26.075,311,819,1312,312,0.0,36.0,41.0,23.010251998901367,-12.878417015075684,7.080077648162842,-0.6441650390625,0.19970703125,0.141845703125
26.083,310,861,1387,314,0.0,36.0,41.0,35.5224609375,-15.319823265075684,6.835937023162842,-0.8858642578125,0.1092529296875,0.0635986328125
26.091,311,902,1437,312,-2.0,39.0,42.0,49.682613372802734,-12.756346702575684,2.929687261581421,-0.998046875,0.0399169921875,-0.06640625
26.105,310,966,1499,312,-2.0,39.0,42.0,54.565425872802734,-4.94384765625,-2.50244140625,-0.89599609375,0.0592041015625,-0.1107177734375
26.113,312,999,1540,312,-2.0,39.0,42.0,48.889156341552734,0.4272460639476776,-5.798339366912842,-0.71826171875,0.1356201171875,-0.001220703125
26.121,311,1029,1572,312,-2.0,39.0,42.0,35.58349609375,0.4882812201976776,-5.493163585662842,-0.76318359375,0.2962646484375,0.0914306640625
26.173,310,1078,1625,314,-2.0,39.0,42.0,15.930174827575684,-3.601073980331421,-1.2817381620407104,-1.107666015625,0.5482177734375,0.0484619140625
26.174,311,1095,1656,314,-2.0,39.0,42.0,-6.347655773162842,-8.72802734375,3.662109136581421,-1.5589599609375,0.799560546875,-0.047119140625
26.174,296,1107,1676,314,-2.0,39.0,42.0,-24.536130905151367,-14.160155296325684,5.554198741912842,-1.88525390625,0.9661865234375,-0.015869140625
26.174,310,1105,1649,298,-2.0,39.0,42.0,-35.33935546875,-20.385740280151367,4.2724609375,-1.96435546875,0.8829345703125,0.22900390625
26.174,311,1076,1652,314,-2.0,39.0,42.0,-37.78076171875,-24.047849655151367,3.234863042831421,-1.7493896484375,0.5211181640625,0.5562744140625
26.181,310,1091,1619,314,-2.0,39.0,42.0,-28.747556686401367,-18.5546875,5.310058116912842,-1.274658203125,0.1514892578125,0.7069091796875
26.195,310,1063,1543,311,-3.0,34.0,47.0,-5.859374523162842,-2.807616949081421,8.36181640625,-0.8726806640625,0.15478515625,0.510986328125
26.203,311,1050,1529,314,-3.0,34.0,47.0,19.71435546875,13.916014671325684,7.873534679412842,-0.8211669921875,0.53564453125,0.1014404296875
26.211,311,1041,1531,313,-3.0,34.0,47.0,26.062009811401367,21.789548873901367,-1.5869139432907104,-1.00244140625,0.83837890625,-0.182373046875
26.225,311,1029,1518,312,-3.0,34.0,47.0,8.4228515625,18.9208984375,-19.34814453125,-1.301513671875,0.8416748046875,-0.15966796875
26.233,311,1014,1498,313,-3.0,34.0,47.0,-20.446775436401367,8.48388671875,-33.99658203125,-1.610595703125,0.6839599609375,0.0455322265625
26.279,310,984,1468,313,-3.0,34.0,47.0,-46.569820404052734,-1.5258787870407104,-36.1328125,-1.7662353515625,0.4979248046875,0.2528076171875
26.279,310,920,1415,314,-3.0,34.0,47.0,-57.189937591552734,-4.39453125,-26.672361373901367,-1.7412109375,0.363525390625,0.368896484375
26.280,298,868,1361,312,-3.0,34.0,47.0,-50.659175872802734,-0.0610351525247097,-10.620116233825684,-1.6258544921875,0.361572265625,0.395751953125
26.280,311,823,1306,296,-3.0,34.0,47.0,-38.02490234375,7.263183116912842,8.30078125,-1.4776611328125,0.447021484375,0.3885498046875
26.285,310,742,1204,312,-4.0,36.0,41.0,-28.198240280151367,15.624999046325684,24.536130905151367,-0.964599609375,0.2618408203125,0.3861083984375
26.293,311,694,1139,312,-4.0,36.0,41.0,-21.057126998901367,24.291990280151367,32.71484375,-0.964599609375,0.2618408203125,0.3861083984375
26.301,310,639,1076,312,-4.0,36.0,41.0,-11.718749046325684,31.311033248901367,34.1796875,-0.6446533203125,0.1292724609375,0.3507080078125
26.314,311,574,971,312,-4.0,36.0,41.0,2.563476324081421,35.82763671875,32.89794921875,-0.3577880859375,0.157470703125,0.1705322265625
26.323,310,537,875,312,-4.0,36.0,41.0,15.563963890075684,36.9873046875,26.489255905151367,-0.3577880859375,0.157470703125,0.1705322265625
26.331,311,504,793,311,-4.0,36.0,41.0,20.568845748901367,35.46142578125,11.474608421325684,-0.3746337890625,0.1094970703125,0.1015625
26.349,310,479,721,311,-4.0,36.0,41.0,19.10400390625,34.66796875,-8.1787109375,-0.4742431640625,-0.046630859375,-0.277587890625
26.353,310,455,705,311,-4.0,36.0,41.0,17.08984375,39.61181640625,-23.437498092651367,-0.4742431640625,-0.046630859375,-0.277587890625
26.378,310,441,702,311,-4.0,36.0,41.0,15.380858421325684,43.273921966552734,-26.367185592651367,-0.583251953125,0.06591796875,-0.3826904296875
26.379,310,420,683,311,-4.0,36.0,41.0,11.047362327575684,35.58349609375,-17.2119140625,-0.7510986328125,0.439453125,-0.25537109375
26.383,310,413,676,312,-2.0,37.0,45.0,2.624511480331421,21.301267623901367,-3.601073980331421,-0.7510986328125,0.439453125,-0.25537109375
26.391,310,410,683,312,-2.0,37.0,45.0,-11.901854515075684,8.11767578125,7.202147960662842,-0.744140625,0.5316162109375,-0.1435546875
26.405,310,399,687,310,-2.0,37.0,45.0,-30.822751998901367,-0.7324218153953552,12.268065452575684,-0.6846923828125,0.423095703125,0.1046142578125
26.413,310,407,700,312,-2.0,37.0,45.0,-44.738765716552734,-4.57763671875,12.695311546325684,-0.660400390625,0.37255859375,0.1898193359375
26.421,311,411,705,312,-2.0,37.0,45.0,-46.874996185302734,-5.920409679412842,11.413573265075684,-0.660400390625,0.37255859375,0.1898193359375
26.435,309,421,725,310,-2.0,37.0,45.0,-32.40966796875,-7.568358898162842,10.986327171325684,-0.6712646484375,0.4337158203125,0.2965087890625
26.443,310,437,739,310,-2.0,37.0,45.0,-32.40966796875,-7.568358898162842,10.986327171325684,-0.6365966796875,0.44140625,0.363037109375
26.452,310,439,765,311,-2.0,37.0,45.0,-28.259275436401367,-8.72802734375,11.718749046325684,-0.6365966796875,0.44140625,0.363037109375
26.487,310,454,793,312,-2.0,37.0,45.0,-12.084959983825684,-7.751464366912842,11.352538108825684,-0.5458984375,0.3443603515625,0.365234375
26.488,310,473,809,312,-2.0,37.0,45.0,-12.084959983825684,-7.751464366912842,11.352538108825684,-0.573974609375,0.3001708984375,0.29736328125
26.488,310,485,828,312,-2.0,37.0,45.0,3.295898199081421,-7.141112804412842,8.6669921875,-0.573974609375,0.3001708984375,0.29736328125
26.495,310,509,859,310,-2.0,39.0,42.0,23.010251998901367,-9.82666015625,7.324218273162842,-0.6258544921875,0.3409423828125,0.199462890625
26.503,310,525,877,311,-2.0,39.0,42.0,23.010251998901367,-9.82666015625,7.324218273162842,-0.65283203125,0.3673095703125,0.16259765625
26.511,310,543,916,312,-2.0,39.0,42.0,23.315427780151367,-11.962889671325684,8.056640625,-0.65283203125,0.3673095703125,0.16259765625
26.526,310,579,974,312,-2.0,39.0,42.0,20.385740280151367,-14.404295921325684,9.27734375,-0.5718994140625,0.3653564453125,0.1070556640625
26.533,310,616,1022,312,-2.0,39.0,42.0,20.385740280151367,-14.404295921325684,9.27734375,-0.46533203125,0.256103515625,0.091552734375
26.541,311,653,1076,313,-2.0,39.0,42.0,19.287109375,-14.953612327575684,9.8876953125,-0.46533203125,0.256103515625,0.091552734375
26.555,310,757,1204,312,-2.0,39.0,42.0,31.860349655151367,-21.423337936401367,12.939452171325684,-0.510009765625,0.1312255859375,0.1910400390625
26.563,308,814,1287,313,-2.0,39.0,42.0,50.903316497802734,-23.559568405151367,8.85009765625,-0.825439453125,0.1409912109375,0.093994140625
26.591,310,861,1351,314,-2.0,39.0,42.0,50.903316497802734,-23.559568405151367,8.85009765625,-1.1029052734375,0.2315673828125,-0.1240234375
26.592,310,917,1416,314,-1.0,37.0,52.0,75.25634765625,-2.624511480331421,-9.94873046875,-1.135009765625,0.2689208984375,-0.1708984375
26.593,297,981,1498,312,-1.0,37.0,52.0,55.908199310302734,2.807616949081421,-16.2353515625,-0.975341796875,0.1378173828125,-0.001708984375
26.601,309,1011,1533,314,-1.0,37.0,52.0,55.908199310302734,2.807616949081421,-16.2353515625,-0.9638671875,0.09326171875,0.1126708984375
26.615,310,1055,1595,312,-1.0,37.0,52.0,17.63916015625,-5.0048828125,-0.3662109076976776,-1.2730712890625,0.3983154296875,0.0452880859375
26.623,310,1074,1625,314,-1.0,37.0,52.0,7.751464366912842,-8.9111328125,15.808104515075684,-1.7109375,0.9390869140625,-0.0865478515625
26.631,312,1082,1640,314,-1.0,37.0,52.0,7.751464366912842,-8.9111328125,15.808104515075684,-2.01123046875,1.2823486328125,-0.0560302734375
26.645,311,1071,1627,313,-1.0,37.0,52.0,-37.4755859375,-16.05224609375,15.747069358825684,-1.9765625,1.0550537109375,0.2401123046875
26.670,310,1054,1595,314,-1.0,37.0,52.0,-55.480953216552734,-15.258788108825684,6.774901866912842,-1.4976806640625,0.4052734375,0.6102294921875
26.686,310,1025,1547,313,-1.0,37.0,52.0,-55.480953216552734,-15.258788108825684,6.774901866912842,-0.933349609375,0.02197265625,0.6805419921875
26.691,310,1000,1508,314,-1.0,37.0,52.0,-2.44140625,13.244627952575684,-0.4882812201976776,-0.7666015625,0.3121337890625,0.318603515625
26.692,310,999,1511,314,-2.0,36.0,40.0,31.311033248901367,24.108884811401367,-5.310058116912842,-1.03369140625,0.842041015625,-0.1195068359375
26.699,295,984,1502,312,-2.0,36.0,40.0,31.311033248901367,24.108884811401367,-5.310058116912842,-1.47119140625,1.0731201171875,-0.2642822265625
26.716,311,944,1462,312,-2.0,36.0,40.0,-2.01416015625,11.352538108825684,-28.503416061401367,-1.751220703125,0.8912353515625,-0.10302734375
26.717,309,923,1431,314,-2.0,36.0,40.0,-37.59765625,-0.6103515625,-32.04345703125,-1.7530517578125,0.563720703125,0.1480712890625
26.721,311,879,1403,313,-2.0,36.0,40.0,-50.537105560302734,-6.347655773162842,-25.085447311401367,-1.6038818359375,0.422607421875,0.3060302734375
26.735,310,811,1309,312,-2.0,36.0,40.0,-42.175289154052734,-5.554198741912842,-11.047362327575684,-1.4512939453125,0.4794921875,0.342041015625
26.743,311,777,1250,312,-2.0,36.0,40.0,-28.625486373901367,-0.54931640625,2.3193359375,-1.3028564453125,0.5009765625,0.3206787109375
26.751,310,729,1189,314,-2.0,36.0,40.0,-18.37158203125,6.958007335662842,9.033203125,-1.0771484375,0.4027099609375,0.30029296875
26.765,310,653,1078,312,-2.0,36.0,40.0,-10.192870140075684,14.282225608825684,10.131834983825684,-0.779296875,0.265869140625,0.2674560546875
26.776,310,608,1017,312,-2.0,36.0,40.0,-0.9765624403953552,18.49365234375,8.056640625,-0.5140380859375,0.14453125,0.2275390625
26.792,310,572,969,312,-3.0,37.0,44.0,10.925292015075684,18.85986328125,2.3193359375,-0.357421875,0.0738525390625,0.1788330078125
26.795,311,522,849,311,-3.0,37.0,44.0,21.667478561401367,18.06640625,-7.141112804412842,-0.362060546875,0.057861328125,0.130859375
26.803,310,494,795,311,-3.0,37.0,44.0,25.756834030151367,17.15087890625,-18.1884765625,-0.4525146484375,0.0113525390625,0.054931640625
26.817,310,481,763,312,-3.0,37.0,44.0,24.353025436401367,20.01953125,-27.648923873901367,-0.51806640625,-0.0494384765625,-0.1180419921875
26.825,308,456,739,310,-3.0,37.0,44.0,20.874021530151367,26.245115280151367,-30.456541061401367,-0.580322265625,-0.002197265625,-0.251953125
26.833,310,450,726,311,-3.0,37.0,44.0,15.502928733825684,25.939939498901367,-23.620603561401367,-0.654296875,0.15087890625,-0.244140625
26.841,309,444,721,311,-3.0,37.0,44.0,8.056640625,17.578125,-11.657713890075684,-0.70556640625,0.3348388671875,-0.1820068359375
26.861,308,436,700,312,-3.0,37.0,44.0,-1.8310545682907104,7.385253429412842,-1.220703125,-0.7108154296875,0.45849609375,-0.1080322265625
26.863,310,437,704,294,-3.0,37.0,44.0,-14.404295921325684,-0.2441406100988388,4.39453125,-0.6923828125,0.484375,-0.0068359375
26.871,311,439,710,310,-3.0,37.0,44.0,-26.306150436401367,-5.0048828125,5.615233898162842,-0.6800537109375,0.4635009765625,0.1134033203125
26.891,310,444,721,310,-2.0,38.0,49.0,-31.677244186401367,-7.507323741912842,4.57763671875,-0.670654296875,0.4462890625,0.2047119140625
26.898,310,451,718,312,-2.0,38.0,49.0,-29.174802780151367,-7.263183116912842,3.295898199081421,-0.6815185546875,0.4517822265625,0.2318115234375
26.901,310,454,723,312,-2.0,38.0,49.0,-24.108884811401367,-5.371093273162842,3.234863042831421,-0.7037353515625,0.46875,0.2325439453125
26.917,309,473,751,311,-2.0,38.0,49.0,-20.263669967651367,-4.150390625,4.150390625,-0.697021484375,0.4427490234375,0.254150390625
26.933,310,481,762,312,-2.0,38.0,49.0,-16.845703125,-4.45556640625,4.7607421875,-0.6654052734375,0.3670654296875,0.29296875
26.933,310,488,753,298,-2.0,38.0,49.0,-10.253905296325684,-5.676269054412842,4.2724609375,-0.6409912109375,0.3118896484375,0.312744140625
26.946,310,509,803,312,-2.0,38.0,49.0,0.3662109076976776,-7.019042491912842,2.624511480331421,-0.6336669921875,0.3148193359375,0.2908935546875
26.954,310,522,822,312,-2.0,38.0,49.0,10.375975608825684,-7.995604991912842,0.4882812201976776,-0.64794921875,0.355224609375,0.2410888671875
26.964,309,529,840,312,-2.0,38.0,49.0,16.11328125,-8.9111328125,-1.4648436307907104,-0.685791015625,0.3890380859375,0.184326171875
26.977,309,551,873,312,-2.0,38.0,49.0,18.85986328125,-10.375975608825684,-2.685546636581421,-0.7506103515625,0.36572265625,0.0615234375
26.992,311,567,907,312,-3.0,38.0,47.0,19.59228515625,-12.512206077575684,-2.44140625,-0.7506103515625,0.36572265625,0.0615234375
26.992,310,564,944,312,-3.0,38.0,47.0,19.22607421875,-15.624999046325684,-0.1831054538488388,-0.7347412109375,0.3233642578125,0.0286865234375
27.007,310,606,989,312,-3.0,38.0,47.0,18.85986328125,-18.61572265625,3.906249761581421,-0.682861328125,0.2755126953125,0.0406494140625
27.015,311,657,1054,312,-3.0,38.0,47.0,19.287109375,-19.71435546875,7.812499523162842,-0.6209716796875,0.251708984375,0.07568359375
27.023,310,711,1105,314,-3.0,38.0,47.0,20.751951217651367,-18.61572265625,9.58251953125,-0.5859375,0.249755859375,0.124755859375
27.035,310,754,1162,312,-3.0,38.0,47.0,22.705076217651367,-17.7001953125,8.056640625,-0.643310546875,0.233642578125,0.1981201171875
27.045,310,832,1297,314,-3.0,38.0,47.0,28.381345748901367,-18.00537109375,3.112792730331421,-0.77978515625,0.015380859375,0.0660400390625
27.053,310,875,1383,313,-3.0,38.0,47.0,38.87939453125,-15.563963890075684,-3.845214605331421,-0.77978515625,0.015380859375,0.0660400390625
27.066,311,916,1431,312,-3.0,38.0,47.0,51.086421966552734,-10.437010765075684,-9.8876953125,-0.7357177734375,-0.0172119140625,-0.0628662109375
27.075,310,980,1514,312,-3.0,38.0,47.0,57.861324310302734,-7.080077648162842,-13.916014671325684,-0.8590087890625,0.5172119140625,-0.170654296875
27.095,312,1013,1560,314,-2.0,34.0,44.0,49.499507904052734,-7.141112804412842,-18.310546875,-0.8590087890625,0.5172119140625,-0.170654296875
27.096,297,1043,1597,299,-2.0,34.0,44.0,25.390623092651367,-10.681151390075684,-23.376462936401367,-1.1324462890625,0.791748046875,-0.13916015625
27.117,310,1076,1640,313,-2.0,34.0,44.0,-32.2265625,-24.658201217651367,-27.099607467651367,-1.8692626953125,0.750244140625,0.1246337890625
27.117,311,1078,1653,314,-2.0,34.0,44.0,-32.2265625,-24.658201217651367,-27.099607467651367,-2.0404052734375,0.5838623046875,0.369140625
27.122,310,1071,1642,314,-2.0,34.0,44.0,-44.921871185302734,-30.456541061401367,-19.6533203125,-2.0404052734375,0.5838623046875,0.369140625
27.136,310,1054,1600,311,-2.0,34.0,44.0,-29.724119186401367,-19.83642578125,8.1787109375,-1.2965087890625,-0.00927734375,0.735595703125
27.144,310,1039,1557,314,-2.0,34.0,44.0,-29.724119186401367,-19.83642578125,8.1787109375,-0.8355712890625,0.1102294921875,0.5020751953125
27.154,310,1021,1534,314,-2.0,34.0,44.0,2.0751953125,-0.3662109076976776,16.41845703125,-0.8355712890625,0.1102294921875,0.5020751953125
27.168,311,1013,1538,312,-2.0,34.0,44.0,36.68212890625,26.855466842651367,7.141112804412842,-1.0439453125,0.981689453125,-0.18359375
27.174,309,1003,1533,312,-2.0,34.0,44.0,36.68212890625,26.855466842651367,7.141112804412842,-1.3857421875,0.910400390625,-0.1336669921875
27.197,310,989,1516,314,-4.0,37.0,46.0,10.925292015075684,22.094724655151367,-12.817381858825684,-1.3857421875,0.910400390625,-0.1336669921875
27.198,308,946,1474,314,-4.0,37.0,46.0,-43.273921966552734,2.807616949081421,-31.005857467651367,-1.6539306640625,0.405029296875,0.247314453125
27.204,310,916,1444,313,-4.0,37.0,46.0,-43.273921966552734,2.807616949081421,-31.005857467651367,-1.5789794921875,0.3707275390625,0.315673828125
27.220,311,871,1401,314,-4.0,37.0,46.0,-44.616695404052734,1.220703125,-20.629880905151367,-1.5789794921875,0.3707275390625,0.315673828125
27.226,310,816,1300,312,-4.0,37.0,46.0,-24.536130905151367,6.652831554412842,8.23974609375,-1.33349609375,0.4638671875,0.2823486328125
27.235,311,780,1245,313,-4.0,37.0,46.0,-24.536130905151367,6.652831554412842,8.23974609375,-1.1217041015625,0.39013671875,0.2860107421875
27.243,311,741,1189,312,-4.0,37.0,46.0,-17.822265625,10.253905296325684,14.709471702575684,-1.1217041015625,0.39013671875,0.2860107421875
27.256,310,671,1078,312,-4.0,37.0,46.0,-1.4648436307907104,14.526366233825684,11.352538108825684,-0.6131591796875,0.253173828125,0.191162109375
27.274,310,636,1034,312,-4.0,37.0,46.0,10.131834983825684,14.526366233825684,6.530761241912842,-0.470703125,0.247314453125,0.102294921875
27.274,311,608,1009,312,-4.0,37.0,46.0,10.131834983825684,14.526366233825684,6.530761241912842,-0.423095703125,0.23974609375,0.0543212890625
27.299,310,558,910,312,-1.0,37.0,42.0,16.17431640625,15.869139671325684,-11.718749046325684,-0.461181640625,0.2021484375,0.058349609375
27.300,310,537,865,313,-1.0,37.0,42.0,7.080077648162842,17.39501953125,-21.789548873901367,-0.522216796875,0.1112060546875,-0.0087890625
27.304,310,502,846,310,-1.0,37.0,42.0,7.080077648162842,17.39501953125,-21.789548873901367,-0.58154296875,0.0106201171875,-0.166748046875
27.316,310,503,835,312,-1.0,37.0,42.0,-7.446288585662842,23.132322311401367,-28.198240280151367,-0.647705078125,0.010986328125,-0.2132568359375
27.324,311,506,832,312,-1.0,37.0,42.0,-8.97216796875,16.2353515625,-19.4091796875,-0.6954345703125,0.1175537109375,-0.1380615234375
27.332,310,497,827,311,-1.0,37.0,42.0,-8.97216796875,16.2353515625,-19.4091796875,-0.7203369140625,0.260986328125,-0.0594482421875
27.346,310,495,823,310,-1.0,37.0,42.0,-16.6015625,-3.479003667831421,0.6103515625,-0.7222900390625,0.3746337890625,0.01171875
27.355,309,498,830,312,-1.0,37.0,42.0,-20.935056686401367,-8.4228515625,3.967284917831421,-0.7080078125,0.415771484375,0.0877685546875
27.364,311,503,845,312,-1.0,37.0,42.0,-20.935056686401367,-8.4228515625,3.967284917831421,-0.69580078125,0.4117431640625,0.1610107421875
27.380,310,512,858,312,-1.0,37.0,46.0,-24.230955123901367,-10.742186546325684,3.906249761581421,-0.7012939453125,0.3968505859375,0.2205810546875
27.403,310,519,865,312,-1.0,37.0,46.0,-21.484373092651367,-10.131834983825684,4.7607421875,-0.7039794921875,0.3521728515625,0.251953125
27.403,310,529,877,312,-1.0,37.0,46.0,-21.484373092651367,-10.131834983825684,4.7607421875,-0.6917724609375,0.29296875,0.2642822265625
27.406,310,538,927,312,-1.0,37.0,46.0,-14.099120140075684,-5.432128429412842,7.080077648162842,-0.68115234375,0.2796630859375,0.2862548828125
27.414,310,548,953,312,-1.0,37.0,46.0,-8.48388671875,-5.676269054412842,7.019042491912842,-0.666015625,0.29736328125,0.30712890625
27.422,310,556,971,312,-1.0,37.0,46.0,-0.54931640625,-6.958007335662842,5.249022960662842,-0.6427001953125,0.305908203125,0.2725830078125
27.436,310,585,996,312,-1.0,37.0,46.0,8.1787109375,-6.591796398162842,3.234863042831421,-0.6153564453125,0.30078125,0.188232421875
27.444,310,599,1024,312,-1.0,37.0,46.0,14.465331077575684,-5.432128429412842,2.990722417831421,-0.5885009765625,0.29248046875,0.12255859375
27.452,311,608,1050,313,-1.0,37.0,46.0,15.624999046325684,-5.615233898162842,5.432128429412842,-0.5889892578125,0.308837890625,0.095703125
27.466,311,646,1094,310,-1.0,37.0,46.0,12.695311546325684,-7.812499523162842,9.033203125,-0.625,0.3389892578125,0.091064453125
27.476,310,683,1134,314,-1.0,36.0,45.0,8.60595703125,-11.840819358825684,11.291502952575684,-0.63720703125,0.338623046875,0.1025390625
27.483,311,726,1185,312,-1.0,36.0,45.0,6.164550304412842,-15.258788108825684,11.108397483825684,-0.6649169921875,0.274658203125,0.10498046875
27.503,310,794,1271,312,-1.0,36.0,45.0,10.192870140075684,-16.6015625,8.4228515625,-0.7537841796875,0.1553955078125,0.123046875
27.504,312,833,1338,312,-1.0,36.0,45.0,21.362302780151367,-16.357421875,2.563476324081421,-0.7987060546875,0.038330078125,0.1768798828125
27.512,310,875,1407,312,-1.0,36.0,45.0,32.04345703125,-13.488768577575684,-4.39453125,-0.793212890625,0.017333984375,0.2109375
27.526,310,943,1463,312,-1.0,36.0,45.0,40.527339935302734,-8.97216796875,-6.713866710662842,-0.7928466796875,0.1243896484375,0.20849609375
27.538,311,986,1503,312,-1.0,36.0,45.0,46.874996185302734,-5.065917491912842,-3.173827886581421,-0.8214111328125,0.24267578125,0.163330078125
27.542,311,1010,1531,314,-1.0,36.0,45.0,47.241207122802734,-0.9155272841453552,2.0751953125,-0.9522705078125,0.3310546875,0.0526123046875
27.556,310,1054,1593,313,-1.0,36.0,45.0,39.12353515625,3.051757574081421,6.835937023162842,-1.198486328125,0.4844970703125,-0.07080078125
27.564,310,1074,1618,314,-1.0,36.0,45.0,20.751951217651367,3.967284917831421,10.437010765075684,-1.4638671875,0.720458984375,-0.1141357421875
27.578,313,1087,1634,314,-1.0,36.0,45.0,-4.21142578125,-0.1220703050494194,11.718749046325684,-1.656982421875,0.876220703125,-0.0078125
27.586,310,1103,1640,314,-2.0,36.0,45.0,-25.512693405151367,-8.11767578125,9.6435546875,-1.717529296875,0.811767578125,0.21923828125
27.611,311,1096,1628,314,-2.0,36.0,45.0,-31.188962936401367,-14.343260765075684,5.187987804412842,-1.6280517578125,0.61767578125,0.408447265625
27.612,311,1092,1611,314,-2.0,36.0,45.0,-17.39501953125,-12.756346702575684,0.4272460639476776,-1.3729248046875,0.432861328125,0.4285888671875
27.616,311,1065,1566,314,-2.0,36.0,45.0,5.615233898162842,-3.051757574081421,-4.7607421875,-1.046875,0.3377685546875,0.2908935546875
27.624,311,1037,1537,312,-2.0,36.0,45.0,21.606443405151367,7.873534679412842,-10.192870140075684,-0.8966064453125,0.390380859375,0.093994140625
27.632,310,1029,1546,314,-2.0,36.0,45.0,17.51708984375,13.610838890075684,-14.953612327575684,-0.96435546875,0.4847412109375,-0.03466796875
27.646,311,1020,1540,312,-2.0,36.0,45.0,-3.906249761581421,14.160155296325684,-19.83642578125,-1.19677734375,0.5330810546875,-0.0093994140625
27.654,312,1000,1523,314,-2.0,36.0,45.0,-27.832029342651367,11.047362327575684,-22.399900436401367,-1.52587890625,0.5955810546875,0.1070556640625
27.663,310,974,1490,313,-2.0,36.0,45.0,-46.020503997802734,6.469726085662842,-19.775390625,-1.742431640625,0.59619140625,0.2457275390625
27.681,312,928,1417,312,-2.0,37.0,47.0,-54.626461029052734,4.7607421875,-13.366698265075684,-1.7332763671875,0.4735107421875,0.35595703125
27.684,311,889,1363,313,-2.0,37.0,47.0,-50.476070404052734,8.30078125,-4.0283203125,-1.5765380859375,0.38818359375,0.392578125
27.710,310,849,1290,314,-2.0,37.0,47.0,-38.330078125,14.587401390075684,8.9111328125,-1.37451171875,0.428955078125,0.375
27.710,297,785,1189,312,-2.0,37.0,47.0,-25.451658248901367,19.71435546875,19.775390625,-1.1466064453125,0.44189453125,0.3363037109375
27.718,310,751,1125,312,-2.0,37.0,47.0,-12.756346702575684,22.460935592651367,20.01953125,-0.8985595703125,0.381591796875,0.2880859375
27.723,310,715,1085,312,-2.0,37.0,47.0,1.9531248807907104,24.108884811401367,10.742186546325684,-0.69140625,0.3740234375,0.1915283203125
27.737,310,646,998,313,-2.0,37.0,47.0,14.587401390075684,26.123044967651367,-0.6713866591453552,-0.515869140625,0.34423828125,0.0076904296875
27.751,310,617,955,312,-2.0,37.0,47.0,18.49365234375,26.306150436401367,-11.535643577575684,-0.515869140625,0.34423828125,0.0076904296875
27.755,310,576,865,310,-2.0,37.0,47.0,13.671874046325684,24.291990280151367,-21.911619186401367,-0.4906005859375,0.1412353515625,0.0035400390625
27.766,310,532,793,312,-2.0,37.0,47.0,6.164550304412842,21.850584030151367,-28.381345748901367,-0.568359375,-0.1094970703125,-0.121826171875
27.774,310,513,771,312,-2.0,36.0,43.0,2.44140625,21.301267623901367,-28.503416061401367,-0.568359375,-0.1094970703125,-0.121826171875
27.783,310,498,750,312,-2.0,36.0,43.0,3.417968511581421,23.193357467651367,-24.597166061401367,-0.6328125,-0.07275390625,-0.240478515625
27.800,310,490,721,311,-2.0,36.0,43.0,2.868652105331421,20.385740280151367,-17.822265625,-0.7119140625,0.1724853515625,-0.08837890625
27.815,310,483,713,312,-2.0,36.0,43.0,-4.45556640625,11.291502952575684,-8.6669921875,-0.7119140625,0.1724853515625,-0.08837890625
27.816,310,481,703,312,-2.0,36.0,43.0,-14.648436546325684,2.868652105331421,-0.0610351525247097,-0.719482421875,0.307861328125,-0.0223388671875
27.830,308,482,713,310,-2.0,36.0,43.0,-21.972654342651367,-2.44140625,5.920409679412842,-0.697998046875,0.36962890625,0.123046875
27.834,310,490,725,312,-2.0,36.0,43.0,-25.512693405151367,-6.042479991912842,8.72802734375,-0.697998046875,0.36962890625,0.123046875
27.842,310,496,730,312,-2.0,36.0,43.0,-24.719236373901367,-7.385253429412842,10.131834983825684,-0.680908203125,0.3551025390625,0.1829833984375
27.862,310,508,739,311,-2.0,36.0,43.0,-20.751951217651367,-6.530761241912842,11.840819358825684,-0.6781005859375,0.37158203125,0.25537109375
27.864,310,518,751,314,-2.0,36.0,43.0,-17.88330078125,-4.69970703125,13.549803733825684,-0.6778564453125,0.3623046875,0.2801513671875
27.872,310,524,762,312,-1.0,38.0,42.0,-16.4794921875,-2.685546636581421,14.343260765075684,-0.6778564453125,0.3623046875,0.2801513671875
27.886,310,539,780,312,-1.0,38.0,42.0,-7.568358898162842,-4.33349609375,12.329100608825684,-0.655029296875,0.346923828125,0.289306640625
27.894,310,554,799,312,-1.0,38.0,42.0,-7.568358898162842,-4.33349609375,12.329100608825684,-0.651123046875,0.331298828125,0.2437744140625
27.916,308,564,822,312,-1.0,38.0,42.0,1.2817381620407104,-6.774901866912842,9.8876953125,-0.651123046875,0.331298828125,0.2437744140625
27.917,308,590,858,294,-1.0,38.0,42.0,18.00537109375,-8.9111328125,4.5166015625,-0.7119140625,0.3695068359375,0.17138671875
27.924,310,607,884,311,-1.0,38.0,42.0,18.00537109375,-8.9111328125,4.5166015625,-0.7530517578125,0.419921875,0.132080078125
27.934,311,622,931,312,-1.0,38.0,42.0,21.667478561401367,-9.21630859375,2.25830078125,-0.7530517578125,0.419921875,0.132080078125
27.946,311,657,968,311,-1.0,38.0,42.0,18.85986328125,-12.573241233825684,-0.30517578125,-0.712890625,0.373046875,0.0794677734375
27.955,311,685,1009,312,-1.0,38.0,42.0,18.85986328125,-12.573241233825684,-0.30517578125,-0.63916015625,0.28515625,0.078857421875
27.967,311,723,1050,312,-1.0,38.0,42.0,14.343260765075684,-14.892577171325684,0.9765624403953552,-0.63916015625,0.28515625,0.078857421875
27.976,310,785,1138,312,-1.0,37.0,42.0,19.95849609375,-18.4326171875,3.784179449081421,-0.7677001953125,0.0728759765625,0.076416015625
27.988,310,820,1213,312,-1.0,37.0,42.0,19.95849609375,-18.4326171875,3.784179449081421,-0.8892822265625,-0.0166015625,0.0068359375
27.992,310,852,1282,312,-1.0,37.0,42.0,32.470703125,-18.4326171875,-0.2441406100988388,-0.8892822265625,-0.0166015625,0.0068359375
28.017,310,914,1399,312,-1.0,37.0,42.0,39.97802734375,-14.099120140075684,-4.94384765625,-0.8514404296875,0.180908203125,-0.05810546875
28.017,310,947,1452,312,-1.0,37.0,42.0,34.5458984375,-14.892577171325684,-2.807616949081421,-0.7685546875,0.36865234375,-0.0203857421875
28.024,310,984,1492,312,-1.0,37.0,42.0,34.5458984375,-14.892577171325684,-2.807616949081421,-0.78662109375,0.48828125,0.02197265625
28.036,310,1029,1553,314,-1.0,37.0,42.0,9.521484375,-19.287109375,-8.6669921875,-0.966552734375,0.55224609375,0.0479736328125
28.044,310,1051,1595,314,-1.0,37.0,42.0,-4.45556640625,-21.728513717651367,-12.512206077575684,-1.263427734375,0.580810546875,0.08203125
28.056,310,1073,1615,314,-1.0,37.0,42.0,-4.45556640625,-21.728513717651367,-12.512206077575684,-1.5699462890625,0.5865478515625,0.159912109375
28.071,312,1091,1636,312,-1.0,37.0,42.0,-21.911619186401367,-26.489255905151367,-8.4228515625,-1.7791748046875,0.5909423828125,0.2886962890625
28.074,311,1095,1635,314,0.0,35.0,49.0,-25.085447311401367,-25.939939498901367,-0.6713866591453552,-1.7841796875,0.5113525390625,0.47265625
28.082,311,1089,1620,315,0.0,35.0,49.0,-25.085447311401367,-25.939939498901367,-0.6713866591453552,-1.5009765625,0.294921875,0.6177978515625
28.096,310,1076,1580,312,0.0,35.0,49.0,-6.835937023162842,-7.385253429412842,9.46044921875,-1.0570068359375,0.154296875,0.5560302734375
28.120,311,1055,1547,314,0.0,35.0,49.0,18.6767578125,10.314940452575684,7.812499523162842,-0.8192138671875,0.34619140625,0.249267578125
28.121,310,1047,1531,313,0.0,35.0,49.0,18.6767578125,10.314940452575684,7.812499523162842,-0.8834228515625,0.64794921875,-0.0745849609375
28.126,310,1029,1538,314,0.0,35.0,49.0,20.324705123901367,22.583005905151367,-8.9111328125,-1.0718994140625,0.6903076171875,-0.1666259765625
28.134,311,1021,1533,313,0.0,35.0,49.0,-7.385253429412842,16.29638671875,-20.385740280151367,-1.313232421875,0.5555419921875,-0.0279541015625
28.143,311,1008,1527,312,0.0,35.0,49.0,-7.385253429412842,16.29638671875,-20.385740280151367,-1.5352783203125,0.4512939453125,0.1685791015625
28.156,310,966,1483,312,0.0,35.0,49.0,-45.104976654052734,3.173827886581421,-18.5546875,-1.635009765625,0.3990478515625,0.29443359375
28.178,308,933,1434,314,0.0,35.0,49.0,-43.640132904052734,4.150390625,-6.652831554412842,-1.6075439453125,0.397705078125,0.3411865234375
28.178,311,904,1379,290,-1.0,36.0,48.0,-35.5224609375,8.60595703125,8.1787109375,-1.4957275390625,0.4344482421875,0.348876953125
28.193,310,846,1284,312,-1.0,36.0,48.0,-27.709959030151367,13.610838890075684,21.179197311401367,-1.2947998046875,0.4180908203125,0.3505859375
28.194,310,813,1232,311,-1.0,36.0,48.0,-19.1650390625,17.51708984375,26.245115280151367,-1.02490234375,0.3221435546875,0.3516845703125
28.222,310,778,1178,312,-1.0,36.0,48.0,-4.8828125,19.04296875,22.827146530151367,-0.775146484375,0.2767333984375,0.289794921875
28.222,310,724,1116,312,-1.0,36.0,48.0,12.878417015075684,19.10400390625,15.686034202575684,-0.6180419921875,0.3447265625,0.1627197265625
28.225,310,689,1067,314,-1.0,36.0,48.0,24.597166061401367,18.85986328125,7.263183116912842,-0.5574951171875,0.4083251953125,0.066162109375
28.233,310,668,1039,312,-1.0,36.0,48.0,23.254392623901367,19.47021484375,-2.563476324081421,-0.5562744140625,0.3609619140625,0.02685546875
28.241,310,643,1017,312,-1.0,36.0,48.0,11.169432640075684,21.972654342651367,-12.512206077575684,-0.5897216796875,0.2313232421875,0.0135498046875
28.255,311,594,944,312,-1.0,36.0,48.0,-1.9531248807907104,24.047849655151367,-19.22607421875,-0.6522216796875,0.1357421875,0.010986328125
28.263,310,566,893,312,-1.0,36.0,48.0,-8.7890625,23.010251998901367,-19.53125,-0.71826171875,0.0894775390625,-0.0362548828125
28.271,310,552,873,312,-2.0,36.0,43.0,-9.70458984375,20.996091842651367,-15.502928733825684,-0.755615234375,0.045654296875,-0.1234130859375
28.285,311,533,846,311,-2.0,36.0,43.0,-7.202147960662842,18.310546875,-10.986327171325684,-0.765869140625,0.0347900390625,-0.134765625
28.295,310,533,846,312,-2.0,36.0,43.0,-4.7607421875,12.573241233825684,-6.408690929412842,-0.7606201171875,0.1025390625,-0.0670166015625
28.301,310,531,840,312,-2.0,36.0,43.0,-5.798339366912842,5.310058116912842,-1.3427733182907104,-0.7451171875,0.21826171875,-0.0020751953125
28.324,309,522,837,312,-2.0,36.0,43.0,-8.9111328125,-0.4882812201976776,2.807616949081421,-0.7249755859375,0.3162841796875,0.0435791015625
28.324,310,505,835,310,-2.0,36.0,43.0,-10.986327171325684,-3.906249761581421,5.920409679412842,-0.7017822265625,0.3765869140625,0.09033203125
28.331,310,523,853,312,-2.0,36.0,43.0,-11.474608421325684,-5.493163585662842,8.4228515625,-0.6729736328125,0.405517578125,0.1533203125
28.344,310,533,878,310,-2.0,36.0,43.0,-11.901854515075684,-5.859374523162842,9.765625,-0.6588134765625,0.4141845703125,0.220458984375
28.353,311,538,891,312,-2.0,36.0,43.0,-12.329100608825684,-5.493163585662842,9.58251953125,-0.67236328125,0.4144287109375,0.259521484375
28.361,308,545,913,312,-2.0,36.0,43.0,-11.108397483825684,-4.45556640625,7.873534679412842,-0.686767578125,0.389404296875,0.249755859375
28.375,310,558,932,312,0.0,39.0,43.0,-6.896972179412842,-3.173827886581421,5.310058116912842,-0.690185546875,0.342041015625,0.2127685546875
28.403,310,567,952,312,0.0,39.0,43.0,-0.7934569716453552,-3.112792730331421,2.990722417831421,-0.687744140625,0.3126220703125,0.1771240234375
28.403,310,578,973,312,0.0,39.0,43.0,4.69970703125,-5.0048828125,1.5258787870407104,-0.6868896484375,0.3072509765625,0.14697265625
28.405,310,579,1009,312,0.0,39.0,43.0,8.60595703125,-7.751464366912842,0.6713866591453552,-0.6927490234375,0.3193359375,0.1278076171875
28.427,310,614,1035,312,0.0,39.0,43.0,11.352538108825684,-10.070799827575684,0.1220703050494194,-0.699462890625,0.3521728515625,0.1126708984375
28.428,310,634,1064,312,0.0,39.0,43.0,12.145995140075684,-11.474608421325684,-0.1220703050494194,-0.6888427734375,0.3797607421875,0.092041015625
28.435,310,662,1108,313,0.0,39.0,43.0,11.047362327575684,-12.817381858825684,-0.54931640625,-0.6546630859375,0.369873046875,0.0791015625
28.443,310,694,1138,312,0.0,39.0,43.0,9.94873046875,-15.014647483825684,-1.6479490995407104,-0.600830078125,0.34130859375,0.0828857421875
28.451,311,737,1191,314,0.0,39.0,43.0,10.253905296325684,-17.7001953125,-3.112792730331421,-0.5675048828125,0.302490234375,0.0931396484375
28.465,309,803,1297,311,0.0,39.0,43.0,12.878417015075684,-19.47021484375,-5.920409679412842,-0.6263427734375,0.2191162109375,0.111572265625
28.473,310,846,1377,312,-2.0,36.0,47.0,19.59228515625,-20.324705123901367,-11.901854515075684,-0.716796875,0.088623046875,0.11328125
28.481,310,876,1437,314,-2.0,36.0,47.0,31.127927780151367,-20.263669967651367,-19.04296875,-0.7850341796875,-0.0029296875,0.0782470703125
28.530,310,953,1516,312,-2.0,36.0,47.0,44.006343841552734,-20.141599655151367,-20.751951217651367,-0.8740234375,0.082275390625,0.04248046875
28.530,315,987,1555,313,-2.0,36.0,47.0,51.269527435302734,-21.179197311401367,-15.441893577575684,-0.9669189453125,0.30078125,0.0177001953125
28.530,312,1021,1588,314,-2.0,36.0,47.0,47.180171966552734,-23.193357467651367,-9.70458984375,-1.027587890625,0.40576171875,0.0281982421875
28.530,307,1065,1640,314,-2.0,36.0,47.0,35.400390625,-25.756834030151367,-6.958007335662842,-1.071533203125,0.3514404296875,0.110107421875
28.533,310,1081,1652,315,-2.0,36.0,47.0,26.123044967651367,-26.977537155151367,-4.150390625,-1.16259765625,0.311279296875,0.2281494140625
28.541,310,1098,1665,314,-2.0,36.0,47.0,22.338865280151367,-25.451658248901367,-0.0610351525247097,-1.3275146484375,0.39794921875,0.31494140625
28.554,310,1120,1678,314,-2.0,36.0,47.0,18.24951171875,-20.629880905151367,3.723144292831421,-1.6787109375,0.760498046875,0.2569580078125
28.563,311,1129,1676,314,-2.0,36.0,47.0,8.4228515625,-14.282225608825684,5.187987804412842,-1.6787109375,0.760498046875,0.2569580078125
28.571,310,1117,1662,314,-1.0,35.0,45.0,-2.746581792831421,-10.009765625,3.234863042831421,-1.673095703125,0.6727294921875,0.272705078125
28.585,310,1091,1624,310,-1.0,35.0,45.0,-5.187987804412842,-6.225585460662842,-1.15966796875,-0.9920654296875,0.168212890625,0.346435546875
28.593,312,1071,1595,314,-1.0,35.0,45.0,5.859374523162842,1.6479490995407104,-5.371093273162842,-0.9920654296875,0.168212890625,0.346435546875
28.611,310,1051,1573,313,-1.0,35.0,45.0,20.812986373901367,11.657713890075684,-7.446288585662842,-0.84130859375,0.28564453125,0.1903076171875
28.632,311,1039,1577,314,-1.0,35.0,45.0,20.996091842651367,18.06640625,-9.46044921875,-1.2254638671875,0.5975341796875,-0.0479736328125
28.632,308,1026,1567,313,-1.0,35.0,45.0,2.868652105331421,19.53125,-14.648436546325684,-1.2254638671875,0.5975341796875,-0.0479736328125
28.632,314,1010,1547,314,-1.0,35.0,45.0,-22.277830123901367,16.54052734375,-20.446775436401367,-1.5413818359375,0.6290283203125,0.039794921875
28.645,310,964,1500,312,-1.0,35.0,45.0,-44.433589935302734,11.230467796325684,-22.277830123901367,-1.701416015625,0.458251953125,0.320556640625
28.653,308,927,1450,312,-1.0,35.0,45.0,-53.833003997802734,8.72802734375,-18.9208984375,-1.701416015625,0.458251953125,0.320556640625
28.661,310,886,1383,312,-1.0,35.0,45.0,-48.095699310302734,10.803221702575684,-9.70458984375,-1.5909423828125,0.42724609375,0.3671875
28.677,310,827,1294,312,-1.0,37.0,46.0,-36.2548828125,15.624999046325684,2.868652105331421,-1.2457275390625,0.3515625,0.3214111328125
28.683,310,784,1236,312,-1.0,37.0,46.0,-26.611326217651367,20.690916061401367,12.878417015075684,-1.2457275390625,0.3515625,0.3214111328125
28.691,310,745,1175,312,-1.0,37.0,46.0,-19.47021484375,24.597166061401367,16.845703125,-0.971435546875,0.221435546875,0.30859375
28.712,309,668,1067,311,-1.0,37.0,46.0,5.493163585662842,29.663084030151367,14.648436546325684,-0.580810546875,0.240478515625,0.1788330078125
28.713,310,631,1012,312,-1.0,37.0,46.0,5.493163585662842,29.663084030151367,14.648436546325684,-0.491455078125,0.26171875,0.1055908203125
28.736,310,601,959,312,-1.0,37.0,46.0,17.822265625,30.212400436401367,8.11767578125,-0.491455078125,0.26171875,0.1055908203125
28.736,310,531,858,311,-1.0,37.0,46.0,17.822265625,27.954099655151367,-12.756346702575684,-0.5064697265625,0.018798828125,0.0740966796875
28.743,309,500,813,312,-1.0,37.0,46.0,17.822265625,27.954099655151367,-12.756346702575684,-0.525634765625,-0.1197509765625,0.0023193359375
28.752,310,481,786,312,-1.0,37.0,46.0,14.892577171325684,26.062009811401367,-17.333984375,-0.525634765625,-0.1197509765625,0.0023193359375
28.765,310,452,767,312,-1.0,36.0,45.0,17.08984375,26.245115280151367,-13.122557640075684,-0.6424560546875,-0.0009765625,-0.2171630859375
28.773,308,437,756,312,-1.0,36.0,45.0,17.08984375,26.245115280151367,-13.122557640075684,-0.7298583984375,0.2474365234375,-0.216552734375
28.781,310,432,750,312,-1.0,36.0,45.0,16.357421875,21.850584030151367,-2.50244140625,-0.7298583984375,0.2474365234375,-0.216552734375
28.796,309,428,731,311,-1.0,36.0,45.0,-7.019042491912842,6.225585460662842,14.770506858825684,-0.7427978515625,0.4556884765625,-0.08056640625
28.807,310,435,728,311,-1.0,36.0,45.0,-7.019042491912842,6.225585460662842,14.770506858825684,-0.7025146484375,0.404296875,0.0216064453125
28.816,310,438,730,311,-1.0,36.0,45.0,-19.95849609375,0.1220703050494194,15.991209983825684,-0.7025146484375,0.404296875,0.0216064453125
28.836,309,450,754,310,-1.0,36.0,45.0,-26.062009811401367,-6.469726085662842,17.2119140625,-0.663330078125,0.4173583984375,0.1630859375
28.836,310,465,763,311,-1.0,36.0,45.0,-26.062009811401367,-6.469726085662842,17.2119140625,-0.66259765625,0.423828125,0.1962890625
28.844,310,473,775,312,-1.0,36.0,45.0,-25.695798873901367,-7.446288585662842,17.7001953125,-0.6494140625,0.3912353515625,0.2037353515625
28.855,308,486,803,312,-1.0,36.0,45.0,-24.780271530151367,-3.723144292831421,13.122557640075684,-0.6529541015625,0.363037109375,0.2171630859375
28.863,311,498,824,312,-1.0,36.0,45.0,-21.484373092651367,-3.540038824081421,9.70458984375,-0.659423828125,0.3648681640625,0.2525634765625
28.871,309,516,846,311,-1.0,40.0,43.0,-21.484373092651367,-3.540038824081421,9.70458984375,-0.651123046875,0.36279296875,0.262451171875
28.885,310,543,873,312,-1.0,40.0,43.0,-9.6435546875,-8.9111328125,4.33349609375,-0.6329345703125,0.3370361328125,0.231201171875
28.893,309,562,902,312,-1.0,40.0,43.0,-0.7934569716453552,-11.474608421325684,2.929687261581421,-0.603759765625,0.3026123046875,0.194580078125
28.901,307,585,943,312,-1.0,40.0,43.0,-0.7934569716453552,-11.474608421325684,2.929687261581421,-0.5892333984375,0.299072265625,0.1539306640625
28.915,310,622,1000,312,-1.0,40.0,43.0,16.54052734375,-14.465331077575684,6.103515148162842,-0.619140625,0.3238525390625,0.1103515625
28.954,310,658,1037,312,-1.0,40.0,43.0,16.7236328125,-16.66259765625,10.498045921325684,-0.6375732421875,0.3414306640625,0.1109619140625
28.982,310,714,1078,313,-1.0,40.0,43.0,16.7236328125,-16.66259765625,10.498045921325684,-0.674072265625,0.27978515625,0.1610107421875
28.983,312,797,1173,300,-1.0,40.0,43.0,6.164550304412842,-22.583005905151367,9.765625,-0.7630615234375,0.0904541015625,0.192626953125
28.983,310,837,1255,313,-1.0,40.0,43.0,15.380858421325684,-20.996091842651367,0.30517578125,-0.8336181640625,-0.1016845703125,0.1328125
28.983,310,877,1323,312,-1.0,40.0,43.0,15.380858421325684,-20.996091842651367,0.30517578125,-0.8719482421875,-0.1162109375,0.0260009765625
28.983,310,947,1422,312,-3.0,36.0,46.0,46.508785247802734,-10.437010765075684,-8.36181640625,-0.8985595703125,0.077392578125,-0.05908203125
28.983,310,982,1462,314,-3.0,36.0,46.0,47.119136810302734,-8.30078125,-0.1831054538488388,-0.963134765625,0.33154296875,-0.1185302734375
28.993,311,1013,1500,314,-3.0,36.0,46.0,47.119136810302734,-8.30078125,-0.1831054538488388,-1.086669921875,0.5146484375,-0.1041259765625
29.012,311,1051,1553,313,-3.0,36.0,46.0,6.958007335662842,-11.291502952575684,11.108397483825684,-1.2384033203125,0.5980224609375,-0.0123291015625
29.013,311,1074,1572,313,-3.0,36.0,46.0,-18.12744140625,-14.831542015075684,9.58251953125,-1.3551025390625,0.5830078125,0.1268310546875
29.021,312,1085,1591,314,-3.0,36.0,46.0,-29.296873092651367,-17.51708984375,6.530761241912842,-1.4375,0.5540771484375,0.251708984375
29.048,310,1098,1609,314,-3.0,36.0,46.0,-25.756834030151367,-18.06640625,5.126952648162842,-1.532958984375,0.63525390625,0.3067626953125
29.048,295,1094,1592,314,-3.0,36.0,46.0,-16.845703125,-15.563963890075684,5.310058116912842,-1.623046875,0.7462158203125,0.3348388671875
29.051,310,1078,1561,313,-3.0,36.0,46.0,-11.474608421325684,-9.58251953125,3.601073980331421,-1.5306396484375,0.614990234375,0.36376953125
29.069,311,1050,1516,314,0.0,37.0,44.0,-7.568358898162842,0.9155272841453552,-1.9531248807907104,-1.1822509765625,0.2681884765625,0.3499755859375
29.073,310,1041,1508,313,0.0,37.0,44.0,2.25830078125,12.573241233825684,-6.103515148162842,-0.8900146484375,0.1436767578125,0.2423095703125
29.081,310,1027,1512,314,0.0,37.0,44.0,11.718749046325684,19.22607421875,-4.82177734375,-0.9295654296875,0.3697509765625,0.0794677734375
29.095,311,1011,1500,312,0.0,37.0,44.0,8.11767578125,19.47021484375,-2.50244140625,-1.2386474609375,0.642578125,-0.021484375
29.103,310,996,1478,312,0.0,37.0,44.0,-9.09423828125,15.930174827575684,-2.807616949081421,-1.552490234375,0.713134765625,0.010009765625
29.143,310,973,1457,314,0.0,37.0,44.0,-29.724119186401367,11.535643577575684,-3.662109136581421,-1.6558837890625,0.5899658203125,0.133544921875
29.144,310,928,1387,312,0.0,37.0,44.0,-41.381832122802734,8.4228515625,-0.2441406100988388,-1.57568359375,0.4609375,0.25634765625
29.144,310,895,1336,313,0.0,37.0,44.0,-40.466304779052734,7.934569835662842,8.6669921875,-1.4359130859375,0.4195556640625,0.3145751953125
29.144,311,835,1253,314,0.0,37.0,44.0,-31.372068405151367,10.986327171325684,18.73779296875,-1.2783203125,0.412353515625,0.3192138671875
29.155,310,809,1202,313,0.0,37.0,44.0,-18.798828125,15.747069358825684,23.742673873901367,-1.0811767578125,0.3817138671875,0.30224609375
29.163,310,779,1145,314,0.0,37.0,45.0,-5.676269054412842,19.1650390625,21.484373092651367,-0.8599853515625,0.3607177734375,0.2452392578125
29.171,309,739,1105,314,0.0,37.0,45.0,5.432128429412842,20.385740280151367,14.648436546325684,-0.68310546875,0.3699951171875,0.1456298828125
29.185,311,673,1047,311,0.0,37.0,45.0,11.352538108825684,20.01953125,6.164550304412842,-0.5748291015625,0.3665771484375,0.06298828125
29.193,309,647,1022,312,0.0,37.0,45.0,10.620116233825684,18.85986328125,-2.746581792831421,-0.5333251953125,0.288818359375,0.0262451171875
29.201,315,620,982,312,0.0,37.0,45.0,6.164550304412842,17.51708984375,-10.986327171325684,-0.5648193359375,0.1666259765625,0.0198974609375
29.217,310,587,884,310,0.0,37.0,45.0,2.01416015625,14.953612327575684,-15.624999046325684,-0.647216796875,0.098388671875,0.0118408203125
29.223,310,564,861,312,0.0,37.0,45.0,-0.4882812201976776,12.390135765075684,-15.441893577575684,-0.7027587890625,0.0750732421875,-0.063720703125
29.248,310,551,846,312,0.0,37.0,45.0,-1.7089842557907104,12.329100608825684,-13.671874046325684,-0.7178955078125,0.062744140625,-0.1546630859375
29.248,310,535,830,311,0.0,37.0,45.0,-2.990722417831421,11.169432640075684,-10.925292015075684,-0.728271484375,0.095458984375,-0.1376953125
29.253,310,525,822,312,0.0,37.0,45.0,-5.554198741912842,5.798339366912842,-5.432128429412842,-0.7271728515625,0.1851806640625,-0.0509033203125
29.262,310,518,827,312,-1.0,36.0,44.0,-10.192870140075684,-0.0610351525247097,0.8544921278953552,-0.716064453125,0.2884521484375,0.0155029296875
29.275,311,513,835,312,-1.0,36.0,44.0,-14.831542015075684,-3.479003667831421,5.126952648162842,-0.7012939453125,0.352294921875,0.060546875
29.283,310,516,853,312,-1.0,36.0,44.0,-17.2119140625,-4.94384765625,7.019042491912842,-0.691650390625,0.373291015625,0.106201171875
29.297,310,519,861,312,-1.0,36.0,44.0,-17.02880859375,-5.920409679412842,8.1787109375,-0.6903076171875,0.38916015625,0.152099609375
29.305,310,527,882,311,-1.0,36.0,44.0,-15.075682640075684,-6.469726085662842,9.33837890625,-0.7056884765625,0.4119873046875,0.1898193359375
29.319,310,532,891,312,-1.0,36.0,44.0,-13.244627952575684,-6.408690929412842,10.375975608825684,-0.7213134765625,0.419677734375,0.217529296875
29.321,308,537,910,312,-1.0,36.0,44.0,-11.718749046325684,-5.737304210662842,10.742186546325684,-0.700927734375,0.3909912109375,0.236572265625
29.352,310,554,935,312,-1.0,36.0,44.0,-8.544921875,-5.065917491912842,10.253905296325684,-0.61572265625,0.3316650390625,0.2747802734375
29.352,311,563,947,310,-1.0,36.0,44.0,-1.8310545682907104,-6.469726085662842,8.60595703125,-0.61572265625,0.3316650390625,0.2747802734375
29.354,310,552,939,312,-1.0,36.0,44.0,7.385253429412842,-9.70458984375,5.920409679412842,-0.6104736328125,0.3411865234375,0.25341796875
29.366,311,600,989,312,-1.0,36.0,43.0,16.78466796875,-12.634276390075684,2.990722417831421,-0.6785888671875,0.422607421875,0.1317138671875
29.374,310,613,1011,312,-1.0,36.0,43.0,23.559568405151367,-14.404295921325684,1.2817381620407104,-0.6785888671875,0.422607421875,0.1317138671875
29.382,310,628,1035,312,-1.0,36.0,43.0,25.085447311401367,-15.624999046325684,1.3427733182907104,-0.720947265625,0.440673828125,0.0916748046875
29.396,310,657,1094,312,-1.0,36.0,43.0,18.00537109375,-18.6767578125,3.295898199081421,-0.6990966796875,0.3480224609375,0.0765380859375
29.407,310,689,1129,312,-1.0,36.0,43.0,18.00537109375,-18.6767578125,3.295898199081421,-0.6297607421875,0.2918701171875,0.0797119140625
29.412,310,726,1173,313,-1.0,36.0,43.0,16.7236328125,-20.507810592651367,2.868652105331421,-0.6297607421875,0.2918701171875,0.0797119140625
29.426,310,794,1273,313,-1.0,36.0,43.0,24.169919967651367,-22.277830123901367,-4.0283203125,-0.694580078125,0.0972900390625,0.0625
29.457,310,833,1348,313,-1.0,36.0,43.0,24.169919967651367,-22.277830123901367,-4.0283203125,-0.7327880859375,0.0325927734375,0.0618896484375
29.457,310,871,1409,314,-1.0,36.0,43.0,30.578611373901367,-21.972654342651367,-11.535643577575684,-0.7327880859375,0.0325927734375,0.0618896484375
29.457,310,944,1486,312,-1.0,36.0,43.0,33.99658203125,-18.61572265625,-16.357421875,-0.778076171875,0.2579345703125,0.1292724609375
29.464,310,985,1531,314,-2.0,35.0,48.0,33.99658203125,-18.61572265625,-16.357421875,-0.8675537109375,0.396484375,0.1302490234375
29.472,310,1013,1569,314,-2.0,35.0,48.0,32.958984375,-18.85986328125,-12.573241233825684,-0.8675537109375,0.396484375,0.1302490234375
29.486,311,1054,1619,314,-2.0,35.0,48.0,22.644041061401367,-15.441893577575684,-10.375975608825684,-1.20703125,0.4422607421875,0.053955078125
29.494,310,1073,1636,314,-2.0,35.0,48.0,22.644041061401367,-15.441893577575684,-10.375975608825684,-1.4080810546875,0.4749755859375,0.1212158203125
29.502,311,1089,1647,314,-2.0,35.0,48.0,13.793944358825684,-14.343260765075684,-10.437010765075684,-1.4080810546875,0.4749755859375,0.1212158203125
29.528,311,1098,1670,313,-2.0,35.0,48.0,-3.295898199081421,-12.451170921325684,-4.08935546875,-1.7137451171875,0.653076171875,0.32080078125
29.528,296,1092,1665,314,-2.0,35.0,48.0,-3.295898199081421,-12.451170921325684,-4.08935546875,-1.6793212890625,0.610595703125,0.4169921875
29.532,310,1078,1640,314,-2.0,35.0,48.0,-9.94873046875,-8.11767578125,-0.1220703050494194,-1.6793212890625,0.610595703125,0.4169921875
29.552,310,1054,1595,313,-2.0,35.0,48.0,3.173827886581421,10.498045921325684,0.54931640625,-0.992431640625,0.263427734375,0.3531494140625
29.562,310,1029,1564,313,-2.0,35.0,48.0,21.545408248901367,21.728513717651367,-3.417968511581421,-0.88232421875,0.4278564453125,0.056396484375
29.562,310,1022,1523,298,-1.0,35.0,53.0,21.545408248901367,21.728513717651367,-3.417968511581421,-0.9873046875,0.62353515625,-0.1669921875
29.576,310,1011,1564,313,-1.0,35.0,53.0,5.798339366912842,19.22607421875,-21.728513717651367,-1.1907958984375,0.6610107421875,-0.152099609375
29.584,311,995,1547,314,-1.0,35.0,53.0,-17.822265625,9.46044921875,-32.958984375,-1.4515380859375,0.6375732421875,0.0244140625
29.592,310,981,1531,313,-1.0,35.0,53.0,-17.822265625,9.46044921875,-32.958984375,-1.6295166015625,0.5938720703125,0.21435546875
29.606,310,939,1478,313,-1.0,35.0,53.0,-38.39111328125,-5.065917491912842,-34.66796875,-1.6435546875,0.5174560546875,0.3265380859375
29.614,310,904,1430,314,-1.0,35.0,53.0,-29.785154342651367,-3.723144292831421,-27.465818405151367,-1.5550537109375,0.4591064453125,0.334716796875
29.633,310,871,1380,313,-1.0,35.0,53.0,-29.785154342651367,-3.723144292831421,-27.465818405151367,-1.4317626953125,0.4378662109375,0.2789306640625
29.636,309,813,1305,313,-1.0,35.0,53.0,-8.48388671875,5.065917491912842,-9.58251953125,-1.2843017578125,0.380859375,0.243408203125
29.656,310,771,1236,312,-1.0,35.0,53.0,-5.187987804412842,8.4228515625,-4.638671875,-1.0880126953125,0.2794189453125,0.2431640625
29.657,311,725,1189,312,-1.0,35.0,53.0,-5.187987804412842,8.4228515625,-4.638671875,-0.8631591796875,0.1893310546875,0.2291259765625
29.668,310,653,1078,312,0.0,37.0,45.0,-7.385253429412842,16.66259765625,1.8310545682907104,-0.6566162109375,0.119873046875,0.2110595703125
29.674,310,614,1047,312,0.0,37.0,45.0,-5.920409679412842,19.47021484375,1.8310545682907104,-0.4814453125,0.069580078125,0.1942138671875
29.682,310,586,1011,312,0.0,37.0,45.0,-5.920409679412842,19.47021484375,1.8310545682907104,-0.4002685546875,0.088623046875,0.1533203125
29.696,310,537,895,312,0.0,37.0,45.0,2.929687261581421,21.972654342651367,-8.1787109375,-0.4493408203125,0.126708984375,0.1121826171875
29.704,310,510,858,312,0.0,37.0,45.0,6.225585460662842,20.385740280151367,-13.549803733825684,-0.540283203125,0.049560546875,0.025390625
29.712,310,488,833,312,0.0,37.0,45.0,8.544921875,20.507810592651367,-17.63916015625,-0.604248046875,-0.038818359375,-0.1109619140625
29.729,310,465,822,310,0.0,37.0,45.0,10.681151390075684,21.362302780151367,-17.2119140625,-0.6475830078125,0.0255126953125,-0.189208984375
29.734,310,449,816,312,0.0,37.0,45.0,10.009765625,18.37158203125,-10.498045921325684,-0.69873046875,0.2030029296875,-0.191162109375
29.757,310,439,809,312,0.0,37.0,45.0,2.929687261581421,10.803221702575684,-0.8544921278953552,-0.734375,0.3824462890625,-0.13037109375
29.757,309,447,805,312,0.0,37.0,45.0,-8.48388671875,2.50244140625,7.019042491912842,-0.73095703125,0.4521484375,-0.0250244140625
29.764,311,451,810,311,0.0,37.0,51.0,-19.53125,-2.807616949081421,9.765625,-0.709228515625,0.39794921875,0.087158203125
29.774,311,456,814,312,0.0,37.0,51.0,-25.695798873901367,-4.69970703125,8.85009765625,-0.6793212890625,0.342529296875,0.1826171875
29.786,310,475,827,311,0.0,37.0,51.0,-25.207517623901367,-4.7607421875,8.4228515625,-0.6739501953125,0.3468017578125,0.2421875
29.794,309,480,838,312,0.0,37.0,51.0,-20.996091842651367,-4.82177734375,9.765625,-0.671875,0.3492431640625,0.2674560546875
29.802,310,490,854,312,0.0,37.0,51.0,-15.869139671325684,-4.7607421875,11.169432640075684,-0.65380859375,0.311279296875,0.257568359375
29.816,310,509,884,312,0.0,37.0,51.0,-10.253905296325684,-4.45556640625,11.596678733825684,-0.649169921875,0.2874755859375,0.23388671875
29.833,310,523,902,312,0.0,37.0,51.0,-4.21142578125,-5.126952648162842,11.230467796325684,-0.6541748046875,0.3038330078125,0.2205810546875
29.833,310,536,922,312,0.0,37.0,51.0,1.4038084745407104,-6.469726085662842,10.253905296325684,-0.6627197265625,0.3353271484375,0.2098388671875
29.860,310,558,957,310,0.0,37.0,51.0,5.187987804412842,-7.263183116912842,9.033203125,-0.673583984375,0.3609619140625,0.1954345703125
29.862,310,576,980,312,0.0,37.0,51.0,6.469726085662842,-7.507323741912842,7.751464366912842,-0.6776123046875,0.3648681640625,0.17626953125
29.862,311,601,1011,312,-1.0,39.0,48.0,6.835937023162842,-7.873534679412842,6.774901866912842,-0.670654296875,0.349853515625,0.1378173828125
29.883,310,646,1065,312,-1.0,39.0,48.0,8.7890625,-8.85009765625,6.896972179412842,-0.646484375,0.3330078125,0.0943603515625
29.885,310,688,1101,310,-1.0,39.0,48.0,12.023924827575684,-10.925292015075684,7.934569835662842,-0.6424560546875,0.302978515625,0.082275390625
29.892,310,722,1149,314,-1.0,39.0,48.0,15.075682640075684,-13.916014671325684,7.812499523162842,-0.7181396484375,0.1942138671875,0.093994140625
29.906,310,785,1255,314,-1.0,39.0,48.0,19.1650390625,-15.747069358825684,3.662109136581421,-0.836669921875,0.0400390625,0.086181640625
29.914,311,819,1316,312,-1.0,39.0,48.0,22.888181686401367,-13.854979515075684,-2.197265625,-0.8978271484375,0.0045166015625,0.06689453125
29.922,311,858,1377,314,-1.0,39.0,48.0,22.094724655151367,-9.46044921875,-5.0048828125,-0.8624267578125,0.108154296875,0.0596923828125
29.936,310,920,1447,312,-1.0,39.0,48.0,17.4560546875,-5.676269054412842,-5.187987804412842,-0.80078125,0.2578125,0.05126953125
29.960,310,953,1490,314,-1.0,39.0,48.0,12.145995140075684,-4.21142578125,-4.69970703125,-0.8302001953125,0.380615234375,0.028564453125
29.960,310,985,1527,312,-1.0,39.0,48.0,6.591796398162842,-5.432128429412842,-4.2724609375,-0.9774169921875,0.4095458984375,0.0206298828125
29.971,310,1021,1565,312,-1.0,37.0,46.0,1.220703125,-8.544921875,-3.662109136581421,-1.1904296875,0.4110107421875,0.052490234375
29.974,311,1035,1583,314,-1.0,37.0,46.0,-3.540038824081421,-12.634276390075684,-0.8544921278953552,-1.4005126953125,0.46533203125,0.1168212890625
29.989,310,1043,1592,314,-1.0,37.0,46.0,-8.85009765625,-16.357421875,3.784179449081421,-1.5477294921875,0.52783203125,0.204345703125
29.996,310,1050,1607,313,-1.0,37.0,46.0,-15.258788108825684,-17.08984375,7.873534679412842,-1.608642578125,0.5791015625,0.3433837890625
30.004,311,1039,1588,315,-1.0,37.0,46.0,-20.629880905151367,-13.671874046325684,10.009765625,-1.608642578125,0.5791015625,0.3433837890625
30.012,312,1035,1569,314,-1.0,37.0,46.0,-19.95849609375,-7.202147960662842,8.9111328125,-1.3995361328125,0.453125,0.411865234375
30.026,310,1003,1511,314,-1.0,37.0,46.0,-9.27734375,2.807616949081421,3.906249761581421,-0.9083251953125,0.2457275390625,0.184814453125
30.036,311,966,1472,312,-1.0,37.0,46.0,7.812499523162842,13.671874046325684,-1.7089842557907104,-0.9083251953125,0.2457275390625,0.184814453125
30.042,311,958,1472,314,-1.0,37.0,46.0,17.7001953125,19.59228515625,-4.69970703125,-0.963623046875,0.4044189453125,-0.0322265625
30.059,310,939,1471,313,-2.0,35.0,41.0,10.437010765075684,19.4091796875,-7.629394054412842,-1.361083984375,0.5653076171875,-0.0015869140625
30.067,311,920,1456,314,-2.0,35.0,41.0,-7.873534679412842,14.343260765075684,-11.291502952575684,-1.361083984375,0.5653076171875,-0.0015869140625
30.072,310,902,1428,314,-2.0,35.0,41.0,-26.184080123901367,6.774901866912842,-10.742186546325684,-1.584228515625,0.626953125,0.1678466796875
30.095,312,858,1365,313,-2.0,35.0,41.0,-36.92626953125,1.2817381620407104,-5.798339366912842,-1.5992431640625,0.475341796875,0.330078125
30.095,309,819,1315,313,-2.0,35.0,41.0,-37.29248046875,1.3427733182907104,0.6713866591453552,-1.5992431640625,0.475341796875,0.330078125
30.102,312,785,1268,314,-2.0,35.0,41.0,-30.395505905151367,5.615233898162842,8.7890625,-1.4462890625,0.37646484375,0.3033447265625
30.116,310,725,1175,312,-2.0,35.0,41.0,-20.629880905151367,10.131834983825684,17.9443359375,-0.99609375,0.244873046875,0.305908203125
30.124,310,689,1122,314,-2.0,35.0,41.0,-11.718749046325684,13.305663108825684,25.024412155151367,-0.99609375,0.244873046875,0.305908203125
30.139,310,653,1064,313,-2.0,35.0,41.0,-3.845214605331421,15.747069358825684,27.893064498901367,-0.7742919921875,0.218505859375,0.265625
30.146,310,603,976,312,-2.0,35.0,41.0,5.310058116912842,17.578125,26.000974655151367,-0.4776611328125,0.2666015625,0.0948486328125
30.157,310,585,932,312,-1.0,38.0,43.0,13.610838890075684,17.51708984375,19.4091796875,-0.4400634765625,0.2537841796875,0.0498046875
30.167,311,566,884,311,-1.0,38.0,43.0,16.357421875,15.808104515075684,9.46044921875,-0.4400634765625,0.2537841796875,0.0498046875
30.176,310,536,823,311,-1.0,38.0,43.0,8.72802734375,11.901854515075684,-7.141112804412842,-0.5968017578125,0.1201171875,-0.0787353515625
30.184,310,507,799,313,-1.0,38.0,43.0,8.72802734375,11.901854515075684,-7.141112804412842,-0.6934814453125,0.0931396484375,-0.1859130859375
30.205,310,496,794,312,-1.0,38.0,43.0,4.5166015625,12.878417015075684,-9.58251953125,-0.6934814453125,0.0931396484375,-0.1859130859375
30.206,310,485,782,310,-1.0,38.0,43.0,-3.845214605331421,7.324218273162842,-4.7607421875,-0.748291015625,0.218994140625,-0.1131591796875
30.214,310,485,790,312,-1.0,38.0,43.0,-3.845214605331421,7.324218273162842,-4.7607421875,-0.7611083984375,0.311279296875,-0.024169921875
30.222,309,485,790,312,-1.0,38.0,43.0,-9.94873046875,1.4038084745407104,0.9765624403953552,-0.7611083984375,0.311279296875,-0.024169921875
30.241,310,483,805,312,-1.0,38.0,43.0,-19.287109375,-6.103515148162842,5.798339366912842,-0.7225341796875,0.365234375,0.1456298828125
30.244,310,482,814,312,-1.0,38.0,43.0,-19.287109375,-6.103515148162842,5.798339366912842,-0.7044677734375,0.3826904296875,0.213623046875
30.259,310,488,830,312,-1.0,38.0,43.0,-20.01953125,-7.019042491912842,4.82177734375,-0.7044677734375,0.3826904296875,0.213623046875
30.266,310,494,853,312,0.0,36.0,43.0,-12.023924827575684,-7.019042491912842,3.601073980331421,-0.7301025390625,0.4317626953125,0.283203125
30.274,312,496,858,312,0.0,36.0,43.0,-12.023924827575684,-7.019042491912842,3.601073980331421,-0.7396240234375,0.4100341796875,0.2685546875
30.282,310,506,867,312,0.0,36.0,43.0,-8.4228515625,-6.103515148162842,3.662109136581421,-0.7396240234375,0.4100341796875,0.2685546875
30.296,310,523,875,312,0.0,36.0,43.0,0.3662109076976776,-4.08935546875,3.173827886581421,-0.7149658203125,0.3055419921875,0.237548828125
30.315,310,531,886,311,0.0,36.0,43.0,6.530761241912842,-5.065917491912842,3.234863042831421,-0.6903076171875,0.2845458984375,0.20751953125
30.316,310,538,889,312,0.0,36.0,43.0,6.530761241912842,-5.065917491912842,3.234863042831421,-0.683349609375,0.3023681640625,0.1568603515625
30.326,310,557,916,311,0.0,36.0,43.0,16.7236328125,-9.09423828125,3.967284917831421,-0.68212890625,0.350341796875,0.120849609375
30.334,311,566,943,312,0.0,36.0,43.0,18.06640625,-11.535643577575684,3.967284917831421,-0.6630859375,0.386962890625,0.097900390625
30.343,310,582,960,312,0.0,36.0,43.0,18.06640625,-11.535643577575684,3.967284917831421,-0.6270751953125,0.38671875,0.0762939453125
30.371,311,616,1022,312,-3.0,36.0,41.0,15.380858421325684,-14.221190452575684,3.906249761581421,-0.58740234375,0.365478515625,0.0670166015625
30.371,310,647,1055,310,-3.0,36.0,41.0,13.427733421325684,-15.808104515075684,4.7607421875,-0.606201171875,0.3348388671875,0.0693359375
30.372,311,684,1085,312,-3.0,36.0,41.0,13.427733421325684,-15.808104515075684,4.7607421875,-0.7254638671875,0.2437744140625,0.0782470703125
30.386,310,740,1153,311,-3.0,36.0,41.0,15.869139671325684,-19.71435546875,0.4272460639476776,-0.8482666015625,0.0882568359375,0.0673828125
30.394,310,770,1225,312,-3.0,36.0,41.0,18.6767578125,-18.12744140625,-4.5166015625,-0.8629150390625,-0.0205078125,0.0537109375
30.402,310,805,1292,313,-3.0,36.0,41.0,18.6767578125,-18.12744140625,-4.5166015625,-0.774169921875,-0.0101318359375,0.075927734375
30.416,312,858,1393,313,-3.0,36.0,41.0,21.301267623901367,-13.183592796325684,-3.051757574081421,-0.653076171875,0.0897216796875,0.1065673828125
30.424,310,889,1450,314,-3.0,36.0,41.0,22.521970748901367,-12.390135765075684,-0.2441406100988388,-0.642822265625,0.2496337890625,0.10302734375
30.432,310,922,1488,314,-3.0,36.0,41.0,22.521970748901367,-12.390135765075684,-0.2441406100988388,-0.8074951171875,0.443115234375,0.0855712890625
30.446,310,971,1545,312,-3.0,36.0,41.0,18.6767578125,-12.268065452575684,-1.8310545682907104,-1.0694580078125,0.60986328125,0.08935546875
30.454,311,1000,1577,314,-1.0,36.0,43.0,7.385253429412842,-12.573241233825684,-6.347655773162842,-1.3419189453125,0.690673828125,0.1199951171875
30.474,311,1022,1596,314,-1.0,36.0,43.0,-7.934569835662842,-13.183592796325684,-10.742186546325684,-1.5548095703125,0.676025390625,0.1881103515625
30.476,310,1047,1622,314,-1.0,36.0,43.0,-20.202634811401367,-13.549803733825684,-11.962889671325684,-1.6756591796875,0.6329345703125,0.2674560546875
30.484,310,1050,1625,314,-1.0,36.0,43.0,-24.169919967651367,-13.000487327575684,-9.58251953125,-1.68701171875,0.5811767578125,0.35009765625
30.492,310,1039,1607,314,-1.0,36.0,43.0,-21.301267623901367,-11.352538108825684,-5.554198741912842,-1.556640625,0.45654296875,0.416748046875
30.506,312,1009,1559,314,-1.0,36.0,43.0,-13.732909202575684,-6.469726085662842,-2.38037109375,-1.263427734375,0.2850341796875,0.386962890625
30.514,311,987,1531,314,-1.0,36.0,43.0,-1.3427733182907104,2.50244140625,-2.3193359375,-0.9854736328125,0.2669677734375,0.2376708984375
30.536,310,967,1508,314,-1.0,36.0,43.0,9.09423828125,10.375975608825684,-6.103515148162842,-0.9166259765625,0.4410400390625,0.05615234375
30.536,311,955,1469,297,-1.0,36.0,43.0,6.958007335662842,12.878417015075684,-14.160155296325684,-1.022216796875,0.5711669921875,-0.02392578125
30.549,310,944,1490,314,-1.0,36.0,43.0,-6.469726085662842,10.375975608825684,-23.376462936401367,-1.263427734375,0.59619140625,0.0489501953125
30.552,311,932,1478,314,-1.0,36.0,42.0,-21.667478561401367,4.94384765625,-26.855466842651367,-1.5328369140625,0.578125,0.1871337890625
30.571,310,889,1434,312,-1.0,36.0,42.0,-31.982419967651367,0.8544921278953552,-23.376462936401367,-1.64404296875,0.4981689453125,0.3035888671875
30.574,310,853,1392,312,-1.0,36.0,42.0,-34.24072265625,1.6479490995407104,-15.441893577575684,-1.6021728515625,0.4244384765625,0.3602294921875
30.587,310,816,1344,312,-1.0,36.0,42.0,-30.822751998901367,6.164550304412842,-3.723144292831421,-1.497802734375,0.41650390625,0.3470458984375
30.596,310,755,1268,312,-1.0,36.0,42.0,-26.245115280151367,11.901854515075684,8.48388671875,-1.3310546875,0.37060546875,0.3272705078125
30.604,309,712,1213,314,-1.0,36.0,42.0,-20.874021530151367,17.88330078125,17.15087890625,-1.09375,0.2586669921875,0.338623046875
30.612,310,676,1162,313,-1.0,36.0,42.0,-13.244627952575684,23.254392623901367,21.972654342651367,-0.8663330078125,0.18994140625,0.3372802734375
30.628,311,621,1073,312,-1.0,36.0,42.0,-3.601073980331421,26.794431686401367,24.230955123901367,-0.7047119140625,0.2069091796875,0.2952880859375
30.634,309,601,1035,314,-1.0,36.0,42.0,6.164550304412842,28.320310592651367,22.888181686401367,-0.6060791015625,0.260009765625,0.2115478515625
30.653,308,579,998,312,-1.0,36.0,42.0,11.840819358825684,28.259275436401367,15.991209983825684,-0.5533447265625,0.267578125,0.110107421875
30.656,310,540,904,312,-1.0,37.0,41.0,11.596678733825684,26.672361373901367,4.7607421875,-0.5487060546875,0.2357177734375,0.046875
30.679,310,506,846,312,-1.0,37.0,41.0,8.30078125,23.559568405151367,-5.676269054412842,-0.606201171875,0.1907958984375,0.0181884765625
30.680,310,502,801,311,-1.0,37.0,41.0,4.33349609375,20.202634811401367,-12.695311546325684,-0.6365966796875,0.0811767578125,-0.047119140625
30.686,311,477,766,311,-1.0,37.0,41.0,1.9531248807907104,20.01953125,-17.39501953125,-0.63037109375,-0.0152587890625,-0.15234375
30.696,309,466,758,311,-1.0,37.0,41.0,3.784179449081421,20.690916061401367,-17.2119140625,-0.66259765625,0.0286865234375,-0.1981201171875
30.702,309,454,756,313,-1.0,37.0,41.0,6.896972179412842,16.29638671875,-10.803221702575684,-0.7152099609375,0.18994140625,-0.1651611328125
30.716,310,439,763,312,-1.0,37.0,41.0,7.202147960662842,7.751464366912842,-2.3193359375,-0.7393798828125,0.3681640625,-0.1102294921875
30.724,311,436,766,312,-1.0,37.0,41.0,2.01416015625,-0.6713866591453552,3.417968511581421,-0.7298583984375,0.451904296875,-0.033203125
30.738,310,449,772,312,-1.0,37.0,41.0,-7.019042491912842,-6.591796398162842,4.5166015625,-0.705078125,0.4423828125,0.0665283203125
30.760,308,452,796,310,-1.0,37.0,41.0,-13.793944358825684,-9.3994140625,3.356933355331421,-0.682373046875,0.4365234375,0.1470947265625
30.761,310,463,803,312,-1.0,36.0,47.0,-16.7236328125,-10.070799827575684,2.868652105331421,-0.6787109375,0.437744140625,0.2030029296875
30.762,310,467,813,312,-1.0,36.0,47.0,-17.9443359375,-10.192870140075684,3.051757574081421,-0.690673828125,0.41357421875,0.2415771484375
30.804,310,481,824,310,-1.0,36.0,47.0,-17.822265625,-9.33837890625,3.295898199081421,-0.6768798828125,0.32763671875,0.242919921875
30.804,310,493,832,310,-1.0,36.0,47.0,-15.319823265075684,-7.385253429412842,3.540038824081421,-0.6768798828125,0.32763671875,0.242919921875
30.804,310,502,859,312,-1.0,36.0,47.0,-10.253905296325684,-7.324218273162842,3.540038824081421,-0.64599609375,0.2919921875,0.27685546875
30.806,309,512,875,312,-1.0,36.0,47.0,-2.807616949081421,-9.765625,3.417968511581421,-0.5689697265625,0.300537109375,0.2799072265625
30.814,311,530,901,311,-1.0,36.0,47.0,5.981444835662842,-12.512206077575684,3.234863042831421,-0.5689697265625,0.300537109375,0.2799072265625
30.824,310,551,935,312,-1.0,36.0,47.0,14.343260765075684,-14.709471702575684,2.563476324081421,-0.5445556640625,0.318115234375,0.2301025390625
30.842,308,585,996,312,-1.0,36.0,47.0,21.240232467651367,-16.11328125,1.5869139432907104,-0.54638671875,0.3582763671875,0.1243896484375
30.844,312,603,1029,311,-1.0,36.0,47.0,25.573728561401367,-16.9677734375,1.7089842557907104,-0.54638671875,0.3582763671875,0.1243896484375
30.859,310,622,1069,312,0.0,36.0,42.0,26.367185592651367,-18.1884765625,3.417968511581421,-0.5709228515625,0.3680419921875,0.1072998046875
30.879,310,711,1148,312,0.0,36.0,42.0,24.047849655151367,-19.59228515625,5.371093273162842,-0.7447509765625,0.14697265625,0.1119384765625
30.880,310,728,1234,312,0.0,36.0,42.0,23.315427780151367,-20.080564498901367,5.065917491912842,-0.7447509765625,0.14697265625,0.1119384765625
30.891,311,796,1306,312,0.0,36.0,42.0,29.602048873901367,-18.37158203125,1.2817381620407104,-0.8780517578125,-0.0738525390625,0.079345703125
30.896,311,861,1422,311,0.0,36.0,42.0,36.68212890625,-13.427733421325684,-2.44140625,-0.8597412109375,-0.0938720703125,0.0894775390625
30.904,311,900,1472,314,0.0,36.0,42.0,34.72900390625,-8.48388671875,-1.4038084745407104,-0.8597412109375,-0.0938720703125,0.0894775390625
30.912,311,932,1516,313,0.0,36.0,42.0,27.893064498901367,-6.469726085662842,2.868652105331421,-0.8133544921875,0.15185546875,0.12158203125
30.926,311,984,1578,312,0.0,36.0,42.0,27.343748092651367,-2.44140625,2.50244140625,-1.05908203125,0.7362060546875,-0.039306640625
30.934,310,1014,1610,314,0.0,36.0,42.0,27.343748092651367,-2.44140625,2.50244140625,-1.3310546875,0.77783203125,-0.0889892578125
30.947,310,1035,1625,314,0.0,36.0,42.0,19.22607421875,-2.38037109375,-2.563476324081421,-1.3310546875,0.77783203125,-0.0889892578125
30.957,310,1071,1652,314,0.0,37.0,41.0,-23.071287155151367,-16.05224609375,-0.7934569716453552,-1.6900634765625,0.55419921875,0.277587890625
30.964,311,1081,1662,314,0.0,37.0,41.0,-23.071287155151367,-16.05224609375,-0.7934569716453552,-1.7265625,0.5341796875,0.48779296875
30.972,310,1074,1642,314,0.0,37.0,41.0,-34.7900390625,-21.240232467651367,7.568358898162842,-1.7265625,0.5341796875,0.48779296875
30.986,311,1050,1588,312,0.0,37.0,41.0,-18.4326171875,-8.30078125,9.82666015625,-1.3126220703125,0.4581298828125,0.4459228515625
30.994,310,1026,1567,314,0.0,37.0,41.0,-18.4326171875,-8.30078125,9.82666015625,-0.9410400390625,0.3504638671875,0.246826171875
31.002,310,1013,1541,315,0.0,37.0,41.0,3.173827886581421,8.48388671875,-0.9155272841453552,-0.9410400390625,0.3504638671875,0.246826171875
31.016,311,1008,1551,313,0.0,37.0,41.0,19.47021484375,19.6533203125,-18.310546875,-1.0301513671875,0.5277099609375,-0.1004638671875
31.024,310,992,1552,314,0.0,37.0,41.0,19.47021484375,19.6533203125,-18.310546875,-1.3453369140625,0.580322265625,-0.0220947265625
31.045,310,980,1543,314,0.0,37.0,41.0,1.5869139432907104,12.023924827575684,-21.728513717651367,-1.3453369140625,0.580322265625,-0.0220947265625
31.046,311,934,1506,313,0.0,37.0,41.0,-40.771480560302734,-1.8920897245407104,-16.845703125,-1.6697998046875,0.447509765625,0.32470703125
31.066,310,913,1487,313,0.0,37.0,44.0,-40.771480560302734,-1.8920897245407104,-16.845703125,-1.564453125,0.3548583984375,0.3912353515625
31.067,312,873,1450,314,0.0,37.0,44.0,-45.104976654052734,-0.30517578125,-8.97216796875,-1.406982421875,0.3895263671875,0.376220703125
31.088,311,809,1367,313,0.0,37.0,44.0,-25.390623092651367,11.352538108825684,12.451170921325684,-1.241943359375,0.4686279296875,0.337890625
31.088,310,747,1283,314,0.0,37.0,44.0,-15.686034202575684,15.380858421325684,18.5546875,-1.06689453125,0.43212890625,0.3017578125
31.097,311,729,1260,314,0.0,37.0,44.0,-15.686034202575684,15.380858421325684,18.5546875,-0.8968505859375,0.3414306640625,0.26513671875
31.106,310,675,1175,312,0.0,37.0,44.0,1.8310545682907104,20.568845748901367,12.268065452575684,-0.7515869140625,0.322509765625,0.2110595703125
31.114,311,644,1137,314,0.0,37.0,44.0,8.48388671875,22.705076217651367,6.042479991912842,-0.65234375,0.333984375,0.1546630859375
31.122,310,614,1087,313,0.0,37.0,44.0,8.48388671875,22.705076217651367,6.042479991912842,-0.5970458984375,0.3018798828125,0.10107421875
31.136,310,578,1038,312,0.0,37.0,44.0,5.554198741912842,23.071287155151367,-8.7890625,-0.570556640625,0.21630859375,0.0592041015625
31.144,311,557,982,312,0.0,37.0,44.0,0.30517578125,21.057126998901367,-15.197752952575684,-0.5931396484375,0.136474609375,0.044921875
31.168,310,537,907,311,-1.0,36.0,47.0,0.30517578125,21.057126998901367,-15.197752952575684,-0.6473388671875,0.0772705078125,-0.0130615234375
31.169,310,502,822,295,-1.0,36.0,47.0,-0.6103515625,16.11328125,-17.02880859375,-0.6717529296875,0.0169677734375,-0.13525390625
31.197,311,500,840,311,-1.0,36.0,47.0,1.4038084745407104,15.441893577575684,-14.709471702575684,-0.6705322265625,0.012451171875,-0.1866455078125
31.197,310,495,830,310,-1.0,36.0,47.0,1.4038084745407104,15.441893577575684,-14.709471702575684,-0.669677734375,0.098388671875,-0.1334228515625
31.197,310,484,805,298,-1.0,36.0,47.0,-1.220703125,3.417968511581421,-1.7089842557907104,-0.673583984375,0.228271484375,-0.05322265625
31.210,310,481,833,312,-1.0,36.0,47.0,-7.385253429412842,-3.295898199081421,4.5166015625,-0.6737060546875,0.3447265625,0.02734375
31.212,310,479,840,312,-1.0,36.0,47.0,-7.385253429412842,-3.295898199081421,4.5166015625,-0.66943359375,0.410400390625,0.10791015625
31.226,310,482,868,311,-1.0,36.0,47.0,-15.319823265075684,-8.6669921875,6.958007335662842,-0.66943359375,0.42724609375,0.1795654296875
31.237,309,490,878,312,-1.0,36.0,47.0,-15.563963890075684,-9.27734375,5.554198741912842,-0.686279296875,0.4266357421875,0.234619140625
31.242,310,493,888,310,-1.0,36.0,47.0,-14.038084983825684,-8.97216796875,4.94384765625,-0.7012939453125,0.40283203125,0.2689208984375
31.256,309,506,907,312,-1.0,36.0,43.0,-11.169432640075684,-7.202147960662842,4.82177734375,-0.6851806640625,0.3385009765625,0.28125
31.273,310,513,918,312,-1.0,36.0,43.0,-6.591796398162842,-4.8828125,4.39453125,-0.6629638671875,0.28662109375,0.2813720703125
31.274,311,523,932,297,-1.0,36.0,43.0,-0.3662109076976776,-4.5166015625,3.845214605331421,-0.6590576171875,0.289306640625,0.2796630859375
31.299,310,540,964,312,-1.0,36.0,43.0,6.958007335662842,-6.591796398162842,2.746581792831421,-0.673828125,0.3175048828125,0.257568359375
31.299,293,557,982,310,-1.0,36.0,43.0,14.221190452575684,-8.7890625,1.2817381620407104,-0.6871337890625,0.350341796875,0.203857421875
31.302,310,572,1000,312,-1.0,36.0,43.0,19.59228515625,-9.82666015625,0.3662109076976776,-0.6785888671875,0.3603515625,0.1524658203125
31.323,310,593,1050,312,-1.0,36.0,43.0,22.094724655151367,-10.375975608825684,0.4882812201976776,-0.654052734375,0.339599609375,0.1251220703125
31.324,310,614,1088,312,-1.0,36.0,43.0,22.338865280151367,-10.925292015075684,1.2817381620407104,-0.6241455078125,0.315673828125,0.1126708984375
31.332,310,642,1125,312,-1.0,36.0,43.0,21.606443405151367,-11.901854515075684,1.9531248807907104,-0.5888671875,0.2952880859375,0.11083984375
31.346,310,710,1198,311,-3.0,36.0,45.0,21.606443405151367,-13.366698265075684,2.197265625,-0.6168212890625,0.2435302734375,0.104248046875
31.354,310,749,1248,314,-3.0,36.0,45.0,24.536130905151367,-15.563963890075684,1.5869139432907104,-0.7425537109375,0.13623046875,0.0859375
31.377,310,780,1319,312,-3.0,36.0,45.0,32.04345703125,-16.6015625,0.0,-0.846923828125,0.0294189453125,0.044921875
31.377,306,847,1430,314,-3.0,36.0,45.0,39.48974609375,-13.427733421325684,-1.03759765625,-0.8438720703125,-0.01904296875,-0.001708984375
31.395,311,877,1486,313,-3.0,36.0,45.0,40.893550872802734,-8.1787109375,-1.7089842557907104,-0.7591552734375,0.051025390625,-0.0069580078125
31.395,310,922,1540,313,-3.0,36.0,45.0,35.94970703125,-5.065917491912842,-3.295898199081421,-0.659423828125,0.244140625,0.038330078125
31.406,311,989,1598,312,-3.0,36.0,45.0,26.916501998901367,-4.33349609375,-6.958007335662842,-0.65087890625,0.4412841796875,0.10693359375
31.414,311,1025,1632,314,-3.0,36.0,45.0,16.90673828125,-4.69970703125,-12.329100608825684,-0.850830078125,0.573974609375,0.1142578125
31.422,312,1051,1656,314,-3.0,36.0,45.0,5.615233898162842,-6.469726085662842,-16.54052734375,-1.222412109375,0.621826171875,0.0775146484375
31.436,311,1093,1681,312,-3.0,36.0,45.0,-6.530761241912842,-10.070799827575684,-16.78466796875,-1.6068115234375,0.6346435546875,0.093994140625
31.444,311,1104,1695,314,-3.0,36.0,45.0,-18.73779296875,-14.099120140075684,-12.084959983825684,-1.884765625,0.640625,0.2161865234375
31.452,310,1112,1694,314,0.0,38.0,46.0,-29.052732467651367,-16.78466796875,-4.45556640625,-1.95361328125,0.5504150390625,0.4267578125
31.470,310,1101,1666,313,0.0,38.0,46.0,-29.968259811401367,-13.916014671325684,2.13623046875,-1.69287109375,0.3289794921875,0.61181640625
31.479,310,1088,1641,314,0.0,38.0,46.0,-14.648436546325684,-1.15966796875,4.8828125,-1.202880859375,0.1451416015625,0.5830078125
31.498,310,1074,1623,314,0.0,38.0,46.0,13.427733421325684,17.08984375,5.065917491912842,-0.875244140625,0.280517578125,0.2462158203125
31.498,311,1041,1545,299,0.0,38.0,46.0,31.982419967651367,27.770994186401367,3.234863042831421,-0.8812255859375,0.5889892578125,-0.1566162109375
31.504,311,1035,1591,313,0.0,38.0,46.0,22.155759811401367,24.475095748901367,-4.0283203125,-1.0238037109375,0.6654052734375,-0.2987060546875
31.512,312,1025,1591,314,0.0,38.0,46.0,-6.774901866912842,13.305663108825684,-15.747069358825684,-1.166748046875,0.498046875,-0.141845703125
31.526,310,998,1577,314,0.0,38.0,46.0,-32.958984375,1.9531248807907104,-23.132322311401367,-1.3765869140625,0.4073486328125,0.115966796875
31.534,310,980,1543,313,0.0,38.0,46.0,-45.593257904052734,-5.859374523162842,-20.812986373901367,-1.597900390625,0.4718017578125,0.3067626953125
31.542,311,947,1514,312,0.0,38.0,46.0,-46.813961029052734,-7.446288585662842,-13.244627952575684,-1.668701171875,0.4708251953125,0.404052734375
31.556,310,891,1450,313,0.0,37.0,41.0,-40.161128997802734,-2.3193359375,-5.187987804412842,-1.38427734375,0.3839111328125,0.3876953125
31.564,310,858,1401,314,0.0,37.0,41.0,-28.747556686401367,5.737304210662842,4.21142578125,-1.38427734375,0.3839111328125,0.3876953125
31.572,310,823,1355,313,0.0,37.0,41.0,-18.5546875,12.878417015075684,14.343260765075684,-1.164306640625,0.3995361328125,0.358642578125
31.595,310,766,1266,312,0.0,37.0,41.0,-12.756346702575684,18.49365234375,20.751951217651367,-0.776611328125,0.211669921875,0.3214111328125
31.606,310,725,1215,312,0.0,37.0,41.0,-6.530761241912842,23.071287155151367,21.118162155151367,-0.776611328125,0.211669921875,0.3214111328125
31.606,309,694,1183,312,0.0,37.0,41.0,3.845214605331421,27.587888717651367,17.51708984375,-0.6729736328125,0.27685546875,0.226318359375
31.616,312,639,1104,311,0.0,37.0,41.0,11.779784202575684,31.005857467651367,10.375975608825684,-0.6263427734375,0.3663330078125,0.0313720703125
31.624,310,616,1074,312,0.0,37.0,41.0,10.925292015075684,31.738279342651367,0.1220703050494194,-0.6263427734375,0.3663330078125,0.0313720703125
31.632,310,590,1041,312,0.0,37.0,41.0,3.173827886581421,31.188962936401367,-10.009765625,-0.6431884765625,0.2642822265625,-0.036376953125
31.646,310,557,955,312,-1.0,37.0,46.0,-5.615233898162842,29.296873092651367,-16.17431640625,-0.7481689453125,0.0970458984375,-0.0865478515625
31.660,310,543,886,312,-1.0,37.0,46.0,-10.375975608825684,25.512693405151367,-16.2353515625,-0.7481689453125,0.0970458984375,-0.0865478515625
31.662,310,530,859,312,-1.0,37.0,46.0,-10.253905296325684,22.216794967651367,-11.901854515075684,-0.786865234375,0.058837890625,-0.1710205078125
31.677,309,490,833,310,-1.0,37.0,46.0,-7.202147960662842,18.6767578125,-6.774901866912842,-0.7545166015625,0.0572509765625,-0.0830078125
31.709,309,484,823,312,-1.0,37.0,46.0,-5.126952648162842,12.634276390075684,-2.01416015625,-0.7216796875,0.1383056640625,-0.002685546875
31.709,317,465,810,310,-1.0,37.0,46.0,-6.042479991912842,6.225585460662842,2.929687261581421,-0.7216796875,0.1383056640625,-0.002685546875
31.709,294,488,819,312,-1.0,37.0,46.0,-9.3994140625,-2.685546636581421,10.559081077575684,-0.6544189453125,0.3292236328125,0.0894775390625
31.715,310,488,832,312,-1.0,37.0,46.0,-9.3994140625,-2.685546636581421,10.559081077575684,-0.62646484375,0.410888671875,0.138671875
31.722,310,497,846,312,-1.0,37.0,46.0,-8.7890625,-4.8828125,11.230467796325684,-0.62646484375,0.410888671875,0.138671875
31.736,310,504,873,311,-1.0,37.0,46.0,-8.30078125,-6.774901866912842,8.30078125,-0.6220703125,0.4979248046875,0.218017578125
31.750,310,508,882,312,-2.0,38.0,41.0,-8.30078125,-6.774901866912842,8.30078125,-0.630615234375,0.44970703125,0.2254638671875
31.752,311,518,887,312,-2.0,38.0,41.0,-10.009765625,-7.263183116912842,6.835937023162842,-0.630615234375,0.44970703125,0.2254638671875
31.820,310,537,918,312,-2.0,38.0,41.0,-7.324218273162842,-7.263183116912842,3.112792730331421,-0.62109375,0.2984619140625,0.21337890625
31.822,310,547,943,312,-2.0,38.0,41.0,-7.324218273162842,-7.263183116912842,3.112792730331421,-0.60302734375,0.3017578125,0.20849609375
31.822,309,538,939,314,-2.0,38.0,41.0,-1.220703125,-8.7890625,0.6103515625,-0.60302734375,0.3017578125,0.20849609375
31.822,294,572,1011,311,-2.0,38.0,41.0,10.681151390075684,-13.244627952575684,-3.234863042831421,-0.52685546875,0.328125,0.1746826171875
31.822,310,614,1047,312,-2.0,38.0,41.0,10.681151390075684,-13.244627952575684,-3.234863042831421,-0.490966796875,0.323486328125,0.163818359375
31.822,310,616,1094,314,-2.0,38.0,41.0,13.732909202575684,-14.648436546325684,-3.173827886581421,-0.490966796875,0.323486328125,0.163818359375
31.826,310,703,1189,312,-2.0,38.0,41.0,19.1650390625,-17.9443359375,-3.295898199081421,-0.54638671875,0.2744140625,0.119873046875
31.834,310,763,1245,312,-2.0,38.0,41.0,25.085447311401367,-19.83642578125,-4.7607421875,-0.732421875,0.2137451171875,0.0880126953125
31.842,310,803,1309,313,0.0,37.0,40.0,25.085447311401367,-19.83642578125,-4.7607421875,-0.926513671875,0.1119384765625,0.042724609375
31.856,310,872,1424,312,0.0,37.0,40.0,34.60693359375,-13.916014671325684,-15.991209983825684,-0.9794921875,0.0322265625,-0.0035400390625
31.864,311,912,1498,314,0.0,37.0,40.0,26.184080123901367,-4.82177734375,-19.04296875,-0.900634765625,0.0079345703125,-0.000732421875
31.886,311,943,1551,314,0.0,37.0,40.0,26.184080123901367,-4.82177734375,-19.04296875,-0.817626953125,0.052978515625,0.0196533203125
31.887,310,1000,1611,312,0.0,37.0,40.0,9.765625,-4.39453125,-8.60595703125,-0.8648681640625,0.2230224609375,0.0262451171875
31.912,310,1029,1640,314,0.0,37.0,40.0,10.498045921325684,-12.939452171325684,1.3427733182907104,-1.1055908203125,0.5015869140625,0.0120849609375
31.914,310,1054,1669,314,0.0,37.0,40.0,10.498045921325684,-12.939452171325684,1.3427733182907104,-1.4393310546875,0.70361328125,0.0411376953125
31.916,310,1087,1695,314,0.0,37.0,40.0,-2.13623046875,-25.024412155151367,4.7607421875,-1.6888427734375,0.7264404296875,0.18359375
31.924,310,1097,1711,314,0.0,37.0,40.0,-15.563963890075684,-22.155759811401367,-2.44140625,-1.750732421875,0.6424560546875,0.42724609375
31.932,310,1103,1711,314,0.0,37.0,40.0,-15.563963890075684,-22.155759811401367,-2.44140625,-1.617919921875,0.4774169921875,0.66015625
31.946,311,1096,1676,313,0.0,35.0,40.0,-14.648436546325684,1.03759765625,-12.390135765075684,-1.3817138671875,0.277587890625,0.6705322265625
31.954,311,1089,1653,314,0.0,35.0,40.0,8.36181640625,16.7236328125,-9.27734375,-1.1407470703125,0.1861572265625,0.375732421875
31.962,312,1071,1637,314,0.0,35.0,40.0,8.36181640625,16.7236328125,-9.27734375,-1.0079345703125,0.27783203125,-0.0482177734375
31.982,311,1035,1611,313,0.0,35.0,40.0,33.0810546875,28.442380905151367,-0.1220703050494194,-1.028564453125,0.44384765625,-0.32373046875
31.985,310,1024,1619,314,0.0,35.0,40.0,12.084959983825684,18.85986328125,-2.685546636581421,-1.1063232421875,0.497802734375,-0.2930908203125
32.015,310,1017,1613,313,0.0,35.0,40.0,-14.404295921325684,5.920409679412842,-8.72802734375,-1.246337890625,0.4830322265625,-0.0380859375
32.016,295,987,1598,314,0.0,35.0,40.0,-30.822751998901367,-4.57763671875,-12.268065452575684,-1.4483642578125,0.510498046875,0.220703125
32.016,310,964,1574,312,0.0,35.0,40.0,-35.70556640625,-9.09423828125,-11.291502952575684,-1.5675048828125,0.5047607421875,0.3597412109375
32.022,310,943,1544,314,0.0,35.0,40.0,-31.249998092651367,-6.469726085662842,-7.629394054412842,-1.5296630859375,0.43603515625,0.3856201171875
32.036,310,889,1487,313,0.0,35.0,40.0,-21.667478561401367,0.1831054538488388,-1.2817381620407104,-1.3975830078125,0.3946533203125,0.360107421875
32.044,310,864,1437,312,0.0,35.0,42.0,-13.549803733825684,6.774901866912842,6.958007335662842,-1.23681640625,0.380615234375,0.3431396484375
32.052,310,835,1395,312,0.0,35.0,42.0,-8.23974609375,12.329100608825684,13.000487327575684,-1.053955078125,0.3052978515625,0.348388671875
32.066,310,780,1306,312,0.0,35.0,42.0,-1.5258787870407104,16.9677734375,14.160155296325684,-0.8677978515625,0.2276611328125,0.330078125
32.074,310,745,1243,314,0.0,35.0,42.0,8.60595703125,20.202634811401367,11.535643577575684,-0.73876953125,0.2484130859375,0.2314453125
32.084,310,723,1204,313,0.0,35.0,42.0,17.88330078125,22.094724655151367,6.469726085662842,-0.6767578125,0.33349609375,0.0845947265625
32.126,311,682,1137,312,0.0,35.0,42.0,19.95849609375,22.521970748901367,-1.15966796875,-0.6597900390625,0.397705078125,-0.0477294921875
32.126,310,657,1074,312,0.0,35.0,42.0,12.145995140075684,21.667478561401367,-9.46044921875,-0.6947021484375,0.396484375,-0.1383056640625
32.127,310,639,1076,298,0.0,35.0,42.0,-1.8310545682907104,19.1650390625,-15.624999046325684,-0.75048828125,0.306640625,-0.136962890625
32.127,294,613,1024,312,0.0,35.0,42.0,-13.122557640075684,14.038084983825684,-18.37158203125,-0.7843017578125,0.1600341796875,-0.056640625
32.135,311,592,976,312,0.0,35.0,42.0,-16.90673828125,8.30078125,-16.78466796875,-0.780517578125,0.0728759765625,-0.0137939453125
32.142,311,576,935,312,0.0,36.0,44.0,-14.648436546325684,4.69970703125,-11.596678733825684,-0.7552490234375,0.0726318359375,-0.0286865234375
32.159,310,554,904,312,0.0,36.0,44.0,-10.498045921325684,2.0751953125,-6.469726085662842,-0.716552734375,0.0660400390625,-0.006591796875
32.165,310,545,891,312,0.0,36.0,44.0,-7.751464366912842,-1.15966796875,-3.601073980331421,-0.6693115234375,0.047607421875,0.056884765625
32.172,310,548,895,312,0.0,36.0,44.0,-5.798339366912842,-3.601073980331421,-1.2817381620407104,-0.641357421875,0.1083984375,0.0999755859375
32.189,310,540,918,312,0.0,36.0,44.0,-4.638671875,-5.249022960662842,2.3193359375,-0.630126953125,0.23486328125,0.1217041015625
32.194,310,547,931,311,0.0,36.0,44.0,-5.432128429412842,-6.713866710662842,5.920409679412842,-0.6243896484375,0.346923828125,0.138916015625
32.205,310,551,947,312,0.0,36.0,44.0,-7.812499523162842,-7.507323741912842,8.6669921875,-0.640625,0.4208984375,0.1600341796875
32.230,310,562,973,312,0.0,36.0,44.0,-10.253905296325684,-7.812499523162842,10.375975608825684,-0.64990234375,0.4168701171875,0.1876220703125
32.233,296,577,994,312,0.0,36.0,44.0,-10.925292015075684,-7.751464366912842,10.314940452575684,-0.626708984375,0.3160400390625,0.2227783203125
32.233,310,587,1011,312,0.0,36.0,44.0,-7.446288585662842,-7.446288585662842,8.4228515625,-0.612548828125,0.2247314453125,0.2432861328125
32.247,310,607,1029,312,1.0,37.0,40.0,0.0,-7.507323741912842,6.225585460662842,-0.633056640625,0.2398681640625,0.213623046875
32.258,312,636,1051,313,1.0,37.0,40.0,7.263183116912842,-8.4228515625,4.638671875,-0.6622314453125,0.330322265625,0.1510009765625
32.262,309,651,1085,313,1.0,37.0,40.0,11.047362327575684,-10.314940452575684,3.784179449081421,-0.6722412109375,0.4075927734375,0.092041015625
32.276,310,698,1145,312,1.0,37.0,40.0,11.230467796325684,-12.512206077575684,3.723144292831421,-0.6558837890625,0.423583984375,0.0687255859375
32.289,308,726,1185,312,1.0,37.0,40.0,9.94873046875,-14.648436546325684,3.723144292831421,-0.6751708984375,0.3369140625,0.08349609375
32.292,311,767,1232,312,1.0,37.0,40.0,10.375975608825684,-16.845703125,1.7089842557907104,-0.7567138671875,0.1444091796875,0.10400390625
32.319,309,823,1313,311,1.0,37.0,40.0,14.709471702575684,-18.1884765625,-2.197265625,-0.794677734375,-0.07080078125,0.0838623046875
32.319,310,827,1365,314,1.0,37.0,40.0,21.423337936401367,-18.06640625,-3.601073980331421,-0.794677734375,-0.07080078125,0.0838623046875
32.339,310,889,1419,312,1.0,37.0,40.0,27.526853561401367,-17.88330078125,0.2441406100988388,-0.7315673828125,0.0277099609375,0.0623779296875
32.339,310,895,1471,311,1.0,37.0,40.0,30.395505905151367,-18.9208984375,6.652831554412842,-0.741943359375,0.2242431640625,0.033935546875
32.345,310,973,1538,313,-2.0,34.0,42.0,26.123044967651367,-19.6533203125,10.681151390075684,-0.837158203125,0.423828125,0.017578125
32.353,311,1000,1582,314,-2.0,34.0,42.0,12.817381858825684,-18.49365234375,8.23974609375,-0.93701171875,0.471923828125,0.078369140625
32.361,310,1034,1622,312,-2.0,34.0,42.0,-1.7089842557907104,-15.808104515075684,0.0610351525247097,-1.015380859375,0.400634765625,0.2008056640625
32.375,311,1074,1652,313,-2.0,34.0,42.0,-6.652831554412842,-12.878417015075684,-7.202147960662842,-1.181396484375,0.4093017578125,0.3280029296875
32.383,311,1094,1669,314,-2.0,34.0,42.0,-0.3662109076976776,-10.864256858825684,-8.544921875,-1.181396484375,0.4093017578125,0.3280029296875
32.392,311,1108,1683,314,-2.0,34.0,42.0,10.742186546325684,-9.521484375,-4.7607421875,-1.294189453125,0.4874267578125,0.267822265625
32.421,310,1133,1701,314,-2.0,34.0,42.0,16.17431640625,-8.48388671875,0.54931640625,-1.5260009765625,0.6385498046875,0.170654296875
32.421,312,1143,1708,312,-2.0,34.0,42.0,10.192870140075684,-8.48388671875,2.929687261581421,-1.5260009765625,0.6385498046875,0.170654296875
32.422,297,1143,1704,312,-2.0,34.0,42.0,-1.15966796875,-8.6669921875,0.9155272841453552,-1.526123046875,0.501708984375,0.225341796875
32.438,310,1133,1683,312,-2.0,34.0,42.0,-7.141112804412842,-6.896972179412842,-2.685546636581421,-1.135009765625,0.2059326171875,0.2593994140625
32.449,311,1127,1673,313,-1.0,35.0,46.0,-2.25830078125,-2.01416015625,-4.69970703125,-1.135009765625,0.2059326171875,0.2593994140625
32.452,310,1112,1651,313,-1.0,35.0,46.0,8.1787109375,3.906249761581421,-5.249022960662842,-0.9444580078125,0.265380859375,0.160400390625
32.465,311,1076,1610,312,-1.0,35.0,46.0,12.573241233825684,6.591796398162842,-6.652831554412842,-1.0128173828125,0.552978515625,-0.0245361328125
32.473,310,1067,1608,314,-1.0,35.0,46.0,4.82177734375,5.615233898162842,-12.145995140075684,-1.0128173828125,0.552978515625,-0.0245361328125
32.481,310,1064,1608,314,-1.0,35.0,46.0,-10.070799827575684,3.417968511581421,-23.071287155151367,-1.076416015625,0.5150146484375,0.020751953125
32.495,310,1047,1580,313,-1.0,35.0,46.0,-23.986814498901367,1.0986328125,-34.48486328125,-1.4007568359375,0.4837646484375,0.234619140625
32.503,311,1029,1555,314,-1.0,35.0,46.0,-33.203125,-1.7089842557907104,-38.87939453125,-1.4007568359375,0.4837646484375,0.234619140625
32.523,310,1003,1524,314,-1.0,35.0,46.0,-37.78076171875,-3.295898199081421,-35.82763671875,-1.5032958984375,0.396728515625,0.3206787109375
32.525,310,960,1474,314,-1.0,35.0,46.0,-29.968259811401367,4.39453125,-15.136717796325684,-1.3050537109375,0.2005615234375,0.3939208984375
32.534,312,938,1433,314,-1.0,35.0,46.0,-29.968259811401367,4.39453125,-15.136717796325684,-1.1434326171875,0.1905517578125,0.3824462890625
32.544,310,904,1393,312,1.0,36.0,42.0,-20.690916061401367,10.131834983825684,1.6479490995407104,-1.1434326171875,0.1905517578125,0.3824462890625
32.563,310,861,1325,311,1.0,36.0,42.0,-10.498045921325684,22.338865280151367,26.672361373901367,-0.833251953125,0.109619140625,0.3385009765625
32.565,302,840,1259,314,1.0,36.0,42.0,-10.498045921325684,22.338865280151367,26.672361373901367,-0.7283935546875,0.1865234375,0.2611083984375
32.572,311,814,1251,314,1.0,36.0,42.0,-5.737304210662842,28.991697311401367,30.090330123901367,-0.7283935546875,0.1865234375,0.2611083984375
32.586,310,778,1192,312,1.0,36.0,42.0,3.051757574081421,37.53662109375,19.04296875,-0.696533203125,0.4459228515625,0.001708984375
32.596,310,750,1162,312,1.0,36.0,42.0,-0.3662109076976776,35.7666015625,7.202147960662842,-0.7113037109375,0.3890380859375,-0.0484619140625
32.602,310,730,1133,312,1.0,36.0,42.0,-0.3662109076976776,35.7666015625,7.202147960662842,-0.7318115234375,0.288818359375,-0.04931640625
32.625,310,705,1082,312,1.0,36.0,42.0,-7.812499523162842,28.930662155151367,-3.967284917831421,-0.766845703125,0.22119140625,-0.0277099609375
32.625,308,689,1050,312,1.0,36.0,42.0,-8.11767578125,26.000974655151367,-1.4038084745407104,-0.808837890625,0.182861328125,-0.0020751953125
32.633,310,674,1022,312,1.0,36.0,42.0,-8.11767578125,26.000974655151367,-1.4038084745407104,-0.838623046875,0.178466796875,0.0328369140625
32.652,310,650,987,312,1.0,38.0,43.0,-8.97216796875,20.751951217651367,6.042479991912842,-0.84765625,0.2161865234375,0.081298828125
32.654,310,634,972,312,1.0,38.0,43.0,-10.925292015075684,18.1884765625,9.521484375,-0.8338623046875,0.23583984375,0.1614990234375
32.662,310,630,963,312,1.0,38.0,43.0,-10.925292015075684,18.1884765625,9.521484375,-0.802001953125,0.1661376953125,0.255615234375
32.678,310,614,933,312,1.0,38.0,43.0,-8.544921875,16.54052734375,13.977049827575684,-0.7744140625,0.0947265625,0.2769775390625
32.685,310,603,922,312,1.0,38.0,43.0,-0.3662109076976776,20.324705123901367,16.66259765625,-0.755126953125,0.119873046875,0.2200927734375
32.699,311,601,913,312,1.0,38.0,43.0,-0.3662109076976776,20.324705123901367,16.66259765625,-0.734619140625,0.1832275390625,0.1649169921875
32.706,310,596,901,311,1.0,38.0,43.0,9.70458984375,26.123044967651367,21.545408248901367,-0.7291259765625,0.243896484375,0.1273193359375
32.727,310,600,888,312,1.0,38.0,43.0,10.620116233825684,27.709959030151367,22.949216842651367,-0.752685546875,0.306640625,0.0931396484375
32.727,308,594,889,311,1.0,38.0,43.0,10.620116233825684,27.709959030151367,22.949216842651367,-0.78955078125,0.349365234375,0.0648193359375
32.736,311,594,889,312,0.0,40.0,40.0,7.934569835662842,29.846189498901367,24.780271530151367,-0.82470703125,0.36376953125,0.0433349609375
32.745,310,599,893,312,0.0,40.0,40.0,5.615233898162842,29.296873092651367,24.963376998901367,-0.8642578125,0.369873046875,0.0262451171875
32.756,310,594,890,312,0.0,40.0,40.0,3.295898199081421,27.954099655151367,25.085447311401367,-0.912841796875,0.3807373046875,0.00927734375
32.766,310,592,886,311,0.0,40.0,40.0,0.4272460639476776,26.245115280151367,25.329587936401367,-0.959228515625,0.382568359375,0.0
32.774,310,589,875,312,0.0,40.0,40.0,-2.563476324081421,24.414060592651367,25.390623092651367,-0.9923095703125,0.359619140625,0.0126953125
32.787,310,587,873,312,0.0,40.0,40.0,-3.479003667831421,23.437498092651367,25.451658248901367,-1.009521484375,0.3458251953125,0.0208740234375
32.801,310,576,873,312,0.0,40.0,40.0,-3.234863042831421,23.315427780151367,25.634763717651367,-1.012451171875,0.375244140625,0.02001953125
32.804,310,566,859,311,0.0,40.0,40.0,-4.69970703125,22.277830123901367,25.390623092651367,-1.0208740234375,0.393798828125,0.043701171875
32.820,310,558,832,312,0.0,40.0,40.0,-5.065917491912842,21.423337936401367,25.756834030151367,-1.043212890625,0.3800048828125,0.0609130859375
32.830,309,540,782,312,0.0,40.0,40.0,-2.13623046875,23.254392623901367,27.160642623901367,-1.0560302734375,0.3607177734375,0.044677734375
32.834,310,531,762,312,-4.0,40.0,38.0,1.3427733182907104,26.367185592651367,28.503416061401367,-1.05029296875,0.3414306640625,0.029052734375
32.842,310,512,739,311,-4.0,40.0,38.0,3.417968511581421,28.015134811401367,29.235837936401367,-1.0386962890625,0.333251953125,0.0362548828125
32.868,310,479,693,311,-4.0,40.0,38.0,4.7607421875,28.259275436401367,29.907224655151367,-1.0269775390625,0.33544921875,0.043701171875
32.868,310,452,666,310,-4.0,40.0,38.0,6.225585460662842,28.503416061401367,30.700681686401367,-1.012939453125,0.33984375,0.0361328125
32.919,310,437,634,311,-4.0,40.0,38.0,7.568358898162842,28.869626998901367,31.616209030151367,-0.9820556640625,0.34423828125,0.0277099609375
32.919,310,410,590,312,-4.0,40.0,38.0,9.33837890625,29.357908248901367,32.40966796875,-0.9600830078125,0.343994140625,0.0084228515625
32.919,310,393,558,310,-4.0,40.0,38.0,12.634276390075684,30.639646530151367,33.14208984375,-0.9747314453125,0.3455810546875,-0.0211181640625
32.919,310,377,518,310,-4.0,40.0,38.0,17.822265625,32.2265625,34.5458984375,-0.99951171875,0.3577880859375,-0.044677734375
32.931,310,351,456,310,-4.0,40.0,38.0,23.010251998901367,33.75244140625,37.109375,-1.0181884765625,0.3834228515625,-0.0684814453125
32.933,308,343,438,310,-4.0,40.0,38.0,25.878904342651367,35.15625,40.527339935302734,-1.015869140625,0.4208984375,-0.0799560546875
32.934,309,314,414,310,-4.0,40.0,38.0,25.207517623901367,35.82763671875,44.372554779052734,-0.99267578125,0.4332275390625,-0.0635986328125
32.946,309,326,373,309,-7.0,42.0,45.0,22.583005905151367,36.19384765625,48.217769622802734,-0.9395751953125,0.4229736328125,-0.0379638671875
32.954,309,317,378,309,-7.0,42.0,45.0,19.71435546875,38.0859375,52.551265716552734,-0.878173828125,0.39501953125,-0.024169921875
32.962,309,314,382,309,-7.0,42.0,45.0,16.6015625,42.053218841552734,57.678218841552734,-0.8614501953125,0.3382568359375,-0.0032958984375
32.976,308,322,377,308,-7.0,42.0,45.0,14.953612327575684,46.203609466552734,63.232418060302734,-0.928466796875,0.24951171875,0.027587890625
32.984,309,317,379,310,-7.0,42.0,45.0,19.8974609375,48.034664154052734,66.5283203125,-1.2427978515625,-0.001220703125,0.0477294921875
32.994,308,314,382,309,-7.0,42.0,45.0,40.161128997802734,45.532222747802734,52.124019622802734,-1.45703125,-0.172607421875,0.11279296875
33.050,308,315,384,310,-7.0,42.0,45.0,81.48192596435547,44.311519622802734,24.108884811401367,-1.2750244140625,-0.0052490234375,0.147705078125
