time,compression0,compression1,compression2,compression3,magn_x,magn_y,magn_z,gyro_x,gyro_y,gyro_z,accel_x,accel_y,accel_z
0.003,311,336,383,308,-9.0,40.0,38.0,4.57763671875,-3.662109136581421,0.6713866591453552,-0.8253173828125,0.5264892578125,-0.1317138671875
0.016,309,336,381,310,-11.0,44.0,38.0,7.080077648162842,-4.33349609375,1.4038084745407104,-0.82080078125,0.5225830078125,-0.11865234375
0.032,310,334,382,311,-11.0,44.0,38.0,10.986327171325684,-5.371093273162842,2.01416015625,-0.823486328125,0.515380859375,-0.11474609375
0.035,310,331,386,304,-11.0,44.0,38.0,14.587401390075684,-6.591796398162842,2.01416015625,-0.823486328125,0.515380859375,-0.11474609375
0.046,310,336,386,310,-11.0,44.0,38.0,19.04296875,-7.812499523162842,1.2817381620407104,-0.8310546875,0.5087890625,-0.1065673828125
0.055,310,336,391,310,-11.0,44.0,38.0,19.04296875,-7.812499523162842,1.2817381620407104,-0.8299560546875,0.5103759765625,-0.10498046875
0.065,310,331,393,310,-11.0,44.0,38.0,21.179197311401367,-7.568358898162842,0.9155272841453552,-0.8299560546875,0.5103759765625,-0.10498046875
0.076,310,331,399,310,-11.0,44.0,38.0,25.390623092651367,-6.103515148162842,-0.0610351525247097,-0.8265380859375,0.5279541015625,-0.1102294921875
0.097,308,336,401,310,-11.0,44.0,38.0,25.390623092651367,-6.103515148162842,-0.0610351525247097,-0.8251953125,0.53564453125,-0.1201171875
0.098,310,336,402,311,-11.0,44.0,38.0,25.939939498901367,-5.859374523162842,-0.7934569716453552,-0.8251953125,0.53564453125,-0.1201171875
0.106,308,331,408,310,-12.0,45.0,39.0,23.498533248901367,-7.568358898162842,-2.746581792831421,-0.83056640625,0.52734375,-0.1302490234375
0.114,309,331,410,308,-12.0,45.0,39.0,23.498533248901367,-7.568358898162842,-2.746581792831421,-0.8331298828125,0.515625,-0.123291015625
0.122,308,332,408,310,-12.0,45.0,39.0,21.789548873901367,-8.544921875,-3.662109136581421,-0.8331298828125,0.515625,-0.123291015625
0.138,308,337,410,310,-12.0,45.0,39.0,20.446775436401367,-8.7890625,-5.310058116912842,-0.8350830078125,0.494873046875,-0.1207275390625
0.146,310,336,410,310,-12.0,45.0,39.0,20.446775436401367,-8.7890625,-5.310058116912842,-0.8330078125,0.4991455078125,-0.1304931640625
0.152,310,336,408,308,-12.0,45.0,39.0,19.04296875,-8.36181640625,-5.798339366912842,-0.8330078125,0.4991455078125,-0.1304931640625
0.167,308,337,408,310,-12.0,45.0,39.0,11.901854515075684,-7.934569835662842,-6.408690929412842,-0.828857421875,0.5164794921875,-0.1453857421875
0.175,308,336,410,309,-12.0,45.0,39.0,11.901854515075684,-7.934569835662842,-6.408690929412842,-0.83056640625,0.517822265625,-0.1448974609375
0.186,310,332,409,310,-12.0,45.0,39.0,8.056640625,-7.934569835662842,-6.469726085662842,-0.8348388671875,0.5096435546875,-0.1380615234375
0.202,309,336,410,310,-12.0,45.0,39.0,2.929687261581421,-7.751464366912842,-6.347655773162842,-0.83544921875,0.4940185546875,-0.1268310546875
0.205,310,336,410,309,-10.0,43.0,39.0,1.9531248807907104,-7.873534679412842,-5.981444835662842,-0.830322265625,0.479248046875,-0.116455078125
0.213,314,336,410,310,-10.0,43.0,39.0,1.9531248807907104,-7.873534679412842,-5.981444835662842,-0.8228759765625,0.469482421875,-0.1107177734375
0.226,310,337,411,310,-10.0,43.0,39.0,2.01416015625,-8.23974609375,-4.39453125,-0.8162841796875,0.4677734375,-0.114013671875
0.237,310,337,411,310,-10.0,43.0,39.0,1.9531248807907104,-8.30078125,-3.173827886581421,-0.811767578125,0.4765625,-0.122802734375
0.243,309,338,408,310,-10.0,43.0,39.0,1.9531248807907104,-8.30078125,-3.173827886581421,-0.8072509765625,0.4871826171875,-0.1314697265625
0.256,310,340,408,310,-10.0,43.0,39.0,-0.0610351525247097,-7.995604991912842,0.3662109076976776,-0.7982177734375,0.486083984375,-0.134033203125
0.270,309,339,411,311,-10.0,43.0,39.0,-1.8920897245407104,-7.690429210662842,2.868652105331421,-0.78271484375,0.47412109375,-0.1231689453125
0.273,310,342,410,310,-10.0,43.0,39.0,-1.8920897245407104,-7.690429210662842,2.868652105331421,-0.760986328125,0.4652099609375,-0.10400390625
0.288,310,352,418,310,-10.0,43.0,39.0,-4.7607421875,-6.713866710662842,8.056640625,-0.7373046875,0.465087890625,-0.0927734375
0.302,310,357,418,310,-10.0,43.0,39.0,-5.371093273162842,-6.530761241912842,9.94873046875,-0.712646484375,0.46240234375,-0.0941162109375
0.302,310,356,425,310,-11.0,41.0,37.0,-5.371093273162842,-6.530761241912842,9.94873046875,-0.6781005859375,0.4378662109375,-0.099853515625
0.316,310,386,437,310,-11.0,41.0,37.0,-7.690429210662842,-7.629394054412842,13.977049827575684,-0.6097412109375,0.3822021484375,-0.1060791015625
0.325,310,395,441,310,-11.0,41.0,37.0,-10.498045921325684,-6.652831554412842,16.9677734375,-0.491455078125,0.304443359375,-0.0921630859375
0.333,310,402,439,310,-11.0,41.0,37.0,-13.305663108825684,-4.33349609375,20.507810592651367,-0.3648681640625,0.2318115234375,-0.0469970703125
0.347,309,427,488,310,-11.0,41.0,37.0,-11.230467796325684,-2.685546636581421,23.254392623901367,-0.30810546875,0.20849609375,0.008544921875
0.354,310,440,502,310,-11.0,41.0,37.0,-3.906249761581421,-4.33349609375,22.521970748901367,-0.2994384765625,0.235107421875,0.0867919921875
0.422,310,465,543,310,-11.0,41.0,37.0,4.82177734375,-8.9111328125,14.953612327575684,-0.264892578125,0.25634765625,0.19091796875
0.422,292,513,644,310,-11.0,41.0,37.0,18.73779296875,-10.742186546325684,-1.5258787870407104,-0.229248046875,0.3536376953125,0.22021484375
0.422,310,566,728,311,-11.0,41.0,37.0,37.17041015625,-8.36181640625,-22.644041061401367,-0.24560546875,0.5584716796875,0.123779296875
0.423,310,601,816,311,-11.0,41.0,37.0,41.015621185302734,-8.11767578125,-39.55078125,-0.345947265625,0.714599609375,-0.0426025390625
0.423,311,644,944,312,-14.0,42.0,38.0,24.291990280151367,-12.207030296325684,-45.715328216552734,-0.6962890625,0.8321533203125,-0.2545166015625
0.423,311,650,1022,313,-14.0,42.0,38.0,3.417968511581421,-14.343260765075684,-41.015621185302734,-1.383056640625,0.9310302734375,-0.54931640625
0.423,310,657,1063,313,-14.0,42.0,38.0,-13.061522483825684,-9.1552734375,-28.869626998901367,-2.09228515625,0.8353271484375,-0.7528076171875
0.436,310,683,1101,312,-14.0,42.0,38.0,-28.991697311401367,-2.868652105331421,-6.958007335662842,-2.407470703125,0.5538330078125,-0.60791015625
0.446,310,691,1129,312,-14.0,42.0,38.0,-44.677730560302734,-3.723144292831421,24.536130905151367,-2.21533203125,0.3056640625,-0.232177734375
0.453,311,694,1129,310,-14.0,42.0,38.0,-47.241207122802734,-9.8876953125,50.292964935302734,-1.693115234375,0.2991943359375,0.1256103515625
0.466,310,684,1112,312,-14.0,42.0,38.0,-22.277830123901367,-13.244627952575684,54.260250091552734,-1.1290283203125,0.5960693359375,0.251953125
0.481,310,673,1096,312,-14.0,42.0,38.0,19.287109375,-6.774901866912842,36.68212890625,-0.7557373046875,0.9288330078125,0.09619140625
0.483,297,666,1094,312,-14.0,42.0,38.0,47.302242279052734,4.150390625,10.192870140075684,-0.661376953125,1.0263671875,-0.130126953125
0.502,310,664,1087,313,-14.0,42.0,38.0,46.020503997802734,10.131834983825684,-12.268065452575684,-0.8529052734375,0.914306640625,-0.27685546875
0.505,310,654,1051,312,-10.0,43.0,40.0,23.559568405151367,8.9111328125,-23.132322311401367,-1.2320556640625,0.8238525390625,-0.3348388671875
0.516,308,642,1017,310,-10.0,43.0,40.0,-4.94384765625,3.662109136581421,-20.996091842651367,-1.5662841796875,0.854248046875,-0.3228759765625
0.526,310,613,943,312,-10.0,43.0,40.0,-27.832029342651367,0.0,-10.192870140075684,-1.6678466796875,0.8731689453125,-0.2528076171875
0.534,310,594,912,312,-10.0,43.0,40.0,-36.0107421875,0.9155272841453552,2.563476324081421,-1.5308837890625,0.7938232421875,-0.1353759765625
0.542,310,567,877,312,-10.0,43.0,40.0,-27.526853561401367,4.2724609375,11.352538108825684,-1.2686767578125,0.6568603515625,0.0
0.556,310,531,767,311,-10.0,43.0,40.0,-8.30078125,7.263183116912842,13.305663108825684,-1.003173828125,0.5614013671875,0.0953369140625
0.565,310,506,725,312,-10.0,43.0,40.0,13.000487327575684,9.033203125,8.056640625,-0.804931640625,0.5277099609375,0.1007080078125
0.576,310,476,671,314,-10.0,43.0,40.0,30.334470748901367,11.291502952575684,-2.3193359375,-0.6839599609375,0.5064697265625,0.013671875
0.595,310,437,600,311,-10.0,43.0,40.0,39.794921875,13.916014671325684,-14.038084983825684,-0.602294921875,0.4407958984375,-0.0914306640625
0.600,310,396,568,311,-10.0,43.0,40.0,41.809078216552734,14.221190452575684,-23.681638717651367,-0.5445556640625,0.29248046875,-0.1177978515625
0.607,308,389,547,311,-12.0,41.0,40.0,42.846675872802734,11.474608421325684,-30.578611373901367,-0.54931640625,0.1148681640625,-0.114013671875
0.622,310,371,508,310,-12.0,41.0,40.0,48.767086029052734,10.009765625,-34.7900390625,-0.5537109375,0.054931640625,-0.24462890625
0.625,310,361,497,311,-12.0,41.0,40.0,57.189937591552734,12.329100608825684,-36.2548828125,-0.5537109375,0.054931640625,-0.24462890625
0.634,310,357,490,310,-12.0,41.0,40.0,60.424800872802734,12.939452171325684,-33.75244140625,-0.58349609375,0.2532958984375,-0.268310546875
0.649,310,357,488,310,-12.0,41.0,40.0,54.016109466552734,7.324218273162842,-29.357908248901367,-0.6162109375,0.5936279296875,-0.2484130859375
0.655,310,356,490,310,-12.0,41.0,40.0,39.61181640625,0.0,-27.893064498901367,-0.6162109375,0.5936279296875,-0.2484130859375
0.664,309,354,493,310,-12.0,41.0,40.0,21.728513717651367,-4.5166015625,-28.503416061401367,-0.638671875,0.596923828125,-0.2332763671875
0.680,310,349,481,310,-12.0,41.0,40.0,5.798339366912842,-7.568358898162842,-28.747556686401367,-0.6517333984375,0.4794921875,-0.115478515625
0.685,310,351,483,311,-12.0,41.0,40.0,-5.798339366912842,-10.314940452575684,-28.747556686401367,-0.6517333984375,0.4794921875,-0.115478515625
0.709,311,352,485,310,-12.0,41.0,40.0,-12.634276390075684,-10.742186546325684,-27.893064498901367,-0.642822265625,0.41015625,-0.0469970703125
0.709,310,357,499,310,-10.0,42.0,40.0,-15.441893577575684,-8.48388671875,-25.024412155151367,-0.676513671875,0.428466796875,0.0101318359375
0.716,310,359,497,310,-10.0,42.0,40.0,-15.624999046325684,-6.042479991912842,-20.935056686401367,-0.72021484375,0.45654296875,-0.0057373046875
0.731,308,364,499,310,-10.0,42.0,40.0,-14.526366233825684,-4.94384765625,-17.15087890625,-0.72021484375,0.45654296875,-0.0057373046875
0.738,310,365,497,310,-10.0,42.0,40.0,-8.72802734375,-3.967284917831421,-11.901854515075684,-0.757568359375,0.3734130859375,-0.0487060546875
0.746,308,364,506,310,-10.0,42.0,40.0,-8.72802734375,-3.967284917831421,-11.901854515075684,-0.7708740234375,0.3433837890625,-0.067138671875
0.754,308,369,509,311,-10.0,42.0,40.0,-2.929687261581421,-3.112792730331421,-7.629394054412842,-0.7708740234375,0.3433837890625,-0.067138671875
0.768,310,373,509,312,-10.0,42.0,40.0,6.103515148162842,-3.234863042831421,5.554198741912842,-0.814208984375,0.3883056640625,-0.1064453125
0.782,310,377,512,311,-10.0,42.0,40.0,6.103515148162842,-3.234863042831421,5.554198741912842,-0.8333740234375,0.3936767578125,-0.1378173828125
0.784,310,382,507,309,-10.0,42.0,40.0,5.981444835662842,-3.479003667831421,10.864256858825684,-0.8333740234375,0.3936767578125,-0.1378173828125
0.807,308,391,513,310,-10.0,42.0,40.0,-2.0751953125,-3.662109136581421,19.775390625,-0.8258056640625,0.3597412109375,-0.1514892578125
0.810,311,396,523,310,-10.0,42.0,37.0,-2.0751953125,-3.662109136581421,19.775390625,-0.79931640625,0.357177734375,-0.1343994140625
0.819,310,402,526,310,-10.0,42.0,37.0,-5.676269054412842,-3.479003667831421,24.047849655151367,-0.79931640625,0.357177734375,-0.1343994140625
0.827,308,420,535,310,-10.0,42.0,37.0,-10.131834983825684,-2.0751953125,31.127927780151367,-0.73193359375,0.37841796875,-0.11083984375
0.835,310,426,535,311,-10.0,42.0,37.0,-10.131834983825684,-2.0751953125,31.127927780151367,-0.6827392578125,0.4205322265625,-0.094970703125
0.843,311,442,552,311,-10.0,42.0,37.0,-11.108397483825684,-2.13623046875,33.63037109375,-0.6827392578125,0.4205322265625,-0.094970703125
0.858,310,465,578,312,-10.0,42.0,37.0,-21.728513717651367,-4.69970703125,28.320310592651367,-0.4886474609375,0.354248046875,-0.0078125
0.866,310,483,608,312,-10.0,42.0,37.0,-27.221677780151367,-4.45556640625,21.423337936401367,-0.3660888671875,0.2777099609375,0.06103515625
0.874,310,504,662,312,-10.0,42.0,37.0,-27.221677780151367,-4.45556640625,21.423337936401367,-0.2098388671875,0.215576171875,0.194091796875
0.887,310,551,771,311,-10.0,42.0,37.0,-10.925292015075684,-7.690429210662842,2.13623046875,-0.08837890625,0.201171875,0.3226318359375
0.902,310,580,882,311,-10.0,42.0,37.0,16.29638671875,-11.169432640075684,-13.183592796325684,-0.162353515625,0.357666015625,0.29150390625
0.911,310,614,932,312,-13.0,43.0,43.0,16.29638671875,-11.169432640075684,-13.183592796325684,-0.6273193359375,0.67578125,-0.0931396484375
0.918,311,648,1013,312,-13.0,43.0,43.0,42.724605560302734,-7.995604991912842,-39.4287109375,-1.357666015625,0.9219970703125,-0.6820068359375
0.931,310,662,1054,312,-13.0,43.0,43.0,15.930174827575684,1.9531248807907104,-41.503902435302734,-1.946533203125,0.9656982421875,-0.98583984375
0.934,311,676,1092,312,-13.0,43.0,43.0,15.930174827575684,1.9531248807907104,-41.503902435302734,-2.2127685546875,0.8369140625,-0.8206787109375
0.947,311,668,1069,312,-13.0,43.0,43.0,-59.570308685302734,-8.30078125,-20.507810592651367,-2.1885986328125,0.624755859375,-0.4085693359375
0.959,310,653,1056,311,-13.0,43.0,43.0,-68.78662109375,-20.080564498901367,-0.0610351525247097,-1.77734375,0.317138671875,0.0673828125
0.964,310,650,1047,312,-13.0,43.0,43.0,-68.78662109375,-20.080564498901367,-0.0610351525247097,-1.1337890625,0.114013671875,0.37451171875
0.977,310,647,1039,312,-13.0,43.0,43.0,25.817869186401367,-7.446288585662842,23.315427780151367,-0.8447265625,0.4832763671875,0.248779296875
0.986,310,644,1029,312,-13.0,43.0,43.0,69.580078125,2.01416015625,20.080564498901367,-1.0692138671875,1.1673583984375,-0.1663818359375
0.993,310,636,1012,312,-13.0,43.0,43.0,69.580078125,2.01416015625,20.080564498901367,-1.40771484375,1.41943359375,-0.5220947265625
1.011,310,618,957,312,-12.0,43.0,44.0,17.08984375,-0.4882812201976776,-10.803221702575684,-1.55322265625,1.1500244140625,-0.6287841796875
1.016,310,603,918,312,-12.0,43.0,44.0,-16.6015625,-6.774901866912842,-20.202634811401367,-1.4781494140625,0.755126953125,-0.46240234375
1.024,310,579,878,312,-12.0,43.0,44.0,-27.526853561401367,-14.831542015075684,-19.53125,-1.282958984375,0.5035400390625,-0.1651611328125
1.044,310,538,805,310,-12.0,43.0,44.0,-19.1650390625,-18.00537109375,-13.793944358825684,-1.0888671875,0.4234619140625,0.04736328125
1.052,310,512,756,312,-12.0,43.0,44.0,-2.563476324081421,-14.160155296325684,-9.70458984375,-0.9268798828125,0.376220703125,0.115234375
1.056,312,486,712,312,-12.0,43.0,44.0,12.329100608825684,-7.629394054412842,-10.437010765075684,-0.780517578125,0.295654296875,0.0709228515625
1.067,310,434,622,310,-12.0,43.0,44.0,22.644041061401367,-2.38037109375,-13.549803733825684,-0.636962890625,0.2200927734375,0.0234375
1.076,308,408,576,311,-12.0,43.0,44.0,30.090330123901367,-1.03759765625,-16.6015625,-0.5283203125,0.1102294921875,0.0318603515625
1.090,310,394,571,311,-12.0,43.0,44.0,40.283199310302734,0.30517578125,-20.324705123901367,-0.4996337890625,-0.02587890625,-0.0242919921875
1.098,310,379,547,311,-13.0,43.0,38.0,55.480953216552734,6.164550304412842,-23.498533248901367,-0.533203125,-0.023193359375,-0.1395263671875
1.108,310,368,540,311,-13.0,43.0,38.0,63.720699310302734,9.70458984375,-23.437498092651367,-0.5635986328125,0.162109375,-0.18603515625
1.120,310,364,546,311,-13.0,43.0,38.0,56.640621185302734,5.676269054412842,-21.667478561401367,-0.5650634765625,0.3966064453125,-0.1982421875
1.128,308,363,543,310,-13.0,43.0,38.0,40.405269622802734,-1.4648436307907104,-21.545408248901367,-0.5714111328125,0.5606689453125,-0.228759765625
1.135,310,357,543,309,-13.0,43.0,38.0,22.338865280151367,-7.751464366912842,-23.193357467651367,-0.598876953125,0.615478515625,-0.237548828125
1.144,310,359,539,310,-13.0,43.0,38.0,6.164550304412842,-12.817381858825684,-25.451658248901367,-0.6378173828125,0.5848388671875,-0.2039794921875
1.167,309,359,543,310,-13.0,43.0,38.0,-7.141112804412842,-16.9677734375,-27.282712936401367,-0.6632080078125,0.5003662109375,-0.1358642578125
1.167,310,360,547,310,-13.0,43.0,38.0,-17.02880859375,-18.85986328125,-27.282712936401367,-0.67919921875,0.38916015625,-0.0538330078125
1.174,310,365,551,310,-13.0,43.0,38.0,-22.521970748901367,-17.578125,-24.047849655151367,-0.708984375,0.30859375,0.010498046875
1.191,310,367,552,310,-13.0,43.0,38.0,-22.888181686401367,-14.648436546325684,-17.822265625,-0.7635498046875,0.3079833984375,0.03076171875
1.196,310,370,558,310,-10.0,40.0,43.0,-19.10400390625,-12.145995140075684,-10.559081077575684,-0.810546875,0.3421630859375,0.02685546875
1.217,310,373,561,311,-10.0,40.0,43.0,-13.244627952575684,-10.009765625,-4.638671875,-0.813720703125,0.3231201171875,0.02734375
1.222,310,379,566,311,-10.0,40.0,43.0,-6.225585460662842,-7.507323741912842,0.0610351525247097,-0.802734375,0.2843017578125,0.0189208984375
1.226,310,382,568,310,-10.0,40.0,43.0,2.197265625,-5.0048828125,5.554198741912842,-0.8114013671875,0.3045654296875,-0.0157470703125
1.234,311,386,572,311,-10.0,40.0,43.0,9.8876953125,-3.356933355331421,11.474608421325684,-0.82958984375,0.3671875,-0.0662841796875
1.247,310,393,567,310,-10.0,40.0,43.0,13.061522483825684,-2.746581792831421,16.54052734375,-0.8330078125,0.4105224609375,-0.1041259765625
1.263,311,396,566,310,-10.0,40.0,43.0,10.925292015075684,-2.868652105331421,20.202634811401367,-0.8187255859375,0.4141845703125,-0.1131591796875
1.270,308,401,572,310,-10.0,40.0,43.0,6.774901866912842,-3.112792730331421,22.216794967651367,-0.802001953125,0.4010009765625,-0.106689453125
1.278,308,402,573,310,-10.0,40.0,43.0,2.990722417831421,-2.868652105331421,23.071287155151367,-0.796630859375,0.3856201171875,-0.10107421875
1.285,310,414,573,311,-10.0,40.0,43.0,-0.7934569716453552,-2.13623046875,23.986814498901367,-0.795654296875,0.3719482421875,-0.0938720703125
1.295,310,423,575,311,-10.0,40.0,43.0,-4.39453125,-1.4038084745407104,25.817869186401367,-0.776611328125,0.3720703125,-0.0802001953125
1.322,310,447,589,311,-11.0,42.0,49.0,-7.202147960662842,-0.9765624403953552,27.893064498901367,-0.7425537109375,0.3763427734375,-0.068603515625
1.322,310,454,601,310,-11.0,42.0,49.0,-9.8876953125,-1.15966796875,28.808591842651367,-0.68505859375,0.35986328125,-0.05419921875
1.324,310,454,616,310,-11.0,42.0,49.0,-13.610838890075684,-1.2817381620407104,28.747556686401367,-0.60400390625,0.303955078125,-0.0264892578125
1.338,310,509,673,312,-11.0,42.0,49.0,-17.51708984375,-0.8544921278953552,29.174802780151367,-0.3511962890625,0.1837158203125,0.1265869140625
1.346,310,537,742,312,-11.0,42.0,49.0,-17.9443359375,-0.54931640625,28.808591842651367,-0.3511962890625,0.1837158203125,0.1265869140625
1.354,310,562,827,312,-11.0,42.0,49.0,-10.314940452575684,-1.5258787870407104,23.681638717651367,-0.1766357421875,0.1719970703125,0.237060546875
1.375,310,622,955,311,-11.0,42.0,49.0,5.249022960662842,-3.906249761581421,10.070799827575684,-0.1668701171875,0.366943359375,0.0875244140625
1.382,310,662,1003,286,-11.0,42.0,49.0,23.315427780151367,-4.94384765625,-9.521484375,-0.1668701171875,0.366943359375,0.0875244140625
1.384,310,689,1067,312,-11.0,42.0,49.0,31.311033248901367,-1.5258787870407104,-26.245115280151367,-0.5701904296875,0.479248046875,-0.2945556640625
1.398,311,741,1163,312,-10.0,42.0,43.0,21.301267623901367,3.601073980331421,-34.912109375,-1.5235595703125,0.8809814453125,-0.71240234375
1.406,310,763,1211,312,-10.0,42.0,43.0,-1.6479490995407104,3.906249761581421,-36.92626953125,-1.5235595703125,0.8809814453125,-0.71240234375
1.424,310,780,1246,311,-10.0,42.0,43.0,-34.11865234375,-4.69970703125,-36.1328125,-1.91796875,1.145263671875,-0.662353515625
1.428,310,780,1245,312,-10.0,42.0,43.0,-70.068359375,-19.1650390625,-34.60693359375,-2.17626953125,0.6727294921875,-0.1239013671875
1.435,310,756,1215,314,-10.0,42.0,43.0,-86.60887908935547,-30.395505905151367,-29.663084030151367,-2.17626953125,0.6727294921875,-0.1239013671875
1.443,310,741,1188,312,-10.0,42.0,43.0,-67.44384765625,-31.555173873901367,-17.578125,-1.8433837890625,0.3343505859375,0.218017578125
1.457,310,740,1184,312,-10.0,42.0,43.0,-18.37158203125,-20.01953125,-3.723144292831421,-0.91357421875,0.4371337890625,0.217041015625
1.468,311,726,1173,312,-10.0,42.0,43.0,37.29248046875,-0.2441406100988388,5.371093273162842,-0.91357421875,0.4371337890625,0.217041015625
1.476,310,713,1141,312,-10.0,42.0,43.0,58.044429779052734,11.901854515075684,6.469726085662842,-1.2445068359375,1.1114501953125,-0.2738037109375
1.501,310,685,1074,312,-10.0,42.0,43.0,-10.070799827575684,0.1220703050494194,-16.2353515625,-1.8201904296875,0.8309326171875,-0.435546875
1.502,310,665,1031,311,-8.0,40.0,39.0,-10.070799827575684,0.1220703050494194,-16.2353515625,-1.699462890625,0.531494140625,-0.1607666015625
1.505,310,620,951,315,-8.0,40.0,39.0,-30.700681686401367,-7.019042491912842,-17.333984375,-1.699462890625,0.531494140625,-0.1607666015625
1.521,310,594,905,312,-8.0,40.0,39.0,-22.949216842651367,-2.929687261581421,8.30078125,-1.2508544921875,0.5103759765625,0.13330078125
1.526,310,564,832,312,-8.0,40.0,39.0,-22.949216842651367,-2.929687261581421,8.30078125,-0.9857177734375,0.4637451171875,0.1522216796875
1.534,310,533,771,312,-8.0,40.0,39.0,-9.70458984375,8.056640625,14.038084983825684,-0.9857177734375,0.4637451171875,0.1522216796875
1.548,310,455,658,310,-8.0,40.0,39.0,28.259275436401367,22.399900436401367,3.662109136581421,-0.4739990234375,0.19384765625,0.0789794921875
1.556,308,424,601,311,-8.0,40.0,39.0,28.259275436401367,22.399900436401367,3.662109136581421,-0.3369140625,0.066162109375,0.0352783203125
1.564,310,410,577,311,-8.0,40.0,39.0,45.166011810302734,23.254392623901367,-4.7607421875,-0.3369140625,0.066162109375,0.0352783203125
1.581,309,372,548,311,-8.0,40.0,39.0,70.00732421875,22.460935592651367,-22.644041061401367,-0.3673095703125,-0.1290283203125,-0.1802978515625
1.586,310,360,531,310,-8.0,40.0,39.0,70.00732421875,22.460935592651367,-22.644041061401367,-0.45703125,0.02197265625,-0.3043212890625
1.608,309,354,522,310,-10.0,42.0,42.0,75.25634765625,23.620603561401367,-26.550291061401367,-0.45703125,0.02197265625,-0.3043212890625
1.608,310,342,519,310,-10.0,42.0,42.0,41.442867279052734,7.751464366912842,-18.24951171875,-0.595458984375,0.5538330078125,-0.31787109375
1.634,309,341,518,310,-10.0,42.0,42.0,41.442867279052734,7.751464366912842,-18.24951171875,-0.6353759765625,0.6055908203125,-0.267822265625
1.634,310,343,522,310,-10.0,42.0,42.0,15.258788108825684,-3.234863042831421,-16.41845703125,-0.6353759765625,0.6055908203125,-0.267822265625
1.638,310,344,527,310,-10.0,42.0,42.0,-18.310546875,-15.563963890075684,-20.263669967651367,-0.6453857421875,0.4112548828125,-0.116943359375
1.646,310,349,525,310,-10.0,42.0,42.0,-21.911619186401367,-18.06640625,-19.775390625,-0.6619873046875,0.3590087890625,-0.0528564453125
1.654,310,349,533,310,-10.0,42.0,42.0,-21.911619186401367,-18.06640625,-19.775390625,-0.6951904296875,0.3551025390625,-0.0029296875
1.668,310,356,535,310,-10.0,42.0,42.0,-18.49365234375,-18.1884765625,-13.732909202575684,-0.7486572265625,0.398193359375,0.017822265625
1.676,310,356,533,310,-10.0,42.0,42.0,-18.85986328125,-15.991209983825684,-10.620116233825684,-0.791259765625,0.427734375,0.030517578125
1.688,310,360,536,312,-10.0,42.0,42.0,-18.85986328125,-15.991209983825684,-10.620116233825684,-0.8062744140625,0.3819580078125,0.049560546875
1.704,308,364,540,310,-10.0,40.0,44.0,-16.78466796875,-7.507323741912842,-9.09423828125,-0.81298828125,0.308349609375,0.060302734375
1.706,310,369,543,311,-10.0,40.0,44.0,-11.962889671325684,-3.906249761581421,-5.737304210662842,-0.810302734375,0.274658203125,0.058349609375
1.720,309,372,548,310,-10.0,40.0,44.0,-11.962889671325684,-3.906249761581421,-5.737304210662842,-0.80859375,0.279296875,0.0386962890625
1.728,310,377,552,311,-10.0,40.0,44.0,0.2441406100988388,-1.4648436307907104,8.60595703125,-0.8160400390625,0.2960205078125,0.00244140625
1.738,310,382,558,311,-10.0,40.0,44.0,5.493163585662842,-1.220703125,15.380858421325684,-0.8218994140625,0.314208984375,-0.044921875
1.744,310,384,561,310,-10.0,40.0,44.0,5.493163585662842,-1.220703125,15.380858421325684,-0.834716796875,0.332763671875,-0.0980224609375
1.757,310,394,557,310,-10.0,40.0,44.0,9.1552734375,-0.7324218153953552,26.245115280151367,-0.8616943359375,0.337158203125,-0.1334228515625
1.766,309,401,561,311,-10.0,40.0,44.0,4.08935546875,0.4272460639476776,32.28759765625,-0.8717041015625,0.30859375,-0.1239013671875
1.775,310,410,561,312,-10.0,40.0,44.0,4.08935546875,0.4272460639476776,32.28759765625,-0.830322265625,0.2708740234375,-0.064208984375
1.795,311,438,588,310,-10.0,40.0,44.0,-10.131834983825684,3.112792730331421,42.358394622802734,-0.7362060546875,0.2757568359375,0.0123291015625
1.796,310,450,568,287,-10.0,44.0,41.0,0.1831054538488388,1.6479490995407104,43.151851654052734,-0.597412109375,0.292724609375,0.0506591796875
1.806,310,469,634,310,-10.0,44.0,41.0,17.4560546875,-1.9531248807907104,39.55078125,-0.4241943359375,0.2506103515625,0.062255859375
1.819,310,523,713,311,-10.0,44.0,41.0,26.428220748901367,-4.39453125,33.50830078125,-0.2177734375,0.17822265625,0.1314697265625
1.840,310,551,794,311,-10.0,44.0,41.0,25.695798873901367,-3.479003667831421,25.268552780151367,0.0185546875,0.135009765625,0.274169921875
1.840,310,606,920,312,-10.0,44.0,41.0,25.817869186401367,-2.3193359375,10.925292015075684,0.2303466796875,0.12109375,0.39794921875
1.848,310,688,1038,311,-10.0,44.0,41.0,37.109375,-4.5166015625,-10.864256858825684,0.136474609375,0.2755126953125,0.189453125
1.856,311,721,1133,313,-10.0,44.0,41.0,52.307125091552734,-9.1552734375,-32.16552734375,-0.3531494140625,0.5635986328125,-0.447265625
1.864,310,770,1211,313,-10.0,44.0,41.0,49.072261810302734,-14.648436546325684,-44.921871185302734,-0.9346923828125,0.7633056640625,-1.0126953125
1.881,311,826,1338,312,-10.0,44.0,41.0,18.798828125,-21.423337936401367,-49.499507904052734,-1.4468994140625,0.8955078125,-1.0633544921875
1.886,312,861,1387,314,-10.0,44.0,41.0,-31.921384811401367,-31.433103561401367,-50.964351654052734,-1.8719482421875,0.926025390625,-0.6363525390625
1.900,311,889,1416,312,-13.0,42.0,44.0,-85.38817596435547,-41.076656341552734,-49.377437591552734,-2.20361328125,0.712646484375,-0.0662841796875
1.908,310,888,1404,313,-13.0,42.0,44.0,-112.30467987060547,-41.015621185302734,-38.2080078125,-2.409423828125,0.4217529296875,0.32080078125
1.916,310,873,1374,312,-13.0,42.0,44.0,-96.67967987060547,-27.221677780151367,-14.831542015075684,-2.3115234375,0.338134765625,0.4266357421875
1.936,310,864,1349,312,-13.0,42.0,44.0,-47.180171966552734,-4.69970703125,10.253905296325684,-1.6138916015625,0.187255859375,0.4647216796875
1.938,310,832,1289,312,-13.0,42.0,44.0,22.216794967651367,20.263669967651367,23.193357467651367,-0.859375,0.254638671875,0.27001953125
1.946,315,827,1297,312,-13.0,42.0,44.0,73.66943359375,36.1328125,21.911619186401367,-0.7164306640625,0.77490234375,-0.266845703125
1.954,310,822,1305,313,-13.0,42.0,44.0,68.359375,32.1044921875,6.042479991912842,-1.0213623046875,1.0859375,-0.7099609375
1.967,310,808,1260,312,-13.0,42.0,44.0,18.4326171875,12.634276390075684,-17.39501953125,-1.505859375,1.0322265625,-0.763671875
1.981,311,782,1219,312,-13.0,42.0,44.0,-39.55078125,-11.108397483825684,-30.883787155151367,-1.8828125,0.7738037109375,-0.4437255859375
1.984,310,764,1178,312,-13.0,42.0,44.0,-72.998046875,-26.184080123901367,-27.648923873901367,-1.97607421875,0.468017578125,-0.0364990234375
1.998,310,715,1092,312,-9.0,40.0,46.0,-69.7021484375,-25.207517623901367,-12.939452171325684,-1.8409423828125,0.314208984375,0.2265625
2.014,310,688,1022,311,-9.0,40.0,46.0,-40.527339935302734,-12.695311546325684,5.432128429412842,-1.5865478515625,0.3958740234375,0.30712890625
2.014,310,654,960,312,-9.0,40.0,46.0,-5.493163585662842,1.5258787870407104,20.080564498901367,-1.2725830078125,0.537841796875,0.2701416015625
2.029,310,578,833,311,-9.0,40.0,46.0,20.935056686401367,11.657713890075684,25.024412155151367,-0.9395751953125,0.535888671875,0.18359375
2.039,310,535,771,312,-9.0,40.0,46.0,39.24560546875,17.88330078125,19.4091796875,-0.6151123046875,0.439208984375,0.060302734375
2.044,309,504,725,310,-9.0,40.0,46.0,54.199214935302734,23.254392623901367,7.812499523162842,-0.392333984375,0.37255859375,-0.1123046875
2.058,310,447,629,311,-9.0,40.0,46.0,59.875484466552734,26.550291061401367,-4.638671875,-0.32568359375,0.3648681640625,-0.2691650390625
2.066,310,411,594,311,-9.0,40.0,46.0,47.790523529052734,23.498533248901367,-15.686034202575684,-0.362548828125,0.2852783203125,-0.29052734375
2.074,314,391,574,311,-9.0,40.0,46.0,26.000974655151367,15.624999046325684,-26.123044967651367,-0.4212646484375,0.051025390625,-0.23876953125
2.088,311,372,551,310,-9.0,40.0,46.0,14.160155296325684,11.047362327575684,-34.48486328125,-0.458251953125,-0.1005859375,-0.2474365234375
2.096,309,377,549,312,-10.0,42.0,41.0,14.587401390075684,10.131834983825684,-34.97314453125,-0.491943359375,-0.00537109375,-0.2408447265625
2.104,310,368,547,310,-10.0,42.0,41.0,13.244627952575684,4.638671875,-28.198240280151367,-0.53076171875,0.1676025390625,-0.13818359375
2.120,308,364,549,310,-10.0,42.0,41.0,5.249022960662842,-5.310058116912842,-21.179197311401367,-0.60546875,0.3316650390625,-0.004150390625
2.128,310,364,552,311,-10.0,42.0,41.0,-3.601073980331421,-12.023924827575684,-17.2119140625,-0.60546875,0.3316650390625,-0.004150390625
2.139,310,364,562,310,-10.0,42.0,41.0,-9.70458984375,-13.366698265075684,-14.953612327575684,-0.640869140625,0.3709716796875,-0.0302734375
2.147,309,371,572,310,-10.0,42.0,41.0,-12.573241233825684,-13.427733421325684,-12.634276390075684,-0.68701171875,0.401611328125,-0.016357421875
2.156,307,372,583,312,-10.0,42.0,41.0,-14.099120140075684,-14.465331077575684,-9.6435546875,-0.68701171875,0.401611328125,-0.016357421875
2.171,310,374,588,311,-10.0,42.0,41.0,-15.991209983825684,-15.197752952575684,-6.530761241912842,-0.7197265625,0.3587646484375,0.0323486328125
2.178,308,382,593,311,-10.0,42.0,41.0,-17.27294921875,-13.610838890075684,-3.601073980331421,-0.7647705078125,0.256591796875,0.056396484375
2.186,310,387,601,310,-10.0,42.0,41.0,-16.54052734375,-9.70458984375,-0.1220703050494194,-0.7647705078125,0.256591796875,0.056396484375
2.194,309,396,604,311,-9.0,42.0,42.0,-14.465331077575684,-5.920409679412842,4.69970703125,-0.7841796875,0.26123046875,0.0460205078125
2.208,310,405,614,310,-9.0,42.0,42.0,-11.718749046325684,-3.662109136581421,10.559081077575684,-0.7994384765625,0.3050537109375,0.01123046875
2.224,310,409,622,311,-9.0,42.0,42.0,-7.751464366912842,-2.01416015625,15.930174827575684,-0.7994384765625,0.3050537109375,0.01123046875
2.225,310,419,634,311,-9.0,42.0,42.0,-2.990722417831421,-0.54931640625,19.83642578125,-0.78271484375,0.3197021484375,-0.0189208984375
2.246,310,451,644,310,-9.0,42.0,42.0,1.03759765625,0.4272460639476776,22.094724655151367,-0.744384765625,0.395751953125,-0.0628662109375
2.247,310,457,644,310,-9.0,42.0,42.0,3.417968511581421,0.4882812201976776,23.559568405151367,-0.7208251953125,0.4130859375,-0.0611572265625
2.254,310,469,644,310,-9.0,42.0,42.0,1.7089842557907104,-0.7934569716453552,23.559568405151367,-0.7208251953125,0.4130859375,-0.0611572265625
2.268,310,491,695,312,-9.0,42.0,42.0,-11.230467796325684,-3.234863042831421,19.1650390625,-0.6739501953125,0.3221435546875,-0.0570068359375
2.276,310,508,723,312,-9.0,42.0,42.0,-11.230467796325684,-3.234863042831421,19.1650390625,-0.6312255859375,0.3292236328125,-0.0596923828125
2.285,310,531,756,311,-9.0,42.0,42.0,-13.000487327575684,-4.45556640625,17.39501953125,-0.6312255859375,0.3292236328125,-0.0596923828125
2.298,310,576,832,312,-7.0,39.0,46.0,-9.6435546875,-8.23974609375,10.925292015075684,-0.4525146484375,0.2320556640625,-0.010986328125
2.306,309,613,891,311,-7.0,39.0,46.0,-9.6435546875,-8.23974609375,10.925292015075684,-0.4453125,0.1197509765625,0.047607421875
2.318,310,644,980,312,-7.0,39.0,46.0,-5.737304210662842,-9.8876953125,5.065917491912842,-0.4453125,0.1197509765625,0.047607421875
2.327,310,702,1091,311,-7.0,39.0,46.0,9.1552734375,-13.732909202575684,-14.770506858825684,-0.7474365234375,0.186767578125,-0.0645751953125
2.346,310,739,1151,313,-7.0,39.0,46.0,9.1552734375,-13.732909202575684,-14.770506858825684,-1.0145263671875,0.4375,-0.2694091796875
2.346,310,777,1206,312,-7.0,39.0,46.0,13.122557640075684,-16.6015625,-22.644041061401367,-1.0145263671875,0.4375,-0.2694091796875
2.358,309,822,1287,312,-7.0,39.0,46.0,-22.521970748901367,-20.263669967651367,-23.437498092651367,-1.443359375,0.827880859375,-0.3057861328125
2.366,310,830,1323,314,-7.0,39.0,46.0,-22.521970748901367,-20.263669967651367,-23.437498092651367,-1.695556640625,0.93603515625,-0.1619873046875
2.374,312,846,1326,313,-7.0,39.0,46.0,-51.269527435302734,-19.775390625,-19.59228515625,-1.695556640625,0.93603515625,-0.1619873046875
2.389,310,835,1292,311,-6.0,40.0,42.0,-74.40185546875,-15.136717796325684,-7.995604991912842,-1.9298095703125,0.52685546875,0.25927734375
2.398,310,827,1266,313,-6.0,40.0,42.0,-51.940914154052734,-4.94384765625,1.5258787870407104,-1.423095703125,0.1060791015625,0.462646484375
2.404,310,813,1226,313,-6.0,40.0,42.0,-51.940914154052734,-4.94384765625,1.5258787870407104,-0.88671875,0.1136474609375,0.3489990234375
2.422,310,794,1209,312,-6.0,40.0,42.0,47.973628997802734,24.597166061401367,14.465331077575684,-0.83349609375,0.6444091796875,-0.1053466796875
2.443,310,790,1189,314,-6.0,40.0,42.0,57.128902435302734,24.047849655151367,4.0283203125,-1.1688232421875,1.07275390625,-0.495361328125
2.443,310,780,1160,312,-6.0,40.0,42.0,57.128902435302734,24.047849655151367,4.0283203125,-1.572265625,1.0479736328125,-0.5545654296875
2.452,310,754,1087,312,-6.0,40.0,42.0,-23.254392623901367,-5.126952648162842,-37.17041015625,-1.798583984375,0.7117919921875,-0.3427734375
2.456,311,728,1026,314,-6.0,40.0,42.0,-49.133296966552734,-15.502928733825684,-38.87939453125,-1.807373046875,0.431640625,-0.0794677734375
2.464,310,703,968,312,-6.0,40.0,42.0,-49.133296966552734,-15.502928733825684,-38.87939453125,-1.6881103515625,0.403076171875,0.075439453125
2.478,310,650,879,311,-6.0,40.0,42.0,-30.456541061401367,-10.620116233825684,-6.958007335662842,-1.49853515625,0.4681396484375,0.122314453125
2.490,311,620,826,312,-6.0,39.0,44.0,-10.864256858825684,-1.2817381620407104,5.432128429412842,-1.2269287109375,0.43505859375,0.1451416015625
2.495,310,585,777,312,-6.0,39.0,44.0,-10.864256858825684,-1.2817381620407104,5.432128429412842,-0.9053955078125,0.322509765625,0.1630859375
2.511,310,522,694,312,-6.0,39.0,44.0,20.568845748901367,15.686034202575684,10.681151390075684,-0.6126708984375,0.193603515625,0.1619873046875
2.532,309,488,644,312,-6.0,39.0,44.0,34.97314453125,18.798828125,9.3994140625,-0.4100341796875,0.1326904296875,0.1180419921875
2.551,293,444,629,311,-6.0,39.0,44.0,34.97314453125,18.798828125,9.3994140625,-0.3118896484375,0.1561279296875,0.0330810546875
2.555,309,413,599,311,-6.0,39.0,44.0,57.678218841552734,19.775390625,-3.906249761581421,-0.3228759765625,0.17138671875,-0.025390625
2.555,309,391,588,310,-6.0,39.0,44.0,55.297847747802734,17.2119140625,-14.648436546325684,-0.3944091796875,0.0960693359375,-0.0335693359375
2.555,310,382,590,310,-6.0,39.0,44.0,50.109859466552734,14.282225608825684,-23.437498092651367,-0.4786376953125,-0.0006103515625,-0.07666015625
2.568,310,381,577,311,-6.0,39.0,44.0,48.339839935302734,13.610838890075684,-25.268552780151367,-0.564453125,0.0538330078125,-0.165771484375
2.576,310,372,580,310,-6.0,39.0,44.0,44.921871185302734,11.718749046325684,-19.59228515625,-0.6279296875,0.2432861328125,-0.22021484375
2.584,309,371,582,311,-6.0,39.0,44.0,34.48486328125,6.652831554412842,-11.657713890075684,-0.676025390625,0.427490234375,-0.2265625
2.598,310,372,587,309,-8.0,40.0,43.0,21.179197311401367,0.4272460639476776,-6.164550304412842,-0.7066650390625,0.5020751953125,-0.191650390625
2.606,308,373,594,311,-8.0,40.0,43.0,9.765625,-4.69970703125,-4.8828125,-0.7100830078125,0.4422607421875,-0.1346435546875
2.614,310,373,591,310,-8.0,40.0,43.0,2.563476324081421,-7.629394054412842,-5.981444835662842,-0.7105712890625,0.3551025390625,-0.075439453125
2.630,310,382,592,311,-8.0,40.0,43.0,-0.1831054538488388,-8.6669921875,-5.187987804412842,-0.7232666015625,0.323486328125,-0.001953125
2.662,311,386,604,310,-8.0,40.0,43.0,-0.4272460639476776,-8.48388671875,-2.0751953125,-0.7435302734375,0.2945556640625,0.06787109375
2.663,308,388,601,311,-8.0,40.0,43.0,-0.7934569716453552,-6.652831554412842,1.3427733182907104,-0.7664794921875,0.25,0.088623046875
2.663,310,399,604,299,-8.0,40.0,43.0,-1.2817381620407104,-3.295898199081421,5.126952648162842,-0.7916259765625,0.246337890625,0.0609130859375
2.666,308,402,606,310,-8.0,40.0,43.0,-0.6103515625,-0.1831054538488388,9.6435546875,-0.8131103515625,0.2742919921875,0.01708984375
2.674,309,409,607,311,-8.0,40.0,43.0,0.8544921278953552,1.4038084745407104,14.404295921325684,-0.8131103515625,0.285400390625,-0.01416015625
2.688,310,432,601,310,-8.0,39.0,42.0,3.112792730331421,1.03759765625,19.04296875,-0.7933349609375,0.282470703125,-0.039306640625
2.696,310,437,606,311,-8.0,39.0,42.0,7.629394054412842,-0.6103515625,23.315427780151367,-0.785888671875,0.2998046875,-0.0841064453125
2.704,310,451,616,312,-8.0,39.0,42.0,12.512206077575684,-2.197265625,26.855466842651367,-0.8017578125,0.36083984375,-0.1278076171875
2.718,310,477,618,311,-8.0,39.0,42.0,12.268065452575684,-3.356933355331421,29.052732467651367,-0.79248046875,0.4083251953125,-0.1337890625
2.734,309,491,635,311,-8.0,39.0,42.0,5.065917491912842,-3.967284917831421,28.686521530151367,-0.751220703125,0.3843994140625,-0.11962890625
2.734,310,502,657,310,-8.0,39.0,42.0,-5.615233898162842,-4.45556640625,26.916501998901367,-0.7005615234375,0.3480224609375,-0.100341796875
2.767,310,543,730,310,-8.0,39.0,42.0,-14.648436546325684,-5.615233898162842,25.451658248901367,-0.613525390625,0.33203125,-0.0545654296875
2.767,309,566,767,296,-8.0,39.0,42.0,-20.324705123901367,-6.713866710662842,23.681638717651367,-0.520263671875,0.28173828125,0.017822265625
2.768,310,576,808,313,-8.0,39.0,42.0,-22.766111373901367,-8.9111328125,19.71435546875,-0.4522705078125,0.1441650390625,0.1173095703125
2.778,310,640,944,312,-8.0,39.0,42.0,-20.080564498901367,-13.854979515075684,12.451170921325684,-0.4019775390625,-0.03369140625,0.20263671875
2.786,311,675,1025,312,-9.0,42.0,39.0,-8.9111328125,-19.47021484375,2.929687261581421,-0.403564453125,-0.06640625,0.203369140625
2.794,310,707,1098,314,-9.0,42.0,39.0,9.3994140625,-22.277830123901367,-8.48388671875,-0.513671875,0.167236328125,0.0787353515625
2.808,310,771,1228,312,-9.0,42.0,39.0,23.193357467651367,-21.301267623901367,-20.568845748901367,-0.7352294921875,0.5296630859375,-0.12646484375
2.816,310,809,1282,313,-9.0,42.0,39.0,18.1884765625,-17.88330078125,-28.686521530151367,-1.0699462890625,0.800537109375,-0.3109130859375
2.832,311,834,1312,313,-9.0,42.0,39.0,-6.896972179412842,-14.160155296325684,-29.052732467651367,-1.509033203125,0.931396484375,-0.4073486328125
2.838,310,861,1361,312,-9.0,42.0,39.0,-38.4521484375,-12.207030296325684,-23.254392623901367,-1.941162109375,0.932861328125,-0.374755859375
2.861,310,854,1323,314,-9.0,42.0,39.0,-60.485836029052734,-12.634276390075684,-14.831542015075684,-2.2020263671875,0.7786865234375,-0.1793212890625
2.861,310,846,1311,313,-9.0,42.0,39.0,-62.927242279052734,-11.779784202575684,-3.967284917831421,-2.086669921875,0.4769287109375,0.152099609375
2.868,310,816,1260,312,-9.0,42.0,39.0,-41.442867279052734,-2.929687261581421,7.873534679412842,-0.8504638671875,0.1202392578125,0.4462890625
2.876,310,813,1245,312,-9.0,42.0,39.0,4.5166015625,14.038084983825684,16.90673828125,-0.8504638671875,0.1202392578125,0.4462890625
2.884,311,806,1239,313,-9.0,40.0,42.0,49.987789154052734,27.099607467651367,18.4326171875,-0.8184814453125,0.7239990234375,-0.0670166015625
2.898,310,790,1204,311,-9.0,40.0,42.0,56.945796966552734,26.062009811401367,5.432128429412842,-1.635498046875,1.058837890625,-0.5892333984375
2.906,310,772,1162,314,-9.0,40.0,42.0,19.6533203125,13.244627952575684,-18.06640625,-1.635498046875,1.058837890625,-0.5892333984375
2.914,310,753,1123,312,-9.0,40.0,42.0,-29.235837936401367,-1.8920897245407104,-35.15625,-1.822265625,0.6663818359375,-0.304443359375
2.933,310,703,1025,312,-9.0,40.0,42.0,-53.771968841552734,-10.253905296325684,-36.07177734375,-1.6114501953125,0.423828125,0.1019287109375
2.936,310,664,971,313,-9.0,40.0,42.0,-47.546382904052734,-8.72802734375,-23.925779342651367,-1.6114501953125,0.423828125,0.1019287109375
2.971,312,631,917,314,-9.0,40.0,42.0,-27.343748092651367,-1.03759765625,-9.033203125,-1.42041015625,0.504150390625,0.0699462890625
2.974,310,582,819,311,-9.0,40.0,42.0,-7.263183116912842,7.446288585662842,0.4882812201976776,-0.881591796875,0.2919921875,0.0450439453125
2.974,287,524,771,310,-9.0,40.0,42.0,9.09423828125,14.343260765075684,5.493163585662842,-0.881591796875,0.2919921875,0.0450439453125
2.974,310,513,713,312,-9.0,40.0,42.0,20.935056686401367,18.310546875,8.60595703125,-0.5975341796875,0.140380859375,0.0814208984375
2.987,310,467,677,312,-9.0,41.0,39.0,31.799314498901367,18.5546875,9.3994140625,-0.3255615234375,0.088134765625,0.091552734375
2.996,310,438,647,311,-9.0,41.0,39.0,44.982906341552734,16.2353515625,6.835937023162842,-0.3255615234375,0.088134765625,0.091552734375
3.004,310,411,621,310,-9.0,41.0,39.0,56.396480560302734,14.343260765075684,1.0986328125,-0.3486328125,0.1807861328125,0.008544921875
3.018,308,382,594,310,-9.0,41.0,39.0,52.978511810302734,10.864256858825684,-16.357421875,-0.4833984375,0.0750732421875,0.025634765625
3.026,310,373,578,310,-9.0,41.0,39.0,52.978511810302734,10.864256858825684,-16.357421875,-0.5474853515625,0.059814453125,-0.0301513671875
3.037,310,379,574,310,-9.0,41.0,39.0,50.170894622802734,11.657713890075684,-21.118162155151367,-0.5474853515625,0.059814453125,-0.0301513671875
3.081,308,379,568,310,-9.0,41.0,39.0,45.654293060302734,13.366698265075684,-11.535643577575684,-0.679443359375,0.3843994140625,-0.217041015625
3.082,310,380,579,310,-9.0,41.0,39.0,45.654293060302734,13.366698265075684,-11.535643577575684,-0.7320556640625,0.486083984375,-0.2523193359375
3.082,310,382,579,311,-9.0,41.0,39.0,38.2080078125,8.60595703125,-4.21142578125,-0.7320556640625,0.486083984375,-0.2523193359375
3.082,310,387,578,311,-9.0,41.0,39.0,16.9677734375,0.2441406100988388,2.807616949081421,-0.7452392578125,0.314208984375,-0.1236572265625
3.086,310,391,578,311,-9.0,39.0,44.0,16.9677734375,0.2441406100988388,2.807616949081421,-0.7698974609375,0.2734375,-0.027587890625
3.094,310,393,582,311,-9.0,39.0,44.0,10.620116233825684,0.0610351525247097,5.554198741912842,-0.7698974609375,0.2734375,-0.027587890625
3.108,310,398,584,310,-9.0,39.0,44.0,10.253905296325684,0.1220703050494194,10.742186546325684,-0.8271484375,0.2991943359375,0.049560546875
3.119,310,400,580,312,-9.0,39.0,44.0,10.253905296325684,0.1220703050494194,10.742186546325684,-0.841796875,0.3212890625,0.0101318359375
3.124,310,407,578,312,-9.0,39.0,44.0,11.047362327575684,1.15966796875,13.183592796325684,-0.841796875,0.3212890625,0.0101318359375
3.138,310,413,578,310,-9.0,39.0,44.0,11.047362327575684,3.662109136581421,17.9443359375,-0.8310546875,0.3358154296875,-0.0635986328125
3.146,310,415,579,310,-9.0,39.0,44.0,11.047362327575684,3.662109136581421,17.9443359375,-0.82568359375,0.3436279296875,-0.09228515625
3.165,309,420,585,311,-9.0,39.0,44.0,9.27734375,4.69970703125,18.9208984375,-0.8321533203125,0.3662109375,-0.1324462890625
3.168,309,433,587,310,-9.0,39.0,44.0,7.751464366912842,5.798339366912842,19.22607421875,-0.855712890625,0.384033203125,-0.166748046875
3.186,309,434,586,311,-9.0,39.0,44.0,2.197265625,6.103515148162842,21.362302780151367,-0.8466796875,0.3780517578125,-0.157958984375
3.186,310,441,590,311,-9.0,39.0,46.0,2.197265625,6.103515148162842,21.362302780151367,-0.7813720703125,0.327392578125,-0.1138916015625
3.198,310,465,614,310,-9.0,39.0,46.0,-15.075682640075684,6.286620616912842,25.085447311401367,-0.6929931640625,0.2608642578125,-0.073486328125
3.206,310,473,622,311,-9.0,39.0,46.0,-14.282225608825684,4.45556640625,25.207517623901367,-0.5927734375,0.23974609375,-0.0521240234375
3.214,310,490,636,312,-9.0,39.0,46.0,-14.282225608825684,4.45556640625,25.207517623901367,-0.4644775390625,0.2603759765625,-0.0374755859375
3.228,310,533,736,310,-9.0,39.0,46.0,-2.807616949081421,-0.1831054538488388,23.071287155151367,-0.323974609375,0.2918701171875,0.007568359375
3.240,310,561,816,312,-9.0,39.0,46.0,-5.981444835662842,-1.6479490995407104,16.9677734375,-0.2330322265625,0.3115234375,0.0875244140625
3.244,310,587,891,311,-9.0,39.0,46.0,-5.981444835662842,-1.6479490995407104,16.9677734375,-0.218017578125,0.2933349609375,0.1138916015625
3.269,310,645,1042,312,-9.0,39.0,46.0,-12.939452171325684,-9.033203125,-16.9677734375,-0.3397216796875,0.2681884765625,-0.01513671875
3.269,312,660,1133,310,-9.0,39.0,46.0,-18.1884765625,-17.39501953125,-36.80419921875,-0.6390380859375,0.3377685546875,-0.24755859375
3.274,310,728,1204,313,-9.0,39.0,46.0,-18.1884765625,-17.39501953125,-36.80419921875,-1.0528564453125,0.46533203125,-0.401611328125
3.288,310,785,1284,312,-7.0,40.0,45.0,-49.133296966552734,-29.479978561401367,-49.194332122802734,-1.4923095703125,0.5382080078125,-0.371826171875
3.297,310,809,1320,314,-7.0,40.0,45.0,-71.47216796875,-29.174802780151367,-42.663570404052734,-1.83837890625,0.525146484375,-0.1885986328125
3.304,310,823,1342,312,-7.0,40.0,45.0,-85.87645721435547,-25.451658248901367,-29.968259811401367,-2.0302734375,0.53076171875,-0.0040283203125
3.318,310,818,1309,312,-7.0,40.0,45.0,-80.2001953125,-17.578125,-11.901854515075684,-2.097412109375,0.626220703125,0.0836181640625
3.326,311,806,1286,313,-7.0,40.0,45.0,-60.119625091552734,-5.737304210662842,6.835937023162842,-1.819580078125,0.5146484375,0.2196044921875
3.334,310,793,1254,313,-7.0,40.0,45.0,-30.578611373901367,10.131834983825684,19.287109375,-1.19140625,0.24755859375,0.3568115234375
3.348,310,780,1239,312,-7.0,40.0,45.0,12.817381858825684,24.230955123901367,23.498533248901367,-0.789306640625,0.445556640625,0.170166015625
3.372,311,770,1228,312,-7.0,40.0,45.0,48.706050872802734,26.855466842651367,16.4794921875,-0.93701171875,0.958740234375,-0.3037109375
3.373,310,763,1202,314,-7.0,40.0,45.0,45.654293060302734,17.2119140625,-4.08935546875,-1.337646484375,1.0965576171875,-0.6002197265625
3.378,312,730,1156,313,-7.0,40.0,45.0,9.94873046875,2.685546636581421,-26.672361373901367,-1.626220703125,0.814208984375,-0.515380859375
3.392,311,705,1096,313,-7.0,40.0,44.0,-23.925779342651367,-9.21630859375,-36.376953125,-1.7109375,0.517822265625,-0.2646484375
3.394,310,676,1050,312,-7.0,40.0,44.0,-36.7431640625,-14.038084983825684,-30.883787155151367,-1.6590576171875,0.4337158203125,-0.0948486328125
3.412,310,631,948,312,-7.0,40.0,44.0,-34.423828125,-11.413573265075684,-19.34814453125,-1.5462646484375,0.4688720703125,-0.0540771484375
3.416,310,601,878,312,-7.0,40.0,44.0,-26.000974655151367,-5.554198741912842,-10.009765625,-1.36865234375,0.4742431640625,-0.0341796875
3.424,311,574,814,312,-7.0,40.0,44.0,-15.441893577575684,-0.54931640625,-4.45556640625,-1.11865234375,0.3858642578125,0.0155029296875
3.446,310,517,726,311,-7.0,40.0,44.0,-5.798339366912842,3.540038824081421,-0.6103515625,-0.839599609375,0.2178955078125,0.081298828125
3.446,294,490,680,312,-7.0,40.0,44.0,3.112792730331421,7.141112804412842,2.44140625,-0.5926513671875,0.0506591796875,0.1431884765625
3.454,310,467,636,312,-7.0,40.0,44.0,15.563963890075684,9.70458984375,3.784179449081421,-0.411376953125,0.01513671875,0.1683349609375
3.479,310,417,601,310,-7.0,40.0,44.0,30.151365280151367,11.535643577575684,2.807616949081421,-0.337646484375,0.140625,0.1173095703125
3.480,310,380,583,311,-7.0,40.0,44.0,38.6962890625,13.122557640075684,-1.0986328125,-0.375,0.2725830078125,0.0234375
3.484,310,387,587,310,-7.0,39.0,44.0,36.19384765625,13.366698265075684,-8.36181640625,-0.4498291015625,0.256103515625,0.0106201171875
3.498,309,380,582,310,-7.0,39.0,44.0,27.099607467651367,10.681151390075684,-16.78466796875,-0.5093994140625,0.16162109375,0.069580078125
3.506,310,380,574,310,-7.0,39.0,44.0,19.95849609375,7.446288585662842,-21.606443405151367,-0.552001953125,0.145263671875,0.06103515625
3.514,310,372,566,310,-7.0,39.0,44.0,16.78466796875,6.591796398162842,-20.324705123901367,-0.6015625,0.2193603515625,-0.0330810546875
3.527,310,378,572,311,-7.0,39.0,44.0,14.831542015075684,7.202147960662842,-15.136717796325684,-0.6561279296875,0.305908203125,-0.1368408203125
3.536,310,382,574,310,-7.0,39.0,44.0,12.573241233825684,6.958007335662842,-10.009765625,-0.7032470703125,0.3428955078125,-0.1925048828125
3.549,308,384,574,311,-7.0,39.0,44.0,9.3994140625,4.8828125,-6.713866710662842,-0.748779296875,0.3458251953125,-0.1845703125
3.561,308,387,578,310,-7.0,39.0,44.0,5.859374523162842,1.3427733182907104,-4.45556640625,-0.790283203125,0.3519287109375,-0.1409912109375
3.574,310,390,575,311,-7.0,39.0,44.0,3.051757574081421,-2.3193359375,-2.50244140625,-0.8182373046875,0.3336181640625,-0.0906982421875
3.574,310,394,551,286,-7.0,39.0,44.0,1.15966796875,-4.39453125,-0.30517578125,-0.835693359375,0.2818603515625,-0.0538330078125
3.588,310,407,572,310,-8.0,39.0,41.0,-0.30517578125,-4.45556640625,3.234863042831421,-0.84765625,0.23583984375,-0.0360107421875
3.596,310,411,574,310,-8.0,39.0,41.0,-2.13623046875,-3.234863042831421,8.11767578125,-0.849609375,0.2176513671875,-0.0318603515625
3.604,309,414,567,312,-8.0,39.0,41.0,-3.173827886581421,-1.5869139432907104,13.305663108825684,-0.850341796875,0.2303466796875,-0.039306640625
3.618,310,428,579,311,-8.0,39.0,41.0,-1.3427733182907104,-0.8544921278953552,17.822265625,-0.8463134765625,0.27734375,-0.0474853515625
3.626,310,433,578,312,-8.0,39.0,41.0,3.479003667831421,-1.7700194120407104,21.057126998901367,-0.83251953125,0.3408203125,-0.0601806640625
3.634,310,442,590,311,-8.0,39.0,41.0,7.385253429412842,-3.479003667831421,22.705076217651367,-0.83251953125,0.386474609375,-0.0916748046875
3.649,310,465,606,310,-8.0,39.0,41.0,6.164550304412842,-4.638671875,23.742673873901367,-0.769287109375,0.3521728515625,-0.088623046875
3.656,312,478,614,311,-8.0,39.0,41.0,-1.4648436307907104,-4.5166015625,24.658201217651367,-0.769287109375,0.3521728515625,-0.088623046875
3.679,311,485,634,312,-8.0,39.0,41.0,-11.779784202575684,-3.479003667831421,24.841306686401367,-0.703369140625,0.283935546875,-0.0498046875
3.679,293,519,685,312,-9.0,40.0,49.0,-18.37158203125,-3.356933355331421,24.780271530151367,-0.66845703125,0.3231201171875,0.0098876953125
3.686,310,537,730,312,-9.0,40.0,49.0,-19.22607421875,-5.065917491912842,23.742673873901367,-0.66845703125,0.3231201171875,0.0098876953125
3.694,310,557,780,312,-9.0,40.0,49.0,-17.39501953125,-7.873534679412842,20.385740280151367,-0.6458740234375,0.3223876953125,0.04833984375
3.710,310,594,877,312,-9.0,40.0,49.0,-16.41845703125,-10.620116233825684,15.014647483825684,-0.4620361328125,0.0587158203125,0.1683349609375
3.718,311,622,939,312,-9.0,40.0,49.0,-14.099120140075684,-13.305663108825684,8.85009765625,-0.4620361328125,0.0587158203125,0.1683349609375
3.724,310,644,996,312,-9.0,40.0,49.0,-2.13623046875,-15.991209983825684,2.38037109375,-0.4293212890625,0.053955078125,0.1285400390625
3.738,310,700,1109,312,-9.0,40.0,49.0,17.27294921875,-17.9443359375,-4.08935546875,-0.75830078125,0.574462890625,-0.22314453125
3.754,310,726,1162,314,-9.0,40.0,49.0,27.465818405151367,-19.22607421875,-11.230467796325684,-0.75830078125,0.574462890625,-0.22314453125
3.756,310,757,1219,314,-9.0,40.0,49.0,16.05224609375,-19.775390625,-19.1650390625,-1.06982421875,0.6934814453125,-0.3585205078125
3.770,310,805,1285,312,-9.0,40.0,49.0,-10.986327171325684,-19.47021484375,-24.902341842651367,-1.667724609375,0.5318603515625,-0.2552490234375
3.783,310,820,1308,312,-5.0,41.0,43.0,-37.109375,-19.287109375,-25.024412155151367,-1.8253173828125,0.5750732421875,-0.112060546875
3.785,310,833,1310,313,-5.0,41.0,43.0,-50.415035247802734,-18.9208984375,-17.2119140625,-1.8253173828125,0.5750732421875,-0.112060546875
3.793,310,822,1284,313,-5.0,41.0,43.0,-49.743648529052734,-17.578125,-4.45556640625,-1.8544921875,0.6630859375,0.042236328125
3.807,310,794,1243,310,-5.0,41.0,43.0,-39.55078125,-14.221190452575684,6.164550304412842,-1.2022705078125,0.420654296875,0.271240234375
3.820,310,780,1225,314,-5.0,41.0,43.0,-16.845703125,-5.859374523162842,8.85009765625,-1.2022705078125,0.420654296875,0.271240234375
3.824,311,779,1211,313,-5.0,41.0,43.0,16.9677734375,5.493163585662842,3.723144292831421,-0.87255859375,0.458740234375,0.1102294921875
3.837,312,767,1162,313,-5.0,41.0,43.0,37.7197265625,10.803221702575684,-6.164550304412842,-1.4498291015625,0.8975830078125,-0.3388671875
3.845,311,753,1131,313,-5.0,41.0,43.0,24.597166061401367,6.652831554412842,-18.9208984375,-1.7532958984375,0.7310791015625,-0.261474609375
3.861,310,739,1092,312,-5.0,41.0,43.0,-11.718749046325684,-0.7934569716453552,-30.883787155151367,-1.7532958984375,0.7310791015625,-0.261474609375
3.886,310,685,989,314,-5.0,41.0,43.0,-49.926753997802734,-3.967284917831421,-26.428220748901367,-1.69189453125,0.4344482421875,-0.0350341796875
3.886,310,636,932,313,-7.0,39.0,45.0,-49.926753997802734,-3.967284917831421,-26.428220748901367,-1.5352783203125,0.4521484375,0.005126953125
3.886,294,621,858,296,-7.0,39.0,45.0,-41.442867279052734,-1.3427733182907104,-12.512206077575684,-1.5352783203125,0.4521484375,0.005126953125
3.897,310,568,796,312,-7.0,39.0,45.0,-10.742186546325684,9.1552734375,6.896972179412842,-1.07958984375,0.3048095703125,0.06982421875
3.905,310,537,740,313,-7.0,39.0,45.0,-10.742186546325684,9.1552734375,6.896972179412842,-0.791259765625,0.1510009765625,0.1094970703125
3.913,311,501,691,311,-7.0,39.0,45.0,2.807616949081421,14.343260765075684,12.695311546325684,-0.791259765625,0.1510009765625,0.1094970703125
3.927,310,444,594,312,-7.0,39.0,45.0,30.578611373901367,20.080564498901367,16.66259765625,-0.386962890625,0.033203125,0.162109375
3.936,311,419,564,312,-7.0,39.0,45.0,30.578611373901367,20.080564498901367,16.66259765625,-0.3590087890625,0.0758056640625,0.1151123046875
3.943,310,391,546,311,-7.0,39.0,45.0,47.729488372802734,22.155759811401367,12.207030296325684,-0.3590087890625,0.0758056640625,0.1151123046875
3.957,310,364,547,310,-7.0,39.0,45.0,65.673828125,18.1884765625,-8.60595703125,-0.441650390625,-0.037109375,0.128662109375
3.965,310,362,537,310,-7.0,39.0,45.0,65.673828125,18.1884765625,-8.60595703125,-0.4705810546875,0.0701904296875,-0.0377197265625
3.986,308,357,519,311,-7.0,39.0,45.0,67.32177734375,17.51708984375,-13.610838890075684,-0.4705810546875,0.0701904296875,-0.0377197265625
3.987,292,338,517,310,-9.0,40.0,44.0,49.621578216552734,20.751951217651367,-4.82177734375,-0.643798828125,0.4742431640625,-0.3529052734375
3.995,310,357,523,310,-9.0,40.0,44.0,31.860349655151367,13.977049827575684,2.0751953125,-0.7237548828125,0.5506591796875,-0.3387451171875
4.003,310,359,530,312,-9.0,40.0,44.0,31.860349655151367,13.977049827575684,2.0751953125,-0.7252197265625,0.4427490234375,-0.23193359375
4.017,310,363,533,310,-9.0,40.0,44.0,9.033203125,0.1220703050494194,6.286620616912842,-0.6934814453125,0.3221435546875,-0.1177978515625
4.027,310,362,535,312,-9.0,40.0,44.0,7.934569835662842,-0.1220703050494194,10.925292015075684,-0.6844482421875,0.28759765625,-0.01806640625
4.038,310,367,533,310,-9.0,40.0,44.0,7.934569835662842,-0.1220703050494194,10.925292015075684,-0.6956787109375,0.2828369140625,0.063232421875
4.047,310,373,519,312,-9.0,40.0,44.0,6.591796398162842,4.638671875,23.803709030151367,-0.7060546875,0.2672119140625,0.0975341796875
4.060,310,380,523,310,-9.0,40.0,44.0,3.662109136581421,9.27734375,29.052732467651367,-0.726806640625,0.2744140625,0.086181640625
4.063,308,386,523,312,-9.0,40.0,44.0,3.662109136581421,9.27734375,29.052732467651367,-0.7569580078125,0.3258056640625,0.0506591796875
4.089,310,394,531,310,-9.0,40.0,40.0,4.57763671875,13.305663108825684,31.982419967651367,-0.7965087890625,0.3909912109375,-0.0069580078125
4.090,310,402,532,311,-9.0,40.0,40.0,8.30078125,11.718749046325684,29.235837936401367,-0.841796875,0.452880859375,-0.064453125
4.093,311,419,522,310,-9.0,40.0,40.0,8.30078125,11.718749046325684,29.235837936401367,-0.864013671875,0.48681640625,-0.08642578125
4.107,310,424,543,310,-9.0,40.0,40.0,7.385253429412842,6.713866710662842,22.705076217651367,-0.88671875,0.482666015625,-0.1038818359375
4.115,310,435,537,310,-9.0,40.0,40.0,-0.4882812201976776,7.385253429412842,23.071287155151367,-0.9373779296875,0.453857421875,-0.1297607421875
4.123,310,441,535,310,-9.0,40.0,40.0,-0.4882812201976776,7.385253429412842,23.071287155151367,-0.9599609375,0.3740234375,-0.1053466796875
4.140,310,465,546,312,-9.0,40.0,40.0,-20.446775436401367,13.549803733825684,33.87451171875,-0.9200439453125,0.251953125,-0.0247802734375
4.145,311,473,554,310,-9.0,40.0,40.0,-18.798828125,16.7236328125,41.320796966552734,-0.8216552734375,0.176025390625,0.06689453125
4.153,310,479,574,311,-9.0,40.0,40.0,-6.713866710662842,16.41845703125,46.020503997802734,-0.67919921875,0.1817626953125,0.120361328125
4.167,310,509,600,310,-9.0,40.0,40.0,5.310058116912842,12.573241233825684,45.471187591552734,-0.521240234375,0.1962890625,0.12158203125
4.190,310,531,642,313,-9.0,39.0,37.0,8.7890625,7.446288585662842,39.55078125,-0.38134765625,0.207275390625,0.1197509765625
4.191,310,548,720,312,-9.0,39.0,37.0,8.4228515625,3.601073980331421,28.564451217651367,-0.3111572265625,0.28515625,0.1273193359375
4.198,311,601,827,312,-9.0,39.0,37.0,16.357421875,3.112792730331421,12.573241233825684,-0.3404541015625,0.461181640625,-0.0030517578125
4.205,310,632,907,312,-9.0,39.0,37.0,27.709959030151367,6.042479991912842,-5.981444835662842,-0.4586181640625,0.6212158203125,-0.400390625
4.213,310,664,942,313,-9.0,39.0,37.0,14.587401390075684,7.934569835662842,-21.972654342651367,-0.604248046875,0.559814453125,-0.8056640625
4.227,310,716,1071,311,-9.0,39.0,37.0,-27.465818405151367,3.234863042831421,-30.151365280151367,-0.6878662109375,0.3914794921875,-0.8255615234375
4.235,310,741,1147,312,-9.0,39.0,37.0,-66.34521484375,-7.751464366912842,-30.517576217651367,-0.7667236328125,0.3857421875,-0.50927734375
4.243,310,772,1204,313,-9.0,39.0,37.0,-81.72606658935547,-21.789548873901367,-28.991697311401367,-0.98095703125,0.567626953125,-0.1905517578125
4.265,310,814,1294,312,-9.0,39.0,37.0,-82.82469940185547,-34.5458984375,-29.052732467651367,-1.4132080078125,0.8701171875,-0.062744140625
4.266,310,826,1310,314,-9.0,39.0,37.0,-84.16747283935547,-42.358394622802734,-28.930662155151367,-1.98828125,1.095703125,-0.0836181640625
4.273,310,806,1260,312,-9.0,42.0,47.0,-89.35546112060547,-43.395992279052734,-24.291990280151367,-2.405517578125,0.95556640625,-0.0306396484375
4.292,310,793,1226,313,-9.0,42.0,47.0,-86.48680877685547,-35.58349609375,-12.878417015075684,-2.0885009765625,0.23779296875,0.350341796875
4.295,310,794,1215,312,-9.0,42.0,47.0,-49.743648529052734,-14.221190452575684,0.7934569716453552,-1.2015380859375,-0.4193115234375,0.710205078125
4.303,310,792,1211,312,-9.0,42.0,47.0,17.63916015625,13.732909202575684,15.930174827575684,-0.7762451171875,0.0045166015625,0.4466552734375
4.317,310,772,1201,314,-9.0,42.0,47.0,66.46728515625,28.137205123901367,24.841306686401367,-1.0789794921875,1.0460205078125,-0.25634765625
4.325,310,763,1178,312,-9.0,42.0,47.0,61.096187591552734,22.277830123901367,12.023924827575684,-1.5242919921875,1.4798583984375,-0.736328125
4.333,311,742,1149,313,-9.0,42.0,47.0,17.39501953125,5.493163585662842,-14.465331077575684,-1.66943359375,1.076416015625,-0.6605224609375
4.350,310,705,1081,312,-9.0,42.0,47.0,-22.949216842651367,-10.681151390075684,-31.005857467651367,-1.58056640625,0.4906005859375,-0.2789306640625
4.356,311,667,1037,312,-9.0,42.0,47.0,-34.60693359375,-18.98193359375,-27.893064498901367,-1.4698486328125,0.3017578125,0.004638671875
4.368,308,644,987,312,-9.0,42.0,47.0,-26.245115280151367,-17.51708984375,-12.634276390075684,-1.405029296875,0.47119140625,0.062744140625
4.377,310,592,873,312,-9.0,40.0,47.0,-16.11328125,-10.314940452575684,1.15966796875,-1.3118896484375,0.6053466796875,0.02734375
4.385,310,564,799,311,-9.0,40.0,47.0,-8.11767578125,-1.8920897245407104,7.202147960662842,-1.1275634765625,0.537841796875,0.0101318359375
4.399,310,527,740,312,-9.0,40.0,47.0,0.30517578125,6.347655773162842,9.033203125,-0.8682861328125,0.3343505859375,0.03076171875
4.407,310,480,673,312,-9.0,40.0,47.0,12.145995140075684,12.512206077575684,9.27734375,-0.594482421875,0.0887451171875,0.0675048828125
4.416,310,449,639,312,-9.0,40.0,47.0,32.04345703125,15.014647483825684,7.141112804412842,-0.38427734375,-0.0853271484375,0.0849609375
4.425,310,421,629,311,-9.0,40.0,47.0,57.373043060302734,14.221190452575684,2.685546636581421,-0.3056640625,-0.09716796875,0.0953369140625
4.438,309,391,594,311,-9.0,40.0,47.0,77.880859375,12.390135765075684,-4.33349609375,-0.3388671875,-0.0078125,0.0535888671875
4.445,310,381,564,312,-9.0,40.0,47.0,84.41161346435547,12.817381858825684,-13.244627952575684,-0.43798828125,0.0958251953125,-0.0655517578125
4.457,309,372,547,311,-9.0,40.0,47.0,73.79150390625,14.038084983825684,-17.63916015625,-0.5499267578125,0.250244140625,-0.1680908203125
4.469,309,370,523,311,-9.0,40.0,47.0,51.879878997802734,11.169432640075684,-14.648436546325684,-0.62548828125,0.486083984375,-0.1815185546875
4.475,311,364,510,311,-13.0,39.0,47.0,31.433103561401367,5.249022960662842,-8.9111328125,-0.62548828125,0.486083984375,-0.1815185546875
4.499,311,363,504,311,-13.0,39.0,47.0,21.911619186401367,1.03759765625,-3.723144292831421,-0.647705078125,0.4925537109375,-0.1571044921875
4.499,310,341,479,311,-13.0,39.0,47.0,20.874021530151367,-0.6103515625,0.6103515625,-0.6756591796875,0.4202880859375,-0.05126953125
4.505,310,363,502,310,-13.0,39.0,47.0,20.324705123901367,-0.7934569716453552,4.08935546875,-0.6756591796875,0.4202880859375,-0.05126953125
4.513,310,365,499,311,-13.0,39.0,47.0,17.333984375,0.3662109076976776,6.408690929412842,-0.686279296875,0.384033203125,0.008544921875
4.527,310,371,507,310,-13.0,39.0,47.0,13.122557640075684,2.13623046875,7.507323741912842,-0.7161865234375,0.3638916015625,0.0770263671875
4.536,308,372,513,311,-13.0,39.0,47.0,10.253905296325684,3.417968511581421,8.056640625,-0.7161865234375,0.3638916015625,0.0770263671875
4.543,310,377,521,312,-13.0,39.0,47.0,10.742186546325684,4.21142578125,9.1552734375,-0.735107421875,0.38525390625,0.0548095703125
4.574,310,391,530,311,-13.0,39.0,47.0,12.084959983825684,4.57763671875,11.108397483825684,-0.73388671875,0.4219970703125,-0.0570068359375
4.574,287,373,547,310,-13.0,39.0,47.0,9.521484375,4.21142578125,12.023924827575684,-0.73388671875,0.4219970703125,-0.0570068359375
4.574,311,382,525,314,-11.0,40.0,49.0,3.845214605331421,2.807616949081421,11.230467796325684,-0.7105712890625,0.3785400390625,-0.0888671875
4.599,309,411,578,312,-11.0,40.0,49.0,0.3662109076976776,0.1220703050494194,10.253905296325684,-0.6990966796875,0.3599853515625,-0.1015625
4.600,310,408,603,311,-11.0,40.0,49.0,2.44140625,-3.662109136581421,9.27734375,-0.6990966796875,0.3599853515625,-0.1015625
4.604,311,430,629,311,-11.0,40.0,49.0,6.591796398162842,-7.568358898162842,7.446288585662842,-0.7222900390625,0.3836669921875,-0.122314453125
4.617,310,465,678,312,-11.0,40.0,49.0,-4.45556640625,-11.718749046325684,3.906249761581421,-0.7156982421875,0.35546875,-0.1634521484375
4.625,312,483,705,312,-11.0,40.0,49.0,-4.45556640625,-11.718749046325684,3.906249761581421,-0.655517578125,0.3013916015625,-0.1357421875
4.633,310,493,740,312,-11.0,40.0,49.0,-16.2353515625,-11.169432640075684,4.150390625,-0.655517578125,0.3013916015625,-0.1357421875
4.651,310,539,832,311,-11.0,40.0,49.0,-27.954099655151367,-8.30078125,5.432128429412842,-0.4576416015625,0.2235107421875,0.0029296875
4.655,310,561,922,312,-11.0,40.0,49.0,-27.954099655151367,-8.30078125,5.432128429412842,-0.3482666015625,0.175537109375,0.058349609375
4.678,310,588,1013,312,-11.0,40.0,49.0,-32.958984375,-10.314940452575684,3.295898199081421,-0.3482666015625,0.175537109375,0.058349609375
4.679,310,644,1183,310,-10.0,39.0,49.0,-34.85107421875,-21.545408248901367,-15.991209983825684,-0.46533203125,0.33837890625,-0.0262451171875
4.698,310,684,1246,312,-10.0,39.0,49.0,-34.85107421875,-21.545408248901367,-15.991209983825684,-0.7716064453125,0.5218505859375,-0.1507568359375
4.698,310,712,1305,312,-10.0,39.0,49.0,-32.3486328125,-25.146482467651367,-27.709959030151367,-0.7716064453125,0.5218505859375,-0.1507568359375
4.707,310,778,1380,312,-10.0,39.0,49.0,-40.527339935302734,-23.193357467651367,-37.841796875,-1.3343505859375,0.3944091796875,-0.1700439453125
4.716,310,794,1428,313,-10.0,39.0,49.0,-40.527339935302734,-23.193357467651367,-37.841796875,-1.544677734375,0.4176025390625,-0.0784912109375
4.723,312,818,1458,314,-10.0,39.0,49.0,-46.691890716552734,-20.812986373901367,-31.860349655151367,-1.544677734375,0.4176025390625,-0.0784912109375
4.737,311,818,1469,312,-10.0,39.0,49.0,-50.048824310302734,-19.04296875,-5.126952648162842,-2.0914306640625,0.9268798828125,-0.1654052734375
4.746,311,806,1457,312,-10.0,39.0,49.0,-50.048824310302734,-19.04296875,-5.126952648162842,-2.0185546875,0.7471923828125,-0.022216796875
4.753,310,799,1432,314,-10.0,39.0,49.0,-50.048824310302734,-16.845703125,5.432128429412842,-2.0185546875,0.7471923828125,-0.022216796875
4.767,311,775,1404,313,-10.0,39.0,49.0,-0.1220703050494194,2.746581792831421,9.765625,-0.8443603515625,0.1016845703125,0.3634033203125
4.784,311,771,1409,314,-9.0,40.0,43.0,43.640132904052734,14.282225608825684,8.36181640625,-0.830810546875,0.6632080078125,-0.07177734375
4.784,312,770,1419,314,-9.0,40.0,43.0,43.640132904052734,14.282225608825684,8.36181640625,-1.2320556640625,1.1605224609375,-0.49658203125
4.808,312,742,1393,312,-9.0,40.0,43.0,23.376462936401367,1.7700194120407104,-23.193357467651367,-1.6259765625,1.082763671875,-0.51513671875
4.808,311,728,1371,313,-9.0,40.0,43.0,-21.301267623901367,-12.329100608825684,-39.1845703125,-1.762451171875,0.6468505859375,-0.2425537109375
4.813,310,705,1334,314,-9.0,40.0,43.0,-21.301267623901367,-12.329100608825684,-39.1845703125,-1.6822509765625,0.3643798828125,0.0260009765625
4.827,310,657,1231,312,-9.0,40.0,43.0,-40.161128997802734,-15.747069358825684,-25.756834030151367,-1.5604248046875,0.4111328125,0.1053466796875
4.835,310,628,1176,312,-9.0,40.0,43.0,-24.414060592651367,-6.896972179412842,-8.544921875,-1.4390869140625,0.5411376953125,0.054931640625
4.844,312,594,1101,314,-9.0,40.0,43.0,-24.414060592651367,-6.896972179412842,-8.544921875,-1.244873046875,0.516357421875,0.0311279296875
4.857,309,536,987,312,-9.0,40.0,43.0,0.1220703050494194,9.033203125,4.39453125,-0.9669189453125,0.33154296875,0.059814453125
4.865,308,509,933,312,-9.0,40.0,43.0,8.30078125,12.634276390075684,4.8828125,-0.6558837890625,0.107666015625,0.1146240234375
4.912,310,483,890,312,-9.0,39.0,46.0,8.30078125,12.634276390075684,4.8828125,-0.400146484375,0.00732421875,0.1690673828125
4.913,310,428,848,296,-9.0,39.0,46.0,35.5224609375,12.145995140075684,2.685546636581421,-0.2939453125,0.073486328125,0.1524658203125
4.913,309,384,806,312,-9.0,39.0,46.0,46.020503997802734,12.329100608825684,-5.187987804412842,-0.3262939453125,0.17333984375,0.06982421875
4.913,310,382,777,308,-9.0,39.0,46.0,46.020503997802734,12.329100608825684,-5.187987804412842,-0.405029296875,0.1656494140625,0.0323486328125
4.918,311,370,725,311,-9.0,39.0,46.0,39.24560546875,9.765625,-27.954099655151367,-0.4896240234375,0.1044921875,-0.015380859375
4.927,309,360,710,312,-9.0,39.0,46.0,30.639646530151367,9.8876953125,-30.944822311401367,-0.5706787109375,0.16015625,-0.152099609375
4.934,310,360,702,311,-9.0,39.0,46.0,21.423337936401367,10.986327171325684,-26.428220748901367,-0.6444091796875,0.302734375,-0.2591552734375
4.948,310,360,684,311,-9.0,39.0,46.0,8.9111328125,8.056640625,-19.10400390625,-0.716796875,0.411865234375,-0.26708984375
4.956,310,363,678,311,-9.0,39.0,46.0,-2.685546636581421,1.8920897245407104,-12.817381858825684,-0.757568359375,0.4364013671875,-0.2042236328125
4.964,310,364,676,311,-9.0,39.0,46.0,-9.8876953125,-3.356933355331421,-9.82666015625,-0.7528076171875,0.3555908203125,-0.1136474609375
5.012,310,364,680,311,-7.0,42.0,40.0,-13.427733421325684,-5.798339366912842,-8.6669921875,-0.7313232421875,0.2574462890625,-0.02978515625
5.012,310,365,685,310,-7.0,42.0,40.0,-14.282225608825684,-6.408690929412842,-5.554198741912842,-0.727294921875,0.2406005859375,0.038330078125
5.012,295,369,685,311,-7.0,42.0,40.0,-13.549803733825684,-6.469726085662842,0.1831054538488388,-0.744140625,0.2813720703125,0.0736083984375
5.013,296,372,668,313,-7.0,42.0,40.0,-12.573241233825684,-5.126952648162842,6.042479991912842,-0.7562255859375,0.3070068359375,0.0621337890625
5.016,311,379,698,312,-7.0,42.0,40.0,-13.122557640075684,-2.197265625,10.375975608825684,-0.755859375,0.30078125,0.0311279296875
5.024,310,382,703,311,-7.0,42.0,40.0,-15.808104515075684,0.0610351525247097,13.549803733825684,-0.751953125,0.296875,0.01416015625
5.038,310,394,715,311,-7.0,42.0,40.0,-18.37158203125,-0.1220703050494194,16.11328125,-0.7530517578125,0.312255859375,0.002685546875
5.046,308,398,737,311,-7.0,42.0,40.0,-17.578125,-2.13623046875,18.24951171875,-0.75048828125,0.3460693359375,-0.026611328125
5.054,309,408,747,312,-7.0,42.0,40.0,-12.939452171325684,-4.57763671875,19.47021484375,-0.728759765625,0.3726806640625,-0.066162109375
5.068,310,423,767,312,-7.0,40.0,41.0,-7.141112804412842,-6.774901866912842,19.83642578125,-0.7021484375,0.383544921875,-0.0968017578125
5.084,310,435,785,310,-7.0,40.0,41.0,-4.94384765625,-7.873534679412842,20.385740280151367,-0.6932373046875,0.4100341796875,-0.1038818359375
5.085,310,456,814,312,-7.0,40.0,41.0,-9.70458984375,-8.7890625,21.118162155151367,-0.6546630859375,0.443359375,-0.0621337890625
5.112,310,499,891,312,-7.0,40.0,41.0,-20.812986373901367,-10.620116233825684,20.01953125,-0.5679931640625,0.4302978515625,-0.0013427734375
5.112,310,509,948,311,-7.0,40.0,41.0,-33.14208984375,-13.183592796325684,16.78466796875,-0.5186767578125,0.3638916015625,0.0443115234375
5.114,309,533,1021,314,-7.0,40.0,41.0,-39.55078125,-17.4560546875,13.000487327575684,-0.5577392578125,0.2589111328125,0.106201171875
5.128,310,578,1162,312,-7.0,40.0,41.0,-35.82763671875,-23.925779342651367,8.056640625,-0.618408203125,0.1129150390625,0.1827392578125
5.136,310,594,1226,313,-7.0,40.0,41.0,-21.911619186401367,-29.052732467651367,1.5258787870407104,-0.6759033203125,-0.0245361328125,0.19189453125
5.144,310,621,1279,314,-7.0,40.0,41.0,-2.990722417831421,-28.686521530151367,-3.295898199081421,-0.7923583984375,0.0093994140625,0.0928955078125
5.158,310,661,1361,313,-7.0,40.0,41.0,11.047362327575684,-22.827146530151367,-2.563476324081421,-1.2410888671875,0.6468505859375,-0.1405029296875
5.166,310,689,1400,314,-9.0,37.0,42.0,8.60595703125,-15.380858421325684,1.0986328125,-1.2410888671875,0.6468505859375,-0.1405029296875
5.174,310,705,1428,314,-9.0,37.0,42.0,-12.329100608825684,-10.498045921325684,1.6479490995407104,-1.4521484375,0.73486328125,-0.0955810546875
5.188,311,728,1463,314,-9.0,37.0,42.0,-37.353515625,-7.507323741912842,0.9765624403953552,-1.578369140625,0.449951171875,0.14697265625
5.216,310,739,1472,314,-9.0,37.0,42.0,-49.926753997802734,-4.33349609375,5.310058116912842,-1.578369140625,0.449951171875,0.14697265625
5.219,311,740,1456,314,-9.0,37.0,42.0,-42.785640716552734,-0.54931640625,14.038084983825684,-1.4935302734375,0.42578125,0.2054443359375
5.219,311,714,1366,312,-9.0,37.0,42.0,-19.59228515625,4.08935546875,21.667478561401367,-1.25830078125,0.67236328125,-0.05224609375
5.226,310,697,1365,312,-9.0,37.0,42.0,4.57763671875,9.70458984375,23.803709030151367,-1.25830078125,0.67236328125,-0.05224609375
5.234,310,676,1338,312,-9.0,37.0,42.0,17.15087890625,14.709471702575684,16.66259765625,-1.0421142578125,0.6650390625,-0.1427001953125
5.248,310,666,1313,312,-9.0,37.0,42.0,17.578125,15.991209983825684,2.197265625,-1.071533203125,0.691162109375,-0.1319580078125
5.256,311,657,1299,313,-9.0,37.0,42.0,8.85009765625,12.817381858825684,-12.023924827575684,-1.071533203125,0.691162109375,-0.1319580078125
5.264,311,640,1264,314,-9.0,37.0,42.0,-6.225585460662842,7.446288585662842,-21.423337936401367,-1.3643798828125,0.8072509765625,-0.0914306640625
5.277,311,616,1185,312,-6.0,40.0,44.0,-23.315427780151367,2.868652105331421,-25.512693405151367,-1.6121826171875,0.594482421875,-0.00634765625
5.288,310,594,1123,312,-6.0,40.0,44.0,-35.400390625,1.8920897245407104,-25.695798873901367,-1.6121826171875,0.594482421875,-0.00634765625
5.294,311,575,1078,314,-6.0,40.0,44.0,-35.15625,4.150390625,-22.155759811401367,-1.4791259765625,0.3951416015625,0.029052734375
5.325,310,543,971,312,-6.0,40.0,44.0,-10.742186546325684,9.27734375,-6.835937023162842,-1.0689697265625,0.357421875,0.083251953125
5.325,296,529,902,295,-6.0,40.0,44.0,-10.742186546325684,9.27734375,-6.835937023162842,-0.8875732421875,0.3494873046875,0.0401611328125
5.325,309,499,861,312,-6.0,40.0,44.0,-3.723144292831421,12.634276390075684,-2.746581792831421,-0.8875732421875,0.3494873046875,0.0401611328125
5.333,310,479,822,312,-6.0,40.0,44.0,-2.990722417831421,16.41845703125,-4.08935546875,-0.7237548828125,0.3238525390625,-0.020263671875
5.347,310,454,741,312,-6.0,40.0,44.0,-5.310058116912842,18.6767578125,-8.85009765625,-0.5107421875,0.3271484375,-0.01318359375
5.355,310,442,705,311,-6.0,40.0,44.0,-10.742186546325684,16.90673828125,-16.2353515625,-0.5107421875,0.3271484375,-0.01318359375
5.363,310,427,648,311,-6.0,40.0,44.0,-16.6015625,12.634276390075684,-24.780271530151367,-0.4986572265625,0.2947998046875,0.011962890625
5.377,310,402,606,312,-4.0,38.0,42.0,-13.366698265075684,6.835937023162842,-33.69140625,-0.56884765625,0.154541015625,0.041259765625
5.391,310,393,593,311,-4.0,38.0,42.0,-13.366698265075684,6.835937023162842,-33.69140625,-0.6451416015625,0.0977783203125,0.0440673828125
5.393,309,386,587,311,-4.0,38.0,42.0,-12.390135765075684,2.807616949081421,-34.912109375,-0.6451416015625,0.0977783203125,0.0440673828125
5.421,309,393,562,311,-4.0,38.0,42.0,-9.6435546875,-2.624511480331421,-28.259275436401367,-0.7852783203125,0.2108154296875,-0.040771484375
5.422,308,391,551,310,-4.0,38.0,42.0,-9.6435546875,-2.624511480331421,-28.259275436401367,-0.804443359375,0.3092041015625,-0.0513916015625
5.423,293,371,551,310,-4.0,38.0,42.0,-7.263183116912842,-3.601073980331421,-21.911619186401367,-0.804443359375,0.3092041015625,-0.0513916015625
5.437,310,384,561,310,-4.0,38.0,42.0,-6.652831554412842,-5.0048828125,-11.840819358825684,-0.810791015625,0.3326416015625,0.0186767578125
5.445,310,383,564,310,-4.0,38.0,42.0,-6.652831554412842,-5.0048828125,-11.840819358825684,-0.7926025390625,0.2938232421875,0.04345703125
5.453,313,385,568,311,-4.0,38.0,42.0,-5.798339366912842,-4.57763671875,-8.30078125,-0.7926025390625,0.2938232421875,0.04345703125
5.467,309,391,585,310,-4.0,36.0,43.0,-8.23974609375,-3.479003667831421,-1.4038084745407104,-0.78662109375,0.2718505859375,0.060791015625
5.475,310,391,588,311,-4.0,36.0,43.0,-8.23974609375,-3.479003667831421,-1.4038084745407104,-0.8079833984375,0.2808837890625,0.0577392578125
5.483,312,393,590,310,-4.0,36.0,43.0,-8.1787109375,-3.845214605331421,3.479003667831421,-0.8079833984375,0.2808837890625,0.0577392578125
5.497,310,401,594,311,-4.0,36.0,43.0,-5.798339366912842,-4.21142578125,12.634276390075684,-0.844482421875,0.273681640625,0.02685546875
5.527,310,408,614,310,-4.0,36.0,43.0,-5.798339366912842,-4.21142578125,12.634276390075684,-0.8468017578125,0.284912109375,0.018310546875
5.528,308,413,600,289,-4.0,36.0,43.0,-6.774901866912842,-4.08935546875,16.2353515625,-0.8468017578125,0.284912109375,0.018310546875
5.528,293,424,633,309,-4.0,36.0,43.0,-7.080077648162842,-6.103515148162842,21.118162155151367,-0.7772216796875,0.293701171875,0.05908203125
5.535,311,433,656,312,-4.0,36.0,43.0,-6.652831554412842,-7.568358898162842,22.338865280151367,-0.6923828125,0.285888671875,0.0828857421875
5.550,310,446,704,312,-4.0,36.0,43.0,-6.652831554412842,-7.568358898162842,22.338865280151367,-0.6134033203125,0.294677734375,0.0787353515625
5.557,310,465,785,311,-4.0,36.0,43.0,-4.39453125,-10.192870140075684,20.996091842651367,-0.5643310546875,0.33056640625,0.0489501953125
5.567,311,479,822,312,-4.0,40.0,42.0,-2.25830078125,-11.901854515075684,19.04296875,-0.5546875,0.39208984375,0.020263671875
5.574,310,495,873,312,-4.0,40.0,42.0,-2.25830078125,-11.901854515075684,19.04296875,-0.559326171875,0.421142578125,0.0506591796875
5.587,310,530,960,312,-4.0,40.0,42.0,-7.873534679412842,-17.88330078125,12.451170921325684,-0.5482177734375,0.33447265625,0.129150390625
5.595,310,558,1021,311,-4.0,40.0,42.0,-8.30078125,-20.080564498901367,4.94384765625,-0.5364990234375,0.1624755859375,0.16064453125
5.603,310,579,1093,312,-4.0,40.0,42.0,-8.30078125,-20.080564498901367,4.94384765625,-0.5604248046875,0.0411376953125,0.126708984375
5.629,310,631,1231,314,-4.0,40.0,42.0,5.798339366912842,-19.71435546875,-11.596678733825684,-0.6685791015625,0.1090087890625,0.0726318359375
5.630,310,657,1292,312,-4.0,40.0,42.0,16.41845703125,-19.34814453125,-14.587401390075684,-0.906982421875,0.38525390625,0.0001220703125
5.633,310,689,1351,313,-4.0,40.0,42.0,16.41845703125,-19.34814453125,-14.587401390075684,-1.2330322265625,0.66455078125,-0.0599365234375
5.647,308,723,1403,313,-4.0,40.0,42.0,10.375975608825684,-14.343260765075684,-14.709471702575684,-1.538330078125,0.739990234375,-0.0595703125
5.655,310,745,1422,314,-4.0,40.0,42.0,-6.347655773162842,-10.803221702575684,-13.671874046325684,-1.7486572265625,0.633056640625,-0.013671875
5.664,310,756,1428,314,-2.0,39.0,43.0,-6.347655773162842,-10.803221702575684,-13.671874046325684,-1.8289794921875,0.482177734375,0.06884765625
5.678,312,742,1365,313,-2.0,39.0,43.0,-28.808591842651367,-5.676269054412842,6.103515148162842,-1.735595703125,0.3570556640625,0.161865234375
5.685,310,736,1325,314,-2.0,39.0,43.0,-21.423337936401367,-2.01416015625,17.51708984375,-1.40234375,0.2393798828125,0.2117919921875
5.699,312,715,1292,314,-2.0,39.0,43.0,1.6479490995407104,5.371093273162842,21.972654342651367,-1.010009765625,0.259033203125,0.1572265625
5.707,310,694,1267,314,-2.0,39.0,43.0,29.541013717651367,13.244627952575684,19.22607421875,-0.864990234375,0.527099609375,-0.005126953125
5.717,310,689,1271,314,-2.0,39.0,43.0,40.710445404052734,16.90673828125,9.33837890625,-0.993408203125,0.8160400390625,-0.15478515625
5.726,310,685,1260,314,-2.0,39.0,43.0,28.564451217651367,14.709471702575684,-7.019042491912842,-1.25927734375,0.927001953125,-0.18505859375
5.737,310,660,1204,312,-2.0,39.0,43.0,4.7607421875,8.30078125,-22.399900436401367,-1.481689453125,0.822265625,-0.1025390625
5.745,310,645,1157,314,-2.0,39.0,43.0,-15.624999046325684,3.173827886581421,-28.991697311401367,-1.5467529296875,0.5675048828125,0.0013427734375
5.753,310,617,1116,314,-2.0,39.0,43.0,-21.789548873901367,2.44140625,-25.451658248901367,-1.481689453125,0.34912109375,0.071533203125
5.769,310,586,1055,312,-5.0,39.0,40.0,-15.808104515075684,3.845214605331421,-15.563963890075684,-1.34521484375,0.2679443359375,0.12744140625
5.777,310,566,1020,313,-5.0,39.0,40.0,-6.469726085662842,4.82177734375,-4.57763671875,-1.182861328125,0.2879638671875,0.1636962890625
5.783,310,551,976,312,-5.0,39.0,40.0,0.6713866591453552,6.896972179412842,3.479003667831421,-1.0150146484375,0.30419921875,0.153076171875
5.799,310,509,891,310,-5.0,39.0,40.0,5.737304210662842,11.352538108825684,6.652831554412842,-0.8397216796875,0.274169921875,0.10888671875
5.805,310,497,858,312,-5.0,39.0,40.0,10.375975608825684,16.05224609375,6.347655773162842,-0.6796875,0.2509765625,0.0736083984375
5.832,310,483,826,312,-5.0,39.0,40.0,14.404295921325684,17.4560546875,4.7607421875,-0.5675048828125,0.2578125,0.0767822265625
5.832,310,452,763,312,-5.0,39.0,40.0,17.08984375,15.502928733825684,1.220703125,-0.53369140625,0.27392578125,0.0753173828125
5.844,311,447,764,312,-5.0,39.0,40.0,19.10400390625,13.671874046325684,-4.69970703125,-0.570068359375,0.2911376953125,0.0452880859375
5.844,311,438,718,298,-5.0,39.0,40.0,18.98193359375,12.878417015075684,-11.230467796325684,-0.628662109375,0.2777099609375,0.0286865234375
5.857,309,420,718,310,-5.0,39.0,40.0,15.747069358825684,11.596678733825684,-16.66259765625,-0.66015625,0.2135009765625,0.0252685546875
5.865,312,419,710,312,-6.0,38.0,49.0,12.817381858825684,10.070799827575684,-19.6533203125,-0.6707763671875,0.1429443359375,-0.0015869140625
5.873,310,419,703,312,-6.0,38.0,49.0,13.305663108825684,9.09423828125,-18.6767578125,-0.697265625,0.140625,-0.0533447265625
5.944,310,419,697,311,-6.0,38.0,49.0,16.05224609375,8.1787109375,-13.244627952575684,-0.7449951171875,0.2242431640625,-0.0902099609375
5.944,310,415,698,310,-6.0,38.0,49.0,16.4794921875,5.859374523162842,-6.347655773162842,-0.8048095703125,0.327880859375,-0.0943603515625
5.944,310,394,693,310,-6.0,38.0,49.0,12.512206077575684,2.50244140625,-0.6713866591453552,-0.840576171875,0.3863525390625,-0.0797119140625
5.944,310,415,694,311,-6.0,38.0,49.0,5.493163585662842,-0.4882812201976776,3.295898199081421,-0.8328857421875,0.3720703125,-0.05029296875
5.944,311,421,691,312,-6.0,38.0,49.0,-2.38037109375,-2.3193359375,6.713866710662842,-0.8028564453125,0.309326171875,-0.0054931640625
5.945,296,424,673,293,-6.0,38.0,49.0,-7.507323741912842,-2.990722417831421,10.925292015075684,-0.7647705078125,0.2474365234375,0.0404052734375
5.947,310,430,703,310,-6.0,38.0,49.0,-9.82666015625,-3.112792730331421,15.747069358825684,-0.729248046875,0.2152099609375,0.070556640625
5.958,310,437,713,312,-6.0,38.0,49.0,-9.94873046875,-2.929687261581421,19.95849609375,-0.718505859375,0.2373046875,0.0697021484375
5.963,311,444,724,312,-5.0,38.0,46.0,-6.713866710662842,-2.685546636581421,22.216794967651367,-0.7423095703125,0.3116455078125,0.0355224609375
5.977,310,457,751,312,-5.0,38.0,46.0,-2.25830078125,-2.990722417831421,21.972654342651367,-0.7730712890625,0.385498046875,-0.0087890625
5.985,310,469,790,312,-5.0,38.0,46.0,-0.54931640625,-4.39453125,19.83642578125,-0.7742919921875,0.411376953125,-0.0283203125
5.993,311,481,822,313,-5.0,38.0,46.0,-1.4038084745407104,-6.286620616912842,17.02880859375,-0.72314453125,0.3997802734375,-0.013671875
6.008,310,496,861,311,-5.0,38.0,46.0,-3.051757574081421,-8.056640625,13.916014671325684,-0.5147705078125,0.3638916015625,0.046875
6.033,310,508,905,312,-5.0,38.0,46.0,-4.33349609375,-10.253905296325684,10.559081077575684,-0.5147705078125,0.3638916015625,0.046875
6.033,308,509,959,312,-5.0,38.0,46.0,-4.94384765625,-13.183592796325684,7.385253429412842,-0.4783935546875,0.3238525390625,0.0650634765625
6.038,310,574,1095,312,-5.0,38.0,46.0,-6.774901866912842,-17.578125,3.112792730331421,-0.45166015625,0.1544189453125,0.165283203125
6.046,311,604,1170,312,-5.0,38.0,46.0,-9.1552734375,-22.338865280151367,-4.0283203125,-0.45166015625,0.1544189453125,0.165283203125
6.054,310,644,1260,312,-5.0,38.0,46.0,-6.713866710662842,-24.169919967651367,-12.573241233825684,-0.464599609375,0.1016845703125,0.2010498046875
6.068,311,698,1355,312,-6.0,38.0,43.0,19.775390625,-20.324705123901367,-21.606443405151367,-0.7421875,0.27783203125,0.1922607421875
6.076,312,728,1407,314,-6.0,38.0,43.0,19.775390625,-20.324705123901367,-21.606443405151367,-1.098388671875,0.425537109375,0.1319580078125
6.084,311,756,1452,314,-6.0,38.0,43.0,28.991697311401367,-17.63916015625,-19.287109375,-1.098388671875,0.425537109375,0.1319580078125
6.098,310,790,1483,312,-6.0,38.0,43.0,16.29638671875,-4.39453125,-11.413573265075684,-1.786865234375,0.6253662109375,-0.0657958984375
6.113,310,799,1498,312,-6.0,38.0,43.0,16.29638671875,-4.39453125,-11.413573265075684,-1.967041015625,0.69482421875,-0.1610107421875
6.114,310,795,1486,314,-6.0,38.0,43.0,2.624511480331421,4.45556640625,-8.30078125,-1.967041015625,0.69482421875,-0.1610107421875
6.140,311,778,1416,312,-6.0,38.0,43.0,-19.47021484375,7.019042491912842,2.746581792831421,-1.65576171875,0.4453125,0.0084228515625
6.141,310,766,1363,311,-6.0,38.0,43.0,-19.47021484375,7.019042491912842,2.746581792831421,-1.1014404296875,0.124267578125,0.1956787109375
6.144,310,745,1363,312,-6.0,38.0,43.0,-11.840819358825684,6.469726085662842,7.751464366912842,-1.1014404296875,0.124267578125,0.1956787109375
6.162,311,739,1352,312,-6.0,38.0,43.0,37.41455078125,12.329100608825684,11.901854515075684,-0.9178466796875,0.6575927734375,-0.0758056640625
6.166,310,726,1345,314,-6.0,38.0,44.0,37.41455078125,12.329100608825684,11.901854515075684,-1.260986328125,0.976318359375,-0.2340087890625
6.175,310,718,1319,314,-6.0,38.0,44.0,33.69140625,10.864256858825684,3.112792730331421,-1.260986328125,0.976318359375,-0.2340087890625
6.188,310,688,1260,313,-6.0,38.0,44.0,-23.498533248901367,-2.990722417831421,-26.916501998901367,-1.6119384765625,0.677001953125,-0.0628662109375
6.196,314,671,1211,312,-6.0,38.0,44.0,-23.498533248901367,-2.990722417831421,-26.916501998901367,-1.531494140625,0.3895263671875,0.05419921875
6.210,311,645,1145,314,-6.0,38.0,44.0,-37.353515625,-5.065917491912842,-30.639646530151367,-1.531494140625,0.3895263671875,0.05419921875
6.218,310,599,1067,314,-6.0,38.0,44.0,-19.775390625,-0.6713866591453552,-13.122557640075684,-1.27685546875,0.3028564453125,0.1104736328125
6.240,310,576,1011,313,-6.0,38.0,44.0,-9.82666015625,2.685546636581421,-2.3193359375,-1.1240234375,0.3271484375,0.1041259765625
6.241,310,537,964,312,-6.0,38.0,44.0,-9.82666015625,2.685546636581421,-2.3193359375,-0.9346923828125,0.2659912109375,0.0972900390625
6.248,310,517,886,312,-6.0,38.0,44.0,0.30517578125,10.498045921325684,5.676269054412842,-0.718994140625,0.1529541015625,0.10693359375
6.256,310,494,841,314,-6.0,38.0,44.0,7.507323741912842,12.145995140075684,5.065917491912842,-0.52001953125,0.1097412109375,0.12548828125
6.267,311,481,819,312,-6.0,37.0,44.0,7.507323741912842,12.145995140075684,5.065917491912842,-0.4144287109375,0.1953125,0.1151123046875
6.278,309,450,766,312,-6.0,37.0,44.0,20.690916061401367,11.108397483825684,-0.0610351525247097,-0.4317626953125,0.3431396484375,0.0491943359375
6.286,310,440,749,312,-6.0,37.0,44.0,18.9208984375,11.535643577575684,-6.713866710662842,-0.5050048828125,0.3931884765625,0.001953125
6.294,310,430,741,312,-6.0,37.0,44.0,18.9208984375,11.535643577575684,-6.713866710662842,-0.5711669921875,0.2845458984375,0.03662109375
6.314,310,419,713,311,-6.0,37.0,44.0,1.9531248807907104,9.09423828125,-23.559568405151367,-0.634765625,0.137939453125,0.0655517578125
6.316,308,411,714,311,-6.0,37.0,44.0,-1.4038084745407104,7.629394054412842,-25.146482467651367,-0.6905517578125,0.082763671875,0.0252685546875
6.341,310,415,712,312,-6.0,37.0,44.0,-1.4038084745407104,7.629394054412842,-25.146482467651367,-0.721435546875,0.135986328125,-0.0386962890625
6.341,310,420,716,311,-6.0,37.0,44.0,2.25830078125,4.0283203125,-13.610838890075684,-0.753173828125,0.232421875,-0.0775146484375
6.346,310,426,723,310,-6.0,37.0,44.0,3.356933355331421,0.3662109076976776,-5.981444835662842,-0.794189453125,0.31689453125,-0.0740966796875
6.355,310,420,725,312,-6.0,37.0,44.0,3.356933355331421,0.3662109076976776,-5.981444835662842,-0.8294677734375,0.3577880859375,-0.047607421875
6.375,310,423,732,310,-6.0,39.0,44.0,0.0610351525247097,-5.798339366912842,3.417968511581421,-0.845703125,0.3458251953125,-0.0166015625
6.377,310,426,737,312,-6.0,39.0,44.0,-4.45556640625,-6.042479991912842,5.615233898162842,-0.830810546875,0.2877197265625,0.0179443359375
6.384,310,438,739,311,-6.0,39.0,44.0,-9.1552734375,-4.57763671875,8.23974609375,-0.8013916015625,0.2198486328125,0.0474853515625
6.398,310,451,749,310,-6.0,39.0,44.0,-12.084959983825684,-2.807616949081421,11.962889671325684,-0.780029296875,0.208251953125,0.05810546875
6.414,310,456,756,311,-6.0,39.0,44.0,-11.840819358825684,-2.50244140625,15.991209983825684,-0.7744140625,0.2607421875,0.0452880859375
6.415,311,469,778,311,-6.0,39.0,44.0,-7.812499523162842,-4.150390625,18.798828125,-0.780517578125,0.3260498046875,0.0185546875
6.442,310,481,818,312,-6.0,39.0,44.0,-2.807616949081421,-7.141112804412842,19.71435546875,-0.789794921875,0.3648681640625,-0.005126953125
6.451,309,497,832,312,-6.0,39.0,44.0,-0.54931640625,-10.498045921325684,19.4091796875,-0.8104248046875,0.3690185546875,-0.00732421875
6.451,298,507,847,312,-6.0,39.0,44.0,-2.685546636581421,-13.549803733825684,18.798828125,-0.82275390625,0.3543701171875,0.0091552734375
6.458,310,522,873,310,-5.0,39.0,42.0,-8.7890625,-14.953612327575684,18.24951171875,-0.81103515625,0.338623046875,0.0252685546875
6.467,310,531,910,312,-5.0,39.0,42.0,-16.66259765625,-14.404295921325684,17.9443359375,-0.7864990234375,0.321533203125,0.0391845703125
6.483,310,552,946,312,-5.0,39.0,42.0,-22.460935592651367,-13.244627952575684,18.24951171875,-0.7176513671875,0.280029296875,0.0892333984375
6.488,310,579,1026,312,-5.0,39.0,42.0,-21.301267623901367,-13.549803733825684,18.4326171875,-0.5677490234375,0.1881103515625,0.184326171875
6.496,311,604,1082,312,-5.0,39.0,42.0,-10.192870140075684,-15.014647483825684,16.17431640625,-0.3792724609375,0.06787109375,0.2672119140625
6.505,311,632,1162,314,-5.0,39.0,42.0,8.85009765625,-15.747069358825684,10.314940452575684,-0.2557373046875,0.00537109375,0.2984619140625
6.523,309,674,1281,313,-5.0,39.0,42.0,28.503416061401367,-14.404295921325684,2.25830078125,-0.3013916015625,0.0911865234375,0.2550048828125
6.526,310,710,1339,312,-5.0,39.0,42.0,40.10009765625,-10.742186546325684,-5.0048828125,-0.5504150390625,0.3453369140625,0.1297607421875
6.540,310,740,1393,312,-5.0,39.0,42.0,39.48974609375,-6.713866710662842,-10.437010765075684,-0.9515380859375,0.60791015625,-0.0316162109375
6.550,310,780,1464,312,-5.0,39.0,42.0,27.832029342651367,-4.39453125,-14.221190452575684,-1.410888671875,0.71484375,-0.1712646484375
6.556,310,794,1484,313,-7.0,36.0,42.0,7.995604991912842,-3.845214605331421,-14.770506858825684,-1.7926025390625,0.7056884765625,-0.215087890625
6.564,310,799,1488,314,-7.0,36.0,42.0,-14.587401390075684,-4.45556640625,-10.070799827575684,-2.028564453125,0.672119140625,-0.1492919921875
6.578,310,781,1424,314,-7.0,36.0,42.0,-32.04345703125,-5.615233898162842,-1.6479490995407104,-2.073974609375,0.6201171875,-0.0255126953125
6.587,310,771,1400,314,-7.0,36.0,42.0,-36.31591796875,-5.615233898162842,6.103515148162842,-1.7125244140625,0.3961181640625,0.16748046875
6.594,311,754,1377,313,-7.0,36.0,42.0,-17.9443359375,-0.9155272841453552,8.60595703125,-1.091796875,0.145263671875,0.2960205078125
6.608,310,741,1365,312,-7.0,36.0,42.0,17.2119140625,7.629394054412842,7.324218273162842,-0.765625,0.2935791015625,0.1839599609375
6.620,310,730,1363,314,-7.0,36.0,42.0,38.26904296875,13.366698265075684,4.08935546875,-0.8935546875,0.70751953125,-0.0675048828125
6.624,311,723,1351,313,-7.0,36.0,42.0,27.343748092651367,12.329100608825684,-4.638671875,-1.2301025390625,0.96142578125,-0.2213134765625
6.648,310,710,1292,312,-7.0,36.0,42.0,-2.50244140625,5.737304210662842,-18.24951171875,-1.4918212890625,0.8880615234375,-0.1727294921875
6.648,311,662,1216,313,-7.0,36.0,42.0,-28.869626998901367,-0.7934569716453552,-28.747556686401367,-1.5584716796875,0.6024169921875,-0.0301513671875
6.654,309,671,1199,312,-7.0,36.0,42.0,-37.109375,-3.173827886581421,-30.273435592651367,-1.4979248046875,0.37060546875,0.0633544921875
6.668,310,632,1095,312,-5.0,37.0,43.0,-29.785154342651367,-2.563476324081421,-23.498533248901367,-1.3951416015625,0.3028564453125,0.095458984375
6.676,310,606,1065,314,-5.0,37.0,43.0,-19.4091796875,-1.3427733182907104,-13.366698265075684,-1.254150390625,0.312744140625,0.1220703125
6.684,310,593,1029,313,-5.0,37.0,43.0,-11.718749046325684,0.7934569716453552,-4.638671875,-1.0677490234375,0.2977294921875,0.1441650390625
6.700,310,551,959,311,-5.0,37.0,43.0,-5.126952648162842,3.845214605331421,0.1220703050494194,-0.6610107421875,0.1732177734375,0.1214599609375
6.707,310,535,932,312,-5.0,37.0,43.0,2.44140625,6.225585460662842,1.3427733182907104,-0.6610107421875,0.1732177734375,0.1214599609375
6.724,310,525,893,314,-5.0,37.0,43.0,10.620116233825684,7.141112804412842,1.0986328125,-0.5286865234375,0.1837158203125,0.0892333984375
6.728,309,497,849,312,-5.0,37.0,43.0,15.319823265075684,6.713866710662842,0.0,-0.5142822265625,0.315673828125,0.0364990234375
6.739,310,485,827,312,-5.0,37.0,43.0,13.854979515075684,5.981444835662842,-3.051757574081421,-0.5142822265625,0.315673828125,0.0364990234375
6.754,310,481,803,311,-5.0,37.0,43.0,8.11767578125,6.591796398162842,-8.23974609375,-0.5811767578125,0.3538818359375,-0.0089111328125
6.758,310,469,780,311,-5.0,36.0,41.0,0.0,7.446288585662842,-14.770506858825684,-0.669677734375,0.22216796875,0.0108642578125
6.766,310,469,770,312,-5.0,36.0,41.0,-7.080077648162842,6.774901866912842,-20.446775436401367,-0.669677734375,0.22216796875,0.0108642578125
6.774,310,467,769,312,-5.0,36.0,41.0,-9.46044921875,4.5166015625,-22.094724655151367,-0.7003173828125,0.1729736328125,0.025146484375
6.789,310,468,764,311,-5.0,36.0,41.0,-7.019042491912842,1.4038084745407104,-19.1650390625,-0.7723388671875,0.1864013671875,0.04736328125
6.803,311,467,765,312,-5.0,36.0,41.0,-2.3193359375,-2.197265625,-14.099120140075684,-0.7723388671875,0.1864013671875,0.04736328125
6.804,290,473,764,312,-5.0,36.0,41.0,1.6479490995407104,-5.0048828125,-8.85009765625,-0.8204345703125,0.2318115234375,0.0369873046875
6.826,309,477,766,312,-5.0,36.0,41.0,2.25830078125,-6.286620616912842,-3.784179449081421,-0.869384765625,0.344970703125,0.0306396484375
6.826,296,481,749,314,-5.0,36.0,41.0,-0.30517578125,-6.713866710662842,0.30517578125,-0.8858642578125,0.3165283203125,0.0538330078125
6.842,314,482,780,311,-5.0,36.0,41.0,-3.906249761581421,-6.469726085662842,3.356933355331421,-0.8858642578125,0.3165283203125,0.0538330078125
6.852,310,496,803,312,-5.0,36.0,41.0,-9.033203125,-5.432128429412842,9.46044921875,-0.782958984375,0.1890869140625,0.1324462890625
6.856,310,498,816,312,-9.0,38.0,46.0,-9.033203125,-5.432128429412842,9.46044921875,-0.71044921875,0.2230224609375,0.1370849609375
6.864,309,510,833,312,-9.0,38.0,46.0,-5.798339366912842,-6.042479991912842,12.329100608825684,-0.71044921875,0.2230224609375,0.1370849609375
6.878,311,522,858,312,-9.0,38.0,46.0,9.3994140625,-9.1552734375,13.244627952575684,-0.734375,0.3892822265625,0.0174560546875
6.886,310,529,874,311,-9.0,38.0,46.0,9.3994140625,-9.1552734375,13.244627952575684,-0.8165283203125,0.408935546875,-0.027587890625
6.894,310,546,873,312,-9.0,38.0,46.0,8.9111328125,-9.27734375,10.986327171325684,-0.8165283203125,0.408935546875,-0.027587890625
6.912,310,576,916,312,-9.0,38.0,46.0,-10.131834983825684,-6.713866710662842,7.629394054412842,-0.8812255859375,0.278564453125,0.02685546875
6.916,310,588,943,312,-9.0,38.0,46.0,-10.131834983825684,-6.713866710662842,7.629394054412842,-0.7701416015625,0.1591796875,0.11474609375
6.926,310,606,981,312,-9.0,38.0,46.0,-16.11328125,-7.446288585662842,8.36181640625,-0.7701416015625,0.1591796875,0.11474609375
6.942,310,631,1055,314,-9.0,38.0,46.0,2.929687261581421,-14.648436546325684,11.169432640075684,-0.4678955078125,0.070556640625,0.23193359375
6.959,310,646,1129,312,-9.0,38.0,46.0,2.929687261581421,-14.648436546325684,11.169432640075684,-0.3583984375,0.138427734375,0.2633056640625
6.959,310,673,1198,295,-5.0,37.0,44.0,23.986814498901367,-17.02880859375,8.544921875,-0.3583984375,0.138427734375,0.2633056640625
6.968,310,717,1318,311,-5.0,37.0,44.0,56.152339935302734,-9.033203125,-14.770506858825684,-0.4619140625,0.416015625,0.0850830078125
6.976,311,749,1369,314,-5.0,37.0,44.0,47.363277435302734,-3.540038824081421,-25.085447311401367,-0.6741943359375,0.5313720703125,-0.0513916015625
6.984,311,779,1409,312,-5.0,37.0,44.0,47.363277435302734,-3.540038824081421,-25.085447311401367,-0.989501953125,0.4954833984375,-0.106201171875
6.998,311,826,1484,312,-5.0,37.0,44.0,2.807616949081421,-7.019042491912842,-26.184080123901367,-1.339111328125,0.396484375,-0.07177734375
7.020,311,846,1514,314,-5.0,37.0,44.0,-7.751464366912842,-11.230467796325684,-20.202634811401367,-1.65576171875,0.4169921875,-0.0233154296875
7.021,310,858,1531,314,-5.0,37.0,44.0,-7.751464366912842,-11.230467796325684,-20.202634811401367,-1.9178466796875,0.5977783203125,-0.031494140625
7.029,310,849,1490,314,-5.0,37.0,44.0,-9.33837890625,-12.268065452575684,-10.498045921325684,-2.0489501953125,0.7647705078125,-0.0335693359375
7.036,310,832,1447,313,-5.0,37.0,44.0,-15.319823265075684,-10.620116233825684,-10.253905296325684,-1.8311767578125,0.614013671875,0.0618896484375
7.056,310,816,1416,313,-5.0,37.0,44.0,-15.319823265075684,-10.620116233825684,-10.253905296325684,-1.2611083984375,0.15869140625,0.22900390625
7.058,311,801,1392,313,-6.0,36.0,49.0,-2.807616949081421,4.0283203125,-9.3994140625,-0.817138671875,-0.010986328125,0.2965087890625
7.066,311,799,1388,314,-6.0,36.0,49.0,12.695311546325684,10.375975608825684,-2.807616949081421,-0.848388671875,0.3079833984375,0.1729736328125
7.074,310,794,1366,314,-6.0,36.0,49.0,12.695311546325684,10.375975608825684,-2.807616949081421,-1.2098388671875,0.7193603515625,-0.017333984375
7.088,310,778,1316,312,-6.0,36.0,49.0,-1.9531248807907104,9.033203125,-5.249022960662842,-1.5440673828125,0.8734130859375,-0.1014404296875
7.096,310,762,1268,314,-6.0,36.0,49.0,-18.6767578125,5.554198741912842,-15.991209983825684,-1.6376953125,0.69775390625,-0.040771484375
7.104,310,730,1211,313,-6.0,36.0,49.0,-18.6767578125,5.554198741912842,-15.991209983825684,-1.5458984375,0.4327392578125,0.05517578125
7.120,310,698,1111,312,-6.0,36.0,49.0,-27.526853561401367,1.8310545682907104,-21.484373092651367,-1.4085693359375,0.28564453125,0.114990234375
7.135,311,676,1056,314,-6.0,36.0,49.0,-19.8974609375,3.295898199081421,-12.573241233825684,-1.2725830078125,0.2589111328125,0.14404296875
7.136,310,648,1012,312,-6.0,36.0,49.0,-11.413573265075684,7.019042491912842,-2.0751953125,-1.1251220703125,0.2520751953125,0.1512451171875
7.157,312,604,933,311,-6.0,36.0,49.0,-5.798339366912842,12.084959983825684,6.469726085662842,-0.950927734375,0.2034912109375,0.1490478515625
7.160,310,576,901,312,-3.0,36.0,46.0,-2.746581792831421,16.54052734375,11.718749046325684,-0.7679443359375,0.1361083984375,0.1446533203125
7.164,311,554,845,312,-3.0,36.0,46.0,0.7324218153953552,19.04296875,13.793944358825684,-0.61962890625,0.11962890625,0.1336669921875
7.178,311,529,813,312,-3.0,36.0,46.0,5.371093273162842,19.04296875,13.366698265075684,-0.531005859375,0.1802978515625,0.1256103515625
7.186,310,506,782,311,-3.0,36.0,46.0,8.6669921875,17.88330078125,10.375975608825684,-0.513671875,0.28564453125,0.091796875
7.194,310,490,749,312,-3.0,36.0,46.0,9.6435546875,17.822265625,4.39453125,-0.546630859375,0.3629150390625,0.0198974609375
7.208,309,481,723,312,-3.0,36.0,46.0,6.896972179412842,18.4326171875,-3.967284917831421,-0.5885009765625,0.3106689453125,0.00390625
7.216,310,466,718,312,-3.0,36.0,46.0,1.15966796875,16.9677734375,-12.390135765075684,-0.624755859375,0.1512451171875,0.0494384765625
7.242,310,465,710,314,-3.0,36.0,46.0,-2.807616949081421,13.732909202575684,-16.17431640625,-0.6614990234375,0.0411376953125,0.0570068359375
7.242,310,452,710,311,-3.0,36.0,46.0,-2.3193359375,9.8876953125,-13.122557640075684,-0.6839599609375,0.066650390625,0.0157470703125
7.262,310,456,712,311,-3.0,36.0,46.0,1.4648436307907104,5.493163585662842,-6.103515148162842,-0.6983642578125,0.177978515625,-0.0323486328125
7.263,310,438,721,312,-9.0,37.0,48.0,5.493163585662842,1.5258787870407104,1.0986328125,-0.73095703125,0.2974853515625,-0.0689697265625
7.268,311,468,721,312,-9.0,37.0,48.0,6.347655773162842,-1.4648436307907104,6.042479991912842,-0.7796630859375,0.379150390625,-0.07763671875
7.276,310,472,725,310,-9.0,37.0,48.0,2.44140625,-3.540038824081421,7.934569835662842,-0.81396484375,0.4000244140625,-0.0540771484375
7.284,311,475,723,311,-9.0,37.0,48.0,-3.601073980331421,-4.69970703125,7.690429210662842,-0.8131103515625,0.34423828125,-0.01416015625
7.298,310,481,721,312,-9.0,37.0,48.0,-8.1787109375,-4.5166015625,7.385253429412842,-0.7982177734375,0.2496337890625,0.0323486328125
7.306,310,494,740,313,-9.0,37.0,48.0,-9.3994140625,-3.906249761581421,8.60595703125,-0.7947998046875,0.198974609375,0.0723876953125
7.314,310,502,749,312,-9.0,37.0,48.0,-6.958007335662842,-4.21142578125,11.291502952575684,-0.8084716796875,0.2254638671875,0.08935546875
7.340,310,509,765,311,-9.0,37.0,48.0,-2.929687261581421,-6.042479991912842,13.977049827575684,-0.8135986328125,0.2947998046875,0.084716796875
7.341,310,516,796,311,-9.0,37.0,48.0,-1.4648436307907104,-8.6669921875,15.502928733825684,-0.816650390625,0.3446044921875,0.066162109375
7.344,312,519,810,312,-9.0,37.0,48.0,-3.967284917831421,-10.681151390075684,16.7236328125,-0.8392333984375,0.3524169921875,0.052001953125
7.365,310,538,846,312,-3.0,36.0,42.0,-7.751464366912842,-11.474608421325684,18.4326171875,-0.853271484375,0.3123779296875,0.06689453125
7.366,310,536,860,298,-3.0,36.0,42.0,-10.864256858825684,-10.498045921325684,21.057126998901367,-0.84228515625,0.22314453125,0.097412109375
7.374,310,564,901,311,-3.0,36.0,42.0,-14.831542015075684,-8.4228515625,25.390623092651367,-0.8092041015625,0.1253662109375,0.1380615234375
7.388,310,603,955,310,-3.0,36.0,42.0,-16.78466796875,-7.080077648162842,31.127927780151367,-0.7318115234375,0.0592041015625,0.1851806640625
7.396,308,614,1000,312,-3.0,36.0,42.0,-9.1552734375,-5.554198741912842,36.9873046875,-0.5941162109375,0.054443359375,0.2178955078125
7.404,312,634,1069,312,-3.0,36.0,42.0,7.324218273162842,-2.3193359375,39.9169921875,-0.4224853515625,0.126708984375,0.2420654296875
7.418,310,671,1219,313,-3.0,36.0,42.0,26.611326217651367,0.6713866591453552,34.85107421875,-0.2843017578125,0.22998046875,0.25634765625
7.426,311,705,1308,312,-3.0,36.0,42.0,45.227046966552734,2.197265625,20.01953125,-0.2747802734375,0.3560791015625,0.1964111328125
7.448,311,739,1375,312,-3.0,36.0,42.0,57.067867279052734,3.356933355331421,0.6103515625,-0.42041015625,0.5352783203125,0.041015625
7.468,310,799,1477,300,-3.0,36.0,42.0,54.931636810302734,3.845214605331421,-16.9677734375,-1.014892578125,0.5147705078125,-0.244873046875
7.469,311,830,1527,299,-4.0,39.0,43.0,38.57421875,3.051757574081421,-28.137205123901367,-1.014892578125,0.5147705078125,-0.244873046875
7.469,311,859,1564,314,-4.0,39.0,43.0,16.29638671875,-0.4882812201976776,-28.991697311401367,-1.37744140625,0.3975830078125,-0.2412109375
7.478,311,889,1607,312,-4.0,39.0,43.0,-0.9155272841453552,-7.873534679412842,-21.240232467651367,-1.8812255859375,0.6573486328125,-0.11572265625
7.486,310,901,1622,314,-4.0,39.0,43.0,-7.690429210662842,-15.686034202575684,-11.962889671325684,-1.8812255859375,0.6573486328125,-0.11572265625
7.494,311,901,1611,314,-4.0,39.0,43.0,-10.742186546325684,-20.263669967651367,-6.652831554412842,-1.964111328125,0.8369140625,-0.0277099609375
7.508,310,877,1588,313,-4.0,39.0,43.0,-18.85986328125,-20.690916061401367,-6.103515148162842,-1.41650390625,0.2755126953125,0.3450927734375
7.516,310,864,1567,313,-4.0,39.0,43.0,-24.658201217651367,-16.2353515625,-7.568358898162842,-1.41650390625,0.2755126953125,0.3450927734375
7.524,312,848,1527,314,-4.0,39.0,43.0,-10.742186546325684,-5.920409679412842,-7.873534679412842,-0.9327392578125,0.07568359375,0.38623046875
7.548,310,835,1504,313,-4.0,39.0,43.0,14.770506858825684,4.39453125,-6.164550304412842,-1.009033203125,0.6307373046875,-0.0970458984375
7.549,312,830,1486,295,-4.0,39.0,43.0,25.878904342651367,8.72802734375,-8.7890625,-1.009033203125,0.6307373046875,-0.0970458984375
7.568,311,818,1450,314,-5.0,34.0,47.0,16.2353515625,7.873534679412842,-18.85986328125,-1.352783203125,0.7705078125,-0.2034912109375
7.570,310,793,1381,314,-5.0,34.0,47.0,-7.202147960662842,2.685546636581421,-29.418943405151367,-1.7239990234375,0.4842529296875,0.0821533203125
7.577,310,771,1345,313,-5.0,34.0,47.0,-30.273435592651367,-3.356933355331421,-33.8134765625,-1.7239990234375,0.4842529296875,0.0821533203125
7.584,311,741,1271,314,-5.0,34.0,47.0,-37.29248046875,-4.2724609375,-29.174802780151367,-1.6177978515625,0.3470458984375,0.20654296875
7.598,310,697,1149,312,-5.0,34.0,47.0,-19.10400390625,7.080077648162842,-3.051757574081421,-1.3626708984375,0.3807373046875,0.1787109375
7.606,310,662,1078,312,-5.0,34.0,47.0,-19.10400390625,7.080077648162842,-3.051757574081421,-1.1717529296875,0.29736328125,0.1588134765625
7.614,310,636,1027,314,-5.0,34.0,47.0,-12.023924827575684,14.465331077575684,5.920409679412842,-1.1717529296875,0.29736328125,0.1588134765625
7.628,310,586,939,312,-5.0,34.0,47.0,-4.8828125,25.207517623901367,13.854979515075684,-0.695068359375,0.1112060546875,0.1669921875
7.643,311,549,905,312,-5.0,34.0,47.0,-4.8828125,25.207517623901367,13.854979515075684,-0.5333251953125,0.15673828125,0.139404296875
7.652,310,523,854,312,-5.0,34.0,47.0,3.723144292831421,24.902341842651367,14.953612327575684,-0.5333251953125,0.15673828125,0.139404296875
7.670,310,485,813,312,-5.0,37.0,45.0,23.254392623901367,19.775390625,3.356933355331421,-0.4329833984375,0.3348388671875,0.0228271484375
7.673,311,465,771,311,-5.0,37.0,45.0,23.254392623901367,19.775390625,3.356933355331421,-0.4832763671875,0.2899169921875,-0.009521484375
7.674,310,440,737,311,-5.0,37.0,45.0,21.850584030151367,19.6533203125,-8.6669921875,-0.4832763671875,0.2899169921875,-0.009521484375
7.690,310,419,704,311,-5.0,37.0,45.0,5.0048828125,16.357421875,-27.343748092651367,-0.5780029296875,-0.0306396484375,0.004150390625
7.696,310,401,694,311,-5.0,37.0,45.0,5.0048828125,16.357421875,-27.343748092651367,-0.607666015625,0.0321044921875,-0.0904541015625
7.704,310,402,688,311,-5.0,37.0,45.0,4.2724609375,14.831542015075684,-26.000974655151367,-0.607666015625,0.0321044921875,-0.0904541015625
7.718,310,406,682,311,-5.0,37.0,45.0,5.249022960662842,7.629394054412842,-10.803221702575684,-0.75927734375,0.304443359375,-0.153076171875
7.726,310,401,685,311,-5.0,37.0,45.0,5.249022960662842,7.629394054412842,-10.803221702575684,-0.815185546875,0.3701171875,-0.1185302734375
7.734,308,402,685,312,-5.0,37.0,45.0,2.3193359375,1.3427733182907104,-3.601073980331421,-0.815185546875,0.3701171875,-0.1185302734375
7.748,310,414,684,310,-6.0,36.0,46.0,-6.591796398162842,-7.690429210662842,3.417968511581421,-0.7666015625,0.3082275390625,0.029052734375
7.778,310,417,685,311,-6.0,36.0,46.0,-9.3994140625,-8.85009765625,6.530761241912842,-0.7435302734375,0.2845458984375,0.0982666015625
7.778,296,402,669,312,-6.0,36.0,46.0,-9.3994140625,-8.85009765625,6.530761241912842,-0.7359619140625,0.2568359375,0.1412353515625
7.779,310,410,673,310,-6.0,36.0,46.0,-9.27734375,-7.873534679412842,10.253905296325684,-0.7359619140625,0.2568359375,0.1412353515625
7.788,309,439,697,311,-6.0,36.0,46.0,-7.019042491912842,-2.25830078125,15.258788108825684,-0.7703857421875,0.2637939453125,0.1085205078125
7.795,309,450,712,312,-6.0,36.0,46.0,-7.019042491912842,-2.25830078125,15.258788108825684,-0.7957763671875,0.341796875,0.072509765625
7.803,310,452,721,312,-6.0,36.0,46.0,-3.173827886581421,-1.3427733182907104,16.90673828125,-0.7957763671875,0.341796875,0.072509765625
7.818,310,477,739,312,-6.0,36.0,46.0,2.624511480331421,-3.845214605331421,18.4326171875,-0.84326171875,0.3414306640625,0.020751953125
7.825,310,488,756,311,-6.0,36.0,46.0,-1.6479490995407104,-3.540038824081421,21.850584030151367,-0.871826171875,0.288330078125,0.0009765625
7.833,312,493,771,312,-6.0,36.0,46.0,-1.6479490995407104,-3.540038824081421,21.850584030151367,-0.8270263671875,0.216796875,0.0323486328125
7.848,310,503,799,312,-5.0,36.0,45.0,-16.11328125,-4.638671875,32.470703125,-0.7308349609375,0.1517333984375,0.0894775390625
7.855,310,514,837,312,-5.0,36.0,45.0,-10.253905296325684,-6.774901866912842,37.41455078125,-0.640625,0.165771484375,0.12158203125
7.872,311,535,861,312,-5.0,36.0,45.0,-10.253905296325684,-6.774901866912842,37.41455078125,-0.5751953125,0.2457275390625,0.1126708984375
7.879,310,579,932,312,-5.0,36.0,45.0,15.197752952575684,-11.474608421325684,42.175289154052734,-0.52978515625,0.297119140625,0.107177734375
7.885,311,604,994,313,-5.0,36.0,45.0,18.9208984375,-12.329100608825684,37.17041015625,-0.4827880859375,0.259765625,0.1712646484375
7.893,310,629,1078,313,-5.0,36.0,45.0,18.9208984375,-12.329100608825684,37.17041015625,-0.3978271484375,0.15185546875,0.287109375
7.907,310,691,1253,314,-5.0,36.0,45.0,22.644041061401367,-8.36181640625,8.056640625,-0.315185546875,0.090576171875,0.3260498046875
7.915,311,740,1338,312,-5.0,36.0,45.0,43.823238372802734,-3.173827886581421,-7.751464366912842,-0.3414306640625,0.220458984375,0.1669921875
7.923,311,786,1395,314,-5.0,36.0,45.0,43.823238372802734,-3.173827886581421,-7.751464366912842,-0.5263671875,0.4481201171875,-0.1561279296875
7.937,311,861,1500,312,-5.0,36.0,45.0,72.021484375,-0.7934569716453552,-24.414060592651367,-0.8970947265625,0.5625,-0.44970703125
7.952,311,889,1546,314,-7.0,38.0,45.0,44.067378997802734,-5.798339366912842,-24.414060592651367,-1.376220703125,0.59619140625,-0.517333984375
7.953,296,921,1584,310,-7.0,38.0,45.0,44.067378997802734,-5.798339366912842,-24.414060592651367,-1.8155517578125,0.6773681640625,-0.3536376953125
7.986,310,959,1628,314,-7.0,38.0,45.0,-36.4990234375,-19.47021484375,-10.498045921325684,-2.0792236328125,0.7091064453125,-0.053466796875
7.986,310,966,1640,314,-7.0,38.0,45.0,-51.635738372802734,-24.963376998901367,-3.540038824081421,-2.0850830078125,0.5926513671875,0.2816162109375
7.986,311,939,1625,311,-7.0,38.0,45.0,-42.175289154052734,-24.475095748901367,3.112792730331421,-1.873291015625,0.4515380859375,0.47314453125
7.997,311,944,1596,312,-7.0,38.0,45.0,-14.953612327575684,-14.709471702575684,10.375975608825684,-1.43603515625,0.3463134765625,0.4310302734375
8.006,310,931,1577,314,-7.0,38.0,45.0,16.05224609375,1.8920897245407104,13.610838890075684,-0.9796142578125,0.3583984375,0.200439453125
8.013,310,912,1545,314,-7.0,38.0,45.0,32.5927734375,15.136717796325684,9.46044921875,-0.8421630859375,0.541748046875,-0.08349609375
8.030,310,879,1524,314,-7.0,38.0,45.0,23.254392623901367,17.08984375,-1.4648436307907104,-0.9544677734375,0.666748046875,-0.226318359375
8.036,310,877,1519,314,-7.0,38.0,45.0,1.15966796875,10.986327171325684,-17.15087890625,-1.110107421875,0.6123046875,-0.1705322265625
8.043,310,873,1499,314,-7.0,38.0,45.0,-15.747069358825684,3.540038824081421,-31.005857467651367,-1.374267578125,0.584228515625,-0.052978515625
8.057,310,849,1419,312,-5.0,37.0,43.0,-28.442380905151367,-3.356933355331421,-35.46142578125,-1.7088623046875,0.635009765625,0.0570068359375
8.081,310,830,1374,313,-5.0,37.0,43.0,-39.1845703125,-6.835937023162842,-31.433103561401367,-1.87158203125,0.58203125,0.1741943359375
8.082,312,809,1281,294,-5.0,37.0,43.0,-40.954586029052734,-3.479003667831421,-23.986814498901367,-1.803955078125,0.414794921875,0.2481689453125
8.087,311,742,1219,312,-5.0,37.0,43.0,-31.127927780151367,5.310058116912842,-13.244627952575684,-1.5980224609375,0.3323974609375,0.2548828125
8.095,310,711,1143,314,-5.0,37.0,43.0,-15.747069358825684,14.709471702575684,1.3427733182907104,-1.34375,0.3865966796875,0.217529296875
8.103,311,676,1063,312,-5.0,37.0,43.0,-3.906249761581421,21.728513717651367,13.244627952575684,-1.0703125,0.3836669921875,0.1754150390625
8.118,310,621,982,313,-5.0,37.0,43.0,4.0283203125,26.306150436401367,16.2353515625,-0.8038330078125,0.2900390625,0.1351318359375
8.125,311,585,927,314,-5.0,37.0,43.0,13.549803733825684,28.442380905151367,11.779784202575684,-0.5909423828125,0.2486572265625,0.0860595703125
8.133,312,548,875,313,-5.0,37.0,43.0,23.376462936401367,27.832029342651367,3.906249761581421,-0.4710693359375,0.2962646484375,0.0294189453125
8.147,310,499,809,310,-5.0,37.0,46.0,27.709959030151367,24.902341842651367,-5.615233898162842,-0.435302734375,0.3138427734375,-0.037353515625
8.156,310,476,756,311,-5.0,37.0,46.0,23.620603561401367,21.423337936401367,-16.78466796875,-0.4449462890625,0.2274169921875,-0.0615234375
8.163,310,452,713,310,-5.0,37.0,46.0,13.916014671325684,18.12744140625,-27.526853561401367,-0.495361328125,0.0758056640625,-0.0732421875
8.206,310,424,658,310,-5.0,37.0,46.0,5.126952648162842,16.845703125,-34.36279296875,-0.5352783203125,-0.0457763671875,-0.147216796875
8.206,310,413,631,297,-5.0,37.0,46.0,1.8310545682907104,17.51708984375,-35.5224609375,-0.5545654296875,-0.046875,-0.1917724609375
8.206,315,408,629,312,-5.0,37.0,46.0,0.4272460639476776,15.502928733825684,-29.968259811401367,-0.614013671875,0.0716552734375,-0.156494140625
8.212,308,395,620,311,-5.0,37.0,46.0,-2.50244140625,9.46044921875,-19.83642578125,-0.6885986328125,0.2406005859375,-0.1104736328125
8.218,310,395,619,311,-5.0,37.0,46.0,-7.507323741912842,2.44140625,-10.375975608825684,-0.7266845703125,0.3505859375,-0.071044921875
8.223,310,395,628,312,-5.0,37.0,46.0,-14.282225608825684,-3.051757574081421,-4.94384765625,-0.72314453125,0.3433837890625,-0.0169677734375
8.237,311,399,622,308,-5.0,37.0,46.0,-19.8974609375,-5.859374523162842,-2.563476324081421,-0.70703125,0.29248046875,0.0374755859375
8.245,310,402,631,312,-4.0,36.0,45.0,-21.057126998901367,-6.225585460662842,-0.1220703050494194,-0.70654296875,0.284912109375,0.0804443359375
8.260,310,411,631,311,-4.0,36.0,45.0,-18.61572265625,-5.554198741912842,3.906249761581421,-0.7244873046875,0.291015625,0.1181640625
8.267,310,423,629,312,-4.0,36.0,45.0,-16.78466796875,-4.08935546875,8.97216796875,-0.7470703125,0.2591552734375,0.1365966796875
8.292,308,436,629,311,-4.0,36.0,45.0,-17.578125,-1.03759765625,14.526366233825684,-0.761962890625,0.220947265625,0.1304931640625
8.292,310,454,643,312,-4.0,36.0,45.0,-15.136717796325684,1.3427733182907104,22.583005905151367,-0.7603759765625,0.26708984375,0.1297607421875
8.297,310,469,666,311,-4.0,36.0,45.0,-15.136717796325684,1.3427733182907104,22.583005905151367,-0.751220703125,0.304443359375,0.1134033203125
8.305,308,481,676,312,-4.0,36.0,45.0,-5.310058116912842,-1.8310545682907104,23.132322311401367,-0.751220703125,0.304443359375,0.1134033203125
8.313,312,493,689,311,-4.0,36.0,45.0,5.859374523162842,-5.859374523162842,22.094724655151367,-0.7257080078125,0.3193359375,0.072265625
8.327,308,509,726,311,-4.0,36.0,45.0,12.268065452575684,-8.056640625,21.484373092651367,-0.68310546875,0.342041015625,-0.0025634765625
8.336,310,531,749,311,-4.0,36.0,45.0,11.047362327575684,-7.568358898162842,22.460935592651367,-0.68310546875,0.342041015625,-0.0025634765625
8.344,310,551,778,312,-6.0,38.0,46.0,3.356933355331421,-7.019042491912842,23.986814498901367,-0.6622314453125,0.369384765625,-0.0037841796875
8.389,310,591,830,312,-6.0,38.0,46.0,-4.0283203125,-9.21630859375,23.681638717651367,-0.5281982421875,0.278564453125,0.05078125
8.389,311,614,902,313,-6.0,38.0,46.0,-4.08935546875,-13.000487327575684,20.446775436401367,-0.5281982421875,0.278564453125,0.05078125
8.389,310,650,974,313,-6.0,38.0,46.0,3.540038824081421,-16.11328125,15.014647483825684,-0.45166015625,0.226318359375,0.0640869140625
8.397,310,728,1160,297,-6.0,38.0,46.0,11.657713890075684,-18.49365234375,8.30078125,-0.51708984375,0.2314453125,0.0980224609375
8.399,311,771,1229,314,-6.0,38.0,46.0,15.136717796325684,-22.033689498901367,-0.7934569716453552,-0.51708984375,0.2314453125,0.0980224609375
8.403,310,809,1308,313,-6.0,38.0,46.0,18.310546875,-24.902341842651367,-12.207030296325684,-0.72607421875,0.2142333984375,0.080078125
8.417,310,868,1444,314,-6.0,38.0,46.0,25.146482467651367,-22.033689498901367,-21.545408248901367,-1.138427734375,0.3134765625,-0.097412109375
8.425,311,906,1499,314,-6.0,38.0,46.0,31.249998092651367,-15.747069358825684,-24.780271530151367,-1.2967529296875,0.4498291015625,-0.1707763671875
8.433,311,931,1540,312,-6.0,38.0,46.0,27.709959030151367,-13.061522483825684,-22.521970748901367,-1.2967529296875,0.4498291015625,-0.1707763671875
8.447,310,966,1591,313,-4.0,36.0,46.0,-9.3994140625,-18.61572265625,-9.58251953125,-1.7930908203125,0.890380859375,-0.16259765625
8.463,310,978,1607,314,-4.0,36.0,46.0,-9.3994140625,-18.61572265625,-9.58251953125,-2.00390625,0.8353271484375,0.0125732421875
8.464,311,966,1580,289,-4.0,36.0,46.0,-32.2265625,-21.850584030151367,-6.225585460662842,-2.00390625,0.8353271484375,0.0125732421875
8.491,311,951,1555,312,-4.0,36.0,46.0,-44.860836029052734,-14.892577171325684,-0.9155272841453552,-1.4029541015625,-0.04541015625,0.5908203125
8.491,310,935,1526,313,-4.0,36.0,46.0,-44.860836029052734,-14.892577171325684,-0.9155272841453552,-0.864990234375,-0.1004638671875,0.5269775390625
8.494,310,913,1486,314,-4.0,36.0,46.0,-16.2353515625,2.01416015625,5.432128429412842,-0.864990234375,-0.1004638671875,0.5269775390625
8.507,310,902,1474,312,-4.0,36.0,46.0,34.72900390625,28.259275436401367,7.568358898162842,-1.0186767578125,0.9053955078125,-0.267578125
8.515,310,888,1457,314,-4.0,36.0,46.0,34.72900390625,28.259275436401367,7.568358898162842,-1.3460693359375,0.9581298828125,-0.322998046875
8.523,312,876,1422,314,-4.0,36.0,46.0,16.4794921875,23.315427780151367,-12.817381858825684,-1.3460693359375,0.9581298828125,-0.322998046875
8.537,309,846,1344,314,-4.0,36.0,46.0,-47.302242279052734,-1.5869139432907104,-42.968746185302734,-1.729248046875,0.40771484375,0.0980224609375
8.545,310,826,1300,313,-5.0,37.0,42.0,-47.302242279052734,-1.5869139432907104,-42.968746185302734,-1.66845703125,0.230712890625,0.2249755859375
8.553,310,794,1241,314,-5.0,37.0,42.0,-55.664058685302734,-2.25830078125,-34.97314453125,-1.66845703125,0.230712890625,0.2249755859375
8.567,310,730,1122,313,-5.0,37.0,42.0,-27.160642623901367,13.916014671325684,2.929687261581421,-1.4053955078125,0.36279296875,0.1837158203125
8.600,309,700,1055,312,-5.0,37.0,42.0,-27.160642623901367,13.916014671325684,2.929687261581421,-1.22509765625,0.365478515625,0.14501953125
8.600,310,668,1011,313,-5.0,37.0,42.0,-17.578125,21.667478561401367,16.845703125,-0.9937744140625,0.268798828125,0.127685546875
8.600,310,600,891,312,-5.0,37.0,42.0,-10.620116233825684,31.188962936401367,21.606443405151367,-0.7691650390625,0.163818359375,0.114013671875
8.612,310,582,865,312,-5.0,37.0,42.0,0.54931640625,29.357908248901367,18.310546875,-0.6029052734375,0.1678466796875,0.0838623046875
8.613,311,532,840,312,-5.0,37.0,42.0,0.54931640625,29.357908248901367,18.310546875,-0.502197265625,0.283203125,0.0380859375
8.628,310,506,772,311,-5.0,37.0,42.0,26.916501998901367,20.385740280151367,3.906249761581421,-0.4647216796875,0.3607177734375,0.0018310546875
8.636,310,473,736,312,-5.0,37.0,42.0,25.207517623901367,18.00537109375,-7.934569835662842,-0.4820556640625,0.30126953125,-0.0211181640625
8.644,310,449,697,312,-5.0,37.0,45.0,25.207517623901367,18.00537109375,-7.934569835662842,-0.5191650390625,0.1119384765625,-0.0411376953125
8.658,312,424,673,311,-5.0,37.0,45.0,12.390135765075684,16.05224609375,-26.184080123901367,-0.5396728515625,-0.0804443359375,-0.078369140625
8.667,310,419,661,312,-5.0,37.0,45.0,12.817381858825684,14.526366233825684,-26.611326217651367,-0.5684814453125,-0.089599609375,-0.12109375
8.674,310,409,658,312,-5.0,37.0,45.0,15.380858421325684,10.681151390075684,-18.85986328125,-0.6409912109375,0.0926513671875,-0.1468505859375
8.706,310,407,647,310,-5.0,37.0,45.0,14.526366233825684,4.0283203125,-7.873534679412842,-0.7276611328125,0.3167724609375,-0.1497802734375
8.707,310,385,632,311,-5.0,37.0,45.0,7.568358898162842,-3.662109136581421,0.7324218153953552,-0.7657470703125,0.4371337890625,-0.107177734375
8.707,310,399,646,311,-5.0,37.0,45.0,-2.563476324081421,-9.521484375,4.5166015625,-0.7545166015625,0.4190673828125,-0.0313720703125
8.718,311,406,648,312,-5.0,37.0,45.0,-2.563476324081421,-9.521484375,4.5166015625,-0.7362060546875,0.352294921875,0.0479736328125
8.727,310,413,660,311,-5.0,37.0,45.0,-11.718749046325684,-12.573241233825684,5.493163585662842,-0.7275390625,0.30712890625,0.1163330078125
8.736,310,419,664,314,-5.0,37.0,45.0,-9.46044921875,-11.901854515075684,6.835937023162842,-0.7255859375,0.260498046875,0.15087890625
8.743,310,427,666,311,-7.0,39.0,45.0,-7.446288585662842,-9.33837890625,9.58251953125,-0.7257080078125,0.216064453125,0.1431884765625
8.757,310,444,676,310,-7.0,39.0,45.0,-7.690429210662842,-5.859374523162842,13.549803733825684,-0.7335205078125,0.2275390625,0.118896484375
8.770,310,454,698,310,-7.0,39.0,45.0,-7.995604991912842,-4.08935546875,17.333984375,-0.75390625,0.291015625,0.0987548828125
8.773,310,465,713,312,-7.0,39.0,45.0,-4.7607421875,-5.065917491912842,19.10400390625,-0.7698974609375,0.354736328125,0.0860595703125
8.800,309,494,749,311,-7.0,39.0,45.0,1.8920897245407104,-7.019042491912842,18.49365234375,-0.77978515625,0.3931884765625,0.067626953125
8.800,309,497,780,311,-7.0,39.0,45.0,8.056640625,-8.23974609375,17.08984375,-0.775146484375,0.4049072265625,0.04345703125
8.803,309,505,785,311,-7.0,39.0,45.0,9.46044921875,-8.4228515625,16.29638671875,-0.7535400390625,0.378173828125,0.023681640625
8.825,310,518,814,312,-7.0,39.0,45.0,5.187987804412842,-7.629394054412842,17.02880859375,-0.7398681640625,0.3214111328125,0.0111083984375
8.825,310,512,818,311,-7.0,39.0,45.0,-3.356933355331421,-7.019042491912842,19.8974609375,-0.724365234375,0.2698974609375,0.0137939453125
8.834,311,552,864,313,-7.0,39.0,45.0,-12.390135765075684,-7.568358898162842,23.254392623901367,-0.7049560546875,0.22998046875,0.0364990234375
8.847,310,601,947,310,-4.0,35.0,45.0,-14.465331077575684,-9.46044921875,24.414060592651367,-0.707763671875,0.19482421875,0.0723876953125
8.855,312,629,1000,312,-4.0,35.0,45.0,-5.981444835662842,-13.183592796325684,21.667478561401367,-0.703369140625,0.165771484375,0.1170654296875
8.863,309,650,1043,313,-4.0,35.0,45.0,6.835937023162842,-17.7001953125,14.892577171325684,-0.664306640625,0.1226806640625,0.154296875
8.877,310,711,1173,312,-4.0,35.0,45.0,19.6533203125,-20.568845748901367,6.835937023162842,-0.627197265625,0.104736328125,0.1556396484375
8.901,308,742,1236,312,-4.0,35.0,45.0,33.50830078125,-20.996091842651367,1.3427733182907104,-0.6424560546875,0.212646484375,0.0965576171875
8.901,313,777,1295,312,-4.0,35.0,45.0,45.776363372802734,-19.71435546875,-1.03759765625,-0.7568359375,0.44140625,-0.05322265625
8.907,310,832,1391,314,-4.0,35.0,45.0,46.630855560302734,-18.9208984375,-4.150390625,-0.962890625,0.6131591796875,-0.2086181640625
8.915,310,853,1434,314,-4.0,35.0,45.0,32.8369140625,-21.301267623901367,-8.85009765625,-1.2239990234375,0.631103515625,-0.24755859375
8.937,310,867,1469,314,-4.0,35.0,45.0,12.268065452575684,-25.329587936401367,-10.253905296325684,-1.47705078125,0.5609130859375,-0.1341552734375
8.937,310,864,1462,312,-4.0,35.0,45.0,-7.141112804412842,-27.893064498901367,-5.859374523162842,-1.6575927734375,0.4791259765625,0.0518798828125
8.945,311,894,1514,313,-6.0,35.0,45.0,-20.141599655151367,-27.099607467651367,1.8310545682907104,-1.711181640625,0.4229736328125,0.2103271484375
8.954,311,895,1508,312,-6.0,35.0,45.0,-22.827146530151367,-23.254392623901367,9.09423828125,-1.6029052734375,0.412841796875,0.331787109375
8.974,311,886,1455,313,-6.0,35.0,45.0,-13.000487327575684,-15.686034202575684,12.939452171325684,-1.3846435546875,0.46533203125,0.359130859375
8.975,308,875,1424,314,-6.0,35.0,45.0,4.21142578125,-3.417968511581421,10.986327171325684,-1.1112060546875,0.499267578125,0.2603759765625
8.983,310,859,1393,314,-6.0,35.0,45.0,19.287109375,9.6435546875,3.051757574081421,-0.9110107421875,0.50244140625,0.0941162109375
9.015,310,848,1377,312,-6.0,35.0,45.0,22.644041061401367,16.78466796875,-6.469726085662842,-0.8958740234375,0.4969482421875,-0.0362548828125
9.029,312,840,1365,314,-6.0,35.0,45.0,12.145995140075684,16.78466796875,-13.427733421325684,-1.0579833984375,0.48388671875,-0.0694580078125
9.042,310,827,1351,314,-6.0,35.0,45.0,-3.662109136581421,13.366698265075684,-15.930174827575684,-1.3548583984375,0.5380859375,-0.0355224609375
9.042,311,805,1275,313,-6.0,35.0,45.0,-19.287109375,9.21630859375,-13.916014671325684,-1.613037109375,0.5911865234375,0.0400390625
9.045,312,780,1239,314,-6.0,35.0,45.0,-31.066892623901367,6.835937023162842,-8.72802734375,-1.67529296875,0.5406494140625,0.1278076171875
9.045,311,758,1175,314,-6.0,35.0,44.0,-33.38623046875,8.544921875,-1.2817381620407104,-1.577392578125,0.4429931640625,0.1761474609375
9.057,310,717,1081,312,-6.0,35.0,44.0,-27.282712936401367,12.817381858825684,7.263183116912842,-1.1785888671875,0.3778076171875,0.1986083984375
9.065,310,685,1035,312,-6.0,35.0,44.0,-17.333984375,16.4794921875,14.526366233825684,-1.1785888671875,0.3778076171875,0.1986083984375
9.076,310,664,1008,313,-6.0,35.0,44.0,-3.723144292831421,18.61572265625,16.66259765625,-0.967041015625,0.4066162109375,0.1700439453125
9.107,310,620,902,312,-6.0,35.0,44.0,10.864256858825684,19.47021484375,11.901854515075684,-0.672119140625,0.472900390625,0.01123046875
9.107,289,585,861,311,-6.0,35.0,44.0,20.629880905151367,19.34814453125,2.13623046875,-0.672119140625,0.472900390625,0.01123046875
9.107,310,548,833,298,-6.0,35.0,44.0,21.789548873901367,18.61572265625,-9.09423828125,-0.5887451171875,0.439208984375,-0.0452880859375
9.117,310,527,802,313,-6.0,35.0,44.0,15.319823265075684,17.4560546875,-19.287109375,-0.5283203125,0.143310546875,-0.0228271484375
9.125,310,503,765,312,-6.0,35.0,44.0,6.591796398162842,15.502928733825684,-26.550291061401367,-0.5283203125,0.143310546875,-0.0228271484375
9.133,310,491,728,313,-6.0,35.0,44.0,1.8920897245407104,12.329100608825684,-29.052732467651367,-0.5802001953125,-0.0047607421875,0.0198974609375
9.147,310,469,705,311,-5.0,36.0,44.0,3.906249761581421,10.009765625,-26.855466842651367,-0.6669921875,-0.0338134765625,-0.0654296875
9.157,310,455,705,311,-5.0,36.0,44.0,8.72802734375,8.7890625,-21.972654342651367,-0.6669921875,-0.0338134765625,-0.0654296875
9.165,310,451,697,312,-5.0,36.0,44.0,8.85009765625,5.798339366912842,-15.502928733825684,-0.649658203125,0.0771484375,-0.063232421875
9.179,310,441,698,311,-5.0,36.0,44.0,4.45556640625,2.197265625,-7.446288585662842,-0.743896484375,0.3782958984375,-0.0706787109375
9.185,310,441,697,312,-5.0,36.0,44.0,0.8544921278953552,-1.03759765625,0.9765624403953552,-0.743896484375,0.3782958984375,-0.0706787109375
9.208,310,449,700,311,-5.0,36.0,44.0,-3.051757574081421,-3.967284917831421,6.164550304412842,-0.749267578125,0.42578125,-0.0516357421875
9.209,310,455,698,312,-5.0,36.0,44.0,-16.9677734375,-6.652831554412842,10.192870140075684,-0.6986083984375,0.3353271484375,0.089111328125
9.215,310,465,705,312,-5.0,36.0,44.0,-16.9677734375,-6.652831554412842,10.192870140075684,-0.6920166015625,0.28515625,0.15625
9.223,309,473,711,311,-5.0,36.0,44.0,-18.61572265625,-6.103515148162842,12.695311546325684,-0.6920166015625,0.28515625,0.15625
9.237,309,483,717,311,-7.0,36.0,44.0,-6.408690929412842,-3.417968511581421,15.380858421325684,-0.7550048828125,0.3011474609375,0.1480712890625
9.256,311,497,739,312,-7.0,36.0,44.0,-6.408690929412842,-3.417968511581421,15.380858421325684,-0.776123046875,0.361572265625,0.107421875
9.256,308,491,756,312,-7.0,36.0,44.0,2.746581792831421,-3.295898199081421,14.770506858825684,-0.776123046875,0.361572265625,0.107421875
9.268,309,533,778,312,-7.0,36.0,44.0,9.33837890625,-5.249022960662842,11.413573265075684,-0.7681884765625,0.3660888671875,0.0733642578125
9.281,310,545,799,312,-7.0,36.0,44.0,6.774901866912842,-4.82177734375,10.925292015075684,-0.75537109375,0.3377685546875,0.0595703125
9.284,310,557,810,312,-7.0,36.0,44.0,6.774901866912842,-4.82177734375,10.925292015075684,-0.7239990234375,0.3109130859375,0.0496826171875
9.311,310,578,840,311,-7.0,36.0,44.0,4.8828125,-4.69970703125,14.892577171325684,-0.6912841796875,0.27197265625,0.062255859375
9.312,310,566,867,290,-7.0,36.0,44.0,9.1552734375,-6.774901866912842,17.822265625,-0.6827392578125,0.2376708984375,0.088623046875
9.315,310,604,901,312,-7.0,36.0,44.0,9.1552734375,-6.774901866912842,17.822265625,-0.69287109375,0.2294921875,0.1048583984375
9.323,310,629,947,313,-7.0,36.0,44.0,16.845703125,-8.36181640625,20.080564498901367,-0.69287109375,0.2294921875,0.1048583984375
9.337,310,668,1025,310,-7.0,39.0,40.0,26.000974655151367,-7.873534679412842,17.76123046875,-0.7249755859375,0.293701171875,0.113037109375
9.345,310,694,1089,312,-7.0,39.0,40.0,27.160642623901367,-9.70458984375,11.474608421325684,-0.771484375,0.325439453125,0.088623046875
9.360,311,723,1147,314,-7.0,39.0,40.0,27.160642623901367,-9.70458984375,11.474608421325684,-0.8470458984375,0.3878173828125,-0.0023193359375
9.367,312,778,1231,312,-7.0,39.0,40.0,32.1044921875,-7.446288585662842,-1.7089842557907104,-0.9276123046875,0.439453125,-0.1158447265625
9.388,311,802,1281,312,-7.0,39.0,40.0,26.977537155151367,-5.676269054412842,-4.2724609375,-0.968017578125,0.3831787109375,-0.1505126953125
9.388,311,827,1323,299,-7.0,39.0,40.0,26.977537155151367,-5.676269054412842,-4.2724609375,-0.9996337890625,0.2950439453125,-0.117919921875
9.415,310,858,1406,312,-7.0,39.0,40.0,9.1552734375,-13.244627952575684,0.0610351525247097,-1.0750732421875,0.318359375,-0.0780029296875
9.416,312,875,1450,312,-7.0,39.0,40.0,5.615233898162842,-16.9677734375,4.08935546875,-1.1832275390625,0.4515380859375,-0.0576171875
9.416,296,889,1478,312,-7.0,39.0,40.0,5.615233898162842,-16.9677734375,4.08935546875,-1.287353515625,0.6094970703125,-0.0677490234375
9.428,310,918,1519,312,-7.0,39.0,40.0,-2.868652105331421,-20.141599655151367,-0.54931640625,-1.362060546875,0.7178955078125,-0.0284423828125
9.436,310,922,1538,313,-6.0,36.0,42.0,-11.840819358825684,-22.094724655151367,-3.723144292831421,-1.4256591796875,0.7164306640625,0.1015625
9.444,311,927,1533,314,-6.0,36.0,42.0,-17.9443359375,-22.521970748901367,-4.21142578125,-1.4622802734375,0.5797119140625,0.258056640625
9.466,310,912,1504,312,-6.0,36.0,42.0,-16.41845703125,-18.12744140625,-3.662109136581421,-1.3297119140625,0.36669921875,0.370849609375
9.467,311,902,1484,289,-6.0,36.0,42.0,-3.051757574081421,-7.995604991912842,-3.906249761581421,-1.0517578125,0.2557373046875,0.3338623046875
9.474,312,879,1444,314,-6.0,36.0,42.0,14.526366233825684,4.150390625,-5.065917491912842,-0.892822265625,0.38330078125,0.11865234375
9.493,311,868,1424,312,-6.0,36.0,42.0,21.057126998901367,11.474608421325684,-8.60595703125,-0.939697265625,0.58251953125,-0.1060791015625
9.499,311,865,1415,312,-6.0,36.0,42.0,12.329100608825684,11.535643577575684,-17.08984375,-1.145263671875,0.668701171875,-0.1700439453125
9.518,310,853,1393,313,-6.0,36.0,42.0,-5.065917491912842,6.591796398162842,-27.038572311401367,-1.44189453125,0.659423828125,-0.0794677734375
9.518,312,827,1334,297,-6.0,36.0,42.0,-24.169919967651367,0.6713866591453552,-31.433103561401367,-1.65234375,0.5845947265625,0.069580078125
9.526,311,809,1292,314,-6.0,36.0,42.0,-36.07177734375,-1.3427733182907104,-27.832029342651367,-1.684326171875,0.5013427734375,0.192626953125
9.534,310,780,1241,314,-5.0,38.0,44.0,-35.888671875,2.563476324081421,-17.76123046875,-1.5926513671875,0.4464111328125,0.2342529296875
9.548,310,741,1139,312,-5.0,38.0,44.0,-27.709959030151367,10.253905296325684,-5.249022960662842,-1.4151611328125,0.3841552734375,0.225341796875
9.556,310,710,1067,312,-5.0,38.0,44.0,-15.747069358825684,17.39501953125,4.69970703125,-1.1573486328125,0.29833984375,0.2388916015625
9.571,310,678,1022,312,-5.0,38.0,44.0,-1.5869139432907104,21.362302780151367,9.09423828125,-0.8792724609375,0.2452392578125,0.238037109375
9.578,310,629,927,312,-5.0,38.0,44.0,12.573241233825684,22.705076217651367,8.36181640625,-0.661376953125,0.2747802734375,0.17236328125
9.588,310,598,886,312,-5.0,38.0,44.0,23.559568405151367,22.583005905151367,4.08935546875,-0.547607421875,0.36572265625,0.0521240234375
9.594,310,564,864,312,-5.0,38.0,44.0,27.099607467651367,22.033689498901367,-3.662109136581421,-0.5146484375,0.428955078125,-0.0921630859375
9.619,310,533,796,312,-5.0,38.0,44.0,20.935056686401367,21.118162155151367,-15.014647483825684,-0.5146484375,0.3739013671875,-0.1595458984375
9.619,310,519,738,296,-5.0,38.0,44.0,7.934569835662842,18.4326171875,-27.160642623901367,-0.5469970703125,0.195068359375,-0.108642578125
9.624,310,497,742,310,-5.0,38.0,44.0,-3.723144292831421,15.624999046325684,-35.400390625,-0.60546875,0.0084228515625,-0.0936279296875
9.638,309,475,716,310,-6.0,36.0,45.0,-7.568358898162842,15.624999046325684,-36.31591796875,-0.66748046875,-0.032958984375,-0.13671875
9.646,311,465,711,311,-6.0,36.0,45.0,-8.056640625,13.854979515075684,-29.846189498901367,-0.7135009765625,0.0496826171875,-0.109619140625
9.654,310,449,697,311,-6.0,36.0,45.0,-11.596678733825684,7.263183116912842,-19.83642578125,-0.7447509765625,0.145263671875,-0.044677734375
9.677,310,436,703,312,-6.0,36.0,45.0,-15.808104515075684,0.4882812201976776,-9.94873046875,-0.763427734375,0.23388671875,-0.0086669921875
9.678,310,436,697,311,-6.0,36.0,45.0,-16.845703125,-3.417968511581421,-2.13623046875,-0.766357421875,0.2982177734375,0.0113525390625
9.691,310,437,697,312,-6.0,36.0,45.0,-15.991209983825684,-4.94384765625,2.990722417831421,-0.7581787109375,0.3216552734375,0.0364990234375
9.698,310,444,691,310,-6.0,36.0,45.0,-15.624999046325684,-5.371093273162842,6.591796398162842,-0.742431640625,0.3221435546875,0.0765380859375
9.722,309,449,694,314,-6.0,36.0,45.0,-15.136717796325684,-4.7607421875,10.314940452575684,-0.7325439453125,0.3135986328125,0.12255859375
9.723,310,454,698,312,-6.0,36.0,45.0,-14.282225608825684,-2.685546636581421,14.526366233825684,-0.72265625,0.302001953125,0.1611328125
9.728,309,476,705,311,-6.0,36.0,45.0,-13.793944358825684,0.30517578125,18.24951171875,-0.698974609375,0.29443359375,0.1927490234375
9.736,310,481,721,312,-5.0,38.0,42.0,-11.596678733825684,2.807616949081421,20.141599655151367,-0.698974609375,0.29443359375,0.1927490234375
9.744,309,490,732,311,-5.0,38.0,42.0,-5.310058116912842,3.723144292831421,19.775390625,-0.70361328125,0.3201904296875,0.1668701171875
9.758,311,512,772,310,-5.0,38.0,42.0,3.356933355331421,3.112792730331421,18.00537109375,-0.7296142578125,0.3660888671875,0.064697265625
9.766,310,531,790,312,-5.0,38.0,42.0,10.620116233825684,1.8310545682907104,15.747069358825684,-0.7296142578125,0.3660888671875,0.064697265625
9.783,310,538,801,312,-5.0,38.0,42.0,13.427733421325684,1.220703125,13.977049827575684,-0.7296142578125,0.3685302734375,0.041015625
9.793,310,566,810,312,-5.0,38.0,42.0,10.192870140075684,2.38037109375,13.366698265075684,-0.66796875,0.315673828125,0.080078125
9.796,310,583,832,312,-5.0,38.0,42.0,3.601073980331421,3.784179449081421,13.610838890075684,-0.66796875,0.315673828125,0.080078125
9.804,311,601,860,312,-5.0,38.0,42.0,-0.2441406100988388,3.906249761581421,13.732909202575684,-0.5994873046875,0.2432861328125,0.1297607421875
9.831,310,640,963,313,-5.0,38.0,42.0,3.540038824081421,2.990722417831421,13.732909202575684,-0.5107421875,0.259765625,0.142822265625
9.831,311,674,1027,312,-5.0,38.0,42.0,13.488768577575684,1.220703125,12.695311546325684,-0.5107421875,0.259765625,0.142822265625
9.834,310,718,1087,314,-7.0,37.0,44.0,22.583005905151367,0.0610351525247097,8.9111328125,-0.59716796875,0.3111572265625,0.065185546875
9.848,310,777,1198,312,-7.0,37.0,44.0,26.062009811401367,0.9765624403953552,2.929687261581421,-0.931640625,0.315673828125,-0.2012939453125
9.856,312,816,1260,314,-7.0,37.0,44.0,23.620603561401367,3.479003667831421,-4.2724609375,-0.931640625,0.315673828125,-0.2012939453125
9.864,310,840,1308,314,-7.0,37.0,44.0,17.333984375,3.784179449081421,-10.131834983825684,-0.9464111328125,0.2628173828125,-0.20166015625
9.878,309,889,1374,312,-7.0,37.0,44.0,11.657713890075684,-1.0986328125,-11.596678733825684,-1.0201416015625,0.202392578125,-0.17138671875
9.896,311,912,1419,314,-7.0,37.0,44.0,8.97216796875,-9.765625,-7.690429210662842,-1.2559814453125,0.3704833984375,-0.205810546875
9.897,310,922,1450,312,-7.0,37.0,44.0,6.896972179412842,-18.85986328125,-0.3662109076976776,-1.2559814453125,0.3704833984375,-0.205810546875
9.925,310,947,1502,312,-7.0,37.0,44.0,-12.329100608825684,-27.893064498901367,5.187987804412842,-1.769775390625,0.926513671875,-0.1072998046875
9.926,310,951,1509,314,-7.0,37.0,44.0,-12.329100608825684,-27.893064498901367,5.187987804412842,-1.8441162109375,0.8138427734375,0.1719970703125
9.926,310,919,1454,311,-7.0,37.0,44.0,-30.883787155151367,-30.639646530151367,1.5869139432907104,-1.8441162109375,0.8138427734375,0.1719970703125
9.943,311,931,1450,312,-5.0,37.0,44.0,-27.709959030151367,-18.85986328125,2.3193359375,-1.128173828125,0.093505859375,0.621337890625
9.946,310,916,1419,314,-5.0,37.0,44.0,-27.709959030151367,-18.85986328125,2.3193359375,-0.7860107421875,0.193115234375,0.3565673828125
9.955,311,906,1402,312,-5.0,37.0,44.0,7.751464366912842,0.4882812201976776,6.347655773162842,-0.7860107421875,0.193115234375,0.3565673828125
9.968,311,901,1407,313,-5.0,37.0,44.0,34.48486328125,19.71435546875,-2.01416015625,-1.1514892578125,0.78857421875,-0.32470703125
9.976,310,888,1397,313,-5.0,37.0,44.0,34.48486328125,19.71435546875,-2.01416015625,-1.4832763671875,0.7457275390625,-0.2506103515625
9.984,311,877,1374,314,-5.0,37.0,44.0,8.30078125,10.803221702575684,-15.624999046325684,-1.4832763671875,0.7457275390625,-0.2506103515625
10.001,311,849,1323,312,-5.0,37.0,44.0,-41.564937591552734,-6.225585460662842,-23.315427780151367,-1.7056884765625,0.3907470703125,0.187255859375
10.006,311,827,1268,313,-5.0,37.0,44.0,-41.564937591552734,-6.225585460662842,-23.315427780151367,-1.620361328125,0.3966064453125,0.274169921875
10.030,310,805,1198,314,-5.0,37.0,44.0,-40.405269622802734,-2.807616949081421,-13.183592796325684,-1.620361328125,0.3966064453125,0.274169921875
10.030,310,735,1078,313,-5.0,37.0,44.0,-17.578125,13.488768577575684,13.549803733825684,-1.29150390625,0.450927734375,0.259033203125
10.036,310,713,994,313,-4.0,39.0,46.0,-4.5166015625,19.6533203125,18.1884765625,-1.0113525390625,0.3416748046875,0.239013671875
10.044,310,673,920,314,-4.0,39.0,46.0,-4.5166015625,19.6533203125,18.1884765625,-0.71044921875,0.2713623046875,0.1689453125
10.058,310,620,823,311,-4.0,39.0,46.0,32.53173828125,23.742673873901367,9.765625,-0.486083984375,0.2877197265625,0.029052734375
10.066,311,590,778,313,-4.0,39.0,46.0,47.607418060302734,23.864744186401367,1.3427733182907104,-0.4210205078125,0.3524169921875,-0.1490478515625
10.074,311,566,749,312,-4.0,39.0,46.0,47.607418060302734,23.864744186401367,1.3427733182907104,-0.47265625,0.3197021484375,-0.2353515625
10.088,310,531,689,312,-4.0,39.0,46.0,32.71484375,13.854979515075684,-21.728513717651367,-0.537109375,0.160400390625,-0.23046875
10.108,310,506,671,312,-4.0,39.0,46.0,12.939452171325684,10.620116233825684,-30.212400436401367,-0.5880126953125,0.0731201171875,-0.2442626953125
10.108,310,491,664,312,-4.0,39.0,46.0,12.939452171325684,10.620116233825684,-30.212400436401367,-0.62548828125,0.1064453125,-0.23291015625
10.129,311,463,643,310,-4.0,39.0,46.0,-20.935056686401367,5.920409679412842,-27.465818405151367,-0.658447265625,0.1405029296875,-0.1510009765625
10.130,310,450,631,310,-4.0,39.0,46.0,-34.72900390625,-1.7089842557907104,-20.446775436401367,-0.6865234375,0.171875,-0.0343017578125
10.134,310,451,621,310,-4.0,38.0,43.0,-34.72900390625,-1.7089842557907104,-20.446775436401367,-0.695068359375,0.22705078125,0.057861328125
10.148,308,447,617,310,-4.0,38.0,43.0,-35.400390625,-12.145995140075684,-6.835937023162842,-0.7086181640625,0.2755126953125,0.09326171875
10.156,310,447,622,312,-4.0,38.0,43.0,-27.648923873901367,-12.756346702575684,-2.685546636581421,-0.724609375,0.3251953125,0.107177734375
10.168,310,452,631,312,-4.0,38.0,43.0,-27.648923873901367,-12.756346702575684,-2.685546636581421,-0.7398681640625,0.364990234375,0.1365966796875
10.178,310,456,639,310,-4.0,38.0,43.0,-19.04296875,-10.009765625,3.845214605331421,-0.751708984375,0.361083984375,0.176513671875
10.186,310,465,640,310,-4.0,38.0,43.0,-17.7001953125,-6.103515148162842,5.615233898162842,-0.761962890625,0.3226318359375,0.192626953125
10.194,310,473,645,310,-4.0,38.0,43.0,-14.831542015075684,-1.15966796875,7.446288585662842,-0.7694091796875,0.286865234375,0.18896484375
10.211,310,493,663,312,-4.0,38.0,43.0,-10.498045921325684,1.9531248807907104,9.94873046875,-0.7581787109375,0.2779541015625,0.1917724609375
10.233,310,494,674,312,-4.0,38.0,43.0,-4.45556640625,2.624511480331421,12.145995140075684,-0.7333984375,0.2811279296875,0.1856689453125
10.233,293,508,695,310,-4.0,38.0,43.0,4.82177734375,2.25830078125,13.061522483825684,-0.7149658203125,0.2879638671875,0.1461181640625
10.239,310,535,721,312,-7.0,40.0,43.0,15.380858421325684,1.9531248807907104,13.122557640075684,-0.7178955078125,0.3094482421875,0.084228515625
10.246,309,547,738,312,-7.0,40.0,43.0,22.094724655151367,1.5258787870407104,13.061522483825684,-0.7271728515625,0.3499755859375,0.0350341796875
10.254,310,555,744,312,-7.0,40.0,43.0,20.629880905151367,0.6713866591453552,13.488768577575684,-0.727294921875,0.3895263671875,0.0096435546875
10.268,310,582,763,312,-7.0,40.0,43.0,11.413573265075684,-0.4882812201976776,14.465331077575684,-0.7216796875,0.3798828125,0.010498046875
10.284,310,594,780,312,-7.0,40.0,43.0,0.8544921278953552,-2.13623046875,15.686034202575684,-0.6912841796875,0.29638671875,0.041748046875
10.285,310,616,818,312,-7.0,40.0,43.0,-1.5258787870407104,-3.662109136581421,17.4560546875,-0.6292724609375,0.2008056640625,0.0927734375
10.305,310,659,919,310,-7.0,40.0,43.0,6.958007335662842,-4.39453125,19.47021484375,-0.542724609375,0.1712646484375,0.15771484375
10.306,311,707,982,313,-7.0,40.0,43.0,20.141599655151367,-4.45556640625,18.73779296875,-0.4862060546875,0.193115234375,0.205810546875
10.314,310,749,1065,312,-7.0,40.0,43.0,33.447265625,-2.929687261581421,13.732909202575684,-0.554443359375,0.2373046875,0.1524658203125
10.337,310,810,1196,312,-9.0,37.0,42.0,46.264644622802734,1.220703125,5.676269054412842,-0.672607421875,0.2569580078125,-0.0145263671875
10.338,310,849,1253,314,-9.0,37.0,42.0,53.894039154052734,6.042479991912842,-3.295898199081421,-0.75,0.21630859375,-0.2000732421875
10.345,312,882,1316,313,-9.0,37.0,42.0,49.682613372802734,5.920409679412842,-8.4228515625,-0.8214111328125,0.18798828125,-0.29541015625
10.358,312,928,1393,314,-9.0,37.0,42.0,34.11865234375,-0.1831054538488388,-7.141112804412842,-0.9449462890625,0.2559814453125,-0.30224609375
10.366,310,943,1442,314,-9.0,37.0,42.0,13.244627952575684,-7.934569835662842,-3.906249761581421,-1.156494140625,0.4403076171875,-0.28173828125
10.374,311,968,1492,313,-9.0,37.0,42.0,-9.33837890625,-14.648436546325684,-2.929687261581421,-1.439453125,0.7252197265625,-0.2525634765625
10.393,310,992,1538,314,-9.0,37.0,42.0,-33.0810546875,-20.812986373901367,-2.868652105331421,-1.7591552734375,0.953369140625,-0.1595458984375
10.396,310,991,1531,314,-9.0,37.0,42.0,-55.297847747802734,-27.648923873901367,-2.01416015625,-2.010009765625,0.893798828125,0.0986328125
10.408,311,981,1523,314,-9.0,37.0,42.0,-64.39208984375,-31.249998092651367,0.4272460639476776,-1.9554443359375,0.5262451171875,0.4703369140625
10.438,310,960,1478,312,-9.0,37.0,42.0,-45.898433685302734,-23.986814498901367,3.845214605331421,-1.4259033203125,0.0765380859375,0.700439453125
10.438,310,944,1447,314,-6.0,37.0,37.0,3.356933355331421,-4.0283203125,7.141112804412842,-0.8883056640625,0.060302734375,0.4517822265625
10.438,310,928,1430,313,-6.0,37.0,37.0,50.720211029052734,15.075682640075684,9.09423828125,-0.803466796875,0.5428466796875,-0.1103515625
10.448,311,922,1427,314,-6.0,37.0,37.0,55.114742279052734,18.1884765625,2.13623046875,-0.9808349609375,0.87060546875,-0.4267578125
10.456,311,913,1413,314,-6.0,37.0,37.0,21.667478561401367,7.202147960662842,-15.808104515075684,-1.25341796875,0.79296875,-0.3431396484375
10.464,311,907,1398,314,-6.0,37.0,37.0,-19.4091796875,-7.202147960662842,-31.372068405151367,-1.5469970703125,0.5823974609375,-0.052734375
10.478,312,869,1323,312,-6.0,37.0,37.0,-46.203609466552734,-15.808104515075684,-33.0810546875,-1.7215576171875,0.4266357421875,0.21240234375
10.486,311,853,1282,313,-6.0,37.0,37.0,-49.316402435302734,-13.610838890075684,-23.010251998901367,-1.73486328125,0.3336181640625,0.3162841796875
10.494,310,823,1231,314,-6.0,37.0,37.0,-36.31591796875,-3.051757574081421,-7.202147960662842,-1.628662109375,0.322509765625,0.3072509765625
10.513,312,771,1120,310,-6.0,37.0,37.0,-21.179197311401367,9.09423828125,11.047362327575684,-1.1795654296875,0.40625,0.2906494140625
10.517,310,737,1043,312,-6.0,37.0,37.0,-10.620116233825684,17.88330078125,26.123044967651367,-1.1795654296875,0.40625,0.2906494140625
10.584,311,691,958,313,-6.0,37.0,37.0,0.9155272841453552,23.132322311401367,31.127927780151367,-0.8919677734375,0.3218994140625,0.2674560546875
10.585,310,614,871,312,-7.0,36.0,45.0,18.49365234375,26.550291061401367,26.428220748901367,-0.4468994140625,0.3399658203125,0.0341796875
10.585,311,607,847,314,-7.0,36.0,45.0,38.0859375,29.418943405151367,15.991209983825684,-0.4468994140625,0.3399658203125,0.0341796875
10.585,310,585,809,312,-7.0,36.0,45.0,51.818843841552734,31.799314498901367,2.685546636581421,-0.394287109375,0.424072265625,-0.14599609375
10.585,310,543,725,312,-7.0,36.0,45.0,48.889156341552734,30.090330123901367,-11.291502952575684,-0.5965576171875,0.2366943359375,-0.2320556640625
10.585,310,517,700,311,-7.0,36.0,45.0,27.832029342651367,23.071287155151367,-23.742673873901367,-0.5965576171875,0.2366943359375,-0.2320556640625
10.585,310,493,676,311,-7.0,36.0,45.0,4.21142578125,17.27294921875,-32.04345703125,-0.6658935546875,0.0916748046875,-0.2398681640625
10.598,309,456,648,312,-7.0,36.0,45.0,-10.620116233825684,14.953612327575684,-32.958984375,-0.719970703125,0.0936279296875,-0.17431640625
10.619,310,444,639,311,-7.0,36.0,45.0,-19.59228515625,10.681151390075684,-27.648923873901367,-0.719970703125,0.0936279296875,-0.17431640625
10.619,311,434,632,312,-7.0,36.0,45.0,-25.939939498901367,3.601073980331421,-19.53125,-0.7305908203125,0.117919921875,-0.0675048828125
10.647,310,428,628,311,-6.0,37.0,44.0,-27.893064498901367,-3.112792730331421,-10.803221702575684,-0.705078125,0.2244873046875,0.067138671875
10.647,310,425,628,312,-6.0,37.0,44.0,-24.658201217651367,-7.141112804412842,-3.479003667831421,-0.705078125,0.2244873046875,0.067138671875
10.647,309,426,628,311,-6.0,37.0,44.0,-18.9208984375,-8.544921875,1.8920897245407104,-0.68310546875,0.265869140625,0.0780029296875
10.659,310,434,636,312,-6.0,37.0,44.0,-9.8876953125,-8.6669921875,10.009765625,-0.6583251953125,0.3883056640625,0.1260986328125
10.666,310,437,647,314,-6.0,37.0,44.0,-9.8876953125,-8.6669921875,10.009765625,-0.6483154296875,0.4163818359375,0.1536865234375
10.675,310,444,650,312,-6.0,37.0,44.0,-9.8876953125,-6.896972179412842,11.596678733825684,-0.6483154296875,0.4163818359375,0.1536865234375
10.688,309,469,673,310,-6.0,37.0,44.0,-11.596678733825684,-1.5258787870407104,11.291502952575684,-0.614990234375,0.3280029296875,0.17626953125
10.696,310,483,694,312,-6.0,37.0,44.0,-11.596678733825684,-1.5258787870407104,11.291502952575684,-0.5836181640625,0.29638671875,0.1624755859375
10.704,310,497,713,312,-6.0,37.0,44.0,-5.310058116912842,-1.9531248807907104,11.108397483825684,-0.5836181640625,0.29638671875,0.1624755859375
10.719,310,532,742,312,-6.0,37.0,44.0,21.850584030151367,-7.995604991912842,8.48388671875,-0.5421142578125,0.3314208984375,0.0882568359375
10.747,310,552,771,312,-7.0,39.0,49.0,21.850584030151367,-7.995604991912842,8.48388671875,-0.5604248046875,0.39794921875,0.047119140625
10.748,310,557,810,296,-7.0,39.0,49.0,30.273435592651367,-10.009765625,5.981444835662842,-0.5604248046875,0.39794921875,0.047119140625
10.748,295,599,848,299,-7.0,39.0,49.0,26.306150436401367,-11.230467796325684,2.624511480331421,-0.5394287109375,0.3905029296875,0.038818359375
10.758,310,659,1024,312,-7.0,39.0,49.0,13.549803733825684,-11.413573265075684,-2.746581792831421,-0.355712890625,0.2138671875,0.08984375
10.766,310,717,1129,314,-7.0,39.0,49.0,13.549803733825684,-11.413573265075684,-2.746581792831421,-0.355224609375,0.178955078125,0.021728515625
10.774,310,772,1204,312,-7.0,39.0,49.0,23.925779342651367,-11.718749046325684,-4.33349609375,-0.355224609375,0.178955078125,0.021728515625
10.788,311,853,1352,312,-7.0,39.0,49.0,51.696773529052734,-17.27294921875,-11.779784202575684,-0.894775390625,0.1544189453125,-0.4228515625
10.796,311,887,1415,314,-7.0,39.0,49.0,44.738765716552734,-24.963376998901367,-16.845703125,-1.1209716796875,0.2030029296875,-0.4547119140625
10.804,312,917,1456,314,-7.0,39.0,49.0,44.738765716552734,-24.963376998901367,-16.845703125,-1.2879638671875,0.28955078125,-0.2890625
10.818,310,968,1529,314,-7.0,39.0,49.0,-25.451658248901367,-45.043941497802734,-16.78466796875,-1.4212646484375,0.3824462890625,0.0115966796875
10.826,311,1000,1579,314,-6.0,36.0,48.0,-53.527828216552734,-50.781246185302734,-14.038084983825684,-1.5927734375,0.586181640625,0.227783203125
10.856,312,1025,1607,315,-6.0,36.0,48.0,-53.527828216552734,-50.781246185302734,-14.038084983825684,-1.8033447265625,0.8065185546875,0.2841796875
10.857,313,1039,1579,299,-6.0,36.0,48.0,-45.227046966552734,-47.912593841552734,-11.535643577575684,-1.9383544921875,0.8216552734375,0.354248046875
10.857,296,1013,1588,312,-6.0,36.0,48.0,-17.15087890625,-40.222164154052734,-13.000487327575684,-1.8341064453125,0.5953369140625,0.4874267578125
10.864,312,992,1572,312,-6.0,36.0,48.0,-17.15087890625,-40.222164154052734,-13.000487327575684,-1.344970703125,0.191650390625,0.5654296875
10.878,310,954,1524,313,-6.0,36.0,48.0,41.625972747802734,-0.6713866591453552,-12.268065452575684,-0.861083984375,0.060302734375,0.3834228515625
10.887,310,952,1519,314,-6.0,36.0,48.0,47.790523529052734,18.73779296875,-7.873534679412842,-0.8114013671875,0.3394775390625,0.0439453125
10.894,312,944,1513,312,-6.0,36.0,48.0,47.790523529052734,18.73779296875,-7.873534679412842,-1.1202392578125,0.6170654296875,-0.156982421875
10.909,311,933,1484,312,-6.0,36.0,48.0,-18.37158203125,18.5546875,-12.268065452575684,-1.5269775390625,0.7001953125,-0.1153564453125
10.919,310,918,1447,314,-6.0,36.0,48.0,-48.400875091552734,10.864256858825684,-20.629880905151367,-1.7598876953125,0.59814453125,0.0748291015625
10.924,310,902,1395,314,-3.0,38.0,47.0,-48.400875091552734,10.864256858825684,-20.629880905151367,-1.7738037109375,0.447998046875,0.218994140625
10.962,310,846,1316,312,-3.0,38.0,47.0,-47.729488372802734,12.268065452575684,-16.90673828125,-1.646240234375,0.36865234375,0.26806640625
10.962,310,805,1281,311,-3.0,38.0,47.0,-26.611326217651367,19.22607421875,-5.310058116912842,-1.4365234375,0.3988037109375,0.2818603515625
10.962,312,771,1225,312,-3.0,38.0,47.0,-4.69970703125,26.428220748901367,5.981444835662842,-1.182861328125,0.418212890625,0.2904052734375
10.963,297,737,1148,312,-3.0,38.0,47.0,-4.69970703125,26.428220748901367,5.981444835662842,-0.9306640625,0.3131103515625,0.270263671875
10.977,310,678,1029,312,-3.0,38.0,47.0,27.954099655151367,37.9638671875,11.352538108825684,-0.7073974609375,0.2117919921875,0.1837158203125
10.985,311,644,959,313,-3.0,38.0,47.0,36.7431640625,39.97802734375,9.521484375,-0.5408935546875,0.2039794921875,0.046142578125
10.993,310,614,904,312,-3.0,38.0,47.0,36.7431640625,39.97802734375,9.521484375,-0.4775390625,0.235107421875,-0.0980224609375
11.007,310,582,861,312,-3.0,38.0,47.0,36.865234375,31.799314498901367,3.967284917831421,-0.5059814453125,0.2626953125,-0.212646484375
11.022,311,562,826,314,-3.0,38.0,47.0,27.526853561401367,24.475095748901367,-1.8310545682907104,-0.5814208984375,0.2822265625,-0.2349853515625
11.023,310,535,803,312,-6.0,36.0,42.0,12.756346702575684,17.4560546875,-9.521484375,-0.6558837890625,0.2374267578125,-0.1771240234375
11.061,311,490,763,311,-6.0,36.0,42.0,-1.4038084745407104,13.977049827575684,-17.76123046875,-0.70556640625,0.1014404296875,-0.1519775390625
11.061,311,475,756,313,-6.0,36.0,42.0,-8.4228515625,14.526366233825684,-23.315427780151367,-0.724609375,0.010498046875,-0.1292724609375
11.061,294,450,754,312,-6.0,36.0,42.0,-9.765625,12.695311546325684,-22.583005905151367,-0.715087890625,0.034423828125,-0.04443359375
11.069,311,435,742,312,-6.0,36.0,42.0,-11.169432640075684,6.896972179412842,-16.4794921875,-0.703857421875,0.1259765625,0.032470703125
11.076,310,437,744,312,-6.0,36.0,42.0,-12.512206077575684,1.6479490995407104,-8.056640625,-0.705078125,0.227783203125,0.05810546875
11.083,310,430,741,313,-6.0,36.0,42.0,-11.291502952575684,-0.6713866591453552,-0.4272460639476776,-0.71142578125,0.3038330078125,0.047119140625
11.097,310,435,742,310,-6.0,36.0,42.0,-9.21630859375,-0.7934569716453552,5.126952648162842,-0.711181640625,0.353759765625,0.039794921875
11.105,309,438,740,311,-6.0,36.0,42.0,-9.27734375,-0.54931640625,9.033203125,-0.709228515625,0.3682861328125,0.0631103515625
11.113,312,442,737,311,-6.0,36.0,42.0,-10.742186546325684,-0.6713866591453552,11.962889671325684,-0.7178955078125,0.3514404296875,0.1070556640625
11.127,310,451,741,311,-5.0,37.0,44.0,-11.596678733825684,-0.54931640625,14.404295921325684,-0.7314453125,0.3084716796875,0.1473388671875
11.155,310,465,755,312,-5.0,37.0,44.0,-10.192870140075684,0.54931640625,16.6015625,-0.7459716796875,0.2606201171875,0.1566162109375
11.155,294,469,766,298,-5.0,37.0,44.0,-5.0048828125,1.8920897245407104,18.6767578125,-0.7669677734375,0.252197265625,0.1312255859375
11.157,310,483,778,311,-5.0,37.0,44.0,2.13623046875,2.807616949081421,20.751951217651367,-0.795654296875,0.281494140625,0.0799560546875
11.166,311,502,782,312,-5.0,37.0,44.0,6.591796398162842,3.723144292831421,22.827146530151367,-0.83056640625,0.3094482421875,0.022216796875
11.173,311,521,790,311,-5.0,37.0,44.0,5.615233898162842,4.39453125,25.451658248901367,-0.8519287109375,0.314208984375,-0.0076904296875
11.187,310,536,796,311,-5.0,37.0,44.0,1.220703125,4.33349609375,29.235837936401367,-0.8297119140625,0.2933349609375,0.0006103515625
11.196,311,548,813,312,-5.0,37.0,44.0,-3.295898199081421,3.234863042831421,34.1796875,-0.7567138671875,0.2489013671875,0.040771484375
11.203,309,561,835,312,-5.0,37.0,44.0,-2.563476324081421,0.8544921278953552,39.24560546875,-0.6610107421875,0.195556640625,0.09326171875
11.217,310,593,877,312,-5.0,37.0,44.0,7.263183116912842,-2.0751953125,43.640132904052734,-0.5867919921875,0.1695556640625,0.120361328125
11.227,310,620,938,312,-7.0,37.0,45.0,19.53125,-3.845214605331421,46.508785247802734,-0.5321044921875,0.200439453125,0.13232421875
11.233,310,658,987,314,-7.0,37.0,45.0,24.230955123901367,-4.2724609375,45.410152435302734,-0.499755859375,0.2489013671875,0.1513671875
11.257,310,724,1074,312,-7.0,37.0,45.0,23.132322311401367,-3.479003667831421,39.24560546875,-0.5511474609375,0.2911376953125,0.1143798828125
11.259,311,761,1139,312,-7.0,37.0,45.0,23.986814498901367,-0.7324218153953552,29.357908248901367,-0.6248779296875,0.316650390625,0.007568359375
11.263,306,805,1215,313,-7.0,37.0,45.0,28.198240280151367,2.25830078125,16.9677734375,-0.58349609375,0.2720947265625,-0.085693359375
11.277,310,865,1309,312,-7.0,37.0,45.0,35.5224609375,3.784179449081421,3.906249761581421,-0.484130859375,0.196044921875,-0.15673828125
11.285,308,901,1369,312,-7.0,37.0,45.0,40.832515716552734,2.868652105331421,-6.896972179412842,-0.521240234375,0.2294921875,-0.2462158203125
11.295,311,923,1428,313,-7.0,37.0,45.0,33.69140625,-2.25830078125,-13.488768577575684,-0.801513671875,0.44775390625,-0.3662109375
11.307,311,974,1518,312,-7.0,37.0,45.0,10.131834983825684,-11.596678733825684,-16.41845703125,-1.2667236328125,0.7921142578125,-0.481689453125
11.316,310,989,1559,314,-7.0,37.0,45.0,-25.939939498901367,-23.254392623901367,-16.7236328125,-1.7723388671875,1.0670166015625,-0.4644775390625
11.329,310,1008,1593,314,-9.0,37.0,36.0,-63.720699310302734,-36.9873046875,-15.930174827575684,-2.1109619140625,1.0303955078125,-0.145263671875
11.337,310,1008,1591,312,-9.0,37.0,36.0,-87.09716033935547,-49.499507904052734,-13.793944358825684,-1.80224609375,0.192138671875,0.794677734375
11.348,310,996,1572,314,-9.0,37.0,36.0,-76.59912109375,-49.438472747802734,-7.629394054412842,-1.80224609375,0.192138671875,0.794677734375
11.357,312,989,1547,313,-9.0,37.0,36.0,-28.930662155151367,-30.273435592651367,1.4648436307907104,-1.208251953125,0.00146484375,0.781005859375
11.367,311,960,1498,312,-9.0,37.0,36.0,30.944822311401367,-0.4882812201976776,8.36181640625,-0.8287353515625,0.725830078125,-0.21875
11.380,312,944,1478,314,-9.0,37.0,36.0,62.072750091552734,20.874021530151367,7.568358898162842,-0.8287353515625,0.725830078125,-0.21875
11.383,310,935,1485,314,-9.0,37.0,36.0,45.654293060302734,22.583005905151367,-5.432128429412842,-1.026123046875,0.828369140625,-0.4200439453125
11.398,310,932,1462,314,-9.0,37.0,36.0,8.056640625,11.291502952575684,-25.878904342651367,-1.521728515625,0.497314453125,-0.03076171875
11.410,310,917,1422,314,-9.0,37.0,36.0,-23.010251998901367,-2.25830078125,-39.1845703125,-1.521728515625,0.497314453125,-0.03076171875
11.413,311,891,1379,314,-9.0,37.0,36.0,-41.320796966552734,-11.169432640075684,-37.2314453125,-1.766357421875,0.50146484375,0.167236328125
11.432,310,840,1295,313,-6.0,36.0,41.0,-45.288082122802734,-10.620116233825684,-25.268552780151367,-1.721435546875,0.39404296875,0.2935791015625
11.435,311,803,1251,312,-6.0,36.0,41.0,-35.09521484375,-1.4648436307907104,-10.681151390075684,-1.721435546875,0.39404296875,0.2935791015625
11.446,311,766,1204,315,-6.0,36.0,41.0,-17.9443359375,9.8876953125,5.126952648162842,-1.474609375,0.3800048828125,0.29833984375
11.464,310,711,1082,312,-6.0,36.0,41.0,-2.44140625,18.85986328125,20.141599655151367,-0.8388671875,0.32421875,0.25244140625
11.465,311,648,1001,312,-6.0,36.0,41.0,8.23974609375,24.902341842651367,27.160642623901367,-0.8388671875,0.32421875,0.25244140625
11.473,310,639,928,313,-6.0,36.0,41.0,18.24951171875,28.991697311401367,24.169919967651367,-0.590087890625,0.2496337890625,0.1429443359375
11.487,310,601,861,312,-6.0,36.0,41.0,36.80419921875,32.16552734375,6.591796398162842,-0.40625,0.389404296875,-0.2052001953125
11.495,310,574,827,312,-6.0,36.0,41.0,36.80419921875,32.16552734375,6.591796398162842,-0.469970703125,0.44482421875,-0.3070068359375
11.505,310,552,782,312,-6.0,36.0,41.0,32.53173828125,28.747556686401367,-4.45556640625,-0.469970703125,0.44482421875,-0.3070068359375
11.523,310,518,726,312,-6.0,36.0,41.0,-10.986327171325684,14.038084983825684,-28.503416061401367,-0.6201171875,0.073486328125,-0.1551513671875
11.525,312,499,710,311,-7.0,37.0,46.0,-10.986327171325684,14.038084983825684,-28.503416061401367,-0.657470703125,-0.046875,-0.1451416015625
11.534,310,485,691,311,-7.0,37.0,46.0,-22.216794967651367,13.061522483825684,-33.203125,-0.657470703125,-0.046875,-0.1451416015625
11.563,309,454,684,310,-7.0,37.0,46.0,-20.935056686401367,6.652831554412842,-20.141599655151367,-0.692138671875,0.09912109375,-0.027587890625
11.563,310,423,673,311,-7.0,37.0,46.0,-20.935056686401367,6.652831554412842,-20.141599655151367,-0.7056884765625,0.1876220703125,0.037353515625
11.564,310,439,674,286,-7.0,37.0,46.0,-20.690916061401367,-0.7324218153953552,-10.131834983825684,-0.7056884765625,0.1876220703125,0.037353515625
11.577,310,444,689,311,-7.0,37.0,46.0,-13.061522483825684,-8.23974609375,3.784179449081421,-0.6993408203125,0.324951171875,0.0592041015625
11.592,311,442,697,312,-7.0,37.0,46.0,-13.061522483825684,-8.23974609375,3.784179449081421,-0.6878662109375,0.39599609375,0.05859375
11.593,310,449,707,311,-7.0,37.0,46.0,-7.507323741912842,-9.09423828125,7.019042491912842,-0.6878662109375,0.39599609375,0.05859375
11.608,308,464,711,311,-7.0,37.0,46.0,-6.347655773162842,-9.09423828125,10.803221702575684,-0.6893310546875,0.4151611328125,0.127685546875
11.615,310,468,714,312,-7.0,37.0,46.0,-6.347655773162842,-9.09423828125,10.803221702575684,-0.6767578125,0.3306884765625,0.17236328125
11.623,310,479,723,312,-5.0,37.0,42.0,-9.33837890625,-6.530761241912842,12.207030296325684,-0.6767578125,0.3306884765625,0.17236328125
11.639,309,495,748,310,-5.0,37.0,42.0,-1.0986328125,-1.03759765625,14.282225608825684,-0.665283203125,0.2757568359375,0.169189453125
11.645,309,503,756,312,-5.0,37.0,42.0,11.474608421325684,-2.3193359375,14.160155296325684,-0.6810302734375,0.3216552734375,0.1259765625
11.656,310,525,771,312,-5.0,37.0,42.0,11.474608421325684,-2.3193359375,14.160155296325684,-0.693603515625,0.36572265625,0.0836181640625
11.670,310,554,803,310,-5.0,37.0,42.0,24.719236373901367,-6.774901866912842,11.901854515075684,-0.7088623046875,0.384521484375,0.0399169921875
11.675,310,567,835,312,-5.0,37.0,42.0,20.568845748901367,-5.920409679412842,11.474608421325684,-0.72314453125,0.3740234375,0.0126953125
11.684,311,582,858,312,-5.0,37.0,42.0,20.568845748901367,-5.920409679412842,11.474608421325684,-0.72021484375,0.313720703125,0.017822265625
11.698,310,608,914,312,-5.0,37.0,42.0,5.065917491912842,-4.2724609375,13.610838890075684,-0.697509765625,0.2357177734375,0.034912109375
11.706,310,646,968,312,-5.0,37.0,42.0,7.080077648162842,-5.981444835662842,16.845703125,-0.6669921875,0.2030029296875,0.043212890625
11.713,309,683,1025,312,-5.0,37.0,42.0,7.080077648162842,-5.981444835662842,16.845703125,-0.705810546875,0.224853515625,0.016357421875
11.727,310,741,1137,312,-9.0,35.0,42.0,22.888181686401367,-10.559081077575684,21.118162155151367,-0.7607421875,0.236572265625,-0.01611328125
11.764,310,777,1216,312,-9.0,35.0,42.0,28.198240280151367,-10.742186546325684,14.343260765075684,-0.6829833984375,0.1712646484375,-0.0191650390625
11.765,310,810,1282,314,-9.0,35.0,42.0,28.198240280151367,-10.742186546325684,14.343260765075684,-0.5660400390625,0.1627197265625,-0.0745849609375
11.765,312,865,1388,312,-9.0,35.0,42.0,35.5224609375,-7.568358898162842,-8.72802734375,-0.572265625,0.313720703125,-0.20849609375
11.768,311,900,1453,312,-9.0,35.0,42.0,21.850584030151367,-11.596678733825684,-11.108397483825684,-0.737060546875,0.4512939453125,-0.3145751953125
11.773,310,923,1502,313,-9.0,35.0,42.0,21.850584030151367,-11.596678733825684,-11.108397483825684,-1.0120849609375,0.4876708984375,-0.2830810546875
11.788,311,973,1580,312,-9.0,35.0,42.0,-22.949216842651367,-29.907224655151367,-10.803221702575684,-1.3494873046875,0.611083984375,-0.156982421875
11.795,310,999,1610,314,-9.0,35.0,42.0,-35.15625,-36.376953125,-9.09423828125,-1.7060546875,0.82763671875,0.0242919921875
11.807,311,1012,1632,314,-9.0,35.0,42.0,-42.602535247802734,-40.832515716552734,-8.30078125,-1.932373046875,0.8365478515625,0.3043212890625
11.817,312,1017,1625,314,-6.0,36.0,43.0,-39.36767578125,-38.9404296875,-11.169432640075684,-1.9222412109375,0.6365966796875,0.5416259765625
11.825,312,1009,1610,314,-6.0,36.0,43.0,-19.83642578125,-25.451658248901367,-13.610838890075684,-1.624267578125,0.41845703125,0.56103515625
11.833,312,998,1592,315,-6.0,36.0,43.0,8.48388671875,-4.33349609375,-14.343260765075684,-1.130126953125,0.2703857421875,0.338134765625
11.847,312,966,1551,313,-6.0,36.0,43.0,30.883787155151367,13.122557640075684,-14.892577171325684,-0.8367919921875,0.3426513671875,-0.02294921875
11.870,310,957,1533,314,-6.0,36.0,43.0,29.724119186401367,16.78466796875,-15.563963890075684,-0.8917236328125,0.510009765625,-0.270751953125
11.870,312,957,1529,313,-6.0,36.0,43.0,6.774901866912842,8.6669921875,-18.37158203125,-1.0789794921875,0.5487060546875,-0.2562255859375
11.877,310,943,1502,312,-6.0,36.0,43.0,-18.4326171875,-2.25830078125,-23.803709030151367,-1.344482421875,0.56884765625,-0.103271484375
11.885,310,928,1471,314,-6.0,36.0,43.0,-38.57421875,-10.925292015075684,-27.160642623901367,-1.628662109375,0.6231689453125,0.0794677734375
11.893,311,904,1428,313,-6.0,36.0,43.0,-50.842281341552734,-13.916014671325684,-25.573728561401367,-1.76171875,0.573974609375,0.2515869140625
11.912,311,849,1334,313,-6.0,36.0,43.0,-48.767086029052734,-8.056640625,-19.47021484375,-1.7147216796875,0.4007568359375,0.3489990234375
11.916,310,810,1271,314,-6.0,38.0,48.0,-33.38623046875,3.723144292831421,-8.11767578125,-1.545654296875,0.2911376953125,0.3802490234375
11.923,311,777,1219,313,-6.0,38.0,48.0,-13.854979515075684,15.380858421325684,7.446288585662842,-1.3255615234375,0.341796875,0.3577880859375
11.944,311,717,1104,312,-6.0,38.0,48.0,0.6103515625,24.414060592651367,20.263669967651367,-1.093994140625,0.3765869140625,0.2957763671875
11.945,311,685,1029,312,-6.0,38.0,48.0,9.82666015625,31.127927780151367,23.315427780151367,-0.862548828125,0.3350830078125,0.2091064453125
11.954,310,644,948,314,-6.0,38.0,48.0,18.49365234375,35.70556640625,18.12744140625,-0.6793212890625,0.3270263671875,0.0946044921875
11.973,311,593,877,311,-6.0,38.0,48.0,26.245115280151367,37.4755859375,10.437010765075684,-0.5660400390625,0.3563232421875,-0.015625
11.975,310,558,819,312,-6.0,38.0,48.0,28.686521530151367,36.1328125,2.3193359375,-0.5240478515625,0.341064453125,-0.1195068359375
11.983,310,524,772,311,-6.0,38.0,48.0,22.949216842651367,32.77587890625,-6.835937023162842,-0.538818359375,0.2237548828125,-0.159912109375
11.997,309,475,693,310,-6.0,38.0,48.0,13.244627952575684,27.770994186401367,-15.808104515075684,-0.5567626953125,0.03369140625,-0.137939453125
12.005,310,438,664,312,-6.0,38.0,48.0,9.1552734375,23.803709030151367,-21.972654342651367,-0.5799560546875,-0.1002197265625,-0.17724609375
12.022,310,424,646,312,-6.0,38.0,48.0,12.145995140075684,21.667478561401367,-21.972654342651367,-0.6109619140625,-0.064453125,-0.2115478515625
12.027,310,401,618,312,-7.0,39.0,44.0,13.427733421325684,16.29638671875,-15.380858421325684,-0.640380859375,0.07958984375,-0.15283203125
12.036,310,393,613,312,-7.0,39.0,44.0,8.11767578125,7.568358898162842,-6.103515148162842,-0.6719970703125,0.2288818359375,-0.0797119140625
12.046,310,394,608,312,-7.0,39.0,44.0,-1.03759765625,0.1220703050494194,1.220703125,-0.68798828125,0.3209228515625,-0.0411376953125
12.057,310,395,608,310,-7.0,39.0,44.0,-9.521484375,-3.845214605331421,4.94384765625,-0.6893310546875,0.3486328125,-0.0152587890625
12.085,310,401,617,312,-7.0,39.0,44.0,-14.160155296325684,-5.310058116912842,6.347655773162842,-0.67529296875,0.3775634765625,0.01806640625
12.085,310,402,618,311,-7.0,39.0,44.0,-14.831542015075684,-5.615233898162842,7.324218273162842,-0.65673828125,0.41943359375,0.050048828125
12.088,309,411,622,311,-7.0,39.0,44.0,-16.05224609375,-5.432128429412842,9.21630859375,-0.6527099609375,0.4405517578125,0.0843505859375
12.095,310,418,635,312,-7.0,39.0,44.0,-21.057126998901367,-4.69970703125,12.207030296325684,-0.652587890625,0.4056396484375,0.12255859375
12.103,310,427,642,312,-7.0,39.0,44.0,-26.245115280151367,-2.868652105331421,14.709471702575684,-0.646240234375,0.322265625,0.15380859375
12.128,310,449,674,312,-7.0,37.0,46.0,-25.817869186401367,-0.1831054538488388,15.624999046325684,-0.6590576171875,0.290283203125,0.1591796875
12.128,310,465,694,312,-7.0,37.0,46.0,-17.578125,1.3427733182907104,15.930174827575684,-0.6590576171875,0.290283203125,0.1591796875
12.134,310,475,711,312,-7.0,37.0,46.0,-6.530761241912842,0.1831054538488388,16.17431640625,-0.6588134765625,0.3118896484375,0.155517578125
12.149,310,496,749,312,-7.0,37.0,46.0,2.38037109375,-2.25830078125,16.05224609375,-0.6458740234375,0.3021240234375,0.151123046875
12.155,310,509,777,312,-7.0,37.0,46.0,8.72802734375,-3.662109136581421,15.930174827575684,-0.6458740234375,0.3021240234375,0.151123046875
12.177,310,530,803,312,-7.0,37.0,46.0,11.779784202575684,-3.417968511581421,15.258788108825684,-0.6287841796875,0.26806640625,0.1529541015625
12.177,310,573,868,312,-7.0,37.0,46.0,13.366698265075684,-2.38037109375,14.465331077575684,-0.60546875,0.2349853515625,0.1419677734375
12.185,310,610,944,313,-7.0,37.0,46.0,16.05224609375,-2.0751953125,15.624999046325684,-0.60546875,0.2349853515625,0.1419677734375
12.196,311,643,1011,313,-7.0,37.0,46.0,19.59228515625,-2.807616949081421,18.6767578125,-0.5684814453125,0.252197265625,0.1427001953125
12.207,310,718,1111,311,-7.0,37.0,46.0,26.428220748901367,-1.8310545682907104,21.484373092651367,-0.711181640625,0.3040771484375,-0.0821533203125
12.215,310,766,1162,312,-8.0,41.0,46.0,36.92626953125,2.685546636581421,22.399900436401367,-0.711181640625,0.3040771484375,-0.0821533203125
12.223,311,806,1214,313,-8.0,41.0,46.0,45.532222747802734,6.713866710662842,18.798828125,-0.744873046875,0.2535400390625,-0.2325439453125
12.253,308,871,1309,312,-8.0,41.0,46.0,51.147457122802734,6.103515148162842,9.6435546875,-0.6973876953125,0.4453125,-0.4100341796875
12.253,310,902,1373,313,-8.0,41.0,46.0,50.476070404052734,0.9765624403953552,-0.7324218153953552,-0.85009765625,0.6407470703125,-0.353759765625
12.254,310,938,1428,286,-8.0,41.0,46.0,34.912109375,-8.72802734375,-10.253905296325684,-0.85009765625,0.6407470703125,-0.353759765625
12.279,310,982,1492,314,-8.0,41.0,46.0,-32.71484375,-30.639646530151367,-24.963376998901367,-1.7576904296875,0.7784423828125,-0.1077880859375
12.279,310,1000,1519,314,-8.0,41.0,46.0,-32.71484375,-30.639646530151367,-24.963376998901367,-2.190185546875,0.702392578125,0.0611572265625
12.283,310,1008,1526,313,-8.0,41.0,46.0,-61.645503997802734,-35.21728515625,-22.827146530151367,-2.190185546875,0.702392578125,0.0611572265625
12.297,311,986,1504,314,-8.0,41.0,46.0,-61.157222747802734,-25.329587936401367,2.868652105331421,-1.73388671875,0.063720703125,0.736328125
12.308,310,976,1464,314,-8.0,41.0,46.0,-61.157222747802734,-25.329587936401367,2.868652105331421,-0.9443359375,-0.1090087890625,0.7100830078125
12.313,312,960,1430,314,-8.0,37.0,45.0,-18.49365234375,-2.01416015625,15.075682640075684,-0.9443359375,-0.1090087890625,0.7100830078125
12.328,312,943,1417,312,-8.0,37.0,45.0,60.791011810302734,37.841796875,20.812986373901367,-0.850830078125,0.9832763671875,-0.4337158203125
12.387,312,936,1416,314,-8.0,37.0,45.0,33.8134765625,28.076169967651367,0.8544921278953552,-1.1571044921875,1.01806640625,-0.5338134765625
12.388,312,885,1351,313,-8.0,37.0,45.0,-45.837398529052734,-10.009765625,-34.912109375,-1.6590576171875,0.4580078125,0.0487060546875
12.388,310,891,1352,314,-8.0,37.0,45.0,-45.837398529052734,-10.009765625,-34.912109375,-1.707763671875,0.3626708984375,0.2838134765625
12.389,310,865,1306,314,-8.0,37.0,45.0,-56.274410247802734,-15.686034202575684,-28.015134811401367,-1.707763671875,0.3626708984375,0.2838134765625
12.389,311,810,1188,300,-8.0,37.0,45.0,-16.2353515625,3.479003667831421,2.624511480331421,-1.5242919921875,0.3466796875,0.337646484375
12.396,310,770,1147,313,-8.0,37.0,45.0,8.6669921875,14.953612327575684,15.747069358825684,-1.292236328125,0.424072265625,0.298583984375
12.404,311,729,1076,314,-8.0,37.0,45.0,8.6669921875,14.953612327575684,15.747069358825684,-0.9886474609375,0.4312744140625,0.2177734375
12.422,310,674,944,312,-5.0,38.0,43.0,37.2314453125,28.564451217651367,21.606443405151367,-0.7000732421875,0.3641357421875,0.0777587890625
12.427,310,644,893,312,-5.0,38.0,43.0,43.579097747802734,32.5927734375,15.869139671325684,-0.5277099609375,0.359130859375,-0.0821533203125
12.435,310,620,859,312,-5.0,38.0,43.0,43.579097747802734,32.5927734375,15.869139671325684,-0.49609375,0.405029296875,-0.1883544921875
12.448,310,585,799,312,-5.0,38.0,43.0,29.479978561401367,25.878904342651367,-2.807616949081421,-0.535400390625,0.3851318359375,-0.2080078125
12.456,310,561,766,312,-5.0,38.0,43.0,11.840819358825684,17.822265625,-15.380858421325684,-0.6055908203125,0.2786865234375,-0.1915283203125
12.464,310,537,732,312,-5.0,38.0,43.0,11.840819358825684,17.822265625,-15.380858421325684,-0.686279296875,0.1639404296875,-0.20458984375
12.482,310,496,689,311,-5.0,38.0,43.0,-10.742186546325684,11.962889671325684,-27.648923873901367,-0.724365234375,0.1231689453125,-0.2081298828125
12.486,310,477,668,312,-5.0,38.0,43.0,-14.160155296325684,9.46044921875,-25.085447311401367,-0.7005615234375,0.13427734375,-0.142578125
12.494,310,469,657,312,-5.0,38.0,43.0,-14.831542015075684,4.82177734375,-19.47021484375,-0.660400390625,0.1287841796875,-0.062744140625
12.508,310,447,649,311,-5.0,38.0,43.0,-12.878417015075684,0.54931640625,-12.756346702575684,-0.64892578125,0.1397705078125,-0.002197265625
12.517,310,444,648,312,-6.0,36.0,46.0,-9.21630859375,-3.417968511581421,-6.530761241912842,-0.6368408203125,0.193115234375,0.0572509765625
12.526,310,444,648,312,-6.0,36.0,46.0,-5.859374523162842,-7.141112804412842,-2.746581792831421,-0.619140625,0.2608642578125,0.086181640625
12.538,310,452,662,310,-6.0,36.0,46.0,-3.906249761581421,-9.46044921875,-0.7934569716453552,-0.6229248046875,0.349853515625,0.0709228515625
12.558,310,463,668,312,-6.0,36.0,46.0,-3.540038824081421,-10.437010765075684,0.4882812201976776,-0.6484375,0.4559326171875,0.0413818359375
12.559,311,465,674,312,-6.0,36.0,46.0,-6.164550304412842,-10.437010765075684,1.03759765625,-0.6751708984375,0.5023193359375,0.0394287109375
12.568,310,481,676,310,-6.0,36.0,46.0,-10.559081077575684,-9.46044921875,0.6713866591453552,-0.6884765625,0.4287109375,0.0667724609375
12.590,311,485,695,312,-6.0,36.0,46.0,-12.023924827575684,-7.446288585662842,0.9155272841453552,-0.6943359375,0.3101806640625,0.1024169921875
12.590,310,495,712,312,-6.0,36.0,46.0,-8.72802734375,-6.164550304412842,3.173827886581421,-0.6917724609375,0.2454833984375,0.1453857421875
12.598,310,509,740,310,-6.0,36.0,46.0,-1.4648436307907104,-6.408690929412842,6.225585460662842,-0.70556640625,0.248046875,0.1712646484375
12.607,310,522,751,311,-6.0,36.0,46.0,8.1787109375,-7.202147960662842,8.48388671875,-0.740966796875,0.3026123046875,0.1610107421875
12.614,311,537,766,312,-6.0,38.0,42.0,16.17431640625,-7.934569835662842,9.033203125,-0.76904296875,0.350830078125,0.1259765625
12.629,310,561,806,311,-6.0,38.0,42.0,19.47021484375,-7.690429210662842,8.4228515625,-0.78173828125,0.35009765625,0.0806884765625
12.636,311,596,833,311,-6.0,38.0,42.0,18.9208984375,-6.103515148162842,8.1787109375,-0.7716064453125,0.3232421875,0.046630859375
12.647,310,628,861,312,-6.0,38.0,42.0,17.2119140625,-3.784179449081421,9.521484375,-0.770263671875,0.3201904296875,0.01513671875
12.667,310,657,932,312,-6.0,38.0,42.0,16.17431640625,-1.4648436307907104,13.122557640075684,-0.8089599609375,0.3516845703125,-0.037109375
12.668,310,683,968,312,-6.0,38.0,42.0,16.54052734375,-0.4272460639476776,16.54052734375,-0.8349609375,0.3499755859375,-0.091552734375
12.689,312,711,1011,313,-6.0,38.0,42.0,16.6015625,-1.5258787870407104,16.845703125,-0.791015625,0.2645263671875,-0.108154296875
12.693,310,765,1112,313,-6.0,38.0,42.0,16.7236328125,-3.845214605331421,14.709471702575684,-0.6624755859375,0.123291015625,-0.0823974609375
12.696,309,794,1162,312,-6.0,38.0,42.0,21.484373092651367,-5.676269054412842,11.230467796325684,-0.5123291015625,0.0191650390625,-0.0662841796875
12.705,310,823,1206,314,-6.0,38.0,42.0,28.869626998901367,-7.141112804412842,6.591796398162842,-0.45556640625,0.1138916015625,-0.103759765625
12.719,310,873,1306,313,-7.0,38.0,43.0,27.709959030151367,-10.375975608825684,0.4272460639476776,-0.534423828125,0.405029296875,-0.180419921875
12.726,310,907,1357,313,-7.0,38.0,43.0,12.390135765075684,-16.7236328125,-9.1552734375,-0.71484375,0.6431884765625,-0.2451171875
12.734,310,937,1413,314,-7.0,38.0,43.0,-9.521484375,-24.963376998901367,-21.667478561401367,-0.9735107421875,0.69580078125,-0.2293701171875
12.748,311,984,1483,312,-7.0,38.0,43.0,-28.381345748901367,-32.16552734375,-30.334470748901367,-1.3310546875,0.7115478515625,-0.1224365234375
12.766,312,1000,1508,314,-7.0,38.0,43.0,-43.701168060302734,-36.865234375,-29.052732467651367,-1.7021484375,0.64990234375,0.10693359375
12.767,310,1014,1523,312,-7.0,38.0,43.0,-51.879878997802734,-36.80419921875,-19.34814453125,-1.904296875,0.4024658203125,0.431640625
12.781,311,1009,1492,314,-7.0,38.0,43.0,-41.442867279052734,-27.465818405151367,-4.7607421875,-1.863525390625,0.1959228515625,0.61572265625
12.791,310,1000,1470,313,-7.0,38.0,43.0,-13.183592796325684,-8.9111328125,11.047362327575684,-1.56591796875,0.199462890625,0.519287109375
12.798,312,984,1450,314,-7.0,38.0,43.0,18.798828125,11.718749046325684,21.057126998901367,-1.1241455078125,0.3607177734375,0.1912841796875
12.808,310,959,1409,313,-8.0,39.0,46.0,37.9638671875,25.512693405151367,19.95849609375,-0.9166259765625,0.768310546875,-0.3814697265625
12.816,310,944,1403,312,-8.0,39.0,46.0,29.541013717651367,24.963376998901367,8.4228515625,-0.9166259765625,0.768310546875,-0.3814697265625
12.825,312,943,1401,314,-8.0,39.0,46.0,0.6713866591453552,12.573241233825684,-8.7890625,-1.0576171875,0.6368408203125,-0.29052734375
12.889,311,932,1380,314,-8.0,39.0,46.0,-25.024412155151367,-0.9155272841453552,-23.681638717651367,-1.5281982421875,0.521240234375,0.0614013671875
12.890,312,916,1355,312,-8.0,39.0,46.0,-39.794921875,-10.559081077575684,-28.503416061401367,-1.5281982421875,0.521240234375,0.0614013671875
12.890,310,889,1315,314,-8.0,39.0,46.0,-46.386714935302734,-15.197752952575684,-24.108884811401367,-1.715576171875,0.544189453125,0.2135009765625
12.890,311,846,1248,312,-8.0,39.0,46.0,-41.687007904052734,-12.268065452575684,-16.17431640625,-1.5723876953125,0.4063720703125,0.3243408203125
12.893,310,803,1196,314,-8.0,39.0,46.0,-24.414060592651367,-2.563476324081421,-6.530761241912842,-1.5723876953125,0.4063720703125,0.3243408203125
12.897,310,744,1134,312,-8.0,39.0,46.0,-2.3193359375,8.36181640625,5.126952648162842,-1.34228515625,0.424072265625,0.2978515625
12.901,311,705,1003,314,-8.0,39.0,46.0,14.587401390075684,17.39501953125,14.587401390075684,-0.8017578125,0.3240966796875,0.1339111328125
12.909,311,683,952,312,-8.0,39.0,46.0,23.864744186401367,24.475095748901367,17.333984375,-0.8017578125,0.3240966796875,0.1339111328125
12.914,311,657,902,312,-6.0,37.0,44.0,29.052732467651367,29.357908248901367,13.671874046325684,-0.6063232421875,0.2972412109375,-0.0042724609375
12.928,310,606,837,311,-6.0,37.0,44.0,30.517576217651367,30.334470748901367,6.347655773162842,-0.560791015625,0.3714599609375,-0.245361328125
12.937,310,579,801,312,-6.0,37.0,44.0,24.780271530151367,26.000974655151367,-2.990722417831421,-0.6221923828125,0.303466796875,-0.26025390625
12.944,310,548,773,312,-6.0,37.0,44.0,11.291502952575684,18.5546875,-13.977049827575684,-0.6221923828125,0.303466796875,-0.26025390625
12.958,310,509,745,312,-6.0,37.0,44.0,-18.06640625,5.554198741912842,-29.968259811401367,-0.682373046875,0.06640625,-0.1322021484375
13.000,310,485,722,312,-6.0,37.0,44.0,-18.06640625,5.554198741912842,-29.968259811401367,-0.66015625,0.0228271484375,-0.0875244140625
13.000,309,473,711,312,-6.0,37.0,44.0,-23.010251998901367,2.01416015625,-29.296873092651367,-0.66015625,0.0228271484375,-0.0875244140625
13.001,310,453,689,311,-6.0,37.0,44.0,-19.04296875,-3.356933355331421,-15.136717796325684,-0.63916015625,0.1058349609375,-0.013916015625
13.001,310,450,693,312,-6.0,37.0,44.0,-19.04296875,-3.356933355331421,-15.136717796325684,-0.640625,0.22802734375,0.039306640625
13.005,310,449,689,310,-6.0,37.0,44.0,-14.953612327575684,-6.164550304412842,-5.493163585662842,-0.640625,0.22802734375,0.039306640625
13.018,310,451,696,312,-8.0,36.0,44.0,-12.451170921325684,-10.498045921325684,6.530761241912842,-0.639892578125,0.366943359375,0.1033935546875
13.027,312,452,703,312,-8.0,36.0,44.0,-12.451170921325684,-10.498045921325684,6.530761241912842,-0.6502685546875,0.410888671875,0.127685546875
13.034,310,454,707,314,-8.0,36.0,44.0,-12.573241233825684,-10.559081077575684,9.33837890625,-0.6502685546875,0.410888671875,0.127685546875
13.048,309,469,714,312,-8.0,36.0,44.0,-12.207030296325684,-6.347655773162842,12.023924827575684,-0.678955078125,0.34814453125,0.1767578125
13.056,310,480,725,311,-8.0,36.0,44.0,-12.207030296325684,-6.347655773162842,12.023924827575684,-0.68505859375,0.28662109375,0.197265625
13.070,310,490,732,311,-8.0,36.0,44.0,-10.864256858825684,-2.746581792831421,13.000487327575684,-0.68505859375,0.28662109375,0.197265625
13.101,310,508,755,312,-8.0,36.0,44.0,0.0,0.6713866591453552,14.709471702575684,-0.7010498046875,0.27392578125,0.2005615234375
13.102,310,522,767,312,-8.0,36.0,44.0,10.986327171325684,0.1831054538488388,14.526366233825684,-0.6937255859375,0.30908203125,0.16943359375
13.102,310,537,794,312,-8.0,36.0,44.0,10.986327171325684,0.1831054538488388,14.526366233825684,-0.666748046875,0.3411865234375,0.1407470703125
13.109,311,564,830,312,-12.0,37.0,43.0,27.038572311401367,-2.01416015625,13.916014671325684,-0.6436767578125,0.33740234375,0.1177978515625
13.116,310,588,865,314,-12.0,37.0,43.0,28.930662155151367,-1.0986328125,13.488768577575684,-0.630615234375,0.284912109375,0.1007080078125
13.124,310,622,907,312,-12.0,37.0,43.0,28.930662155151367,-1.0986328125,13.488768577575684,-0.6251220703125,0.239013671875,0.1004638671875
13.139,311,675,976,312,-12.0,37.0,43.0,23.681638717651367,2.685546636581421,16.41845703125,-0.6915283203125,0.28125,0.0546875
13.147,310,710,1047,313,-12.0,37.0,43.0,24.169919967651367,4.8828125,19.95849609375,-0.8018798828125,0.3631591796875,-0.067626953125
13.154,310,753,1096,312,-12.0,37.0,43.0,24.169919967651367,4.8828125,19.95849609375,-0.8154296875,0.339111328125,-0.18603515625
13.173,311,809,1160,312,-12.0,37.0,43.0,28.442380905151367,6.103515148162842,14.282225608825684,-0.6959228515625,0.2041015625,-0.2318115234375
13.176,311,835,1211,313,-12.0,37.0,43.0,30.334470748901367,1.8310545682907104,5.554198741912842,-0.541259765625,0.1385498046875,-0.2086181640625
13.212,311,865,1267,314,-12.0,37.0,43.0,30.334470748901367,1.8310545682907104,5.554198741912842,-0.5516357421875,0.3182373046875,-0.2176513671875
13.213,310,920,1351,313,-12.0,37.0,43.0,29.235837936401367,-13.977049827575684,-13.000487327575684,-0.8065185546875,0.6209716796875,-0.2890625
13.213,310,959,1393,314,-8.0,37.0,47.0,4.33349609375,-23.010251998901367,-23.315427780151367,-1.185302734375,0.8035888671875,-0.3065185546875
13.215,310,982,1433,313,-8.0,37.0,47.0,4.33349609375,-23.010251998901367,-23.315427780151367,-1.5704345703125,0.8206787109375,-0.1810302734375
13.234,310,1014,1483,313,-8.0,37.0,47.0,-54.870601654052734,-36.62109375,-32.3486328125,-1.8193359375,0.6014404296875,0.138427734375
13.242,311,1026,1498,314,-8.0,37.0,47.0,-56.457515716552734,-37.41455078125,-23.681638717651367,-1.8470458984375,0.229736328125,0.5089111328125
13.246,310,1029,1487,314,-8.0,37.0,47.0,-31.066892623901367,-27.282712936401367,-6.530761241912842,-1.682373046875,0.0191650390625,0.6552734375
13.258,310,1013,1444,313,-8.0,37.0,47.0,5.859374523162842,-8.544921875,13.793944358825684,-1.373291015625,0.11279296875,0.480224609375
13.266,311,1000,1430,312,-8.0,37.0,47.0,35.400390625,10.192870140075684,28.076169967651367,-1.0482177734375,0.4190673828125,0.0804443359375
13.305,311,989,1419,314,-8.0,37.0,47.0,43.518062591552734,20.996091842651367,28.015134811401367,-0.8927001953125,0.733642578125,-0.2764892578125
13.306,309,963,1383,314,-8.0,37.0,47.0,25.390623092651367,18.6767578125,13.366698265075684,-0.9337158203125,0.8060302734375,-0.3583984375
13.306,311,953,1380,314,-8.0,37.0,47.0,-4.08935546875,7.141112804412842,-7.507323741912842,-1.021240234375,0.611572265625,-0.197021484375
13.306,310,948,1379,313,-5.0,36.0,47.0,-23.498533248901367,-3.784179449081421,-23.559568405151367,-1.133056640625,0.4283447265625,-0.00048828125
13.324,311,939,1351,313,-5.0,36.0,47.0,-29.724119186401367,-9.6435546875,-28.320310592651367,-1.3465576171875,0.4287109375,0.115478515625
13.326,311,922,1323,314,-5.0,36.0,47.0,-31.066892623901367,-11.169432640075684,-23.254392623901367,-1.5731201171875,0.4912109375,0.19189453125
13.346,310,902,1292,314,-5.0,36.0,47.0,-29.418943405151367,-8.36181640625,-14.221190452575684,-1.6494140625,0.4552001953125,0.26123046875
13.352,311,854,1231,314,-5.0,36.0,47.0,-20.629880905151367,-0.7934569716453552,-4.69970703125,-1.5477294921875,0.364990234375,0.303955078125
13.356,311,824,1173,314,-5.0,36.0,47.0,-5.249022960662842,9.033203125,5.187987804412842,-1.32080078125,0.34765625,0.3162841796875
13.364,310,797,1117,314,-5.0,36.0,47.0,9.70458984375,17.578125,13.610838890075684,-1.0401611328125,0.375244140625,0.2647705078125
13.378,310,748,1013,312,-5.0,36.0,47.0,21.362302780151367,22.949216842651367,16.4794921875,-0.800048828125,0.3756103515625,0.1275634765625
13.386,312,724,969,314,-5.0,36.0,47.0,31.616209030151367,24.597166061401367,12.390135765075684,-0.6556396484375,0.4022216796875,-0.06103515625
13.412,312,707,928,312,-5.0,36.0,47.0,36.92626953125,22.888181686401367,2.990722417831421,-0.6087646484375,0.46240234375,-0.2237548828125
13.412,310,653,888,313,-7.0,39.0,43.0,30.944822311401367,17.333984375,-8.6669921875,-0.6251220703125,0.4859619140625,-0.27734375
13.417,310,660,864,312,-7.0,39.0,43.0,12.817381858825684,9.21630859375,-19.22607421875,-0.6588134765625,0.4261474609375,-0.2333984375
13.424,310,646,846,312,-7.0,39.0,43.0,-9.70458984375,2.563476324081421,-26.062009811401367,-0.69970703125,0.3128662109375,-0.147216796875
13.438,310,620,797,312,-7.0,39.0,43.0,-25.695798873901367,-1.0986328125,-27.770994186401367,-0.75390625,0.1883544921875,-0.0703125
13.451,311,607,772,312,-7.0,39.0,43.0,-29.479978561401367,-2.807616949081421,-25.329587936401367,-0.80029296875,0.0875244140625,-0.0350341796875
13.456,310,578,763,314,-7.0,39.0,43.0,-23.071287155151367,-4.08935546875,-19.95849609375,-0.803466796875,0.062744140625,0.0177001953125
13.469,311,564,745,312,-7.0,39.0,43.0,-13.610838890075684,-7.019042491912842,-12.573241233825684,-0.7569580078125,0.080810546875,0.1114501953125
13.480,310,558,745,312,-7.0,39.0,43.0,-5.554198741912842,-9.70458984375,-5.737304210662842,-0.7017822265625,0.0672607421875,0.1656494140625
13.484,310,551,745,312,-7.0,39.0,43.0,1.5258787870407104,-9.33837890625,-0.6713866591453552,-0.6754150390625,0.0753173828125,0.146484375
13.530,310,552,753,311,-7.0,39.0,43.0,7.446288585662842,-7.019042491912842,3.540038824081421,-0.66162109375,0.178955078125,0.0975341796875
13.530,310,554,754,311,-9.0,36.0,46.0,9.21630859375,-5.065917491912842,7.141112804412842,-0.6510009765625,0.3275146484375,0.0537109375
13.530,287,538,754,310,-9.0,36.0,46.0,5.554198741912842,-4.0283203125,9.3994140625,-0.659912109375,0.437255859375,0.025634765625
13.530,310,574,740,298,-9.0,36.0,46.0,-1.6479490995407104,-3.662109136581421,10.314940452575684,-0.6746826171875,0.4481201171875,0.026611328125
13.537,310,579,767,311,-9.0,36.0,46.0,-7.873534679412842,-3.479003667831421,10.559081077575684,-0.687255859375,0.3831787109375,0.05126953125
13.552,311,590,784,312,-9.0,36.0,46.0,-8.60595703125,-3.784179449081421,10.253905296325684,-0.71484375,0.3297119140625,0.0802001953125
13.558,310,606,813,312,-9.0,36.0,46.0,-4.2724609375,-5.371093273162842,9.27734375,-0.7745361328125,0.334228515625,0.1353759765625
13.566,310,614,837,314,-9.0,36.0,46.0,0.9765624403953552,-7.263183116912842,7.263183116912842,-0.7745361328125,0.334228515625,0.1353759765625
13.575,311,629,864,312,-9.0,36.0,46.0,5.676269054412842,-7.507323741912842,4.82177734375,-0.7869873046875,0.3380126953125,0.1292724609375
13.630,311,654,916,312,-9.0,36.0,46.0,9.58251953125,-5.737304210662842,3.479003667831421,-0.7315673828125,0.334716796875,0.0714111328125
13.632,310,673,953,312,-9.0,36.0,46.0,12.207030296325684,-2.929687261581421,4.21142578125,-0.7315673828125,0.334716796875,0.0714111328125
13.632,311,696,986,312,-6.0,36.0,46.0,13.793944358825684,-0.2441406100988388,6.835937023162842,-0.697509765625,0.316650390625,0.0218505859375
13.633,310,737,1081,312,-6.0,36.0,46.0,14.709471702575684,0.3662109076976776,10.375975608825684,-0.6458740234375,0.211181640625,-0.054931640625
13.633,312,739,1098,311,-6.0,36.0,46.0,15.502928733825684,-1.2817381620407104,13.488768577575684,-0.6458740234375,0.211181640625,-0.054931640625
13.634,310,790,1173,312,-6.0,36.0,46.0,16.29638671875,-2.38037109375,15.502928733825684,-0.6124267578125,0.1751708984375,-0.0694580078125
13.648,310,835,1264,313,-6.0,36.0,46.0,14.343260765075684,-1.3427733182907104,14.465331077575684,-0.591796875,0.28515625,-0.0379638671875
13.666,310,871,1326,314,-6.0,36.0,46.0,7.263183116912842,0.6103515625,7.324218273162842,-0.591796875,0.28515625,-0.0379638671875
13.667,310,901,1371,313,-6.0,36.0,46.0,-2.0751953125,1.4648436307907104,-4.5166015625,-0.664306640625,0.363037109375,-0.0120849609375
13.684,310,943,1432,312,-6.0,36.0,46.0,-10.803221702575684,-0.1831054538488388,-15.502928733825684,-1.009765625,0.352783203125,0.0130615234375
13.686,311,969,1471,314,-6.0,36.0,46.0,-16.66259765625,-4.57763671875,-20.568845748901367,-1.009765625,0.352783203125,0.0130615234375
13.695,312,989,1500,313,-6.0,36.0,46.0,-16.78466796875,-9.1552734375,-17.51708984375,-1.222412109375,0.3543701171875,0.0389404296875
13.721,311,1020,1523,312,-7.0,37.0,45.0,-12.695311546325684,-9.8876953125,4.8828125,-1.6036376953125,0.6019287109375,0.1746826171875
13.725,310,1029,1536,314,-7.0,37.0,45.0,-12.695311546325684,-9.8876953125,4.8828125,-1.6922607421875,0.611083984375,0.2598876953125
13.725,311,1029,1533,314,-7.0,37.0,45.0,-15.441893577575684,-6.835937023162842,11.779784202575684,-1.6922607421875,0.611083984375,0.2598876953125
13.738,311,1020,1506,314,-7.0,37.0,45.0,-1.03759765625,4.39453125,7.751464366912842,-1.432861328125,0.505859375,0.1258544921875
13.747,312,1003,1490,314,-7.0,37.0,45.0,-1.03759765625,4.39453125,7.751464366912842,-1.0679931640625,0.4027099609375,-0.0462646484375
13.757,309,992,1472,314,-7.0,37.0,45.0,17.4560546875,9.58251953125,2.01416015625,-1.0679931640625,0.4027099609375,-0.0462646484375
13.773,312,959,1437,314,-7.0,37.0,45.0,18.85986328125,5.0048828125,-4.82177734375,-0.9498291015625,0.4820556640625,-0.1761474609375
13.776,310,955,1437,312,-7.0,37.0,45.0,18.85986328125,5.0048828125,-4.82177734375,-1.099853515625,0.486572265625,-0.06787109375
13.787,311,944,1430,314,-7.0,37.0,45.0,-2.868652105331421,-0.9155272841453552,-10.009765625,-1.099853515625,0.486572265625,-0.06787109375
13.812,311,929,1404,312,-7.0,37.0,45.0,-35.09521484375,-5.798339366912842,-19.34814453125,-1.589599609375,0.6038818359375,0.142333984375
13.816,309,884,1336,314,-8.0,38.0,42.0,-35.09521484375,-5.798339366912842,-19.34814453125,-1.6741943359375,0.536376953125,0.267578125
13.816,295,891,1342,313,-8.0,38.0,42.0,-41.442867279052734,-6.225585460662842,-16.9677734375,-1.6741943359375,0.536376953125,0.267578125
13.828,311,845,1265,313,-8.0,38.0,42.0,-20.446775436401367,7.995604991912842,-2.01416015625,-1.346923828125,0.3408203125,0.3277587890625
13.836,310,814,1204,314,-8.0,38.0,42.0,-20.446775436401367,7.995604991912842,-2.01416015625,-1.082763671875,0.3548583984375,0.2783203125
13.844,310,785,1153,314,-8.0,38.0,42.0,-2.25830078125,17.333984375,8.056640625,-1.082763671875,0.3548583984375,0.2783203125
13.861,310,750,1048,312,-8.0,38.0,42.0,24.536130905151367,27.770994186401367,8.7890625,-0.62060546875,0.3157958984375,0.0316162109375
13.868,311,728,1000,312,-8.0,38.0,42.0,30.517576217651367,29.052732467651367,1.03759765625,-0.5576171875,0.4140625,-0.1710205078125
13.874,311,708,980,314,-8.0,38.0,42.0,30.517576217651367,29.052732467651367,1.03759765625,-0.5933837890625,0.4869384765625,-0.2921142578125
13.892,310,684,932,312,-8.0,38.0,42.0,5.920409679412842,16.41845703125,-17.333984375,-0.66015625,0.4383544921875,-0.3011474609375
13.896,310,667,913,312,-8.0,38.0,42.0,-17.2119140625,7.751464366912842,-24.658201217651367,-0.7266845703125,0.3341064453125,-0.253662109375
13.904,311,650,877,314,-6.0,36.0,42.0,-17.2119140625,7.751464366912842,-24.658201217651367,-0.788330078125,0.25048828125,-0.1697998046875
13.919,310,628,830,312,-6.0,36.0,42.0,-39.97802734375,-2.197265625,-25.512693405151367,-0.8248291015625,0.16357421875,-0.0618896484375
13.926,311,612,818,314,-6.0,36.0,42.0,-38.51318359375,-5.187987804412842,-21.362302780151367,-0.8134765625,0.0946044921875,0.0482177734375
13.934,311,594,805,314,-6.0,36.0,42.0,-38.51318359375,-5.187987804412842,-21.362302780151367,-0.76611328125,0.055908203125,0.1314697265625
13.948,310,576,777,312,-6.0,36.0,42.0,-22.216794967651367,-5.371093273162842,-8.9111328125,-0.7137451171875,0.029541015625,0.1534423828125
13.962,311,567,777,312,-6.0,36.0,42.0,-12.573241233825684,-2.746581792831421,-2.929687261581421,-0.676025390625,0.04736328125,0.1497802734375
13.965,311,566,777,312,-6.0,36.0,42.0,-12.573241233825684,-2.746581792831421,-2.929687261581421,-0.6678466796875,0.13037109375,0.1463623046875
14.002,310,558,772,312,-6.0,36.0,42.0,-0.7934569716453552,0.4882812201976776,8.60595703125,-0.6907958984375,0.24951171875,0.12255859375
14.002,310,543,780,310,-6.0,36.0,42.0,-1.2817381620407104,0.6713866591453552,12.695311546325684,-0.718994140625,0.353759765625,0.0926513671875
14.002,310,572,784,313,-6.0,36.0,42.0,-1.2817381620407104,0.6713866591453552,12.695311546325684,-0.7347412109375,0.4100341796875,0.07421875
14.023,296,586,794,308,-5.0,36.0,45.0,-8.23974609375,1.0986328125,14.526366233825684,-0.7303466796875,0.3978271484375,0.0693359375
14.024,310,594,799,312,-5.0,36.0,45.0,-8.4228515625,2.50244140625,13.305663108825684,-0.7227783203125,0.3404541015625,0.0792236328125
14.024,298,587,805,310,-5.0,36.0,45.0,-5.310058116912842,3.051757574081421,11.657713890075684,-0.7286376953125,0.3050537109375,0.095458984375
14.042,310,618,832,311,-5.0,36.0,45.0,-0.0610351525247097,1.5258787870407104,9.94873046875,-0.7381591796875,0.318115234375,0.100830078125
14.047,311,623,852,312,-5.0,36.0,45.0,5.249022960662842,-0.9765624403953552,8.48388671875,-0.74658203125,0.347412109375,0.086181640625
14.054,311,639,864,312,-5.0,36.0,45.0,8.544921875,-2.624511480331421,7.507323741912842,-0.7513427734375,0.3446044921875,0.052734375
14.068,311,654,888,312,-5.0,36.0,45.0,8.7890625,-2.624511480331421,8.056640625,-0.741455078125,0.31591796875,0.0184326171875
14.076,310,668,920,312,-5.0,36.0,45.0,6.225585460662842,-1.5869139432907104,10.559081077575684,-0.7197265625,0.29736328125,0.0128173828125
14.084,310,689,955,312,-5.0,36.0,45.0,2.685546636581421,-1.7700194120407104,13.732909202575684,-0.7193603515625,0.278076171875,0.0416259765625
14.098,310,723,1009,312,-4.0,37.0,42.0,1.2817381620407104,-4.94384765625,15.380858421325684,-0.737548828125,0.2225341796875,0.066162109375
14.124,310,745,1038,312,-4.0,37.0,42.0,2.990722417831421,-8.9111328125,15.014647483825684,-0.74951171875,0.14208984375,0.0587158203125
14.124,311,771,1103,314,-4.0,37.0,42.0,7.446288585662842,-10.131834983825684,14.526366233825684,-0.7413330078125,0.121826171875,0.0308837890625
14.128,310,820,1178,313,-4.0,37.0,42.0,11.413573265075684,-8.544921875,13.916014671325684,-0.7144775390625,0.2100830078125,0.0101318359375
14.136,310,847,1239,313,-4.0,37.0,42.0,11.901854515075684,-7.385253429412842,11.901854515075684,-0.711181640625,0.33203125,0.01416015625
14.150,310,871,1305,313,-4.0,37.0,42.0,12.268065452575684,-8.056640625,7.568358898162842,-0.7606201171875,0.384765625,0.0274658203125
14.158,310,906,1379,312,-4.0,37.0,42.0,15.319823265075684,-8.85009765625,2.01416015625,-0.8699951171875,0.409423828125,0.01904296875
14.166,310,922,1409,314,-4.0,37.0,42.0,15.747069358825684,-8.36181640625,-1.8920897245407104,-1.022216796875,0.4344482421875,-0.00244140625
14.174,311,943,1431,314,-4.0,37.0,42.0,7.812499523162842,-7.080077648162842,-2.807616949081421,-1.1715087890625,0.4329833984375,0.030517578125
14.188,310,966,1460,313,-4.0,37.0,42.0,-4.82177734375,-5.310058116912842,-0.9765624403953552,-1.31005859375,0.4482421875,0.0858154296875
14.196,310,978,1484,313,-4.0,37.0,42.0,-13.488768577575684,-2.868652105331421,2.44140625,-1.4283447265625,0.518310546875,0.1102294921875
14.215,312,982,1492,314,-8.0,36.0,42.0,-12.817381858825684,-0.6713866591453552,5.676269054412842,-1.5064697265625,0.6455078125,0.0992431640625
14.262,311,981,1462,313,-8.0,36.0,42.0,-6.896972179412842,0.3662109076976776,7.629394054412842,-1.5286865234375,0.6968994140625,0.0750732421875
14.262,310,976,1447,314,-8.0,36.0,42.0,-1.7700194120407104,0.3662109076976776,7.385253429412842,-1.390869140625,0.5338134765625,0.10693359375
14.263,311,969,1429,314,-8.0,36.0,42.0,4.0283203125,1.2817381620407104,5.249022960662842,-1.1048583984375,0.305908203125,0.1317138671875
14.263,311,948,1400,312,-8.0,36.0,42.0,13.000487327575684,4.150390625,3.417968511581421,-0.930908203125,0.3087158203125,0.019775390625
14.263,311,929,1395,311,-8.0,36.0,42.0,18.4326171875,5.737304210662842,1.4648436307907104,-0.9595947265625,0.5076904296875,-0.16015625
14.264,311,928,1395,314,-8.0,36.0,42.0,12.878417015075684,3.540038824081421,-5.859374523162842,-1.0411376953125,0.6339111328125,-0.215576171875
14.278,310,918,1380,312,-8.0,36.0,42.0,0.1831054538488388,-1.2817381620407104,-19.1650390625,-1.1710205078125,0.638671875,-0.11181640625
14.288,310,907,1365,313,-8.0,36.0,42.0,-13.244627952575684,-6.286620616912842,-30.273435592651367,-1.3909912109375,0.6185302734375,0.0506591796875
14.299,312,888,1338,313,-8.0,36.0,42.0,-22.766111373901367,-8.7890625,-33.02001953125,-1.559814453125,0.5740966796875,0.1884765625
14.308,310,846,1267,311,-7.0,36.0,41.0,-25.024412155151367,-6.774901866912842,-28.198240280151367,-1.5662841796875,0.4881591796875,0.265869140625
14.338,311,785,1162,314,-7.0,36.0,41.0,-13.549803733825684,6.713866710662842,-6.652831554412842,-1.2720947265625,0.3563232421875,0.21337890625
14.338,310,742,1050,314,-7.0,36.0,41.0,-6.225585460662842,13.427733421325684,2.197265625,-0.827392578125,0.2119140625,0.1451416015625
14.346,310,722,1000,314,-7.0,36.0,41.0,-0.7934569716453552,17.9443359375,5.920409679412842,-0.827392578125,0.2119140625,0.1451416015625
14.363,311,700,963,314,-7.0,36.0,41.0,4.94384765625,19.6533203125,6.835937023162842,-0.671630859375,0.214111328125,0.066650390625
14.370,310,666,884,312,-7.0,36.0,41.0,11.779784202575684,18.9208984375,6.164550304412842,-0.54052734375,0.3961181640625,-0.1326904296875
14.377,311,648,854,314,-7.0,36.0,41.0,14.953612327575684,16.54052734375,1.03759765625,-0.54052734375,0.3961181640625,-0.1326904296875
14.385,310,631,827,312,-7.0,36.0,41.0,10.742186546325684,13.366698265075684,-8.85009765625,-0.564453125,0.4139404296875,-0.1905517578125
14.427,310,614,796,312,-6.0,40.0,45.0,0.4882812201976776,9.33837890625,-19.1650390625,-0.656494140625,0.2467041015625,-0.0975341796875
14.433,310,606,780,312,-6.0,40.0,45.0,-12.207030296325684,3.417968511581421,-25.329587936401367,-0.656494140625,0.2467041015625,-0.0975341796875
14.433,310,596,758,312,-6.0,40.0,45.0,-21.423337936401367,-2.44140625,-25.939939498901367,-0.6995849609375,0.1322021484375,-0.025390625
14.434,310,574,723,311,-6.0,40.0,45.0,-23.437498092651367,-5.310058116912842,-22.277830123901367,-0.7744140625,0.0992431640625,0.016357421875
14.437,310,589,716,312,-6.0,40.0,45.0,-20.385740280151367,-5.920409679412842,-15.991209983825684,-0.7744140625,0.0992431640625,0.016357421875
14.449,310,587,703,313,-6.0,40.0,45.0,-16.78466796875,-7.141112804412842,-9.033203125,-0.796142578125,0.1787109375,0.0692138671875
14.458,310,587,707,312,-6.0,40.0,45.0,-13.977049827575684,-9.33837890625,-3.479003667831421,-0.767578125,0.2861328125,0.1236572265625
14.472,310,592,700,312,-6.0,40.0,45.0,-10.925292015075684,-10.009765625,-0.7934569716453552,-0.7578125,0.2923583984375,0.1260986328125
14.475,311,591,707,311,-6.0,40.0,45.0,-8.4228515625,-8.48388671875,-0.0610351525247097,-0.7578125,0.2923583984375,0.1260986328125
14.489,310,604,714,312,-6.0,40.0,45.0,-9.82666015625,-3.967284917831421,3.845214605331421,-0.80078125,0.2850341796875,0.1378173828125
14.496,310,608,718,312,-6.0,38.0,39.0,-9.82666015625,-3.967284917831421,3.845214605331421,-0.8023681640625,0.2529296875,0.1290283203125
14.505,311,614,725,310,-6.0,38.0,39.0,-11.840819358825684,-1.5869139432907104,6.958007335662842,-0.8023681640625,0.2529296875,0.1290283203125
14.533,310,629,740,312,-6.0,38.0,39.0,-8.60595703125,-0.1220703050494194,11.657713890075684,-0.8148193359375,0.3125,0.11962890625
14.533,310,636,750,312,-6.0,38.0,39.0,-8.60595703125,-0.1220703050494194,11.657713890075684,-0.8311767578125,0.367431640625,0.128173828125
14.535,308,644,766,312,-6.0,38.0,39.0,-3.356933355331421,-2.25830078125,11.901854515075684,-0.8311767578125,0.367431640625,0.128173828125
14.565,310,657,794,311,-6.0,38.0,39.0,5.493163585662842,-4.21142578125,6.469726085662842,-0.8284912109375,0.3458251953125,0.0966796875
14.566,311,668,810,312,-6.0,38.0,39.0,5.493163585662842,-4.21142578125,6.469726085662842,-0.802734375,0.295654296875,0.0556640625
14.566,310,683,826,312,-6.0,38.0,39.0,7.629394054412842,-2.868652105331421,4.39453125,-0.802734375,0.295654296875,0.0556640625
14.579,310,700,868,311,-6.0,38.0,39.0,7.568358898162842,-2.746581792831421,7.873534679412842,-0.7620849609375,0.219970703125,0.01611328125
14.591,311,711,886,312,-6.0,38.0,39.0,7.568358898162842,-2.746581792831421,7.873534679412842,-0.7757568359375,0.222412109375,0.016357421875
14.594,310,721,918,312,-6.0,38.0,39.0,5.493163585662842,-3.967284917831421,11.474608421325684,-0.7757568359375,0.222412109375,0.016357421875
14.608,310,742,982,311,-11.0,40.0,46.0,2.929687261581421,-3.967284917831421,15.197752952575684,-0.802001953125,0.268798828125,0.0601806640625
14.622,310,763,1018,312,-11.0,40.0,46.0,1.7089842557907104,-2.990722417831421,14.160155296325684,-0.763916015625,0.256591796875,0.1025390625
14.636,310,784,1078,314,-11.0,40.0,46.0,1.7089842557907104,-2.990722417831421,14.160155296325684,-0.672607421875,0.2303466796875,0.1588134765625
14.639,310,820,1160,314,-11.0,40.0,46.0,9.27734375,-5.249022960662842,8.9111328125,-0.62109375,0.224853515625,0.181884765625
14.646,310,848,1201,314,-11.0,40.0,46.0,23.010251998901367,-8.36181640625,5.432128429412842,-0.701416015625,0.2940673828125,0.1217041015625
14.654,311,873,1254,314,-11.0,40.0,46.0,23.010251998901367,-8.36181640625,5.432128429412842,-0.8787841796875,0.425537109375,0.0169677734375
14.683,310,912,1325,313,-11.0,40.0,46.0,29.174802780151367,-6.103515148162842,-1.9531248807907104,-1.0675048828125,0.52099609375,-0.06201171875
14.684,295,931,1338,314,-11.0,40.0,46.0,15.747069358825684,-1.6479490995407104,-6.347655773162842,-1.2144775390625,0.526123046875,-0.084228515625
14.685,311,922,1383,312,-11.0,40.0,46.0,15.747069358825684,-1.6479490995407104,-6.347655773162842,-1.2803955078125,0.458251953125,-0.0369873046875
14.695,311,960,1393,314,-11.0,40.0,46.0,2.25830078125,-0.1220703050494194,-8.056640625,-1.2674560546875,0.3822021484375,0.0440673828125
14.709,310,986,1409,312,-5.0,41.0,47.0,-2.807616949081421,-6.225585460662842,-0.9765624403953552,-1.2440185546875,0.38671875,0.096435546875
14.716,310,992,1419,314,-5.0,41.0,47.0,7.507323741912842,-9.33837890625,2.50244140625,-1.2965087890625,0.51806640625,0.06396484375
14.737,310,994,1428,314,-5.0,41.0,47.0,7.507323741912842,-9.33837890625,2.50244140625,-1.4119873046875,0.7000732421875,-0.0294189453125
14.738,311,951,1355,314,-5.0,41.0,47.0,17.7001953125,-9.58251953125,-5.432128429412842,-1.41357421875,0.722412109375,-0.058837890625
14.745,311,964,1371,314,-5.0,41.0,47.0,8.30078125,-7.080077648162842,-16.7236328125,-1.1978759765625,0.49853515625,0.0028076171875
14.754,310,944,1344,314,-5.0,41.0,47.0,8.30078125,-7.080077648162842,-16.7236328125,-0.956787109375,0.2999267578125,0.063720703125
14.767,312,927,1320,312,-5.0,41.0,47.0,0.4882812201976776,0.4272460639476776,-30.700681686401367,-0.906005859375,0.3125,0.0521240234375
14.776,311,918,1309,314,-5.0,41.0,47.0,-0.9155272841453552,0.9765624403953552,-30.090330123901367,-1.0704345703125,0.438232421875,0.0133056640625
14.789,310,912,1292,313,-5.0,41.0,47.0,-0.9155272841453552,0.9765624403953552,-30.090330123901367,-1.3387451171875,0.568603515625,0.02685546875
14.797,310,886,1239,314,-5.0,37.0,46.0,-17.9443359375,-5.310058116912842,-23.803709030151367,-1.521240234375,0.5767822265625,0.1005859375
14.839,310,861,1206,313,-5.0,37.0,46.0,-27.160642623901367,-6.652831554412842,-19.95849609375,-1.5303955078125,0.44873046875,0.1778564453125
14.841,311,837,1175,314,-5.0,37.0,46.0,-27.160642623901367,-6.652831554412842,-19.95849609375,-1.417724609375,0.318359375,0.202392578125
14.841,310,796,1086,312,-5.0,37.0,46.0,-22.827146530151367,1.5258787870407104,-7.995604991912842,-1.2625732421875,0.266357421875,0.193115234375
14.842,312,771,1035,310,-5.0,37.0,46.0,-15.014647483825684,7.080077648162842,0.9155272841453552,-1.1021728515625,0.259521484375,0.1875
14.844,310,739,992,312,-5.0,37.0,46.0,-10.009765625,11.718749046325684,8.48388671875,-0.943603515625,0.249755859375,0.183837890625
14.858,310,697,929,312,-5.0,37.0,46.0,-8.11767578125,15.075682640075684,13.183592796325684,-0.7947998046875,0.2344970703125,0.162841796875
14.866,311,668,894,312,-5.0,37.0,46.0,-5.615233898162842,17.15087890625,14.343260765075684,-0.67724609375,0.2374267578125,0.11572265625
14.874,311,648,861,313,-5.0,37.0,46.0,-0.1831054538488388,17.822265625,12.084959983825684,-0.61083984375,0.282958984375,0.0543212890625
14.901,310,616,830,312,-5.0,37.0,46.0,5.126952648162842,16.54052734375,7.446288585662842,-0.5946044921875,0.308837890625,-0.0084228515625
14.902,310,594,811,312,-7.0,36.0,47.0,5.981444835662842,13.854979515075684,1.8920897245407104,-0.61279296875,0.277099609375,-0.0548095703125
14.905,310,587,809,312,-7.0,36.0,47.0,1.6479490995407104,10.437010765075684,-2.197265625,-0.6397705078125,0.2425537109375,-0.0609130859375
14.918,310,561,794,312,-7.0,36.0,47.0,-5.798339366912842,6.896972179412842,-3.417968511581421,-0.6566162109375,0.213134765625,-0.026611328125
14.944,311,552,780,312,-7.0,36.0,47.0,-11.962889671325684,4.57763671875,-2.563476324081421,-0.671875,0.1697998046875,-0.001708984375
14.945,312,548,780,312,-7.0,36.0,47.0,-13.061522483825684,3.906249761581421,-0.8544921278953552,-0.705322265625,0.1390380859375,-0.000732421875
14.948,310,542,780,311,-7.0,36.0,47.0,-10.864256858825684,2.990722417831421,1.9531248807907104,-0.750732421875,0.14306640625,0.01513671875
14.956,310,543,780,312,-7.0,36.0,47.0,-9.33837890625,0.8544921278953552,6.103515148162842,-0.7769775390625,0.18359375,0.0399169921875
14.964,311,545,790,313,-7.0,36.0,47.0,-8.72802734375,-1.0986328125,11.108397483825684,-0.7724609375,0.25439453125,0.0548095703125
14.980,310,547,803,311,-7.0,36.0,47.0,-8.7890625,-2.25830078125,15.930174827575684,-0.7574462890625,0.3212890625,0.075927734375
14.988,310,552,811,312,-7.0,36.0,47.0,-8.7890625,-3.417968511581421,19.71435546875,-0.740966796875,0.3485107421875,0.1124267578125
15.002,310,558,819,312,-6.0,39.0,39.0,-7.202147960662842,-3.784179449081421,21.667478561401367,-0.7130126953125,0.321533203125,0.1405029296875
15.019,310,587,830,312,-6.0,39.0,39.0,-4.7607421875,-2.25830078125,22.094724655151367,-0.6845703125,0.28173828125,0.14794921875
15.019,310,592,840,312,-6.0,39.0,39.0,-3.784179449081421,0.1831054538488388,22.399900436401367,-0.6822509765625,0.2767333984375,0.130126953125
15.025,311,606,858,312,-6.0,39.0,39.0,-5.371093273162842,1.8310545682907104,23.315427780151367,-0.6998291015625,0.298828125,0.1019287109375
15.042,310,632,901,312,-6.0,39.0,39.0,-7.202147960662842,0.9765624403953552,24.108884811401367,-0.7237548828125,0.3111572265625,0.0877685546875
15.046,312,646,935,312,-6.0,39.0,39.0,-5.310058116912842,-2.01416015625,23.925779342651367,-0.7537841796875,0.30419921875,0.08154296875
15.055,310,671,966,315,-6.0,39.0,39.0,1.15966796875,-5.0048828125,23.071287155151367,-0.7685546875,0.2935791015625,0.0885009765625
15.068,310,695,1008,310,-6.0,39.0,39.0,8.97216796875,-6.408690929412842,22.338865280151367,-0.7391357421875,0.2705078125,0.1153564453125
15.078,310,718,1038,313,-6.0,39.0,39.0,14.160155296325684,-5.920409679412842,21.057126998901367,-0.65087890625,0.2257080078125,0.161376953125
15.085,310,750,1093,314,-6.0,39.0,39.0,17.76123046875,-5.065917491912842,18.24951171875,-0.5369873046875,0.156494140625,0.2054443359375
15.098,310,809,1188,312,-5.0,36.0,45.0,26.000974655151367,-5.371093273162842,14.587401390075684,-0.55859375,0.208740234375,-0.0064697265625
15.107,311,837,1239,314,-5.0,36.0,45.0,41.809078216552734,-6.835937023162842,11.352538108825684,-0.55859375,0.208740234375,-0.0064697265625
15.127,312,864,1269,314,-5.0,36.0,45.0,57.495113372802734,-8.85009765625,9.58251953125,-0.788818359375,0.4273681640625,-0.22802734375
15.129,310,889,1348,312,-5.0,36.0,45.0,56.701656341552734,-11.413573265075684,7.934569835662842,-1.165283203125,0.6318359375,-0.216064453125
15.149,311,935,1379,313,-5.0,36.0,45.0,31.677244186401367,-15.197752952575684,3.234863042831421,-1.165283203125,0.6318359375,-0.216064453125
15.149,310,952,1413,314,-5.0,36.0,45.0,-2.624511480331421,-18.49365234375,-4.69970703125,-1.1737060546875,0.5494384765625,0.0440673828125
15.158,311,980,1437,312,-5.0,36.0,45.0,-22.460935592651367,-18.49365234375,-11.779784202575684,-1.3839111328125,0.5618896484375,0.1802978515625
15.167,311,994,1456,314,-5.0,36.0,45.0,-21.301267623901367,-15.686034202575684,-14.343260765075684,-1.3839111328125,0.5618896484375,0.1802978515625
15.175,311,996,1457,314,-5.0,36.0,45.0,-10.314940452575684,-13.793944358825684,-11.718749046325684,-1.587158203125,0.6141357421875,0.1016845703125
15.190,310,980,1406,314,-5.0,36.0,45.0,-3.906249761581421,-14.587401390075684,-4.08935546875,-1.5126953125,0.4228515625,0.2047119140625
15.196,311,968,1387,314,-7.0,34.0,41.0,-5.310058116912842,-14.404295921325684,5.554198741912842,-1.5126953125,0.4228515625,0.2047119140625
15.204,310,958,1369,314,-7.0,34.0,41.0,-3.417968511581421,-7.812499523162842,10.131834983825684,-1.0672607421875,0.294189453125,0.23095703125
15.221,310,935,1335,313,-7.0,34.0,41.0,7.324218273162842,2.197265625,7.507323741912842,-0.865478515625,0.6514892578125,-0.1307373046875
15.227,311,919,1317,314,-7.0,34.0,41.0,13.061522483825684,6.347655773162842,-0.1220703050494194,-0.9852294921875,0.6488037109375,-0.1524658203125
15.250,312,917,1323,314,-7.0,34.0,41.0,5.676269054412842,2.38037109375,-12.329100608825684,-0.9852294921875,0.6488037109375,-0.1524658203125
15.251,294,910,1305,314,-7.0,34.0,41.0,-13.977049827575684,-10.559081077575684,-32.16552734375,-1.3533935546875,0.5030517578125,0.08935546875
15.257,310,891,1289,314,-7.0,34.0,41.0,-13.977049827575684,-10.559081077575684,-32.16552734375,-1.560302734375,0.5570068359375,0.1845703125
15.268,310,877,1258,314,-7.0,34.0,41.0,-16.9677734375,-14.282225608825684,-29.724119186401367,-1.560302734375,0.5570068359375,0.1845703125
15.278,311,837,1175,314,-7.0,34.0,41.0,-18.6767578125,-8.6669921875,-13.427733421325684,-1.541748046875,0.4561767578125,0.272705078125
15.287,310,814,1116,312,-7.0,34.0,41.0,-18.6767578125,-8.6669921875,-13.427733421325684,-1.380615234375,0.3873291015625,0.26611328125
15.295,309,782,1050,313,-6.0,37.0,54.0,-16.9677734375,-1.4038084745407104,-3.112792730331421,-1.380615234375,0.3873291015625,0.26611328125
15.308,310,739,953,312,-6.0,37.0,54.0,-5.676269054412842,12.634276390075684,11.169432640075684,-0.91064453125,0.2979736328125,0.2354736328125
15.327,311,710,910,312,-6.0,37.0,54.0,-5.676269054412842,12.634276390075684,11.169432640075684,-0.7257080078125,0.2872314453125,0.147216796875
15.327,312,685,858,312,-6.0,37.0,54.0,1.5258787870407104,16.41845703125,11.108397483825684,-0.7257080078125,0.2872314453125,0.147216796875
15.354,312,646,802,312,-6.0,37.0,54.0,20.935056686401367,15.075682640075684,-0.7934569716453552,-0.5633544921875,0.3834228515625,-0.1138916015625
15.354,310,621,772,310,-6.0,37.0,54.0,20.935056686401367,15.075682640075684,-0.7934569716453552,-0.538818359375,0.399169921875,-0.1943359375
15.354,310,606,740,297,-6.0,37.0,54.0,22.521970748901367,13.122557640075684,-10.803221702575684,-0.538818359375,0.399169921875,-0.1943359375
15.368,310,576,689,312,-6.0,37.0,54.0,-5.249022960662842,2.990722417831421,-26.611326217651367,-0.581298828125,0.2479248046875,-0.103515625
15.376,310,552,669,311,-6.0,37.0,54.0,-18.37158203125,-3.051757574081421,-28.686521530151367,-0.6441650390625,0.146728515625,-0.060546875
15.385,311,543,640,311,-6.0,37.0,54.0,-18.37158203125,-3.051757574081421,-28.686521530151367,-0.699462890625,0.0938720703125,-0.01708984375
15.398,310,531,607,312,-7.0,36.0,47.0,-21.545408248901367,-9.33837890625,-21.606443405151367,-0.7276611328125,0.1007080078125,0.063232421875
15.408,311,529,601,312,-7.0,36.0,47.0,-18.6767578125,-11.840819358825684,-14.831542015075684,-0.7386474609375,0.1336669921875,0.1396484375
15.414,311,524,601,312,-7.0,36.0,47.0,-18.6767578125,-11.840819358825684,-14.831542015075684,-0.744384765625,0.1693115234375,0.1810302734375
15.455,310,525,604,311,-7.0,36.0,47.0,-8.85009765625,-10.192870140075684,-3.417968511581421,-0.7403564453125,0.2113037109375,0.197509765625
15.463,309,530,613,312,-7.0,36.0,47.0,-7.507323741912842,-6.713866710662842,1.0986328125,-0.7215576171875,0.25732421875,0.2044677734375
15.463,310,533,620,297,-7.0,36.0,47.0,-7.507323741912842,-6.713866710662842,1.0986328125,-0.712890625,0.3067626953125,0.1929931640625
15.463,311,539,638,311,-7.0,36.0,47.0,-8.6669921875,-0.3662109076976776,9.033203125,-0.7020263671875,0.33349609375,0.180908203125
15.467,310,548,654,312,-7.0,36.0,47.0,-8.48388671875,0.9765624403953552,11.962889671325684,-0.6717529296875,0.3109130859375,0.18212890625
15.474,311,557,673,312,-7.0,36.0,47.0,-8.48388671875,0.9765624403953552,11.962889671325684,-0.654052734375,0.2913818359375,0.18408203125
15.488,312,578,713,312,-6.0,37.0,42.0,-2.50244140625,0.4272460639476776,13.366698265075684,-0.656005859375,0.2972412109375,0.1728515625
15.496,311,594,749,312,-6.0,37.0,42.0,4.39453125,-0.54931640625,12.573241233825684,-0.677490234375,0.3094482421875,0.1402587890625
15.504,310,613,778,312,-6.0,37.0,42.0,4.39453125,-0.54931640625,12.573241233825684,-0.7379150390625,0.324462890625,0.1058349609375
15.518,310,642,830,312,-6.0,37.0,42.0,8.544921875,0.0610351525247097,11.047362327575684,-0.8170166015625,0.3255615234375,0.0782470703125
15.537,310,662,854,312,-6.0,37.0,42.0,2.38037109375,1.220703125,11.413573265075684,-0.8670654296875,0.2877197265625,0.0728759765625
15.537,295,674,879,312,-6.0,37.0,42.0,-4.2724609375,2.01416015625,13.305663108825684,-0.8709716796875,0.205810546875,0.1015625
15.563,310,704,934,312,-6.0,37.0,42.0,-5.981444835662842,2.13623046875,17.08984375,-0.8292236328125,0.1337890625,0.1396484375
15.563,311,729,963,297,-6.0,37.0,42.0,-1.0986328125,1.7700194120407104,22.338865280151367,-0.7322998046875,0.1015625,0.1868896484375
15.565,296,764,1011,312,-6.0,37.0,42.0,8.60595703125,0.9765624403953552,26.184080123901367,-0.5709228515625,0.0643310546875,0.2430419921875
15.578,310,813,1122,312,-6.0,37.0,42.0,20.446775436401367,0.9765624403953552,25.451658248901367,-0.4130859375,0.0606689453125,0.2598876953125
15.587,311,849,1191,314,-6.0,37.0,42.0,34.24072265625,2.44140625,18.4326171875,-0.3875732421875,0.2049560546875,0.1768798828125
15.595,310,882,1243,312,-8.0,36.0,40.0,49.865718841552734,6.286620616912842,6.225585460662842,-0.5645751953125,0.487548828125,-0.04638671875
15.608,310,935,1345,312,-8.0,36.0,40.0,58.959957122802734,11.962889671325684,-6.713866710662842,-0.909423828125,0.765380859375,-0.3485107421875
15.617,312,958,1392,314,-8.0,36.0,40.0,47.302242279052734,11.718749046325684,-15.624999046325684,-1.2735595703125,0.848876953125,-0.4925537109375
15.630,310,980,1416,314,-8.0,36.0,40.0,14.831542015075684,1.8920897245407104,-18.37158203125,-1.52978515625,0.71337890625,-0.34228515625
15.640,310,1008,1422,298,-8.0,36.0,40.0,-19.1650390625,-11.352538108825684,-15.136717796325684,-1.60693359375,0.48095703125,0.028564453125
15.659,312,1021,1472,314,-8.0,36.0,40.0,-31.982419967651367,-19.95849609375,-8.85009765625,-1.5406494140625,0.30859375,0.3543701171875
15.660,310,1025,1483,312,-8.0,36.0,40.0,-16.845703125,-19.6533203125,-0.54931640625,-1.49853515625,0.3760986328125,0.39453125
15.668,310,1003,1437,313,-8.0,36.0,40.0,6.958007335662842,-12.878417015075684,8.9111328125,-1.5008544921875,0.603515625,0.236083984375
15.676,311,998,1422,313,-8.0,36.0,40.0,15.747069358825684,-3.967284917831421,12.695311546325684,-1.3167724609375,0.624267578125,0.1053466796875
15.688,310,984,1393,314,-8.0,36.0,40.0,9.70458984375,6.408690929412842,6.225585460662842,-1.000732421875,0.456298828125,0.0709228515625
15.698,310,955,1342,312,-7.0,37.0,46.0,-0.7324218153953552,14.648436546325684,-3.417968511581421,-0.8702392578125,0.392333984375,0.05419921875
15.706,312,947,1338,314,-7.0,37.0,46.0,-11.108397483825684,17.2119140625,-9.6435546875,-0.9300537109375,0.4193115234375,0.027099609375
15.714,312,944,1323,314,-7.0,37.0,46.0,-16.845703125,16.11328125,-13.793944358825684,-1.1142578125,0.492431640625,0.0054931640625
15.733,312,928,1285,313,-7.0,37.0,46.0,-18.798828125,13.061522483825684,-15.747069358825684,-1.4072265625,0.600830078125,0.014404296875
15.737,310,913,1255,313,-7.0,37.0,46.0,-23.254392623901367,8.4228515625,-14.038084983825684,-1.6336669921875,0.647216796875,0.0908203125
15.762,310,885,1201,314,-7.0,37.0,46.0,-28.442380905151367,4.8828125,-9.6435546875,-1.6475830078125,0.5775146484375,0.2132568359375
15.762,312,835,1131,296,-7.0,37.0,46.0,-27.709959030151367,5.554198741912842,-3.784179449081421,-1.5030517578125,0.4462890625,0.2872314453125
15.767,310,805,1081,313,-7.0,37.0,46.0,-19.6533203125,10.070799827575684,3.479003667831421,-1.289306640625,0.3482666015625,0.28173828125
15.775,310,778,1025,314,-7.0,37.0,46.0,-7.202147960662842,15.319823265075684,9.94873046875,-1.05078125,0.3187255859375,0.235595703125
15.789,311,730,944,314,-4.0,36.0,49.0,6.225585460662842,18.49365234375,12.268065452575684,-0.8343505859375,0.319580078125,0.15380859375
15.801,310,710,916,314,-4.0,36.0,49.0,17.51708984375,19.22607421875,9.765625,-0.6866455078125,0.3436279296875,0.035888671875
15.805,310,688,873,312,-4.0,36.0,49.0,23.132322311401367,18.1884765625,4.33349609375,-0.612548828125,0.38134765625,-0.076416015625
15.819,310,648,827,312,-4.0,36.0,49.0,20.629880905151367,16.2353515625,-2.929687261581421,-0.584228515625,0.392822265625,-0.1514892578125
15.827,310,634,799,313,-4.0,36.0,49.0,10.681151390075684,13.488768577575684,-11.108397483825684,-0.584716796875,0.356201171875,-0.1695556640625
15.835,311,616,772,312,-4.0,36.0,49.0,-3.356933355331421,9.33837890625,-17.7001953125,-0.6173095703125,0.2689208984375,-0.140380859375
15.867,310,587,740,312,-4.0,36.0,49.0,-14.770506858825684,5.432128429412842,-20.751951217651367,-0.690673828125,0.1746826171875,-0.0771484375
15.867,310,574,716,310,-4.0,36.0,49.0,-18.5546875,3.295898199081421,-19.8974609375,-0.690673828125,0.1746826171875,-0.0771484375
15.867,311,547,698,312,-4.0,36.0,49.0,-18.9208984375,1.3427733182907104,-16.4794921875,-0.7122802734375,0.201904296875,-0.0093994140625
15.878,310,558,678,311,-4.0,36.0,49.0,-20.446775436401367,-2.25830078125,-12.573241233825684,-0.74365234375,0.14697265625,0.1513671875
15.887,310,551,664,312,-5.0,38.0,47.0,-19.71435546875,-5.554198741912842,-10.437010765075684,-0.74365234375,0.14697265625,0.1513671875
15.894,310,537,673,312,-5.0,38.0,47.0,-14.343260765075684,-6.225585460662842,-9.27734375,-0.7630615234375,0.179931640625,0.1527099609375
15.915,310,536,666,310,-5.0,38.0,47.0,-8.544921875,-5.126952648162842,-6.896972179412842,-0.7913818359375,0.345947265625,0.12060546875
15.916,310,538,661,312,-5.0,38.0,47.0,-5.981444835662842,-4.0283203125,-3.173827886581421,-0.7913818359375,0.345947265625,0.12060546875
15.924,310,543,662,312,-5.0,38.0,47.0,-6.042479991912842,-2.929687261581421,0.7324218153953552,-0.7872314453125,0.3480224609375,0.127197265625
15.939,310,551,671,312,-5.0,38.0,47.0,-6.286620616912842,-1.15966796875,4.21142578125,-0.7685546875,0.3057861328125,0.14111328125
15.946,311,558,674,312,-5.0,38.0,47.0,-5.310058116912842,0.6713866591453552,7.080077648162842,-0.7685546875,0.3057861328125,0.14111328125
15.975,310,562,683,312,-5.0,38.0,47.0,-3.234863042831421,1.03759765625,9.21630859375,-0.7760009765625,0.308837890625,0.13232421875
15.975,310,572,693,289,-5.0,38.0,47.0,-0.7934569716453552,0.4272460639476776,10.620116233825684,-0.77685546875,0.3065185546875,0.0726318359375
15.976,310,562,695,309,-5.0,38.0,47.0,0.8544921278953552,-0.0610351525247097,11.840819358825684,-0.77685546875,0.3065185546875,0.0726318359375
15.985,310,592,710,312,-4.0,38.0,43.0,-0.0610351525247097,-1.5258787870407104,12.817381858825684,-0.7818603515625,0.3262939453125,0.036865234375
15.999,311,604,726,311,-4.0,38.0,43.0,-9.58251953125,-4.638671875,14.831542015075684,-0.8504638671875,0.375732421875,0.03369140625
16.007,310,616,739,311,-4.0,38.0,43.0,-9.58251953125,-4.638671875,14.831542015075684,-0.9259033203125,0.3966064453125,0.0294189453125
16.014,310,628,766,312,-4.0,38.0,43.0,-12.084959983825684,-3.356933355331421,17.822265625,-0.9259033203125,0.3966064453125,0.0294189453125
16.028,310,646,785,311,-4.0,38.0,43.0,-14.404295921325684,-2.25830078125,25.512693405151367,-0.9471435546875,0.2469482421875,0.0782470703125
16.040,310,658,799,313,-4.0,38.0,43.0,-14.404295921325684,-2.25830078125,25.512693405151367,-0.8863525390625,0.18994140625,0.0880126953125
16.044,311,671,819,312,-4.0,38.0,43.0,-12.390135765075684,-1.5869139432907104,29.296873092651367,-0.8863525390625,0.18994140625,0.0880126953125
16.076,309,689,877,312,-4.0,38.0,43.0,-7.263183116912842,-2.746581792831421,33.50830078125,-0.569091796875,0.27490234375,0.1171875
16.076,310,705,943,310,-4.0,38.0,43.0,-7.263183116912842,-2.746581792831421,33.50830078125,-0.385009765625,0.2882080078125,0.1427001953125
16.076,294,729,996,314,-4.0,38.0,43.0,-4.5166015625,-5.126952648162842,26.794431686401367,-0.385009765625,0.2882080078125,0.1427001953125
16.089,310,782,1131,313,-4.0,38.0,43.0,4.94384765625,-11.535643577575684,0.6713866591453552,-0.2147216796875,0.11376953125,0.2227783203125
16.096,311,823,1189,314,-4.0,38.0,43.0,4.94384765625,-11.535643577575684,0.6713866591453552,-0.298583984375,0.1204833984375,0.1925048828125
16.104,311,861,1260,314,-4.0,38.0,43.0,13.244627952575684,-11.474608421325684,-9.70458984375,-0.298583984375,0.1204833984375,0.1925048828125
16.119,310,928,1353,314,-4.0,38.0,43.0,27.587888717651367,-9.1552734375,-21.057126998901367,-0.9549560546875,0.572021484375,-0.1092529296875
16.126,311,948,1401,314,-4.0,38.0,43.0,27.587888717651367,-9.1552734375,-21.057126998901367,-1.3587646484375,0.73486328125,-0.218994140625
16.147,310,976,1445,314,-4.0,38.0,43.0,24.963376998901367,-6.042479991912842,-26.245115280151367,-1.3587646484375,0.73486328125,-0.218994140625
16.149,310,996,1483,313,-4.0,38.0,43.0,-5.676269054412842,-4.8828125,-30.761716842651367,-1.8929443359375,0.6688232421875,-0.0726318359375
16.177,311,994,1471,315,-4.0,38.0,43.0,-17.2119140625,-9.6435546875,-18.9208984375,-2.025390625,0.5933837890625,0.121337890625
16.177,310,981,1433,313,-4.0,38.0,43.0,-17.2119140625,-9.6435546875,-18.9208984375,-1.84912109375,0.440673828125,0.3399658203125
16.178,311,972,1386,313,-4.0,38.0,43.0,-11.657713890075684,-8.4228515625,12.695311546325684,-1.2724609375,0.1605224609375,0.4552001953125
16.187,310,955,1348,314,-5.0,37.0,43.0,6.408690929412842,3.784179449081421,16.357421875,-0.8177490234375,0.16162109375,0.314453125
16.194,311,939,1323,312,-5.0,37.0,43.0,6.408690929412842,3.784179449081421,16.357421875,-0.8145751953125,0.5487060546875,-0.0167236328125
16.209,310,928,1323,312,-5.0,37.0,43.0,21.911619186401367,14.160155296325684,4.57763671875,-1.0108642578125,0.834716796875,-0.2581787109375
16.217,311,920,1313,314,-5.0,37.0,43.0,4.5166015625,9.33837890625,-12.939452171325684,-1.2523193359375,0.8468017578125,-0.237548828125
16.225,310,913,1305,314,-5.0,37.0,43.0,4.5166015625,9.33837890625,-12.939452171325684,-1.487548828125,0.7041015625,-0.007568359375
16.252,310,878,1245,312,-5.0,37.0,43.0,-30.029294967651367,-7.812499523162842,-30.090330123901367,-1.6112060546875,0.5391845703125,0.2353515625
16.252,310,859,1209,314,-5.0,37.0,43.0,-26.184080123901367,-6.347655773162842,-20.751951217651367,-1.6053466796875,0.4327392578125,0.3104248046875
16.255,310,823,1160,313,-5.0,37.0,43.0,-26.184080123901367,-6.347655773162842,-20.751951217651367,-1.513671875,0.377197265625,0.25390625
16.279,310,779,1069,312,-5.0,37.0,43.0,-7.263183116912842,6.469726085662842,4.0283203125,-1.3359375,0.342529296875,0.21484375
16.279,310,750,1000,299,-5.0,37.0,43.0,-4.21142578125,10.070799827575684,13.366698265075684,-1.07177734375,0.3011474609375,0.2247314453125
16.285,311,730,957,312,-5.0,36.0,54.0,-4.21142578125,10.070799827575684,13.366698265075684,-0.786865234375,0.2431640625,0.2161865234375
16.298,310,691,901,312,-5.0,36.0,54.0,5.737304210662842,15.991209983825684,17.15087890625,-0.5692138671875,0.1976318359375,0.1527099609375
16.307,312,657,858,312,-5.0,36.0,54.0,13.610838890075684,15.380858421325684,12.145995140075684,-0.462158203125,0.2379150390625,0.050048828125
16.315,310,636,833,312,-5.0,36.0,54.0,20.080564498901367,13.610838890075684,4.21142578125,-0.44384765625,0.35400390625,-0.057861328125
16.328,311,608,802,310,-5.0,36.0,54.0,18.9208984375,11.596678733825684,-6.103515148162842,-0.48291015625,0.42138671875,-0.1168212890625
16.337,310,588,782,313,-5.0,36.0,54.0,8.4228515625,8.30078125,-16.66259765625,-0.554931640625,0.356201171875,-0.1055908203125
16.355,310,567,766,312,-5.0,36.0,54.0,-4.08935546875,5.249022960662842,-23.925779342651367,-0.6287841796875,0.221923828125,-0.099609375
16.379,310,552,756,312,-5.0,36.0,54.0,-11.108397483825684,3.967284917831421,-25.390623092651367,-0.6849365234375,0.1468505859375,-0.092041015625
16.395,310,552,750,312,-5.0,36.0,54.0,-12.023924827575684,0.8544921278953552,-22.155759811401367,-0.70751953125,0.130859375,-0.018798828125
16.395,310,553,753,311,-5.0,36.0,54.0,-7.995604991912842,-4.5166015625,-17.51708984375,-0.718994140625,0.14453125,0.0634765625
16.397,311,551,751,312,-3.0,37.0,45.0,-0.4882812201976776,-8.544921875,-12.756346702575684,-0.7408447265625,0.2130126953125,0.1087646484375
16.399,309,552,756,312,-3.0,37.0,45.0,4.21142578125,-10.559081077575684,-8.544921875,-0.7572021484375,0.301025390625,0.1383056640625
16.411,310,554,764,311,-3.0,37.0,45.0,3.051757574081421,-10.742186546325684,-5.676269054412842,-0.77197265625,0.3555908203125,0.1539306640625
16.422,309,563,764,311,-3.0,37.0,45.0,0.0,-9.46044921875,-3.173827886581421,-0.7999267578125,0.3765869140625,0.14990234375
16.427,310,568,766,312,-3.0,37.0,45.0,-1.5869139432907104,-7.568358898162842,0.1220703050494194,-0.8165283203125,0.353759765625,0.1444091796875
16.508,310,576,771,312,-3.0,37.0,45.0,-2.197265625,-5.493163585662842,3.479003667831421,-0.8011474609375,0.2911376953125,0.1531982421875
16.508,311,590,790,312,-3.0,37.0,45.0,-1.0986328125,-3.906249761581421,5.981444835662842,-0.7718505859375,0.252685546875,0.160888671875
16.509,310,601,796,312,-3.0,37.0,45.0,3.173827886581421,-3.662109136581421,7.873534679412842,-0.754638671875,0.269287109375,0.1483154296875
16.512,310,608,809,314,-3.0,37.0,45.0,8.72802734375,-4.7607421875,9.033203125,-0.7615966796875,0.318115234375,0.1268310546875
16.512,310,630,826,311,-3.0,37.0,45.0,11.779784202575684,-6.286620616912842,9.09423828125,-0.778076171875,0.362060546875,0.103759765625
16.512,296,642,852,312,-5.0,38.0,43.0,11.291502952575684,-6.042479991912842,8.23974609375,-0.796875,0.3802490234375,0.0736083984375
16.513,310,657,865,312,-5.0,38.0,43.0,9.33837890625,-3.967284917831421,7.446288585662842,-0.84619140625,0.369873046875,0.0386962890625
16.513,297,684,865,295,-5.0,38.0,43.0,7.324218273162842,-2.0751953125,7.995604991912842,-0.9261474609375,0.3251953125,0.0145263671875
16.528,310,697,912,312,-5.0,38.0,43.0,4.45556640625,-1.6479490995407104,11.474608421325684,-0.967529296875,0.2412109375,0.0277099609375
16.528,310,713,935,313,-5.0,38.0,43.0,0.30517578125,-1.9531248807907104,18.24951171875,-0.900634765625,0.1383056640625,0.0931396484375
16.538,310,738,973,312,-5.0,38.0,43.0,0.2441406100988388,-2.929687261581421,25.817869186401367,-0.725830078125,0.0576171875,0.1966552734375
16.552,312,754,1034,312,-5.0,38.0,43.0,10.070799827575684,-4.638671875,30.761716842651367,-0.547119140625,0.04931640625,0.264404296875
16.554,310,780,1108,312,-5.0,38.0,43.0,26.733396530151367,-6.530761241912842,31.494138717651367,-0.4525146484375,0.143798828125,0.25244140625
16.583,310,826,1226,311,-5.0,38.0,43.0,44.128414154052734,-7.141112804412842,27.404783248901367,-0.4483642578125,0.2843017578125,0.174560546875
16.599,308,859,1284,312,-5.0,38.0,43.0,56.091304779052734,-2.50244140625,18.61572265625,-0.4774169921875,0.40283203125,0.06298828125
16.600,310,893,1323,313,-8.0,37.0,49.0,56.640621185302734,7.385253429412842,6.408690929412842,-0.509765625,0.4698486328125,-0.0482177734375
16.600,289,939,1375,296,-8.0,37.0,49.0,44.250484466552734,15.441893577575684,-6.042479991912842,-0.61669921875,0.4947509765625,-0.13330078125
16.607,310,974,1434,313,-8.0,37.0,49.0,23.132322311401367,14.587401390075684,-13.610838890075684,-0.8714599609375,0.539306640625,-0.2010498046875
16.616,312,987,1474,314,-8.0,37.0,49.0,1.6479490995407104,6.042479991912842,-15.319823265075684,-1.2271728515625,0.6044921875,-0.2464599609375
16.624,311,1009,1500,312,-8.0,37.0,49.0,-14.831542015075684,-4.94384765625,-14.648436546325684,-1.5609130859375,0.6488037109375,-0.221923828125
16.638,310,1022,1523,314,-8.0,37.0,49.0,-25.024412155151367,-14.587401390075684,-12.878417015075684,-1.7855224609375,0.6602783203125,-0.088134765625
16.646,311,1020,1508,314,-8.0,37.0,49.0,-28.015134811401367,-20.996091842651367,-9.27734375,-1.8699951171875,0.6463623046875,0.12548828125
16.717,310,1011,1484,313,-8.0,37.0,49.0,-24.719236373901367,-22.888181686401367,-3.723144292831421,-1.75244140625,0.5443115234375,0.3338623046875
16.718,289,996,1457,314,-8.0,37.0,49.0,-13.488768577575684,-17.822265625,0.7934569716453552,-1.334228515625,0.2960205078125,0.42578125
16.718,310,974,1430,312,-8.0,37.0,49.0,8.36181640625,-5.920409679412842,1.5258787870407104,-0.9080810546875,0.21484375,0.27001953125
16.718,310,959,1424,312,-6.0,36.0,46.0,26.123044967651367,4.7607421875,0.54931640625,-0.816162109375,0.4525146484375,-0.01806640625
16.718,310,953,1413,313,-6.0,36.0,46.0,21.118162155151367,7.202147960662842,-3.051757574081421,-1.203857421875,0.67822265625,-0.094482421875
16.718,293,920,1392,312,-6.0,36.0,46.0,-1.2817381620407104,3.479003667831421,-10.986327171325684,-1.203857421875,0.67822265625,-0.094482421875
16.718,310,932,1369,314,-6.0,36.0,46.0,-25.390623092651367,-1.5258787870407104,-17.51708984375,-1.47802734375,0.6248779296875,0.081298828125
16.728,310,891,1300,312,-6.0,36.0,46.0,-40.222164154052734,-3.906249761581421,-16.6015625,-1.60498046875,0.4974365234375,0.3294677734375
16.735,310,865,1255,313,-6.0,36.0,46.0,-40.527339935302734,-1.3427733182907104,-9.521484375,-1.60498046875,0.4974365234375,0.3294677734375
16.744,310,835,1204,313,-6.0,36.0,46.0,-31.127927780151367,5.676269054412842,0.1220703050494194,-1.47900390625,0.4298095703125,0.303955078125
16.757,310,794,1122,312,-6.0,36.0,46.0,-19.8974609375,13.854979515075684,9.27734375,-0.9884033203125,0.314453125,0.2506103515625
16.765,311,772,1074,314,-6.0,36.0,46.0,-7.751464366912842,19.95849609375,14.831542015075684,-0.9884033203125,0.314453125,0.2506103515625
16.773,311,745,1009,313,-6.0,36.0,46.0,6.530761241912842,22.521970748901367,14.831542015075684,-0.7462158203125,0.2919921875,0.1864013671875
16.789,310,700,939,313,-4.0,36.0,44.0,20.324705123901367,21.545408248901367,10.559081077575684,-0.5125732421875,0.341064453125,-0.08447265625
16.795,310,673,917,312,-4.0,36.0,44.0,30.700681686401367,18.73779296875,3.662109136581421,-0.5125732421875,0.341064453125,-0.08447265625
16.818,310,660,893,312,-4.0,36.0,44.0,33.50830078125,15.808104515075684,-4.82177734375,-0.497314453125,0.3870849609375,-0.215087890625
16.818,310,628,846,312,-4.0,36.0,44.0,24.108884811401367,11.169432640075684,-13.305663108825684,-0.601318359375,0.321044921875,-0.1866455078125
16.825,310,608,829,310,-4.0,36.0,44.0,4.57763671875,4.638671875,-20.568845748901367,-0.6754150390625,0.2286376953125,-0.1285400390625
16.835,310,599,814,312,-4.0,36.0,44.0,-14.221190452575684,-0.1220703050494194,-25.512693405151367,-0.6754150390625,0.2286376953125,-0.1285400390625
16.848,310,587,799,312,-4.0,36.0,44.0,-29.968259811401367,-4.21142578125,-24.047849655151367,-0.74072265625,0.155517578125,0.0550537109375
16.859,309,578,790,312,-4.0,36.0,44.0,-29.968259811401367,-4.21142578125,-24.047849655151367,-0.7357177734375,0.1171875,0.1551513671875
16.864,310,578,790,311,-4.0,36.0,44.0,-29.235837936401367,-7.141112804412842,-20.385740280151367,-0.7357177734375,0.1171875,0.1551513671875
16.891,309,577,785,312,-4.0,36.0,44.0,-9.765625,-8.30078125,-10.803221702575684,-0.7540283203125,0.2203369140625,0.19189453125
16.891,310,576,772,311,-4.0,38.0,46.0,-9.765625,-8.30078125,-10.803221702575684,-0.771484375,0.30517578125,0.171142578125
16.894,310,577,795,312,-4.0,38.0,46.0,-2.50244140625,-6.774901866912842,-5.432128429412842,-0.771484375,0.30517578125,0.171142578125
16.907,310,584,799,312,-4.0,38.0,46.0,-2.0751953125,-2.44140625,3.967284917831421,-0.8038330078125,0.3472900390625,0.1453857421875
16.918,310,590,803,312,-4.0,38.0,46.0,-2.0751953125,-2.44140625,3.967284917831421,-0.801025390625,0.3087158203125,0.1578369140625
16.927,311,593,806,312,-4.0,38.0,46.0,-3.784179449081421,0.6713866591453552,9.033203125,-0.801025390625,0.3087158203125,0.1578369140625
16.937,310,606,824,311,-4.0,38.0,46.0,-2.868652105331421,6.469726085662842,16.845703125,-0.732177734375,0.2239990234375,0.1710205078125
16.946,310,613,835,314,-4.0,38.0,46.0,-2.868652105331421,6.469726085662842,16.845703125,-0.7171630859375,0.2569580078125,0.1396484375
16.954,310,620,848,312,-4.0,38.0,46.0,1.5869139432907104,6.469726085662842,19.71435546875,-0.7171630859375,0.2569580078125,0.1396484375
16.967,310,642,865,312,-4.0,38.0,46.0,11.352538108825684,4.5166015625,24.597166061401367,-0.75537109375,0.3302001953125,0.0426025390625
16.993,310,658,889,312,-4.0,38.0,46.0,11.352538108825684,4.5166015625,24.597166061401367,-0.7664794921875,0.33056640625,0.0311279296875
16.993,310,673,912,312,-5.0,35.0,45.0,10.131834983825684,5.432128429412842,26.672361373901367,-0.7567138671875,0.3062744140625,0.0760498046875
16.998,310,710,955,312,-5.0,35.0,45.0,0.54931640625,4.7607421875,27.770994186401367,-0.73974609375,0.273681640625,0.1357421875
17.005,310,732,987,313,-5.0,35.0,45.0,5.371093273162842,2.197265625,26.000974655151367,-0.6983642578125,0.2508544921875,0.145263671875
17.013,312,754,1022,312,-5.0,35.0,45.0,5.371093273162842,2.197265625,26.000974655151367,-0.6221923828125,0.2213134765625,0.1358642578125
17.029,312,809,1117,312,-5.0,35.0,45.0,22.705076217651367,-1.8310545682907104,20.446775436401367,-0.5465087890625,0.1915283203125,0.1292724609375
17.045,310,844,1183,312,-5.0,35.0,45.0,34.36279296875,-1.03759765625,16.78466796875,-0.5023193359375,0.216552734375,0.092529296875
17.046,310,852,1216,298,-5.0,35.0,45.0,34.36279296875,-1.03759765625,16.78466796875,-0.5203857421875,0.3358154296875,0.00537109375
17.065,311,935,1286,312,-5.0,35.0,45.0,49.743648529052734,6.530761241912842,3.906249761581421,-0.608642578125,0.4759521484375,-0.138916015625
17.066,311,938,1338,313,-5.0,35.0,45.0,42.907711029052734,8.72802734375,-5.859374523162842,-0.72802734375,0.5126953125,-0.249267578125
17.074,310,981,1379,314,-5.0,35.0,45.0,42.907711029052734,8.72802734375,-5.859374523162842,-0.904052734375,0.48974609375,-0.24853515625
17.108,310,1022,1434,312,-7.0,36.0,46.0,3.356933355331421,-2.0751953125,-19.10400390625,-1.205322265625,0.5225830078125,-0.1611328125
17.118,310,1029,1460,312,-7.0,36.0,46.0,-10.986327171325684,-10.192870140075684,-17.27294921875,-1.5880126953125,0.6142578125,-0.05224609375
17.134,311,1042,1477,314,-7.0,36.0,46.0,-10.986327171325684,-10.192870140075684,-17.27294921875,-1.9102783203125,0.738525390625,0.060791015625
17.135,310,1020,1437,312,-7.0,36.0,46.0,-28.869626998901367,-16.17431640625,-5.615233898162842,-2.0687255859375,0.807373046875,0.18359375
17.135,312,1012,1422,299,-7.0,36.0,46.0,-32.1044921875,-12.145995140075684,-0.1220703050494194,-1.7467041015625,0.54345703125,0.3494873046875
17.135,310,980,1379,314,-7.0,36.0,46.0,-18.1884765625,-0.3662109076976776,0.4272460639476776,-1.0506591796875,0.1661376953125,0.431396484375
17.152,311,982,1357,314,-7.0,36.0,46.0,11.230467796325684,13.183592796325684,-0.7934569716453552,-0.7060546875,0.246337890625,0.2039794921875
17.155,312,972,1352,313,-7.0,36.0,46.0,29.052732467651367,17.39501953125,-1.15966796875,-0.828369140625,0.600341796875,-0.1669921875
17.169,310,967,1355,312,-7.0,36.0,46.0,23.681638717651367,11.779784202575684,-7.324218273162842,-1.08203125,0.7828369140625,-0.3536376953125
17.197,310,960,1344,312,-7.0,36.0,46.0,4.33349609375,1.03759765625,-19.83642578125,-1.359130859375,0.7559814453125,-0.270751953125
17.197,310,920,1289,314,-7.0,36.0,46.0,-20.202634811401367,-11.108397483825684,-28.808591842651367,-1.5899658203125,0.633056640625,-0.0347900390625
17.197,296,923,1284,312,-7.0,36.0,46.0,-37.04833984375,-18.9208984375,-28.320310592651367,-1.6658935546875,0.522705078125,0.1907958984375
17.209,310,878,1219,313,-7.0,36.0,46.0,-37.2314453125,-18.06640625,-20.263669967651367,-1.6033935546875,0.47216796875,0.3001708984375
17.217,311,848,1170,314,-7.0,36.0,46.0,-27.648923873901367,-10.864256858825684,-8.056640625,-1.4647216796875,0.439453125,0.3026123046875
17.225,311,822,1117,314,-7.0,36.0,46.0,-16.845703125,-1.9531248807907104,4.39453125,-1.248779296875,0.381591796875,0.2764892578125
17.239,310,777,1022,313,-7.0,36.0,46.0,-5.310058116912842,6.591796398162842,12.329100608825684,-0.969482421875,0.3050537109375,0.255126953125
17.247,310,750,959,311,-7.0,36.0,46.0,5.493163585662842,12.878417015075684,13.671874046325684,-0.6971435546875,0.232421875,0.208251953125
17.255,310,717,916,314,-7.0,36.0,46.0,14.953612327575684,16.11328125,9.94873046875,-0.5162353515625,0.2000732421875,0.1119384765625
17.272,310,678,864,312,-7.0,36.0,46.0,24.047849655151367,17.578125,3.601073980331421,-0.439453125,0.267822265625,-0.032470703125
17.277,310,654,840,312,-7.0,38.0,46.0,28.259275436401367,17.63916015625,-4.638671875,-0.448486328125,0.3961181640625,-0.166015625
17.302,310,622,818,312,-7.0,38.0,46.0,19.775390625,14.038084983825684,-14.770506858825684,-0.517333984375,0.4302978515625,-0.198974609375
17.303,296,607,796,312,-7.0,38.0,46.0,0.1831054538488388,7.934569835662842,-24.597166061401367,-0.5865478515625,0.3253173828125,-0.1639404296875
17.307,310,588,784,312,-7.0,38.0,46.0,-17.88330078125,4.638671875,-30.944822311401367,-0.6446533203125,0.2010498046875,-0.123291015625
17.315,310,578,780,312,-7.0,38.0,46.0,-27.038572311401367,3.051757574081421,-31.738279342651367,-0.6903076171875,0.1357421875,-0.046142578125
17.329,311,572,778,312,-7.0,38.0,46.0,-28.259275436401367,-0.8544921278953552,-28.442380905151367,-0.7122802734375,0.1016845703125,0.0518798828125
17.343,311,572,780,312,-7.0,38.0,46.0,-22.766111373901367,-5.920409679412842,-23.742673873901367,-0.728759765625,0.1141357421875,0.11474609375
17.345,310,572,785,312,-7.0,38.0,46.0,-13.732909202575684,-9.58251953125,-17.9443359375,-0.759033203125,0.19921875,0.1363525390625
17.358,310,579,784,313,-7.0,38.0,46.0,-7.385253429412842,-10.742186546325684,-11.352538108825684,-0.791259765625,0.2950439453125,0.13671875
17.378,310,584,794,312,-7.0,38.0,46.0,-6.530761241912842,-9.09423828125,-5.493163585662842,-0.8111572265625,0.3406982421875,0.1339111328125
17.378,310,590,794,312,-4.0,39.0,41.0,-8.1787109375,-6.103515148162842,-0.6103515625,-0.81787109375,0.337890625,0.136474609375
17.400,310,593,799,312,-4.0,39.0,41.0,-8.9111328125,-3.601073980331421,4.08935546875,-0.7918701171875,0.2930908203125,0.172119140625
17.400,311,599,803,314,-4.0,39.0,41.0,-7.629394054412842,-2.13623046875,8.4228515625,-0.7918701171875,0.2930908203125,0.172119140625
17.404,311,606,813,312,-4.0,39.0,41.0,-4.2724609375,-0.9155272841453552,11.474608421325684,-0.7564697265625,0.26318359375,0.1788330078125
17.418,310,628,834,312,-4.0,39.0,41.0,0.6713866591453552,-0.1220703050494194,13.366698265075684,-0.722900390625,0.2962646484375,0.1236572265625
17.427,310,634,848,312,-4.0,39.0,41.0,5.737304210662842,-0.54931640625,14.892577171325684,-0.722900390625,0.2962646484375,0.1236572265625
17.435,310,647,861,312,-4.0,39.0,41.0,9.46044921875,-1.4038084745407104,15.991209983825684,-0.7464599609375,0.3240966796875,0.0782470703125
17.452,309,665,886,312,-4.0,39.0,41.0,10.986327171325684,-1.4038084745407104,16.845703125,-0.85986328125,0.338134765625,-0.0009765625
17.457,310,683,907,312,-4.0,39.0,41.0,8.85009765625,-0.30517578125,18.6767578125,-0.85986328125,0.338134765625,-0.0009765625
17.465,310,697,928,314,-4.0,39.0,41.0,2.685546636581421,0.9765624403953552,22.399900436401367,-0.8984375,0.2821044921875,0.0142822265625
17.479,311,728,968,312,-7.0,39.0,44.0,-5.187987804412842,1.03759765625,27.099607467651367,-0.7420654296875,0.111572265625,0.1514892578125
17.497,311,744,1003,314,-7.0,39.0,44.0,-7.568358898162842,-0.3662109076976776,31.494138717651367,-0.7420654296875,0.111572265625,0.1514892578125
17.497,310,778,1055,312,-7.0,39.0,44.0,2.13623046875,-1.7089842557907104,35.46142578125,-0.6173095703125,0.0849609375,0.1812744140625
17.509,310,819,1178,312,-7.0,39.0,44.0,18.06640625,-1.4648436307907104,37.9638671875,-0.2880859375,0.1990966796875,0.2186279296875
17.517,310,848,1253,314,-7.0,39.0,44.0,31.249998092651367,0.4882812201976776,34.423828125,-0.22509765625,0.285400390625,0.1690673828125
17.525,310,884,1295,313,-7.0,39.0,44.0,40.771480560302734,5.249022960662842,23.193357467651367,-0.22509765625,0.285400390625,0.1690673828125
17.538,311,944,1367,312,-7.0,39.0,44.0,41.076656341552734,18.798828125,-3.051757574081421,-0.7479248046875,0.738037109375,-0.255126953125
17.547,310,976,1407,312,-7.0,39.0,44.0,41.076656341552734,18.798828125,-3.051757574081421,-1.1331787109375,0.7945556640625,-0.3804931640625
17.557,310,999,1437,314,-7.0,39.0,44.0,23.864744186401367,16.05224609375,-12.573241233825684,-1.1331787109375,0.7945556640625,-0.3804931640625
17.568,309,1029,1484,313,-7.0,39.0,44.0,-23.986814498901367,-7.629394054412842,-15.258788108825684,-1.6759033203125,0.5072021484375,-0.0833740234375
17.577,311,1039,1508,314,-7.0,39.0,40.0,-23.986814498901367,-7.629394054412842,-15.258788108825684,-1.803955078125,0.3848876953125,0.13623046875
17.585,311,1047,1514,314,-7.0,39.0,40.0,-29.479978561401367,-17.27294921875,-8.23974609375,-1.803955078125,0.3848876953125,0.13623046875
17.608,311,1022,1464,313,-7.0,39.0,40.0,2.25830078125,-16.78466796875,9.1552734375,-1.716552734375,0.5390625,0.2659912109375
17.608,311,985,1455,312,-7.0,39.0,40.0,2.25830078125,-16.78466796875,9.1552734375,-1.2347412109375,0.4415283203125,0.24951171875
17.615,310,994,1435,314,-7.0,39.0,40.0,15.747069358825684,-7.080077648162842,10.437010765075684,-1.2347412109375,0.4415283203125,0.24951171875
17.629,310,966,1409,312,-7.0,39.0,40.0,30.395505905151367,13.549803733825684,-4.0283203125,-0.8084716796875,0.5638427734375,-0.0721435546875
17.637,312,958,1407,314,-7.0,39.0,40.0,30.395505905151367,13.549803733825684,-4.0283203125,-0.9932861328125,0.6658935546875,-0.164306640625
17.644,310,952,1400,314,-7.0,39.0,40.0,15.319823265075684,12.512206077575684,-9.82666015625,-0.9932861328125,0.6658935546875,-0.164306640625
17.665,311,934,1355,312,-7.0,39.0,40.0,-27.282712936401367,-0.4882812201976776,-20.080564498901367,-1.5594482421875,0.645751953125,0.00830078125
17.667,310,918,1317,314,-7.0,39.0,40.0,-38.57421875,-5.0048828125,-17.88330078125,-1.6611328125,0.612548828125,0.1678466796875
17.679,310,888,1284,314,-5.0,36.0,41.0,-38.57421875,-5.0048828125,-17.88330078125,-1.592041015625,0.5523681640625,0.2554931640625
17.688,310,840,1206,314,-5.0,36.0,41.0,-27.465818405151367,1.6479490995407104,-0.7934569716453552,-1.419921875,0.4622802734375,0.2642822265625
17.708,310,824,1146,313,-5.0,36.0,41.0,-14.831542015075684,9.33837890625,8.30078125,-1.1649169921875,0.367919921875,0.262939453125
17.708,296,796,1108,312,-5.0,36.0,41.0,-14.831542015075684,9.33837890625,8.30078125,-0.88427734375,0.301513671875,0.2398681640625
17.719,310,750,992,312,-5.0,36.0,41.0,14.770506858825684,18.5546875,11.779784202575684,-0.654052734375,0.280029296875,0.1502685546875
17.727,311,718,947,313,-5.0,36.0,41.0,26.794431686401367,18.61572265625,6.408690929412842,-0.50732421875,0.2919921875,-0.008544921875
17.735,310,694,922,314,-5.0,36.0,41.0,26.794431686401367,18.61572265625,6.408690929412842,-0.4671630859375,0.353759765625,-0.1983642578125
17.749,310,667,888,312,-5.0,36.0,41.0,26.977537155151367,15.686034202575684,-10.681151390075684,-0.530029296875,0.4278564453125,-0.3179931640625
17.757,310,644,861,312,-5.0,36.0,41.0,7.324218273162842,8.7890625,-19.34814453125,-0.6207275390625,0.4013671875,-0.28515625
17.768,310,632,837,314,-5.0,36.0,41.0,7.324218273162842,8.7890625,-19.34814453125,-0.6859130859375,0.2691650390625,-0.1650390625
17.781,310,607,808,312,-6.0,37.0,48.0,-30.029294967651367,-3.540038824081421,-28.381345748901367,-0.7298583984375,0.1634521484375,-0.055419921875
17.787,311,592,806,314,-6.0,37.0,48.0,-32.77587890625,-5.249022960662842,-25.451658248901367,-0.7401123046875,0.13720703125,0.03955078125
17.809,311,583,799,313,-6.0,37.0,48.0,-32.77587890625,-5.249022960662842,-25.451658248901367,-0.7301025390625,0.12841796875,0.12060546875
17.809,298,577,767,293,-6.0,37.0,48.0,-22.399900436401367,-6.103515148162842,-14.953612327575684,-0.7236328125,0.1376953125,0.16650390625
17.818,311,577,785,312,-6.0,37.0,48.0,-11.596678733825684,-6.164550304412842,-11.108397483825684,-0.7255859375,0.20654296875,0.1666259765625
17.828,310,577,793,312,-6.0,37.0,48.0,-4.0283203125,-6.286620616912842,-7.690429210662842,-0.7362060546875,0.302978515625,0.139892578125
17.834,311,579,796,312,-6.0,37.0,48.0,-4.0283203125,-6.286620616912842,-7.690429210662842,-0.74609375,0.3673095703125,0.116943359375
17.848,310,590,799,312,-6.0,37.0,48.0,-2.990722417831421,-6.103515148162842,-1.4648436307907104,-0.75048828125,0.3897705078125,0.104736328125
17.856,310,594,803,313,-6.0,37.0,48.0,-3.234863042831421,-5.126952648162842,2.44140625,-0.7589111328125,0.381103515625,0.10791015625
17.864,310,594,809,312,-6.0,37.0,48.0,-3.234863042831421,-5.126952648162842,2.44140625,-0.76025390625,0.327392578125,0.1239013671875
17.883,310,606,827,312,-6.0,37.0,46.0,-3.112792730331421,-0.9155272841453552,8.30078125,-0.746337890625,0.26318359375,0.135498046875
17.886,310,618,835,312,-6.0,37.0,46.0,-1.0986328125,0.9155272841453552,9.94873046875,-0.7276611328125,0.255615234375,0.1331787109375
17.913,311,629,846,312,-6.0,37.0,46.0,1.8920897245407104,1.03759765625,11.718749046325684,-0.7081298828125,0.2901611328125,0.1114501953125
17.913,310,650,861,312,-6.0,37.0,46.0,5.371093273162842,0.30517578125,13.183592796325684,-0.6962890625,0.3173828125,0.0694580078125
17.920,310,669,885,312,-6.0,37.0,46.0,8.23974609375,-0.30517578125,14.709471702575684,-0.7056884765625,0.3319091796875,0.028564453125
17.924,310,689,918,312,-6.0,37.0,46.0,7.934569835662842,-0.4272460639476776,17.2119140625,-0.7554931640625,0.343505859375,0.0186767578125
17.941,310,725,959,312,-6.0,37.0,46.0,3.723144292831421,-1.6479490995407104,19.4091796875,-0.813232421875,0.327880859375,0.053955078125
17.946,310,749,1001,313,-6.0,37.0,46.0,-0.4272460639476776,-4.150390625,19.1650390625,-0.8331298828125,0.260498046875,0.0870361328125
17.954,309,771,1034,312,-6.0,37.0,46.0,0.7934569716453552,-5.310058116912842,17.7001953125,-0.789306640625,0.1817626953125,0.0897216796875
17.967,310,806,1127,312,-6.0,37.0,46.0,7.934569835662842,-4.638671875,16.9677734375,-0.6480712890625,0.1337890625,0.1033935546875
17.990,310,837,1184,312,-7.0,37.0,43.0,17.39501953125,-3.967284917831421,15.319823265075684,-0.4501953125,0.1090087890625,0.140625
17.990,312,871,1246,314,-7.0,37.0,43.0,27.526853561401367,-3.356933355331421,11.230467796325684,-0.3419189453125,0.15380859375,0.15234375
18.015,311,929,1318,312,-7.0,37.0,43.0,35.0341796875,-0.9155272841453552,5.554198741912842,-0.4638671875,0.38232421875,0.041259765625
18.015,310,958,1352,312,-7.0,37.0,43.0,31.982419967651367,3.173827886581421,-1.03759765625,-0.7744140625,0.6800537109375,-0.1656494140625
18.016,310,981,1390,314,-7.0,37.0,43.0,16.4794921875,4.21142578125,-9.27734375,-1.0958251953125,0.7822265625,-0.2899169921875
18.028,310,1018,1437,313,-7.0,37.0,43.0,-2.929687261581421,-1.03759765625,-16.29638671875,-1.3348388671875,0.6627197265625,-0.205322265625
18.036,310,1031,1460,313,-7.0,37.0,43.0,-17.51708984375,-10.803221702575684,-16.90673828125,-1.5126953125,0.495361328125,0.025390625
18.044,310,1038,1464,313,-7.0,37.0,43.0,-22.460935592651367,-18.12744140625,-11.291502952575684,-1.6524658203125,0.4302978515625,0.20361328125
18.057,310,1038,1456,313,-7.0,37.0,43.0,-15.747069358825684,-17.51708984375,-4.7607421875,-1.7200927734375,0.481689453125,0.253173828125
18.066,311,1025,1424,314,-7.0,37.0,43.0,-1.7700194120407104,-10.681151390075684,-2.13623046875,-1.6629638671875,0.5750732421875,0.197021484375
18.074,311,1010,1411,313,-6.0,36.0,45.0,9.521484375,-1.5869139432907104,-3.723144292831421,-1.375,0.5498046875,0.1090087890625
18.096,311,975,1369,313,-6.0,36.0,45.0,15.686034202575684,7.019042491912842,-9.21630859375,-0.998046875,0.4486083984375,0.0262451171875
18.096,310,963,1379,312,-6.0,36.0,45.0,16.845703125,11.718749046325684,-16.54052734375,-0.85791015625,0.4583740234375,-0.05908203125
18.116,311,953,1369,314,-6.0,36.0,45.0,8.11767578125,10.437010765075684,-23.254392623901367,-0.9896240234375,0.5362548828125,-0.09130859375
18.118,310,942,1342,314,-6.0,36.0,45.0,-6.896972179412842,5.371093273162842,-28.808591842651367,-1.287109375,0.6502685546875,-0.065673828125
18.128,310,927,1306,313,-6.0,36.0,45.0,-23.559568405151367,-0.7324218153953552,-32.1044921875,-1.5780029296875,0.74609375,0.0113525390625
18.134,311,893,1264,314,-6.0,36.0,45.0,-39.61181640625,-4.69970703125,-32.5927734375,-1.673828125,0.68505859375,0.1268310546875
18.148,310,848,1175,314,-6.0,36.0,45.0,-45.349117279052734,-3.295898199081421,-30.212400436401367,-1.5841064453125,0.5067138671875,0.1954345703125
18.157,312,826,1123,312,-6.0,36.0,45.0,-37.109375,2.50244140625,-23.681638717651367,-1.427001953125,0.3658447265625,0.183837890625
18.169,311,799,1069,314,-6.0,36.0,45.0,-22.949216842651367,8.48388671875,-13.854979515075684,-1.2437744140625,0.3160400390625,0.1649169921875
18.178,310,749,966,312,-4.0,36.0,48.0,-10.131834983825684,12.817381858825684,-4.5166015625,-1.0267333984375,0.2991943359375,0.1676025390625
18.199,310,713,917,312,-4.0,36.0,48.0,-0.6713866591453552,16.11328125,0.7934569716453552,-0.7838134765625,0.2381591796875,0.16455078125
18.200,310,689,874,313,-4.0,36.0,48.0,7.690429210662842,18.61572265625,1.3427733182907104,-0.5550537109375,0.142333984375,0.1466064453125
18.220,310,648,832,312,-4.0,36.0,48.0,19.4091796875,19.34814453125,-1.8310545682907104,-0.354248046875,0.178466796875,0.0557861328125
18.220,310,621,795,312,-4.0,36.0,48.0,31.555173873901367,17.63916015625,-7.019042491912842,-0.354248046875,0.178466796875,0.0557861328125
18.223,310,609,780,312,-4.0,36.0,48.0,35.64453125,14.038084983825684,-12.878417015075684,-0.4130859375,0.286376953125,-0.0394287109375
18.237,310,592,750,310,-4.0,36.0,48.0,28.686521530151367,10.864256858825684,-19.83642578125,-0.63720703125,0.24560546875,-0.1826171875
18.246,310,578,745,312,-4.0,36.0,48.0,14.404295921325684,9.3994140625,-27.099607467651367,-0.63720703125,0.24560546875,-0.1826171875
18.254,308,568,745,312,-4.0,36.0,48.0,-1.5869139432907104,6.896972179412842,-30.700681686401367,-0.722900390625,0.1871337890625,-0.1240234375
18.267,310,563,749,312,-3.0,37.0,46.0,-15.014647483825684,2.868652105331421,-29.357908248901367,-0.7567138671875,0.1573486328125,0.03564453125
18.279,310,566,750,313,-3.0,37.0,46.0,-20.751951217651367,-0.54931640625,-24.658201217651367,-0.7567138671875,0.1573486328125,0.03564453125
18.283,310,573,749,312,-3.0,37.0,46.0,-17.08984375,-2.990722417831421,-17.27294921875,-0.762451171875,0.1959228515625,0.107666015625
18.301,310,582,756,312,-3.0,37.0,46.0,-9.3994140625,-4.08935546875,-9.21630859375,-0.8214111328125,0.3143310546875,0.1295166015625
18.321,311,585,756,312,-3.0,37.0,46.0,-3.479003667831421,-3.601073980331421,-2.685546636581421,-0.8214111328125,0.3143310546875,0.1295166015625
18.322,310,592,758,312,-3.0,37.0,46.0,-0.9765624403953552,-2.44140625,1.8310545682907104,-0.8360595703125,0.3253173828125,0.120361328125
18.327,311,604,763,312,-3.0,37.0,46.0,-0.2441406100988388,-0.7324218153953552,5.0048828125,-0.830810546875,0.26123046875,0.116455078125
18.336,312,614,770,312,-3.0,37.0,46.0,1.03759765625,1.2817381620407104,8.056640625,-0.830810546875,0.26123046875,0.116455078125
18.344,312,621,777,314,-3.0,37.0,46.0,3.051757574081421,2.868652105331421,11.535643577575684,-0.8265380859375,0.246826171875,0.1143798828125
18.357,310,634,786,311,-3.0,37.0,46.0,4.33349609375,3.295898199081421,15.197752952575684,-0.826416015625,0.277099609375,0.070068359375
18.367,310,646,799,312,-3.0,37.0,46.0,5.0048828125,2.868652105331421,18.4326171875,-0.8330078125,0.2999267578125,0.0169677734375
18.374,312,658,813,312,-5.0,36.0,47.0,6.103515148162842,2.44140625,21.057126998901367,-0.8330078125,0.2999267578125,0.0169677734375
18.399,310,676,840,312,-5.0,36.0,47.0,6.164550304412842,0.0610351525247097,24.902341842651367,-0.90966796875,0.271484375,-0.0389404296875
18.399,311,694,846,312,-5.0,36.0,47.0,6.164550304412842,0.0610351525247097,24.902341842651367,-0.9508056640625,0.242431640625,-0.031494140625
18.411,308,707,864,312,-5.0,36.0,47.0,3.173827886581421,-1.7700194120407104,27.893064498901367,-0.9508056640625,0.242431640625,-0.031494140625
18.418,310,739,907,313,-5.0,36.0,47.0,-6.164550304412842,-3.417968511581421,36.2548828125,-0.7760009765625,0.1983642578125,0.0921630859375
18.434,311,764,939,312,-5.0,36.0,47.0,-6.164550304412842,-3.417968511581421,36.2548828125,-0.5889892578125,0.1519775390625,0.171875
18.434,311,782,969,314,-5.0,36.0,47.0,-2.50244140625,-4.39453125,36.80419921875,-0.5889892578125,0.1519775390625,0.171875
18.447,310,827,1064,313,-5.0,36.0,47.0,26.916501998901367,-6.164550304412842,29.052732467651367,-0.357177734375,0.260498046875,0.183349609375
18.455,310,860,1133,313,-5.0,36.0,47.0,26.916501998901367,-6.164550304412842,29.052732467651367,-0.388671875,0.3836669921875,0.082763671875
18.464,310,891,1175,314,-5.0,36.0,47.0,39.55078125,-5.554198741912842,18.73779296875,-0.388671875,0.3836669921875,0.082763671875
18.478,311,939,1266,312,-6.0,37.0,40.0,38.26904296875,0.0610351525247097,-12.023924827575684,-0.6998291015625,0.5198974609375,-0.2996826171875
18.486,311,966,1318,314,-6.0,37.0,40.0,38.26904296875,0.0610351525247097,-12.023924827575684,-0.91943359375,0.5714111328125,-0.388916015625
18.504,308,994,1363,314,-6.0,37.0,40.0,21.118162155151367,-2.3193359375,-24.719236373901367,-0.91943359375,0.5714111328125,-0.388916015625
18.523,310,1026,1416,313,-6.0,37.0,40.0,-18.798828125,-24.230955123901367,-32.958984375,-1.4071044921875,0.5491943359375,-0.1546630859375
18.523,310,1039,1445,313,-6.0,37.0,40.0,-30.700681686401367,-33.87451171875,-28.320310592651367,-1.6488037109375,0.5224609375,0.0531005859375
18.532,310,1054,1464,314,-6.0,37.0,40.0,-30.700681686401367,-33.87451171875,-28.320310592651367,-1.82470703125,0.5045166015625,0.2427978515625
18.537,310,1043,1428,312,-6.0,37.0,40.0,-35.09521484375,-31.738279342651367,-8.7890625,-1.8253173828125,0.4664306640625,0.4166259765625
18.546,310,1039,1413,313,-6.0,37.0,40.0,-22.766111373901367,-19.8974609375,0.3662109076976776,-1.4713134765625,0.2978515625,0.5433349609375
18.554,310,1034,1393,312,-6.0,37.0,40.0,-22.766111373901367,-19.8974609375,0.3662109076976776,-0.9573974609375,0.153564453125,0.489501953125
18.568,310,1013,1335,312,-4.0,38.0,44.0,29.785154342651367,14.770506858825684,5.187987804412842,-0.7713623046875,0.3394775390625,0.18701171875
18.575,310,1000,1325,312,-4.0,38.0,44.0,40.283199310302734,21.362302780151367,1.3427733182907104,-0.9212646484375,0.630126953125,-0.1519775390625
18.584,312,994,1323,312,-4.0,38.0,44.0,40.283199310302734,21.362302780151367,1.3427733182907104,-1.187744140625,0.744873046875,-0.31298828125
18.600,310,986,1306,311,-4.0,38.0,44.0,7.263183116912842,7.629394054412842,-24.169919967651367,-1.43994140625,0.7005615234375,-0.2464599609375
18.606,310,968,1280,314,-4.0,38.0,44.0,-16.54052734375,-3.845214605331421,-33.14208984375,-1.5810546875,0.5582275390625,-0.0382080078125
18.623,312,955,1253,313,-4.0,38.0,44.0,-16.54052734375,-3.845214605331421,-33.14208984375,-1.592041015625,0.4346923828125,0.1527099609375
18.634,310,907,1204,314,-4.0,38.0,44.0,-30.090330123901367,-9.09423828125,-21.179197311401367,-1.5067138671875,0.3697509765625,0.23388671875
18.636,310,873,1160,313,-4.0,38.0,44.0,-18.24951171875,-2.929687261581421,-8.23974609375,-1.3463134765625,0.3232421875,0.239013671875
18.644,310,849,1116,313,-4.0,38.0,44.0,-18.24951171875,-2.929687261581421,-8.23974609375,-1.11181640625,0.2674560546875,0.2470703125
18.657,310,813,1025,312,-4.0,38.0,44.0,10.253905296325684,9.3994140625,9.58251953125,-0.8673095703125,0.2235107421875,0.2374267578125
18.666,310,780,966,312,-4.0,36.0,44.0,19.4091796875,13.244627952575684,12.207030296325684,-0.6751708984375,0.2081298828125,0.156005859375
18.674,311,757,932,314,-4.0,36.0,44.0,23.925779342651367,15.197752952575684,10.803221702575684,-0.5556640625,0.2305908203125,0.0166015625
18.687,310,714,893,312,-4.0,36.0,44.0,24.658201217651367,15.747069358825684,5.676269054412842,-0.52392578125,0.3277587890625,-0.14013671875
18.703,312,695,873,312,-4.0,36.0,44.0,18.61572265625,13.610838890075684,-2.25830078125,-0.5806884765625,0.4429931640625,-0.2314453125
18.703,310,685,849,312,-4.0,36.0,44.0,3.234863042831421,7.019042491912842,-12.023924827575684,-0.6585693359375,0.43115234375,-0.188232421875
18.739,310,662,827,312,-4.0,36.0,44.0,-15.380858421325684,0.0,-21.423337936401367,-0.7000732421875,0.28173828125,-0.093017578125
18.739,312,654,818,313,-4.0,36.0,44.0,-26.794431686401367,-1.9531248807907104,-26.794431686401367,-0.724609375,0.1514892578125,-0.03564453125
18.740,310,639,813,314,-4.0,36.0,44.0,-28.442380905151367,-1.5258787870407104,-25.390623092651367,-0.7357177734375,0.1163330078125,0.0167236328125
18.747,310,631,805,312,-4.0,36.0,44.0,-24.841306686401367,-3.479003667831421,-19.04296875,-0.7484130859375,0.1072998046875,0.08837890625
18.756,310,620,797,312,-4.0,36.0,44.0,-18.06640625,-7.385253429412842,-11.413573265075684,-0.7843017578125,0.0958251953125,0.1429443359375
18.764,310,612,793,312,-4.0,36.0,44.0,-9.33837890625,-9.94873046875,-3.845214605331421,-0.8179931640625,0.1334228515625,0.146728515625
18.778,310,608,780,312,-4.0,36.0,48.0,-2.868652105331421,-9.521484375,3.112792730331421,-0.82568359375,0.2109375,0.12158203125
18.786,310,608,780,312,-4.0,36.0,48.0,-1.4648436307907104,-7.263183116912842,9.27734375,-0.8187255859375,0.2696533203125,0.100341796875
18.793,310,609,784,314,-4.0,36.0,48.0,-2.50244140625,-4.638671875,14.770506858825684,-0.7969970703125,0.2841796875,0.0955810546875
18.807,310,621,799,311,-4.0,36.0,48.0,-3.479003667831421,-2.563476324081421,19.47021484375,-0.75634765625,0.270263671875,0.1187744140625
18.844,310,630,809,312,-4.0,36.0,48.0,-3.295898199081421,-1.3427733182907104,22.644041061401367,-0.7169189453125,0.2669677734375,0.15087890625
18.845,310,638,819,313,-4.0,36.0,48.0,-1.0986328125,-0.8544921278953552,24.353025436401367,-0.6978759765625,0.2808837890625,0.15478515625
18.845,311,647,846,311,-4.0,36.0,48.0,2.38037109375,-0.54931640625,25.268552780151367,-0.7061767578125,0.2984619140625,0.1221923828125
18.846,312,654,856,308,-4.0,36.0,48.0,5.554198741912842,0.0,25.878904342651367,-0.73876953125,0.312255859375,0.0693359375
18.854,311,664,864,313,-4.0,36.0,48.0,6.042479991912842,1.0986328125,26.550291061401367,-0.7720947265625,0.3177490234375,0.025146484375
18.867,309,697,907,312,-7.0,34.0,45.0,2.50244140625,2.807616949081421,27.648923873901367,-0.766357421875,0.305419921875,0.025390625
18.876,310,714,935,313,-7.0,34.0,45.0,-2.807616949081421,4.45556640625,28.808591842651367,-0.7452392578125,0.277587890625,0.0667724609375
18.884,310,732,966,312,-7.0,34.0,45.0,-5.859374523162842,4.0283203125,28.991697311401367,-0.7401123046875,0.2596435546875,0.1207275390625
18.898,310,780,1026,311,-7.0,34.0,45.0,-3.601073980331421,0.3662109076976776,28.137205123901367,-0.7296142578125,0.2591552734375,0.1346435546875
18.907,310,805,1081,313,-7.0,34.0,45.0,3.601073980331421,-3.234863042831421,27.221677780151367,-0.7125244140625,0.2613525390625,0.0941162109375
18.914,311,827,1130,313,-7.0,34.0,45.0,14.648436546325684,-4.39453125,26.611326217651367,-0.6749267578125,0.2528076171875,0.05078125
18.942,310,878,1228,312,-7.0,34.0,45.0,26.794431686401367,-3.845214605331421,24.230955123901367,-0.5877685546875,0.224365234375,0.041015625
18.942,312,888,1286,311,-7.0,34.0,45.0,33.75244140625,-3.479003667831421,17.822265625,-0.4986572265625,0.2122802734375,0.0321044921875
18.945,312,947,1340,312,-7.0,34.0,45.0,35.5224609375,-3.479003667831421,8.1787109375,-0.516845703125,0.328857421875,-0.0718994140625
18.958,311,996,1415,314,-7.0,34.0,45.0,30.517576217651367,-4.39453125,-2.38037109375,-0.8607177734375,0.58447265625,-0.2813720703125
18.967,311,1018,1455,314,-8.0,38.0,43.0,17.4560546875,-9.3994140625,-13.610838890075684,-0.8607177734375,0.58447265625,-0.2813720703125
18.975,310,1042,1486,313,-8.0,38.0,43.0,2.50244140625,-18.06640625,-22.460935592651367,-1.1319580078125,0.5673828125,-0.2371826171875
18.988,311,1071,1516,313,-8.0,38.0,43.0,-11.718749046325684,-27.343748092651367,-24.108884811401367,-1.630126953125,0.573486328125,0.1656494140625
18.997,310,1078,1538,312,-8.0,38.0,43.0,-23.498533248901367,-34.1796875,-18.37158203125,-1.630126953125,0.573486328125,0.1656494140625
19.010,310,1089,1543,312,-8.0,38.0,43.0,-27.893064498901367,-35.888671875,-8.48388671875,-1.7449951171875,0.56884765625,0.3734130859375
19.018,310,1085,1523,313,-8.0,38.0,43.0,-22.399900436401367,-32.04345703125,1.9531248807907104,-1.482666015625,0.43994140625,0.4600830078125
19.037,311,1078,1500,312,-8.0,38.0,43.0,-6.103515148162842,-22.277830123901367,8.11767578125,-1.482666015625,0.43994140625,0.4600830078125
19.038,311,1067,1486,314,-8.0,38.0,43.0,19.10400390625,-6.958007335662842,6.164550304412842,-1.0621337890625,0.3851318359375,0.27685546875
19.049,310,1038,1452,312,-8.0,38.0,43.0,40.10009765625,12.634276390075684,-13.549803733825684,-0.9105224609375,0.61474609375,-0.205078125
19.057,308,1029,1454,312,-8.0,38.0,43.0,40.10009765625,12.634276390075684,-13.549803733825684,-1.052978515625,0.52685546875,-0.201171875
19.067,310,1025,1455,314,-6.0,36.0,44.0,19.04296875,6.469726085662842,-24.047849655151367,-1.052978515625,0.52685546875,-0.201171875
19.079,310,1014,1428,314,-6.0,36.0,44.0,-23.925779342651367,-10.559081077575684,-29.296873092651367,-1.5194091796875,0.4447021484375,0.06103515625
19.086,309,994,1400,314,-6.0,36.0,44.0,-23.925779342651367,-10.559081077575684,-29.296873092651367,-1.7322998046875,0.518798828125,0.22216796875
19.094,310,972,1365,312,-6.0,36.0,44.0,-37.9638671875,-15.014647483825684,-20.141599655151367,-1.7322998046875,0.518798828125,0.22216796875
19.112,310,928,1292,312,-6.0,36.0,44.0,-33.203125,-4.21142578125,2.868652105331421,-1.57958984375,0.4820556640625,0.390625
19.117,311,889,1251,312,-6.0,36.0,44.0,-33.203125,-4.21142578125,2.868652105331421,-1.2857666015625,0.3751220703125,0.4095458984375
19.128,310,849,1192,314,-6.0,36.0,44.0,-19.71435546875,6.713866710662842,14.404295921325684,-1.2857666015625,0.3751220703125,0.4095458984375
19.138,310,799,1081,312,-6.0,36.0,44.0,21.179197311401367,21.789548873901367,21.606443405151367,-0.61083984375,0.16796875,0.3070068359375
19.153,310,772,1009,312,-6.0,36.0,44.0,21.179197311401367,21.789548873901367,21.606443405151367,-0.421875,0.25537109375,0.044677734375
19.154,310,749,939,311,-6.0,36.0,44.0,44.555660247802734,25.573728561401367,15.563963890075684,-0.421875,0.25537109375,0.044677734375
19.168,310,713,925,312,-7.0,36.0,48.0,45.898433685302734,21.545408248901367,-3.906249761581421,-0.525146484375,0.5347900390625,-0.4068603515625
19.181,310,694,886,312,-7.0,36.0,48.0,45.898433685302734,21.545408248901367,-3.906249761581421,-0.645751953125,0.456298828125,-0.3741455078125
19.186,310,673,858,312,-7.0,36.0,48.0,18.98193359375,10.986327171325684,-16.6015625,-0.645751953125,0.456298828125,-0.3741455078125
19.199,310,648,823,312,-7.0,36.0,48.0,-32.8369140625,-6.164550304412842,-29.785154342651367,-0.790771484375,0.153564453125,-0.149169921875
19.207,310,627,805,312,-7.0,36.0,48.0,-39.00146484375,-10.864256858825684,-27.404783248901367,-0.78662109375,0.105712890625,-0.0072021484375
19.214,310,614,794,312,-7.0,36.0,48.0,-39.00146484375,-10.864256858825684,-27.404783248901367,-0.7459716796875,0.087890625,0.116455078125
19.228,310,612,777,311,-7.0,36.0,48.0,-28.381345748901367,-17.27294921875,-15.624999046325684,-0.7113037109375,0.0733642578125,0.1953125
19.239,311,601,784,312,-7.0,36.0,48.0,-19.10400390625,-17.2119140625,-9.94873046875,-0.6925048828125,0.1085205078125,0.2342529296875
19.272,309,601,790,313,-7.0,36.0,48.0,-19.10400390625,-17.2119140625,-9.94873046875,-0.6827392578125,0.20556640625,0.21533203125
19.273,310,601,772,310,-7.0,36.0,48.0,-3.356933355331421,-11.840819358825684,0.0610351525247097,-0.686279296875,0.3173828125,0.157470703125
19.273,310,604,803,312,-9.0,36.0,44.0,-2.197265625,-8.36181640625,4.69970703125,-0.6943359375,0.3929443359375,0.124267578125
19.275,296,607,810,310,-9.0,36.0,44.0,-2.197265625,-8.36181640625,4.69970703125,-0.6912841796875,0.39990234375,0.1431884765625
19.295,309,618,830,312,-9.0,36.0,44.0,-6.958007335662842,-3.723144292831421,11.657713890075684,-0.66455078125,0.3292236328125,0.1890869140625
19.298,309,631,840,312,-9.0,36.0,44.0,-5.371093273162842,-0.9155272841453552,12.512206077575684,-0.6392822265625,0.239013671875,0.217529296875
19.305,310,643,853,311,-9.0,36.0,44.0,-5.371093273162842,-0.9155272841453552,12.512206077575684,-0.6412353515625,0.2174072265625,0.2047119140625
19.319,310,662,895,311,-9.0,36.0,44.0,9.765625,1.4038084745407104,13.000487327575684,-0.649169921875,0.26904296875,0.167236328125
19.327,310,676,935,314,-9.0,36.0,44.0,13.427733421325684,0.54931640625,13.427733421325684,-0.6466064453125,0.351806640625,0.116455078125
19.349,311,689,966,312,-9.0,36.0,44.0,13.427733421325684,0.54931640625,13.427733421325684,-0.6204833984375,0.4200439453125,0.0631103515625
19.349,311,726,1054,312,-9.0,36.0,44.0,12.145995140075684,1.8310545682907104,10.131834983825684,-0.583740234375,0.4228515625,0.024658203125
19.356,311,767,1108,313,-9.0,36.0,44.0,11.962889671325684,2.0751953125,8.056640625,-0.6392822265625,0.343505859375,0.0048828125
19.366,310,796,1159,312,-6.0,36.0,50.0,14.770506858825684,-1.5869139432907104,8.4228515625,-0.8372802734375,0.245849609375,0.0035400390625
19.379,310,840,1232,313,-6.0,36.0,50.0,17.7001953125,-7.507323741912842,11.230467796325684,-0.99609375,0.1455078125,0.0316162109375
19.386,310,862,1297,313,-6.0,36.0,50.0,18.5546875,-8.9111328125,13.366698265075684,-0.9290771484375,0.01953125,0.093505859375
19.450,311,889,1349,314,-6.0,36.0,50.0,19.95849609375,-4.638671875,12.512206077575684,-0.7010498046875,-0.0377197265625,0.1434326171875
19.453,310,947,1416,313,-6.0,36.0,50.0,23.315427780151367,-0.3662109076976776,11.169432640075684,-0.54541015625,0.115966796875,0.1290283203125
19.453,310,974,1462,313,-6.0,36.0,50.0,23.376462936401367,-1.2817381620407104,12.023924827575684,-0.582275390625,0.404052734375,0.082275390625
19.454,310,998,1499,312,-6.0,36.0,50.0,19.287109375,-6.591796398162842,10.070799827575684,-0.780029296875,0.5992431640625,-0.008056640625
19.454,310,1037,1545,313,-6.0,36.0,50.0,16.41845703125,-11.108397483825684,1.5258787870407104,-1.0574951171875,0.6544189453125,-0.134765625
19.455,311,1056,1567,314,-6.0,36.0,50.0,14.160155296325684,-15.014647483825684,-9.09423828125,-1.331298828125,0.672607421875,-0.191650390625
19.457,309,1078,1585,312,-6.0,36.0,50.0,6.958007335662842,-19.53125,-14.770506858825684,-1.538330078125,0.68798828125,-0.09521484375
19.464,309,1088,1602,312,-4.0,36.0,46.0,-7.080077648162842,-23.071287155151367,-12.268065452575684,-1.6390380859375,0.637939453125,0.1552734375
19.478,311,1101,1621,314,-4.0,36.0,46.0,-22.277830123901367,-23.559568405151367,-3.845214605331421,-1.60986328125,0.4765625,0.4473876953125
19.489,310,1094,1608,314,-4.0,36.0,46.0,-24.230955123901367,-17.9443359375,4.638671875,-1.4566650390625,0.32421875,0.5845947265625
19.494,310,1082,1583,314,-4.0,36.0,46.0,-4.0283203125,-5.676269054412842,8.97216796875,-1.22509765625,0.3427734375,0.4249267578125
19.560,312,1047,1547,314,-4.0,36.0,46.0,38.87939453125,17.02880859375,-0.7934569716453552,-0.92724609375,0.5701904296875,-0.193603515625
19.560,310,1029,1523,312,-4.0,36.0,46.0,27.160642623901367,14.282225608825684,-11.108397483825684,-0.9937744140625,0.5198974609375,-0.229248046875
19.561,310,1013,1523,314,-4.0,36.0,46.0,2.868652105331421,5.432128429412842,-18.6767578125,-1.07763671875,0.3609619140625,-0.0867919921875
19.561,310,1008,1508,314,-4.0,36.0,46.0,-15.380858421325684,-1.8920897245407104,-20.141599655151367,-1.21484375,0.3330078125,0.06005859375
19.561,312,998,1488,314,-4.0,36.0,46.0,-24.902341842651367,-5.859374523162842,-15.014647483825684,-1.4591064453125,0.4930419921875,0.1556396484375
19.568,310,973,1437,314,-5.0,37.0,44.0,-31.738279342651367,-7.507323741912842,-6.652831554412842,-1.6490478515625,0.608154296875,0.2635498046875
19.580,310,947,1393,314,-5.0,37.0,44.0,-33.26416015625,-5.371093273162842,0.4882812201976776,-1.6273193359375,0.555908203125,0.3660888671875
19.584,310,931,1361,314,-5.0,37.0,44.0,-24.658201217651367,1.7700194120407104,7.019042491912842,-1.4151611328125,0.4456787109375,0.4154052734375
19.598,312,879,1272,312,-5.0,37.0,44.0,-8.60595703125,10.437010765075684,14.160155296325684,-1.115478515625,0.3406982421875,0.4180908203125
19.606,310,848,1211,312,-5.0,37.0,44.0,11.657713890075684,16.90673828125,17.9443359375,-0.8245849609375,0.2528076171875,0.345458984375
19.615,311,820,1162,313,-5.0,37.0,44.0,33.75244140625,20.446775436401367,14.953612327575684,-0.6099853515625,0.267578125,0.1522216796875
19.631,310,799,1098,313,-5.0,37.0,44.0,48.767086029052734,22.277830123901367,7.080077648162842,-0.535400390625,0.4505615234375,-0.128173828125
19.654,311,779,1055,312,-5.0,37.0,44.0,44.433589935302734,20.874021530151367,-2.990722417831421,-0.621826171875,0.65478515625,-0.3453369140625
19.654,311,753,1026,314,-5.0,37.0,44.0,18.37158203125,13.671874046325684,-14.526366233825684,-0.7476806640625,0.6253662109375,-0.362060546875
19.658,310,726,966,312,-9.0,37.0,47.0,-15.014647483825684,4.39453125,-25.085447311401367,-0.8153076171875,0.383056640625,-0.2335205078125
19.666,311,712,933,312,-9.0,37.0,47.0,-36.68212890625,-2.01416015625,-30.090330123901367,-0.84521484375,0.16064453125,-0.081787109375
19.674,310,695,913,313,-9.0,37.0,47.0,-42.480464935302734,-6.896972179412842,-27.893064498901367,-0.846435546875,0.074462890625,0.052490234375
19.688,311,668,875,313,-9.0,37.0,47.0,-38.6962890625,-11.779784202575684,-21.484373092651367,-0.807861328125,0.08251953125,0.1524658203125
19.696,310,653,848,311,-9.0,37.0,47.0,-30.090330123901367,-14.038084983825684,-14.099120140075684,-0.755126953125,0.126708984375,0.1796875
19.704,310,644,832,314,-9.0,37.0,47.0,-19.83642578125,-12.329100608825684,-7.507323741912842,-0.7060546875,0.16748046875,0.1519775390625
19.718,310,631,826,312,-9.0,37.0,47.0,-11.840819358825684,-9.09423828125,-2.990722417831421,-0.6627197265625,0.1636962890625,0.1444091796875
19.726,311,620,818,312,-9.0,37.0,47.0,-7.690429210662842,-6.652831554412842,-1.0986328125,-0.6446533203125,0.13720703125,0.1614990234375
19.734,310,628,823,312,-9.0,37.0,47.0,-6.774901866912842,-4.39453125,0.3662109076976776,-0.661865234375,0.17333984375,0.1533203125
19.755,310,630,833,312,-9.0,37.0,47.0,-10.131834983825684,-1.4648436307907104,3.295898199081421,-0.6939697265625,0.3568115234375,0.134765625
19.756,310,634,820,312,-9.0,37.0,47.0,-16.9677734375,1.4648436307907104,7.080077648162842,-0.6939697265625,0.3568115234375,0.134765625
19.764,311,643,853,312,-6.0,34.0,48.0,-22.705076217651367,3.662109136581421,10.192870140075684,-0.6983642578125,0.365478515625,0.150634765625
19.777,310,658,861,312,-6.0,34.0,48.0,-22.766111373901367,4.8828125,12.268065452575684,-0.696044921875,0.277099609375,0.171630859375
19.793,310,668,873,312,-6.0,34.0,48.0,-15.930174827575684,4.8828125,13.244627952575684,-0.696044921875,0.277099609375,0.171630859375
19.795,310,684,878,312,-6.0,34.0,48.0,-5.676269054412842,3.479003667831421,13.488768577575684,-0.708251953125,0.27392578125,0.170166015625
19.807,311,705,912,312,-6.0,34.0,48.0,2.50244140625,1.7700194120407104,13.671874046325684,-0.7506103515625,0.3480224609375,0.131591796875
19.816,310,714,936,312,-6.0,34.0,48.0,6.286620616912842,1.4648436307907104,13.488768577575684,-0.7506103515625,0.3480224609375,0.131591796875
19.829,310,728,960,312,-6.0,34.0,48.0,7.080077648162842,2.929687261581421,12.390135765075684,-0.7598876953125,0.358154296875,0.1068115234375
19.838,310,770,1034,312,-6.0,34.0,48.0,7.324218273162842,4.5166015625,10.742186546325684,-0.75,0.3233642578125,0.0843505859375
19.860,310,796,1071,312,-6.0,34.0,48.0,7.385253429412842,3.601073980331421,9.82666015625,-0.75,0.3233642578125,0.0843505859375
19.860,310,819,1117,314,-6.0,34.0,48.0,7.934569835662842,0.54931640625,10.009765625,-0.794921875,0.3114013671875,0.0517578125
19.868,309,859,1189,314,-7.0,35.0,44.0,10.437010765075684,-2.01416015625,10.620116233825684,-0.7547607421875,0.183837890625,0.02294921875
19.876,310,884,1251,313,-7.0,35.0,44.0,14.099120140075684,-2.685546636581421,10.864256858825684,-0.7547607421875,0.183837890625,0.02294921875
19.884,310,916,1308,314,-7.0,35.0,44.0,16.6015625,-1.8310545682907104,10.192870140075684,-0.594970703125,0.125732421875,0.08154296875
19.899,311,957,1400,313,-7.0,35.0,44.0,22.766111373901367,1.7700194120407104,2.197265625,-0.57275390625,0.3631591796875,0.0391845703125
19.906,310,976,1437,312,-7.0,35.0,44.0,22.766111373901367,1.7700194120407104,2.197265625,-0.7645263671875,0.5311279296875,-0.1126708984375
19.914,311,1000,1474,313,-7.0,35.0,44.0,21.301267623901367,1.4648436307907104,-4.2724609375,-0.7645263671875,0.5311279296875,-0.1126708984375
19.931,310,1043,1529,312,-7.0,35.0,44.0,-4.39453125,-9.21630859375,-13.061522483825684,-1.083740234375,0.4251708984375,-0.120361328125
19.936,310,1065,1551,313,-7.0,35.0,44.0,-4.39453125,-9.21630859375,-13.061522483825684,-1.1644287109375,0.320068359375,0.092041015625
19.961,311,1085,1572,314,-7.0,35.0,44.0,-14.648436546325684,-17.2119140625,-12.634276390075684,-1.1644287109375,0.320068359375,0.092041015625
19.968,310,1112,1607,312,-7.0,34.0,51.0,-9.21630859375,-20.202634811401367,-2.197265625,-1.4852294921875,0.6810302734375,0.300537109375
19.969,312,1123,1621,314,-7.0,34.0,51.0,-9.21630859375,-20.202634811401367,-2.197265625,-1.6600341796875,0.76611328125,0.3106689453125
19.974,311,1120,1613,314,-7.0,34.0,51.0,-7.995604991912842,-16.41845703125,0.9155272841453552,-1.6600341796875,0.76611328125,0.3106689453125
19.988,310,1116,1591,314,-7.0,34.0,51.0,-1.7700194120407104,-5.0048828125,0.6103515625,-1.348388671875,0.2847900390625,0.3526611328125
19.996,311,1108,1569,314,-7.0,34.0,51.0,-1.7700194120407104,-5.0048828125,0.6103515625,-0.970458984375,0.1298828125,0.2352294921875
20.013,313,1094,1555,314,-7.0,34.0,51.0,13.122557640075684,3.417968511581421,1.4648436307907104,-0.970458984375,0.1298828125,0.2352294921875
20.018,310,1070,1527,314,-7.0,34.0,51.0,29.724119186401367,9.27734375,3.173827886581421,-0.9835205078125,0.5927734375,-0.218017578125
20.035,310,1050,1516,314,-7.0,34.0,51.0,29.724119186401367,9.27734375,3.173827886581421,-1.0654296875,0.593505859375,-0.1854248046875
20.035,310,1041,1513,315,-7.0,34.0,51.0,11.962889671325684,2.50244140625,-4.0283203125,-1.1400146484375,0.4752197265625,-0.030517578125
20.063,310,1029,1478,312,-7.0,34.0,51.0,-26.611326217651367,-11.718749046325684,-18.49365234375,-1.3348388671875,0.497802734375,0.130859375
20.063,310,1014,1453,314,-10.0,38.0,50.0,-35.64453125,-14.953612327575684,-15.380858421325684,-1.564208984375,0.5830078125,0.2740478515625
20.064,311,990,1407,299,-10.0,38.0,50.0,-35.64453125,-14.953612327575684,-15.380858421325684,-1.6475830078125,0.5240478515625,0.384765625
20.083,311,960,1342,312,-10.0,38.0,50.0,-35.70556640625,-5.615233898162842,-0.9765624403953552,-1.5438232421875,0.3968505859375,0.435791015625
20.086,312,932,1292,312,-10.0,38.0,50.0,-25.268552780151367,5.493163585662842,10.070799827575684,-1.3199462890625,0.3482666015625,0.4417724609375
20.097,311,904,1246,313,-10.0,38.0,50.0,-25.268552780151367,5.493163585662842,10.070799827575684,-1.05859375,0.323974609375,0.4112548828125
20.123,310,846,1159,312,-10.0,38.0,50.0,1.5869139432907104,23.559568405151367,26.306150436401367,-0.821044921875,0.2615966796875,0.325927734375
20.123,310,819,1105,286,-10.0,38.0,50.0,15.991209983825684,28.137205123901367,24.047849655151367,-0.6512451171875,0.26318359375,0.1702880859375
20.124,311,795,1029,311,-10.0,38.0,50.0,15.991209983825684,28.137205123901367,24.047849655151367,-0.549072265625,0.3829345703125,-0.0201416015625
20.138,310,756,975,313,-10.0,38.0,50.0,27.954099655151367,29.052732467651367,8.30078125,-0.537841796875,0.5084228515625,-0.18212890625
20.146,314,739,944,312,-10.0,38.0,50.0,15.075682640075684,25.146482467651367,-2.25830078125,-0.5982666015625,0.4954833984375,-0.264404296875
20.159,310,721,920,312,-7.0,36.0,44.0,15.075682640075684,25.146482467651367,-2.25830078125,-0.6761474609375,0.3828125,-0.2503662109375
20.168,310,694,865,311,-7.0,36.0,44.0,-26.306150436401367,14.038084983825684,-18.12744140625,-0.7529296875,0.2799072265625,-0.152587890625
20.175,311,683,835,313,-7.0,36.0,44.0,-37.109375,5.920409679412842,-18.37158203125,-0.7984619140625,0.181396484375,-0.02099609375
20.184,310,666,810,312,-7.0,36.0,44.0,-37.109375,5.920409679412842,-18.37158203125,-0.80419921875,0.094970703125,0.0596923828125
20.198,310,646,771,312,-7.0,36.0,44.0,-29.968259811401367,-5.310058116912842,-9.033203125,-0.787353515625,0.0631103515625,0.091796875
20.211,310,636,766,312,-7.0,36.0,44.0,-18.61572265625,-5.371093273162842,-3.356933355331421,-0.7550048828125,0.06591796875,0.132568359375
20.220,310,632,756,312,-7.0,36.0,44.0,-10.314940452575684,-5.065917491912842,0.7324218153953552,-0.7137451171875,0.1107177734375,0.16162109375
20.228,310,628,750,312,-7.0,36.0,44.0,-5.676269054412842,-4.7607421875,4.2724609375,-0.6712646484375,0.220947265625,0.15283203125
20.239,311,629,754,312,-7.0,36.0,44.0,-3.784179449081421,-4.21142578125,7.385253429412842,-0.6402587890625,0.3507080078125,0.1339111328125
20.244,310,630,754,313,-7.0,36.0,44.0,-5.065917491912842,-2.929687261581421,9.033203125,-0.636962890625,0.444091796875,0.125732421875
20.264,310,639,757,312,-6.0,37.0,49.0,-8.85009765625,-0.54931640625,9.21630859375,-0.6524658203125,0.4664306640625,0.1353759765625
20.272,310,644,766,312,-6.0,37.0,49.0,-12.268065452575684,2.44140625,8.60595703125,-0.6754150390625,0.414306640625,0.160888671875
20.274,310,656,772,310,-6.0,37.0,49.0,-11.901854515075684,4.82177734375,7.934569835662842,-0.702392578125,0.3408203125,0.1962890625
20.288,312,678,784,312,-6.0,37.0,49.0,-7.019042491912842,5.310058116912842,7.629394054412842,-0.7191162109375,0.28759765625,0.2264404296875
20.296,310,694,799,312,-6.0,37.0,49.0,-0.0610351525247097,4.57763671875,7.751464366912842,-0.7333984375,0.2611083984375,0.224853515625
20.311,310,703,810,312,-6.0,37.0,49.0,7.385253429412842,4.0283203125,8.6669921875,-0.7515869140625,0.272216796875,0.1947021484375
20.324,310,725,846,312,-6.0,37.0,49.0,13.366698265075684,3.784179449081421,10.559081077575684,-0.7452392578125,0.2999267578125,0.166015625
20.328,310,745,877,313,-6.0,37.0,49.0,16.4794921875,3.601073980331421,12.390135765075684,-0.7030029296875,0.308349609375,0.1591796875
20.345,310,766,912,312,-6.0,37.0,49.0,18.98193359375,3.723144292831421,13.488768577575684,-0.6827392578125,0.310302734375,0.1419677734375
20.348,311,803,974,314,-6.0,37.0,49.0,22.888181686401367,4.638671875,14.953612327575684,-0.75048828125,0.3536376953125,0.0645751953125
20.366,310,827,1009,312,-6.0,37.0,47.0,25.024412155151367,5.737304210662842,18.00537109375,-0.84423828125,0.3955078125,-0.036865234375
20.370,311,861,1039,311,-6.0,37.0,47.0,21.850584030151367,5.065917491912842,20.629880905151367,-0.8397216796875,0.3258056640625,-0.04833984375
20.377,311,904,1151,314,-6.0,37.0,47.0,17.15087890625,2.685546636581421,19.10400390625,-0.6995849609375,0.1597900390625,0.0467529296875
20.386,312,925,1204,312,-6.0,37.0,47.0,20.874021530151367,2.0751953125,12.695311546325684,-0.5269775390625,0.044189453125,0.10302734375
20.394,312,953,1248,314,-6.0,37.0,47.0,34.912109375,4.5166015625,4.150390625,-0.4700927734375,0.1402587890625,0.0238037109375
20.408,310,992,1344,310,-6.0,37.0,47.0,46.813961029052734,6.347655773162842,-3.540038824081421,-0.5863037109375,0.4482421875,-0.1595458984375
20.480,311,1022,1390,314,-6.0,37.0,47.0,40.954586029052734,3.784179449081421,-10.314940452575684,-0.8204345703125,0.7171630859375,-0.31640625
20.480,293,1047,1429,312,-6.0,37.0,47.0,15.869139671325684,-4.39453125,-16.7236328125,-1.044921875,0.7088623046875,-0.2650146484375
20.480,310,1088,1478,312,-6.0,37.0,47.0,-11.169432640075684,-14.099120140075684,-19.95849609375,-1.21240234375,0.51611328125,-0.034912109375
20.480,311,1105,1511,313,-6.0,37.0,47.0,-25.939939498901367,-20.751951217651367,-15.563963890075684,-1.326904296875,0.3905029296875,0.245361328125
20.480,310,1133,1537,314,-6.0,36.0,45.0,-20.446775436401367,-18.73779296875,6.713866710662842,-1.4627685546875,0.44384765625,0.4886474609375
20.480,310,1133,1529,314,-6.0,36.0,45.0,-2.746581792831421,-8.97216796875,12.512206077575684,-1.5360107421875,0.60205078125,0.32763671875
20.484,312,1125,1506,314,-6.0,36.0,45.0,14.282225608825684,1.2817381620407104,12.329100608825684,-1.5167236328125,0.7010498046875,0.1485595703125
20.497,310,1116,1468,314,-6.0,36.0,45.0,20.263669967651367,8.6669921875,6.591796398162842,-1.275634765625,0.53271484375,0.076416015625
20.506,310,1096,1437,314,-6.0,36.0,45.0,19.04296875,14.160155296325684,-1.4038084745407104,-0.9979248046875,0.325927734375,0.027099609375
20.515,310,1074,1409,313,-6.0,36.0,45.0,13.183592796325684,16.11328125,-5.554198741912842,-0.9324951171875,0.355712890625,-0.069580078125
20.548,310,1061,1409,313,-6.0,36.0,45.0,0.8544921278953552,12.329100608825684,-6.835937023162842,-1.14501953125,0.5888671875,-0.105224609375
20.549,296,1050,1399,314,-6.0,36.0,45.0,-12.329100608825684,6.042479991912842,-10.498045921325684,-1.14501953125,0.5888671875,-0.105224609375
20.549,310,1039,1377,312,-6.0,36.0,45.0,-24.719236373901367,-0.7324218153953552,-15.197752952575684,-1.4088134765625,0.6881103515625,0.0029296875
20.574,310,1008,1323,312,-6.0,38.0,44.0,-38.75732421875,-7.263183116912842,-16.845703125,-1.6805419921875,0.5577392578125,0.345703125
20.575,310,982,1282,314,-6.0,38.0,44.0,-47.485347747802734,-9.3994140625,-14.587401390075684,-1.6805419921875,0.5577392578125,0.345703125
20.575,290,957,1226,314,-6.0,38.0,44.0,-42.419429779052734,-4.08935546875,-7.812499523162842,-1.54443359375,0.3724365234375,0.4180908203125
20.588,310,895,1125,312,-6.0,38.0,44.0,-25.634763717651367,5.554198741912842,4.21142578125,-1.0364990234375,0.3289794921875,0.3575439453125
20.596,312,861,1069,312,-6.0,38.0,44.0,-6.347655773162842,15.014647483825684,17.7001953125,-1.0364990234375,0.3289794921875,0.3575439453125
20.604,310,823,1003,314,-6.0,38.0,44.0,8.72802734375,22.338865280151367,24.475095748901367,-0.7880859375,0.341552734375,0.2220458984375
20.620,310,784,912,312,-6.0,38.0,44.0,19.1650390625,27.770994186401367,21.423337936401367,-0.620849609375,0.489990234375,-0.140869140625
20.626,311,756,862,312,-6.0,38.0,44.0,21.972654342651367,30.822751998901367,12.207030296325684,-0.620849609375,0.489990234375,-0.140869140625
20.636,311,731,827,314,-6.0,38.0,44.0,13.305663108825684,29.602048873901367,0.6103515625,-0.679443359375,0.5303955078125,-0.2100830078125
20.658,310,694,749,312,-6.0,38.0,44.0,-3.967284917831421,24.353025436401367,-11.352538108825684,-0.76416015625,0.2425537109375,-0.124267578125
20.658,310,662,723,312,-7.0,35.0,47.0,-21.057126998901367,18.24951171875,-20.080564498901367,-0.7646484375,0.091796875,-0.064453125
20.668,310,640,685,312,-7.0,35.0,47.0,-31.127927780151367,13.488768577575684,-22.399900436401367,-0.7646484375,0.091796875,-0.064453125
20.683,309,599,644,310,-7.0,35.0,47.0,-24.414060592651367,8.97216796875,-13.732909202575684,-0.6707763671875,0.043701171875,-0.01025390625
20.686,308,578,622,312,-7.0,35.0,47.0,-24.414060592651367,8.97216796875,-13.732909202575684,-0.6263427734375,0.0726318359375,0.0250244140625
20.694,310,564,617,312,-7.0,35.0,47.0,-16.7236328125,7.080077648162842,-7.446288585662842,-0.6263427734375,0.0726318359375,0.0250244140625
20.708,309,553,613,312,-7.0,35.0,47.0,-16.11328125,1.0986328125,0.6713866591453552,-0.6041259765625,0.2103271484375,0.0743408203125
20.719,310,551,618,312,-7.0,35.0,47.0,-16.11328125,1.0986328125,0.6713866591453552,-0.627197265625,0.3436279296875,0.076416015625
20.724,310,548,617,312,-7.0,35.0,47.0,-16.4794921875,-1.0986328125,4.21142578125,-0.627197265625,0.3436279296875,0.076416015625
20.739,310,554,605,310,-7.0,35.0,47.0,-15.991209983825684,-3.601073980331421,8.97216796875,-0.689453125,0.5130615234375,0.1016845703125
20.781,309,558,618,311,-7.0,35.0,47.0,-15.991209983825684,-3.601073980331421,8.97216796875,-0.7069091796875,0.5020751953125,0.136962890625
20.781,310,567,622,310,-5.0,36.0,43.0,-16.90673828125,-3.417968511581421,9.6435546875,-0.7069091796875,0.5020751953125,0.136962890625
20.781,310,558,621,310,-5.0,36.0,43.0,-12.939452171325684,-0.1220703050494194,8.23974609375,-0.7076416015625,0.3427734375,0.221435546875
20.781,310,584,648,312,-5.0,36.0,43.0,-12.939452171325684,-0.1220703050494194,8.23974609375,-0.7193603515625,0.3055419921875,0.238037109375
20.784,310,589,660,312,-5.0,36.0,43.0,-6.286620616912842,0.2441406100988388,7.141112804412842,-0.7193603515625,0.3055419921875,0.238037109375
20.799,310,606,694,312,-5.0,36.0,43.0,8.85009765625,-2.929687261581421,4.69970703125,-0.72265625,0.3480224609375,0.1990966796875
20.806,309,620,714,311,-5.0,36.0,43.0,16.05224609375,-2.990722417831421,3.417968511581421,-0.7265625,0.3719482421875,0.1588134765625
20.817,308,636,736,312,-5.0,36.0,43.0,16.05224609375,-2.990722417831421,3.417968511581421,-0.728515625,0.370361328125,0.134765625
20.828,310,666,767,312,-5.0,36.0,43.0,24.475095748901367,-1.9531248807907104,2.990722417831421,-0.720947265625,0.3504638671875,0.12646484375
20.836,310,683,797,314,-5.0,36.0,43.0,26.123044967651367,-2.746581792831421,4.33349609375,-0.711669921875,0.33349609375,0.1143798828125
20.844,310,703,833,312,-5.0,36.0,43.0,26.123044967651367,-2.746581792831421,4.33349609375,-0.705810546875,0.3404541015625,0.092041015625
20.862,310,757,901,311,-7.0,34.0,44.0,33.203125,-6.713866710662842,8.60595703125,-0.735595703125,0.392578125,0.0428466796875
20.881,310,780,938,312,-7.0,34.0,44.0,35.888671875,-6.408690929412842,11.108397483825684,-0.8153076171875,0.47607421875,-0.029296875
20.881,299,790,973,312,-7.0,34.0,44.0,35.888671875,-6.408690929412842,11.108397483825684,-0.8421630859375,0.5048828125,-0.065185546875
20.888,311,867,1073,312,-7.0,34.0,44.0,24.169919967651367,0.30517578125,4.82177734375,-0.7418212890625,0.3819580078125,-0.048583984375
20.896,310,910,1125,312,-7.0,34.0,44.0,18.798828125,1.5869139432907104,-5.187987804412842,-0.6201171875,0.1351318359375,-0.0546875
20.903,310,943,1183,313,-7.0,34.0,44.0,18.798828125,1.5869139432907104,-5.187987804412842,-0.6002197265625,-0.0357666015625,-0.10400390625
20.917,309,994,1283,314,-7.0,34.0,44.0,37.04833984375,-12.084959983825684,-10.314940452575684,-0.7122802734375,0.0367431640625,-0.1627197265625
20.927,310,1012,1348,313,-7.0,34.0,44.0,41.076656341552734,-21.484373092651367,-3.356933355331421,-0.9111328125,0.290771484375,-0.2027587890625
20.934,312,1043,1392,313,-7.0,34.0,44.0,41.076656341552734,-21.484373092651367,-3.356933355331421,-1.099853515625,0.5106201171875,-0.165283203125
20.948,311,1076,1460,314,-7.0,35.0,44.0,1.15966796875,-28.808591842651367,-5.920409679412842,-1.2513427734375,0.6131591796875,-0.0325927734375
20.955,310,1092,1486,314,-7.0,35.0,44.0,-20.385740280151367,-28.198240280151367,-11.413573265075684,-1.3927001953125,0.680419921875,0.14111328125
20.964,310,1101,1508,314,-7.0,35.0,44.0,-33.26416015625,-26.794431686401367,-9.033203125,-1.51318359375,0.6676025390625,0.337646484375
20.986,310,1112,1523,313,-7.0,35.0,44.0,-38.02490234375,-23.986814498901367,0.2441406100988388,-1.5501708984375,0.5172119140625,0.5294189453125
20.987,311,1112,1514,312,-7.0,35.0,44.0,-29.602048873901367,-16.11328125,10.498045921325684,-1.4517822265625,0.352783203125,0.6005859375
20.994,311,1104,1490,313,-7.0,35.0,44.0,-5.554198741912842,-1.9531248807907104,16.78466796875,-1.247802734375,0.3192138671875,0.4549560546875
21.007,310,1085,1450,312,-7.0,35.0,44.0,23.071287155151367,14.282225608825684,16.78466796875,-1.0419921875,0.43896484375,0.131103515625
21.016,310,1055,1430,314,-7.0,35.0,44.0,36.376953125,24.719236373901367,10.314940452575684,-0.96044921875,0.6092529296875,-0.1900634765625
21.024,310,1039,1419,313,-7.0,35.0,44.0,23.376462936401367,23.803709030151367,-0.8544921278953552,-1.0064697265625,0.6688232421875,-0.3209228515625
21.039,311,1025,1409,312,-7.0,35.0,44.0,-4.8828125,14.526366233825684,-13.305663108825684,-1.1260986328125,0.599853515625,-0.2230224609375
21.046,311,1014,1386,312,-7.0,35.0,44.0,-29.235837936401367,3.662109136581421,-21.850584030151367,-1.3436279296875,0.576171875,-0.02001953125
21.058,310,998,1361,313,-4.0,36.0,44.0,-43.457027435302734,-4.94384765625,-22.583005905151367,-1.5811767578125,0.61328125,0.18017578125
21.087,310,966,1295,314,-4.0,36.0,44.0,-48.339839935302734,-8.1787109375,-17.39501953125,-1.6590576171875,0.576904296875,0.326416015625
21.088,289,943,1243,312,-4.0,36.0,44.0,-42.175289154052734,-3.967284917831421,-9.58251953125,-1.552978515625,0.5006103515625,0.3846435546875
21.095,310,884,1189,312,-4.0,36.0,44.0,-27.221677780151367,4.638671875,0.4882812201976776,-1.358642578125,0.4544677734375,0.3665771484375
21.098,311,848,1101,314,-4.0,36.0,44.0,-10.009765625,12.634276390075684,9.70458984375,-1.11181640625,0.3780517578125,0.332275390625
21.106,309,813,1056,313,-4.0,36.0,44.0,6.896972179412842,18.1884765625,13.000487327575684,-0.8497314453125,0.274658203125,0.26904296875
21.115,310,782,1008,312,-4.0,36.0,44.0,22.766111373901367,21.972654342651367,10.131834983825684,-0.646240234375,0.2589111328125,0.1175537109375
21.127,308,736,928,312,-4.0,36.0,44.0,33.87451171875,23.864744186401367,4.94384765625,-0.55322265625,0.35546875,-0.075439453125
21.136,310,714,886,314,-4.0,36.0,44.0,34.0576171875,22.094724655151367,-0.7934569716453552,-0.55908203125,0.4298095703125,-0.2274169921875
21.145,311,694,855,312,-4.0,36.0,44.0,21.118162155151367,17.51708984375,-7.751464366912842,-0.61962890625,0.4119873046875,-0.283447265625
21.161,310,658,799,312,-8.0,35.0,47.0,0.4882812201976776,11.657713890075684,-14.404295921325684,-0.701416015625,0.335205078125,-0.2105712890625
21.166,310,632,766,312,-8.0,35.0,47.0,-18.9208984375,5.0048828125,-19.04296875,-0.754638671875,0.19873046875,-0.08447265625
21.191,310,616,741,312,-8.0,35.0,47.0,-29.113767623901367,0.7324218153953552,-21.301267623901367,-0.7611083984375,0.0673828125,-0.0211181640625
21.191,310,563,695,295,-8.0,35.0,47.0,-29.113767623901367,-0.1220703050494194,-20.080564498901367,-0.74560546875,0.036865234375,0.00146484375
21.197,310,576,700,312,-8.0,35.0,47.0,-26.245115280151367,-1.5258787870407104,-15.380858421325684,-0.7236328125,0.100341796875,0.0465087890625
21.207,310,566,705,311,-8.0,35.0,47.0,-24.475095748901367,-4.5166015625,-9.58251953125,-0.6982421875,0.201416015625,0.0977783203125
21.218,310,552,712,311,-8.0,35.0,47.0,-21.728513717651367,-7.019042491912842,-4.5166015625,-0.680419921875,0.301025390625,0.1209716796875
21.226,310,548,705,310,-8.0,35.0,47.0,-16.845703125,-8.23974609375,-1.03759765625,-0.6737060546875,0.3759765625,0.1187744140625
21.235,310,551,712,313,-8.0,35.0,47.0,-11.535643577575684,-8.60595703125,0.7934569716453552,-0.670166015625,0.419921875,0.1160888671875
21.248,310,562,714,312,-3.0,37.0,47.0,-8.4228515625,-8.85009765625,1.5869139432907104,-0.67333984375,0.431640625,0.133056640625
21.263,310,578,726,313,-3.0,37.0,47.0,-8.11767578125,-8.6669921875,1.8920897245407104,-0.689453125,0.4185791015625,0.1683349609375
21.264,310,584,730,313,-3.0,37.0,47.0,-9.21630859375,-7.324218273162842,1.8920897245407104,-0.705810546875,0.378662109375,0.19921875
21.299,310,599,749,311,-3.0,37.0,47.0,-8.544921875,-4.8828125,1.6479490995407104,-0.6966552734375,0.277099609375,0.20849609375
21.300,310,607,758,312,-3.0,37.0,47.0,-3.662109136581421,-3.234863042831421,1.5258787870407104,-0.6966552734375,0.277099609375,0.20849609375
21.300,310,600,749,312,-3.0,37.0,47.0,4.8828125,-3.356933355331421,1.8310545682907104,-0.679931640625,0.276123046875,0.1871337890625
21.308,310,649,799,312,-3.0,37.0,47.0,14.343260765075684,-4.33349609375,2.3193359375,-0.664794921875,0.3172607421875,0.115234375
21.320,311,668,827,312,-3.0,37.0,47.0,20.935056686401367,-5.187987804412842,2.746581792831421,-0.664794921875,0.3172607421875,0.115234375
21.324,311,693,848,311,-3.0,37.0,47.0,22.521970748901367,-5.676269054412842,3.234863042831421,-0.626953125,0.31689453125,0.1051025390625
21.337,310,730,923,311,-3.0,37.0,47.0,20.507810592651367,-6.225585460662842,3.662109136581421,-0.47998046875,0.2449951171875,0.145751953125
21.346,310,765,1009,314,-5.0,37.0,46.0,19.47021484375,-7.019042491912842,3.234863042831421,-0.47998046875,0.2449951171875,0.145751953125
21.354,310,809,1087,314,-5.0,37.0,46.0,23.681638717651367,-8.23974609375,1.7089842557907104,-0.4437255859375,0.2545166015625,0.1456298828125
21.368,310,884,1219,312,-5.0,37.0,46.0,32.470703125,-9.33837890625,-0.3662109076976776,-0.67041015625,0.3626708984375,-0.0526123046875
21.381,311,933,1284,313,-5.0,37.0,46.0,39.24560546875,-8.056640625,-1.8310545682907104,-0.67041015625,0.3626708984375,-0.0526123046875
21.400,310,973,1349,312,-5.0,37.0,46.0,38.9404296875,-4.638671875,-5.065917491912842,-0.803466796875,0.219482421875,-0.12548828125
21.400,287,1039,1437,310,-5.0,37.0,46.0,34.36279296875,-2.746581792831421,-12.634276390075684,-0.8902587890625,0.2578125,-0.0458984375
21.406,310,1078,1484,314,-5.0,37.0,46.0,30.212400436401367,-4.45556640625,-19.6533203125,-0.8902587890625,0.2578125,-0.0458984375
21.417,310,1104,1523,313,-5.0,37.0,46.0,23.681638717651367,-9.1552734375,-22.705076217651367,-0.98486328125,0.455810546875,-0.0400390625
21.435,311,1146,1569,314,-5.0,37.0,46.0,0.7324218153953552,-19.22607421875,-24.841306686401367,-1.456298828125,0.6890869140625,-0.0601806640625
21.436,310,1162,1591,314,-5.0,37.0,46.0,0.7324218153953552,-19.22607421875,-24.841306686401367,-1.7916259765625,0.7435302734375,0.0294189453125
21.445,311,1176,1608,314,-5.0,34.0,49.0,-12.207030296325684,-23.315427780151367,-21.240232467651367,-1.7916259765625,0.7435302734375,0.0294189453125
21.458,310,1172,1609,312,-5.0,34.0,49.0,-26.306150436401367,-25.024412155151367,-8.60595703125,-1.8258056640625,0.29150390625,0.5662841796875
21.467,310,1157,1589,314,-5.0,34.0,49.0,-26.306150436401367,-25.024412155151367,-8.60595703125,-1.28369140625,0.0347900390625,0.677001953125
21.474,309,1148,1564,314,-5.0,34.0,49.0,-8.48388671875,-10.131834983825684,-2.990722417831421,-1.28369140625,0.0347900390625,0.677001953125
21.506,311,1122,1509,314,-5.0,34.0,49.0,45.166011810302734,28.869626998901367,4.2724609375,-0.820068359375,0.62109375,-0.1075439453125
21.506,293,1101,1490,297,-5.0,34.0,49.0,45.166011810302734,28.869626998901367,4.2724609375,-0.9873046875,0.8214111328125,-0.3902587890625
21.506,294,1064,1488,312,-5.0,34.0,49.0,33.02001953125,28.503416061401367,-1.6479490995407104,-0.9873046875,0.8214111328125,-0.3902587890625
21.518,311,1078,1468,313,-5.0,34.0,49.0,-32.71484375,3.845214605331421,-28.442380905151367,-1.4005126953125,0.46630859375,-0.046630859375
21.526,311,1062,1443,312,-5.0,34.0,49.0,-32.71484375,3.845214605331421,-28.442380905151367,-1.631591796875,0.42138671875,0.238525390625
21.534,310,1038,1409,314,-5.0,34.0,49.0,-48.828121185302734,-7.019042491912842,-28.381345748901367,-1.631591796875,0.42138671875,0.238525390625
21.554,310,992,1348,313,-6.0,35.0,47.0,-33.447265625,-2.197265625,-5.371093273162842,-1.6654052734375,0.3406982421875,0.440185546875
21.556,310,966,1289,312,-6.0,35.0,47.0,-33.447265625,-2.197265625,-5.371093273162842,-1.4622802734375,0.3277587890625,0.420654296875
21.577,310,931,1219,312,-6.0,35.0,47.0,-15.563963890075684,10.437010765075684,8.6669921875,-1.1907958984375,0.329345703125,0.3853759765625
21.578,295,861,1108,312,-6.0,35.0,47.0,10.070799827575684,28.381345748901367,29.357908248901367,-0.9012451171875,0.264892578125,0.3143310546875
21.608,310,826,1042,314,-6.0,35.0,47.0,21.972654342651367,32.5927734375,28.686521530151367,-0.6463623046875,0.2650146484375,0.146728515625
21.608,310,785,994,311,-6.0,35.0,47.0,21.972654342651367,32.5927734375,28.686521530151367,-0.5003662109375,0.4130859375,-0.0975341796875
21.608,310,749,894,289,-6.0,35.0,47.0,36.9873046875,32.71484375,10.559081077575684,-0.4896240234375,0.52392578125,-0.2801513671875
21.616,311,726,891,312,-6.0,35.0,47.0,21.118162155151367,26.611326217651367,-2.13623046875,-0.554443359375,0.4627685546875,-0.3243408203125
21.624,310,700,868,312,-6.0,35.0,47.0,21.118162155151367,26.611326217651367,-2.13623046875,-0.64306640625,0.3433837890625,-0.25390625
21.639,310,673,809,312,-6.0,35.0,47.0,-20.751951217651367,11.291502952575684,-19.287109375,-0.7186279296875,0.238037109375,-0.1600341796875
21.646,311,649,780,312,-6.0,37.0,48.0,-31.005857467651367,5.187987804412842,-21.301267623901367,-0.7564697265625,0.1304931640625,-0.0958251953125
21.658,310,635,756,312,-6.0,37.0,48.0,-31.005857467651367,5.187987804412842,-21.301267623901367,-0.7574462890625,0.0657958984375,-0.026123046875
21.672,310,616,742,312,-6.0,37.0,48.0,-26.794431686401367,-2.38037109375,-16.90673828125,-0.7421875,0.052734375,0.0501708984375
21.676,310,604,730,311,-6.0,37.0,48.0,-20.751951217651367,-5.187987804412842,-11.413573265075684,-0.7261962890625,0.0750732421875,0.1031494140625
21.714,310,594,710,312,-6.0,37.0,48.0,-20.751951217651367,-5.187987804412842,-11.413573265075684,-0.7037353515625,0.1417236328125,0.13232421875
21.715,296,585,683,312,-6.0,37.0,48.0,-9.58251953125,-8.85009765625,0.54931640625,-0.677978515625,0.240478515625,0.1376953125
21.715,310,588,688,298,-6.0,37.0,48.0,-5.737304210662842,-8.9111328125,5.249022960662842,-0.6668701171875,0.339111328125,0.126953125
21.715,310,592,703,312,-6.0,37.0,48.0,-5.065917491912842,-7.629394054412842,7.751464366912842,-0.6728515625,0.406982421875,0.1214599609375
21.728,310,601,713,310,-6.0,37.0,48.0,-7.141112804412842,-5.920409679412842,8.23974609375,-0.6826171875,0.41455078125,0.139404296875
21.736,310,608,722,312,-6.0,37.0,48.0,-10.009765625,-4.33349609375,7.812499523162842,-0.6861572265625,0.3548583984375,0.172119140625
21.744,310,616,741,310,-6.0,37.0,44.0,-9.94873046875,-3.112792730331421,7.385253429412842,-0.6890869140625,0.2803955078125,0.1925048828125
21.757,310,640,763,311,-6.0,37.0,44.0,-4.69970703125,-2.685546636581421,7.446288585662842,-0.698974609375,0.25146484375,0.1871337890625
21.778,311,662,777,312,-6.0,37.0,44.0,3.784179449081421,-3.051757574081421,7.812499523162842,-0.7122802734375,0.2684326171875,0.1552734375
21.778,310,676,785,312,-6.0,37.0,44.0,11.230467796325684,-3.662109136581421,8.23974609375,-0.7117919921875,0.2984619140625,0.1156005859375
21.807,310,708,835,312,-6.0,37.0,44.0,14.221190452575684,-3.967284917831421,8.544921875,-0.68212890625,0.3160400390625,0.091064453125
21.808,309,703,830,312,-6.0,37.0,44.0,13.793944358825684,-3.295898199081421,9.46044921875,-0.6468505859375,0.3194580078125,0.0855712890625
21.808,297,749,879,312,-6.0,37.0,44.0,12.939452171325684,-2.807616949081421,11.047362327575684,-0.6241455078125,0.30224609375,0.097412109375
21.818,312,799,989,314,-6.0,37.0,44.0,13.244627952575684,-4.150390625,12.329100608825684,-0.628662109375,0.2635498046875,0.10595703125
21.826,310,832,1029,312,-6.0,37.0,44.0,16.54052734375,-5.859374523162842,13.305663108825684,-0.734619140625,0.2528076171875,0.0675048828125
21.834,310,858,1101,310,-6.0,37.0,44.0,20.996091842651367,-5.676269054412842,13.854979515075684,-0.8880615234375,0.2640380859375,0.0067138671875
21.848,310,927,1204,312,-5.0,38.0,45.0,20.935056686401367,-2.807616949081421,11.352538108825684,-0.904296875,0.224853515625,-0.0032958984375
21.856,310,953,1258,312,-5.0,38.0,45.0,15.747069358825684,2.01416015625,5.554198741912842,-0.7774658203125,0.1593017578125,0.010986328125
21.864,310,981,1313,314,-5.0,38.0,45.0,12.084959983825684,4.94384765625,1.15966796875,-0.6387939453125,0.1279296875,0.015380859375
21.885,310,1025,1393,313,-5.0,38.0,45.0,14.709471702575684,2.3193359375,1.7089842557907104,-0.613525390625,0.17724609375,-0.0057373046875
21.886,311,1055,1428,312,-5.0,38.0,45.0,19.6533203125,-3.967284917831421,5.920409679412842,-0.7730712890625,0.3526611328125,-0.083740234375
21.894,310,1081,1471,312,-5.0,38.0,45.0,16.78466796875,-10.620116233825684,8.056640625,-1.044677734375,0.56591796875,-0.1468505859375
21.909,310,1125,1527,314,-5.0,38.0,45.0,4.5166015625,-15.991209983825684,4.150390625,-1.3250732421875,0.745361328125,-0.145751953125
21.923,310,1133,1552,313,-5.0,38.0,45.0,-11.352538108825684,-19.287109375,-2.50244140625,-1.544677734375,0.834716796875,-0.0250244140625
21.924,312,1148,1568,314,-5.0,38.0,45.0,-25.817869186401367,-20.263669967651367,-6.530761241912842,-1.6549072265625,0.7052001953125,0.2376708984375
21.938,310,1153,1553,312,-5.0,38.0,45.0,-31.188962936401367,-17.2119140625,-4.82177734375,-1.6373291015625,0.4212646484375,0.517822265625
21.946,310,1148,1519,313,-5.0,37.0,42.0,-21.179197311401367,-8.48388671875,3.112792730331421,-1.47314453125,0.2266845703125,0.6256103515625
21.954,311,1139,1499,314,-5.0,37.0,42.0,2.3193359375,5.371093273162842,12.939452171325684,-1.18017578125,0.230712890625,0.423095703125
21.968,310,1118,1460,313,-5.0,37.0,42.0,28.320310592651367,19.1650390625,17.822265625,-0.949951171875,0.419677734375,0.01416015625
21.980,310,1094,1450,312,-5.0,37.0,42.0,37.78076171875,24.047849655151367,13.854979515075684,-0.938232421875,0.6444091796875,-0.31494140625
21.984,311,1083,1452,313,-5.0,37.0,42.0,21.484373092651367,16.78466796875,2.25830078125,-1.03076171875,0.666259765625,-0.354248046875
22.010,311,1074,1432,314,-5.0,37.0,42.0,-6.103515148162842,4.5166015625,-11.413573265075684,-1.159423828125,0.537841796875,-0.1688232421875
22.010,310,1064,1422,312,-5.0,37.0,42.0,-27.038572311401367,-5.676269054412842,-19.1650390625,-1.373046875,0.494140625,0.0599365234375
22.014,310,1039,1399,313,-5.0,37.0,42.0,-37.7197265625,-11.291502952575684,-17.9443359375,-1.579345703125,0.531494140625,0.2593994140625
22.029,311,1000,1340,312,-5.0,37.0,42.0,-38.6962890625,-10.498045921325684,-11.230467796325684,-1.5201416015625,0.42236328125,0.410400390625
22.036,310,973,1294,313,-5.0,37.0,42.0,-29.541013717651367,-2.3193359375,-2.807616949081421,-1.5201416015625,0.42236328125,0.410400390625
22.044,310,939,1232,314,-6.0,34.0,45.0,-13.061522483825684,8.60595703125,7.080077648162842,-1.3150634765625,0.404296875,0.375
22.058,310,878,1147,312,-6.0,34.0,45.0,3.906249761581421,17.2119140625,15.441893577575684,-0.81396484375,0.3037109375,0.18603515625
22.067,310,846,1091,313,-6.0,34.0,45.0,17.7001953125,23.010251998901367,18.00537109375,-0.81396484375,0.3037109375,0.18603515625
22.074,310,818,1050,312,-6.0,34.0,45.0,28.991697311401367,26.367185592651367,14.709471702575684,-0.641845703125,0.3289794921875,-0.0020751953125
22.088,310,782,987,313,-6.0,34.0,45.0,34.24072265625,26.184080123901367,8.1787109375,-0.6279296875,0.4991455078125,-0.2391357421875
22.096,310,763,960,312,-6.0,34.0,45.0,26.672361373901367,21.667478561401367,-0.4882812201976776,-0.6279296875,0.4991455078125,-0.2391357421875
22.115,311,744,933,311,-6.0,34.0,45.0,6.530761241912842,15.502928733825684,-10.742186546325684,-0.6871337890625,0.4417724609375,-0.2149658203125
22.118,310,710,864,312,-6.0,34.0,45.0,-15.686034202575684,11.047362327575684,-19.8974609375,-0.7984619140625,0.296630859375,-0.092041015625
22.126,310,685,840,313,-6.0,34.0,45.0,-31.066892623901367,7.629394054412842,-24.658201217651367,-0.7984619140625,0.296630859375,-0.092041015625
22.136,310,673,823,314,-6.0,34.0,45.0,-37.841796875,3.234863042831421,-25.207517623901367,-0.80810546875,0.20263671875,-0.0115966796875
22.148,310,648,777,312,-6.0,36.0,39.0,-36.0107421875,-1.2817381620407104,-23.376462936401367,-0.742431640625,0.0068359375,0.0948486328125
22.156,310,631,756,314,-6.0,36.0,39.0,-26.062009811401367,-3.662109136581421,-19.95849609375,-0.742431640625,0.0068359375,0.0948486328125
22.164,310,620,749,313,-6.0,36.0,39.0,-13.977049827575684,-4.5166015625,-14.892577171325684,-0.720703125,0.0279541015625,0.1038818359375
22.184,310,608,745,311,-6.0,36.0,39.0,-5.615233898162842,-5.615233898162842,-8.7890625,-0.673828125,0.253173828125,0.0814208984375
22.186,310,601,750,312,-6.0,36.0,39.0,-2.13623046875,-7.019042491912842,-2.990722417831421,-0.6588134765625,0.354736328125,0.0748291015625
22.194,310,601,749,312,-6.0,36.0,39.0,-2.197265625,-7.507323741912842,1.5258787870407104,-0.6588134765625,0.354736328125,0.0748291015625
22.212,309,608,763,312,-6.0,36.0,39.0,-7.995604991912842,-4.8828125,4.57763671875,-0.6689453125,0.4130859375,0.1258544921875
22.221,310,617,770,311,-6.0,36.0,39.0,-7.995604991912842,-4.8828125,4.57763671875,-0.6751708984375,0.362548828125,0.16796875
22.224,311,628,778,312,-6.0,36.0,39.0,-10.498045921325684,-3.662109136581421,4.2724609375,-0.6751708984375,0.362548828125,0.16796875
22.244,310,645,790,312,-5.0,37.0,45.0,-4.45556640625,-2.868652105331421,4.69970703125,-0.71337890625,0.2786865234375,0.1942138671875
22.246,310,664,794,313,-5.0,37.0,45.0,-4.45556640625,-2.868652105331421,4.69970703125,-0.735595703125,0.2967529296875,0.179931640625
22.256,310,678,810,314,-5.0,37.0,45.0,2.807616949081421,-3.234863042831421,5.249022960662842,-0.735595703125,0.2967529296875,0.179931640625
22.268,311,705,827,312,-5.0,37.0,45.0,13.061522483825684,-2.929687261581421,5.310058116912842,-0.7095947265625,0.333251953125,0.1380615234375
22.276,310,718,853,312,-5.0,37.0,45.0,13.061522483825684,-2.929687261581421,5.310058116912842,-0.6591796875,0.3133544921875,0.1319580078125
22.287,310,740,875,313,-5.0,37.0,45.0,16.4794921875,-1.8310545682907104,5.432128429412842,-0.6591796875,0.3133544921875,0.1319580078125
22.306,310,790,981,312,-5.0,37.0,45.0,26.428220748901367,-2.929687261581421,7.324218273162842,-0.57861328125,0.24609375,0.1380615234375
22.312,310,822,1029,312,-5.0,37.0,45.0,26.428220748901367,-2.929687261581421,7.324218273162842,-0.6400146484375,0.287109375,0.0797119140625
22.314,310,864,1098,312,-5.0,37.0,45.0,32.28759765625,-3.906249761581421,8.48388671875,-0.772705078125,0.33056640625,-0.032470703125
22.334,311,932,1204,312,-5.0,37.0,45.0,33.8134765625,-0.1831054538488388,8.9111328125,-0.76708984375,0.191162109375,-0.0631103515625
22.336,311,963,1275,310,-5.0,37.0,45.0,29.418943405151367,1.2817381620407104,2.807616949081421,-0.5806884765625,-0.0526123046875,-0.00537109375
22.360,311,994,1323,314,-7.0,35.0,49.0,29.418943405151367,1.2817381620407104,2.807616949081421,-0.42919921875,-0.0941162109375,-0.0115966796875
22.361,312,1050,1400,312,-7.0,35.0,49.0,37.78076171875,-3.234863042831421,-8.9111328125,-0.474609375,0.211181640625,-0.134033203125
22.366,311,1087,1447,312,-7.0,35.0,49.0,38.4521484375,-10.986327171325684,-14.282225608825684,-0.7493896484375,0.6597900390625,-0.3211669921875
22.374,310,1117,1488,314,-7.0,35.0,49.0,38.4521484375,-10.986327171325684,-14.282225608825684,-1.1671142578125,0.9237060546875,-0.4002685546875
22.389,310,1162,1553,312,-7.0,35.0,49.0,-2.3193359375,-32.2265625,-30.639646530151367,-1.584228515625,0.9222412109375,-0.2235107421875
22.396,310,1183,1583,314,-7.0,35.0,49.0,-29.602048873901367,-41.259761810302734,-34.5458984375,-1.8785400390625,0.7303466796875,0.173828125
22.417,312,1191,1600,314,-7.0,35.0,49.0,-29.602048873901367,-41.259761810302734,-34.5458984375,-1.98193359375,0.43115234375,0.58056640625
22.418,311,1162,1585,313,-7.0,35.0,49.0,-33.8134765625,-31.005857467651367,-26.000974655151367,-1.872802734375,0.196044921875,0.7418212890625
22.426,311,1151,1555,313,-7.0,35.0,49.0,-5.981444835662842,-6.591796398162842,-12.634276390075684,-1.4561767578125,0.0421142578125,0.6204833984375
22.434,312,1137,1516,312,-7.0,35.0,49.0,-5.981444835662842,-6.591796398162842,-12.634276390075684,-0.958984375,0.059326171875,0.2984619140625
22.454,311,1109,1469,312,-6.0,34.0,47.0,33.935546875,33.75244140625,18.310546875,-0.812255859375,0.375244140625,-0.0889892578125
22.456,310,1101,1470,313,-6.0,34.0,47.0,19.4091796875,30.151365280151367,21.545408248901367,-0.9775390625,0.6810302734375,-0.3411865234375
22.464,312,1098,1464,312,-6.0,34.0,47.0,19.4091796875,30.151365280151367,21.545408248901367,-1.2401123046875,0.759033203125,-0.356689453125
22.478,311,1078,1444,312,-6.0,34.0,47.0,-32.2265625,1.4038084745407104,-4.5166015625,-1.4996337890625,0.686767578125,-0.1512451171875
22.492,310,1056,1422,313,-6.0,34.0,47.0,-48.034664154052734,-10.375975608825684,-13.916014671325684,-1.6522216796875,0.538818359375,0.1614990234375
22.494,310,1031,1395,314,-6.0,34.0,47.0,-49.804683685302734,-14.221190452575684,-13.427733421325684,-1.659423828125,0.3978271484375,0.3917236328125
22.519,310,984,1344,313,-6.0,34.0,47.0,-35.82763671875,-8.30078125,-5.981444835662842,-1.551025390625,0.3280029296875,0.4571533203125
22.520,309,947,1282,312,-6.0,34.0,47.0,-12.512206077575684,2.50244140625,3.845214605331421,-1.3475341796875,0.3409423828125,0.4359130859375
22.525,310,913,1226,314,-6.0,34.0,47.0,9.033203125,12.512206077575684,12.878417015075684,-1.0916748046875,0.351806640625,0.3525390625
22.538,310,854,1122,312,-5.0,36.0,44.0,21.545408248901367,20.141599655151367,18.6767578125,-0.8355712890625,0.3070068359375,0.2098388671875
22.546,310,819,1091,312,-5.0,36.0,44.0,26.367185592651367,25.268552780151367,19.47021484375,-0.645751953125,0.311279296875,0.0283203125
22.567,311,796,1043,312,-5.0,36.0,44.0,24.841306686401367,27.160642623901367,15.136717796325684,-0.5828857421875,0.3990478515625,-0.1468505859375
22.568,310,756,935,297,-5.0,36.0,44.0,14.282225608825684,24.658201217651367,7.202147960662842,-0.6173095703125,0.44970703125,-0.2344970703125
22.576,310,728,933,314,-5.0,36.0,44.0,-3.601073980331421,19.22607421875,-2.197265625,-0.6810302734375,0.401611328125,-0.2447509765625
22.584,310,705,893,312,-5.0,36.0,44.0,-21.179197311401367,13.793944358825684,-10.192870140075684,-0.7412109375,0.3284912109375,-0.1982421875
22.598,309,666,818,312,-5.0,36.0,44.0,-32.8369140625,8.48388671875,-14.160155296325684,-0.7769775390625,0.2542724609375,-0.086181640625
22.613,310,652,784,312,-5.0,36.0,44.0,-38.2080078125,3.295898199081421,-15.014647483825684,-0.7686767578125,0.12353515625,0.041748046875
22.622,310,634,773,313,-5.0,36.0,44.0,-35.888671875,0.7934569716453552,-14.160155296325684,-0.7359619140625,-0.009033203125,0.1260986328125
22.628,309,607,745,312,-5.0,36.0,44.0,-26.062009811401367,1.7089842557907104,-10.864256858825684,-0.7152099609375,-0.0501708984375,0.153564453125
22.636,310,592,741,311,-2.0,36.0,47.0,-15.747069358825684,3.234863042831421,-5.0048828125,-0.692138671875,0.0072021484375,0.146728515625
22.644,311,579,732,314,-2.0,36.0,47.0,-9.70458984375,3.662109136581421,1.9531248807907104,-0.663330078125,0.12548828125,0.1248779296875
22.658,310,572,725,312,-2.0,36.0,47.0,-7.080077648162842,3.051757574081421,8.48388671875,-0.6556396484375,0.272216796875,0.0921630859375
22.668,310,572,723,312,-2.0,36.0,47.0,-7.263183116912842,1.9531248807907104,12.756346702575684,-0.6666259765625,0.4005126953125,0.062255859375
22.678,311,577,725,312,-2.0,36.0,47.0,-10.131834983825684,1.220703125,13.671874046325684,-0.690185546875,0.467041015625,0.0517578125
22.688,311,586,728,312,-2.0,36.0,47.0,-14.282225608825684,0.8544921278953552,12.207030296325684,-0.7232666015625,0.476318359375,0.072021484375
22.697,310,589,728,312,-2.0,36.0,47.0,-17.51708984375,0.3662109076976776,10.375975608825684,-0.745849609375,0.44091796875,0.1123046875
22.705,312,594,730,312,-2.0,36.0,47.0,-17.08984375,0.3662109076976776,8.9111328125,-0.74609375,0.3651123046875,0.1524658203125
22.742,311,607,754,311,-2.0,36.0,47.0,-11.474608421325684,0.7934569716453552,7.507323741912842,-0.7353515625,0.2939453125,0.182373046875
22.747,310,616,764,314,-2.0,36.0,47.0,-1.03759765625,0.7324218153953552,5.798339366912842,-0.7276611328125,0.2694091796875,0.1875
22.747,311,629,777,312,-5.0,37.0,43.0,10.437010765075684,-0.2441406100988388,4.0283203125,-0.7330322265625,0.2861328125,0.1593017578125
22.747,310,648,796,312,-5.0,37.0,43.0,18.06640625,-1.6479490995407104,3.173827886581421,-0.7508544921875,0.3287353515625,0.10986328125
22.762,310,664,814,311,-5.0,37.0,43.0,19.53125,-3.051757574081421,3.967284917831421,-0.773681640625,0.3702392578125,0.060302734375
22.769,310,676,833,312,-5.0,37.0,43.0,15.991209983825684,-4.5166015625,6.225585460662842,-0.786376953125,0.37451171875,0.0311279296875
22.786,310,713,878,312,-5.0,37.0,43.0,10.498045921325684,-5.493163585662842,8.97216796875,-0.771728515625,0.33544921875,0.0220947265625
22.786,310,745,921,312,-5.0,37.0,43.0,7.385253429412842,-5.432128429412842,11.840819358825684,-0.70556640625,0.275390625,0.0433349609375
22.801,310,778,966,312,-5.0,37.0,43.0,9.58251953125,-5.432128429412842,14.404295921325684,-0.6007080078125,0.2125244140625,0.0897216796875
22.808,310,835,1087,312,-5.0,37.0,43.0,16.7236328125,-6.164550304412842,16.41845703125,-0.58642578125,0.276123046875,0.0726318359375
22.829,310,874,1146,312,-5.0,37.0,43.0,25.878904342651367,-7.019042491912842,18.310546875,-0.58642578125,0.276123046875,0.0726318359375
22.829,312,917,1225,314,-5.0,37.0,43.0,31.494138717651367,-6.958007335662842,16.41845703125,-0.6156005859375,0.277587890625,0.0440673828125
22.838,311,980,1318,312,-7.0,38.0,48.0,32.28759765625,-4.5166015625,7.568358898162842,-0.617431640625,0.1395263671875,-0.0770263671875
22.846,310,1014,1379,314,-7.0,38.0,48.0,32.470703125,-1.4038084745407104,-2.197265625,-0.617431640625,0.1395263671875,-0.0770263671875
22.854,311,1042,1424,312,-7.0,38.0,48.0,32.28759765625,-2.685546636581421,-6.103515148162842,-0.6546630859375,0.1668701171875,-0.089111328125
22.868,311,1103,1504,312,-7.0,38.0,48.0,28.686521530151367,-8.1787109375,-4.82177734375,-1.032958984375,0.4207763671875,-0.034423828125
22.882,311,1130,1541,314,-7.0,38.0,48.0,18.310546875,-13.732909202575684,-2.13623046875,-1.032958984375,0.4207763671875,-0.034423828125
22.884,310,1148,1578,314,-7.0,38.0,48.0,2.624511480331421,-16.66259765625,-1.2817381620407104,-1.3951416015625,0.7230224609375,-0.0302734375
22.904,311,1173,1602,312,-7.0,38.0,48.0,-15.686034202575684,-17.4560546875,-1.8310545682907104,-2.0780029296875,0.8778076171875,0.1842041015625
22.906,310,1162,1591,313,-7.0,38.0,48.0,-34.97314453125,-18.49365234375,-1.5869139432907104,-2.0780029296875,0.8778076171875,0.1842041015625
22.926,310,1157,1569,314,-7.0,38.0,48.0,-45.410152435302734,-17.88330078125,2.0751953125,-1.9893798828125,0.488037109375,0.550537109375
22.931,310,1138,1514,314,-7.0,38.0,48.0,-33.69140625,-7.812499523162842,7.934569835662842,-0.9093017578125,0.0810546875,0.4432373046875
22.936,311,1112,1483,313,-8.0,35.0,45.0,6.286620616912842,13.488768577575684,12.573241233825684,-0.8182373046875,0.5684814453125,-0.1611328125
22.944,310,1096,1470,314,-8.0,35.0,45.0,49.072261810302734,30.395505905151367,13.793944358825684,-0.8182373046875,0.5684814453125,-0.1611328125
22.958,311,1085,1463,312,-8.0,35.0,45.0,24.719236373901367,14.892577171325684,-9.765625,-1.212158203125,0.7459716796875,-0.4390869140625
22.966,310,1078,1452,312,-8.0,35.0,45.0,24.719236373901367,14.892577171325684,-9.765625,-1.4969482421875,0.569091796875,-0.1087646484375
22.974,311,1065,1434,314,-8.0,35.0,45.0,-16.78466796875,-1.4648436307907104,-22.155759811401367,-1.4969482421875,0.569091796875,-0.1087646484375
22.988,311,1029,1383,313,-8.0,35.0,45.0,-48.889156341552734,-14.587401390075684,-15.075682640075684,-1.73193359375,0.434326171875,0.45361328125
22.996,311,992,1338,314,-8.0,35.0,45.0,-48.889156341552734,-14.587401390075684,-15.075682640075684,-1.6123046875,0.395263671875,0.4725341796875
23.010,310,966,1279,313,-8.0,35.0,45.0,-35.400390625,-4.45556640625,-3.234863042831421,-1.6123046875,0.395263671875,0.4725341796875
23.032,311,889,1173,314,-8.0,35.0,45.0,5.737304210662842,19.59228515625,18.61572265625,-1.1212158203125,0.4232177734375,0.32568359375
23.033,311,853,1122,312,-8.0,35.0,45.0,5.737304210662842,19.59228515625,18.61572265625,-0.84228515625,0.373291015625,0.1873779296875
23.034,289,819,1067,310,-7.0,37.0,46.0,18.6767578125,25.390623092651367,22.094724655151367,-0.84228515625,0.373291015625,0.1873779296875
23.048,310,772,959,311,-7.0,37.0,46.0,35.888671875,27.770994186401367,10.498045921325684,-0.5479736328125,0.4454345703125,-0.174560546875
23.056,312,740,935,312,-7.0,37.0,46.0,35.888671875,27.770994186401367,10.498045921325684,-0.552001953125,0.445556640625,-0.261962890625
23.064,310,718,895,312,-7.0,37.0,46.0,31.616209030151367,23.071287155151367,0.1220703050494194,-0.552001953125,0.445556640625,-0.261962890625
23.078,310,685,835,312,-7.0,37.0,46.0,2.50244140625,8.11767578125,-20.080564498901367,-0.6534423828125,0.2132568359375,-0.208251953125
23.086,310,662,796,312,-7.0,37.0,46.0,2.50244140625,8.11767578125,-20.080564498901367,-0.709228515625,0.1341552734375,-0.1787109375
23.094,310,639,777,312,-7.0,37.0,46.0,-7.812499523162842,1.8920897245407104,-25.268552780151367,-0.7222900390625,0.1239013671875,-0.12890625
23.108,311,607,742,311,-7.0,37.0,46.0,-17.76123046875,-7.690429210662842,-25.573728561401367,-0.696533203125,0.1317138671875,-0.0321044921875
23.134,310,600,728,312,-7.0,37.0,46.0,-19.95849609375,-12.878417015075684,-22.277830123901367,-0.6656494140625,0.1082763671875,0.0560302734375
23.135,310,585,725,310,-7.0,37.0,46.0,-19.95849609375,-12.878417015075684,-22.277830123901367,-0.6435546875,0.119140625,0.1112060546875
23.138,310,562,718,312,-6.0,37.0,44.0,-14.587401390075684,-17.08984375,-13.793944358825684,-0.6224365234375,0.211181640625,0.13623046875
23.146,310,561,725,311,-6.0,37.0,44.0,-10.192870140075684,-15.808104515075684,-8.9111328125,-0.6082763671875,0.327392578125,0.135498046875
23.154,310,563,728,312,-6.0,37.0,44.0,-10.192870140075684,-15.808104515075684,-8.9111328125,-0.610595703125,0.40966796875,0.133544921875
23.168,310,575,741,312,-6.0,37.0,44.0,-11.291502952575684,-12.756346702575684,-2.624511480331421,-0.627197265625,0.442626953125,0.1605224609375
23.177,311,588,750,311,-6.0,37.0,44.0,-13.305663108825684,-11.596678733825684,-1.7700194120407104,-0.6439208984375,0.40625,0.204345703125
23.184,310,603,756,312,-6.0,37.0,44.0,-13.305663108825684,-11.596678733825684,-1.7700194120407104,-0.659912109375,0.3316650390625,0.2266845703125
23.200,309,622,778,312,-6.0,37.0,44.0,-7.141112804412842,-3.967284917831421,-1.9531248807907104,-0.6788330078125,0.2816162109375,0.2137451171875
23.208,310,639,782,312,-6.0,37.0,44.0,-0.0610351525247097,-0.4272460639476776,-0.3662109076976776,-0.685302734375,0.2598876953125,0.1923828125
23.214,310,657,805,312,-6.0,37.0,44.0,-0.0610351525247097,-0.4272460639476776,-0.3662109076976776,-0.6826171875,0.2618408203125,0.1800537109375
23.243,310,689,827,312,-6.0,37.0,44.0,10.498045921325684,1.5258787870407104,6.530761241912842,-0.679443359375,0.28515625,0.1729736328125
23.243,310,711,837,312,-7.0,37.0,45.0,11.535643577575684,1.4038084745407104,10.681151390075684,-0.66015625,0.2916259765625,0.1658935546875
23.244,311,739,840,310,-7.0,37.0,45.0,12.695311546325684,0.8544921278953552,13.427733421325684,-0.6241455078125,0.2650146484375,0.1602783203125
23.258,311,799,963,312,-7.0,37.0,45.0,17.76123046875,-0.1831054538488388,14.404295921325684,-0.6124267578125,0.2523193359375,0.1474609375
23.266,310,837,1013,313,-7.0,37.0,45.0,25.878904342651367,-0.6103515625,14.892577171325684,-0.7049560546875,0.3270263671875,0.0667724609375
23.274,310,873,1074,314,-7.0,37.0,45.0,30.761716842651367,1.3427733182907104,14.953612327575684,-0.867919921875,0.35693359375,-0.06640625
23.288,310,943,1163,312,-7.0,37.0,45.0,28.442380905151367,4.8828125,11.657713890075684,-0.926025390625,0.2113037109375,-0.121337890625
23.296,310,968,1236,312,-7.0,37.0,45.0,22.521970748901367,7.202147960662842,5.126952648162842,-0.8173828125,0.0675048828125,-0.0887451171875
23.315,310,996,1292,313,-7.0,37.0,45.0,18.24951171875,6.774901866912842,-0.0610351525247097,-0.673095703125,0.046875,-0.0751953125
23.317,312,1043,1386,313,-7.0,37.0,45.0,18.4326171875,2.197265625,-1.7700194120407104,-0.6231689453125,0.1126708984375,-0.102783203125
23.347,312,1076,1422,313,-7.0,37.0,45.0,23.071287155151367,-5.737304210662842,-0.7934569716453552,-0.75341796875,0.3297119140625,-0.18505859375
23.350,310,1101,1471,314,-6.0,36.0,45.0,22.888181686401367,-14.404295921325684,-0.54931640625,-1.0433349609375,0.6634521484375,-0.242431640625
23.350,309,1137,1528,314,-6.0,36.0,45.0,6.652831554412842,-21.484373092651367,-5.0048828125,-1.37451171875,0.892822265625,-0.1732177734375
23.356,311,1148,1544,314,-6.0,36.0,45.0,-21.545408248901367,-24.414060592651367,-11.840819358825684,-1.664306640625,0.8819580078125,0.0472412109375
23.364,311,1157,1559,313,-6.0,36.0,45.0,-45.959468841552734,-23.681638717651367,-13.488768577575684,-1.8427734375,0.64208984375,0.3773193359375
23.379,312,1146,1528,312,-6.0,36.0,45.0,-51.147457122802734,-18.85986328125,-6.103515148162842,-1.7994384765625,0.30029296875,0.683349609375
23.386,311,1136,1506,312,-6.0,36.0,45.0,-28.320310592651367,-5.615233898162842,5.798339366912842,-1.41748046875,0.0552978515625,0.7613525390625
23.394,312,1120,1474,314,-6.0,36.0,45.0,17.822265625,15.624999046325684,14.404295921325684,-0.9615478515625,0.1461181640625,0.4346923828125
23.421,310,1092,1444,314,-6.0,36.0,45.0,60.668941497802734,33.14208984375,15.319823265075684,-0.823974609375,0.552001953125,-0.1044921875
23.421,312,1086,1435,314,-6.0,36.0,45.0,66.0400390625,34.7900390625,6.774901866912842,-0.9627685546875,0.802001953125,-0.448974609375
23.427,311,1078,1430,313,-6.0,36.0,45.0,32.16552734375,22.766111373901367,-8.30078125,-1.204345703125,0.7095947265625,-0.4366455078125
23.441,310,1051,1401,313,-7.0,33.0,46.0,-12.634276390075684,6.591796398162842,-19.53125,-1.453369140625,0.5382080078125,-0.1783447265625
23.446,310,1029,1380,314,-7.0,33.0,46.0,-43.273921966552734,-6.164550304412842,-20.324705123901367,-1.6077880859375,0.4361572265625,0.14794921875
23.461,310,1003,1338,314,-7.0,33.0,46.0,-49.804683685302734,-10.131834983825684,-12.512206077575684,-1.626953125,0.4024658203125,0.3642578125
23.468,312,954,1260,312,-7.0,33.0,46.0,-36.31591796875,-4.21142578125,-0.6103515625,-1.55029296875,0.4322509765625,0.413330078125
23.476,310,917,1211,313,-7.0,33.0,46.0,-15.747069358825684,6.164550304412842,10.925292015075684,-1.4130859375,0.46435546875,0.3560791015625
23.485,310,873,1153,314,-7.0,33.0,46.0,0.6103515625,15.624999046325684,18.06640625,-1.2039794921875,0.4083251953125,0.262939453125
23.498,310,822,1054,311,-7.0,33.0,46.0,11.962889671325684,22.216794967651367,19.71435546875,-0.945068359375,0.3321533203125,0.15869140625
23.506,310,794,1008,312,-7.0,33.0,46.0,20.446775436401367,25.024412155151367,17.02880859375,-0.7169189453125,0.3460693359375,0.0279541015625
23.524,311,766,958,313,-7.0,33.0,46.0,24.047849655151367,24.291990280151367,10.986327171325684,-0.5869140625,0.412353515625,-0.102783203125
23.544,309,724,904,312,-9.0,39.0,45.0,19.8974609375,20.812986373901367,1.5258787870407104,-0.5452880859375,0.4063720703125,-0.1998291015625
23.545,311,698,873,313,-9.0,39.0,45.0,10.131834983825684,16.2353515625,-9.46044921875,-0.563720703125,0.3128662109375,-0.2298583984375
23.545,294,678,853,312,-9.0,39.0,45.0,0.4882812201976776,10.559081077575684,-17.822265625,-0.6168212890625,0.1927490234375,-0.1806640625
23.564,310,644,809,312,-9.0,39.0,45.0,-7.141112804412842,4.0283203125,-21.301267623901367,-0.6822509765625,0.0728759765625,-0.0821533203125
23.567,310,632,799,312,-9.0,39.0,45.0,-12.756346702575684,-0.8544921278953552,-20.080564498901367,-0.6822509765625,0.0728759765625,-0.0821533203125
23.575,310,614,785,312,-9.0,39.0,45.0,-17.7001953125,-4.0283203125,-15.930174827575684,-0.6937255859375,0.1104736328125,-0.0350341796875
23.591,310,608,767,312,-9.0,39.0,45.0,-23.559568405151367,-6.469726085662842,-11.169432640075684,-0.6900634765625,0.205322265625,0.046630859375
23.598,310,599,763,312,-9.0,39.0,45.0,-28.259275436401367,-7.934569835662842,-6.713866710662842,-0.6900634765625,0.205322265625,0.046630859375
23.608,311,599,756,312,-9.0,39.0,45.0,-28.686521530151367,-8.544921875,-2.3193359375,-0.6749267578125,0.2943115234375,0.079345703125
23.618,310,604,757,312,-9.0,39.0,45.0,-25.817869186401367,-8.60595703125,1.4648436307907104,-0.65966796875,0.4415283203125,0.153076171875
23.626,309,607,763,312,-9.0,39.0,45.0,-22.521970748901367,-8.11767578125,3.540038824081421,-0.65966796875,0.4415283203125,0.153076171875
23.645,310,607,766,312,-6.0,33.0,40.0,-19.53125,-7.080077648162842,3.845214605331421,-0.6732177734375,0.4456787109375,0.194091796875
23.648,310,629,780,310,-6.0,33.0,40.0,-16.66259765625,-5.310058116912842,3.112792730331421,-0.682861328125,0.3115234375,0.2041015625
23.656,310,642,786,312,-6.0,33.0,40.0,-12.939452171325684,-2.746581792831421,2.13623046875,-0.682861328125,0.3115234375,0.2041015625
23.664,310,654,796,312,-6.0,33.0,40.0,-8.48388671875,-0.6713866591453552,1.8310545682907104,-0.6800537109375,0.272216796875,0.1517333984375
23.678,310,688,818,310,-6.0,33.0,40.0,-5.249022960662842,-0.54931640625,2.38037109375,-0.6888427734375,0.361328125,0.045654296875
23.687,310,705,832,312,-6.0,33.0,40.0,-3.967284917831421,-2.624511480331421,2.990722417831421,-0.6888427734375,0.361328125,0.045654296875
23.694,309,722,846,312,-6.0,33.0,40.0,-4.57763671875,-5.065917491912842,3.356933355331421,-0.697265625,0.4012451171875,0.0291748046875
23.708,311,756,891,312,-6.0,33.0,40.0,-6.958007335662842,-6.469726085662842,3.479003667831421,-0.6280517578125,0.2899169921875,0.041015625
23.720,310,778,935,313,-6.0,33.0,40.0,-8.11767578125,-7.019042491912842,3.601073980331421,-0.5638427734375,0.221435546875,0.0540771484375
23.724,310,818,989,312,-6.0,33.0,40.0,-5.310058116912842,-8.36181640625,3.967284917831421,-0.5638427734375,0.221435546875,0.0540771484375
23.751,310,887,1098,311,-6.0,37.0,44.0,1.6479490995407104,-14.709471702575684,0.4882812201976776,-0.6396484375,0.1788330078125,0.0458984375
23.752,310,935,1173,312,-6.0,37.0,44.0,1.6479490995407104,-14.709471702575684,0.4882812201976776,-0.7672119140625,0.158935546875,0.01904296875
23.754,310,966,1228,314,-6.0,37.0,44.0,1.4648436307907104,-14.770506858825684,-4.2724609375,-0.7672119140625,0.158935546875,0.01904296875
23.768,309,1014,1353,312,-6.0,37.0,44.0,4.2724609375,-9.58251953125,-9.82666015625,-0.85205078125,0.0963134765625,-0.0025634765625
23.776,310,1043,1406,314,-6.0,37.0,44.0,4.2724609375,-9.58251953125,-9.82666015625,-0.866455078125,0.171142578125,0.0596923828125
23.784,311,1085,1450,313,-6.0,37.0,44.0,10.009765625,-13.427733421325684,-6.896972179412842,-0.866455078125,0.171142578125,0.0596923828125
23.801,312,1132,1508,312,-6.0,37.0,44.0,19.04296875,-20.141599655151367,-2.44140625,-1.17431640625,0.615234375,0.0819091796875
23.806,310,1143,1533,313,-6.0,37.0,44.0,19.04296875,-20.141599655151367,-2.44140625,-1.4866943359375,0.89599609375,0.0074462890625
23.814,310,1156,1555,313,-6.0,37.0,44.0,7.934569835662842,-16.845703125,-5.065917491912842,-1.4866943359375,0.89599609375,0.0074462890625
23.828,310,1160,1568,312,-5.0,36.0,41.0,-38.02490234375,-9.521484375,-10.986327171325684,-1.8758544921875,0.6107177734375,0.30517578125
23.856,310,1151,1545,313,-5.0,36.0,41.0,-38.02490234375,-9.521484375,-10.986327171325684,-1.65771484375,0.1868896484375,0.568115234375
23.859,311,1143,1523,312,-5.0,36.0,41.0,-39.794921875,-3.967284917831421,-7.080077648162842,-1.65771484375,0.1868896484375,0.568115234375
23.859,310,1120,1472,312,-5.0,36.0,41.0,19.4091796875,23.498533248901367,12.145995140075684,-0.879638671875,0.188720703125,0.193359375
23.866,312,1107,1470,314,-5.0,36.0,41.0,43.273921966552734,27.526853561401367,15.624999046325684,-0.929931640625,0.64697265625,-0.2408447265625
23.874,311,1098,1464,314,-5.0,36.0,41.0,43.273921966552734,27.526853561401367,15.624999046325684,-1.166748046875,0.852783203125,-0.3775634765625
23.888,311,1085,1444,314,-5.0,36.0,41.0,4.7607421875,4.7607421875,-10.864256858825684,-1.429931640625,0.735107421875,-0.1876220703125
23.896,311,1066,1422,314,-5.0,36.0,41.0,-25.512693405151367,-4.39453125,-22.521970748901367,-1.5909423828125,0.50927734375,0.1326904296875
23.911,310,1047,1390,314,-5.0,36.0,41.0,-25.512693405151367,-4.39453125,-22.521970748901367,-1.6175537109375,0.3568115234375,0.3575439453125
23.918,312,1000,1315,314,-5.0,36.0,41.0,-27.893064498901367,-1.5869139432907104,-11.047362327575684,-1.5374755859375,0.324951171875,0.4156494140625
23.926,311,971,1265,314,-7.0,36.0,47.0,-9.8876953125,7.263183116912842,2.563476324081421,-1.398681640625,0.4100341796875,0.3634033203125
23.934,310,939,1209,315,-7.0,36.0,47.0,-9.8876953125,7.263183116912842,2.563476324081421,-1.2200927734375,0.4566650390625,0.2698974609375
23.950,310,879,1105,313,-7.0,36.0,47.0,13.671874046325684,21.667478561401367,18.37158203125,-0.9888916015625,0.345458984375,0.19482421875
23.963,311,840,1065,314,-7.0,36.0,47.0,20.385740280151367,24.353025436401367,17.27294921875,-0.7481689453125,0.249755859375,0.1265869140625
23.964,311,794,975,310,-7.0,36.0,47.0,20.385740280151367,24.353025436401367,17.27294921875,-0.5943603515625,0.3284912109375,0.0184326171875
23.978,310,770,933,312,-7.0,36.0,47.0,31.005857467651367,22.521970748901367,5.798339366912842,-0.5673828125,0.4525146484375,-0.10400390625
23.986,310,745,891,312,-7.0,36.0,47.0,20.568845748901367,20.324705123901367,-4.638671875,-0.61279296875,0.4393310546875,-0.1904296875
23.995,310,725,854,312,-7.0,36.0,47.0,20.568845748901367,20.324705123901367,-4.638671875,-0.6834716796875,0.32470703125,-0.19873046875
24.008,310,683,797,311,-7.0,36.0,47.0,-16.2353515625,13.793944358825684,-23.742673873901367,-0.730712890625,0.2015380859375,-0.122314453125
24.016,310,660,763,313,-7.0,36.0,47.0,-26.611326217651367,8.1787109375,-26.245115280151367,-0.719482421875,0.0699462890625,-0.0611572265625
24.030,310,644,749,312,-7.0,36.0,47.0,-27.038572311401367,5.493163585662842,-24.658201217651367,-0.7022705078125,-0.0118408203125,-0.072021484375
24.060,310,601,714,312,-4.0,35.0,44.0,-16.90673828125,0.4272460639476776,-11.840819358825684,-0.692626953125,0.10009765625,0.0140380859375
24.060,311,592,710,311,-4.0,35.0,44.0,-17.27294921875,-3.967284917831421,-5.493163585662842,-0.67333984375,0.198486328125,0.0516357421875
24.068,310,588,698,311,-4.0,35.0,44.0,-17.2119140625,-6.591796398162842,0.0610351525247097,-0.665283203125,0.3087158203125,0.0675048828125
24.076,312,588,703,310,-4.0,35.0,44.0,-16.11328125,-7.934569835662842,4.39453125,-0.66748046875,0.3966064453125,0.0848388671875
24.084,310,592,694,311,-4.0,35.0,44.0,-16.41845703125,-8.11767578125,6.408690929412842,-0.6817626953125,0.435546875,0.1173095703125
24.099,309,604,700,311,-4.0,35.0,44.0,-18.06640625,-7.202147960662842,6.530761241912842,-0.703857421875,0.4178466796875,0.16162109375
24.106,310,613,705,312,-4.0,35.0,44.0,-18.5546875,-4.5166015625,5.737304210662842,-0.7269287109375,0.351318359375,0.191162109375
24.114,310,620,712,312,-4.0,35.0,44.0,-15.075682640075684,-0.54931640625,5.0048828125,-0.7447509765625,0.2886962890625,0.19921875
24.137,310,642,726,311,-4.0,36.0,41.0,-8.6669921875,2.01416015625,5.065917491912842,-0.75537109375,0.269287109375,0.194091796875
24.137,310,653,741,314,-4.0,36.0,41.0,-2.563476324081421,1.8920897245407104,5.859374523162842,-0.7559814453125,0.2724609375,0.185302734375
24.146,310,663,754,312,-4.0,36.0,41.0,3.234863042831421,-0.0610351525247097,6.225585460662842,-0.7496337890625,0.272216796875,0.17333984375
24.164,309,694,780,310,-4.0,36.0,41.0,9.8876953125,-1.8310545682907104,6.225585460662842,-0.7568359375,0.2861328125,0.14013671875
24.166,310,710,803,312,-4.0,36.0,41.0,15.686034202575684,-2.50244140625,6.958007335662842,-0.7720947265625,0.3238525390625,0.0948486328125
24.174,310,726,827,312,-4.0,36.0,41.0,17.4560546875,-2.807616949081421,8.6669921875,-0.7520751953125,0.3369140625,0.0762939453125
24.188,311,751,878,312,-4.0,36.0,41.0,16.4794921875,-2.868652105331421,10.864256858825684,-0.6929931640625,0.28564453125,0.0902099609375
24.196,311,771,922,311,-4.0,36.0,41.0,17.39501953125,-2.685546636581421,12.939452171325684,-0.62646484375,0.2215576171875,0.1116943359375
24.204,311,809,982,312,-4.0,36.0,41.0,22.644041061401367,-3.540038824081421,14.648436546325684,-0.57763671875,0.2159423828125,0.1322021484375
24.218,310,865,1082,314,-4.0,36.0,41.0,29.968259811401367,-5.493163585662842,15.563963890075684,-0.6031494140625,0.3033447265625,0.1138916015625
24.232,311,917,1148,314,-5.0,37.0,45.0,35.33935546875,-5.310058116912842,15.563963890075684,-0.693603515625,0.4017333984375,0.02197265625
24.234,310,951,1198,312,-5.0,37.0,45.0,35.0341796875,-0.9765624403953552,12.573241233825684,-0.755615234375,0.3333740234375,-0.07470703125
24.249,310,1021,1292,312,-5.0,37.0,45.0,31.494138717651367,3.051757574081421,4.57763671875,-0.7447509765625,0.133056640625,-0.09423828125
24.269,311,1050,1345,312,-5.0,37.0,45.0,32.3486328125,1.2817381620407104,-3.723144292831421,-0.6927490234375,0.0667724609375,-0.0489501953125
24.270,310,1089,1388,313,-5.0,37.0,45.0,39.9169921875,-5.615233898162842,-6.042479991912842,-0.72412109375,0.2353515625,-0.04296875
24.278,310,1137,1456,313,-5.0,37.0,45.0,45.166011810302734,-12.756346702575684,-5.187987804412842,-0.915771484375,0.4820556640625,-0.108154296875
24.286,311,1149,1485,314,-5.0,37.0,45.0,35.82763671875,-15.930174827575684,-7.385253429412842,-1.239501953125,0.6915283203125,-0.167236328125
24.294,311,1155,1508,314,-5.0,37.0,45.0,9.94873046875,-14.587401390075684,-12.023924827575684,-1.5888671875,0.821533203125,-0.099365234375
24.308,312,1173,1528,312,-5.0,37.0,45.0,-22.827146530151367,-11.718749046325684,-14.160155296325684,-1.84619140625,0.746337890625,0.126708984375
24.316,311,1160,1499,314,-5.0,37.0,45.0,-46.874996185302734,-7.873534679412842,-9.765625,-1.9107666015625,0.41015625,0.4256591796875
24.324,311,1146,1466,314,-4.0,34.0,44.0,-47.058101654052734,1.220703125,1.5258787870407104,-1.6510009765625,0.0264892578125,0.64404296875
24.338,311,1122,1395,311,-4.0,34.0,44.0,-18.4326171875,18.06640625,16.17431640625,-0.883544921875,0.2947998046875,0.1258544921875
24.363,310,1108,1373,314,-4.0,34.0,44.0,24.841306686401367,35.33935546875,28.137205123901367,-0.883544921875,0.2947998046875,0.1258544921875
24.364,310,1103,1371,312,-4.0,34.0,44.0,50.292964935302734,40.161128997802734,29.113767623901367,-0.936279296875,0.823974609375,-0.3321533203125
24.372,310,1089,1357,313,-4.0,34.0,44.0,37.4755859375,30.456541061401367,13.183592796325684,-1.4515380859375,0.8343505859375,-0.301025390625
24.376,311,1074,1340,312,-4.0,34.0,44.0,-1.0986328125,15.014647483825684,-10.742186546325684,-1.4515380859375,0.8343505859375,-0.301025390625
24.384,309,1051,1309,313,-4.0,34.0,44.0,-37.59765625,2.197265625,-25.939939498901367,-1.6181640625,0.5347900390625,0.038818359375
24.398,310,1013,1246,312,-4.0,34.0,44.0,-50.476070404052734,-3.540038824081421,-25.146482467651367,-1.52978515625,0.2945556640625,0.3685302734375
24.407,310,978,1199,313,-4.0,34.0,44.0,-38.63525390625,-0.6103515625,-12.512206077575684,-1.52978515625,0.2945556640625,0.3685302734375
24.414,311,939,1142,313,-4.0,34.0,44.0,-17.822265625,7.629394054412842,3.906249761581421,-1.378173828125,0.3800048828125,0.3070068359375
24.428,311,878,1055,312,-7.0,38.0,44.0,-1.2817381620407104,16.11328125,16.357421875,-0.919189453125,0.3526611328125,0.105712890625
24.438,311,840,992,312,-7.0,38.0,44.0,8.85009765625,22.338865280151367,21.240232467651367,-0.919189453125,0.3526611328125,0.105712890625
24.444,311,814,943,312,-7.0,38.0,44.0,15.624999046325684,24.963376998901367,20.446775436401367,-0.6888427734375,0.30615234375,0.0137939453125
24.465,310,770,877,312,-7.0,38.0,44.0,20.324705123901367,23.315427780151367,16.54052734375,-0.54296875,0.3966064453125,-0.137451171875
24.483,310,728,833,312,-7.0,38.0,44.0,13.183592796325684,12.939452171325684,0.6713866591453552,-0.584228515625,0.37060546875,-0.170166015625
24.488,310,705,782,311,-7.0,38.0,44.0,-11.962889671325684,7.873534679412842,-15.014647483825684,-0.7080078125,0.1942138671875,-0.12451171875
24.496,310,683,758,311,-7.0,38.0,44.0,-11.962889671325684,7.873534679412842,-15.014647483825684,-0.7313232421875,0.1083984375,-0.11962890625
24.504,310,660,742,311,-7.0,38.0,44.0,-21.484373092651367,7.324218273162842,-17.27294921875,-0.7313232421875,0.1083984375,-0.11962890625
24.518,309,644,732,309,-7.0,38.0,44.0,-22.033689498901367,2.38037109375,-10.375975608825684,-0.7103271484375,0.125732421875,-0.0118408203125
24.526,310,629,725,311,-7.0,36.0,45.0,-22.033689498901367,2.38037109375,-10.375975608825684,-0.7020263671875,0.1424560546875,0.03955078125
24.540,310,621,715,314,-7.0,36.0,45.0,-21.362302780151367,-2.3193359375,-4.82177734375,-0.7020263671875,0.1424560546875,0.03955078125
24.548,310,619,723,311,-7.0,36.0,45.0,-14.892577171325684,-8.1787109375,4.33349609375,-0.6754150390625,0.3009033203125,0.083740234375
24.573,309,620,730,312,-7.0,36.0,45.0,-14.892577171325684,-8.1787109375,4.33349609375,-0.6793212890625,0.4149169921875,0.0797119140625
24.574,286,628,729,312,-7.0,36.0,45.0,-10.681151390075684,-8.72802734375,6.835937023162842,-0.6793212890625,0.4149169921875,0.0797119140625
24.593,310,632,739,314,-7.0,36.0,45.0,-10.986327171325684,-8.72802734375,6.652831554412842,-0.7274169921875,0.4808349609375,0.113525390625
24.593,311,640,740,311,-7.0,36.0,45.0,-12.023924827575684,-7.934569835662842,5.126952648162842,-0.74462890625,0.4034423828125,0.15185546875
24.596,310,646,749,311,-7.0,36.0,45.0,-12.023924827575684,-7.934569835662842,5.126952648162842,-0.7620849609375,0.3232421875,0.1707763671875
24.610,310,669,756,312,-7.0,36.0,45.0,-1.7700194120407104,-6.652831554412842,3.356933355331421,-0.7742919921875,0.290283203125,0.164306640625
24.617,310,673,766,312,-7.0,36.0,45.0,7.202147960662842,-8.60595703125,4.0283203125,-0.7791748046875,0.2862548828125,0.1383056640625
24.625,310,687,780,312,-8.0,39.0,43.0,7.202147960662842,-8.60595703125,4.0283203125,-0.7889404296875,0.2958984375,0.1041259765625
24.642,310,708,803,311,-8.0,39.0,43.0,21.301267623901367,-11.169432640075684,6.652831554412842,-0.7982177734375,0.3275146484375,0.0733642578125
24.647,309,718,810,312,-8.0,39.0,43.0,21.850584030151367,-10.070799827575684,7.873534679412842,-0.79345703125,0.3623046875,0.0523681640625
24.673,311,728,826,311,-8.0,39.0,43.0,21.850584030151367,-10.070799827575684,7.873534679412842,-0.760986328125,0.3616943359375,0.0411376953125
24.673,310,756,873,312,-8.0,39.0,43.0,15.014647483825684,-8.544921875,9.94873046875,-0.687255859375,0.3099365234375,0.041259765625
24.678,310,785,928,312,-8.0,39.0,43.0,17.822265625,-10.192870140075684,11.657713890075684,-0.6044921875,0.2489013671875,0.04931640625
24.700,310,818,966,312,-8.0,39.0,43.0,17.822265625,-10.192870140075684,11.657713890075684,-0.5859375,0.272705078125,0.031494140625
24.700,310,875,1081,312,-8.0,39.0,43.0,32.65380859375,-14.892577171325684,15.747069358825684,-0.6368408203125,0.3568115234375,-0.035400390625
24.707,310,910,1155,312,-8.0,39.0,43.0,32.958984375,-15.502928733825684,11.230467796325684,-0.668701171875,0.3516845703125,-0.1041259765625
24.716,310,938,1231,312,-8.0,39.0,43.0,28.381345748901367,-16.90673828125,-1.4648436307907104,-0.64208984375,0.2518310546875,-0.158447265625
24.729,310,996,1345,312,-7.0,36.0,48.0,26.123044967651367,-20.141599655151367,-15.563963890075684,-0.6317138671875,0.2020263671875,-0.2325439453125
24.737,312,1029,1406,312,-7.0,36.0,48.0,26.794431686401367,-27.099607467651367,-23.498533248901367,-0.67724609375,0.259033203125,-0.2520751953125
24.745,310,1064,1455,312,-7.0,36.0,48.0,25.024412155151367,-37.2314453125,-24.719236373901367,-0.8192138671875,0.40380859375,-0.1884765625
24.768,310,1105,1529,314,-7.0,36.0,48.0,14.221190452575684,-45.837398529052734,-23.742673873901367,-1.0933837890625,0.5433349609375,-0.04296875
24.774,311,1127,1555,312,-7.0,36.0,48.0,-7.080077648162842,-49.133296966552734,-25.024412155151367,-1.4381103515625,0.5831298828125,0.165771484375
24.775,310,1133,1578,312,-7.0,36.0,48.0,-30.822751998901367,-44.067378997802734,-26.733396530151367,-1.7332763671875,0.5531005859375,0.3529052734375
24.789,312,1129,1569,312,-7.0,36.0,48.0,-44.982906341552734,-33.02001953125,-22.644041061401367,-1.9080810546875,0.51708984375,0.487060546875
24.797,310,1103,1543,313,-7.0,36.0,48.0,-41.809078216552734,-20.202634811401367,-9.8876953125,-1.8629150390625,0.3914794921875,0.583740234375
24.812,310,1089,1527,312,-7.0,36.0,48.0,-21.301267623901367,-4.5166015625,7.080077648162842,-1.4056396484375,0.0703125,0.6279296875
24.819,310,1074,1499,312,-5.0,37.0,48.0,11.413573265075684,14.709471702575684,21.545408248901367,-0.886474609375,0.003173828125,0.44970703125
24.827,310,1069,1490,312,-5.0,37.0,48.0,37.2314453125,27.832029342651367,29.785154342651367,-0.836181640625,0.4957275390625,0.0546875
24.835,310,1063,1483,315,-5.0,37.0,48.0,34.5458984375,26.794431686401367,26.123044967651367,-1.157958984375,0.9674072265625,-0.23828125
24.849,311,1037,1437,312,-5.0,37.0,48.0,7.690429210662842,17.578125,9.3994140625,-1.4774169921875,0.943603515625,-0.2427978515625
24.860,310,1013,1409,314,-5.0,37.0,48.0,-20.141599655151367,9.3994140625,-7.629394054412842,-1.6114501953125,0.647216796875,-0.0518798828125
24.875,310,982,1371,312,-5.0,37.0,48.0,-32.77587890625,4.2724609375,-12.939452171325684,-1.5853271484375,0.44091796875,0.1468505859375
24.879,310,923,1264,313,-5.0,37.0,48.0,-28.869626998901367,1.6479490995407104,-6.347655773162842,-1.4954833984375,0.4490966796875,0.227783203125
24.887,311,889,1214,312,-5.0,37.0,48.0,-17.08984375,2.25830078125,4.7607421875,-1.3780517578125,0.529052734375,0.21728515625
24.895,310,864,1170,312,-5.0,37.0,48.0,-5.676269054412842,5.920409679412842,12.207030296325684,-1.1951904296875,0.5,0.1966552734375
24.909,310,806,1051,312,-5.0,37.0,48.0,4.150390625,11.352538108825684,13.366698265075684,-0.973876953125,0.3927001953125,0.1668701171875
24.918,311,775,1000,314,-5.0,37.0,48.0,11.535643577575684,15.319823265075684,11.291502952575684,-0.76708984375,0.3092041015625,0.1025390625
24.925,311,741,953,312,-6.0,36.0,47.0,15.441893577575684,15.136717796325684,8.60595703125,-0.609619140625,0.279052734375,0.03955078125
24.939,310,702,890,312,-6.0,36.0,47.0,17.9443359375,11.901854515075684,4.21142578125,-0.521484375,0.2769775390625,-0.013427734375
24.950,310,668,861,312,-6.0,36.0,47.0,19.04296875,9.09423828125,-3.356933355331421,-0.504150390625,0.27001953125,-0.0599365234375
24.955,310,632,832,311,-6.0,36.0,47.0,14.648436546325684,7.202147960662842,-12.268065452575684,-0.5386962890625,0.2379150390625,-0.05859375
24.978,310,601,784,312,-6.0,36.0,47.0,3.112792730331421,5.0048828125,-19.53125,-0.59375,0.1375732421875,-0.033935546875
24.983,310,590,770,312,-6.0,36.0,47.0,-9.27734375,3.601073980331421,-22.888181686401367,-0.643798828125,0.0067138671875,-0.0494384765625
24.985,310,588,767,312,-6.0,36.0,47.0,-15.441893577575684,3.356933355331421,-20.263669967651367,-0.68408203125,-0.015380859375,-0.0550537109375
25.015,311,564,757,310,-6.0,36.0,47.0,-17.2119140625,1.6479490995407104,-12.023924827575684,-0.7103271484375,0.0863037109375,-0.0030517578125
25.036,310,562,756,311,-6.0,36.0,47.0,-19.22607421875,-1.5869139432907104,-2.0751953125,-0.723876953125,0.2196044921875,0.05322265625
25.049,310,558,742,311,-6.0,36.0,47.0,-20.690916061401367,-3.540038824081421,6.408690929412842,-0.736083984375,0.3154296875,0.0833740234375
25.049,308,564,747,311,-5.0,36.0,43.0,-20.446775436401367,-3.784179449081421,12.512206077575684,-0.7261962890625,0.369140625,0.12841796875
25.055,310,566,741,312,-5.0,36.0,43.0,-19.10400390625,-3.051757574081421,15.869139671325684,-0.7261962890625,0.369140625,0.12841796875
25.055,310,575,747,312,-5.0,36.0,43.0,-16.05224609375,-2.25830078125,17.08984375,-0.720947265625,0.3807373046875,0.1480712890625
25.059,309,582,756,311,-5.0,36.0,43.0,-10.681151390075684,-2.01416015625,17.08984375,-0.715576171875,0.43896484375,0.16943359375
25.082,310,590,769,311,-5.0,36.0,43.0,-4.33349609375,-2.3193359375,16.05224609375,-0.715576171875,0.43896484375,0.16943359375
25.083,310,601,780,312,-5.0,36.0,43.0,1.8310545682907104,-2.685546636581421,13.610838890075684,-0.708740234375,0.447509765625,0.169189453125
25.089,311,616,799,312,-5.0,36.0,43.0,7.568358898162842,-3.173827886581421,9.94873046875,-0.7012939453125,0.3643798828125,0.1376953125
25.097,310,629,810,312,-5.0,36.0,43.0,13.366698265075684,-3.784179449081421,6.042479991912842,-0.7012939453125,0.3643798828125,0.1376953125
25.105,310,640,832,312,-5.0,36.0,43.0,18.85986328125,-4.150390625,3.540038824081421,-0.6937255859375,0.327392578125,0.0933837890625
25.120,311,668,868,311,-6.0,36.0,46.0,22.399900436401367,-4.69970703125,3.601073980331421,-0.654296875,0.3583984375,0.0391845703125
25.127,310,689,894,312,-6.0,36.0,46.0,22.827146530151367,-6.286620616912842,5.187987804412842,-0.654296875,0.3583984375,0.0391845703125
25.135,311,710,943,312,-6.0,36.0,46.0,20.263669967651367,-8.6669921875,6.652831554412842,-0.60546875,0.3431396484375,0.0447998046875
25.157,310,742,1038,312,-6.0,36.0,46.0,16.845703125,-10.681151390075684,7.019042491912842,-0.5020751953125,0.2247314453125,0.090576171875
25.157,309,775,1120,313,-6.0,36.0,46.0,15.930174827575684,-11.230467796325684,6.469726085662842,-0.512451171875,0.2392578125,0.1038818359375
25.170,310,814,1202,312,-6.0,36.0,46.0,17.63916015625,-11.291502952575684,5.493163585662842,-0.512451171875,0.2392578125,0.1038818359375
25.179,310,889,1316,312,-6.0,36.0,46.0,21.362302780151367,-12.451170921325684,-2.197265625,-0.806884765625,0.310302734375,0.0146484375
25.188,310,928,1374,314,-6.0,36.0,46.0,21.362302780151367,-12.451170921325684,-2.197265625,-0.9500732421875,0.2908935546875,-0.0411376953125
25.195,309,959,1429,312,-6.0,36.0,46.0,22.399900436401367,-12.145995140075684,-8.056640625,-0.9500732421875,0.2908935546875,-0.0411376953125
25.209,310,1022,1490,312,-6.0,36.0,46.0,18.98193359375,-11.657713890075684,-12.695311546325684,-0.9774169921875,0.2191162109375,0.0440673828125
25.224,310,1050,1527,314,-7.0,36.0,49.0,18.98193359375,-11.657713890075684,-12.695311546325684,-1.0472412109375,0.2984619140625,0.07666015625
25.225,310,1074,1555,314,-7.0,36.0,49.0,15.380858421325684,-13.061522483825684,-9.09423828125,-1.0472412109375,0.2984619140625,0.07666015625
25.240,310,1107,1592,312,-7.0,36.0,49.0,4.0283203125,-14.160155296325684,0.0,-1.5382080078125,0.8128662109375,-0.024658203125
25.247,310,1120,1602,314,-7.0,36.0,49.0,4.0283203125,-14.160155296325684,0.0,-1.7891845703125,0.8974609375,0.02685546875
25.263,310,1123,1607,314,-7.0,36.0,49.0,-8.85009765625,-13.000487327575684,2.44140625,-1.7891845703125,0.8974609375,0.02685546875
25.269,310,1116,1578,312,-7.0,36.0,49.0,-22.705076217651367,-10.314940452575684,8.056640625,-1.467041015625,0.2274169921875,0.55029296875
25.282,310,1101,1567,314,-7.0,36.0,49.0,-22.705076217651367,-10.314940452575684,8.056640625,-1.0147705078125,0.152587890625,0.427978515625
25.293,310,1092,1545,314,-7.0,36.0,49.0,0.0610351525247097,-1.9531248807907104,11.962889671325684,-1.0147705078125,0.152587890625,0.427978515625
25.299,310,1074,1528,312,-7.0,36.0,49.0,40.222164154052734,11.413573265075684,5.371093273162842,-0.9073486328125,0.802001953125,-0.29931640625
25.307,311,1066,1528,312,-7.0,36.0,49.0,19.22607421875,6.225585460662842,-10.070799827575684,-1.07177734375,0.7015380859375,-0.2635498046875
25.315,310,1055,1514,313,-8.0,36.0,45.0,19.22607421875,6.225585460662842,-10.070799827575684,-1.2933349609375,0.5078125,-0.024658203125
25.331,310,1034,1483,312,-8.0,36.0,45.0,-26.245115280151367,-8.6669921875,-24.414060592651367,-1.4990234375,0.439453125,0.220458984375
25.337,311,1013,1445,314,-8.0,36.0,45.0,-29.052732467651367,-10.192870140075684,-16.2353515625,-1.5894775390625,0.435791015625,0.3587646484375
25.345,310,986,1404,314,-8.0,36.0,45.0,-29.052732467651367,-10.192870140075684,-16.2353515625,-1.5450439453125,0.4490966796875,0.38427734375
25.368,310,943,1323,313,-8.0,36.0,45.0,-12.756346702575684,5.920409679412842,7.324218273162842,-1.400390625,0.4879150390625,0.3450927734375
25.384,310,913,1260,312,-8.0,36.0,45.0,-4.94384765625,15.136717796325684,16.17431640625,-1.188232421875,0.477783203125,0.28369140625
25.389,311,878,1204,314,-8.0,36.0,45.0,-4.94384765625,15.136717796325684,16.17431640625,-0.9486083984375,0.3963623046875,0.2222900390625
25.389,310,832,1107,312,-8.0,36.0,45.0,10.925292015075684,23.132322311401367,15.502928733825684,-0.7523193359375,0.36767578125,0.124755859375
25.397,310,799,1064,313,-8.0,36.0,45.0,20.324705123901367,23.010251998901367,8.23974609375,-0.6488037109375,0.447998046875,-0.014892578125
25.405,311,772,1026,312,-8.0,36.0,45.0,20.324705123901367,23.010251998901367,8.23974609375,-0.6375732421875,0.509521484375,-0.1217041015625
25.419,310,731,966,311,-7.0,36.0,44.0,9.21630859375,18.49365234375,-9.82666015625,-0.65869140625,0.433837890625,-0.160888671875
25.427,310,710,927,312,-7.0,36.0,44.0,-6.103515148162842,15.686034202575684,-17.39501953125,-0.6846923828125,0.3023681640625,-0.1529541015625
25.440,311,688,891,312,-7.0,36.0,44.0,-6.103515148162842,15.686034202575684,-17.39501953125,-0.72412109375,0.2164306640625,-0.0841064453125
25.449,310,644,833,312,-7.0,36.0,44.0,-19.4091796875,7.141112804412842,-19.95849609375,-0.743408203125,0.1168212890625,0.0235595703125
25.461,310,631,813,312,-7.0,36.0,44.0,-18.4326171875,2.746581792831421,-17.76123046875,-0.7435302734375,0.000244140625,0.0533447265625
25.465,310,604,785,311,-7.0,36.0,44.0,-12.329100608825684,2.563476324081421,-14.038084983825684,-0.747802734375,-0.01904296875,0.017822265625
25.492,310,579,778,312,-7.0,36.0,44.0,-7.568358898162842,2.685546636581421,-8.1787109375,-0.7366943359375,0.0723876953125,0.0159912109375
25.493,310,568,770,312,-7.0,36.0,44.0,-9.1552734375,0.2441406100988388,-1.8310545682907104,-0.7076416015625,0.19921875,0.03564453125
25.495,310,572,765,312,-7.0,36.0,44.0,-13.000487327575684,-2.746581792831421,3.784179449081421,-0.6790771484375,0.31884765625,0.0460205078125
25.509,310,562,766,312,-7.0,36.0,44.0,-14.587401390075684,-4.5166015625,7.812499523162842,-0.65673828125,0.4083251953125,0.055419921875
25.517,310,572,767,312,-7.0,37.0,46.0,-14.160155296325684,-5.249022960662842,9.3994140625,-0.6436767578125,0.451416015625,0.0797119140625
25.525,308,574,778,312,-7.0,37.0,46.0,-13.793944358825684,-5.676269054412842,8.4228515625,-0.645263671875,0.45849609375,0.1204833984375
25.545,310,587,784,310,-7.0,37.0,46.0,-13.183592796325684,-5.676269054412842,6.408690929412842,-0.6541748046875,0.4400634765625,0.161865234375
25.548,309,592,799,312,-7.0,37.0,46.0,-10.864256858825684,-4.82177734375,4.57763671875,-0.6595458984375,0.38232421875,0.1827392578125
25.555,311,606,809,312,-7.0,37.0,46.0,-5.737304210662842,-3.540038824081421,3.112792730331421,-0.6634521484375,0.3206787109375,0.1829833984375
25.571,310,631,827,311,-7.0,37.0,46.0,1.6479490995407104,-2.990722417831421,2.44140625,-0.6641845703125,0.296630859375,0.16748046875
25.580,310,644,840,312,-7.0,37.0,46.0,9.1552734375,-3.601073980331421,2.13623046875,-0.6536865234375,0.3043212890625,0.1451416015625
25.592,310,664,861,312,-7.0,37.0,46.0,15.197752952575684,-4.82177734375,2.13623046875,-0.642333984375,0.34130859375,0.125
25.601,310,696,929,311,-7.0,37.0,46.0,19.287109375,-5.859374523162842,2.197265625,-0.6300048828125,0.373046875,0.1151123046875
25.607,310,714,981,311,-7.0,37.0,46.0,20.996091842651367,-6.591796398162842,1.5869139432907104,-0.5899658203125,0.3480224609375,0.1329345703125
25.616,309,742,1027,312,-7.0,35.0,51.0,20.446775436401367,-5.981444835662842,0.1831054538488388,-0.5357666015625,0.267822265625,0.1678466796875
25.629,310,805,1141,312,-7.0,35.0,51.0,19.34814453125,-3.234863042831421,-0.6713866591453552,-0.5096435546875,0.2044677734375,0.19775390625
25.637,311,848,1202,312,-7.0,35.0,51.0,18.06640625,0.6103515625,0.1220703050494194,-0.5823974609375,0.23583984375,0.192138671875
25.650,310,882,1251,312,-7.0,35.0,51.0,15.991209983825684,3.906249761581421,2.0751953125,-0.796875,0.3154296875,0.1099853515625
25.666,310,944,1342,312,-7.0,35.0,51.0,15.991209983825684,6.225585460662842,3.479003667831421,-1.0164794921875,0.28173828125,-0.02294921875
25.667,310,974,1379,313,-7.0,35.0,51.0,22.094724655151367,7.690429210662842,4.45556640625,-1.07373046875,0.126953125,-0.101806640625
25.675,311,1008,1411,314,-7.0,35.0,51.0,32.8369140625,7.995604991912842,8.85009765625,-0.9920654296875,0.063232421875,-0.0938720703125
25.694,311,1064,1452,314,-7.0,35.0,51.0,36.68212890625,6.835937023162842,17.333984375,-0.90185546875,0.16943359375,-0.0272216796875
25.699,310,1082,1484,313,-7.0,35.0,51.0,26.611326217651367,3.540038824081421,22.949216842651367,-0.8936767578125,0.3233642578125,0.060791015625
25.706,310,1096,1519,314,-7.0,35.0,51.0,13.549803733825684,-0.1220703050494194,20.263669967651367,-1.04736328125,0.5751953125,-0.0052490234375
25.714,310,1112,1543,314,-9.0,34.0,42.0,6.225585460662842,-2.807616949081421,11.657713890075684,-1.3802490234375,1.0174560546875,-0.23876953125
25.728,311,1125,1565,311,-9.0,34.0,42.0,-2.868652105331421,-9.27734375,0.0610351525247097,-1.722900390625,1.257568359375,-0.3134765625
25.736,311,1122,1569,314,-9.0,34.0,42.0,-17.578125,-19.59228515625,-12.390135765075684,-1.8536376953125,0.966796875,-0.0166015625
25.744,311,1118,1565,314,-9.0,34.0,42.0,-25.329587936401367,-25.146482467651367,-19.95849609375,-1.6097412109375,0.3724365234375,0.43505859375
25.758,312,1101,1533,312,-9.0,34.0,42.0,-11.413573265075684,-18.6767578125,-18.61572265625,-1.1243896484375,-0.0009765625,0.5657958984375
25.769,312,1082,1511,312,-9.0,34.0,42.0,15.380858421325684,-5.371093273162842,-10.498045921325684,-0.8280029296875,0.1927490234375,0.211669921875
25.774,310,1074,1499,313,-9.0,34.0,42.0,26.367185592651367,1.6479490995407104,-3.601073980331421,-0.86376953125,0.590576171875,-0.2186279296875
25.797,310,1067,1471,312,-9.0,34.0,42.0,12.268065452575684,-2.0751953125,-6.652831554412842,-1.07470703125,0.72265625,-0.310546875
25.799,310,1050,1411,310,-9.0,34.0,42.0,-13.061522483825684,-10.314940452575684,-16.7236328125,-1.3377685546875,0.6351318359375,-0.0994873046875
25.804,310,1029,1416,314,-9.0,34.0,42.0,-35.94970703125,-16.41845703125,-22.766111373901367,-1.5498046875,0.5218505859375,0.177734375
25.818,311,989,1355,314,-9.0,34.0,51.0,-47.424312591552734,-16.90673828125,-20.080564498901367,-1.6241455078125,0.4405517578125,0.3604736328125
25.826,311,967,1306,312,-9.0,34.0,51.0,-43.884273529052734,-10.070799827575684,-10.864256858825684,-1.569580078125,0.44921875,0.413818359375
25.834,311,928,1251,312,-9.0,34.0,51.0,-31.311033248901367,1.3427733182907104,1.15966796875,-1.4405517578125,0.5263671875,0.393798828125
25.848,310,873,1170,313,-9.0,34.0,51.0,-18.00537109375,12.634276390075684,10.681151390075684,-0.98046875,0.365234375,0.3079833984375
25.872,310,840,1103,312,-9.0,34.0,51.0,-5.187987804412842,21.667478561401367,13.732909202575684,-0.98046875,0.365234375,0.3079833984375
25.873,312,799,1054,312,-9.0,34.0,51.0,8.30078125,27.221677780151367,12.268065452575684,-0.7393798828125,0.2703857421875,0.2037353515625
25.878,310,741,971,312,-9.0,34.0,51.0,20.507810592651367,28.564451217651367,9.33837890625,-0.4947509765625,0.3521728515625,-0.1070556640625
25.888,310,716,935,312,-9.0,34.0,51.0,27.587888717651367,26.000974655151367,4.638671875,-0.4947509765625,0.3521728515625,-0.1070556640625
25.903,310,695,888,312,-9.0,34.0,51.0,25.756834030151367,21.972654342651367,-3.173827886581421,-0.5125732421875,0.3634033203125,-0.231201171875
25.908,310,654,820,312,-9.0,34.0,51.0,14.160155296325684,17.15087890625,-12.512206077575684,-0.65625,0.20263671875,-0.1531982421875
25.916,310,631,796,312,-6.0,37.0,45.0,-3.540038824081421,10.559081077575684,-21.301267623901367,-0.65625,0.20263671875,-0.1531982421875
25.924,310,614,766,312,-6.0,37.0,45.0,-18.73779296875,5.859374523162842,-26.733396530151367,-0.714599609375,0.0899658203125,-0.1416015625
25.941,311,574,737,311,-6.0,37.0,45.0,-27.160642623901367,4.0283203125,-26.245115280151367,-0.7496337890625,0.0985107421875,0.000732421875
25.946,311,562,725,311,-6.0,37.0,45.0,-32.1044921875,0.7324218153953552,-20.751951217651367,-0.7496337890625,0.0985107421875,0.000732421875
25.954,310,562,715,312,-6.0,37.0,45.0,-34.5458984375,-3.479003667831421,-13.244627952575684,-0.7369384765625,0.1458740234375,0.095947265625
25.977,311,561,711,312,-6.0,37.0,45.0,-31.860349655151367,-5.798339366912842,-5.249022960662842,-0.72900390625,0.314697265625,0.1591796875
25.977,310,561,708,310,-6.0,37.0,45.0,-26.000974655151367,-6.591796398162842,1.15966796875,-0.72900390625,0.314697265625,0.1591796875
26.007,310,557,710,312,-6.0,37.0,45.0,-20.996091842651367,-6.286620616912842,4.638671875,-0.7276611328125,0.3624267578125,0.1697998046875
26.007,310,548,711,296,-6.0,37.0,45.0,-12.023924827575684,-3.051757574081421,6.103515148162842,-0.729248046875,0.3956298828125,0.1737060546875
26.007,310,577,714,299,-6.0,37.0,45.0,-12.023924827575684,-3.051757574081421,6.103515148162842,-0.7230224609375,0.3990478515625,0.177001953125
26.014,310,585,721,312,-6.0,36.0,47.0,-8.4228515625,-0.4272460639476776,6.408690929412842,-0.7230224609375,0.3990478515625,0.177001953125
26.028,308,594,728,310,-6.0,36.0,47.0,-3.906249761581421,1.5258787870407104,7.934569835662842,-0.6575927734375,0.3099365234375,0.2008056640625
26.036,310,614,740,311,-6.0,36.0,47.0,-3.906249761581421,1.5258787870407104,7.934569835662842,-0.6397705078125,0.2708740234375,0.184326171875
26.045,310,622,749,312,-6.0,36.0,47.0,2.50244140625,0.3662109076976776,8.30078125,-0.6397705078125,0.2708740234375,0.184326171875
26.058,310,654,767,314,-6.0,36.0,47.0,19.47021484375,-2.746581792831421,7.019042491912842,-0.6708984375,0.3475341796875,0.067626953125
26.066,310,666,784,311,-6.0,36.0,47.0,19.47021484375,-2.746581792831421,7.019042491912842,-0.668701171875,0.3770751953125,0.0245361328125
26.084,308,685,809,312,-6.0,36.0,47.0,20.996091842651367,-3.601073980331421,5.859374523162842,-0.668701171875,0.3770751953125,0.0245361328125
26.108,310,725,865,311,-6.0,36.0,47.0,11.962889671325684,-4.638671875,6.652831554412842,-0.6025390625,0.3294677734375,0.0643310546875
26.108,310,724,917,311,-6.0,36.0,47.0,11.962889671325684,-4.638671875,6.652831554412842,-0.5238037109375,0.2476806640625,0.11865234375
26.108,298,785,972,312,-6.0,36.0,47.0,9.94873046875,-6.469726085662842,6.469726085662842,-0.4783935546875,0.1929931640625,0.1431884765625
26.119,310,859,1155,312,-12.0,39.0,46.0,22.705076217651367,-8.7890625,6.164550304412842,-0.5577392578125,0.202392578125,0.13623046875
26.127,311,907,1239,312,-12.0,39.0,46.0,28.320310592651367,-6.774901866912842,5.371093273162842,-0.74267578125,0.2144775390625,0.0997314453125
26.137,311,943,1292,314,-12.0,39.0,46.0,28.320310592651367,-6.774901866912842,5.371093273162842,-0.8907470703125,0.1790771484375,0.0196533203125
26.149,310,1020,1380,312,-12.0,39.0,46.0,22.094724655151367,4.2724609375,-4.21142578125,-0.92041015625,0.1842041015625,-0.03271484375
26.164,312,1050,1426,314,-12.0,39.0,46.0,13.549803733825684,5.981444835662842,-6.469726085662842,-0.867919921875,0.2611083984375,-0.031982421875
26.165,310,1089,1464,313,-12.0,39.0,46.0,13.549803733825684,5.981444835662842,-6.469726085662842,-0.862060546875,0.324951171875,-0.0421142578125
26.186,310,1131,1543,313,-12.0,39.0,46.0,2.3193359375,-1.3427733182907104,-5.493163585662842,-1.01953125,0.462158203125,-0.09619140625
26.191,311,1151,1583,312,-12.0,39.0,46.0,1.0986328125,-6.469726085662842,-4.08935546875,-1.33447265625,0.76513671875,-0.14794921875
26.203,310,1162,1607,314,-12.0,39.0,46.0,1.0986328125,-6.469726085662842,-4.08935546875,-1.6898193359375,0.965576171875,-0.080078125
26.209,310,1173,1610,314,-8.0,34.0,38.0,-20.568845748901367,-17.08984375,-7.141112804412842,-1.965576171875,0.8514404296875,0.1414794921875
26.217,311,1160,1584,314,-8.0,34.0,38.0,-31.127927780151367,-17.7001953125,-6.774901866912842,-1.9453125,0.517822265625,0.4464111328125
26.226,310,1151,1568,314,-8.0,34.0,38.0,-27.709959030151367,-8.85009765625,-1.5258787870407104,-1.43310546875,0.1217041015625,0.6474609375
26.240,311,1129,1516,311,-8.0,34.0,38.0,-3.662109136581421,9.765625,3.906249761581421,-0.8839111328125,0.10498046875,0.4437255859375
26.248,312,1111,1498,313,-8.0,34.0,38.0,23.315427780151367,24.780271530151367,6.347655773162842,-0.789306640625,0.5263671875,-0.064697265625
26.255,311,1104,1492,314,-8.0,34.0,38.0,26.916501998901367,24.475095748901367,0.6103515625,-0.9796142578125,0.78759765625,-0.385009765625
26.269,311,1098,1474,313,-8.0,34.0,38.0,6.896972179412842,13.000487327575684,-13.122557640075684,-1.2550048828125,0.705078125,-0.3173828125
26.297,312,1082,1456,313,-8.0,34.0,38.0,-21.362302780151367,-0.3662109076976776,-22.766111373901367,-1.5218505859375,0.5284423828125,-0.0089111328125
26.300,296,1065,1387,299,-8.0,34.0,38.0,-40.10009765625,-9.21630859375,-20.996091842651367,-1.6583251953125,0.41552734375,0.290283203125
26.311,310,1022,1363,311,-8.0,34.0,38.0,-40.10009765625,-8.30078125,-10.925292015075684,-1.6488037109375,0.36669921875,0.41357421875
26.311,296,992,1312,312,-6.0,36.0,46.0,-27.526853561401367,1.7089842557907104,1.7089842557907104,-1.5389404296875,0.388427734375,0.3970947265625
26.315,310,955,1249,312,-6.0,36.0,46.0,-11.413573265075684,13.671874046325684,13.305663108825684,-1.3695068359375,0.47607421875,0.342041015625
26.330,311,888,1141,313,-6.0,36.0,46.0,1.15966796875,22.521970748901367,20.446775436401367,-1.1746826171875,0.4974365234375,0.2767333984375
26.337,310,840,1071,312,-6.0,36.0,46.0,8.6669921875,27.954099655151367,21.301267623901367,-0.9664306640625,0.428955078125,0.1826171875
26.345,310,809,1009,313,-6.0,36.0,46.0,15.624999046325684,30.944822311401367,17.578125,-0.786865234375,0.4111328125,0.04052734375
26.359,310,742,927,312,-6.0,36.0,46.0,20.690916061401367,30.761716842651367,12.207030296325684,-0.657470703125,0.4141845703125,-0.07421875
26.367,310,713,873,312,-6.0,36.0,46.0,19.59228515625,26.855466842651367,6.042479991912842,-0.5634765625,0.3214111328125,-0.11962890625
26.375,310,688,823,312,-6.0,36.0,46.0,14.465331077575684,21.667478561401367,-0.9155272841453552,-0.525390625,0.1866455078125,-0.119873046875
26.416,310,647,755,312,-6.0,36.0,46.0,9.46044921875,16.29638671875,-7.446288585662842,-0.5550537109375,0.099853515625,-0.09765625
26.418,312,616,700,299,-6.0,36.0,46.0,5.249022960662842,11.535643577575684,-12.878417015075684,-0.6080322265625,0.0693359375,-0.1239013671875
26.418,310,590,698,312,-6.0,36.0,46.0,0.6713866591453552,9.58251953125,-16.7236328125,-0.655029296875,0.081298828125,-0.18896484375
26.421,310,557,650,298,-6.0,35.0,45.0,-6.896972179412842,8.056640625,-16.66259765625,-0.6771240234375,0.1170654296875,-0.1845703125
26.428,311,545,646,312,-6.0,35.0,45.0,-18.12744140625,3.906249761581421,-11.962889671325684,-0.67919921875,0.170166015625,-0.0948486328125
26.435,310,543,647,311,-6.0,35.0,45.0,-27.038572311401367,-1.2817381620407104,-4.94384765625,-0.6678466796875,0.2440185546875,0.005126953125
26.449,311,543,646,312,-6.0,35.0,45.0,-29.479978561401367,-5.432128429412842,0.8544921278953552,-0.6412353515625,0.309326171875,0.07470703125
26.457,310,547,654,308,-6.0,35.0,45.0,-27.465818405151367,-8.11767578125,3.601073980331421,-0.6258544921875,0.343994140625,0.1220703125
26.466,311,551,658,312,-6.0,35.0,45.0,-22.644041061401367,-9.521484375,4.08935546875,-0.630859375,0.3853759765625,0.1519775390625
26.486,310,562,677,311,-6.0,35.0,45.0,-16.29638671875,-9.765625,4.0283203125,-0.64794921875,0.440185546875,0.16748046875
26.487,310,566,689,312,-6.0,35.0,45.0,-12.084959983825684,-8.544921875,3.906249761581421,-0.66455078125,0.445068359375,0.1748046875
26.520,309,579,697,312,-6.0,35.0,45.0,-10.009765625,-5.737304210662842,3.234863042831421,-0.675048828125,0.3968505859375,0.1766357421875
26.521,310,594,714,311,-7.0,37.0,48.0,-7.446288585662842,-2.807616949081421,2.50244140625,-0.681396484375,0.3529052734375,0.182373046875
26.521,311,614,725,298,-7.0,37.0,48.0,-3.112792730331421,-1.7700194120407104,2.01416015625,-0.675048828125,0.325439453125,0.1937255859375
26.525,310,629,741,312,-7.0,37.0,48.0,3.906249761581421,-2.3193359375,1.7089842557907104,-0.656494140625,0.31591796875,0.195068359375
26.539,310,654,772,311,-7.0,37.0,48.0,12.756346702575684,-3.356933355331421,2.197265625,-0.6500244140625,0.358642578125,0.158203125
26.547,311,683,799,313,-7.0,37.0,48.0,20.324705123901367,-4.638671875,3.356933355331421,-0.6500244140625,0.358642578125,0.158203125
26.555,310,698,824,313,-7.0,37.0,48.0,24.169919967651367,-5.859374523162842,4.21142578125,-0.6611328125,0.345458984375,0.1373291015625
26.569,310,741,917,311,-7.0,37.0,48.0,24.597166061401367,-6.286620616912842,5.0048828125,-0.6947021484375,0.305419921875,0.1114501953125
26.578,310,773,966,311,-7.0,37.0,48.0,23.254392623901367,-6.225585460662842,6.103515148162842,-0.6947021484375,0.305419921875,0.1114501953125
26.588,310,814,1020,312,-7.0,37.0,48.0,22.583005905151367,-5.798339366912842,7.446288585662842,-0.7515869140625,0.3507080078125,0.0792236328125
26.620,310,878,1107,312,-7.0,37.0,48.0,23.742673873901367,-3.540038824081421,9.94873046875,-0.95947265625,0.3262939453125,-0.1204833984375
26.622,296,916,1133,311,-6.0,35.0,44.0,24.963376998901367,-0.4882812201976776,11.413573265075684,-0.95947265625,0.3262939453125,-0.1204833984375
26.623,312,947,1211,314,-6.0,35.0,44.0,26.000974655151367,0.1220703050494194,7.873534679412842,-0.865966796875,0.0150146484375,-0.101806640625
26.630,312,1008,1316,312,-6.0,35.0,44.0,29.785154342651367,-1.0986328125,2.929687261581421,-0.6702880859375,0.070068359375,-0.02880859375
26.637,310,1029,1374,314,-6.0,35.0,44.0,33.02001953125,-2.868652105331421,2.0751953125,-0.6702880859375,0.070068359375,-0.02880859375
26.645,310,1055,1413,314,-6.0,35.0,44.0,28.869626998901367,-5.798339366912842,1.4038084745407104,-0.7086181640625,0.4239501953125,-0.0692138671875
26.660,310,1108,1486,312,-6.0,35.0,44.0,16.4794921875,-9.21630859375,-5.310058116912842,-1.06103515625,0.740966796875,-0.208740234375
26.667,311,1129,1518,314,-6.0,35.0,44.0,1.4038084745407104,-12.817381858825684,-15.930174827575684,-1.06103515625,0.740966796875,-0.208740234375
26.675,310,1146,1543,314,-6.0,35.0,44.0,-11.901854515075684,-17.02880859375,-22.766111373901367,-1.3682861328125,0.685791015625,-0.1201171875
26.690,312,1163,1567,312,-6.0,35.0,44.0,-35.0341796875,-22.033689498901367,-4.39453125,-1.7840576171875,0.41162109375,0.479248046875
26.698,310,1166,1545,313,-6.0,35.0,44.0,-35.0341796875,-22.033689498901367,-4.39453125,-1.673583984375,0.298095703125,0.7149658203125
26.715,311,1160,1528,315,-7.0,37.0,46.0,-37.109375,-16.29638671875,11.352538108825684,-1.673583984375,0.298095703125,0.7149658203125
26.728,310,1143,1486,313,-7.0,37.0,46.0,17.08984375,18.5546875,18.06640625,-1.0230712890625,0.5098876953125,0.1156005859375
26.729,312,1129,1457,312,-7.0,37.0,46.0,17.08984375,18.5546875,18.06640625,-0.8907470703125,0.6785888671875,-0.318603515625
26.738,310,1112,1437,313,-7.0,37.0,46.0,43.579097747802734,29.479978561401367,7.751464366912842,-0.8907470703125,0.6785888671875,-0.318603515625
26.749,311,1098,1430,312,-7.0,37.0,46.0,11.901854515075684,9.46044921875,-18.00537109375,-1.1046142578125,0.4439697265625,-0.213134765625
26.758,310,1095,1419,314,-7.0,37.0,46.0,11.901854515075684,9.46044921875,-18.00537109375,-1.3126220703125,0.3458251953125,0.0369873046875
26.765,311,1085,1407,313,-7.0,37.0,46.0,-15.014647483825684,-2.38037109375,-21.301267623901367,-1.3126220703125,0.3458251953125,0.0369873046875
26.779,310,1056,1352,312,-7.0,37.0,46.0,-37.4755859375,-7.446288585662842,-4.39453125,-1.6644287109375,0.51708984375,0.3115234375
26.800,310,1034,1302,313,-7.0,37.0,46.0,-37.4755859375,-7.446288585662842,-4.39453125,-1.597412109375,0.497314453125,0.367431640625
26.800,309,1008,1251,313,-7.0,37.0,46.0,-34.11865234375,-1.8310545682907104,5.615233898162842,-1.597412109375,0.497314453125,0.367431640625
26.826,310,954,1138,312,-5.0,37.0,42.0,-6.408690929412842,17.76123046875,19.6533203125,-1.1361083984375,0.4620361328125,0.313232421875
26.826,308,914,1067,312,-5.0,37.0,42.0,-6.408690929412842,17.76123046875,19.6533203125,-0.9085693359375,0.473388671875,0.1678466796875
26.826,312,846,1013,294,-5.0,37.0,42.0,7.751464366912842,23.864744186401367,21.179197311401367,-0.769775390625,0.50537109375,-0.047607421875
26.840,312,846,953,312,-5.0,37.0,42.0,19.6533203125,26.367185592651367,15.747069358825684,-0.769775390625,0.50537109375,-0.047607421875
26.848,311,796,891,311,-5.0,37.0,42.0,19.95849609375,20.812986373901367,-6.652831554412842,-0.7041015625,0.5076904296875,-0.243896484375
26.856,310,771,853,312,-5.0,37.0,42.0,19.95849609375,20.812986373901367,-6.652831554412842,-0.712890625,0.3721923828125,-0.177490234375
26.865,310,749,814,312,-5.0,37.0,42.0,6.835937023162842,13.854979515075684,-17.9443359375,-0.712890625,0.3721923828125,-0.177490234375
26.878,310,711,740,312,-5.0,37.0,42.0,-16.845703125,4.33349609375,-25.329587936401367,-0.7646484375,0.090576171875,-0.043212890625
26.886,310,685,704,311,-5.0,37.0,42.0,-16.845703125,4.33349609375,-25.329587936401367,-0.7733154296875,0.0146484375,-0.0418701171875
26.895,310,649,662,312,-5.0,37.0,42.0,-19.47021484375,2.929687261581421,-22.338865280151367,-0.7733154296875,0.0146484375,-0.0418701171875
26.909,309,616,629,311,-7.0,35.0,47.0,-12.329100608825684,-0.54931640625,-11.718749046325684,-0.6826171875,0.0230712890625,0.0306396484375
26.917,311,601,616,312,-7.0,35.0,47.0,-10.253905296325684,-2.563476324081421,-6.164550304412842,-0.6456298828125,0.0533447265625,0.0386962890625
26.931,310,587,604,311,-7.0,35.0,47.0,-10.253905296325684,-2.563476324081421,-6.164550304412842,-0.6397705078125,0.158447265625,0.018798828125
26.938,310,562,601,312,-7.0,35.0,47.0,-13.488768577575684,-4.82177734375,5.676269054412842,-0.6380615234375,0.323486328125,0.0106201171875
26.953,310,566,601,311,-7.0,35.0,47.0,-16.29638671875,-6.347655773162842,9.46044921875,-0.6322021484375,0.44091796875,0.025634765625
26.954,311,564,594,310,-7.0,35.0,47.0,-16.29638671875,-6.347655773162842,9.46044921875,-0.63720703125,0.484375,0.058837890625
26.969,310,578,604,310,-7.0,35.0,47.0,-21.423337936401367,-6.286620616912842,9.3994140625,-0.648193359375,0.4912109375,0.10986328125
26.977,311,588,613,312,-7.0,35.0,47.0,-22.521970748901367,-4.8828125,7.995604991912842,-0.657958984375,0.4505615234375,0.170654296875
26.984,308,594,618,311,-7.0,35.0,47.0,-22.521970748901367,-4.8828125,7.995604991912842,-0.669921875,0.3641357421875,0.216064453125
26.999,310,614,643,312,-7.0,35.0,47.0,-15.991209983825684,-1.8920897245407104,4.638671875,-0.679443359375,0.298095703125,0.225830078125
27.006,310,622,662,311,-7.0,36.0,46.0,-5.981444835662842,-1.5258787870407104,4.2724609375,-0.6871337890625,0.2811279296875,0.208740234375
27.035,310,632,678,312,-7.0,36.0,46.0,-5.981444835662842,-1.5258787870407104,4.2724609375,-0.7027587890625,0.2960205078125,0.183837890625
27.035,309,657,684,312,-7.0,36.0,46.0,14.221190452575684,-3.356933355331421,5.065917491912842,-0.718994140625,0.3302001953125,0.1690673828125
27.036,289,654,730,311,-7.0,36.0,46.0,19.95849609375,-4.33349609375,6.042479991912842,-0.728271484375,0.355224609375,0.16015625
27.045,312,695,756,312,-7.0,36.0,46.0,19.95849609375,-4.33349609375,6.042479991912842,-0.7252197265625,0.34716796875,0.137451171875
27.058,310,730,840,310,-7.0,36.0,46.0,28.930662155151367,-5.0048828125,7.507323741912842,-0.70703125,0.318603515625,0.104248046875
27.067,310,756,891,312,-7.0,36.0,46.0,32.28759765625,-5.493163585662842,8.1787109375,-0.6732177734375,0.3101806640625,0.0904541015625
27.074,310,794,959,312,-7.0,36.0,46.0,34.423828125,-5.554198741912842,8.30078125,-0.6575927734375,0.32275390625,0.070556640625
27.088,310,848,1087,311,-7.0,36.0,46.0,36.2548828125,-3.173827886581421,7.507323741912842,-0.6768798828125,0.317138671875,0.0
27.100,310,875,1143,312,-7.0,36.0,46.0,38.9404296875,0.9765624403953552,5.554198741912842,-0.6741943359375,0.267578125,-0.08837890625
27.104,310,916,1196,312,-7.0,36.0,46.0,41.137691497802734,3.784179449081421,2.929687261581421,-0.6551513671875,0.2117919921875,-0.1630859375
27.125,310,974,1286,312,-7.0,36.0,46.0,39.24560546875,2.624511480331421,1.2817381620407104,-0.6732177734375,0.2412109375,-0.2298583984375
27.126,310,1011,1349,312,-7.0,36.0,46.0,32.1044921875,-3.723144292831421,-0.9155272841453552,-0.7391357421875,0.3681640625,-0.2581787109375
27.141,311,1039,1400,314,-7.0,36.0,46.0,20.507810592651367,-12.939452171325684,-6.896972179412842,-0.8929443359375,0.509521484375,-0.231689453125
27.149,312,1094,1464,312,-7.0,36.0,46.0,4.08935546875,-22.155759811401367,-16.357421875,-1.079833984375,0.5023193359375,-0.1075439453125
27.156,310,1120,1502,314,-7.0,36.0,46.0,-11.230467796325684,-28.381345748901367,-24.230955123901367,-1.231689453125,0.385986328125,0.0997314453125
27.165,310,1141,1534,312,-7.0,36.0,46.0,-17.51708984375,-29.479978561401367,-23.681638717651367,-1.400634765625,0.422119140625,0.251220703125
27.181,312,1170,1569,312,-7.0,36.0,46.0,-16.78466796875,-26.611326217651367,-14.099120140075684,-1.58984375,0.569580078125,0.3109130859375
27.186,311,1173,1578,314,-7.0,36.0,46.0,-12.573241233825684,-21.606443405151367,-2.929687261581421,-1.725830078125,0.6103515625,0.333740234375
27.194,310,1157,1557,314,-7.0,36.0,46.0,-5.065917491912842,-14.160155296325684,4.21142578125,-1.6846923828125,0.511962890625,0.3450927734375
27.208,311,1139,1521,314,-7.0,38.0,42.0,5.371093273162842,-2.624511480331421,6.713866710662842,-1.362060546875,0.332763671875,0.3172607421875
27.221,310,1125,1490,314,-7.0,38.0,42.0,16.11328125,11.779784202575684,5.920409679412842,-0.9757080078125,0.2708740234375,0.1737060546875
27.225,310,1105,1464,314,-7.0,38.0,42.0,18.98193359375,21.911619186401367,4.45556640625,-0.859375,0.4302978515625,-0.0572509765625
27.238,310,1093,1460,312,-7.0,38.0,42.0,8.85009765625,21.728513717651367,1.220703125,-0.9727783203125,0.5787353515625,-0.2060546875
27.247,310,1085,1450,314,-7.0,38.0,42.0,-7.324218273162842,14.038084983825684,-6.164550304412842,-1.184326171875,0.615966796875,-0.197509765625
27.254,310,1078,1428,314,-7.0,38.0,42.0,-22.888181686401367,4.2724609375,-13.793944358825684,-1.440185546875,0.6087646484375,-0.057861328125
27.269,310,1047,1365,313,-7.0,38.0,42.0,-35.82763671875,-3.540038824081421,-15.808104515075684,-1.616943359375,0.559326171875,0.150146484375
27.306,310,1022,1326,313,-7.0,38.0,42.0,-39.36767578125,-5.432128429412842,-11.535643577575684,-1.6336669921875,0.46630859375,0.311767578125
27.311,311,989,1281,315,-7.0,38.0,42.0,-29.907224655151367,0.30517578125,-2.990722417831421,-1.515625,0.4139404296875,0.361572265625
27.316,310,933,1183,312,-7.0,38.0,42.0,-13.305663108825684,9.8876953125,7.202147960662842,-1.325927734375,0.4461669921875,0.3182373046875
27.316,311,902,1125,313,-8.0,36.0,47.0,1.0986328125,18.49365234375,14.709471702575684,-1.111328125,0.4547119140625,0.224853515625
27.316,310,859,1051,314,-8.0,36.0,47.0,9.21630859375,24.536130905151367,16.357421875,-0.912109375,0.4212646484375,0.107666015625
27.334,310,799,966,310,-8.0,36.0,47.0,12.084959983825684,27.526853561401367,12.939452171325684,-0.75927734375,0.40478515625,-0.0135498046875
27.339,310,770,927,313,-8.0,36.0,47.0,11.108397483825684,26.855466842651367,6.347655773162842,-0.6527099609375,0.392578125,-0.091064453125
27.344,311,750,889,312,-8.0,36.0,47.0,8.1787109375,22.521970748901367,-1.8920897245407104,-0.5955810546875,0.3438720703125,-0.1363525390625
27.358,310,703,814,311,-8.0,36.0,47.0,4.39453125,16.9677734375,-9.521484375,-0.6055908203125,0.2706298828125,-0.1729736328125
27.366,310,685,780,312,-8.0,36.0,47.0,-0.1831054538488388,11.352538108825684,-14.709471702575684,-0.6597900390625,0.189453125,-0.1629638671875
27.375,310,658,751,313,-8.0,36.0,47.0,-5.126952648162842,5.798339366912842,-17.51708984375,-0.708740234375,0.1119384765625,-0.121826171875
27.388,309,621,713,311,-8.0,36.0,47.0,-10.681151390075684,1.6479490995407104,-18.00537109375,-0.7236328125,0.081298828125,-0.0172119140625
27.410,310,604,698,311,-8.0,36.0,47.0,-17.51708984375,-1.3427733182907104,-16.2353515625,-0.7236328125,0.081298828125,-0.0172119140625
27.410,311,585,689,312,-9.0,37.0,48.0,-23.803709030151367,-2.929687261581421,-12.756346702575684,-0.7021484375,0.0909423828125,0.012939453125
27.436,310,566,678,312,-9.0,37.0,48.0,-26.428220748901367,-3.112792730331421,-6.835937023162842,-0.677001953125,0.281005859375,0.07861328125
27.436,308,564,674,312,-9.0,37.0,48.0,-25.085447311401367,-3.723144292831421,-0.0610351525247097,-0.677001953125,0.281005859375,0.07861328125
27.436,310,567,674,311,-9.0,37.0,48.0,-22.338865280151367,-5.126952648162842,4.39453125,-0.6522216796875,0.3643798828125,0.108642578125
27.449,310,580,683,310,-9.0,37.0,48.0,-19.775390625,-6.469726085662842,5.676269054412842,-0.641357421875,0.4453125,0.1409912109375
27.465,310,587,685,312,-9.0,37.0,48.0,-16.41845703125,-7.324218273162842,4.82177734375,-0.641357421875,0.4453125,0.1409912109375
27.466,310,592,691,312,-9.0,37.0,48.0,-11.657713890075684,-7.568358898162842,2.990722417831421,-0.6636962890625,0.4656982421875,0.1424560546875
27.480,310,607,703,312,-9.0,37.0,48.0,-6.591796398162842,-7.202147960662842,1.4038084745407104,-0.6971435546875,0.3603515625,0.1512451171875
27.487,310,617,716,313,-9.0,37.0,48.0,-1.7089842557907104,-6.103515148162842,0.7324218153953552,-0.6971435546875,0.3603515625,0.1512451171875
27.495,310,633,725,313,-9.0,37.0,48.0,2.929687261581421,-4.82177734375,1.03759765625,-0.69677734375,0.300048828125,0.16748046875
27.516,310,657,745,312,-7.0,36.0,46.0,6.958007335662842,-3.723144292831421,1.9531248807907104,-0.6781005859375,0.2745361328125,0.16845703125
27.517,310,674,763,312,-7.0,36.0,46.0,11.047362327575684,-3.234863042831421,2.746581792831421,-0.6781005859375,0.2745361328125,0.16845703125
27.532,309,693,777,313,-7.0,36.0,46.0,15.441893577575684,-3.601073980331421,3.356933355331421,-0.6734619140625,0.3079833984375,0.1600341796875
27.547,310,740,840,312,-7.0,36.0,46.0,20.01953125,-5.249022960662842,3.845214605331421,-0.6331787109375,0.2998046875,0.1243896484375
27.547,310,767,904,311,-7.0,36.0,46.0,20.01953125,-5.249022960662842,3.845214605331421,-0.6220703125,0.2725830078125,0.094482421875
27.554,311,802,969,312,-7.0,36.0,46.0,22.155759811401367,-5.310058116912842,4.45556640625,-0.6220703125,0.2725830078125,0.094482421875
27.568,310,868,1074,311,-7.0,36.0,46.0,30.090330123901367,-2.0751953125,9.765625,-0.7955322265625,0.3966064453125,-0.069091796875
27.576,310,905,1129,312,-7.0,36.0,46.0,30.090330123901367,-2.0751953125,9.765625,-0.8392333984375,0.317626953125,-0.110107421875
27.584,310,944,1198,312,-7.0,36.0,46.0,28.198240280151367,-0.0610351525247097,9.033203125,-0.8392333984375,0.317626953125,-0.110107421875
27.598,310,1013,1294,312,-8.0,36.0,46.0,26.367185592651367,-3.051757574081421,-5.249022960662842,-0.7100830078125,0.0238037109375,-0.0657958984375
27.612,310,1035,1348,312,-8.0,36.0,46.0,26.367185592651367,-3.051757574081421,-5.249022960662842,-0.7735595703125,0.1767578125,-0.132080078125
27.614,310,1071,1399,314,-8.0,36.0,46.0,33.203125,-7.080077648162842,-7.751464366912842,-0.7735595703125,0.1767578125,-0.132080078125
27.639,310,1116,1460,312,-8.0,36.0,46.0,11.291502952575684,-17.4560546875,-3.845214605331421,-1.1580810546875,0.5335693359375,-0.158447265625
27.640,310,1132,1498,314,-8.0,36.0,46.0,11.291502952575684,-17.4560546875,-3.845214605331421,-1.3082275390625,0.507568359375,0.010498046875
27.645,310,1151,1528,314,-8.0,36.0,46.0,-13.183592796325684,-21.057126998901367,-5.859374523162842,-1.3082275390625,0.507568359375,0.010498046875
27.658,312,1183,1567,312,-8.0,36.0,46.0,-22.277830123901367,-18.98193359375,-6.713866710662842,-1.4346923828125,0.570556640625,0.3489990234375
27.673,311,1189,1578,313,-8.0,36.0,46.0,-22.277830123901367,-18.98193359375,-6.713866710662842,-1.47314453125,0.574951171875,0.3929443359375
27.675,310,1189,1572,314,-8.0,36.0,46.0,-11.230467796325684,-14.038084983825684,-2.13623046875,-1.49609375,0.533447265625,0.32080078125
27.688,310,1173,1527,312,-8.0,36.0,46.0,12.451170921325684,1.7089842557907104,5.737304210662842,-1.4112548828125,0.4713134765625,0.160888671875
27.696,310,1160,1508,313,-6.0,36.0,44.0,17.333984375,8.9111328125,5.126952648162842,-1.1700439453125,0.376953125,-0.0089111328125
27.704,311,1145,1484,313,-6.0,36.0,44.0,17.333984375,8.9111328125,5.126952648162842,-0.970458984375,0.36962890625,-0.1275634765625
27.728,310,1120,1456,314,-6.0,36.0,44.0,2.0751953125,8.85009765625,-0.7324218153953552,-0.9537353515625,0.4559326171875,-0.15283203125
27.729,294,1116,1450,311,-6.0,36.0,44.0,-11.474608421325684,1.7089842557907104,-5.187987804412842,-1.0745849609375,0.5240478515625,-0.081298828125
27.741,310,1108,1435,313,-6.0,36.0,44.0,-11.474608421325684,1.7089842557907104,-5.187987804412842,-1.306640625,0.5833740234375,0.0338134765625
27.748,310,1087,1396,314,-6.0,36.0,44.0,-27.221677780151367,-9.33837890625,-13.366698265075684,-1.5325927734375,0.5933837890625,0.17578125
27.756,310,1064,1359,314,-6.0,36.0,44.0,-31.982419967651367,-9.21630859375,-12.145995140075684,-1.611083984375,0.501708984375,0.2999267578125
27.765,310,1035,1323,314,-6.0,36.0,44.0,-31.982419967651367,-9.21630859375,-12.145995140075684,-1.5308837890625,0.40625,0.3480224609375
27.788,310,982,1234,312,-6.0,36.0,44.0,-16.90673828125,6.530761241912842,2.746581792831421,-1.374267578125,0.4130859375,0.3250732421875
27.788,310,943,1162,312,-6.0,36.0,44.0,-3.479003667831421,15.197752952575684,12.512206077575684,-1.1900634765625,0.440185546875,0.2603759765625
27.795,310,904,1108,312,-6.0,36.0,44.0,-3.479003667831421,15.197752952575684,12.512206077575684,-1.0013427734375,0.4111328125,0.173583984375
27.808,309,848,1022,313,-5.0,36.0,44.0,12.878417015075684,25.695798873901367,16.11328125,-0.844970703125,0.3883056640625,0.060302734375
27.816,310,809,966,312,-5.0,36.0,44.0,16.357421875,26.794431686401367,11.230467796325684,-0.7347412109375,0.3975830078125,-0.0467529296875
27.824,310,780,928,312,-5.0,36.0,44.0,16.357421875,26.794431686401367,11.230467796325684,-0.67333984375,0.3734130859375,-0.117431640625
27.845,311,736,848,312,-5.0,36.0,44.0,13.305663108825684,20.01953125,-3.234863042831421,-0.656005859375,0.312744140625,-0.164794921875
27.846,309,707,806,312,-5.0,36.0,44.0,6.164550304412842,16.2353515625,-9.1552734375,-0.678466796875,0.249755859375,-0.1572265625
27.854,310,685,766,311,-5.0,36.0,44.0,-3.417968511581421,11.901854515075684,-13.671874046325684,-0.7060546875,0.1539306640625,-0.08837890625
27.868,310,634,722,310,-5.0,36.0,44.0,-11.901854515075684,7.995604991912842,-17.2119140625,-0.7169189453125,0.063232421875,-0.025390625
27.876,310,601,703,311,-5.0,36.0,44.0,-17.15087890625,5.798339366912842,-18.24951171875,-0.6998291015625,0.0277099609375,-0.0013427734375
27.887,310,579,678,311,-5.0,36.0,44.0,-20.751951217651367,4.82177734375,-15.869139671325684,-0.6678466796875,0.0380859375,-0.001953125
27.898,311,554,673,312,-7.0,34.0,44.0,-22.827146530151367,4.150390625,-9.82666015625,-0.6610107421875,0.1181640625,0.002685546875
27.906,310,542,668,312,-7.0,34.0,44.0,-22.155759811401367,2.50244140625,-1.8310545682907104,-0.6593017578125,0.255859375,0.029541015625
27.919,310,523,666,312,-7.0,34.0,44.0,-19.95849609375,0.0610351525247097,4.08935546875,-0.648193359375,0.3636474609375,0.0599365234375
27.928,310,532,676,310,-7.0,34.0,44.0,-18.1884765625,-1.8310545682907104,6.103515148162842,-0.63916015625,0.404541015625,0.083740234375
27.944,312,537,680,312,-7.0,34.0,44.0,-16.17431640625,-2.746581792831421,5.798339366912842,-0.63427734375,0.4268798828125,0.1043701171875
27.953,309,543,689,311,-7.0,34.0,44.0,-13.488768577575684,-2.990722417831421,5.249022960662842,-0.6446533203125,0.4598388671875,0.127685546875
27.958,311,548,698,312,-7.0,34.0,44.0,-11.596678733825684,-2.746581792831421,4.638671875,-0.664794921875,0.4547119140625,0.1578369140625
27.967,310,558,705,312,-7.0,34.0,44.0,-9.8876953125,-1.7089842557907104,3.601073980331421,-0.684814453125,0.394775390625,0.177978515625
27.974,310,572,713,311,-7.0,34.0,44.0,-5.981444835662842,-0.1831054538488388,2.50244140625,-0.6944580078125,0.3389892578125,0.184814453125
27.993,309,594,730,311,-7.0,34.0,44.0,-0.1220703050494194,0.4272460639476776,2.01416015625,-0.6717529296875,0.3013916015625,0.190673828125
27.997,311,614,756,312,-7.0,37.0,43.0,6.835937023162842,0.1831054538488388,2.13623046875,-0.6331787109375,0.2718505859375,0.1817626953125
28.004,309,636,778,311,-7.0,37.0,43.0,15.014647483825684,-0.4272460639476776,3.112792730331421,-0.6173095703125,0.2620849609375,0.156494140625
28.024,311,671,865,313,-7.0,37.0,43.0,22.949216842651367,-1.3427733182907104,4.39453125,-0.6065673828125,0.2808837890625,0.145263671875
28.028,310,710,927,312,-7.0,37.0,43.0,27.709959030151367,-2.197265625,4.7607421875,-0.5906982421875,0.293212890625,0.146240234375
28.052,309,740,966,312,-7.0,37.0,43.0,27.832029342651367,-1.6479490995407104,3.967284917831421,-0.608154296875,0.2874755859375,0.1248779296875
28.052,310,811,1074,312,-7.0,37.0,43.0,25.634763717651367,1.03759765625,3.845214605331421,-0.671630859375,0.3165283203125,0.052490234375
28.056,310,846,1139,312,-7.0,37.0,43.0,23.498533248901367,4.45556640625,4.94384765625,-0.7296142578125,0.3447265625,-0.051025390625
28.065,310,899,1198,313,-7.0,37.0,43.0,24.230955123901367,5.554198741912842,3.234863042831421,-0.7158203125,0.2620849609375,-0.12548828125
28.079,310,975,1281,312,-7.0,37.0,43.0,30.212400436401367,3.845214605331421,-1.5869139432907104,-0.6893310546875,0.1234130859375,-0.1849365234375
28.086,310,1014,1323,312,-7.0,37.0,43.0,37.90283203125,0.2441406100988388,-4.33349609375,-0.7255859375,0.108642578125,-0.23388671875
28.101,308,1043,1365,312,-7.0,36.0,43.0,38.75732421875,-5.554198741912842,-3.845214605331421,-0.8465576171875,0.2442626953125,-0.2073974609375
28.108,310,1092,1424,312,-7.0,36.0,43.0,28.808591842651367,-12.390135765075684,-3.417968511581421,-1.042724609375,0.413818359375,-0.1055908203125
28.116,310,1122,1450,312,-7.0,36.0,43.0,10.803221702575684,-17.39501953125,-5.249022960662842,-1.22216796875,0.462890625,0.052490234375
28.124,310,1139,1472,312,-7.0,36.0,43.0,-5.371093273162842,-17.333984375,-7.812499523162842,-1.33056640625,0.4588623046875,0.18701171875
28.146,311,1163,1500,313,-7.0,36.0,43.0,-12.634276390075684,-11.962889671325684,-6.408690929412842,-1.4403076171875,0.561279296875,0.21875
28.149,310,1183,1498,314,-7.0,36.0,43.0,-13.671874046325684,-5.676269054412842,-0.7934569716453552,-1.587158203125,0.652587890625,0.22900390625
28.155,310,1176,1483,312,-7.0,36.0,43.0,-10.864256858825684,-0.54931640625,3.906249761581421,-1.6893310546875,0.622802734375,0.2393798828125
28.168,310,1160,1434,312,-7.0,36.0,43.0,-2.563476324081421,5.676269054412842,5.0048828125,-1.31591796875,0.4075927734375,0.05322265625
28.176,310,1145,1411,313,-7.0,36.0,43.0,8.6669921875,12.329100608825684,3.173827886581421,-1.31591796875,0.4075927734375,0.05322265625
28.184,308,1129,1388,312,-7.0,36.0,43.0,18.61572265625,16.66259765625,-0.1831054538488388,-0.9769287109375,0.3541259765625,-0.1116943359375
28.205,310,1105,1377,312,-5.0,37.0,42.0,18.798828125,14.587401390075684,-3.112792730331421,-1.00146484375,0.538818359375,-0.247314453125
28.206,310,1104,1377,312,-5.0,37.0,42.0,4.39453125,5.493163585662842,-6.652831554412842,-1.00146484375,0.538818359375,-0.247314453125
28.214,308,1098,1371,312,-5.0,37.0,42.0,-13.732909202575684,-4.8828125,-12.695311546325684,-1.1922607421875,0.546875,-0.1346435546875
28.228,310,1078,1339,314,-5.0,37.0,42.0,-28.625486373901367,-13.000487327575684,-17.39501953125,-1.5767822265625,0.52685546875,0.213134765625
28.236,310,1055,1305,312,-5.0,37.0,42.0,-39.4287109375,-17.76123046875,-17.63916015625,-1.5767822265625,0.52685546875,0.213134765625
28.261,311,1035,1268,314,-5.0,37.0,42.0,-40.10009765625,-15.869139671325684,-13.671874046325684,-1.568115234375,0.3978271484375,0.3463134765625
28.261,310,981,1201,312,-5.0,37.0,42.0,-27.770994186401367,-6.225585460662842,-5.737304210662842,-1.2550048828125,0.370361328125,0.3502197265625
28.266,310,953,1153,313,-5.0,37.0,42.0,-9.033203125,6.103515148162842,5.371093273162842,-1.2550048828125,0.370361328125,0.3502197265625
28.274,310,920,1097,313,-5.0,37.0,42.0,6.164550304412842,16.6015625,14.526366233825684,-1.055908203125,0.3990478515625,0.253173828125
28.288,310,861,981,312,-5.0,37.0,42.0,14.648436546325684,24.475095748901367,17.39501953125,-0.7777099609375,0.357177734375,-0.03271484375
28.296,308,819,928,312,-5.0,37.0,48.0,18.85986328125,28.442380905151367,14.831542015075684,-0.706298828125,0.37109375,-0.125732421875
28.315,310,794,882,312,-5.0,37.0,48.0,19.6533203125,27.709959030151367,8.97216796875,-0.706298828125,0.37109375,-0.125732421875
28.318,309,758,823,312,-5.0,37.0,48.0,9.09423828125,17.76123046875,-6.408690929412842,-0.6866455078125,0.3289794921875,-0.1973876953125
28.359,309,732,794,312,-5.0,37.0,48.0,9.09423828125,17.76123046875,-6.408690929412842,-0.7305908203125,0.2677001953125,-0.1959228515625
28.359,310,713,763,313,-5.0,37.0,48.0,-2.50244140625,12.756346702575684,-12.207030296325684,-0.7305908203125,0.2677001953125,-0.1959228515625
28.360,310,673,710,312,-5.0,37.0,48.0,-20.507810592651367,4.39453125,-16.6015625,-0.793212890625,0.14501953125,-0.10107421875
28.360,310,654,685,311,-5.0,37.0,48.0,-20.507810592651367,4.39453125,-16.6015625,-0.7598876953125,0.1336669921875,0.00146484375
28.364,310,629,671,312,-5.0,37.0,48.0,-24.902341842651367,0.0,-14.160155296325684,-0.7598876953125,0.1336669921875,0.00146484375
28.379,310,603,648,312,-5.0,37.0,48.0,-24.719236373901367,-4.5166015625,-5.493163585662842,-0.6649169921875,0.0843505859375,0.1163330078125
28.386,310,594,640,312,-5.0,37.0,48.0,-24.719236373901367,-4.5166015625,-5.493163585662842,-0.6552734375,0.1453857421875,0.1014404296875
28.394,310,588,642,311,-7.0,37.0,50.0,-19.4091796875,-2.25830078125,-0.54931640625,-0.6552734375,0.1453857421875,0.1014404296875
28.408,310,585,648,311,-7.0,37.0,50.0,-10.131834983825684,0.2441406100988388,6.896972179412842,-0.6533203125,0.39599609375,0.068115234375
28.432,310,586,654,312,-7.0,37.0,50.0,-10.131834983825684,0.2441406100988388,6.896972179412842,-0.6619873046875,0.460693359375,0.067626953125
28.433,310,591,653,312,-7.0,37.0,50.0,-10.986327171325684,-1.0986328125,7.446288585662842,-0.6619873046875,0.460693359375,0.067626953125
28.438,310,601,660,311,-7.0,37.0,50.0,-15.197752952575684,-3.234863042831421,6.469726085662842,-0.7108154296875,0.4403076171875,0.108154296875
28.448,310,606,662,310,-7.0,37.0,50.0,-13.732909202575684,-2.685546636581421,5.249022960662842,-0.73046875,0.3504638671875,0.13134765625
28.462,312,616,664,311,-7.0,37.0,50.0,-13.732909202575684,-2.685546636581421,5.249022960662842,-0.742431640625,0.2718505859375,0.1510009765625
28.468,308,644,683,310,-7.0,37.0,50.0,-1.5258787870407104,-0.6103515625,4.33349609375,-0.7469482421875,0.2637939453125,0.1558837890625
28.476,310,660,694,312,-7.0,37.0,50.0,6.103515148162842,-1.0986328125,4.7607421875,-0.743896484375,0.3115234375,0.141845703125
28.484,310,676,705,312,-7.0,37.0,50.0,6.103515148162842,-1.0986328125,4.7607421875,-0.7275390625,0.3507080078125,0.120849609375
28.499,310,704,739,311,-7.0,37.0,44.0,14.709471702575684,-5.371093273162842,5.0048828125,-0.7083740234375,0.346923828125,0.0985107421875
28.506,310,718,762,312,-7.0,37.0,44.0,16.90673828125,-6.652831554412842,5.065917491912842,-0.7001953125,0.322509765625,0.070556640625
28.514,310,741,793,312,-7.0,37.0,44.0,16.90673828125,-6.652831554412842,5.065917491912842,-0.7042236328125,0.30615234375,0.0438232421875
28.539,310,799,861,312,-7.0,37.0,44.0,17.39501953125,-6.042479991912842,7.690429210662842,-0.72900390625,0.31640625,0.0091552734375
28.539,310,830,902,312,-7.0,37.0,44.0,15.075682640075684,-5.065917491912842,10.620116233825684,-0.7562255859375,0.3492431640625,-0.04345703125
28.547,310,859,944,314,-7.0,37.0,44.0,15.075682640075684,-5.065917491912842,10.620116233825684,-0.737548828125,0.34228515625,-0.0888671875
28.564,309,918,1069,312,-7.0,37.0,44.0,12.268065452575684,-8.48388671875,7.873534679412842,-0.6717529296875,0.2498779296875,-0.11474609375
28.566,310,947,1136,313,-7.0,37.0,44.0,17.27294921875,-11.413573265075684,2.01416015625,-0.5909423828125,0.12841796875,-0.1370849609375
28.575,310,984,1209,313,-7.0,37.0,44.0,17.27294921875,-11.413573265075684,2.01416015625,-0.5633544921875,0.089599609375,-0.1612548828125
28.588,310,1035,1308,313,-7.0,37.0,44.0,27.893064498901367,-13.427733421325684,-8.23974609375,-0.6707763671875,0.256103515625,-0.1729736328125
28.596,311,1070,1357,312,-6.0,37.0,40.0,16.7236328125,-18.24951171875,-11.840819358825684,-0.9114990234375,0.5345458984375,-0.1505126953125
28.605,310,1103,1403,314,-6.0,37.0,40.0,-6.042479991912842,-25.939939498901367,-17.63916015625,-1.1861572265625,0.669921875,-0.0733642578125
28.618,310,1141,1471,314,-6.0,37.0,40.0,-30.273435592651367,-32.16552734375,-24.963376998901367,-1.3758544921875,0.5787353515625,0.0960693359375
28.654,311,1159,1506,314,-6.0,37.0,40.0,-41.320796966552734,-32.89794921875,-27.404783248901367,-1.4803466796875,0.430419921875,0.2833251953125
28.662,310,1175,1527,314,-6.0,37.0,40.0,-33.935546875,-28.198240280151367,-20.202634811401367,-1.5421142578125,0.3558349609375,0.429931640625
28.662,295,1185,1529,312,-6.0,37.0,40.0,-15.075682640075684,-20.263669967651367,-6.774901866912842,-1.5655517578125,0.3499755859375,0.4952392578125
28.663,310,1175,1508,314,-6.0,37.0,40.0,4.08935546875,-8.1787109375,5.249022960662842,-1.5284423828125,0.388671875,0.41357421875
28.666,310,1162,1484,314,-6.0,37.0,40.0,15.075682640075684,6.652831554412842,10.803221702575684,-1.32763671875,0.3704833984375,0.2525634765625
28.679,310,1139,1432,313,-6.0,37.0,40.0,19.4091796875,20.01953125,9.94873046875,-1.0447998046875,0.3204345703125,0.069580078125
28.686,310,1125,1406,314,-6.0,37.0,40.0,17.9443359375,26.062009811401367,6.958007335662842,-0.9300537109375,0.3907470703125,-0.0980224609375
28.694,310,1112,1401,314,-7.0,36.0,47.0,7.080077648162842,22.277830123901367,3.601073980331421,-0.9949951171875,0.5167236328125,-0.179931640625
28.710,311,1103,1387,314,-7.0,36.0,47.0,-9.033203125,13.610838890075684,-2.3193359375,-1.169677734375,0.588134765625,-0.1552734375
28.716,310,1092,1367,315,-7.0,36.0,47.0,-23.559568405151367,4.45556640625,-9.21630859375,-1.3963623046875,0.6041259765625,-0.038330078125
28.724,310,1078,1346,314,-7.0,36.0,47.0,-32.65380859375,-2.929687261581421,-12.756346702575684,-1.5482177734375,0.548583984375,0.1318359375
28.757,312,1042,1285,312,-7.0,36.0,47.0,-31.677244186401367,-5.493163585662842,-11.047362327575684,-1.5562744140625,0.4552001953125,0.25634765625
28.757,294,986,1243,312,-7.0,36.0,47.0,-20.935056686401367,-1.9531248807907104,-4.45556640625,-1.4527587890625,0.4307861328125,0.287109375
28.766,310,982,1183,313,-7.0,36.0,47.0,-7.446288585662842,5.0048828125,4.8828125,-1.2940673828125,0.464599609375,0.255615234375
28.768,310,928,1096,312,-7.0,36.0,47.0,3.051757574081421,12.145995140075684,11.596678733825684,-1.09326171875,0.4307861328125,0.2041015625
28.779,310,893,1050,313,-7.0,36.0,47.0,9.765625,18.61572265625,12.817381858825684,-0.8922119140625,0.352294921875,0.1378173828125
28.784,310,861,1000,312,-7.0,36.0,47.0,13.183592796325684,23.498533248901367,10.192870140075684,-0.7452392578125,0.313720703125,0.0540771484375
28.798,310,816,927,312,-6.0,36.0,45.0,13.671874046325684,25.390623092651367,5.432128429412842,-0.66943359375,0.3170166015625,-0.012939453125
28.813,310,785,900,312,-6.0,36.0,45.0,12.512206077575684,23.742673873901367,-0.8544921278953552,-0.650634765625,0.318115234375,-0.0693359375
28.814,310,772,874,312,-6.0,36.0,45.0,8.9111328125,20.568845748901367,-7.751464366912842,-0.6671142578125,0.3187255859375,-0.1309814453125
28.829,310,742,819,312,-6.0,36.0,45.0,0.7934569716453552,17.08984375,-13.610838890075684,-0.7083740234375,0.313720703125,-0.1524658203125
28.850,309,718,782,312,-6.0,36.0,45.0,-10.498045921325684,12.573241233825684,-17.76123046875,-0.7523193359375,0.2415771484375,-0.11572265625
28.850,310,705,751,299,-6.0,36.0,45.0,-19.8974609375,7.629394054412842,-19.4091796875,-0.7890625,0.1270751953125,-0.0491943359375
28.870,310,673,749,311,-6.0,36.0,45.0,-23.010251998901367,2.807616949081421,-17.39501953125,-0.7984619140625,0.0609130859375,0.0203857421875
28.870,311,657,732,312,-6.0,36.0,45.0,-20.568845748901367,-0.7934569716453552,-12.939452171325684,-0.7637939453125,0.05224609375,0.059326171875
28.874,310,642,721,312,-6.0,36.0,45.0,-15.441893577575684,-1.6479490995407104,-7.629394054412842,-0.726806640625,0.0906982421875,0.056396484375
28.888,310,629,711,311,-6.0,39.0,46.0,-9.70458984375,-0.9155272841453552,-1.220703125,-0.708984375,0.1812744140625,0.04736328125
28.896,310,621,707,312,-6.0,39.0,46.0,-5.065917491912842,-0.6713866591453552,5.065917491912842,-0.697021484375,0.2899169921875,0.0504150390625
28.904,310,618,705,312,-6.0,39.0,46.0,-2.868652105331421,-1.15966796875,8.9111328125,-0.684326171875,0.373046875,0.058349609375
28.919,310,630,711,312,-6.0,39.0,46.0,-2.807616949081421,-1.7089842557907104,10.009765625,-0.67919921875,0.435546875,0.089599609375
28.926,309,634,714,312,-6.0,39.0,46.0,-3.845214605331421,-2.13623046875,9.6435546875,-0.67919921875,0.435546875,0.089599609375
28.934,310,648,717,312,-6.0,39.0,46.0,-5.0048828125,-2.624511480331421,9.033203125,-0.6890869140625,0.4222412109375,0.114501953125
28.981,310,673,729,312,-6.0,39.0,46.0,-4.8828125,-2.929687261581421,8.23974609375,-0.7003173828125,0.283203125,0.14697265625
28.981,310,685,749,310,-6.0,39.0,46.0,-1.4648436307907104,-2.746581792831421,7.324218273162842,-0.7003173828125,0.283203125,0.14697265625
28.981,309,678,739,312,-6.0,39.0,46.0,5.187987804412842,-2.746581792831421,6.652831554412842,-0.7083740234375,0.25830078125,0.1435546875
28.981,310,718,782,312,-6.0,39.0,46.0,12.451170921325684,-3.417968511581421,6.408690929412842,-0.7042236328125,0.331298828125,0.1011962890625
28.986,310,740,805,312,-7.0,34.0,47.0,18.00537109375,-4.94384765625,6.713866710662842,-0.7042236328125,0.331298828125,0.1011962890625
28.995,311,764,846,312,-7.0,34.0,47.0,20.629880905151367,-6.896972179412842,7.202147960662842,-0.678955078125,0.3348388671875,0.08984375
29.008,310,813,920,311,-7.0,34.0,47.0,21.667478561401367,-7.568358898162842,7.934569835662842,-0.7171630859375,0.337646484375,0.0145263671875
29.018,310,840,963,312,-7.0,34.0,47.0,23.254392623901367,-5.920409679412842,10.314940452575684,-0.7171630859375,0.337646484375,0.0145263671875
29.024,311,868,1000,311,-7.0,34.0,47.0,23.620603561401367,-3.967284917831421,13.549803733825684,-0.7559814453125,0.3741455078125,-0.0379638671875
29.038,310,932,1105,312,-7.0,34.0,47.0,19.71435546875,-3.601073980331421,13.854979515075684,-0.6700439453125,0.171630859375,-0.058349609375
29.046,310,968,1160,314,-7.0,34.0,47.0,14.343260765075684,-3.662109136581421,10.742186546325684,-0.6700439453125,0.171630859375,-0.058349609375
29.075,310,998,1215,312,-7.0,34.0,47.0,12.573241233825684,-2.868652105331421,5.493163585662842,-0.573486328125,0.0753173828125,-0.014404296875
29.079,310,1064,1311,313,-7.0,34.0,47.0,12.512206077575684,-2.38037109375,-9.33837890625,-0.658447265625,0.295654296875,-0.0634765625
29.079,311,1096,1367,314,-7.0,34.0,47.0,12.512206077575684,-2.38037109375,-9.33837890625,-0.924560546875,0.4813232421875,-0.1275634765625
29.085,311,1129,1404,314,-7.0,39.0,49.0,7.202147960662842,-6.469726085662842,-13.366698265075684,-0.924560546875,0.4813232421875,-0.1275634765625
29.099,310,1162,1460,313,-7.0,39.0,49.0,-12.939452171325684,-17.578125,-12.573241233825684,-1.4327392578125,0.4786376953125,0.0045166015625
29.109,310,1175,1478,314,-7.0,39.0,49.0,-12.939452171325684,-17.578125,-12.573241233825684,-1.46923828125,0.4071044921875,0.207763671875
29.118,310,1191,1502,312,-7.0,39.0,49.0,-17.63916015625,-17.27294921875,-8.9111328125,-1.46923828125,0.4071044921875,0.207763671875
29.129,311,1204,1514,312,-7.0,39.0,49.0,-9.82666015625,-4.0283203125,2.868652105331421,-1.3699951171875,0.45654296875,0.4415283203125
29.137,310,1204,1511,314,-7.0,39.0,49.0,1.5869139432907104,5.493163585662842,7.446288585662842,-1.46142578125,0.5963134765625,0.2330322265625
29.148,310,1192,1472,313,-7.0,39.0,49.0,1.5869139432907104,5.493163585662842,7.446288585662842,-1.5067138671875,0.634765625,-0.0179443359375
29.185,311,1173,1428,313,-7.0,39.0,49.0,19.287109375,12.939452171325684,6.652831554412842,-1.294921875,0.4278564453125,-0.1243896484375
29.186,310,1155,1404,312,-7.0,39.0,49.0,20.080564498901367,10.803221702575684,2.807616949081421,-1.029052734375,0.2750244140625,-0.14111328125
29.186,311,1139,1391,314,-7.0,39.0,49.0,20.080564498901367,10.803221702575684,2.807616949081421,-0.9549560546875,0.382568359375,-0.146484375
29.189,310,1133,1388,312,-7.0,37.0,46.0,-0.7324218153953552,-0.4882812201976776,-0.9155272841453552,-1.05859375,0.549072265625,-0.097900390625
29.197,310,1123,1377,314,-7.0,37.0,46.0,-15.136717796325684,-6.164550304412842,-7.202147960662842,-1.299560546875,0.6468505859375,-0.001953125
29.205,311,1118,1353,314,-7.0,37.0,46.0,-15.136717796325684,-6.164550304412842,-7.202147960662842,-1.5328369140625,0.632080078125,0.1376953125
29.222,311,1082,1306,313,-7.0,37.0,46.0,-31.066892623901367,-10.192870140075684,-14.343260765075684,-1.597412109375,0.488037109375,0.284912109375
29.230,310,1055,1257,314,-7.0,37.0,46.0,-24.169919967651367,-5.676269054412842,-10.009765625,-1.4959716796875,0.357177734375,0.3427734375
29.235,310,1029,1201,314,-7.0,37.0,46.0,-24.169919967651367,-5.676269054412842,-10.009765625,-1.3355712890625,0.3792724609375,0.2952880859375
29.250,311,972,1118,312,-7.0,37.0,46.0,3.234863042831421,11.535643577575684,9.033203125,-1.1630859375,0.4393310546875,0.19775390625
29.257,310,935,1057,314,-7.0,37.0,46.0,9.58251953125,17.9443359375,13.244627952575684,-0.9903564453125,0.4169921875,0.09033203125
29.284,312,907,996,314,-7.0,37.0,46.0,9.58251953125,17.9443359375,13.244627952575684,-0.8507080078125,0.3701171875,-0.0052490234375
29.286,308,846,922,312,-7.0,37.0,46.0,8.72802734375,23.376462936401367,8.11767578125,-0.7677001953125,0.3541259765625,-0.076904296875
29.287,311,809,878,312,-6.0,37.0,47.0,4.33349609375,21.301267623901367,2.807616949081421,-0.73046875,0.3499755859375,-0.1148681640625
29.295,310,784,834,312,-6.0,37.0,47.0,-3.112792730331421,17.63916015625,-3.051757574081421,-0.718994140625,0.337646484375,-0.14013671875
29.319,310,739,772,311,-6.0,37.0,47.0,-12.634276390075684,14.404295921325684,-8.23974609375,-0.7398681640625,0.305908203125,-0.146240234375
29.319,310,711,745,312,-6.0,37.0,47.0,-21.850584030151367,10.498045921325684,-12.145995140075684,-0.770751953125,0.214599609375,-0.1015625
29.325,310,685,707,312,-6.0,37.0,47.0,-26.977537155151367,5.737304210662842,-14.404295921325684,-0.779052734375,0.0938720703125,-0.0244140625
29.339,310,634,660,312,-6.0,37.0,47.0,-26.489255905151367,1.5258787870407104,-13.916014671325684,-0.733154296875,0.0125732421875,0.0400390625
29.353,309,608,633,311,-6.0,37.0,47.0,-22.338865280151367,0.0,-10.803221702575684,-0.6634521484375,-0.0225830078125,0.05517578125
29.355,310,593,620,312,-6.0,37.0,47.0,-16.66259765625,0.7934569716453552,-5.981444835662842,-0.626708984375,0.01513671875,0.0491943359375
29.386,310,558,621,311,-6.0,37.0,47.0,-11.291502952575684,1.15966796875,0.4882812201976776,-0.624755859375,0.15283203125,0.0504150390625
29.386,310,551,616,311,-6.0,37.0,47.0,-8.1787109375,-0.1220703050494194,7.385253429412842,-0.63623046875,0.3223876953125,0.051513671875
29.386,310,545,613,296,-3.0,36.0,47.0,-8.056640625,-2.50244140625,11.596678733825684,-0.64306640625,0.41943359375,0.052001953125
29.394,310,548,616,312,-3.0,36.0,47.0,-8.85009765625,-4.2724609375,12.329100608825684,-0.6544189453125,0.452392578125,0.051025390625
29.408,310,554,622,310,-3.0,36.0,47.0,-9.6435546875,-4.7607421875,12.329100608825684,-0.67822265625,0.475830078125,0.063232421875
29.416,310,562,629,312,-3.0,36.0,47.0,-11.718749046325684,-5.0048828125,12.390135765075684,-0.7015380859375,0.470703125,0.0997314453125
29.432,310,568,636,312,-3.0,36.0,47.0,-14.404295921325684,-5.432128429412842,11.596678733825684,-0.7066650390625,0.408935546875,0.14697265625
29.438,310,579,653,311,-3.0,36.0,47.0,-14.160155296325684,-4.8828125,9.94873046875,-0.7003173828125,0.3338623046875,0.1756591796875
29.447,310,590,657,311,-3.0,36.0,47.0,-8.9111328125,-3.112792730331421,8.36181640625,-0.690185546875,0.3017578125,0.1815185546875
29.456,311,607,673,312,-3.0,36.0,47.0,-0.2441406100988388,-1.7089842557907104,7.019042491912842,-0.67626953125,0.302490234375,0.1790771484375
29.488,310,644,707,311,-3.0,36.0,47.0,8.48388671875,-1.2817381620407104,6.469726085662842,-0.6611328125,0.31005859375,0.1630859375
29.489,312,671,721,312,-3.0,36.0,47.0,14.587401390075684,-1.7089842557907104,7.446288585662842,-0.6427001953125,0.3096923828125,0.1378173828125
29.489,310,666,749,310,-7.0,34.0,47.0,18.310546875,-3.295898199081421,9.58251953125,-0.6116943359375,0.2967529296875,0.1280517578125
29.499,310,731,819,312,-7.0,34.0,47.0,21.545408248901367,-5.676269054412842,11.962889671325684,-0.5743408203125,0.2808837890625,0.1319580078125
29.507,310,780,905,313,-7.0,34.0,47.0,23.925779342651367,-6.774901866912842,13.610838890075684,-0.553955078125,0.2928466796875,0.1390380859375
29.515,310,813,955,313,-7.0,34.0,47.0,24.780271530151367,-4.638671875,14.282225608825684,-0.60595703125,0.35888671875,0.10546875
29.529,310,882,1081,312,-7.0,34.0,47.0,24.963376998901367,1.7700194120407104,14.770506858825684,-0.7237548828125,0.4283447265625,-0.023193359375
29.545,311,928,1155,314,-7.0,34.0,47.0,23.498533248901367,9.21630859375,13.854979515075684,-0.733642578125,0.3330078125,-0.142578125
29.545,309,946,1201,312,-7.0,34.0,47.0,22.827146530151367,12.329100608825684,9.46044921875,-0.5770263671875,0.02734375,-0.1307373046875
29.559,311,1050,1325,313,-7.0,34.0,47.0,32.28759765625,10.070799827575684,4.638671875,-0.446533203125,-0.2066650390625,-0.0714111328125
29.567,310,1085,1381,312,-7.0,34.0,47.0,53.344722747802734,4.57763671875,5.126952648162842,-0.5538330078125,-0.0648193359375,-0.0458984375
29.595,310,1112,1422,313,-7.0,34.0,47.0,68.17626953125,-0.7324218153953552,10.192870140075684,-0.926513671875,0.38818359375,-0.0810546875
29.595,294,1157,1478,314,-10.0,34.0,41.0,54.687496185302734,-2.807616949081421,9.82666015625,-1.648193359375,0.9036865234375,-0.1474609375
29.597,310,1172,1506,313,-10.0,34.0,41.0,14.953612327575684,-0.8544921278953552,-0.0610351525247097,-1.648193359375,0.9036865234375,-0.1474609375
29.606,311,1184,1521,314,-10.0,34.0,41.0,-27.099607467651367,1.5258787870407104,-9.033203125,-1.837646484375,0.9508056640625,-0.1046142578125
29.619,311,1189,1523,312,-10.0,34.0,41.0,-49.804683685302734,-1.9531248807907104,-9.033203125,-1.7391357421875,0.498779296875,0.42138671875
29.627,310,1183,1486,314,-10.0,34.0,41.0,-39.55078125,-7.873534679412842,-2.563476324081421,-1.7391357421875,0.498779296875,0.42138671875
29.635,310,1172,1460,313,-10.0,34.0,41.0,1.5869139432907104,-6.042479991912842,6.164550304412842,-1.400146484375,0.2630615234375,0.4312744140625
29.664,309,1143,1413,312,-10.0,34.0,41.0,49.865718841552734,5.0048828125,12.756346702575684,-0.943603515625,0.4906005859375,-0.3131103515625
29.664,310,1127,1407,314,-10.0,34.0,41.0,71.96044921875,15.686034202575684,13.305663108825684,-0.943603515625,0.4906005859375,-0.3131103515625
29.666,310,1122,1409,300,-10.0,34.0,41.0,49.255367279052734,15.136717796325684,5.554198741912842,-1.02685546875,0.658203125,-0.47021484375
29.699,310,1108,1398,312,-10.0,34.0,41.0,1.7700194120407104,4.21142578125,-8.23974609375,-1.4476318359375,0.5927734375,-0.0426025390625
29.699,308,1092,1379,312,-8.0,36.0,49.0,-36.7431640625,-7.690429210662842,-17.76123046875,-1.4476318359375,0.5927734375,-0.0426025390625
29.699,290,1076,1338,299,-8.0,36.0,49.0,-55.541988372802734,-14.953612327575684,-17.02880859375,-1.6873779296875,0.6265869140625,0.22314453125
29.710,311,1022,1272,314,-8.0,36.0,49.0,-54.260250091552734,-14.221190452575684,-10.559081077575684,-1.55810546875,0.4415283203125,0.44921875
29.717,310,987,1219,314,-8.0,36.0,49.0,-35.2783203125,-4.7607421875,-3.051757574081421,-1.55810546875,0.4415283203125,0.44921875
29.726,310,958,1151,313,-8.0,36.0,49.0,-8.72802734375,8.72802734375,6.042479991912842,-1.311279296875,0.4449462890625,0.364013671875
29.739,310,878,1012,312,-8.0,36.0,49.0,12.023924827575684,20.080564498901367,13.732909202575684,-0.874267578125,0.478759765625,0.0150146484375
29.747,310,840,943,312,-8.0,36.0,49.0,22.216794967651367,26.794431686401367,13.977049827575684,-0.753173828125,0.453125,-0.1566162109375
29.769,311,808,882,312,-8.0,36.0,49.0,25.390623092651367,29.052732467651367,6.774901866912842,-0.753173828125,0.453125,-0.1566162109375
29.769,310,753,805,312,-8.0,36.0,49.0,12.268065452575684,20.690916061401367,-13.854979515075684,-0.651611328125,0.3553466796875,-0.26416015625
29.791,310,725,770,311,-8.0,36.0,49.0,12.268065452575684,20.690916061401367,-13.854979515075684,-0.669921875,0.21435546875,-0.2396240234375
29.791,310,703,721,312,-9.0,37.0,46.0,-1.6479490995407104,13.854979515075684,-22.216794967651367,-0.669921875,0.21435546875,-0.2396240234375
29.805,310,634,660,311,-9.0,37.0,46.0,-19.47021484375,2.685546636581421,-27.587888717651367,-0.7049560546875,0.0283203125,-0.1602783203125
29.808,310,591,630,312,-9.0,37.0,46.0,-19.47021484375,2.685546636581421,-27.587888717651367,-0.6341552734375,0.0487060546875,-0.0853271484375
29.815,310,557,607,312,-9.0,37.0,46.0,-20.629880905151367,-2.868652105331421,-23.986814498901367,-0.6341552734375,0.0487060546875,-0.0853271484375
29.829,310,512,601,311,-9.0,37.0,46.0,-20.080564498901367,-9.82666015625,-12.084959983825684,-0.569580078125,0.10205078125,0.0223388671875
29.837,310,506,599,311,-9.0,37.0,46.0,-20.080564498901367,-9.82666015625,-12.084959983825684,-0.58935546875,0.21826171875,0.0599365234375
29.845,311,496,592,312,-9.0,37.0,46.0,-21.423337936401367,-12.512206077575684,-6.347655773162842,-0.58935546875,0.21826171875,0.0599365234375
29.865,310,490,600,311,-9.0,37.0,46.0,-24.841306686401367,-15.380858421325684,-2.624511480331421,-0.62109375,0.402587890625,0.0487060546875
29.867,308,494,603,312,-9.0,37.0,46.0,-24.841306686401367,-15.380858421325684,-2.624511480331421,-0.6395263671875,0.48095703125,0.0478515625
29.894,310,497,607,312,-9.0,37.0,46.0,-25.085447311401367,-14.709471702575684,-1.4648436307907104,-0.6395263671875,0.48095703125,0.0478515625
29.895,310,508,620,297,-4.0,36.0,45.0,-25.573728561401367,-13.977049827575684,1.4038084745407104,-0.679443359375,0.4775390625,0.135498046875
29.897,311,513,631,310,-4.0,36.0,45.0,-24.780271530151367,-12.817381858825684,0.0610351525247097,-0.6988525390625,0.356201171875,0.1751708984375
29.911,310,525,642,311,-4.0,36.0,45.0,-24.780271530151367,-12.817381858825684,0.0610351525247097,-0.73193359375,0.2646484375,0.194091796875
29.919,308,551,658,311,-4.0,36.0,45.0,-10.559081077575684,-7.568358898162842,1.8310545682907104,-0.7664794921875,0.2506103515625,0.1982421875
29.927,310,564,662,312,-4.0,36.0,45.0,-3.051757574081421,-6.164550304412842,6.713866710662842,-0.77685546875,0.2791748046875,0.194580078125
29.935,310,575,671,310,-4.0,36.0,45.0,-3.051757574081421,-6.164550304412842,6.713866710662842,-0.766845703125,0.30517578125,0.181884765625
29.949,310,604,688,312,-4.0,36.0,45.0,5.676269054412842,-4.150390625,15.502928733825684,-0.7607421875,0.3092041015625,0.158935546875
29.957,310,620,710,312,-4.0,36.0,45.0,10.742186546325684,-3.417968511581421,16.17431640625,-0.7528076171875,0.2991943359375,0.1365966796875
29.967,310,642,723,311,-4.0,36.0,45.0,10.742186546325684,-3.417968511581421,16.17431640625,-0.740966796875,0.2896728515625,0.114501953125
29.998,309,666,758,311,-9.0,37.0,46.0,18.85986328125,-5.065917491912842,14.587401390075684,-0.7418212890625,0.2884521484375,0.0836181640625
29.998,293,689,793,310,-9.0,37.0,46.0,20.446775436401367,-6.347655773162842,15.441893577575684,-0.75390625,0.2955322265625,0.0474853515625
29.998,312,711,833,312,-9.0,37.0,46.0,20.446775436401367,-6.347655773162842,15.441893577575684,-0.7540283203125,0.3099365234375,0.02685546875
30.016,310,778,919,312,-9.0,37.0,46.0,17.02880859375,-7.385253429412842,18.1884765625,-0.709716796875,0.3338623046875,0.0391845703125
30.017,310,814,986,312,-9.0,37.0,46.0,15.502928733825684,-5.615233898162842,18.85986328125,-0.6737060546875,0.382080078125,0.0330810546875
30.025,310,849,1063,312,-9.0,37.0,46.0,15.502928733825684,-5.615233898162842,18.85986328125,-0.6431884765625,0.3929443359375,-0.00830078125
30.039,311,922,1188,312,-9.0,37.0,46.0,18.00537109375,-0.8544921278953552,13.732909202575684,-0.5614013671875,0.2369384765625,-0.0389404296875
30.047,310,959,1250,313,-9.0,37.0,46.0,23.742673873901367,-0.4882812201976776,4.39453125,-0.4776611328125,0.0208740234375,-0.05810546875
30.056,310,1008,1321,312,-9.0,37.0,46.0,35.7666015625,-2.0751953125,-5.737304210662842,-0.4814453125,0.0301513671875,-0.09228515625
30.069,311,1078,1409,313,-9.0,37.0,46.0,44.250484466552734,-7.324218273162842,-12.756346702575684,-0.6800537109375,0.3621826171875,-0.1959228515625
30.077,311,1112,1457,312,-7.0,36.0,47.0,32.89794921875,-16.11328125,-16.90673828125,-1.0179443359375,0.7142333984375,-0.2919921875
30.108,310,1143,1487,314,-7.0,36.0,47.0,1.4038084745407104,-24.108884811401367,-21.484373092651367,-1.374755859375,0.868896484375,-0.2728271484375
30.109,310,1185,1538,314,-7.0,36.0,47.0,-34.97314453125,-28.686521530151367,-24.536130905151367,-1.7088623046875,0.852783203125,-0.090087890625
30.109,310,1198,1555,314,-7.0,36.0,47.0,-60.363765716552734,-31.494138717651367,-21.484373092651367,-1.946533203125,0.630126953125,0.27734375
30.116,308,1186,1545,313,-7.0,36.0,47.0,-62.194820404052734,-29.479978561401367,-10.559081077575684,-1.964599609375,0.292724609375,0.6776123046875
30.129,310,1176,1488,313,-7.0,36.0,47.0,-35.64453125,-15.624999046325684,5.798339366912842,-1.6180419921875,0.0596923828125,0.8297119140625
30.138,311,1166,1455,314,-7.0,36.0,47.0,9.033203125,8.85009765625,20.568845748901367,-1.082275390625,0.09814453125,0.526123046875
30.145,310,1147,1419,314,-7.0,36.0,47.0,50.292964935302734,30.761716842651367,27.404783248901367,-0.8359375,0.506103515625,-0.0960693359375
30.159,310,1127,1406,312,-7.0,36.0,47.0,58.471675872802734,34.5458984375,21.728513717651367,-0.9327392578125,0.89794921875,-0.5438232421875
30.174,310,1117,1404,314,-7.0,36.0,47.0,28.076169967651367,20.629880905151367,2.990722417831421,-1.1396484375,0.863525390625,-0.518798828125
30.175,296,1112,1397,312,-7.0,36.0,47.0,-14.038084983825684,2.3193359375,-17.15087890625,-1.4141845703125,0.647216796875,-0.1875
30.199,310,1083,1363,312,-12.0,37.0,44.0,-43.518062591552734,-10.864256858825684,-24.719236373901367,-1.6829833984375,0.5279541015625,0.1778564453125
30.207,311,1054,1315,313,-12.0,37.0,44.0,-50.964351654052734,-14.465331077575684,-18.6767578125,-1.8184814453125,0.4998779296875,0.4005126953125
30.208,287,998,1271,312,-12.0,37.0,44.0,-39.73388671875,-7.019042491912842,-6.774901866912842,-1.7747802734375,0.4649658203125,0.4403076171875
30.219,309,959,1183,313,-12.0,37.0,44.0,-18.73779296875,6.591796398162842,5.615233898162842,-1.5755615234375,0.474609375,0.3880615234375
30.231,310,902,1094,312,-12.0,37.0,44.0,3.540038824081421,18.5546875,16.29638671875,-1.289306640625,0.52587890625,0.2998046875
30.235,310,853,1011,312,-12.0,37.0,44.0,20.141599655151367,26.428220748901367,21.423337936401367,-1.0037841796875,0.5118408203125,0.1593017578125
30.249,311,766,884,312,-12.0,37.0,44.0,29.418943405151367,31.188962936401367,19.59228515625,-0.7742919921875,0.46142578125,-0.00341796875
30.257,310,725,819,312,-12.0,37.0,44.0,31.860349655151367,32.28759765625,13.549803733825684,-0.615478515625,0.3970947265625,-0.1199951171875
30.265,310,685,766,313,-12.0,37.0,44.0,27.404783248901367,28.991697311401367,5.615233898162842,-0.529296875,0.2548828125,-0.14697265625
30.279,308,620,671,312,-7.0,36.0,41.0,20.629880905151367,23.376462936401367,-3.295898199081421,-0.514892578125,0.0340576171875,-0.126220703125
30.302,310,562,636,311,-7.0,36.0,41.0,16.41845703125,18.98193359375,-11.962889671325684,-0.5257568359375,-0.1182861328125,-0.1558837890625
30.302,310,521,609,310,-7.0,36.0,41.0,15.319823265075684,17.2119140625,-16.90673828125,-0.5233154296875,-0.055908203125,-0.2381591796875
30.310,309,484,585,310,-7.0,36.0,41.0,11.413573265075684,14.343260765075684,-16.05224609375,-0.5263671875,0.1087646484375,-0.26953125
30.317,310,456,579,312,-7.0,36.0,41.0,-2.01416015625,7.019042491912842,-12.084959983825684,-0.55810546875,0.224365234375,-0.197509765625
30.334,310,435,568,311,-7.0,36.0,41.0,-20.751951217651367,-2.0751953125,-8.11767578125,-0.6025390625,0.310302734375,-0.068603515625
30.347,310,421,562,310,-7.0,36.0,41.0,-34.60693359375,-8.544921875,-5.676269054412842,-0.628173828125,0.37109375,0.0245361328125
30.350,309,401,548,311,-7.0,36.0,41.0,-39.9169921875,-10.742186546325684,-4.94384765625,-0.645751953125,0.3963623046875,0.0440673828125
30.355,310,419,562,312,-7.0,36.0,41.0,-39.6728515625,-10.681151390075684,-3.417968511581421,-0.6591796875,0.4171142578125,0.0484619140625
30.369,311,423,568,310,-7.0,36.0,41.0,-36.865234375,-11.169432640075684,-0.6103515625,-0.6448974609375,0.4246826171875,0.149169921875
30.377,311,424,568,312,-5.0,40.0,44.0,-33.26416015625,-11.840819358825684,1.4038084745407104,-0.6448974609375,0.4246826171875,0.149169921875
30.385,310,438,572,311,-5.0,40.0,44.0,-29.479978561401367,-10.986327171325684,1.8920897245407104,-0.651123046875,0.40283203125,0.197509765625
30.412,309,454,587,310,-5.0,40.0,44.0,-25.451658248901367,-8.85009765625,2.01416015625,-0.6715087890625,0.375732421875,0.249267578125
30.412,310,480,594,289,-5.0,40.0,44.0,-20.263669967651367,-6.896972179412842,2.746581792831421,-0.6715087890625,0.375732421875,0.249267578125
30.415,310,495,607,311,-5.0,40.0,44.0,-13.549803733825684,-5.859374523162842,4.2724609375,-0.66259765625,0.3682861328125,0.25244140625
30.429,310,523,631,311,-5.0,40.0,44.0,-5.737304210662842,-4.8828125,5.798339366912842,-0.6573486328125,0.3370361328125,0.1925048828125
30.452,310,543,642,312,-5.0,40.0,44.0,1.8310545682907104,-2.746581792831421,6.896972179412842,-0.6573486328125,0.3370361328125,0.1925048828125
30.452,310,552,645,311,-5.0,40.0,44.0,7.812499523162842,-0.4272460639476776,7.324218273162842,-0.675048828125,0.32568359375,0.1629638671875
30.459,310,594,675,312,-5.0,40.0,44.0,10.986327171325684,0.7934569716453552,7.507323741912842,-0.6649169921875,0.2762451171875,0.1729736328125
30.467,310,622,707,312,-5.0,40.0,44.0,11.230467796325684,0.0,8.11767578125,-0.6649169921875,0.2762451171875,0.1729736328125
30.479,310,654,740,312,-7.0,39.0,42.0,11.596678733825684,-2.990722417831421,8.544921875,-0.624755859375,0.2530517578125,0.1641845703125
30.492,310,724,848,311,-7.0,39.0,42.0,16.29638671875,-6.713866710662842,8.48388671875,-0.5489501953125,0.31787109375,0.0609130859375
30.511,310,778,932,312,-7.0,39.0,42.0,24.108884811401367,-9.46044921875,9.27734375,-0.5489501953125,0.31787109375,0.0609130859375
30.511,310,818,1014,312,-7.0,39.0,42.0,27.893064498901367,-9.27734375,9.3994140625,-0.610107421875,0.43408203125,-0.0281982421875
30.519,310,916,1162,312,-7.0,39.0,42.0,19.6533203125,6.774901866912842,-2.3193359375,-0.759521484375,0.1490478515625,-0.2344970703125
30.528,310,966,1243,312,-7.0,39.0,42.0,19.6533203125,6.774901866912842,-2.3193359375,-0.70849609375,-0.0633544921875,-0.2093505859375
30.535,311,1008,1309,312,-7.0,39.0,42.0,21.301267623901367,7.873534679412842,-11.108397483825684,-0.70849609375,-0.0633544921875,-0.2093505859375
30.549,311,1069,1402,311,-7.0,39.0,42.0,37.90283203125,-14.282225608825684,-14.404295921325684,-0.90380859375,0.315673828125,-0.2630615234375
30.558,311,1098,1450,314,-7.0,39.0,42.0,37.90283203125,-14.282225608825684,-14.404295921325684,-1.1658935546875,0.6656494140625,-0.29345703125
30.565,310,1129,1504,314,-7.0,39.0,42.0,22.766111373901367,-23.437498092651367,-14.526366233825684,-1.1658935546875,0.6656494140625,-0.29345703125
30.582,310,1162,1547,312,-6.0,36.0,43.0,-52.246089935302734,-30.090330123901367,-24.597166061401367,-1.8316650390625,1.0579833984375,-0.003173828125
30.587,311,1173,1559,314,-6.0,36.0,43.0,-52.246089935302734,-30.090330123901367,-24.597166061401367,-2.09716796875,0.744140625,0.4339599609375
30.596,311,1162,1536,314,-6.0,36.0,43.0,-77.2705078125,-34.24072265625,-24.047849655151367,-2.09716796875,0.744140625,0.4339599609375
30.609,311,1147,1502,313,-6.0,36.0,43.0,-42.419429779052734,-12.329100608825684,5.981444835662842,-1.3270263671875,-0.2310791015625,0.9632568359375
30.617,310,1132,1478,314,-6.0,36.0,43.0,-42.419429779052734,-12.329100608825684,5.981444835662842,-0.7901611328125,-0.036376953125,0.4549560546875
30.625,309,1123,1456,314,-6.0,36.0,43.0,17.333984375,16.6015625,23.925779342651367,-0.7901611328125,-0.036376953125,0.4549560546875
30.639,311,1105,1456,314,-6.0,36.0,43.0,65.3076171875,31.860349655151367,19.71435546875,-1.0379638671875,1.06640625,-0.6258544921875
30.647,312,1096,1447,312,-6.0,36.0,43.0,65.3076171875,31.860349655151367,19.71435546875,-1.2952880859375,0.8582763671875,-0.4617919921875
30.670,311,1085,1429,314,-6.0,36.0,43.0,23.376462936401367,14.465331077575684,-5.065917491912842,-1.5430908203125,0.5374755859375,-0.051025390625
30.671,312,1055,1391,312,-6.0,36.0,43.0,-46.325679779052734,-15.502928733825684,-21.972654342651367,-1.7066650390625,0.3985595703125,0.3004150390625
30.684,310,1029,1348,311,-6.0,35.0,49.0,-45.104976654052734,-13.366698265075684,-10.620116233825684,-1.745361328125,0.4158935546875,0.4281005859375
30.685,310,1000,1268,312,-6.0,35.0,49.0,-45.104976654052734,-13.366698265075684,-10.620116233825684,-1.653564453125,0.4560546875,0.4056396484375
30.716,310,928,1198,312,-6.0,35.0,49.0,-9.58251953125,9.765625,13.977049827575684,-1.447021484375,0.4981689453125,0.3583984375
30.716,310,887,1137,312,-6.0,35.0,49.0,8.36181640625,17.578125,21.484373092651367,-1.18115234375,0.53125,0.278076171875
30.717,296,816,1022,312,-6.0,35.0,49.0,8.36181640625,17.578125,21.484373092651367,-0.931640625,0.5166015625,0.125244140625
30.729,310,778,933,312,-6.0,35.0,49.0,21.057126998901367,26.916501998901367,19.4091796875,-0.746337890625,0.48095703125,-0.0562744140625
30.736,310,732,861,312,-6.0,35.0,49.0,19.83642578125,26.794431686401367,11.230467796325684,-0.6258544921875,0.4134521484375,-0.1722412109375
30.744,310,697,813,312,-6.0,35.0,49.0,19.83642578125,26.794431686401367,11.230467796325684,-0.5634765625,0.29296875,-0.1982421875
30.766,310,642,721,312,-6.0,35.0,49.0,6.103515148162842,15.502928733825684,-6.835937023162842,-0.5592041015625,0.1300048828125,-0.1817626953125
30.767,310,600,685,295,-6.0,35.0,49.0,1.5869139432907104,9.09423828125,-13.916014671325684,-0.564697265625,-0.0059814453125,-0.18408203125
30.774,311,564,666,312,-7.0,36.0,44.0,1.5869139432907104,9.09423828125,-13.916014671325684,-0.553955078125,-0.01123046875,-0.217529296875
30.790,309,519,621,311,-7.0,36.0,44.0,2.929687261581421,2.25830078125,-16.90673828125,-0.5767822265625,0.0843505859375,-0.207275390625
30.796,310,496,617,312,-7.0,36.0,44.0,-3.967284917831421,-3.417968511581421,-13.488768577575684,-0.60107421875,0.1497802734375,-0.101318359375
30.816,310,481,607,312,-7.0,36.0,44.0,-3.967284917831421,-3.417968511581421,-13.488768577575684,-0.6036376953125,0.1820068359375,0.023681640625
30.818,308,451,594,312,-7.0,36.0,44.0,-26.733396530151367,-14.404295921325684,-7.507323741912842,-0.61962890625,0.2550048828125,0.0889892578125
30.827,309,441,594,311,-7.0,36.0,44.0,-29.296873092651367,-13.977049827575684,-2.624511480331421,-0.644775390625,0.35693359375,0.095703125
30.835,310,437,592,312,-7.0,36.0,44.0,-29.296873092651367,-13.977049827575684,-2.624511480331421,-0.668212890625,0.4293212890625,0.0921630859375
30.848,310,440,590,311,-7.0,36.0,44.0,-27.587888717651367,-9.8876953125,3.906249761581421,-0.680419921875,0.4476318359375,0.119140625
30.857,309,441,593,312,-7.0,36.0,44.0,-27.648923873901367,-8.30078125,4.2724609375,-0.6832275390625,0.43505859375,0.162109375
30.870,310,450,594,312,-7.0,36.0,44.0,-27.648923873901367,-8.30078125,4.2724609375,-0.6868896484375,0.423095703125,0.2186279296875
30.879,309,465,608,312,-6.0,39.0,47.0,-24.963376998901367,-7.507323741912842,4.21142578125,-0.688232421875,0.417236328125,0.2784423828125
30.896,310,475,621,311,-6.0,39.0,47.0,-20.812986373901367,-8.72802734375,5.432128429412842,-0.67529296875,0.392333984375,0.3135986328125
30.896,311,490,629,312,-6.0,39.0,47.0,-11.718749046325684,-7.751464366912842,6.530761241912842,-0.6680908203125,0.3330078125,0.3074951171875
30.917,310,513,639,311,-6.0,39.0,47.0,2.3193359375,-2.868652105331421,7.263183116912842,-0.68505859375,0.2996826171875,0.2548828125
30.918,310,525,644,310,-6.0,39.0,47.0,14.770506858825684,3.601073980331421,8.544921875,-0.709228515625,0.317626953125,0.199462890625
30.925,310,538,654,312,-6.0,39.0,47.0,20.01953125,7.324218273162842,10.314940452575684,-0.7255859375,0.3328857421875,0.16455078125
30.938,310,558,683,311,-6.0,39.0,47.0,19.71435546875,7.141112804412842,11.901854515075684,-0.7215576171875,0.3116455078125,0.140869140625
30.946,310,585,694,312,-6.0,39.0,47.0,19.71435546875,5.126952648162842,13.427733421325684,-0.7086181640625,0.27587890625,0.1158447265625
30.954,310,601,714,312,-6.0,39.0,47.0,22.827146530151367,3.173827886581421,14.770506858825684,-0.6917724609375,0.2540283203125,0.08203125
30.976,310,653,757,312,-6.0,39.0,47.0,26.550291061401367,1.4038084745407104,15.319823265075684,-0.654052734375,0.2457275390625,0.0552978515625
30.976,310,685,805,312,-8.0,37.0,51.0,27.221677780151367,0.0,15.441893577575684,-0.5926513671875,0.2611083984375,0.058837890625
30.992,310,718,888,311,-8.0,37.0,51.0,24.536130905151367,-0.4882812201976776,14.404295921325684,-0.48681640625,0.2984619140625,0.1075439453125
30.998,310,799,1064,312,-8.0,37.0,51.0,21.301267623901367,0.2441406100988388,9.521484375,-0.3941650390625,0.3150634765625,0.1231689453125
31.020,311,840,1137,312,-8.0,37.0,51.0,22.460935592651367,3.356933355331421,3.295898199081421,-0.4400634765625,0.322509765625,0.001708984375
31.020,312,889,1215,312,-8.0,37.0,51.0,25.878904342651367,8.1787109375,0.2441406100988388,-0.560791015625,0.2645263671875,-0.1912841796875
31.029,309,981,1353,312,-8.0,37.0,51.0,25.390623092651367,9.09423828125,-1.03759765625,-0.668212890625,0.1795654296875,-0.35888671875
31.037,311,1022,1415,313,-8.0,37.0,51.0,24.353025436401367,2.197265625,-4.08935546875,-0.83203125,0.346435546875,-0.459228515625
31.045,309,1064,1474,313,-8.0,37.0,51.0,20.080564498901367,-9.94873046875,-11.413573265075684,-1.0491943359375,0.63232421875,-0.392822265625
31.060,310,1117,1557,314,-8.0,37.0,51.0,-0.1220703050494194,-20.874021530151367,-23.742673873901367,-1.2626953125,0.742431640625,-0.175537109375
31.067,310,1147,1595,314,-8.0,37.0,51.0,-31.433103561401367,-27.343748092651367,-32.53173828125,-1.5079345703125,0.71484375,0.0701904296875
31.082,310,1166,1623,314,-6.0,37.0,47.0,-51.452632904052734,-31.616209030151367,-30.029294967651367,-1.8028564453125,0.6434326171875,0.292724609375
31.095,310,1163,1619,314,-6.0,37.0,47.0,-49.987789154052734,-32.16552734375,-18.1884765625,-2.0439453125,0.538330078125,0.4884033203125
31.097,311,1151,1602,312,-6.0,37.0,47.0,-32.89794921875,-23.925779342651367,-1.7089842557907104,-1.9847412109375,0.3323974609375,0.629638671875
31.113,310,1146,1579,314,-6.0,37.0,47.0,-6.225585460662842,-5.859374523162842,14.038084983825684,-1.44970703125,0.0526123046875,0.606201171875
31.125,311,1120,1538,313,-6.0,37.0,47.0,27.465818405151367,15.991209983825684,24.719236373901367,-0.823486328125,0.7135009765625,-0.238525390625
31.129,311,1104,1536,312,-6.0,37.0,47.0,49.621578216552734,28.076169967651367,25.939939498901367,-0.823486328125,0.7135009765625,-0.238525390625
31.135,312,1092,1527,314,-6.0,37.0,47.0,36.376953125,24.291990280151367,12.207030296325684,-0.971923828125,0.9302978515625,-0.4678955078125
31.149,310,1078,1514,314,-6.0,37.0,47.0,-2.44140625,12.207030296325684,-10.314940452575684,-1.4991455078125,0.5618896484375,0.0203857421875
31.157,311,1064,1488,314,-6.0,37.0,47.0,-37.59765625,-0.9765624403953552,-25.085447311401367,-1.4991455078125,0.5618896484375,0.0203857421875
31.166,310,1041,1456,314,-6.0,37.0,47.0,-53.955074310302734,-9.21630859375,-25.207517623901367,-1.72509765625,0.501708984375,0.2996826171875
31.179,310,989,1386,312,-7.0,36.0,43.0,-51.940914154052734,-7.141112804412842,-15.258788108825684,-1.6851806640625,0.4697265625,0.3790283203125
31.188,310,946,1325,312,-7.0,36.0,43.0,-37.2314453125,2.929687261581421,-2.25830078125,-1.6851806640625,0.4697265625,0.3790283203125
31.196,310,902,1255,314,-7.0,36.0,43.0,-17.15087890625,13.732909202575684,9.8876953125,-1.4599609375,0.45654296875,0.3516845703125
31.212,310,838,1134,312,-7.0,36.0,43.0,0.3662109076976776,21.667478561401367,20.202634811401367,-0.940673828125,0.5181884765625,0.186279296875
31.233,310,793,1050,312,-7.0,36.0,43.0,10.375975608825684,26.672361373901367,24.658201217651367,-0.940673828125,0.5181884765625,0.186279296875
31.233,310,744,984,313,-7.0,36.0,43.0,15.747069358825684,30.029294967651367,20.385740280151367,-0.7406005859375,0.48095703125,0.0167236328125
31.240,310,671,864,312,-7.0,36.0,43.0,17.39501953125,32.1044921875,10.803221702575684,-0.5556640625,0.34326171875,-0.22119140625
31.248,310,639,808,312,-7.0,36.0,43.0,12.084959983825684,30.822751998901367,0.6713866591453552,-0.5556640625,0.34326171875,-0.22119140625
31.255,310,599,756,312,-7.0,36.0,43.0,3.295898199081421,25.573728561401367,-7.873534679412842,-0.5557861328125,0.195068359375,-0.2037353515625
31.270,310,543,700,311,-5.0,41.0,46.0,-2.197265625,18.5546875,-15.258788108825684,-0.59765625,-0.073486328125,-0.12841796875
31.278,310,513,688,312,-5.0,41.0,46.0,-1.8310545682907104,13.977049827575684,-20.568845748901367,-0.6324462890625,-0.067626953125,-0.1671142578125
31.336,310,480,676,311,-5.0,41.0,46.0,0.7324218153953552,13.366698265075684,-20.751951217651367,-0.6324462890625,-0.067626953125,-0.1671142578125
31.336,309,447,654,311,-5.0,41.0,46.0,-8.97216796875,4.94384765625,-8.85009765625,-0.6435546875,0.131103515625,-0.026123046875
31.337,308,433,642,311,-5.0,41.0,46.0,-8.97216796875,4.94384765625,-8.85009765625,-0.650390625,0.271240234375,0.0316162109375
31.337,308,414,621,310,-5.0,41.0,46.0,-18.00537109375,-0.6713866591453552,-1.5869139432907104,-0.650390625,0.271240234375,0.0316162109375
31.337,289,391,606,310,-5.0,41.0,46.0,-25.329587936401367,-2.746581792831421,7.995604991912842,-0.6563720703125,0.44580078125,0.0380859375
31.337,310,373,594,310,-5.0,41.0,46.0,-25.329587936401367,-2.746581792831421,7.995604991912842,-0.633056640625,0.457763671875,0.0791015625
31.348,310,377,592,311,-5.0,41.0,46.0,-26.916501998901367,-3.356933355331421,10.437010765075684,-0.633056640625,0.457763671875,0.0791015625
31.359,310,395,588,312,-5.0,41.0,46.0,-29.174802780151367,-5.920409679412842,11.657713890075684,-0.5911865234375,0.4237060546875,0.2120361328125
31.368,310,402,589,312,-5.0,41.0,46.0,-29.174802780151367,-5.920409679412842,11.657713890075684,-0.6014404296875,0.465576171875,0.26318359375
31.375,310,408,594,310,-7.0,37.0,45.0,-28.564451217651367,-8.056640625,11.230467796325684,-0.6014404296875,0.465576171875,0.26318359375
31.389,310,432,617,310,-7.0,37.0,45.0,-14.465331077575684,-8.056640625,7.995604991912842,-0.5972900390625,0.439208984375,0.244873046875
31.409,310,454,622,311,-7.0,37.0,45.0,-14.465331077575684,-8.056640625,7.995604991912842,-0.6085205078125,0.366455078125,0.2139892578125
31.409,309,472,638,312,-7.0,37.0,45.0,-1.2817381620407104,-3.356933355331421,5.065917491912842,-0.6085205078125,0.366455078125,0.2139892578125
31.419,310,499,662,310,-7.0,37.0,45.0,18.798828125,5.249022960662842,2.50244140625,-0.655517578125,0.3050537109375,0.176513671875
31.429,310,513,683,311,-7.0,37.0,45.0,20.568845748901367,6.408690929412842,5.065917491912842,-0.67041015625,0.31103515625,0.1722412109375
31.435,310,530,703,311,-7.0,37.0,45.0,20.568845748901367,6.408690929412842,5.065917491912842,-0.634521484375,0.2862548828125,0.1978759765625
31.449,310,577,767,312,-7.0,37.0,45.0,15.197752952575684,3.295898199081421,8.36181640625,-0.5455322265625,0.196533203125,0.216552734375
31.459,310,614,824,312,-7.0,37.0,45.0,22.338865280151367,2.3193359375,6.469726085662842,-0.455810546875,0.112060546875,0.189208984375
31.465,310,644,902,312,-7.0,37.0,45.0,22.338865280151367,2.3193359375,6.469726085662842,-0.4068603515625,0.12158203125,0.1419677734375
31.479,310,739,1064,312,-7.0,37.0,42.0,50.476070404052734,3.356933355331421,9.765625,-0.4185791015625,0.20458984375,0.1102294921875
31.488,311,784,1129,312,-7.0,37.0,42.0,50.415035247802734,6.713866710662842,11.779784202575684,-0.557861328125,0.33544921875,0.002685546875
31.495,310,826,1175,313,-7.0,37.0,42.0,50.415035247802734,6.713866710662842,11.779784202575684,-0.7694091796875,0.4366455078125,-0.219970703125
31.510,310,902,1284,312,-7.0,37.0,42.0,34.85107421875,24.597166061401367,0.54931640625,-0.895263671875,0.4169921875,-0.4189453125
31.528,312,943,1336,313,-7.0,37.0,42.0,27.954099655151367,24.475095748901367,-11.230467796325684,-0.9874267578125,0.371337890625,-0.4932861328125
31.532,310,975,1377,312,-7.0,37.0,42.0,27.954099655151367,24.475095748901367,-11.230467796325684,-1.1456298828125,0.3792724609375,-0.398193359375
31.540,310,1039,1455,313,-7.0,37.0,42.0,0.3662109076976776,-4.150390625,-9.82666015625,-1.370361328125,0.4798583984375,-0.1937255859375
31.547,310,1057,1478,313,-7.0,37.0,42.0,-16.78466796875,-18.798828125,-1.0986328125,-1.6397705078125,0.6885986328125,-0.02734375
31.555,310,1078,1500,312,-7.0,37.0,42.0,-16.78466796875,-18.798828125,-1.0986328125,-1.8621826171875,0.8419189453125,0.10791015625
31.572,311,1093,1513,314,-4.0,37.0,47.0,-29.541013717651367,-22.155759811401367,3.540038824081421,-1.8984375,0.7926025390625,0.2967529296875
31.577,310,1091,1490,313,-4.0,37.0,47.0,-28.747556686401367,-11.230467796325684,1.9531248807907104,-1.6663818359375,0.5361328125,0.5025634765625
31.585,310,1082,1464,312,-4.0,37.0,47.0,-16.90673828125,4.8828125,2.746581792831421,-1.212646484375,0.250244140625,0.5208740234375
31.615,311,1063,1403,313,-4.0,37.0,47.0,13.916014671325684,21.850584030151367,5.615233898162842,-0.8829345703125,0.2930908203125,0.160888671875
31.616,310,1038,1387,312,-4.0,37.0,47.0,42.846675872802734,29.846189498901367,6.591796398162842,-0.8780517578125,0.608642578125,-0.331787109375
31.619,311,1029,1380,299,-4.0,37.0,47.0,38.6962890625,23.559568405151367,-0.6713866591453552,-1.00927734375,0.74169921875,-0.53564453125
31.631,311,1014,1377,313,-4.0,37.0,47.0,5.676269054412842,9.58251953125,-14.160155296325684,-1.1900634765625,0.64453125,-0.3946533203125
31.640,310,1000,1361,314,-4.0,37.0,47.0,-29.907224655151367,-4.5166015625,-22.705076217651367,-1.4453125,0.5870361328125,-0.106201171875
31.645,311,988,1323,313,-4.0,37.0,47.0,-53.833003997802734,-14.221190452575684,-20.629880905151367,-1.6370849609375,0.58349609375,0.18017578125
31.659,310,955,1253,311,-4.0,37.0,47.0,-61.828609466552734,-13.549803733825684,-11.291502952575684,-1.64501953125,0.50341796875,0.364501953125
31.667,311,932,1213,313,-7.0,38.0,41.0,-51.574703216552734,-1.220703125,0.9765624403953552,-1.498291015625,0.3759765625,0.42333984375
31.676,310,902,1173,312,-7.0,38.0,41.0,-28.930662155151367,15.319823265075684,13.610838890075684,-1.2476806640625,0.326904296875,0.4228515625
31.689,310,840,1079,312,-7.0,38.0,41.0,-6.713866710662842,28.869626998901367,23.925779342651367,-0.9901123046875,0.3560791015625,0.351318359375
31.698,310,806,1022,312,-7.0,38.0,41.0,8.6669921875,37.29248046875,27.770994186401367,-0.7850341796875,0.3826904296875,0.1727294921875
31.730,310,778,953,313,-7.0,38.0,41.0,22.399900436401367,40.649410247802734,24.230955123901367,-0.6773681640625,0.4720458984375,-0.0828857421875
31.734,310,725,861,312,-7.0,38.0,41.0,32.53173828125,40.10009765625,15.747069358825684,-0.684814453125,0.586669921875,-0.2979736328125
31.740,310,691,823,312,-7.0,38.0,41.0,27.465818405151367,36.31591796875,4.21142578125,-0.7222900390625,0.572998046875,-0.34423828125
31.742,310,673,781,312,-7.0,38.0,41.0,6.103515148162842,31.005857467651367,-6.713866710662842,-0.7547607421875,0.4547119140625,-0.2608642578125
31.749,310,632,713,311,-7.0,38.0,41.0,-18.5546875,27.160642623901367,-13.549803733825684,-0.804931640625,0.3369140625,-0.1649169921875
31.758,311,601,660,312,-7.0,38.0,41.0,-33.63037109375,26.184080123901367,-16.66259765625,-0.8636474609375,0.241943359375,-0.1134033203125
31.765,310,567,618,312,-7.0,41.0,40.0,-35.46142578125,27.709959030151367,-17.4560546875,-0.879150390625,0.1591796875,-0.0845947265625
31.781,310,504,533,310,-7.0,41.0,40.0,-26.977537155151367,30.334470748901367,-15.197752952575684,-0.8507080078125,0.082275390625,-0.0482177734375
31.787,309,477,502,311,-7.0,41.0,40.0,-12.817381858825684,32.65380859375,-9.46044921875,-0.8216552734375,0.0185546875,0.0009765625
31.796,310,452,488,310,-7.0,41.0,40.0,1.4038084745407104,32.8369140625,-2.624511480331421,-0.786865234375,0.009033203125,0.06298828125
31.810,310,424,464,310,-7.0,41.0,40.0,10.131834983825684,30.822751998901367,2.868652105331421,-0.7613525390625,0.081787109375,0.10400390625
31.817,310,400,450,312,-7.0,41.0,40.0,12.329100608825684,29.113767623901367,7.507323741912842,-0.7803955078125,0.2103271484375,0.091552734375
31.846,310,364,444,310,-7.0,41.0,40.0,12.390135765075684,29.907224655151367,11.108397483825684,-0.7989501953125,0.33544921875,0.04638671875
31.846,296,328,420,310,-7.0,41.0,40.0,13.977049827575684,33.87451171875,13.000487327575684,-0.793701171875,0.4130859375,0.006591796875
31.848,307,325,398,310,-7.0,41.0,40.0,15.869139671325684,38.330078125,14.343260765075684,-0.78515625,0.4505615234375,-0.00341796875
31.856,309,322,372,311,-7.0,41.0,40.0,16.2353515625,40.344234466552734,17.08984375,-0.7640380859375,0.4786376953125,0.0203857421875
31.869,308,312,356,308,-8.0,42.0,38.0,13.732909202575684,40.10009765625,21.667478561401367,-0.7591552734375,0.4879150390625,0.0440673828125
31.877,310,310,353,310,-8.0,42.0,38.0,8.85009765625,40.10009765625,26.123044967651367,-0.7862548828125,0.48388671875,0.0323486328125
31.885,308,310,357,309,-8.0,42.0,38.0,5.615233898162842,42.663570404052734,29.174802780151367,-0.8106689453125,0.5081787109375,-0.0123291015625
31.899,308,310,355,308,-8.0,42.0,38.0,6.713866710662842,46.813961029052734,31.005857467651367,-1.0274658203125,0.29638671875,-0.09228515625
31.916,308,311,357,309,-8.0,42.0,38.0,12.939452171325684,49.011226654052734,25.207517623901367,-1.0274658203125,0.29638671875,-0.09228515625
31.916,310,312,356,310,-8.0,42.0,38.0,30.029294967651367,48.095699310302734,0.0610351525247097,-1.13623046875,0.127197265625,-0.07861328125
31.947,309,312,357,310,-8.0,42.0,38.0,60.180660247802734,49.743648529052734,-28.503416061401367,-1.0325927734375,0.3817138671875,-0.1864013671875
31.948,308,312,357,308,-8.0,42.0,38.0,83.49608612060547,54.504390716552734,-28.503416061401367,-1.0325927734375,0.3817138671875,-0.1864013671875
31.948,286,296,342,308,-8.0,42.0,38.0,79.58984375,52.429195404052734,-6.408690929412842,-1.0364990234375,0.4822998046875,-0.21484375
31.959,308,312,357,309,-8.0,42.0,38.0,58.959957122802734,43.884273529052734,11.230467796325684,-1.0704345703125,0.3411865234375,-0.1590576171875
31.968,308,312,357,310,-10.0,42.0,37.0,43.823238372802734,40.893550872802734,16.2353515625,-1.0704345703125,0.3411865234375,-0.1590576171875
31.975,308,312,361,310,-10.0,42.0,37.0,40.527339935302734,48.339839935302734,15.930174827575684,-1.05224609375,0.2674560546875,-0.180419921875
31.989,308,312,359,310,-10.0,42.0,37.0,42.053218841552734,57.861324310302734,17.39501953125,-0.9429931640625,0.2066650390625,-0.1763916015625
31.997,309,312,357,309,-10.0,42.0,37.0,43.884273529052734,62.316890716552734,21.972654342651367,-0.9429931640625,0.2066650390625,-0.1763916015625
32.005,309,312,363,311,-10.0,42.0,37.0,51.513668060302734,63.598628997802734,29.602048873901367,-0.990234375,0.2132568359375,-0.1444091796875
32.022,309,312,363,309,-10.0,42.0,37.0,66.71142578125,65.0634765625,39.1845703125,-1.0286865234375,0.2481689453125,-0.1649169921875
32.051,310,312,364,311,-10.0,42.0,37.0,80.26123046875,66.5283203125,48.339839935302734,-1.0286865234375,0.2481689453125,-0.1649169921875
32.053,309,311,367,310,-10.0,42.0,37.0,84.53368377685547,67.81005859375,54.931636810302734,-0.987060546875,0.2381591796875,-0.186279296875
32.053,308,312,363,309,-10.0,42.0,37.0,81.35985565185547,73.42529296875,60.241695404052734,-0.987060546875,0.2740478515625,-0.163818359375
32.057,308,314,363,310,-10.0,42.0,37.0,81.35985565185547,73.42529296875,60.241695404052734,-1.0107421875,0.3209228515625,-0.126953125
32.065,309,312,345,309,-14.0,45.0,34.0,79.345703125,72.6318359375,61.340328216552734,-1.0107421875,0.3209228515625,-0.126953125
32.079,309,314,345,310,-14.0,45.0,34.0,50.354000091552734,66.0400390625,58.715816497802734,-0.9432373046875,0.293701171875,-0.0849609375
32.088,308,312,342,308,-14.0,45.0,34.0,50.354000091552734,66.0400390625,58.715816497802734,-0.9122314453125,0.2589111328125,-0.0589599609375
32.095,309,312,346,309,-14.0,45.0,34.0,29.296873092651367,64.75830078125,55.786128997802734,-0.9122314453125,0.2589111328125,-0.0589599609375
32.109,310,315,349,308,-14.0,45.0,34.0,3.662109136581421,61.523433685302734,49.865718841552734,-0.9468994140625,0.2264404296875,-0.0377197265625
32.117,308,311,349,310,-14.0,45.0,34.0,3.662109136581421,61.523433685302734,49.865718841552734,-0.965087890625,0.252685546875,-0.0535888671875
32.125,308,313,352,310,-14.0,45.0,34.0,3.051757574081421,59.448238372802734,44.921871185302734,-0.965087890625,0.252685546875,-0.0535888671875
32.151,308,312,352,309,-14.0,45.0,34.0,11.596678733825684,55.908199310302734,30.029294967651367,-0.9095458984375,0.4541015625,-0.1549072265625
32.152,309,310,337,308,-14.0,45.0,34.0,11.596678733825684,55.908199310302734,30.029294967651367,-0.8831787109375,0.5631103515625,-0.27392578125
32.156,308,308,352,310,-14.0,45.0,34.0,0.6713866591453552,54.626461029052734,22.888181686401367,-0.8831787109375,0.5631103515625,-0.27392578125
32.169,308,310,351,308,-16.0,46.0,31.0,-83.92333221435547,51.452632904052734,13.549803733825684,-0.9627685546875,0.6297607421875,-0.47705078125
32.177,309,309,352,310,-16.0,46.0,31.0,-83.92333221435547,51.452632904052734,13.549803733825684,-1.0015869140625,0.5902099609375,-0.452880859375
32.187,310,310,353,310,-16.0,46.0,31.0,-141.54052734375,49.560543060302734,12.268065452575684,-0.989013671875,0.53515625,-0.375244140625
32.199,308,310,354,308,-16.0,46.0,31.0,-214.23338317871094,49.743648529052734,13.916014671325684,-0.94140625,0.4864501953125,-0.3101806640625
32.207,308,309,355,308,-16.0,46.0,31.0,-218.50584411621094,52.795406341552734,13.854979515075684,-0.906005859375,0.45751953125,-0.29345703125
32.220,310,310,352,308,-16.0,46.0,31.0,-218.50584411621094,52.795406341552734,13.854979515075684,-0.9068603515625,0.4544677734375,-0.304931640625
32.229,308,310,355,308,-16.0,46.0,31.0,-195.12937927246094,62.805171966552734,13.732909202575684,-0.925537109375,0.4786376953125,-0.30517578125
32.257,310,310,357,308,-16.0,46.0,31.0,-181.82371520996094,67.7490234375,15.380858421325684,-0.9388427734375,0.525146484375,-0.286865234375
32.257,310,308,356,309,-16.0,46.0,31.0,-181.82371520996094,67.7490234375,15.380858421325684,-0.9422607421875,0.5841064453125,-0.267822265625
32.259,308,310,357,308,-16.0,46.0,31.0,-169.43357849121094,74.64599609375,19.95849609375,-0.943359375,0.638671875,-0.2476806640625
32.267,310,309,357,310,-13.0,48.0,34.0,-169.98289489746094,76.96533203125,22.033689498901367,-0.929931640625,0.672119140625,-0.2178955078125
32.276,310,310,356,310,-13.0,48.0,34.0,-169.98289489746094,76.96533203125,22.033689498901367,-0.8759765625,0.684326171875,-0.18994140625
32.294,308,314,346,309,-13.0,48.0,34.0,-161.68211364746094,84.83885955810547,26.733396530151367,-0.8338623046875,0.700439453125,-0.1568603515625
32.300,308,314,352,310,-13.0,48.0,34.0,-150.5126953125,90.33202362060547,29.357908248901367,-0.8475341796875,0.767578125,-0.1002197265625
32.305,310,314,352,310,-13.0,48.0,34.0,-150.5126953125,90.33202362060547,29.357908248901367,-0.85205078125,0.8724365234375,-0.0433349609375
32.323,310,314,353,311,-13.0,48.0,34.0,-163.51316833496094,73.66943359375,26.672361373901367,-0.7725830078125,0.95361328125,0.0076904296875
32.329,309,315,356,309,-13.0,48.0,34.0,-188.78172302246094,62.377925872802734,21.972654342651367,-0.63037109375,0.979736328125,0.060546875
32.350,309,314,356,308,-13.0,48.0,34.0,-212.03611755371094,60.729976654052734,19.775390625,-0.51171875,0.9530029296875,0.0733642578125
32.372,309,314,354,308,-13.0,48.0,34.0,-224.79246520996094,66.34521484375,20.690916061401367,-0.452392578125,0.8841552734375,0.010498046875
32.373,308,316,357,309,-13.0,48.0,34.0,-219.29930114746094,74.951171875,22.949216842651367,-0.43505859375,0.8031005859375,-0.1046142578125
32.373,310,315,357,309,-12.0,49.0,28.0,-191.71141052246094,83.74022674560547,25.146482467651367,-0.42138671875,0.7899169921875,-0.19140625
32.379,310,314,363,309,-12.0,49.0,28.0,-148.98681640625,89.41649627685547,27.404783248901367,-0.380126953125,0.8917236328125,-0.1942138671875
32.387,308,314,363,310,-12.0,49.0,28.0,-106.26219940185547,90.82030487060547,30.151365280151367,-0.3165283203125,1.0655517578125,-0.14892578125
32.396,309,315,363,308,-12.0,49.0,28.0,-79.40673828125,88.56200408935547,33.5693359375,-0.2637939453125,1.23095703125,-0.1163330078125
32.409,308,315,364,310,-12.0,49.0,28.0,-75.50048828125,81.72606658935547,38.0859375,-0.24072265625,1.338134765625,-0.11865234375
32.424,310,315,364,309,-12.0,49.0,28.0,-90.08788299560547,68.4814453125,43.945308685302734,-0.23046875,1.3831787109375,-0.146728515625
32.426,310,315,364,310,-12.0,49.0,28.0,-113.52538299560547,50.720211029052734,50.964351654052734,-0.218505859375,1.36572265625,-0.1806640625
32.442,310,314,357,310,-12.0,49.0,28.0,-135.19287109375,33.63037109375,57.678218841552734,-0.2003173828125,1.28466796875,-0.2037353515625
32.448,310,313,361,310,-12.0,49.0,28.0,-146.42333984375,20.935056686401367,63.049312591552734,-0.1663818359375,1.1693115234375,-0.191650390625
32.456,310,315,363,310,-12.0,49.0,28.0,-142.51708984375,13.305663108825684,66.46728515625,-0.1226806640625,1.0538330078125,-0.125
32.473,310,314,361,310,-15.0,47.0,26.0,-121.27684783935547,9.765625,67.44384765625,-0.0947265625,0.9376220703125,-0.032470703125
32.477,310,314,360,309,-15.0,47.0,26.0,-83.25194549560547,8.72802734375,67.0166015625,-0.0924072265625,0.83984375,0.022705078125
32.485,308,314,362,310,-15.0,47.0,26.0,-35.82763671875,9.58251953125,68.4814453125,-0.112548828125,0.8153076171875,0.0162353515625
32.499,310,314,357,310,-15.0,47.0,26.0,8.6669921875,11.962889671325684,73.66943359375,-0.1536865234375,0.8748779296875,-0.0233154296875
32.507,309,312,363,310,-15.0,47.0,26.0,40.10009765625,14.038084983825684,81.48192596435547,-0.2049560546875,0.971923828125,-0.06201171875
32.515,310,314,367,310,-15.0,47.0,26.0,54.077144622802734,13.122557640075684,89.35546112060547,-0.25244140625,1.0526123046875,-0.0828857421875
32.529,310,313,367,310,-15.0,47.0,26.0,52.062984466552734,8.23974609375,95.58104705810547,-0.283203125,1.086669921875,-0.0841064453125
32.537,310,313,369,308,-15.0,47.0,26.0,39.85595703125,0.7934569716453552,99.24315643310547,-0.29541015625,1.0721435546875,-0.078125
32.557,308,312,364,310,-15.0,47.0,26.0,24.902341842651367,-7.202147960662842,100.70800018310547,-0.2974853515625,1.0338134765625,-0.07080078125
32.559,308,311,373,308,-22.0,45.0,27.0,12.512206077575684,-13.671874046325684,101.01317596435547,-0.2945556640625,0.998291015625,-0.05712890625
32.572,309,312,379,310,-22.0,45.0,27.0,3.723144292831421,-18.12744140625,100.46385955810547,-0.2799072265625,0.9759521484375,-0.040771484375
32.575,309,312,371,310,-22.0,45.0,27.0,-2.929687261581421,-21.545408248901367,98.38866424560547,-0.2542724609375,0.9608154296875,-0.0325927734375
32.589,310,314,384,308,-22.0,45.0,27.0,-9.1552734375,-23.986814498901367,94.60448455810547,-0.240478515625,0.940185546875,-0.0361328125
32.601,308,312,382,308,-22.0,45.0,27.0,-14.099120140075684,-25.390623092651367,90.02684783935547,-0.252197265625,0.8978271484375,-0.0406494140625
32.606,308,312,382,310,-22.0,45.0,27.0,-14.099120140075684,-26.489255905151367,85.51024627685547,-0.2724609375,0.8189697265625,-0.0374755859375
32.635,308,315,391,310,-22.0,45.0,27.0,-5.310058116912842,-27.465818405151367,81.17675018310547,-0.2869873046875,0.7257080078125,-0.024169921875
32.638,310,314,402,308,-22.0,45.0,27.0,13.854979515075684,-27.893064498901367,77.5146484375,-0.301025390625,0.67138671875,-0.0040283203125
32.638,308,314,402,308,-22.0,45.0,27.0,40.222164154052734,-28.320310592651367,75.3173828125,-0.31396484375,0.681396484375,0.00732421875
32.655,308,313,401,310,-22.0,45.0,27.0,66.58935546875,-28.991697311401367,75.01220703125,-0.32421875,0.8214111328125,-0.0128173828125
32.660,310,313,407,310,-28.0,44.0,25.0,85.14403533935547,-29.846189498901367,75.62255859375,-0.32421875,0.8214111328125,-0.0128173828125
32.665,310,314,402,310,-28.0,44.0,25.0,92.46825408935547,-31.555173873901367,75.1953125,-0.329345703125,0.892822265625,-0.022216796875
32.680,309,314,407,310,-28.0,44.0,25.0,90.63719940185547,-34.66796875,72.57080078125,-0.321533203125,0.96142578125,-0.047119140625
32.687,310,313,407,309,-28.0,44.0,25.0,84.65575408935547,-37.841796875,68.05419921875,-0.321533203125,0.96142578125,-0.047119140625
32.699,309,313,414,308,-28.0,44.0,25.0,78.125,-39.61181640625,63.476558685302734,-0.3067626953125,0.9710693359375,-0.07080078125
32.709,309,312,414,309,-28.0,44.0,25.0,72.8759765625,-39.6728515625,59.509273529052734,-0.29150390625,0.8787841796875,-0.1102294921875
32.718,310,314,421,308,-28.0,44.0,25.0,69.51904296875,-38.87939453125,55.419918060302734,-0.29150390625,0.8787841796875,-0.1102294921875
32.732,308,313,420,308,-28.0,44.0,25.0,69.15283203125,-38.57421875,51.330562591552734,-0.302734375,0.8282470703125,-0.11279296875
32.740,310,313,428,308,-28.0,44.0,25.0,72.81494140625,-38.75732421875,48.645015716552734,-0.3255615234375,0.8662109375,-0.1148681640625
32.760,309,313,437,310,-28.0,44.0,25.0,80.68846893310547,-38.14697265625,48.156734466552734,-0.3255615234375,0.8662109375,-0.1148681640625
32.760,309,313,444,310,-28.0,44.0,25.0,91.85790252685547,-35.94970703125,49.011226654052734,-0.33251953125,0.923828125,-0.124755859375
32.769,308,314,452,310,-33.0,41.0,27.0,103.94286346435547,-32.1044921875,49.316402435302734,-0.322265625,1.028076171875,-0.168701171875
32.777,308,314,454,308,-33.0,41.0,27.0,112.60985565185547,-27.038572311401367,47.729488372802734,-0.322265625,1.028076171875,-0.168701171875
32.785,308,314,465,308,-33.0,41.0,27.0,114.62401580810547,-22.155759811401367,44.555660247802734,-0.317626953125,1.04638671875,-0.1817626953125
32.800,308,314,481,310,-33.0,41.0,27.0,109.80223846435547,-20.141599655151367,40.954586029052734,-0.283935546875,0.9639892578125,-0.180419921875
32.814,309,312,483,310,-33.0,41.0,27.0,100.64696502685547,-21.545408248901367,37.9638671875,-0.2608642578125,0.926513671875,-0.178955078125
32.816,309,312,476,290,-33.0,41.0,27.0,91.00341033935547,-24.658201217651367,36.68212890625,-0.2608642578125,0.926513671875,-0.178955078125
32.834,308,312,496,309,-33.0,41.0,27.0,82.94676971435547,-26.611326217651367,42.663570404052734,-0.22119140625,0.9127197265625,-0.239501953125
32.837,309,312,496,309,-33.0,41.0,27.0,82.94676971435547,-26.611326217651367,42.663570404052734,-0.192138671875,0.9150390625,-0.2974853515625
32.848,308,312,501,310,-33.0,41.0,27.0,85.20507049560547,-25.512693405151367,47.058101654052734,-0.192138671875,0.9150390625,-0.2974853515625
32.863,308,312,502,308,-36.0,40.0,22.0,90.75926971435547,-26.000974655151367,49.804683685302734,-0.1092529296875,0.8990478515625,-0.3477783203125
32.867,310,310,502,308,-36.0,40.0,22.0,90.75926971435547,-26.000974655151367,49.804683685302734,-0.08203125,0.8773193359375,-0.33740234375
32.875,310,311,506,310,-36.0,40.0,22.0,90.94237518310547,-27.282712936401367,48.583980560302734,-0.08203125,0.8773193359375,-0.33740234375
32.891,308,310,513,308,-36.0,40.0,22.0,91.06444549560547,-28.198240280151367,45.715328216552734,-0.069580078125,0.8590087890625,-0.347412109375
32.897,309,310,522,308,-36.0,40.0,22.0,91.06444549560547,-28.198240280151367,45.715328216552734,-0.0748291015625,0.8602294921875,-0.350830078125
32.908,309,312,522,308,-36.0,40.0,22.0,90.39305877685547,-28.503416061401367,45.288082122802734,-0.0748291015625,0.8602294921875,-0.350830078125
32.923,310,311,527,308,-36.0,40.0,22.0,86.05956268310547,-30.944822311401367,45.104976654052734,-0.0755615234375,0.7811279296875,-0.316162109375
32.927,309,312,529,308,-36.0,40.0,22.0,86.05956268310547,-30.944822311401367,45.104976654052734,-0.074462890625,0.7364501953125,-0.3238525390625
32.940,310,310,535,310,-36.0,40.0,22.0,89.35546112060547,-30.883787155151367,44.128414154052734,-0.074462890625,0.7364501953125,-0.3238525390625
32.965,310,314,543,308,-36.0,40.0,22.0,113.22020721435547,-27.709959030151367,42.480464935302734,-0.0789794921875,0.6678466796875,-0.349853515625
32.965,309,312,548,309,-38.0,38.0,21.0,132.87353515625,-26.306150436401367,42.053218841552734,-0.09228515625,0.650146484375,-0.3626708984375
32.966,310,313,548,308,-38.0,38.0,21.0,132.87353515625,-26.306150436401367,42.053218841552734,-0.1199951171875,0.6949462890625,-0.3895263671875
32.979,308,312,557,308,-38.0,38.0,21.0,170.89842224121094,-23.742673873901367,45.349117279052734,-0.13818359375,0.777099609375,-0.4296875
32.988,310,311,559,309,-38.0,38.0,21.0,175.90330505371094,-24.047849655151367,49.011226654052734,-0.1319580078125,0.8360595703125,-0.4635009765625
33.000,310,312,562,309,-38.0,38.0,21.0,175.90330505371094,-24.047849655151367,49.011226654052734,-0.1090087890625,0.828125,-0.4705810546875
