time,compression0,compression1,compression2,compression3,magn_x,magn_y,magn_z,gyro_x,gyro_y,gyro_z,accel_x,accel_y,accel_z
0.002,310,396,371,309,-3.0,40.0,41.0,1.220703125,8.97216796875,3.845214605331421,-0.90771484375,0.388671875,0.0260009765625
0.004,308,395,371,308,-3.0,40.0,41.0,3.540038824081421,8.544921875,3.112792730331421,-0.90771484375,0.404541015625,0.0198974609375
0.023,308,393,371,310,-1.0,41.0,41.0,4.8828125,8.30078125,2.01416015625,-0.91552734375,0.4202880859375,0.0155029296875
0.045,309,391,371,310,-1.0,41.0,41.0,5.187987804412842,8.23974609375,0.3662109076976776,-0.9259033203125,0.425537109375,0.014892578125
0.155,310,390,371,310,-1.0,41.0,41.0,4.7607421875,8.48388671875,-1.5869139432907104,-0.9320068359375,0.4166259765625,0.01513671875
0.155,310,386,371,310,-1.0,41.0,41.0,4.5166015625,8.72802734375,-3.417968511581421,-0.930908203125,0.39990234375,0.0142822265625
0.156,308,384,371,310,-1.0,41.0,41.0,4.7607421875,8.6669921875,-4.94384765625,-0.9251708984375,0.3828125,0.01416015625
0.156,306,383,372,310,-1.0,41.0,41.0,5.798339366912842,8.23974609375,-5.920409679412842,-0.9183349609375,0.36865234375,0.013427734375
0.157,310,382,371,310,-1.0,41.0,41.0,7.141112804412842,7.751464366912842,-6.286620616912842,-0.911865234375,0.359130859375,0.0074462890625
0.157,310,382,372,310,-1.0,41.0,41.0,8.23974609375,7.141112804412842,-6.347655773162842,-0.9080810546875,0.3548583984375,-0.0057373046875
0.158,309,381,371,308,-1.0,41.0,41.0,8.48388671875,6.469726085662842,-6.286620616912842,-0.9071044921875,0.354736328125,-0.018798828125
0.159,310,381,371,308,-2.0,41.0,42.0,7.751464366912842,5.920409679412842,-6.286620616912842,-0.9063720703125,0.3585205078125,-0.026123046875
0.161,310,380,371,310,-2.0,41.0,42.0,6.103515148162842,5.371093273162842,-6.286620616912842,-0.905029296875,0.3631591796875,-0.027587890625
0.161,310,381,371,310,-2.0,41.0,42.0,4.0283203125,4.5166015625,-6.286620616912842,-0.903076171875,0.3624267578125,-0.0263671875
0.162,310,382,371,309,-2.0,41.0,42.0,2.3193359375,3.234863042831421,-6.591796398162842,-0.8929443359375,0.3502197265625,-0.031982421875
0.163,310,384,371,310,-2.0,41.0,42.0,1.2817381620407104,1.6479490995407104,-7.080077648162842,-0.8929443359375,0.3502197265625,-0.031982421875
0.163,310,383,367,310,-2.0,41.0,42.0,0.4272460639476776,0.1220703050494194,-7.324218273162842,-0.890380859375,0.3426513671875,-0.0340576171875
0.168,310,386,368,309,-2.0,41.0,42.0,-0.6103515625,-1.15966796875,-6.958007335662842,-0.9058837890625,0.3314208984375,-0.029296875
0.176,309,387,369,310,-2.0,41.0,42.0,-2.01416015625,-2.197265625,-5.859374523162842,-0.9058837890625,0.3314208984375,-0.029296875
0.193,310,388,369,310,-2.0,41.0,42.0,-3.356933355331421,-3.295898199081421,-4.2724609375,-0.9200439453125,0.3299560546875,-0.0220947265625
0.198,310,391,370,310,-2.0,41.0,42.0,-4.2724609375,-4.33349609375,-2.50244140625,-0.9324951171875,0.337646484375,0.002685546875
0.206,310,394,369,310,-2.0,40.0,42.0,-4.57763671875,-5.249022960662842,-0.9155272841453552,-0.9324951171875,0.337646484375,0.002685546875
0.250,309,394,370,310,-2.0,40.0,42.0,-4.39453125,-5.981444835662842,0.4272460639476776,-0.931396484375,0.341796875,0.015380859375
0.253,310,396,371,308,-2.0,40.0,42.0,-3.784179449081421,-6.408690929412842,1.220703125,-0.946044921875,0.37255859375,0.02685546875
0.258,308,395,369,310,-2.0,40.0,42.0,-2.990722417831421,-6.225585460662842,1.5869139432907104,-0.946044921875,0.37255859375,0.02685546875
0.259,310,395,371,310,-2.0,40.0,42.0,-2.197265625,-5.554198741912842,1.4038084745407104,-0.9532470703125,0.389404296875,0.027587890625
0.261,308,380,371,290,-2.0,40.0,42.0,-1.5869139432907104,-4.5166015625,0.6713866591453552,-0.942138671875,0.3896484375,0.0242919921875
0.266,309,393,371,309,-2.0,40.0,42.0,-1.220703125,-3.295898199081421,-0.30517578125,-0.9310302734375,0.381103515625,0.0216064453125
0.274,310,393,371,308,-2.0,40.0,42.0,-0.6713866591453552,-2.3193359375,-1.15966796875,-0.9310302734375,0.381103515625,0.0216064453125
0.294,310,393,372,308,-2.0,40.0,42.0,1.2817381620407104,-1.4038084745407104,-1.7700194120407104,-0.918701171875,0.3695068359375,0.008056640625
0.296,294,391,371,310,-2.0,40.0,42.0,1.2817381620407104,-1.4038084745407104,-1.7700194120407104,-0.9161376953125,0.3653564453125,-0.001708984375
0.304,310,393,370,310,-2.0,40.0,42.0,1.9531248807907104,-1.6479490995407104,-1.7700194120407104,-0.9161376953125,0.3653564453125,-0.001708984375
0.324,308,391,371,310,-2.0,40.0,43.0,1.6479490995407104,-3.051757574081421,-1.6479490995407104,-0.915771484375,0.3599853515625,-0.013916015625
0.326,310,393,371,310,-2.0,40.0,43.0,1.6479490995407104,-3.051757574081421,-1.6479490995407104,-0.9166259765625,0.355712890625,-0.0126953125
0.347,310,393,371,310,-2.0,40.0,43.0,0.6713866591453552,-3.662109136581421,-1.4648436307907104,-0.9166259765625,0.355712890625,-0.0126953125
0.354,309,391,370,310,-2.0,40.0,43.0,-1.4648436307907104,-4.7607421875,-0.9155272841453552,-0.91796875,0.3447265625,0.0048828125
0.357,310,394,368,310,-2.0,40.0,43.0,-1.4648436307907104,-4.7607421875,-0.9155272841453552,-0.9189453125,0.3438720703125,0.0135498046875
0.367,310,394,369,310,-2.0,40.0,43.0,-1.7700194120407104,-5.493163585662842,-0.6103515625,-0.9189453125,0.3438720703125,0.0135498046875
0.377,310,394,369,309,-2.0,40.0,43.0,-1.220703125,-6.713866710662842,0.0610351525247097,-0.9241943359375,0.3529052734375,0.0247802734375
0.387,309,394,369,308,-2.0,40.0,43.0,-1.220703125,-6.713866710662842,0.0610351525247097,-0.9287109375,0.3558349609375,0.0247802734375
0.397,310,395,369,308,-2.0,40.0,43.0,-0.6713866591453552,-6.835937023162842,0.3662109076976776,-0.9287109375,0.3558349609375,0.0247802734375
0.408,310,395,370,308,-1.0,40.0,43.0,-0.1220703050494194,-6.530761241912842,1.03759765625,-0.9334716796875,0.35595703125,0.0264892578125
0.416,310,396,369,311,-1.0,40.0,43.0,-0.1220703050494194,-6.530761241912842,1.03759765625,-0.93212890625,0.3563232421875,0.030029296875
0.426,310,394,369,310,-1.0,40.0,43.0,-0.1831054538488388,-6.469726085662842,1.3427733182907104,-0.929931640625,0.3604736328125,0.03125
0.455,308,394,370,309,-1.0,40.0,43.0,0.1831054538488388,-6.469726085662842,1.5258787870407104,-0.927978515625,0.36962890625,0.03076171875
0.455,310,393,371,310,-1.0,40.0,43.0,0.6103515625,-6.469726085662842,1.3427733182907104,-0.927001953125,0.378662109375,0.03125
0.455,310,391,349,308,-1.0,40.0,43.0,0.6103515625,-6.469726085662842,1.3427733182907104,-0.92919921875,0.3814697265625,0.0308837890625
0.468,308,387,371,310,-1.0,40.0,43.0,1.15966796875,-5.798339366912842,0.6103515625,-0.9368896484375,0.3792724609375,0.026611328125
0.476,309,387,371,310,-1.0,40.0,43.0,1.15966796875,-5.493163585662842,0.4272460639476776,-0.9461669921875,0.375732421875,0.0228271484375
0.484,310,386,371,310,-1.0,40.0,43.0,1.15966796875,-5.493163585662842,0.4272460639476776,-0.9495849609375,0.3692626953125,0.0205078125
0.499,310,379,371,310,-1.0,40.0,43.0,1.4038084745407104,-5.310058116912842,0.9155272841453552,-0.9466552734375,0.361328125,0.017333984375
0.507,309,377,371,310,-4.0,39.0,43.0,1.4038084745407104,-5.493163585662842,1.5258787870407104,-0.937744140625,0.3560791015625,0.0181884765625
0.515,308,372,372,309,-4.0,39.0,43.0,1.4038084745407104,-5.493163585662842,1.5258787870407104,-0.92529296875,0.3529052734375,0.0230712890625
0.527,308,369,371,310,-4.0,39.0,43.0,1.2817381620407104,-6.042479991912842,2.685546636581421,-0.9188232421875,0.3526611328125,0.0267333984375
0.536,309,368,372,310,-4.0,39.0,43.0,1.03759765625,-6.286620616912842,2.929687261581421,-0.9176025390625,0.3564453125,0.031494140625
0.566,308,367,371,310,-4.0,39.0,43.0,1.03759765625,-6.286620616912842,2.929687261581421,-0.9154052734375,0.3599853515625,0.03564453125
0.566,308,349,373,308,-4.0,39.0,43.0,1.3427733182907104,-7.263183116912842,2.868652105331421,-0.9140625,0.3653564453125,0.0380859375
0.568,309,363,372,310,-4.0,39.0,43.0,2.44140625,-8.11767578125,2.44140625,-0.9144287109375,0.3734130859375,0.04248046875
0.574,310,363,372,310,-4.0,39.0,43.0,4.0283203125,-8.9111328125,1.5869139432907104,-0.9149169921875,0.3797607421875,0.0438232421875
0.588,310,361,372,309,-4.0,39.0,43.0,5.249022960662842,-8.9111328125,0.4882812201976776,-0.916748046875,0.384521484375,0.0399169921875
0.601,309,360,378,310,-4.0,39.0,43.0,5.126952648162842,-8.1787109375,-0.4882812201976776,-0.9166259765625,0.3839111328125,0.037109375
0.604,310,357,379,310,-3.0,38.0,46.0,4.150390625,-7.141112804412842,-1.15966796875,-0.9107666015625,0.373046875,0.0340576171875
0.617,310,360,378,309,-3.0,38.0,46.0,2.990722417831421,-6.408690929412842,-1.3427733182907104,-0.9066162109375,0.361328125,0.026123046875
0.631,308,359,377,310,-3.0,38.0,46.0,1.6479490995407104,-6.408690929412842,-1.15966796875,-0.906005859375,0.35498046875,0.021728515625
0.634,309,357,378,310,-3.0,38.0,46.0,0.1831054538488388,-6.958007335662842,-0.8544921278953552,-0.9051513671875,0.350341796875,0.0194091796875
0.658,310,360,379,309,-3.0,38.0,46.0,-1.0986328125,-7.629394054412842,-0.54931640625,-0.90673828125,0.3509521484375,0.014404296875
0.659,310,360,378,308,-3.0,38.0,46.0,-2.0751953125,-8.4228515625,-0.30517578125,-0.9119873046875,0.359619140625,0.0147705078125
0.664,310,360,373,310,-3.0,38.0,46.0,-2.746581792831421,-9.3994140625,-0.3662109076976776,-0.918701171875,0.3701171875,0.0233154296875
0.694,310,359,373,308,-3.0,38.0,46.0,-3.112792730331421,-10.070799827575684,-0.54931640625,-0.9232177734375,0.3770751953125,0.0367431640625
0.703,310,360,377,310,-3.0,38.0,46.0,-3.417968511581421,-10.314940452575684,-0.6713866591453552,-0.92236328125,0.37353515625,0.056396484375
0.707,309,360,378,310,-3.0,38.0,46.0,-3.173827886581421,-10.559081077575684,-0.6713866591453552,-0.915771484375,0.358154296875,0.072509765625
0.773,310,360,379,310,-1.0,38.0,43.0,-1.8920897245407104,-11.169432640075684,-0.4272460639476776,-0.9053955078125,0.3427734375,0.0736083984375
0.775,310,359,373,296,-1.0,38.0,43.0,-0.4882812201976776,-11.718749046325684,0.1831054538488388,-0.8951416015625,0.3377685546875,0.0665283203125
0.775,309,343,360,309,-1.0,38.0,43.0,-0.4272460639476776,-11.779784202575684,1.2817381620407104,-0.8914794921875,0.34130859375,0.0582275390625
0.775,308,363,372,308,-1.0,38.0,43.0,-2.01416015625,-11.352538108825684,2.624511480331421,-0.8948974609375,0.3486328125,0.0479736328125
0.775,308,363,372,309,-1.0,38.0,43.0,-4.638671875,-10.742186546325684,4.08935546875,-0.902099609375,0.3570556640625,0.0391845703125
0.775,297,363,372,310,-1.0,38.0,43.0,-8.1787109375,-10.437010765075684,5.432128429412842,-0.9124755859375,0.3609619140625,0.0360107421875
0.776,309,364,372,310,-1.0,38.0,43.0,-12.390135765075684,-10.253905296325684,6.713866710662842,-0.924560546875,0.355712890625,0.035888671875
0.872,308,363,372,310,-1.0,38.0,43.0,-16.41845703125,-10.131834983825684,8.4228515625,-0.93798828125,0.3487548828125,0.0345458984375
0.875,307,345,355,310,-1.0,38.0,43.0,-19.8974609375,-10.192870140075684,10.925292015075684,-0.9444580078125,0.3499755859375,0.0360107421875
0.875,309,363,371,309,-1.0,38.0,43.0,-22.949216842651367,-10.559081077575684,14.099120140075684,-0.93017578125,0.355224609375,0.047607421875
0.875,310,354,371,310,-1.0,37.0,40.0,-26.000974655151367,-10.803221702575684,17.4560546875,-0.8961181640625,0.3505859375,0.0660400390625
0.875,296,371,371,310,-1.0,37.0,40.0,-29.113767623901367,-10.925292015075684,20.812986373901367,-0.853271484375,0.32470703125,0.0811767578125
0.875,296,377,369,310,-1.0,37.0,40.0,-31.372068405151367,-11.413573265075684,24.353025436401367,-0.7926025390625,0.272216796875,0.0772705078125
0.875,310,391,360,309,-1.0,37.0,40.0,-31.494138717651367,-13.488768577575684,28.503416061401367,-0.6746826171875,0.1927490234375,0.0552978515625
0.876,310,411,354,309,-1.0,37.0,40.0,-28.015134811401367,-19.59228515625,31.982419967651367,-0.4852294921875,0.0908203125,0.0491943359375
0.876,308,438,342,310,-1.0,37.0,40.0,-17.7001953125,-32.71484375,32.2265625,-0.19384765625,-0.0301513671875,0.055908203125
0.876,297,495,345,308,-1.0,37.0,40.0,4.39453125,-55.053707122802734,26.245115280151367,0.301513671875,-0.1385498046875,0.0672607421875
0.878,310,530,343,310,-1.0,37.0,40.0,42.907711029052734,-86.97509002685547,7.812499523162842,0.800537109375,-0.171630859375,0.0780029296875
0.884,309,579,417,311,-1.0,37.0,40.0,93.87206268310547,-120.97167205810547,-27.648923873901367,0.959228515625,-0.0228271484375,-0.06103515625
0.914,309,662,473,310,-1.0,37.0,40.0,125.73241424560547,-135.1318359375,-71.22802734375,0.554443359375,0.432373046875,-0.135498046875
0.915,310,725,502,297,-1.0,34.0,45.0,98.51073455810547,-105.59081268310547,-107.17772674560547,-0.443359375,0.848876953125,-0.088134765625
0.915,296,766,604,310,-1.0,34.0,45.0,19.04296875,-39.55078125,-119.56786346435547,-1.767333984375,1.12109375,-0.2677001953125
0.981,310,819,805,310,-1.0,34.0,45.0,-83.61815643310547,14.282225608825684,-95.88622283935547,-2.8016357421875,1.57568359375,-0.3642578125
0.983,310,830,890,298,-1.0,34.0,45.0,-196.77732849121094,11.291502952575684,-52.124019622802734,-2.9112548828125,1.5205078125,0.180908203125
0.983,311,840,922,299,-1.0,34.0,45.0,-268.12744140625,-32.89794921875,-28.381345748901367,-2.4635009765625,0.4261474609375,1.0784912109375
0.983,310,809,865,312,-1.0,34.0,45.0,-226.62351989746094,-64.27001953125,-30.395505905151367,-1.8182373046875,-0.6763916015625,1.286865234375
0.983,310,810,875,311,-1.0,34.0,45.0,-90.94237518310547,-57.434078216552734,-27.099607467651367,-1.8182373046875,-0.6763916015625,1.286865234375
0.983,310,805,861,310,-1.0,34.0,45.0,51.391597747802734,-25.329587936401367,-13.793944358825684,-1.4996337890625,-0.01416015625,0.708251953125
0.993,308,771,796,310,-1.0,34.0,45.0,121.52098846435547,7.873534679412842,-2.197265625,-2.1416015625,1.0595703125,-0.012939453125
0.995,310,754,741,311,-1.0,34.0,45.0,95.09276580810547,25.695798873901367,7.507323741912842,-2.1416015625,1.0595703125,-0.012939453125
1.017,310,732,683,311,1.0,36.0,40.0,29.174802780151367,26.550291061401367,16.7236328125,-2.103515625,0.6112060546875,-0.0198974609375
1.018,311,676,594,310,1.0,36.0,40.0,-10.986327171325684,20.01953125,29.296873092651367,-1.530517578125,0.2532958984375,0.082763671875
1.025,309,633,545,310,1.0,36.0,40.0,-15.869139671325684,16.6015625,46.020503997802734,-1.530517578125,0.2532958984375,0.082763671875
1.041,310,585,507,311,1.0,36.0,40.0,-4.7607421875,17.08984375,60.791011810302734,-1.1304931640625,0.2100830078125,0.16259765625
1.047,310,523,430,310,1.0,36.0,40.0,4.2724609375,18.61572265625,70.556640625,-0.3836669921875,0.075439453125,0.311767578125
1.071,310,481,407,310,1.0,36.0,40.0,5.310058116912842,20.568845748901367,77.7587890625,-0.3836669921875,0.075439453125,0.311767578125
1.071,310,452,386,310,1.0,36.0,40.0,3.234863042831421,22.155759811401367,78.67431640625,-0.1168212890625,-0.0103759765625,0.334716796875
1.084,310,430,384,308,1.0,36.0,40.0,7.141112804412842,24.169919967651367,63.110347747802734,0.091552734375,-0.0294189453125,0.3162841796875
1.085,296,415,383,310,1.0,36.0,40.0,21.850584030151367,27.343748092651367,32.77587890625,0.091552734375,-0.0294189453125,0.3162841796875
1.093,310,402,382,310,1.0,36.0,40.0,41.625972747802734,31.494138717651367,2.746581792831421,-0.099853515625,0.2589111328125,0.1153564453125
1.114,308,395,380,310,-2.0,37.0,43.0,58.532711029052734,34.85107421875,-16.54052734375,-0.4796142578125,0.731689453125,-0.158203125
1.115,310,393,379,296,-2.0,37.0,43.0,64.51416015625,33.8134765625,-23.742673873901367,-0.5701904296875,0.7537841796875,-0.1380615234375
1.128,310,396,379,310,-2.0,37.0,43.0,50.231929779052734,26.489255905151367,-22.583005905151367,-0.5701904296875,0.7537841796875,-0.1380615234375
1.156,310,401,377,308,-2.0,37.0,43.0,-9.765625,7.934569835662842,-18.37158203125,-0.7344970703125,0.3751220703125,0.053466796875
1.156,307,406,379,310,-2.0,37.0,43.0,-9.765625,7.934569835662842,-18.37158203125,-0.84326171875,0.2120361328125,0.103271484375
1.175,310,408,382,310,-2.0,37.0,43.0,-24.353025436401367,4.8828125,-18.798828125,-0.84326171875,0.2120361328125,0.103271484375
1.175,309,408,382,310,-2.0,37.0,43.0,-17.822265625,4.0283203125,-15.563963890075684,-0.9569091796875,0.21630859375,0.136474609375
1.176,310,411,369,299,-2.0,37.0,43.0,-17.822265625,4.0283203125,-15.563963890075684,-0.9945068359375,0.3028564453125,0.16748046875
1.190,310,409,382,310,-2.0,37.0,43.0,-11.718749046325684,2.13623046875,-12.878417015075684,-0.9945068359375,0.3028564453125,0.16748046875
1.197,310,408,382,310,-2.0,37.0,43.0,-8.48388671875,-2.563476324081421,-10.070799827575684,-0.9796142578125,0.327392578125,0.1966552734375
1.206,310,408,382,310,-1.0,35.0,46.0,-8.48388671875,-2.563476324081421,-10.070799827575684,-0.9437255859375,0.2943115234375,0.2000732421875
1.217,310,406,384,310,-1.0,35.0,46.0,-5.432128429412842,-3.234863042831421,-8.11767578125,-0.9437255859375,0.2943115234375,0.2000732421875
1.227,309,402,381,310,-1.0,35.0,46.0,7.263183116912842,-1.7700194120407104,-4.150390625,-0.914306640625,0.3280029296875,0.1781005859375
1.249,308,400,380,310,-1.0,35.0,46.0,7.263183116912842,-1.7700194120407104,-4.150390625,-0.930908203125,0.3736572265625,0.1463623046875
1.249,308,382,368,309,-1.0,35.0,46.0,10.742186546325684,-1.03759765625,-3.173827886581421,-0.930908203125,0.3736572265625,0.1463623046875
1.257,309,396,380,310,-1.0,35.0,46.0,7.446288585662842,-0.6713866591453552,-3.234863042831421,-0.9439697265625,0.4063720703125,0.1083984375
1.275,309,393,380,310,-1.0,35.0,46.0,4.150390625,-1.2817381620407104,-4.7607421875,-0.9296875,0.39990234375,0.1005859375
1.275,310,386,383,310,-1.0,35.0,46.0,4.150390625,-1.2817381620407104,-4.7607421875,-0.903076171875,0.3831787109375,0.0936279296875
1.287,310,382,382,308,-1.0,35.0,46.0,-0.9155272841453552,-4.45556640625,-7.812499523162842,-0.8712158203125,0.354248046875,0.07958984375
1.296,310,382,381,309,-1.0,35.0,46.0,-4.2724609375,-6.225585460662842,-6.469726085662842,-0.842041015625,0.3087158203125,0.064208984375
1.303,310,382,380,310,-2.0,36.0,46.0,-4.2724609375,-6.225585460662842,-6.469726085662842,-0.8128662109375,0.2401123046875,0.048583984375
1.319,308,391,378,309,-2.0,36.0,46.0,-15.197752952575684,-11.230467796325684,6.530761241912842,-0.7445068359375,0.15234375,0.0172119140625
1.329,310,398,379,310,-2.0,36.0,46.0,-21.362302780151367,-16.05224609375,19.04296875,-0.5870361328125,0.054443359375,-0.03271484375
1.336,296,408,393,309,-2.0,36.0,46.0,-21.362302780151367,-16.05224609375,19.04296875,-0.3143310546875,-0.025390625,-0.086669921875
1.423,308,456,380,297,-2.0,36.0,46.0,-23.864744186401367,-40.0390625,44.372554779052734,0.092529296875,-0.0606689453125,-0.1160888671875
1.439,310,493,402,310,-2.0,36.0,46.0,-18.85986328125,-63.049312591552734,44.677730560302734,0.5989990234375,-0.0985107421875,-0.091796875
1.458,294,521,431,310,-2.0,36.0,46.0,-18.85986328125,-63.049312591552734,44.677730560302734,0.9727783203125,-0.2076416015625,-0.0194091796875
1.487,312,579,586,299,-2.0,36.0,46.0,19.71435546875,-97.83934783935547,-5.981444835662842,0.8388671875,-0.1754150390625,0.0963134765625
1.498,310,646,698,311,-2.0,36.0,46.0,42.114253997802734,-94.05516815185547,-47.729488372802734,0.179443359375,0.2060546875,0.314697265625
1.510,310,703,779,311,-2.0,36.0,46.0,42.114253997802734,-94.05516815185547,-47.729488372802734,-0.7752685546875,0.6259765625,0.415771484375
1.523,296,771,966,308,-2.0,33.0,51.0,-36.4990234375,-16.90673828125,-92.22411346435547,-1.879150390625,1.0633544921875,0.232177734375
1.532,310,799,1054,311,-2.0,33.0,51.0,-96.98485565185547,2.746581792831421,-67.138671875,-2.5498046875,1.48193359375,0.18212890625
1.536,310,819,1125,313,-2.0,33.0,51.0,-140.625,-19.83642578125,-31.127927780151367,-2.6170654296875,1.188720703125,0.6226806640625
1.542,310,806,1120,310,-2.0,33.0,51.0,-140.0146484375,-47.363277435302734,-20.751951217651367,-2.680419921875,0.4052734375,1.2066650390625
1.555,310,811,1055,312,-2.0,33.0,51.0,-83.31298065185547,-48.156734466552734,-25.756834030151367,-2.6220703125,-0.1553955078125,1.397705078125
1.557,310,816,1063,310,-2.0,33.0,51.0,4.94384765625,-25.756834030151367,-19.59228515625,-1.819580078125,-0.3255615234375,1.03369140625
1.559,310,813,1054,311,-2.0,33.0,51.0,89.84374237060547,4.638671875,-7.934569835662842,-1.1903076171875,0.2471923828125,0.462158203125
1.561,310,799,1037,310,-2.0,33.0,51.0,114.01366424560547,26.184080123901367,-0.2441406100988388,-1.55712890625,1.1240234375,0.192138671875
1.581,310,780,1014,312,-2.0,33.0,51.0,61.889644622802734,35.21728515625,2.929687261581421,-2.06591796875,1.2049560546875,0.2325439453125
1.582,308,740,943,310,0.0,35.0,46.0,-0.54931640625,36.0107421875,2.25830078125,-2.1610107421875,0.6300048828125,0.35107421875
1.583,309,714,868,310,0.0,35.0,46.0,-23.620603561401367,30.639646530151367,5.187987804412842,-1.9964599609375,0.19140625,0.38037109375
1.583,310,683,763,310,0.0,35.0,46.0,-10.375975608825684,26.367185592651367,15.930174827575684,-1.826416015625,0.1575927734375,0.2762451171875
1.583,310,606,616,310,0.0,35.0,46.0,15.136717796325684,27.221677780151367,33.5693359375,-1.6322021484375,0.328857421875,0.14990234375
1.584,310,548,548,299,0.0,35.0,46.0,32.1044921875,29.846189498901367,54.748531341552734,-1.2286376953125,0.331298828125,0.158203125
1.584,310,513,440,310,0.0,35.0,46.0,36.56005859375,30.151365280151367,72.3876953125,-0.634033203125,0.097412109375,0.2879638671875
1.585,298,465,394,309,0.0,35.0,46.0,33.5693359375,29.418943405151367,80.81053924560547,-0.0728759765625,-0.12353515625,0.3712158203125
1.585,310,433,394,310,0.0,35.0,46.0,28.381345748901367,29.724119186401367,75.13427734375,0.3258056640625,-0.261474609375,0.385986328125
1.586,310,415,386,310,0.0,35.0,46.0,31.311033248901367,31.372068405151367,48.889156341552734,0.453369140625,-0.21923828125,0.360595703125
1.588,295,408,391,309,0.0,35.0,46.0,47.546382904052734,36.4990234375,7.934569835662842,0.2537841796875,0.114501953125,0.2073974609375
1.595,310,400,385,309,0.0,35.0,46.0,67.19970703125,46.569820404052734,-28.015134811401367,-0.130615234375,0.51318359375,-0.0467529296875
1.603,310,394,379,308,0.0,37.0,43.0,77.1484375,53.833003997802734,-45.043941497802734,-0.4442138671875,0.754150390625,-0.2271728515625
1.624,310,393,373,308,0.0,37.0,43.0,70.61767578125,49.377437591552734,-45.959468841552734,-0.60107421875,0.840087890625,-0.2647705078125
1.626,310,394,379,296,0.0,37.0,43.0,48.889156341552734,34.7900390625,-43.029781341552734,-0.682861328125,0.787109375,-0.1600341796875
1.634,310,394,385,310,0.0,37.0,43.0,18.1884765625,16.845703125,-44.067378997802734,-0.714111328125,0.56787109375,-0.0020751953125
1.655,310,394,401,310,0.0,37.0,43.0,-10.375975608825684,4.638671875,-48.461910247802734,-0.809814453125,0.1412353515625,0.09033203125
1.656,310,394,401,298,0.0,37.0,43.0,-23.742673873901367,1.4038084745407104,-51.208492279052734,-0.809814453125,0.1412353515625,0.09033203125
1.664,310,395,407,308,0.0,37.0,43.0,-20.385740280151367,2.44140625,-49.133296966552734,-0.8853759765625,0.11572265625,0.0877685546875
1.693,310,393,408,309,0.0,37.0,43.0,-10.803221702575684,3.051757574081421,-42.724605560302734,-0.9991455078125,0.209228515625,0.1116943359375
1.695,310,394,409,310,0.0,37.0,43.0,-4.39453125,1.15966796875,-34.5458984375,-0.9991455078125,0.209228515625,0.1116943359375
1.695,309,395,391,310,0.0,37.0,43.0,-5.126952648162842,-2.3193359375,-27.099607467651367,-1.0211181640625,0.2288818359375,0.1485595703125
1.708,309,395,409,310,0.0,38.0,49.0,-10.925292015075684,-5.126952648162842,-20.446775436401367,-0.9759521484375,0.10400390625,0.19580078125
1.727,309,401,410,310,0.0,38.0,49.0,-15.136717796325684,-6.042479991912842,-14.343260765075684,-0.9759521484375,0.10400390625,0.19580078125
1.728,310,402,411,310,0.0,38.0,49.0,-11.291502952575684,-6.469726085662842,-8.7890625,-0.9271240234375,0.07177734375,0.2093505859375
1.738,310,408,410,310,0.0,38.0,49.0,-1.5869139432907104,-8.11767578125,-3.479003667831421,-0.91552734375,0.2413330078125,0.1630859375
1.746,309,408,401,310,0.0,38.0,49.0,5.187987804412842,-10.192870140075684,1.6479490995407104,-0.91552734375,0.2413330078125,0.1630859375
1.757,310,410,400,309,0.0,38.0,49.0,3.417968511581421,-10.803221702575684,6.164550304412842,-0.935546875,0.318359375,0.125
1.786,310,409,399,310,0.0,38.0,49.0,-5.126952648162842,-9.033203125,10.009765625,-0.9249267578125,0.3323974609375,0.08642578125
1.788,309,410,396,309,0.0,38.0,49.0,-15.869139671325684,-5.615233898162842,13.305663108825684,-0.9249267578125,0.3323974609375,0.08642578125
1.789,309,410,398,310,0.0,38.0,49.0,-25.024412155151367,-3.112792730331421,16.17431640625,-0.8873291015625,0.2940673828125,0.0909423828125
1.804,310,410,395,310,0.0,35.0,43.0,-32.53173828125,-5.859374523162842,22.644041061401367,-0.7772216796875,0.2386474609375,0.071533203125
1.806,310,409,411,310,0.0,35.0,43.0,-32.53173828125,-5.859374523162842,22.644041061401367,-0.6922607421875,0.209716796875,0.0404052734375
1.814,308,421,423,309,0.0,35.0,43.0,-34.85107421875,-8.72802734375,27.648923873901367,-0.6922607421875,0.209716796875,0.0404052734375
1.837,310,447,435,309,0.0,35.0,43.0,-39.55078125,-17.02880859375,38.63525390625,-0.3367919921875,0.0810546875,-0.0311279296875
1.838,309,473,441,309,0.0,35.0,43.0,-39.55078125,-17.02880859375,38.63525390625,-0.110107421875,-0.0013427734375,-0.0726318359375
1.844,310,496,477,309,0.0,35.0,43.0,-44.311519622802734,-25.878904342651367,41.076656341552734,-0.110107421875,-0.0013427734375,-0.0726318359375
1.859,308,538,551,310,0.0,35.0,43.0,-43.701168060302734,-47.058101654052734,32.04345703125,0.3125,-0.071533203125,0.0325927734375
1.868,310,572,640,310,0.0,35.0,43.0,-43.701168060302734,-47.058101654052734,32.04345703125,0.280517578125,-0.010986328125,0.2152099609375
1.894,310,607,717,311,0.0,35.0,43.0,-26.428220748901367,-59.326168060302734,12.756346702575684,0.280517578125,-0.010986328125,0.2152099609375
1.903,310,698,859,312,0.0,35.0,43.0,11.352538108825684,-69.580078125,-51.086421966552734,-0.5072021484375,0.4249267578125,0.4991455078125
1.919,308,749,917,312,1.0,32.0,48.0,11.352538108825684,-69.580078125,-51.086421966552734,-1.3187255859375,0.8939208984375,0.42431640625
1.941,312,767,996,308,1.0,32.0,48.0,9.46044921875,-50.598140716552734,-69.03076171875,-2.020751953125,1.4398193359375,0.3182373046875
1.952,311,806,1065,312,1.0,32.0,48.0,-16.845703125,-30.761716842651367,-61.279293060302734,-2.020751953125,1.4398193359375,0.3182373046875
1.967,310,832,1147,310,1.0,32.0,48.0,-82.76366424560547,-38.87939453125,-38.63525390625,-1.99755859375,0.6201171875,0.9256591796875
1.993,309,846,1162,314,1.0,32.0,48.0,-82.76366424560547,-38.87939453125,-38.63525390625,-2.13916015625,0.1044921875,1.0009765625
2.007,310,827,1127,310,1.0,32.0,48.0,-62.805171966552734,-38.26904296875,-48.522945404052734,-2.2119140625,-0.0703125,0.8084716796875
2.015,310,822,1131,312,1.0,32.0,48.0,31.188962936401367,-9.46044921875,-39.794921875,-1.7208251953125,-0.01953125,0.4781494140625
2.033,310,818,1131,311,1.0,32.0,48.0,64.14794921875,6.347655773162842,-28.320310592651367,-1.3206787109375,0.3275146484375,0.2476806640625
2.048,310,809,1117,310,1.0,32.0,48.0,64.14794921875,6.347655773162842,-28.320310592651367,-1.59326171875,0.73876953125,0.27001953125
2.051,309,785,1079,312,1.0,32.0,48.0,5.0048828125,27.770994186401367,-14.465331077575684,-1.9488525390625,0.707275390625,0.397705078125
2.055,311,766,1035,312,3.0,32.0,46.0,-35.888671875,33.69140625,-7.690429210662842,-1.998779296875,0.3341064453125,0.46875
2.064,310,745,973,311,3.0,32.0,46.0,-35.888671875,33.69140625,-7.690429210662842,-1.8355712890625,0.0855712890625,0.445068359375
2.068,309,683,819,310,3.0,32.0,46.0,-26.916501998901367,31.005857467651367,17.02880859375,-1.6463623046875,0.1124267578125,0.3477783203125
2.073,310,644,723,310,3.0,32.0,46.0,-4.33349609375,33.87451171875,33.63037109375,-1.45263671875,0.2608642578125,0.274169921875
2.095,310,604,634,298,3.0,32.0,46.0,-4.33349609375,33.87451171875,33.63037109375,-1.1927490234375,0.303955078125,0.295166015625
2.096,308,540,476,308,3.0,32.0,46.0,7.202147960662842,40.588375091552734,64.88037109375,-0.8629150390625,0.1888427734375,0.3546142578125
2.096,309,504,414,295,3.0,32.0,46.0,5.920409679412842,40.893550872802734,75.5615234375,-0.5054931640625,0.0367431640625,0.348876953125
2.097,308,454,401,310,3.0,32.0,46.0,11.047362327575684,39.4287109375,77.57568359375,-0.16162109375,-0.08203125,0.3114013671875
2.098,310,437,386,308,3.0,32.0,46.0,11.047362327575684,39.4287109375,77.57568359375,0.1041259765625,-0.183349609375,0.31201171875
2.098,310,408,377,310,3.0,32.0,46.0,54.321285247802734,33.38623046875,36.2548828125,0.1903076171875,-0.14453125,0.2813720703125
2.099,310,374,372,296,-2.0,34.0,42.0,79.2236328125,36.0107421875,3.784179449081421,0.025390625,0.0960693359375,0.1011962890625
2.105,312,394,382,310,-2.0,34.0,42.0,92.89550018310547,41.931148529052734,-20.202634811401367,-0.280517578125,0.4058837890625,-0.1124267578125
2.118,310,380,381,309,-2.0,34.0,42.0,90.82030487060547,41.687007904052734,-28.991697311401367,-0.5198974609375,0.703125,-0.1995849609375
2.126,310,378,379,310,-2.0,34.0,42.0,69.4580078125,31.311033248901367,-26.733396530151367,-0.65185546875,0.8787841796875,-0.176025390625
2.151,310,377,378,309,-2.0,34.0,42.0,34.912109375,17.08984375,-23.071287155151367,-0.699951171875,0.81103515625,-0.0831298828125
2.151,310,379,379,295,-2.0,34.0,42.0,-0.30517578125,7.751464366912842,-23.864744186401367,-0.708740234375,0.5406494140625,-0.002197265625
2.156,308,377,379,308,-2.0,34.0,42.0,-23.559568405151367,6.958007335662842,-27.404783248901367,-0.76171875,0.26806640625,0.035400390625
2.167,310,372,394,310,-2.0,34.0,42.0,-31.311033248901367,8.4228515625,-28.503416061401367,-0.8284912109375,0.099609375,0.06787109375
2.197,308,377,398,310,-2.0,34.0,42.0,-30.822751998901367,6.408690929412842,-23.986814498901367,-0.8602294921875,0.0177001953125,0.0989990234375
2.197,310,377,401,309,-2.0,34.0,42.0,-28.198240280151367,2.25830078125,-14.831542015075684,-0.884765625,0.0260009765625,0.13232421875
2.198,310,380,402,308,1.0,34.0,44.0,-26.062009811401367,-2.44140625,-3.784179449081421,-0.9105224609375,0.07861328125,0.1761474609375
2.203,310,383,411,310,1.0,34.0,44.0,-25.085447311401367,-6.225585460662842,6.652831554412842,-0.92724609375,0.093505859375,0.1949462890625
2.217,309,386,414,310,1.0,34.0,44.0,-24.536130905151367,-7.568358898162842,16.845703125,-0.931884765625,0.0748291015625,0.1922607421875
2.225,309,396,419,310,1.0,34.0,44.0,-24.291990280151367,-6.835937023162842,28.137205123901367,-0.922607421875,0.060546875,0.2152099609375
2.240,309,399,428,310,1.0,34.0,44.0,-22.949216842651367,-5.737304210662842,40.0390625,-0.914306640625,0.0709228515625,0.254150390625
2.270,309,406,444,311,1.0,34.0,44.0,-19.83642578125,-5.065917491912842,52.185054779052734,-0.8983154296875,0.1068115234375,0.268798828125
2.272,310,410,456,309,1.0,34.0,44.0,-16.4794921875,-4.8828125,63.720699310302734,-0.8486328125,0.148193359375,0.2469482421875
2.275,310,419,456,298,1.0,34.0,44.0,-14.831542015075684,-5.310058116912842,73.30322265625,-0.7645263671875,0.1778564453125,0.20947265625
2.299,310,449,475,310,1.0,34.0,44.0,-15.014647483825684,-5.981444835662842,80.078125,-0.5994873046875,0.1552734375,0.1502685546875
2.302,309,473,473,309,1.0,34.0,44.0,-11.901854515075684,-7.446288585662842,81.42089080810547,-0.300048828125,0.05322265625,0.0665283203125
2.304,310,495,473,308,-1.0,38.0,42.0,1.4648436307907104,-12.756346702575684,74.5849609375,0.113037109375,-0.1025390625,0.0552978515625
2.310,310,551,538,310,-1.0,38.0,42.0,27.160642623901367,-22.460935592651367,58.288570404052734,0.5567626953125,-0.248779296875,0.1231689453125
2.320,310,578,636,310,-1.0,38.0,42.0,59.753414154052734,-35.70556640625,29.174802780151367,0.7642822265625,-0.211669921875,0.1165771484375
2.328,311,622,684,310,-1.0,38.0,42.0,85.26610565185547,-48.645015716552734,-9.8876953125,0.481201171875,0.1424560546875,0.023681640625
2.345,310,717,756,310,-1.0,38.0,42.0,83.80126190185547,-51.208492279052734,-44.128414154052734,-0.2542724609375,0.729248046875,-0.088623046875
2.349,310,733,784,310,-1.0,38.0,42.0,48.278804779052734,-36.9873046875,-52.917476654052734,-1.259521484375,1.5845947265625,-0.33203125
2.379,310,796,854,311,-1.0,38.0,42.0,-8.30078125,-11.230467796325684,-31.372068405151367,-2.0189208984375,2.2847900390625,-0.50439453125
2.399,310,840,1132,311,-1.0,38.0,42.0,-75.62255859375,2.868652105331421,-11.169432640075684,-2.204345703125,1.9083251953125,-0.1004638671875
2.402,308,861,1191,310,-1.0,38.0,42.0,-137.39013671875,-8.97216796875,-13.061522483825684,-2.337646484375,0.743408203125,0.8468017578125
2.404,311,846,1087,310,-1.0,38.0,42.0,-160.94969177246094,-32.5927734375,-16.54052734375,-2.599365234375,-0.3577880859375,1.6270751953125
2.407,309,858,1064,312,0.0,34.0,44.0,-115.66161346435547,-41.137691497802734,-7.446288585662842,-2.3819580078125,-0.8988037109375,1.5399169921875
2.411,297,835,1063,298,0.0,34.0,44.0,-0.1831054538488388,-19.775390625,6.286620616912842,-1.697021484375,-0.4237060546875,0.764892578125
2.419,310,840,1021,311,0.0,34.0,44.0,106.14012908935547,12.207030296325684,17.9443359375,-1.472412109375,0.8868408203125,0.1124267578125
2.425,309,822,982,310,0.0,34.0,44.0,105.10253143310547,31.188962936401367,26.733396530151367,-1.7333984375,1.625,-0.0416259765625
2.444,310,771,933,311,0.0,34.0,44.0,28.198240280151367,36.92626953125,27.221677780151367,-1.8248291015625,1.16943359375,0.0986328125
2.447,310,741,865,312,0.0,34.0,44.0,-28.137205123901367,34.66796875,23.071287155151367,-1.7100830078125,0.519775390625,0.2587890625
2.455,310,711,827,311,0.0,34.0,44.0,-36.92626953125,28.076169967651367,23.315427780151367,-1.5589599609375,0.1767578125,0.331298828125
2.482,309,653,691,310,0.0,34.0,44.0,-16.66259765625,23.498533248901367,27.160642623901367,-1.43798828125,0.0985107421875,0.321533203125
2.483,310,607,621,310,0.0,34.0,44.0,12.878417015075684,22.766111373901367,34.97314453125,-1.2921142578125,0.251953125,0.273193359375
2.501,309,554,538,309,0.0,34.0,44.0,34.7900390625,22.094724655151367,46.691890716552734,-1.0413818359375,0.430908203125,0.26904296875
2.503,309,521,438,308,-1.0,33.0,42.0,40.832515716552734,20.507810592651367,54.809566497802734,-0.2679443359375,0.357177734375,0.293212890625
2.506,308,483,417,310,-1.0,33.0,42.0,38.14697265625,21.423337936401367,51.391597747802734,-0.2679443359375,0.357177734375,0.293212890625
2.517,310,456,411,310,-1.0,33.0,42.0,38.57421875,23.498533248901367,32.53173828125,0.0384521484375,0.2042236328125,0.2398681640625
2.528,309,433,399,310,-1.0,33.0,42.0,46.386714935302734,24.963376998901367,1.7700194120407104,0.11572265625,0.23388671875,-0.0186767578125
2.537,311,423,384,310,-1.0,33.0,42.0,57.312007904052734,27.465818405151367,-27.099607467651367,0.11572265625,0.23388671875,-0.0186767578125
2.550,310,411,391,308,-1.0,33.0,42.0,64.14794921875,28.808591842651367,-42.541500091552734,-0.1436767578125,0.3948974609375,-0.0531005859375
2.558,310,402,379,310,-1.0,33.0,42.0,48.889156341552734,26.367185592651367,-42.053218841552734,-0.6239013671875,0.5615234375,-0.106689453125
2.582,310,402,371,310,-1.0,33.0,42.0,48.889156341552734,26.367185592651367,-42.053218841552734,-0.712890625,0.58056640625,-0.1160888671875
2.582,310,402,371,309,-1.0,33.0,42.0,38.39111328125,24.047849655151367,-39.12353515625,-0.712890625,0.58056640625,-0.1160888671875
2.602,310,400,372,310,-1.0,33.0,42.0,10.559081077575684,7.263183116912842,-43.212886810302734,-0.8284912109375,0.3958740234375,0.056640625
2.603,310,399,380,310,-1.0,38.0,42.0,10.559081077575684,7.263183116912842,-43.212886810302734,-0.8460693359375,0.29296875,0.126220703125
2.604,310,395,382,309,-1.0,38.0,42.0,0.2441406100988388,1.03759765625,-45.532222747802734,-0.8460693359375,0.29296875,0.126220703125
2.619,310,394,386,310,-1.0,38.0,42.0,-2.0751953125,-2.197265625,-42.907711029052734,-0.89794921875,0.265380859375,0.1414794921875
2.626,310,393,391,310,-1.0,38.0,42.0,-2.0751953125,-2.197265625,-42.907711029052734,-0.89990234375,0.2279052734375,0.138916015625
2.634,310,394,394,308,-1.0,38.0,42.0,-2.25830078125,-2.0751953125,-41.442867279052734,-0.89990234375,0.2279052734375,0.138916015625
2.650,310,393,395,310,-1.0,38.0,42.0,-7.995604991912842,-3.051757574081421,-33.02001953125,-0.93017578125,0.20849609375,0.14990234375
2.656,310,391,394,310,-1.0,38.0,42.0,-7.995604991912842,-3.051757574081421,-33.02001953125,-0.934326171875,0.21142578125,0.1395263671875
2.664,310,393,391,310,-1.0,38.0,42.0,-9.46044921875,-3.356933355331421,-25.268552780151367,-0.934326171875,0.21142578125,0.1395263671875
2.687,310,393,393,310,-1.0,38.0,42.0,-6.530761241912842,-2.0751953125,-9.70458984375,-0.9053955078125,0.2152099609375,0.1116943359375
2.693,310,396,391,308,-1.0,38.0,42.0,-6.530761241912842,-2.0751953125,-9.70458984375,-0.8931884765625,0.24072265625,0.1094970703125
2.706,310,400,393,310,-1.0,34.0,43.0,-5.920409679412842,-2.25830078125,-2.38037109375,-0.8931884765625,0.24072265625,0.1094970703125
2.708,310,407,393,310,-1.0,34.0,43.0,-13.732909202575684,-4.94384765625,9.3994140625,-0.8468017578125,0.27001953125,0.0833740234375
2.716,310,411,395,309,-1.0,34.0,43.0,-20.385740280151367,-7.202147960662842,14.587401390075684,-0.781494140625,0.25341796875,0.0404052734375
2.724,311,419,402,310,-1.0,34.0,43.0,-20.385740280151367,-7.202147960662842,14.587401390075684,-0.679443359375,0.225830078125,-0.034912109375
2.738,310,435,423,310,-1.0,34.0,43.0,-29.907224655151367,-17.08984375,26.245115280151367,-0.5279541015625,0.2059326171875,-0.09130859375
2.752,310,456,435,310,-1.0,34.0,43.0,-33.50830078125,-25.512693405151367,30.151365280151367,-0.3016357421875,0.16259765625,-0.1436767578125
2.757,310,481,437,310,-1.0,34.0,43.0,-33.50830078125,-25.512693405151367,30.151365280151367,-0.0360107421875,0.0980224609375,-0.205078125
2.770,310,533,465,311,-1.0,34.0,43.0,-38.6962890625,-40.344234466552734,30.395505905151367,0.2373046875,0.040771484375,-0.189697265625
2.801,310,572,540,312,-1.0,34.0,43.0,-41.748043060302734,-45.349117279052734,24.108884811401367,0.436279296875,0.0279541015625,-0.075439453125
2.811,310,601,652,310,-1.0,34.0,43.0,-41.748043060302734,-45.349117279052734,24.108884811401367,0.386962890625,0.1622314453125,0.1334228515625
2.821,312,664,865,312,-1.0,35.0,42.0,-37.53662109375,-55.236812591552734,-28.076169967651367,0.025390625,0.405517578125,0.4539794921875
2.831,310,716,1000,311,-1.0,35.0,42.0,-47.912593841552734,-53.283687591552734,-67.19970703125,-0.521728515625,0.549072265625,0.69677734375
2.841,310,756,1101,312,-1.0,35.0,42.0,-47.912593841552734,-53.283687591552734,-67.19970703125,-1.2186279296875,0.7186279296875,0.622314453125
2.846,294,806,1251,312,-1.0,35.0,42.0,-82.82469940185547,-17.9443359375,-84.28954315185547,-1.911865234375,1.0654296875,0.4122314453125
2.854,309,823,1338,310,-1.0,35.0,42.0,-98.20555877685547,-18.310546875,-61.279293060302734,-2.3323974609375,1.030029296875,0.486572265625
2.857,310,865,1374,298,-1.0,35.0,42.0,-98.20555877685547,-18.310546875,-61.279293060302734,-2.5648193359375,0.376708984375,0.7039794921875
2.860,314,830,1348,311,-1.0,35.0,42.0,-89.41649627685547,-33.63037109375,-44.494625091552734,-2.718994140625,-0.1142578125,0.6746826171875
2.868,309,840,1349,312,-1.0,35.0,42.0,-31.799314498901367,-27.404783248901367,-33.63037109375,-2.306396484375,-0.1201171875,0.48095703125
2.874,310,827,1333,312,-1.0,35.0,42.0,30.639646530151367,-21.362302780151367,-18.6767578125,-1.2918701171875,0.0933837890625,0.36767578125
2.912,310,794,1264,311,3.0,34.0,44.0,63.110347747802734,-11.657713890075684,-15.258788108825684,-0.6011962890625,0.4942626953125,0.419677734375
2.922,310,785,1271,311,3.0,34.0,44.0,42.358394622802734,6.958007335662842,-20.01953125,-0.5797119140625,0.6710205078125,0.4703369140625
2.933,310,784,1266,311,3.0,34.0,44.0,-4.82177734375,29.541013717651367,-26.245115280151367,-0.9659423828125,0.480712890625,0.439208984375
2.938,310,779,1226,312,3.0,34.0,44.0,-34.85107421875,42.541500091552734,-28.686521530151367,-1.49169921875,0.31494140625,0.3905029296875
2.942,310,764,1184,311,3.0,34.0,44.0,-41.381832122802734,40.588375091552734,-23.071287155151367,-1.793212890625,0.219970703125,0.300537109375
2.947,299,730,1109,310,3.0,34.0,44.0,-29.907224655151367,29.907224655151367,-12.573241233825684,-1.69384765625,0.1336669921875,0.223876953125
2.958,308,723,1078,310,3.0,34.0,44.0,-9.21630859375,16.845703125,-1.0986328125,-1.3592529296875,0.071044921875,0.23583984375
2.960,310,715,989,296,3.0,34.0,44.0,10.192870140075684,7.141112804412842,10.192870140075684,-1.04541015625,0.0726318359375,0.2901611328125
2.966,310,705,939,312,3.0,34.0,44.0,23.315427780151367,4.57763671875,19.775390625,-0.872802734375,0.1771240234375,0.3179931640625
2.974,310,691,882,312,3.0,34.0,44.0,28.808591842651367,7.934569835662842,24.963376998901367,-0.798095703125,0.3436279296875,0.3167724609375
2.988,309,675,795,310,3.0,32.0,44.0,26.000974655151367,13.244627952575684,24.169919967651367,-0.735107421875,0.425048828125,0.2811279296875
3.020,310,666,756,310,3.0,32.0,44.0,18.5546875,18.12744140625,18.310546875,-0.665771484375,0.37158203125,0.18994140625
3.020,310,654,716,310,3.0,32.0,44.0,13.244627952575684,20.01953125,10.314940452575684,-0.623779296875,0.29052734375,0.082275390625
3.021,310,635,673,310,3.0,32.0,44.0,11.169432640075684,17.9443359375,3.540038824081421,-0.6170654296875,0.2586669921875,0.01611328125
3.027,309,620,657,310,3.0,32.0,44.0,8.544921875,13.854979515075684,-0.54931640625,-0.63330078125,0.257568359375,0.0194091796875
3.034,310,614,644,308,3.0,32.0,44.0,4.94384765625,9.21630859375,-2.563476324081421,-0.6685791015625,0.2401123046875,0.1024169921875
3.050,309,593,618,310,3.0,32.0,44.0,2.01416015625,5.493163585662842,-3.784179449081421,-0.7354736328125,0.209716796875,0.22705078125
3.058,310,582,604,310,3.0,32.0,44.0,1.03759765625,4.57763671875,-4.08935546875,-0.848876953125,0.1961669921875,0.321044921875
3.065,310,583,585,312,3.0,32.0,44.0,1.03759765625,6.530761241912842,-1.8310545682907104,-0.9903564453125,0.1903076171875,0.3599853515625
3.078,310,568,546,311,3.0,32.0,44.0,1.4648436307907104,9.94873046875,3.723144292831421,-1.1209716796875,0.1806640625,0.3590087890625
3.094,309,558,523,311,1.0,37.0,47.0,2.38037109375,13.488768577575684,11.840819358825684,-1.201904296875,0.183837890625,0.3343505859375
3.121,310,543,493,310,1.0,37.0,47.0,4.45556640625,16.357421875,20.507810592651367,-1.2174072265625,0.2012939453125,0.29833984375
3.121,310,518,451,310,1.0,37.0,47.0,8.30078125,18.00537109375,27.954099655151367,-1.171875,0.203369140625,0.260009765625
3.121,309,509,423,296,1.0,37.0,47.0,15.014647483825684,17.4560546875,32.89794921875,-1.0782470703125,0.160888671875,0.2392578125
3.124,309,495,419,310,1.0,37.0,47.0,25.634763717651367,15.136717796325684,33.87451171875,-0.9698486328125,0.0958251953125,0.2435302734375
3.138,310,475,410,310,1.0,37.0,47.0,39.61181640625,13.854979515075684,31.127927780151367,-0.88525390625,0.0718994140625,0.2510986328125
3.146,310,465,402,310,1.0,37.0,47.0,52.734371185302734,15.441893577575684,26.306150436401367,-0.83251953125,0.1082763671875,0.2376708984375
3.166,310,446,393,310,1.0,37.0,47.0,60.485836029052734,18.98193359375,21.545408248901367,-0.8057861328125,0.194580078125,0.2041015625
3.168,296,424,393,310,1.0,37.0,47.0,61.950679779052734,22.705076217651367,18.37158203125,-0.708251953125,0.4178466796875,0.064208984375
3.176,309,423,393,310,1.0,37.0,47.0,59.570308685302734,24.902341842651367,16.4794921875,-0.708251953125,0.4178466796875,0.064208984375
3.190,310,407,393,310,1.0,37.0,47.0,55.358882904052734,24.963376998901367,14.221190452575684,-0.661865234375,0.502685546875,-0.0030517578125
3.198,309,396,391,310,0.0,37.0,48.0,47.729488372802734,21.789548873901367,10.925292015075684,-0.6351318359375,0.56787109375,0.018798828125
3.224,310,393,391,310,0.0,37.0,48.0,34.5458984375,16.11328125,6.958007335662842,-0.6351318359375,0.56787109375,0.018798828125
3.225,310,395,394,310,0.0,37.0,48.0,18.49365234375,10.437010765075684,2.868652105331421,-0.64794921875,0.564453125,0.02783203125
3.228,310,393,396,310,0.0,37.0,48.0,4.21142578125,5.310058116912842,-1.15966796875,-0.74072265625,0.4459228515625,0.03466796875
3.236,308,394,402,310,0.0,37.0,48.0,-6.530761241912842,1.0986328125,-5.493163585662842,-0.74072265625,0.4459228515625,0.03466796875
3.244,309,396,405,308,0.0,37.0,48.0,-13.366698265075684,-1.4648436307907104,-9.58251953125,-0.782958984375,0.3350830078125,0.023193359375
3.272,310,408,407,310,0.0,37.0,48.0,-16.78466796875,-3.601073980331421,-11.169432640075684,-0.751953125,0.193603515625,-0.0189208984375
3.274,310,414,402,310,0.0,37.0,48.0,-18.49365234375,-7.324218273162842,-9.1552734375,-0.751953125,0.193603515625,-0.0189208984375
3.278,310,423,414,310,0.0,37.0,48.0,-20.080564498901367,-12.878417015075684,-4.39453125,-0.6859130859375,0.1473388671875,-0.015380859375
3.298,310,434,430,310,0.0,34.0,40.0,-23.864744186401367,-19.22607421875,2.44140625,-0.645263671875,0.19873046875,0.0103759765625
3.299,309,437,465,310,0.0,34.0,40.0,-32.5927734375,-25.268552780151367,11.901854515075684,-0.645263671875,0.19873046875,0.0103759765625
3.322,310,447,497,310,0.0,34.0,40.0,-47.424312591552734,-31.005857467651367,24.536130905151367,-0.6165771484375,0.1934814453125,0.0159912109375
3.323,309,485,548,310,0.0,34.0,40.0,-66.650390625,-45.776363372802734,45.471187591552734,-0.167236328125,-0.111572265625,-0.0162353515625
3.326,310,513,578,309,0.0,34.0,40.0,-66.650390625,-45.776363372802734,45.471187591552734,0.17626953125,-0.28955078125,0.1365966796875
3.334,310,549,604,310,0.0,34.0,40.0,-49.072261810302734,-57.678218841552734,46.081539154052734,0.17626953125,-0.28955078125,0.1365966796875
3.348,311,606,695,314,0.0,34.0,40.0,19.775390625,-77.81982421875,11.352538108825684,0.52001953125,-0.3914794921875,0.5911865234375
3.356,311,654,773,312,0.0,34.0,40.0,19.775390625,-77.81982421875,11.352538108825684,0.15234375,-0.0845947265625,0.677490234375
3.434,310,705,818,311,0.0,34.0,40.0,48.034664154052734,-79.1015625,-24.108884811401367,0.15234375,-0.0845947265625,0.677490234375
3.437,310,785,942,311,0.0,34.0,40.0,38.63525390625,-32.71484375,-59.631343841552734,-1.688232421875,1.44970703125,0.069091796875
3.437,296,827,1038,308,1.0,31.0,44.0,38.63525390625,-32.71484375,-59.631343841552734,-2.346923828125,1.9747314453125,-0.080078125
3.437,310,859,1173,312,1.0,31.0,44.0,-9.033203125,-10.620116233825684,-38.26904296875,-2.346923828125,1.9747314453125,-0.080078125
3.437,309,869,1219,299,1.0,31.0,44.0,-104.91942596435547,-22.521970748901367,-27.038572311401367,-2.7506103515625,0.6077880859375,0.9063720703125
3.437,310,862,1178,310,1.0,31.0,44.0,-104.91942596435547,-22.521970748901367,-27.038572311401367,-2.602783203125,-0.3018798828125,1.1566162109375
3.437,310,861,1122,300,1.0,31.0,44.0,-81.90917205810547,-31.066892623901367,-38.63525390625,-2.602783203125,-0.3018798828125,1.1566162109375
3.441,310,859,1163,312,1.0,31.0,44.0,75.86669921875,-25.512693405151367,-23.559568405151367,-0.9498291015625,0.111572265625,0.3541259765625
3.449,310,849,1173,312,1.0,31.0,44.0,75.86669921875,-25.512693405151367,-23.559568405151367,-1.2232666015625,1.1219482421875,0.217529296875
3.454,310,835,1175,312,1.0,31.0,44.0,104.61425018310547,-12.878417015075684,-13.488768577575684,-1.2232666015625,1.1219482421875,0.217529296875
3.468,310,813,1143,312,1.0,31.0,44.0,-15.014647483825684,29.418943405151367,-20.996091842651367,-2.026611328125,0.7259521484375,0.42822265625
3.480,311,790,1104,310,1.0,31.0,44.0,-46.142574310302734,32.71484375,-27.648923873901367,-1.8709716796875,0.18310546875,0.4652099609375
3.484,311,763,1037,312,-2.0,32.0,47.0,-46.142574310302734,32.71484375,-27.648923873901367,-1.65478515625,0.0753173828125,0.421630859375
3.503,312,707,918,311,-2.0,32.0,47.0,-6.835937023162842,21.667478561401367,-7.934569835662842,-1.506591796875,0.2161865234375,0.359375
3.506,308,656,816,311,-2.0,32.0,47.0,14.221190452575684,23.925779342651367,4.7607421875,-1.36474609375,0.381103515625,0.30615234375
3.535,310,613,730,310,-2.0,32.0,47.0,14.221190452575684,23.925779342651367,4.7607421875,-1.1246337890625,0.42578125,0.2896728515625
3.535,309,530,605,298,-2.0,32.0,47.0,17.15087890625,32.2265625,26.184080123901367,-0.7703857421875,0.27099609375,0.2919921875
3.536,308,502,533,310,-2.0,32.0,47.0,9.82666015625,32.04345703125,34.60693359375,-0.368896484375,0.022705078125,0.24658203125
3.544,310,473,477,311,-2.0,32.0,47.0,9.82666015625,32.04345703125,34.60693359375,-0.0008544921875,-0.2015380859375,0.21533203125
3.559,310,449,423,309,-2.0,32.0,47.0,17.4560546875,23.498533248901367,27.893064498901367,0.213623046875,-0.303955078125,0.2762451171875
3.571,310,424,428,310,-2.0,32.0,47.0,38.2080078125,17.4560546875,2.25830078125,0.1470947265625,-0.173095703125,0.3065185546875
3.575,310,414,428,309,-2.0,32.0,47.0,38.2080078125,17.4560546875,2.25830078125,-0.146728515625,0.1231689453125,0.142333984375
3.588,310,402,420,309,0.0,34.0,47.0,64.208984375,34.85107421875,-43.457027435302734,-0.4610595703125,0.40869140625,-0.10693359375
3.606,310,399,415,310,0.0,34.0,47.0,60.852046966552734,44.189449310302734,-41.381832122802734,-0.6351318359375,0.6114501953125,-0.2044677734375
3.608,310,394,417,309,0.0,34.0,47.0,60.852046966552734,44.189449310302734,-41.381832122802734,-0.6715087890625,0.68359375,-0.13037109375
3.628,308,396,425,309,0.0,34.0,47.0,13.244627952575684,22.460935592651367,-20.690916061401367,-0.6810302734375,0.5765380859375,-0.0113525390625
3.629,296,383,437,310,0.0,34.0,47.0,-15.808104515075684,10.681151390075684,-18.6767578125,-0.7275390625,0.3575439453125,0.0777587890625
3.643,310,400,435,308,0.0,34.0,47.0,-32.53173828125,5.737304210662842,-20.263669967651367,-0.8106689453125,0.1690673828125,0.1226806640625
3.649,308,401,437,308,0.0,34.0,47.0,-32.53173828125,4.2724609375,-20.202634811401367,-0.8765869140625,0.0777587890625,0.1358642578125
3.656,310,399,440,309,0.0,34.0,47.0,-21.240232467651367,2.624511480331421,-16.54052734375,-0.9146728515625,0.0797119140625,0.142333984375
3.664,310,401,447,310,0.0,34.0,47.0,-9.765625,-0.9155272841453552,-10.620116233825684,-0.9459228515625,0.138671875,0.177490234375
3.680,310,399,451,310,0.0,34.0,47.0,-6.713866710662842,-5.798339366912842,-4.5166015625,-0.9635009765625,0.1707763671875,0.2335205078125
3.686,310,399,454,310,1.0,33.0,47.0,-11.047362327575684,-9.6435546875,1.2817381620407104,-0.9630126953125,0.1474609375,0.2752685546875
3.711,309,401,457,310,1.0,33.0,47.0,-15.258788108825684,-11.657713890075684,8.36181640625,-0.9366455078125,0.1046142578125,0.28857421875
3.712,310,401,456,310,1.0,33.0,47.0,-13.732909202575684,-12.145995140075684,17.7001953125,-0.898193359375,0.07177734375,0.26513671875
3.738,310,402,467,310,1.0,33.0,47.0,-8.30078125,-11.535643577575684,28.991697311401367,-0.8680419921875,0.0848388671875,0.2158203125
3.750,308,402,488,309,1.0,33.0,47.0,-6.591796398162842,-10.314940452575684,40.893550872802734,-0.833984375,0.13525390625,0.1571044921875
3.751,296,421,517,308,1.0,33.0,47.0,-12.512206077575684,-9.8876953125,51.452632904052734,-0.7080078125,0.1392822265625,0.081787109375
3.751,310,441,531,308,1.0,33.0,47.0,-19.53125,-13.061522483825684,58.044429779052734,-0.43115234375,0.0648193359375,0.02197265625
3.755,309,469,535,311,1.0,33.0,47.0,-18.310546875,-21.972654342651367,58.837886810302734,-0.017578125,-0.03173828125,-0.0321044921875
3.775,310,527,561,309,1.0,33.0,47.0,-5.0048828125,-34.97314453125,51.635738372802734,0.4957275390625,-0.0938720703125,-0.068359375
3.777,311,543,657,310,1.0,33.0,47.0,22.033689498901367,-50.048824310302734,30.212400436401367,0.9364013671875,-0.080810546875,-0.0335693359375
3.784,310,616,767,310,1.0,34.0,47.0,54.016109466552734,-62.377925872802734,-8.4228515625,0.906494140625,0.125244140625,-0.0374755859375
3.805,310,718,952,311,1.0,34.0,47.0,59.997554779052734,-65.00244140625,-52.185054779052734,0.27490234375,0.4361572265625,0.0074462890625
3.806,309,782,1063,299,1.0,34.0,47.0,22.766111373901367,-54.138179779052734,-82.15331268310547,-0.72216796875,0.75146484375,0.1680908203125
3.833,310,835,1176,311,1.0,34.0,47.0,-31.127927780151367,-32.470703125,-84.28954315185547,-1.841796875,1.299072265625,0.2015380859375
3.838,310,902,1318,314,1.0,34.0,47.0,-81.72606658935547,-19.10400390625,-64.8193359375,-2.413330078125,1.644287109375,0.3304443359375
3.854,308,905,1380,308,1.0,34.0,47.0,-125.67137908935547,-28.625486373901367,-55.114742279052734,-2.3424072265625,1.006591796875,0.8353271484375
3.855,297,935,1369,300,1.0,34.0,47.0,-132.01904296875,-42.358394622802734,-67.44384765625,-2.38623046875,-0.0538330078125,1.2730712890625
3.855,310,912,1326,312,1.0,34.0,47.0,-77.81982421875,-40.222164154052734,-74.64599609375,-2.63671875,-0.547119140625,1.225830078125
3.868,308,902,1325,311,1.0,34.0,47.0,10.681151390075684,-28.808591842651367,-55.908199310302734,-2.2200927734375,-0.3995361328125,0.7740478515625
3.879,310,893,1335,312,1.0,34.0,47.0,88.98925018310547,-15.258788108825684,-29.968259811401367,-1.2904052734375,0.1270751953125,0.2705078125
3.886,310,888,1323,312,2.0,32.0,48.0,110.22948455810547,0.30517578125,-18.98193359375,-1.11279296875,0.7362060546875,0.1246337890625
3.897,310,871,1300,312,2.0,32.0,48.0,55.297847747802734,16.78466796875,-17.7001953125,-1.626220703125,0.8857421875,0.3126220703125
3.907,308,854,1279,312,2.0,32.0,48.0,-19.6533203125,29.724119186401367,-16.05224609375,-1.9854736328125,0.478271484375,0.518310546875
3.913,310,818,1228,312,2.0,32.0,48.0,-52.673336029052734,33.50830078125,-9.765625,-1.9713134765625,0.079345703125,0.587890625
3.934,310,762,1129,312,2.0,32.0,48.0,-44.433589935302734,32.04345703125,3.723144292831421,-1.8197021484375,0.019287109375,0.5020751953125
3.935,310,717,1039,311,2.0,32.0,48.0,-22.583005905151367,32.28759765625,21.179197311401367,-1.6883544921875,0.1527099609375,0.374755859375
3.944,310,673,960,314,2.0,32.0,48.0,-5.920409679412842,35.2783203125,38.26904296875,-1.544921875,0.2998046875,0.3072509765625
3.959,310,600,739,310,2.0,32.0,48.0,-0.2441406100988388,40.10009765625,55.603023529052734,-1.30908203125,0.3448486328125,0.328857421875
3.965,310,551,623,310,2.0,32.0,48.0,-3.662109136581421,43.823238372802734,72.20458984375,-0.93505859375,0.1815185546875,0.377685546875
3.978,310,517,552,309,2.0,32.0,48.0,-5.859374523162842,43.457027435302734,82.03124237060547,-0.4346923828125,-0.044921875,0.3291015625
3.987,310,469,454,310,1.0,33.0,45.0,5.920409679412842,38.26904296875,76.96533203125,0.052734375,-0.1951904296875,0.246337890625
3.997,310,447,435,311,1.0,33.0,45.0,31.311033248901367,31.066892623901367,53.161617279052734,0.32861328125,-0.253173828125,0.2354736328125
4.009,310,428,424,310,1.0,33.0,45.0,57.067867279052734,29.235837936401367,16.9677734375,0.2750244140625,-0.1307373046875,0.2139892578125
4.017,310,402,407,310,1.0,33.0,45.0,72.3876953125,37.109375,-16.41845703125,-0.4163818359375,0.4676513671875,-0.1383056640625
4.033,310,399,399,310,1.0,33.0,45.0,76.72119140625,49.987789154052734,-34.3017578125,-0.4163818359375,0.4676513671875,-0.1383056640625
4.042,310,396,400,310,1.0,33.0,45.0,69.51904296875,55.114742279052734,-34.7900390625,-0.6419677734375,0.703369140625,-0.2012939453125
4.047,310,394,413,310,1.0,33.0,45.0,46.142574310302734,45.837398529052734,-25.939939498901367,-0.7435302734375,0.6314697265625,0.018310546875
4.071,308,394,411,310,1.0,33.0,45.0,11.108397483825684,30.456541061401367,-18.61572265625,-0.7435302734375,0.6314697265625,0.018310546875
4.072,314,394,419,310,1.0,33.0,45.0,-21.728513717651367,19.8974609375,-17.4560546875,-0.756103515625,0.36181640625,0.1181640625
4.081,308,398,419,310,1.0,33.0,45.0,-39.9169921875,15.991209983825684,-19.6533203125,-0.8345947265625,-0.0133056640625,0.1998291015625
4.085,310,396,426,308,1.0,31.0,44.0,-37.29248046875,14.038084983825684,-20.507810592651367,-0.8345947265625,-0.0133056640625,0.1998291015625
4.095,310,395,425,310,1.0,31.0,44.0,-19.1650390625,10.986327171325684,-17.2119140625,-0.912109375,0.0174560546875,0.192138671875
4.112,308,391,427,310,1.0,31.0,44.0,-0.7324218153953552,7.080077648162842,-10.192870140075684,-0.995849609375,0.2071533203125,0.1575927734375
4.115,310,386,419,311,1.0,31.0,44.0,6.469726085662842,3.051757574081421,-2.50244140625,-0.995849609375,0.2071533203125,0.1575927734375
4.139,309,387,423,310,1.0,31.0,44.0,3.051757574081421,-0.0610351525247097,3.967284917831421,-0.99755859375,0.207275390625,0.1568603515625
4.142,310,386,414,310,1.0,31.0,44.0,-3.173827886581421,-1.4648436307907104,9.09423828125,-0.9459228515625,0.136474609375,0.1865234375
4.147,310,387,417,309,1.0,31.0,44.0,-5.798339366912842,-1.7700194120407104,14.282225608825684,-0.9208984375,0.1612548828125,0.16796875
4.154,310,387,420,310,1.0,31.0,44.0,-5.432128429412842,-2.0751953125,20.507810592651367,-0.9208984375,0.1612548828125,0.16796875
4.177,310,388,424,310,1.0,31.0,44.0,-7.263183116912842,-5.554198741912842,30.944822311401367,-0.9093017578125,0.218994140625,0.1119384765625
4.187,310,391,428,310,1.0,31.0,44.0,-7.263183116912842,-5.554198741912842,30.944822311401367,-0.9061279296875,0.2423095703125,0.0928955078125
4.188,310,394,431,310,0.0,35.0,38.0,-10.314940452575684,-7.446288585662842,34.5458984375,-0.9061279296875,0.2423095703125,0.0928955078125
4.198,310,399,455,309,0.0,35.0,38.0,-21.728513717651367,-9.1552734375,43.090816497802734,-0.7764892578125,0.244873046875,0.0576171875
4.206,310,408,467,308,0.0,35.0,38.0,-21.728513717651367,-9.1552734375,43.090816497802734,-0.6256103515625,0.1751708984375,0.00439453125
4.215,310,423,488,310,0.0,35.0,38.0,-30.517576217651367,-9.94873046875,48.034664154052734,-0.6256103515625,0.1751708984375,0.00439453125
4.246,309,454,531,306,0.0,35.0,38.0,-35.400390625,-24.230955123901367,57.128902435302734,-0.0440673828125,0.01171875,-0.0736083984375
4.247,308,488,554,310,0.0,35.0,38.0,-27.343748092651367,-38.39111328125,56.213375091552734,0.3466796875,-0.0640869140625,-0.0458984375
4.247,310,517,594,310,0.0,35.0,38.0,-27.343748092651367,-38.39111328125,56.213375091552734,0.62548828125,-0.14697265625,0.035400390625
4.258,310,607,764,311,0.0,35.0,38.0,6.958007335662842,-57.983394622802734,25.024412155151367,0.5859375,-0.0433349609375,0.1644287109375
4.266,308,648,887,312,0.0,35.0,38.0,24.230955123901367,-62.255855560302734,-5.126952648162842,0.227783203125,0.2320556640625,0.3118896484375
4.294,309,698,964,311,0.0,35.0,38.0,24.230955123901367,-62.255855560302734,-5.126952648162842,-0.41064453125,0.46826171875,0.4356689453125
4.300,310,803,1105,310,0.0,33.0,44.0,-4.638671875,-44.250484466552734,-64.14794921875,-1.3187255859375,0.8685302734375,0.365966796875
4.317,310,830,1182,310,0.0,33.0,44.0,-30.273435592651367,-28.076169967651367,-57.434078216552734,-2.0830078125,1.3446044921875,0.2564697265625
4.319,310,877,1253,311,0.0,33.0,44.0,-62.011714935302734,-28.808591842651367,-36.376953125,-2.3211669921875,1.249267578125,0.4610595703125
4.347,311,910,1355,311,0.0,33.0,44.0,-62.011714935302734,-28.808591842651367,-36.376953125,-2.4000244140625,0.6641845703125,0.87646484375
4.348,310,893,1325,312,0.0,33.0,44.0,-70.6787109375,-43.029781341552734,-29.541013717651367,-2.6435546875,0.1024169921875,1.1171875
4.356,310,887,1295,312,0.0,33.0,44.0,-25.024412155151367,-34.1796875,-20.996091842651367,-2.3809814453125,-0.2767333984375,0.97509765625
4.359,309,887,1294,312,0.0,33.0,44.0,-25.024412155151367,-34.1796875,-20.996091842651367,-1.4649658203125,-0.253173828125,0.527099609375
4.359,308,884,1281,312,0.0,33.0,44.0,90.45409393310547,-1.7089842557907104,6.591796398162842,-1.1346435546875,0.4661865234375,0.1873779296875
4.367,311,867,1268,312,0.0,33.0,44.0,80.81053924560547,8.60595703125,12.817381858825684,-1.595458984375,1.1871337890625,0.216796875
4.375,310,847,1251,312,0.0,33.0,44.0,20.751951217651367,15.930174827575684,11.779784202575684,-1.9664306640625,1.0667724609375,0.388427734375
4.398,310,824,1219,312,2.0,31.0,43.0,20.751951217651367,15.930174827575684,11.779784202575684,-1.9749755859375,0.541015625,0.5052490234375
4.399,311,779,1109,311,2.0,31.0,43.0,-34.423828125,20.01953125,-0.6713866591453552,-1.8369140625,0.2220458984375,0.509765625
4.405,310,732,1043,311,2.0,31.0,43.0,-13.366698265075684,17.88330078125,4.5166015625,-1.7125244140625,0.1798095703125,0.4110107421875
4.419,310,688,966,310,2.0,31.0,43.0,-13.366698265075684,17.88330078125,4.5166015625,-1.54345703125,0.31689453125,0.2882080078125
4.427,310,603,784,310,2.0,31.0,43.0,35.94970703125,20.690916061401367,25.756834030151367,-1.2188720703125,0.433837890625,0.238525390625
4.447,310,553,705,311,2.0,31.0,43.0,38.63525390625,21.728513717651367,34.60693359375,-0.7559814453125,0.3663330078125,0.28076171875
4.448,310,517,642,310,2.0,31.0,43.0,38.63525390625,21.728513717651367,34.60693359375,-0.3155517578125,0.190673828125,0.29052734375
4.457,309,452,480,309,2.0,31.0,43.0,14.404295921325684,25.939939498901367,40.0390625,-0.006103515625,0.0025634765625,0.243408203125
4.465,309,426,437,311,2.0,31.0,43.0,7.873534679412842,30.212400436401367,32.16552734375,0.1817626953125,-0.1622314453125,0.2490234375
4.473,310,419,420,310,2.0,31.0,43.0,16.54052734375,31.982419967651367,13.061522483825684,0.1915283203125,-0.1407470703125,0.28076171875
4.500,310,391,402,310,0.0,34.0,45.0,37.65869140625,34.423828125,-12.634276390075684,-0.02392578125,0.103515625,0.17431640625
4.508,308,386,393,310,0.0,34.0,45.0,59.326168060302734,41.442867279052734,-35.0341796875,-0.3116455078125,0.3572998046875,-0.033935546875
4.509,308,388,393,310,0.0,34.0,45.0,69.15283203125,44.921871185302734,-44.799800872802734,-0.5037841796875,0.5277099609375,-0.15283203125
4.521,310,386,394,310,0.0,34.0,45.0,61.096187591552734,35.58349609375,-40.893550872802734,-0.597900390625,0.6363525390625,-0.113037109375
4.525,310,387,394,310,0.0,34.0,45.0,39.4287109375,18.06640625,-33.5693359375,-0.64794921875,0.6099853515625,0.02197265625
4.552,310,387,395,310,0.0,34.0,45.0,12.878417015075684,4.94384765625,-31.555173873901367,-0.7144775390625,0.431640625,0.1212158203125
4.553,308,393,407,310,0.0,34.0,45.0,-9.21630859375,2.50244140625,-33.38623046875,-0.7978515625,0.2393798828125,0.1376953125
4.555,309,391,401,308,0.0,34.0,45.0,-19.04296875,5.798339366912842,-32.958984375,-0.838134765625,0.1124267578125,0.1090087890625
4.564,310,393,408,310,0.0,34.0,45.0,-15.747069358825684,7.507323741912842,-28.015134811401367,-0.8704833984375,0.0706787109375,0.0916748046875
4.577,309,395,419,309,-3.0,34.0,46.0,-7.202147960662842,3.662109136581421,-20.324705123901367,-0.9202880859375,0.119384765625,0.1251220703125
4.586,308,396,428,309,-3.0,34.0,46.0,-3.540038824081421,-4.0283203125,-12.451170921325684,-0.9598388671875,0.17626953125,0.1715087890625
4.602,310,395,424,309,-3.0,34.0,46.0,-7.934569835662842,-9.765625,-5.859374523162842,-0.98876953125,0.1778564453125,0.1895751953125
4.607,310,396,430,310,-3.0,34.0,46.0,-14.892577171325684,-10.803221702575684,0.30517578125,-1.00341796875,0.14990234375,0.1951904296875
4.628,308,399,433,310,-3.0,34.0,46.0,-19.04296875,-8.7890625,7.568358898162842,-1.0030517578125,0.1385498046875,0.216064453125
4.629,312,402,437,309,-3.0,34.0,46.0,-20.324705123901367,-7.141112804412842,15.624999046325684,-0.9844970703125,0.15380859375,0.2506103515625
4.639,308,402,438,310,-3.0,34.0,46.0,-20.935056686401367,-7.202147960662842,23.193357467651367,-0.9532470703125,0.18115234375,0.2652587890625
4.655,309,402,439,310,-3.0,34.0,46.0,-21.667478561401367,-7.690429210662842,30.029294967651367,-0.9324951171875,0.2080078125,0.2529296875
4.656,310,408,449,310,-3.0,34.0,46.0,-21.728513717651367,-7.324218273162842,37.17041015625,-0.92236328125,0.21875,0.2301025390625
4.667,309,407,456,309,-3.0,34.0,46.0,-21.972654342651367,-5.859374523162842,46.142574310302734,-0.9024658203125,0.22265625,0.2060546875
4.679,310,408,479,310,-1.0,33.0,50.0,-24.902341842651367,-4.08935546875,56.701656341552734,-0.8272705078125,0.2218017578125,0.1712646484375
4.704,311,415,499,296,-1.0,33.0,50.0,-30.151365280151367,-4.08935546875,66.22314453125,-0.620361328125,0.173828125,0.099365234375
4.707,310,452,533,310,-1.0,33.0,50.0,-32.8369140625,-8.60595703125,71.59423828125,-0.24609375,0.0582275390625,0.010009765625
4.707,310,481,543,325,-1.0,33.0,50.0,-27.465818405151367,-18.73779296875,70.068359375,0.2679443359375,-0.0921630859375,-0.0819091796875
4.714,310,530,599,310,-1.0,33.0,50.0,-12.023924827575684,-32.40966796875,57.495113372802734,0.7686767578125,-0.2398681640625,-0.0963134765625
4.846,310,606,784,311,-1.0,33.0,50.0,18.798828125,-48.522945404052734,28.564451217651367,0.9847412109375,-0.2509765625,-0.0330810546875
4.869,309,673,891,310,-1.0,33.0,50.0,58.349605560302734,-63.537593841552734,-15.686034202575684,0.7529296875,0.0738525390625,0.0164794921875
4.900,310,739,996,310,-1.0,33.0,50.0,68.66455078125,-65.73486328125,-62.561031341552734,0.075439453125,0.5072021484375,0.1029052734375
4.922,310,826,1170,310,-1.0,33.0,50.0,27.465818405151367,-48.339839935302734,-89.90477752685547,-1.0576171875,1.0545654296875,0.1495361328125
4.923,310,871,1260,312,-1.0,33.0,50.0,-39.24560546875,-23.681638717651367,-78.0029296875,-2.1634521484375,1.676513671875,0.1878662109375
4.923,310,905,1355,310,2.0,33.0,45.0,-103.63768768310547,-17.15087890625,-46.508785247802734,-2.5574951171875,1.611572265625,0.537353515625
4.940,310,922,1381,297,2.0,33.0,45.0,-143.06640625,-30.273435592651367,-34.1796875,-2.691650390625,-0.2218017578125,1.48046875
4.964,310,901,1309,310,2.0,33.0,45.0,-125.18309783935547,-39.73388671875,-38.87939453125,-2.691650390625,-0.2218017578125,1.48046875
4.971,310,893,1289,312,2.0,33.0,45.0,-46.020503997802734,-35.70556640625,-32.77587890625,-2.479248046875,-0.60791015625,1.2340087890625
4.973,309,904,1292,310,2.0,33.0,45.0,60.363765716552734,-20.507810592651367,-12.939452171325684,-1.12109375,0.6422119140625,0.0611572265625
4.975,310,889,1266,312,2.0,33.0,45.0,133.85009765625,-0.1831054538488388,0.6103515625,-1.12109375,0.6422119140625,0.0611572265625
4.975,311,873,1239,311,2.0,33.0,45.0,112.79296112060547,17.822265625,2.929687261581421,-1.5736083984375,1.3719482421875,0.061279296875
4.976,310,840,1157,310,2.0,33.0,45.0,24.353025436401367,30.273435592651367,-1.7089842557907104,-2.117919921875,0.5072021484375,0.4952392578125
4.977,310,809,1101,298,2.0,33.0,45.0,-43.151851654052734,33.203125,-7.080077648162842,-2.117919921875,0.5072021484375,0.4952392578125
4.979,310,780,1025,311,2.0,33.0,45.0,-55.541988372802734,26.611326217651367,-4.08935546875,-2.0093994140625,0.1949462890625,0.5391845703125
4.980,310,694,875,312,2.0,32.0,45.0,-30.212400436401367,19.10400390625,6.896972179412842,-1.536865234375,0.2781982421875,0.3504638671875
4.981,310,646,778,310,2.0,32.0,45.0,7.080077648162842,16.6015625,19.83642578125,-1.536865234375,0.2781982421875,0.3504638671875
4.981,310,588,695,310,2.0,32.0,45.0,36.56005859375,18.00537109375,31.249998092651367,-1.1099853515625,0.2901611328125,0.28076171875
4.981,310,513,563,309,2.0,32.0,45.0,48.706050872802734,20.080564498901367,39.1845703125,-0.1832275390625,0.0799560546875,0.299072265625
4.982,310,477,495,310,2.0,32.0,45.0,44.372554779052734,23.071287155151367,42.480464935302734,0.0615234375,0.037841796875,0.216796875
4.983,310,463,433,311,2.0,32.0,45.0,31.188962936401367,28.442380905151367,40.405269622802734,0.0615234375,0.037841796875,0.216796875
4.983,309,428,414,310,2.0,32.0,45.0,17.9443359375,39.24560546875,7.080077648162842,0.1534423828125,0.002685546875,0.102783203125
4.986,310,415,410,308,2.0,32.0,45.0,17.9443359375,39.24560546875,7.080077648162842,-0.0350341796875,0.21142578125,0.006103515625
4.986,296,402,394,310,2.0,32.0,45.0,26.489255905151367,42.846675872802734,-19.71435546875,-0.0350341796875,0.21142578125,0.006103515625
4.987,311,393,402,310,2.0,32.0,45.0,50.231929779052734,42.358394622802734,-53.100582122802734,-0.523681640625,0.6258544921875,-0.127197265625
4.988,310,393,415,294,0.0,33.0,44.0,50.231929779052734,42.358394622802734,-53.100582122802734,-0.6322021484375,0.6578369140625,-0.017822265625
4.989,310,387,419,308,0.0,33.0,44.0,42.846675872802734,29.663084030151367,-53.527828216552734,-0.686279296875,0.525390625,0.1466064453125
4.993,308,391,428,310,0.0,33.0,44.0,21.850584030151367,14.099120140075684,-50.964351654052734,-0.686279296875,0.525390625,0.1466064453125
5.008,310,394,435,310,0.0,33.0,44.0,-20.446775436401367,3.479003667831421,-52.062984466552734,-0.8056640625,0.100830078125,0.2027587890625
5.015,308,395,435,310,0.0,33.0,44.0,-20.446775436401367,3.479003667831421,-52.062984466552734,-0.8675537109375,-0.0235595703125,0.1376953125
5.024,310,396,437,308,0.0,33.0,44.0,-27.160642623901367,5.249022960662842,-48.645015716552734,-0.8675537109375,-0.0235595703125,0.1376953125
5.037,308,399,440,309,0.0,33.0,44.0,-11.962889671325684,2.685546636581421,-24.169919967651367,-0.9591064453125,0.0472412109375,0.1116943359375
5.081,310,400,439,308,0.0,33.0,44.0,-11.962889671325684,2.685546636581421,-24.169919967651367,-0.9959716796875,0.1365966796875,0.1656494140625
5.085,310,400,444,310,0.0,33.0,44.0,-4.638671875,-2.197265625,-10.253905296325684,-0.9959716796875,0.1365966796875,0.1656494140625
5.086,310,406,451,310,0.0,33.0,44.0,-10.803221702575684,-4.57763671875,7.080077648162842,-1.001953125,0.1524658203125,0.2335205078125
5.088,298,406,447,310,1.0,35.0,46.0,-15.930174827575684,-3.417968511581421,14.587401390075684,-0.97900390625,0.16357421875,0.2841796875
5.093,298,406,439,309,1.0,35.0,46.0,-15.930174827575684,-3.417968511581421,14.587401390075684,-0.94921875,0.1885986328125,0.3167724609375
5.098,310,408,467,310,1.0,35.0,46.0,-21.057126998901367,-1.7700194120407104,29.357908248901367,-0.9246826171875,0.2088623046875,0.30615234375
5.115,309,408,466,310,1.0,35.0,46.0,-19.775390625,-0.1831054538488388,34.60693359375,-0.9012451171875,0.2301025390625,0.2515869140625
5.118,308,408,467,310,1.0,35.0,46.0,-19.775390625,-0.1831054538488388,34.60693359375,-0.8818359375,0.2564697265625,0.1729736328125
5.142,310,410,481,310,1.0,35.0,46.0,-14.343260765075684,0.1220703050494194,40.588375091552734,-0.866455078125,0.2696533203125,0.1131591796875
5.164,308,411,486,309,1.0,35.0,46.0,-17.4560546875,-2.746581792831421,44.067378997802734,-0.817626953125,0.2554931640625,0.0797119140625
5.165,310,414,479,310,1.0,35.0,46.0,-24.414060592651367,-5.859374523162842,49.560543060302734,-0.7244873046875,0.210693359375,0.0262451171875
5.165,309,428,549,309,1.0,35.0,46.0,-31.494138717651367,-10.192870140075684,57.067867279052734,-0.6004638671875,0.15966796875,-0.055419921875
5.170,310,447,578,308,1.0,35.0,46.0,-35.15625,-18.5546875,65.673828125,-0.3819580078125,0.1287841796875,-0.1258544921875
5.176,310,481,645,310,-1.0,34.0,44.0,-31.677244186401367,-30.944822311401367,69.7021484375,-0.0118408203125,0.1314697265625,-0.176025390625
5.183,310,518,694,310,-1.0,34.0,44.0,-31.677244186401367,-30.944822311401367,69.7021484375,0.422119140625,0.1278076171875,-0.1265869140625
5.197,309,594,847,310,-1.0,34.0,44.0,-4.150390625,-58.227535247802734,30.639646530151367,0.693359375,0.00830078125,0.0828857421875
5.212,310,644,1011,312,-1.0,34.0,44.0,14.953612327575684,-66.22314453125,-13.793944358825684,0.61328125,-0.0634765625,0.3597412109375
5.214,295,703,1151,310,-1.0,34.0,44.0,29.296873092651367,-63.964839935302734,-58.898921966552734,0.1546630859375,0.090087890625,0.5531005859375
5.246,310,802,1273,311,-1.0,34.0,44.0,18.98193359375,-47.546382904052734,-84.65575408935547,-0.626708984375,0.441650390625,0.5299072265625
5.266,311,846,1340,312,-1.0,34.0,44.0,-15.441893577575684,-25.756834030151367,-76.72119140625,-1.624755859375,1.1151123046875,0.3238525390625
5.271,310,882,1411,312,-1.0,34.0,44.0,-55.236812591552734,-18.310546875,-44.799800872802734,-2.32177734375,1.522216796875,0.3658447265625
5.276,310,918,1485,310,-1.0,34.0,44.0,-85.02196502685547,-29.235837936401367,-24.658201217651367,-2.5504150390625,1.015625,0.7755126953125
5.279,310,922,1462,312,-1.0,34.0,44.0,-84.41161346435547,-40.283199310302734,-26.794431686401367,-2.70751953125,0.097900390625,1.10009765625
5.286,312,899,1415,312,0.0,32.0,52.0,-39.4287109375,-39.73388671875,-23.071287155151367,-2.586181640625,-0.466064453125,1.0697021484375
5.288,310,904,1391,312,0.0,32.0,52.0,37.04833984375,-28.625486373901367,-0.8544921278953552,-1.7054443359375,-0.4188232421875,0.7130126953125
5.297,310,907,1387,312,0.0,32.0,52.0,105.59081268310547,-7.568358898162842,19.6533203125,-0.874755859375,0.32373046875,0.33447265625
5.304,310,894,1377,312,0.0,32.0,52.0,109.19188690185547,16.90673828125,23.071287155151367,-1.0491943359375,1.1971435546875,0.1640625
5.318,310,873,1351,310,0.0,32.0,52.0,42.480464935302734,34.5458984375,14.404295921325684,-1.6650390625,1.26416015625,0.2330322265625
5.327,310,855,1323,311,0.0,32.0,52.0,-27.893064498901367,39.12353515625,5.493163585662842,-2.0098876953125,0.7119140625,0.4376220703125
5.348,311,826,1292,310,0.0,32.0,52.0,-52.368160247802734,32.2265625,5.249022960662842,-2.04443359375,0.3006591796875,0.556396484375
5.349,310,756,1213,311,0.0,32.0,52.0,-35.888671875,23.010251998901367,12.023924827575684,-1.9691162109375,0.26220703125,0.512939453125
5.374,310,703,1137,310,0.0,32.0,52.0,-5.798339366912842,18.24951171875,21.545408248901367,-1.849609375,0.40869140625,0.37548828125
5.375,310,639,1056,312,0.0,32.0,52.0,17.7001953125,17.578125,34.48486328125,-1.6160888671875,0.5516357421875,0.2576904296875
5.378,310,557,861,310,1.0,33.0,44.0,26.611326217651367,18.4326171875,51.208492279052734,-1.1851806640625,0.495361328125,0.2462158203125
5.386,310,512,763,310,1.0,33.0,44.0,22.216794967651367,19.22607421875,64.88037109375,-0.550537109375,0.205322265625,0.292724609375
5.394,310,483,703,310,1.0,33.0,44.0,15.319823265075684,20.01953125,65.24658203125,0.1376953125,-0.1966552734375,0.302978515625
5.425,310,452,666,311,1.0,33.0,44.0,20.202634811401367,20.690916061401367,44.982906341552734,0.595458984375,-0.4404296875,0.2840576171875
5.429,310,435,644,310,1.0,33.0,44.0,40.10009765625,20.446775436401367,7.385253429412842,0.5682373046875,-0.2596435546875,0.2288818359375
5.432,309,420,629,293,1.0,33.0,44.0,58.471675872802734,22.521970748901367,-32.3486328125,0.119140625,0.183349609375,0.067138671875
5.438,309,419,607,311,1.0,33.0,44.0,61.584468841552734,29.602048873901367,-55.603023529052734,-0.379150390625,0.57373046875,-0.121826171875
5.476,309,410,601,310,1.0,33.0,44.0,52.124019622802734,35.82763671875,-57.495113372802734,-0.678466796875,0.8236083984375,-0.17724609375
5.476,310,402,583,309,1.0,33.0,44.0,32.53173828125,34.912109375,-49.072261810302734,-0.775146484375,0.8896484375,-0.0943603515625
5.488,310,402,564,310,-3.0,36.0,50.0,2.38037109375,28.076169967651367,-42.602535247802734,-0.7552490234375,0.3214111328125,0.14208984375
5.489,310,402,552,295,-3.0,36.0,50.0,-28.747556686401367,20.507810592651367,-42.907711029052734,-0.7552490234375,0.3214111328125,0.14208984375
5.489,310,401,563,310,-3.0,36.0,50.0,-45.288082122802734,15.502928733825684,-46.508785247802734,-0.79443359375,-0.0010986328125,0.1781005859375
5.498,296,383,552,307,-3.0,36.0,50.0,-39.97802734375,11.718749046325684,-47.241207122802734,-0.9466552734375,-0.028564453125,0.2459716796875
5.508,294,399,564,310,-3.0,36.0,50.0,-19.8974609375,6.103515148162842,-42.419429779052734,-0.9466552734375,-0.028564453125,0.2459716796875
5.523,310,396,562,310,-3.0,36.0,50.0,0.3662109076976776,-0.6713866591453552,-33.63037109375,-0.9639892578125,0.1214599609375,0.2822265625
5.529,309,394,546,310,-3.0,36.0,50.0,8.7890625,-5.737304210662842,-23.010251998901367,-0.9031982421875,0.225341796875,0.289306640625
5.536,310,393,532,310,-3.0,36.0,50.0,6.286620616912842,-6.958007335662842,-12.817381858825684,-0.9031982421875,0.225341796875,0.289306640625
5.549,310,394,531,310,-3.0,36.0,50.0,1.5869139432907104,-3.845214605331421,-3.967284917831421,-0.8934326171875,0.157958984375,0.2587890625
5.586,309,394,529,308,-3.0,36.0,50.0,-0.4882812201976776,0.30517578125,4.638671875,-0.927490234375,0.1885986328125,0.2015380859375
5.586,310,393,530,310,-3.0,36.0,50.0,-0.30517578125,2.3193359375,12.939452171325684,-0.927490234375,0.1885986328125,0.2015380859375
5.586,311,394,526,309,1.0,34.0,47.0,-0.9155272841453552,2.197265625,19.04296875,-0.923095703125,0.2667236328125,0.1953125
5.588,309,394,535,310,1.0,34.0,47.0,-4.7607421875,1.5258787870407104,21.423337936401367,-0.883544921875,0.289794921875,0.170166015625
5.596,309,399,549,310,1.0,34.0,47.0,-11.413573265075684,1.15966796875,21.545408248901367,-0.8504638671875,0.2457275390625,0.12744140625
5.604,310,402,548,312,1.0,34.0,47.0,-18.4326171875,0.9765624403953552,22.338865280151367,-0.8504638671875,0.2457275390625,0.12744140625
5.623,308,417,591,310,1.0,34.0,47.0,-32.3486328125,-3.234863042831421,32.958984375,-0.6597900390625,0.093994140625,-0.0311279296875
5.635,308,432,616,310,1.0,34.0,47.0,-32.3486328125,-3.234863042831421,32.958984375,-0.3543701171875,-0.0240478515625,-0.13916015625
5.638,309,465,649,310,1.0,34.0,47.0,-36.865234375,-10.314940452575684,42.358394622802734,-0.3543701171875,-0.0240478515625,-0.13916015625
5.650,309,527,693,310,1.0,34.0,47.0,-26.245115280151367,-41.137691497802734,45.654293060302734,0.6346435546875,-0.0499267578125,-0.105224609375
5.668,309,585,773,310,1.0,34.0,47.0,-26.245115280151367,-41.137691497802734,45.654293060302734,0.8990478515625,0.0177001953125,0.09326171875
5.671,310,634,931,311,1.0,34.0,47.0,-6.042479991912842,-56.640621185302734,22.888181686401367,0.8990478515625,0.0177001953125,0.09326171875
5.686,309,721,1153,312,0.0,32.0,43.0,30.273435592651367,-58.288570404052734,-65.7958984375,0.0218505859375,0.4166259765625,0.4195556640625
5.714,310,766,1202,298,0.0,32.0,43.0,30.273435592651367,-58.288570404052734,-65.7958984375,-0.8580322265625,0.54736328125,0.4920654296875
5.717,296,838,1305,308,0.0,32.0,43.0,5.798339366912842,-41.198726654052734,-94.72655487060547,-0.8580322265625,0.54736328125,0.4920654296875
5.717,310,905,1403,309,0.0,32.0,43.0,-60.302730560302734,-14.648436546325684,-68.2373046875,-2.4007568359375,1.324951171875,0.393310546875
5.735,312,916,1454,312,0.0,32.0,43.0,-60.302730560302734,-14.648436546325684,-68.2373046875,-2.46923828125,0.851318359375,0.7635498046875
5.737,311,947,1502,297,0.0,32.0,43.0,-80.99364471435547,-29.724119186401367,-51.574703216552734,-2.46923828125,0.851318359375,0.7635498046875
5.738,310,916,1419,312,0.0,32.0,43.0,-23.925779342651367,-43.701168060302734,-57.861324310302734,-2.5677490234375,-0.3758544921875,1.03857421875
5.755,310,913,1393,312,0.0,32.0,43.0,47.302242279052734,-34.48486328125,-37.59765625,-1.8089599609375,-0.227783203125,0.6749267578125
5.755,309,913,1393,311,0.0,32.0,43.0,47.302242279052734,-34.48486328125,-37.59765625,-0.9742431640625,0.2918701171875,0.3212890625
5.785,309,904,1379,310,2.0,31.0,47.0,97.35106658935547,4.94384765625,-10.864256858825684,-1.1051025390625,0.8341064453125,0.23681640625
5.785,310,884,1353,311,2.0,31.0,47.0,32.8369140625,26.611326217651367,-12.023924827575684,-1.72998046875,0.840576171875,0.381591796875
5.786,311,865,1325,312,2.0,31.0,47.0,32.8369140625,26.611326217651367,-12.023924827575684,-2.0909423828125,0.4390869140625,0.561767578125
5.798,310,814,1253,312,2.0,31.0,47.0,-48.339839935302734,34.5458984375,-1.5869139432907104,-2.08642578125,0.1231689453125,0.6102294921875
5.807,310,785,1192,310,2.0,31.0,47.0,-33.5693359375,30.151365280151367,13.122557640075684,-1.9451904296875,0.065673828125,0.5208740234375
5.814,310,739,1122,312,2.0,31.0,47.0,-33.5693359375,30.151365280151367,13.122557640075684,-1.7841796875,0.1771240234375,0.4012451171875
5.829,310,647,982,310,2.0,31.0,47.0,11.840819358825684,31.494138717651367,47.363277435302734,-1.5501708984375,0.29345703125,0.3365478515625
5.836,310,579,853,311,2.0,31.0,47.0,22.399900436401367,33.26416015625,66.5283203125,-1.1402587890625,0.2415771484375,0.32421875
5.844,310,526,766,310,2.0,31.0,47.0,22.399900436401367,33.26416015625,66.5283203125,-0.61474609375,0.0633544921875,0.268310546875
5.860,311,452,579,310,2.0,31.0,47.0,17.88330078125,35.21728515625,91.91893768310547,-0.1185302734375,-0.1268310546875,0.1763916015625
5.887,310,428,502,310,2.0,34.0,43.0,11.596678733825684,36.2548828125,88.98925018310547,0.27734375,-0.300048828125,0.159423828125
5.888,310,419,467,310,2.0,34.0,43.0,11.596678733825684,36.2548828125,88.98925018310547,0.409423828125,-0.2896728515625,0.19677734375
5.896,310,386,424,296,2.0,34.0,43.0,20.996091842651367,37.17041015625,42.175289154052734,0.2264404296875,0.007080078125,0.1326904296875
5.903,310,380,425,308,2.0,34.0,43.0,38.818359375,43.334957122802734,10.009765625,-0.126708984375,0.4639892578125,-0.037109375
5.910,308,373,444,310,2.0,34.0,43.0,52.490230560302734,49.743648529052734,-15.991209983825684,-0.4573974609375,0.8785400390625,-0.1324462890625
5.927,310,373,449,310,2.0,34.0,43.0,47.546382904052734,44.982906341552734,-30.456541061401367,-0.636962890625,1.050537109375,-0.109375
5.931,310,372,465,310,2.0,34.0,43.0,23.193357467651367,31.494138717651367,-38.14697265625,-0.708984375,0.9151611328125,-0.0445556640625
5.935,310,373,456,308,2.0,34.0,43.0,-8.48388671875,18.85986328125,-44.372554779052734,-0.75732421875,0.5745849609375,0.010986328125
5.955,310,374,465,309,2.0,34.0,43.0,-31.433103561401367,12.023924827575684,-48.278804779052734,-0.8154296875,0.2166748046875,0.0543212890625
5.956,310,379,480,310,2.0,34.0,43.0,-36.07177734375,8.72802734375,-47.363277435302734,-0.8604736328125,-0.0091552734375,0.1005859375
5.964,310,379,475,308,2.0,34.0,43.0,-24.536130905151367,5.554198741912842,-41.809078216552734,-0.9039306640625,-0.0615234375,0.1593017578125
5.989,309,380,483,310,1.0,34.0,49.0,-7.751464366912842,0.2441406100988388,-34.0576171875,-0.948486328125,0.006591796875,0.2435302734375
5.990,310,382,481,309,1.0,34.0,49.0,2.0751953125,-7.141112804412842,-25.634763717651367,-0.966796875,0.0904541015625,0.3282470703125
5.994,309,382,481,309,1.0,34.0,49.0,1.8310545682907104,-12.756346702575684,-16.6015625,-0.9664306640625,0.109619140625,0.3681640625
6.008,310,384,483,310,1.0,34.0,49.0,-0.4272460639476776,-13.488768577575684,-6.408690929412842,-0.9573974609375,0.081298828125,0.3533935546875
6.016,310,386,481,310,1.0,34.0,49.0,1.4038084745407104,-10.742186546325684,5.432128429412842,-0.936767578125,0.0804443359375,0.3057861328125
6.029,310,389,477,310,1.0,34.0,49.0,5.065917491912842,-7.995604991912842,17.822265625,-0.9031982421875,0.1278076171875,0.2357177734375
6.038,310,393,479,310,1.0,34.0,49.0,6.469726085662842,-7.080077648162842,28.320310592651367,-0.8551025390625,0.1776123046875,0.146728515625
6.047,310,396,479,296,1.0,34.0,49.0,3.906249761581421,-8.23974609375,36.07177734375,-0.796142578125,0.19091796875,0.0577392578125
6.061,310,399,491,310,1.0,34.0,49.0,-2.01416015625,-11.596678733825684,42.907711029052734,-0.7244873046875,0.185546875,0.004150390625
6.068,310,415,516,310,2.0,34.0,46.0,-10.498045921325684,-16.9677734375,50.415035247802734,-0.59765625,0.1885986328125,-0.0137939453125
6.095,309,439,557,310,2.0,34.0,46.0,-19.8974609375,-23.254392623901367,56.701656341552734,-0.362548828125,0.1805419921875,-0.03466796875
6.095,310,473,596,310,2.0,34.0,46.0,-27.282712936401367,-31.249998092651367,57.189937591552734,0.0009765625,0.1295166015625,-0.080078125
6.098,310,538,671,310,2.0,34.0,46.0,-27.465818405151367,-42.785640716552734,46.569820404052734,0.427490234375,0.0504150390625,-0.06982421875
6.106,309,587,806,312,2.0,34.0,46.0,-13.732909202575684,-55.114742279052734,22.338865280151367,0.693359375,-0.02685546875,0.0628662109375
6.114,310,640,960,311,2.0,34.0,46.0,11.474608421325684,-60.546871185302734,-12.817381858825684,0.5640869140625,0.0399169921875,0.2088623046875
6.134,311,738,1173,311,2.0,34.0,46.0,26.245115280151367,-55.541988372802734,-48.828121185302734,0.041015625,0.2379150390625,0.34375
6.141,311,799,1239,310,2.0,34.0,46.0,11.901854515075684,-41.442867279052734,-73.30322265625,-0.6844482421875,0.3743896484375,0.4923095703125
6.147,311,849,1334,312,2.0,34.0,46.0,-16.7236328125,-20.324705123901367,-78.4912109375,-1.53564453125,0.72314453125,0.498046875
6.165,310,921,1437,312,2.0,34.0,46.0,-42.663570404052734,-3.601073980331421,-63.964839935302734,-2.198486328125,1.1795654296875,0.427734375
6.194,310,943,1488,312,3.0,30.0,44.0,-68.90869140625,-6.286620616912842,-46.142574310302734,-2.436767578125,0.995361328125,0.5557861328125
6.203,298,959,1500,312,3.0,30.0,44.0,-77.5146484375,-20.263669967651367,-42.907711029052734,-2.5531005859375,0.384521484375,0.8101806640625
6.203,310,933,1399,313,3.0,30.0,44.0,-43.395992279052734,-28.930662155151367,-43.823238372802734,-2.649658203125,0.01806640625,0.9312744140625
6.204,310,932,1383,312,3.0,30.0,44.0,17.02880859375,-30.578611373901367,-32.2265625,-2.0643310546875,-0.0865478515625,0.81005859375
6.206,310,931,1386,309,3.0,30.0,44.0,74.5849609375,-23.437498092651367,-19.10400390625,-1.11083984375,0.119873046875,0.510986328125
6.213,310,927,1380,312,3.0,30.0,44.0,96.61864471435547,-6.042479991912842,-16.4794921875,-1.00439453125,0.6719970703125,0.3033447265625
6.234,310,902,1351,312,3.0,30.0,44.0,59.082027435302734,16.2353515625,-18.00537109375,-1.5523681640625,0.9256591796875,0.3275146484375
6.236,296,875,1297,298,3.0,30.0,44.0,-0.9765624403953552,32.958984375,-17.9443359375,-1.958984375,0.6036376953125,0.4415283203125
6.244,310,853,1285,312,3.0,30.0,44.0,-32.89794921875,36.1328125,-13.488768577575684,-2.012939453125,0.218994140625,0.48876953125
6.263,310,794,1173,310,3.0,30.0,44.0,-31.188962936401367,31.433103561401367,-3.295898199081421,-1.897216796875,0.0927734375,0.415771484375
6.265,310,754,1105,311,3.0,33.0,44.0,-14.343260765075684,28.320310592651367,10.498045921325684,-1.7535400390625,0.1964111328125,0.3045654296875
6.293,310,698,1029,310,3.0,33.0,44.0,1.8920897245407104,28.320310592651367,25.390623092651367,-1.5501708984375,0.3621826171875,0.236572265625
6.293,309,601,832,310,3.0,33.0,44.0,10.681151390075684,30.029294967651367,40.161128997802734,-0.789794921875,0.2412109375,0.325439453125
6.301,308,547,780,310,3.0,33.0,44.0,9.033203125,31.555173873901367,52.307125091552734,-0.789794921875,0.2412109375,0.325439453125
6.310,310,502,705,310,3.0,33.0,44.0,-0.54931640625,32.89794921875,60.607906341552734,-0.377685546875,-0.0087890625,0.3184814453125
6.317,310,452,547,310,3.0,33.0,44.0,-8.6669921875,34.85107421875,64.8193359375,0.13330078125,-0.380126953125,0.283935546875
6.325,310,426,516,309,3.0,33.0,44.0,-5.371093273162842,34.912109375,62.194820404052734,0.13330078125,-0.380126953125,0.283935546875
6.336,310,418,481,310,3.0,33.0,44.0,11.840819358825684,32.65380859375,49.011226654052734,0.1162109375,-0.2353515625,0.3099365234375
6.348,309,406,451,310,3.0,33.0,44.0,36.9873046875,34.48486328125,25.756834030151367,-0.3394775390625,0.4180908203125,-0.0439453125
6.356,310,406,444,310,3.0,33.0,44.0,61.279293060302734,45.776363372802734,-1.5258787870407104,-0.3394775390625,0.4180908203125,-0.0439453125
6.372,310,400,441,310,-1.0,33.0,46.0,72.57080078125,55.603023529052734,-20.324705123901367,-0.5433349609375,0.69384765625,-0.1497802734375
6.397,307,384,438,308,-1.0,33.0,46.0,60.607906341552734,51.879878997802734,-23.925779342651367,-0.675537109375,0.70068359375,0.008544921875
6.397,310,401,440,309,-1.0,33.0,46.0,30.578611373901367,39.36767578125,-20.141599655151367,-0.675537109375,0.70068359375,0.008544921875
6.398,310,402,438,309,-1.0,33.0,46.0,-1.8310545682907104,27.832029342651367,-18.6767578125,-0.7279052734375,0.472412109375,0.11083984375
6.410,309,406,436,309,-1.0,33.0,46.0,-21.789548873901367,21.179197311401367,-21.240232467651367,-0.9049072265625,0.0765380859375,0.111328125
6.415,309,406,426,309,-1.0,33.0,46.0,-24.475095748901367,17.02880859375,-22.949216842651367,-0.9049072265625,0.0765380859375,0.111328125
6.423,309,407,430,310,-1.0,33.0,46.0,-14.709471702575684,12.451170921325684,-20.01953125,-0.968017578125,0.0556640625,0.0831298828125
6.438,310,402,432,310,-1.0,33.0,46.0,-1.5869139432907104,6.591796398162842,-13.366698265075684,-1.009765625,0.22509765625,0.1351318359375
6.445,310,402,427,311,-1.0,33.0,46.0,7.080077648162842,0.1220703050494194,-6.530761241912842,-0.9737548828125,0.2445068359375,0.176513671875
6.454,310,401,424,310,-1.0,33.0,46.0,7.812499523162842,-4.82177734375,-1.8310545682907104,-0.9737548828125,0.2445068359375,0.176513671875
6.467,309,395,420,308,0.0,36.0,47.0,0.9765624403953552,-7.019042491912842,4.94384765625,-0.91748046875,0.219482421875,0.2235107421875
6.475,308,399,423,310,0.0,36.0,47.0,0.9765624403953552,-7.019042491912842,4.94384765625,-0.913818359375,0.24169921875,0.2210693359375
6.495,308,396,415,311,0.0,36.0,47.0,0.9155272841453552,-6.774901866912842,9.6435546875,-0.913818359375,0.24169921875,0.2210693359375
6.497,310,395,420,310,0.0,36.0,47.0,-3.234863042831421,-6.103515148162842,17.76123046875,-0.9158935546875,0.2567138671875,0.190673828125
6.505,308,399,419,310,0.0,36.0,47.0,-3.234863042831421,-6.103515148162842,17.76123046875,-0.9093017578125,0.24169921875,0.1610107421875
6.515,310,399,420,308,0.0,36.0,47.0,-7.629394054412842,-5.615233898162842,20.385740280151367,-0.9093017578125,0.24169921875,0.1610107421875
6.527,310,408,426,308,0.0,36.0,47.0,-15.319823265075684,-8.056640625,28.686521530151367,-0.8326416015625,0.19140625,0.0673828125
6.543,310,408,441,310,0.0,36.0,47.0,-15.319823265075684,-8.056640625,28.686521530151367,-0.73876953125,0.1488037109375,-0.0035400390625
6.543,310,394,447,310,0.0,36.0,47.0,-20.629880905151367,-11.779784202575684,36.92626953125,-0.73876953125,0.1488037109375,-0.0035400390625
6.558,310,446,506,309,0.0,36.0,47.0,-35.33935546875,-23.071287155151367,58.654781341552734,-0.40185546875,0.106201171875,-0.0675048828125
6.570,309,473,562,310,0.0,34.0,44.0,-40.588375091552734,-33.0810546875,63.781734466552734,0.07275390625,0.073974609375,-0.0718994140625
6.574,309,509,586,310,0.0,34.0,44.0,-40.588375091552734,-33.0810546875,63.781734466552734,0.6324462890625,-0.11083984375,-0.0411376953125
6.601,311,592,712,310,0.0,34.0,44.0,-17.15087890625,-69.15283203125,21.057126998901367,0.8753662109375,-0.383056640625,0.1064453125
6.601,309,653,871,311,0.0,34.0,44.0,34.72900390625,-83.25194549560547,-18.12744140625,0.672607421875,-0.2437744140625,0.26611328125
6.604,310,705,1000,312,0.0,34.0,44.0,34.72900390625,-83.25194549560547,-18.12744140625,0.0780029296875,0.3289794921875,0.3197021484375
6.629,310,830,1175,312,0.0,34.0,44.0,61.096187591552734,-49.072261810302734,-76.416015625,-0.7357177734375,0.8399658203125,0.322021484375
6.640,310,884,1265,310,0.0,34.0,44.0,-23.010251998901367,-6.347655773162842,-79.89501953125,-1.7650146484375,1.328857421875,0.2159423828125
6.652,310,890,1325,312,0.0,34.0,44.0,-23.010251998901367,-6.347655773162842,-79.89501953125,-2.4783935546875,1.65576171875,0.2259521484375
6.662,310,959,1458,312,0.0,34.0,44.0,-132.26318359375,-4.57763671875,-34.60693359375,-2.489501953125,1.1649169921875,0.7218017578125
6.673,310,962,1445,296,0.0,34.0,44.0,-118.46923065185547,-37.59765625,-36.56005859375,-2.485107421875,0.146484375,1.2677001953125
6.677,310,939,1353,312,0.0,31.0,41.0,-58.044429779052734,-48.217769622802734,-43.029781341552734,-2.5599365234375,-0.5201416015625,1.2947998046875
6.680,310,933,1335,312,0.0,31.0,41.0,-58.044429779052734,-48.217769622802734,-43.029781341552734,-1.9208984375,-0.5616455078125,0.835205078125
6.701,310,935,1334,310,0.0,31.0,41.0,116.14989471435547,-15.747069358825684,-7.629394054412842,-1.175537109375,0.112548828125,0.279052734375
6.701,310,928,1319,312,0.0,31.0,41.0,134.33837890625,7.812499523162842,6.042479991912842,-1.3885498046875,1.044189453125,0.083984375
6.703,310,912,1297,312,0.0,31.0,41.0,134.33837890625,7.812499523162842,6.042479991912842,-1.941650390625,1.20556640625,0.2379150390625
6.717,311,873,1260,311,0.0,31.0,41.0,-17.76123046875,39.97802734375,8.4228515625,-2.1260986328125,0.649658203125,0.437255859375
6.728,310,840,1213,312,0.0,31.0,41.0,-48.095699310302734,36.68212890625,10.925292015075684,-2.008544921875,0.218505859375,0.5042724609375
6.733,310,803,1157,312,0.0,31.0,41.0,-48.095699310302734,36.68212890625,10.925292015075684,-1.8365478515625,0.1806640625,0.4014892578125
6.748,310,716,1034,311,0.0,31.0,41.0,-3.967284917831421,23.986814498901367,30.334470748901367,-1.649169921875,0.352294921875,0.2135009765625
6.762,310,654,935,311,0.0,31.0,41.0,19.47021484375,23.559568405151367,42.297359466552734,-1.341552734375,0.469970703125,0.109619140625
6.775,310,564,745,311,0.0,36.0,44.0,26.062009811401367,22.338865280151367,54.504390716552734,-0.87548828125,0.3970947265625,0.183349609375
6.777,310,516,676,310,0.0,36.0,44.0,18.85986328125,20.568845748901367,61.706539154052734,-0.3409423828125,0.2237548828125,0.2867431640625
6.802,310,475,601,310,0.0,36.0,44.0,8.97216796875,21.484373092651367,56.457515716552734,0.1005859375,0.027587890625,0.314697265625
6.802,308,445,551,310,0.0,36.0,44.0,6.408690929412842,23.437498092651367,34.5458984375,0.3214111328125,-0.1591796875,0.3399658203125
6.807,310,415,529,310,0.0,36.0,44.0,14.221190452575684,23.498533248901367,2.25830078125,0.250244140625,-0.1640625,0.344970703125
6.869,310,399,502,310,0.0,36.0,44.0,28.686521530151367,25.268552780151367,-26.550291061401367,-0.0596923828125,0.0556640625,0.1961669921875
6.869,310,386,484,308,0.0,36.0,44.0,47.119136810302734,33.69140625,-42.785640716552734,-0.4132080078125,0.333251953125,-0.03515625
6.869,309,372,454,310,0.0,36.0,44.0,62.561031341552734,41.687007904052734,-46.081539154052734,-0.6297607421875,0.5704345703125,-0.145263671875
6.869,310,369,463,310,0.0,36.0,44.0,60.119625091552734,39.0625,-42.053218841552734,-0.6876220703125,0.698486328125,-0.103515625
6.869,310,369,456,309,0.0,36.0,44.0,36.4990234375,27.832029342651367,-38.87939453125,-0.6949462890625,0.62744140625,0.0079345703125
6.882,308,368,467,310,1.0,35.0,42.0,5.737304210662842,17.02880859375,-41.015621185302734,-0.722412109375,0.3956298828125,0.10107421875
6.906,310,371,473,309,1.0,35.0,42.0,-15.258788108825684,11.413573265075684,-44.921871185302734,-0.771484375,0.15771484375,0.12939453125
6.916,310,372,478,309,1.0,35.0,42.0,-18.49365234375,8.60595703125,-44.860836029052734,-0.841552734375,0.0224609375,0.1072998046875
6.931,309,372,480,308,1.0,35.0,42.0,-8.544921875,4.82177734375,-38.87939453125,-0.91796875,0.01904296875,0.0953369140625
6.932,310,372,481,295,1.0,35.0,42.0,1.8920897245407104,-0.54931640625,-28.442380905151367,-0.9559326171875,0.09619140625,0.12060546875
6.932,310,372,481,309,1.0,35.0,42.0,4.638671875,-5.859374523162842,-16.9677734375,-0.9613037109375,0.1729736328125,0.15625
6.953,310,372,481,310,1.0,35.0,42.0,0.6103515625,-9.3994140625,-7.507323741912842,-0.959228515625,0.1986083984375,0.193359375
6.956,310,373,481,308,1.0,35.0,42.0,-5.310058116912842,-10.253905296325684,-0.9155272841453552,-0.9522705078125,0.1756591796875,0.218994140625
6.965,308,378,481,310,1.0,35.0,42.0,-9.33837890625,-8.9111328125,4.2724609375,-0.94287109375,0.1552734375,0.2135009765625
6.992,308,380,476,308,0.0,34.0,46.0,-10.925292015075684,-7.446288585662842,9.70458984375,-0.9224853515625,0.1610107421875,0.184814453125
7.010,296,386,467,308,0.0,34.0,46.0,-12.145995140075684,-7.202147960662842,15.869139671325684,-0.8751220703125,0.170654296875,0.1392822265625
7.010,309,379,481,310,0.0,34.0,46.0,-14.587401390075684,-8.1787109375,22.521970748901367,-0.804443359375,0.173583984375,0.077392578125
7.011,310,399,488,309,0.0,34.0,46.0,-18.12744140625,-10.437010765075684,30.029294967651367,-0.7255859375,0.1695556640625,0.018310546875
7.012,310,414,525,310,0.0,34.0,46.0,-23.132322311401367,-14.404295921325684,39.00146484375,-0.6275634765625,0.1575927734375,-0.0467529296875
7.015,309,430,573,310,0.0,34.0,46.0,-31.677244186401367,-20.690916061401367,49.255367279052734,-0.477294921875,0.1500244140625,-0.11669921875
7.016,310,449,614,309,0.0,34.0,46.0,-43.151851654052734,-31.555173873901367,58.715816497802734,-0.1719970703125,0.14306640625,-0.1304931640625
7.048,310,537,642,311,0.0,34.0,46.0,-51.574703216552734,-48.278804779052734,60.241695404052734,0.2794189453125,0.068359375,-0.0665283203125
7.054,308,588,716,311,0.0,34.0,46.0,-46.325679779052734,-64.8193359375,46.813961029052734,0.6156005859375,-0.156494140625,0.09912109375
7.055,310,631,835,312,0.0,34.0,46.0,-15.808104515075684,-73.79150390625,21.362302780151367,0.6737060546875,-0.31787109375,0.2987060546875
7.058,310,740,1008,310,0.0,33.0,49.0,28.991697311401367,-73.91357421875,-11.840819358825684,-0.2314453125,0.2906494140625,0.5098876953125
7.065,309,802,1043,310,0.0,33.0,49.0,42.663570404052734,-61.645503997802734,-48.828121185302734,-0.2314453125,0.2906494140625,0.5098876953125
7.073,311,846,1091,310,0.0,33.0,49.0,3.051757574081421,-32.8369140625,-74.52392578125,-1.0633544921875,0.749267578125,0.3568115234375
7.089,310,917,1255,311,0.0,33.0,49.0,-55.969234466552734,-1.220703125,-69.88525390625,-2.592041015625,1.7047119140625,0.177490234375
7.112,310,944,1357,312,0.0,33.0,49.0,-103.51561737060547,1.3427733182907104,-42.785640716552734,-2.592041015625,1.7047119140625,0.177490234375
7.113,310,958,1387,312,0.0,33.0,49.0,-122.92479705810547,-26.672361373901367,-29.418943405151367,-2.6507568359375,1.2186279296875,0.8062744140625
7.117,310,935,1305,312,0.0,33.0,49.0,-101.50145721435547,-52.856441497802734,-43.518062591552734,-2.297119140625,-0.676025390625,1.325927734375
7.125,310,927,1258,312,0.0,33.0,49.0,-43.212886810302734,-56.579586029052734,-57.800289154052734,-2.297119140625,-0.676025390625,1.325927734375
7.133,310,922,1234,312,0.0,33.0,49.0,41.625972747802734,-37.9638671875,-52.307125091552734,-1.358154296875,-0.52099609375,0.7120361328125
7.153,310,927,1204,311,0.0,33.0,49.0,108.52050018310547,-10.253905296325684,-39.36767578125,-1.24951171875,1.0753173828125,0.2325439453125
7.162,310,919,1188,299,0.0,33.0,49.0,94.29930877685547,15.258788108825684,-33.87451171875,-1.24951171875,1.0753173828125,0.2325439453125
7.163,310,907,1162,298,3.0,31.0,47.0,17.578125,33.69140625,-36.4990234375,-1.9442138671875,0.8944091796875,0.443603515625
7.184,310,861,1095,311,3.0,31.0,47.0,-42.358394622802734,38.87939453125,-38.57421875,-2.1484375,-0.0638427734375,0.5601806640625
7.185,310,819,1031,312,3.0,31.0,47.0,-49.926753997802734,31.616209030151367,-32.28759765625,-2.1484375,-0.0638427734375,0.5601806640625
7.193,310,780,955,311,3.0,31.0,47.0,-23.986814498901367,23.437498092651367,-16.357421875,-1.89599609375,-0.040771484375,0.450439453125
7.218,310,697,802,310,3.0,31.0,47.0,24.291990280151367,24.780271530151367,21.728513717651367,-1.307861328125,0.290771484375,0.3792724609375
7.218,310,642,695,310,3.0,31.0,47.0,24.291990280151367,24.780271530151367,21.728513717651367,-0.980224609375,0.4150390625,0.3502197265625
7.223,310,576,618,311,3.0,31.0,47.0,28.442380905151367,30.517576217651367,35.888671875,-0.980224609375,0.4150390625,0.3502197265625
7.237,308,490,488,310,3.0,31.0,47.0,4.150390625,44.311519622802734,47.851558685302734,-0.25,0.1025390625,0.28369140625
7.245,308,442,438,309,3.0,31.0,47.0,4.150390625,44.311519622802734,47.851558685302734,0.0672607421875,-0.21435546875,0.2774658203125
7.261,310,424,452,310,3.0,31.0,47.0,-0.8544921278953552,48.095699310302734,43.762203216552734,0.0672607421875,-0.21435546875,0.2774658203125
7.269,310,387,424,310,1.0,32.0,48.0,40.893550872802734,48.217769622802734,8.23974609375,0.113037109375,-0.250732421875,0.2823486328125
7.275,309,371,420,310,1.0,32.0,48.0,40.893550872802734,48.217769622802734,8.23974609375,-0.162109375,0.0289306640625,0.0718994140625
7.287,310,364,407,310,1.0,32.0,48.0,67.9931640625,52.978511810302734,-14.099120140075684,-0.162109375,0.0289306640625,0.0718994140625
7.306,308,357,401,310,1.0,32.0,48.0,77.0263671875,51.147457122802734,-23.315427780151367,-0.55029296875,0.552734375,-0.0977783203125
7.310,310,357,401,310,1.0,32.0,48.0,77.0263671875,51.147457122802734,-23.315427780151367,-0.607421875,0.619873046875,-0.0465087890625
7.316,310,360,408,309,1.0,32.0,48.0,53.771968841552734,35.33935546875,-13.732909202575684,-0.607421875,0.619873046875,-0.0465087890625
7.328,308,364,419,310,1.0,32.0,48.0,-2.50244140625,16.9677734375,-4.5166015625,-0.6962890625,0.315185546875,0.1190185546875
7.335,310,361,420,310,1.0,32.0,48.0,-2.50244140625,16.9677734375,-4.5166015625,-0.802490234375,0.154296875,0.134033203125
7.343,310,363,424,310,1.0,32.0,48.0,-11.901854515075684,17.39501953125,-5.981444835662842,-0.8936767578125,0.1124267578125,0.097900390625
7.368,310,363,431,310,0.0,33.0,42.0,3.234863042831421,15.441893577575684,-8.23974609375,-0.94091796875,0.1495361328125,0.0499267578125
7.371,310,364,428,309,0.0,33.0,42.0,5.249022960662842,8.544921875,-7.263183116912842,-0.97412109375,0.2100830078125,0.0447998046875
7.373,308,364,430,308,0.0,33.0,42.0,5.249022960662842,8.544921875,-7.263183116912842,-0.997314453125,0.222900390625,0.0892333984375
7.390,310,369,432,309,0.0,33.0,42.0,-6.042479991912842,-4.8828125,-1.4038084745407104,-1.0140380859375,0.181640625,0.1177978515625
7.398,308,368,435,310,0.0,33.0,42.0,-8.9111328125,-5.432128429412842,3.601073980331421,-1.0128173828125,0.1380615234375,0.1243896484375
7.421,308,372,433,310,0.0,33.0,42.0,-8.9111328125,-5.432128429412842,3.601073980331421,-0.9935302734375,0.1119384765625,0.1456298828125
7.421,308,379,436,310,0.0,33.0,42.0,-8.97216796875,-5.310058116912842,17.578125,-0.97998046875,0.1265869140625,0.168701171875
7.425,310,380,428,310,0.0,33.0,42.0,-9.1552734375,-6.042479991912842,24.536130905151367,-0.971435546875,0.1722412109375,0.1761474609375
7.442,310,380,430,310,0.0,33.0,42.0,-9.1552734375,-6.042479991912842,24.536130905151367,-0.9644775390625,0.21142578125,0.1783447265625
7.447,308,381,426,296,0.0,33.0,42.0,-14.587401390075684,-7.141112804412842,36.43798828125,-0.9510498046875,0.2337646484375,0.1895751953125
7.461,310,380,428,310,0.0,34.0,41.0,-17.88330078125,-8.23974609375,42.846675872802734,-0.92724609375,0.23974609375,0.2081298828125
7.463,309,384,433,310,0.0,34.0,41.0,-17.88330078125,-8.23974609375,42.846675872802734,-0.883056640625,0.2232666015625,0.2178955078125
7.481,309,391,439,309,0.0,34.0,41.0,-22.888181686401367,-13.122557640075684,58.105464935302734,-0.802978515625,0.179443359375,0.1807861328125
7.495,295,401,430,310,0.0,34.0,41.0,-23.864744186401367,-17.578125,66.162109375,-0.692138671875,0.12109375,0.1016845703125
7.495,309,411,453,296,0.0,34.0,41.0,-23.010251998901367,-24.169919967651367,75.37841796875,-0.5146484375,0.073486328125,0.027099609375
7.507,306,441,499,310,0.0,34.0,41.0,-20.507810592651367,-32.71484375,83.31298065185547,-0.21728515625,0.071533203125,-0.017578125
7.524,309,480,531,310,0.0,34.0,41.0,-16.17431640625,-42.968746185302734,82.39745330810547,0.247802734375,0.082763671875,-0.0316162109375
7.524,311,522,557,310,0.0,34.0,41.0,-7.629394054412842,-53.222652435302734,62.866207122802734,0.6767578125,-0.003173828125,-0.0052490234375
7.537,310,594,739,311,0.0,34.0,41.0,14.709471702575684,-64.88037109375,22.888181686401367,0.7657470703125,-0.091796875,0.09375
7.549,310,660,902,312,0.0,34.0,41.0,55.786128997802734,-78.4912109375,-27.465818405151367,0.5057373046875,0.14501953125,0.174072265625
7.556,310,732,1054,311,0.0,33.0,48.0,77.81982421875,-75.62255859375,-73.18115234375,-0.04150390625,0.548095703125,0.1092529296875
7.567,309,835,1257,310,0.0,33.0,48.0,31.799314498901367,-46.264644622802734,-97.53417205810547,-0.915771484375,0.8974609375,0.0252685546875
7.581,310,888,1353,311,0.0,33.0,48.0,-54.077144622802734,-15.563963890075684,-87.46337127685547,-2.0001220703125,1.4197998046875,0.0941162109375
7.585,295,918,1456,311,0.0,33.0,48.0,-119.81200408935547,-13.916014671325684,-54.382320404052734,-2.589599609375,1.568115234375,0.512451171875
7.597,309,953,1504,312,0.0,33.0,48.0,-148.01025390625,-40.10009765625,-35.70556640625,-2.5845947265625,0.6187744140625,1.1939697265625
7.627,310,942,1445,311,0.0,33.0,48.0,-125.85448455810547,-59.692378997802734,-42.602535247802734,-2.595458984375,-0.5650634765625,1.5174560546875
7.627,308,928,1400,312,0.0,33.0,48.0,-40.771480560302734,-53.771968841552734,-39.9169921875,-2.4022216796875,-0.80859375,1.2572021484375
7.628,310,923,1361,298,0.0,33.0,48.0,70.80078125,-34.48486328125,-10.864256858825684,-1.5238037109375,-0.2725830078125,0.676513671875
7.636,311,922,1361,312,0.0,33.0,48.0,141.05224609375,-8.23974609375,12.756346702575684,-0.8380126953125,0.5802001953125,0.18408203125
7.643,311,920,1352,315,0.0,33.0,48.0,118.53026580810547,20.324705123901367,13.122557640075684,-1.1446533203125,1.17626953125,0.0594482421875
7.670,310,902,1323,312,2.0,30.0,47.0,29.785154342651367,39.24560546875,3.845214605331421,-1.76904296875,1.03515625,0.22314453125
7.672,312,874,1295,310,2.0,30.0,47.0,-40.832515716552734,42.236324310302734,-0.6103515625,-2.062255859375,0.5357666015625,0.4500732421875
7.674,310,844,1220,299,2.0,30.0,47.0,-56.884761810302734,32.89794921875,4.150390625,-2.014892578125,0.224853515625,0.54638671875
7.687,310,780,1151,311,2.0,30.0,47.0,-38.26904296875,22.766111373901367,13.671874046325684,-1.854248046875,0.2088623046875,0.4962158203125
7.699,310,728,1088,311,2.0,30.0,47.0,-11.169432640075684,19.22607421875,23.925779342651367,-1.6700439453125,0.296142578125,0.384765625
7.703,310,678,986,310,2.0,30.0,47.0,12.207030296325684,20.568845748901367,35.09521484375,-1.4222412109375,0.393310546875,0.29931640625
7.722,310,593,822,310,2.0,30.0,47.0,25.390623092651367,22.644041061401367,49.072261810302734,-1.0792236328125,0.4046630859375,0.2982177734375
7.728,310,548,718,310,2.0,30.0,47.0,24.597166061401367,23.864744186401367,62.255855560302734,-0.674560546875,0.26318359375,0.3406982421875
7.734,309,506,634,310,2.0,30.0,47.0,15.380858421325684,26.489255905151367,68.29833984375,-0.246826171875,0.05810546875,0.316650390625
7.747,309,465,557,311,2.0,30.0,47.0,10.009765625,30.029294967651367,60.729976654052734,0.1278076171875,-0.1107177734375,0.2684326171875
7.755,310,440,538,310,0.0,34.0,49.0,16.2353515625,30.212400436401367,35.70556640625,0.285888671875,-0.148681640625,0.2794189453125
7.776,310,430,523,310,0.0,34.0,49.0,30.273435592651367,29.174802780151367,-1.03759765625,0.1275634765625,-0.0050048828125,0.2384033203125
7.777,310,408,484,308,0.0,34.0,49.0,41.442867279052734,34.3017578125,-33.0810546875,-0.2197265625,0.2373046875,0.0535888671875
7.803,310,399,498,308,0.0,34.0,49.0,49.133296966552734,45.104976654052734,-46.203609466552734,-0.5196533203125,0.47509765625,-0.1258544921875
7.804,309,393,487,297,0.0,34.0,49.0,53.222652435302734,50.781246185302734,-42.175289154052734,-0.6671142578125,0.670166015625,-0.1446533203125
7.807,308,386,513,310,0.0,34.0,49.0,41.809078216552734,44.860836029052734,-33.50830078125,-0.7249755859375,0.5601806640625,0.1297607421875
7.831,308,386,502,296,0.0,34.0,49.0,12.634276390075684,33.203125,-30.273435592651367,-0.7249755859375,0.5601806640625,0.1297607421875
7.831,310,386,519,310,0.0,34.0,49.0,-18.5546875,24.719236373901367,-32.8369140625,-0.7569580078125,0.2840576171875,0.2042236328125
7.840,310,391,527,310,0.0,34.0,49.0,-34.0576171875,21.301267623901367,-34.7900390625,-0.874755859375,0.0089111328125,0.1593017578125
7.845,310,387,519,310,0.0,34.0,49.0,-28.076169967651367,18.73779296875,-31.494138717651367,-0.874755859375,0.0089111328125,0.1593017578125
7.853,308,390,512,310,1.0,35.0,46.0,-9.3994140625,14.282225608825684,-23.193357467651367,-0.94140625,0.083984375,0.1568603515625
7.874,309,387,499,310,1.0,35.0,46.0,6.774901866912842,8.9111328125,-13.183592796325684,-0.9832763671875,0.2354736328125,0.1961669921875
7.876,310,372,491,308,1.0,35.0,46.0,11.474608421325684,4.7607421875,-4.69970703125,-0.9832763671875,0.2354736328125,0.1961669921875
7.887,311,384,481,308,1.0,35.0,46.0,8.056640625,3.173827886581421,2.01416015625,-0.9674072265625,0.220703125,0.216796875
7.932,308,381,467,310,1.0,35.0,46.0,4.150390625,5.249022960662842,14.831542015075684,-0.9339599609375,0.2193603515625,0.2381591796875
7.936,296,382,467,310,1.0,35.0,46.0,4.150390625,5.249022960662842,14.831542015075684,-0.914794921875,0.25,0.22509765625
7.936,294,369,466,296,1.0,35.0,46.0,4.69970703125,6.591796398162842,20.507810592651367,-0.914794921875,0.25,0.22509765625
7.936,308,379,465,310,1.0,35.0,46.0,-0.4882812201976776,8.4228515625,26.184080123901367,-0.9083251953125,0.2735595703125,0.1724853515625
7.939,297,378,463,290,1.0,35.0,46.0,-0.4882812201976776,8.4228515625,26.184080123901367,-0.9169921875,0.285888671875,0.1519775390625
7.946,294,378,441,300,1.0,35.0,46.0,-3.417968511581421,7.629394054412842,27.526853561401367,-0.9169921875,0.285888671875,0.1519775390625
7.958,309,378,465,308,0.0,35.0,48.0,-5.0048828125,5.737304210662842,28.564451217651367,-0.896728515625,0.3114013671875,0.12255859375
7.974,309,379,457,310,0.0,35.0,48.0,-6.469726085662842,3.417968511581421,29.968259811401367,-0.8609619140625,0.296875,0.103759765625
7.976,296,382,465,310,0.0,35.0,48.0,-8.544921875,1.15966796875,32.28759765625,-0.8609619140625,0.296875,0.103759765625
7.987,310,394,452,308,0.0,35.0,48.0,-15.197752952575684,-5.0048828125,43.029781341552734,-0.75244140625,0.2080078125,0.0362548828125
8.008,308,409,452,309,0.0,35.0,48.0,-15.197752952575684,-5.0048828125,43.029781341552734,-0.576904296875,0.13720703125,0.0203857421875
8.008,296,423,485,310,0.0,35.0,48.0,-18.85986328125,-11.962889671325684,51.940914154052734,-0.576904296875,0.13720703125,0.0203857421875
8.017,308,481,543,309,0.0,35.0,48.0,-9.09423828125,-39.794921875,52.856441497802734,0.3297119140625,-0.0335693359375,0.005615234375
8.030,310,512,607,310,0.0,35.0,48.0,-9.09423828125,-39.794921875,52.856441497802734,0.7821044921875,-0.0439453125,0.02001953125
8.038,310,566,711,310,0.0,35.0,48.0,4.2724609375,-62.011714935302734,29.785154342651367,0.7821044921875,-0.0439453125,0.02001953125
8.047,310,660,996,310,0.0,35.0,48.0,48.217769622802734,-74.0966796875,-53.161617279052734,0.669921875,0.4488525390625,-0.1669921875
8.055,310,715,1153,312,1.0,34.0,45.0,48.217769622802734,-74.0966796875,-53.161617279052734,-0.1448974609375,0.8336181640625,-0.1182861328125
8.063,310,782,1255,313,1.0,34.0,45.0,28.686521530151367,-43.762203216552734,-87.89061737060547,-0.1448974609375,0.8336181640625,-0.1182861328125
8.077,310,855,1398,312,1.0,34.0,45.0,-129.57763671875,5.432128429412842,-71.8994140625,-2.3341064453125,0.9337158203125,0.4232177734375
8.086,311,904,1477,312,1.0,34.0,45.0,-129.57763671875,5.432128429412842,-71.8994140625,-2.7471923828125,0.6055908203125,0.8358154296875
8.097,297,929,1514,312,1.0,34.0,45.0,-160.94969177246094,-22.949216842651367,-31.860349655151367,-2.7471923828125,0.6055908203125,0.8358154296875
8.139,310,910,1447,310,1.0,34.0,45.0,-92.59032440185547,-59.387203216552734,-2.0751953125,-2.572509765625,-0.6072998046875,1.3353271484375
8.139,310,902,1411,312,1.0,34.0,45.0,16.05224609375,-39.97802734375,23.986814498901367,-2.063232421875,-0.185546875,1.06787109375
8.139,311,891,1395,309,1.0,34.0,45.0,16.05224609375,-39.97802734375,23.986814498901367,-1.110595703125,0.4090576171875,0.6055908203125
8.139,310,888,1392,312,1.0,34.0,45.0,131.591796875,20.080564498901367,53.344722747802734,-0.883544921875,1.0750732421875,0.2357177734375
8.147,311,878,1381,311,1.0,34.0,45.0,86.12059783935547,39.00146484375,35.33935546875,-1.468017578125,1.3819580078125,0.11962890625
8.153,310,864,1367,312,0.0,35.0,45.0,86.12059783935547,39.00146484375,35.33935546875,-2.0074462890625,1.043212890625,0.1763916015625
8.170,310,813,1323,312,0.0,35.0,45.0,-34.1796875,32.1044921875,20.568845748901367,-2.1168212890625,0.570556640625,0.302978515625
8.180,308,780,1292,312,0.0,35.0,45.0,-35.64453125,18.61572265625,28.320310592651367,-1.992919921875,0.3646240234375,0.3671875
8.184,310,729,1236,312,0.0,35.0,45.0,-35.64453125,18.61572265625,28.320310592651367,-1.813720703125,0.437744140625,0.3333740234375
8.197,310,658,1074,312,0.0,35.0,45.0,8.7890625,6.896972179412842,47.790523529052734,-1.5325927734375,0.5296630859375,0.285888671875
8.209,310,608,982,311,0.0,35.0,45.0,24.963376998901367,6.896972179412842,60.485836029052734,-1.0501708984375,0.3975830078125,0.293212890625
8.236,310,579,887,310,0.0,35.0,45.0,24.963376998901367,6.896972179412842,60.485836029052734,-0.4593505859375,0.1485595703125,0.3192138671875
8.236,310,495,750,312,0.0,35.0,45.0,44.738765716552734,10.375975608825684,53.344722747802734,-0.014892578125,-0.023193359375,0.292724609375
8.236,309,469,711,310,0.0,35.0,45.0,58.593746185302734,13.305663108825684,23.559568405151367,0.170654296875,-0.077392578125,0.2083740234375
8.243,310,441,654,310,0.0,35.0,45.0,58.593746185302734,13.305663108825684,23.559568405151367,0.1024169921875,-0.0015869140625,0.1434326171875
8.258,310,419,614,310,0.0,36.0,44.0,65.5517578125,24.230955123901367,-35.15625,-0.1572265625,0.18359375,0.0972900390625
8.265,308,414,604,309,0.0,36.0,44.0,56.152339935302734,28.808591842651367,-44.006343841552734,-0.4381103515625,0.3995361328125,0.000732421875
8.273,310,408,587,310,0.0,36.0,44.0,48.889156341552734,33.75244140625,-43.457027435302734,-0.618896484375,0.5946044921875,-0.1112060546875
8.287,308,384,568,310,0.0,36.0,44.0,40.344234466552734,35.94970703125,-39.306640625,-0.684326171875,0.71826171875,-0.1422119140625
8.297,310,369,548,310,0.0,36.0,44.0,22.460935592651367,30.761716842651367,-34.48486328125,-0.659912109375,0.6666259765625,-0.0322265625
8.314,298,373,548,296,0.0,36.0,44.0,-2.868652105331421,20.01953125,-33.203125,-0.6334228515625,0.4403076171875,0.131591796875
8.350,308,373,558,310,0.0,36.0,44.0,-23.986814498901367,10.375975608825684,-35.0341796875,-0.657958984375,0.1949462890625,0.2254638671875
8.352,310,373,566,310,0.0,36.0,44.0,-29.235837936401367,4.69970703125,-35.5224609375,-0.7081298828125,0.055908203125,0.226806640625
8.353,310,377,572,309,0.0,36.0,44.0,-18.85986328125,1.5258787870407104,-32.77587890625,-0.77490234375,0.0751953125,0.1961669921875
8.354,310,380,571,309,0.0,35.0,44.0,-3.540038824081421,-2.01416015625,-28.869626998901367,-0.8541259765625,0.2147216796875,0.185791015625
8.355,310,380,564,310,0.0,35.0,44.0,6.408690929412842,-6.103515148162842,-25.451658248901367,-0.9171142578125,0.355224609375,0.1824951171875
8.363,310,381,571,310,0.0,35.0,44.0,7.019042491912842,-9.1552734375,-22.338865280151367,-0.93310546875,0.392822265625,0.1854248046875
8.382,308,382,574,310,0.0,35.0,44.0,1.7700194120407104,-9.765625,-19.6533203125,-0.9124755859375,0.33349609375,0.20263671875
8.385,309,384,580,310,0.0,35.0,44.0,-3.784179449081421,-7.873534679412842,-16.845703125,-0.8929443359375,0.250244140625,0.2247314453125
8.395,312,386,588,310,0.0,35.0,44.0,-6.225585460662842,-5.187987804412842,-12.695311546325684,-0.8968505859375,0.1904296875,0.2354736328125
8.414,309,385,594,310,0.0,35.0,44.0,-5.737304210662842,-3.784179449081421,-6.286620616912842,-0.9202880859375,0.1639404296875,0.2247314453125
8.415,310,367,594,298,0.0,35.0,44.0,-5.126952648162842,-4.33349609375,2.13623046875,-0.947509765625,0.16943359375,0.2060546875
8.423,310,382,594,310,0.0,35.0,44.0,-6.530761241912842,-6.225585460662842,11.169432640075684,-0.9591064453125,0.1998291015625,0.1942138671875
8.437,310,381,594,310,0.0,35.0,44.0,-9.46044921875,-8.36181640625,19.47021484375,-0.94091796875,0.23681640625,0.1845703125
8.451,309,386,594,310,0.0,35.0,44.0,-12.634276390075684,-9.82666015625,26.306150436401367,-0.9012451171875,0.2674560546875,0.176025390625
8.455,308,394,603,310,-2.0,35.0,44.0,-15.197752952575684,-10.681151390075684,31.982419967651367,-0.852783203125,0.29248046875,0.15478515625
8.467,309,402,608,310,-2.0,35.0,44.0,-16.90673828125,-11.840819358825684,37.04833984375,-0.7899169921875,0.3045654296875,0.1068115234375
8.475,310,407,628,310,-2.0,35.0,44.0,-18.00537109375,-14.160155296325684,42.175289154052734,-0.712890625,0.279052734375,0.0623779296875
8.487,310,413,673,310,-2.0,35.0,44.0,-19.71435546875,-18.1884765625,47.668453216552734,-0.5830078125,0.2054443359375,0.052490234375
8.499,309,465,742,310,-2.0,35.0,44.0,-20.080564498901367,-27.587888717651367,51.269527435302734,-0.290771484375,0.1246337890625,0.0634765625
8.505,308,499,823,310,-2.0,35.0,44.0,-15.747069358825684,-44.555660247802734,46.264644622802734,0.0968017578125,0.0892333984375,0.0360107421875
8.516,309,535,910,311,-2.0,35.0,44.0,-7.934569835662842,-60.485836029052734,28.259275436401367,0.382080078125,0.1285400390625,-0.00390625
8.546,310,607,1120,311,-2.0,35.0,44.0,4.0283203125,-66.83349609375,-2.746581792831421,0.550537109375,0.210693359375,-0.00390625
8.549,310,660,1216,310,-2.0,35.0,44.0,15.686034202575684,-60.485836029052734,-45.898433685302734,0.5418701171875,0.3470458984375,0.0087890625
8.551,310,721,1323,312,-2.0,35.0,44.0,-0.0610351525247097,-42.907711029052734,-86.91405487060547,0.170654296875,0.4876708984375,0.029541015625
8.568,309,810,1502,312,0.0,33.0,47.0,-50.720211029052734,-22.460935592651367,-103.82079315185547,-0.61328125,0.5076904296875,0.108642578125
8.577,310,858,1557,311,0.0,33.0,47.0,-98.02245330810547,-14.892577171325684,-90.51512908935547,-1.5909423828125,0.714111328125,0.294189453125
8.580,310,873,1577,312,0.0,33.0,47.0,-122.92479705810547,-29.113767623901367,-59.509273529052734,-2.2413330078125,0.9942626953125,0.6632080078125
8.591,311,931,1653,313,0.0,33.0,47.0,-136.1083984375,-51.757808685302734,-36.376953125,-2.392578125,-0.47705078125,1.4110107421875
8.600,311,921,1642,312,0.0,33.0,47.0,-112.67089080810547,-59.020992279052734,-30.517576217651367,-2.392578125,-0.47705078125,1.4110107421875
8.606,311,913,1621,312,0.0,33.0,47.0,-30.639646530151367,-43.823238372802734,-16.66259765625,-2.45263671875,-0.4796142578125,1.1639404296875
8.620,310,882,1574,313,0.0,33.0,47.0,61.157222747802734,-19.8974609375,16.9677734375,-1.068603515625,0.523193359375,0.2979736328125
8.651,310,878,1566,312,0.0,33.0,47.0,110.22948455810547,5.065917491912842,40.954586029052734,-1.068603515625,0.523193359375,0.2979736328125
8.652,311,877,1573,312,0.0,33.0,47.0,102.72216033935547,24.597166061401367,37.41455078125,-0.798828125,0.93896484375,0.1629638671875
8.652,310,837,1555,312,0.0,32.0,44.0,-3.051757574081421,30.639646530151367,0.0610351525247097,-1.8016357421875,0.938720703125,0.31298828125
8.660,311,833,1540,314,0.0,32.0,44.0,-3.051757574081421,30.639646530151367,0.0610351525247097,-2.0537109375,0.604736328125,0.4720458984375
8.665,310,814,1511,312,0.0,32.0,44.0,-33.99658203125,19.95849609375,-6.713866710662842,-2.0537109375,0.604736328125,0.4720458984375
8.678,310,764,1443,312,0.0,32.0,44.0,-12.695311546325684,2.0751953125,1.0986328125,-1.772705078125,0.3182373046875,0.5181884765625
8.692,310,713,1367,312,0.0,32.0,44.0,-12.695311546325684,2.0751953125,1.0986328125,-1.52880859375,0.3533935546875,0.435546875
8.698,310,666,1305,312,0.0,32.0,44.0,12.939452171325684,0.8544921278953552,8.85009765625,-1.52880859375,0.3533935546875,0.435546875
8.708,310,600,1176,311,0.0,32.0,44.0,40.771480560302734,5.0048828125,35.7666015625,-0.8671875,0.2889404296875,0.3702392578125
8.721,310,543,1088,312,0.0,32.0,44.0,40.771480560302734,5.0048828125,35.7666015625,-0.5103759765625,0.1246337890625,0.34765625
8.724,309,522,1031,312,0.0,32.0,44.0,38.02490234375,8.4228515625,46.447750091552734,-0.5103759765625,0.1246337890625,0.34765625
8.751,310,475,928,311,0.0,32.0,44.0,26.794431686401367,21.057126998901367,41.381832122802734,0.063720703125,-0.075439453125,0.1627197265625
8.752,309,430,895,314,-1.0,34.0,51.0,26.794431686401367,21.057126998901367,41.381832122802734,0.10546875,-0.013671875,0.1199951171875
8.754,310,441,865,312,-1.0,34.0,51.0,29.052732467651367,24.291990280151367,22.399900436401367,0.10546875,-0.013671875,0.1199951171875
8.768,310,423,826,310,-1.0,34.0,51.0,31.982419967651367,29.602048873901367,-24.047849655151367,-0.4256591796875,0.396240234375,-0.0548095703125
8.776,310,420,813,312,-1.0,34.0,51.0,31.982419967651367,29.602048873901367,-24.047849655151367,-0.6231689453125,0.5592041015625,-0.1192626953125
8.797,308,420,790,311,-1.0,34.0,51.0,21.789548873901367,33.87451171875,-34.36279296875,-0.6231689453125,0.5592041015625,-0.1192626953125
8.798,296,410,758,310,-1.0,34.0,51.0,-13.366698265075684,30.517576217651367,-33.5693359375,-0.6824951171875,0.53173828125,0.0859375
8.807,310,409,754,310,-1.0,34.0,51.0,-27.282712936401367,23.132322311401367,-32.65380859375,-0.6964111328125,0.3609619140625,0.2508544921875
8.815,310,411,737,311,-1.0,34.0,51.0,-27.282712936401367,23.132322311401367,-32.65380859375,-0.7249755859375,0.1829833984375,0.34814453125
8.828,310,411,726,310,-1.0,34.0,51.0,-31.433103561401367,9.09423828125,-32.77587890625,-0.7789306640625,0.087158203125,0.3782958984375
8.839,310,414,715,310,-1.0,34.0,51.0,-20.01953125,3.723144292831421,-29.541013717651367,-0.860107421875,0.1009521484375,0.3704833984375
8.846,310,411,711,309,0.0,33.0,43.0,-20.01953125,3.723144292831421,-29.541013717651367,-0.92724609375,0.1719970703125,0.3309326171875
8.858,310,410,675,310,0.0,33.0,43.0,7.812499523162842,-0.8544921278953552,-14.038084983825684,-0.9503173828125,0.218017578125,0.2828369140625
8.866,310,411,666,310,0.0,33.0,43.0,13.732909202575684,-1.0986328125,-5.920409679412842,-0.9486083984375,0.2310791015625,0.2593994140625
8.874,310,409,661,310,0.0,33.0,43.0,13.732909202575684,-1.0986328125,-5.920409679412842,-0.9364013671875,0.23046875,0.253662109375
8.888,310,407,646,310,0.0,33.0,43.0,14.221190452575684,-0.7324218153953552,9.1552734375,-0.9197998046875,0.2142333984375,0.2493896484375
8.902,308,408,644,310,0.0,33.0,43.0,12.573241233825684,0.0610351525247097,16.11328125,-0.9014892578125,0.19873046875,0.247314453125
8.904,297,407,644,310,0.0,33.0,43.0,12.573241233825684,0.0610351525247097,16.11328125,-0.8807373046875,0.20361328125,0.2298583984375
8.927,310,407,628,310,0.0,33.0,43.0,10.620116233825684,-2.197265625,28.381345748901367,-0.8623046875,0.2286376953125,0.193359375
8.928,310,410,621,310,0.0,33.0,43.0,10.437010765075684,-5.859374523162842,33.63037109375,-0.8426513671875,0.2569580078125,0.161865234375
8.935,309,411,630,310,0.0,33.0,43.0,10.437010765075684,-5.859374523162842,33.63037109375,-0.8126220703125,0.27685546875,0.14306640625
8.954,310,420,650,310,0.0,33.0,44.0,1.03759765625,-10.742186546325684,44.860836029052734,-0.7510986328125,0.2662353515625,0.1182861328125
8.956,310,430,689,310,0.0,33.0,44.0,-9.6435546875,-11.230467796325684,52.673336029052734,-0.583251953125,0.184326171875,0.080322265625
8.965,309,447,754,310,0.0,33.0,44.0,-20.01953125,-13.122557640075684,60.607906341552734,-0.2586669921875,0.0555419921875,0.031494140625
8.978,310,508,819,309,0.0,33.0,44.0,-24.108884811401367,-19.22607421875,63.110347747802734,0.12158203125,-0.0289306640625,-0.0399169921875
8.986,310,562,876,311,0.0,33.0,44.0,-18.98193359375,-26.550291061401367,55.908199310302734,0.4527587890625,-0.003662109375,-0.06884765625
9.000,310,607,1000,310,0.0,33.0,44.0,-8.7890625,-29.907224655151367,34.36279296875,0.6182861328125,0.1240234375,0.0098876953125
9.028,310,694,1226,312,0.0,33.0,44.0,-1.7700194120407104,-29.785154342651367,-7.202147960662842,0.443359375,0.31689453125,0.1314697265625
9.034,310,750,1338,311,0.0,33.0,44.0,-7.690429210662842,-25.146482467651367,-57.617183685302734,-0.0574951171875,0.4322509765625,0.2750244140625
9.057,310,818,1413,312,0.0,33.0,44.0,-31.127927780151367,-12.634276390075684,-89.29442596435547,-0.7977294921875,0.4384765625,0.427001953125
9.061,310,888,1544,312,0.0,33.0,44.0,-55.541988372802734,0.4882812201976776,-83.92333221435547,-1.66845703125,0.77294921875,0.47509765625
9.071,309,917,1610,312,2.0,33.0,44.0,-71.10595703125,-2.25830078125,-49.865718841552734,-2.222412109375,1.136962890625,0.556640625
9.074,310,927,1636,312,2.0,33.0,44.0,-80.32225799560547,-21.545408248901367,-22.033689498901367,-2.361083984375,0.7032470703125,0.795166015625
9.077,310,931,1636,312,2.0,33.0,44.0,-59.265132904052734,-38.02490234375,-14.099120140075684,-2.4393310546875,0.0023193359375,1.006103515625
9.080,308,920,1591,296,2.0,33.0,44.0,1.9531248807907104,-43.151851654052734,-2.38037109375,-2.341064453125,-0.18994140625,1.006591796875
9.085,310,925,1555,312,2.0,33.0,44.0,69.27490234375,-37.7197265625,22.277830123901367,-1.6123046875,-0.03759765625,0.714111328125
9.101,310,910,1499,311,2.0,33.0,44.0,111.99950408935547,-17.9443359375,39.306640625,-0.846923828125,0.408935546875,0.3436279296875
9.108,310,916,1492,311,2.0,33.0,44.0,106.01805877685547,10.437010765075684,37.17041015625,-0.7159423828125,0.906005859375,0.1181640625
9.116,310,916,1490,311,2.0,33.0,44.0,53.344722747802734,34.36279296875,21.911619186401367,-1.0362548828125,1.011474609375,0.0538330078125
9.136,310,904,1468,312,2.0,33.0,44.0,-6.042479991912842,45.715328216552734,5.981444835662842,-1.565673828125,0.8875732421875,0.2022705078125
9.139,312,886,1444,313,2.0,33.0,44.0,-44.433589935302734,44.067378997802734,0.6103515625,-1.9298095703125,0.6756591796875,0.43896484375
9.163,310,861,1406,312,-3.0,34.0,47.0,-51.879878997802734,35.21728515625,4.45556640625,-1.9893798828125,0.4775390625,0.559814453125
9.163,311,780,1295,310,-3.0,34.0,47.0,-32.71484375,25.390623092651367,12.023924827575684,-1.849609375,0.4051513671875,0.55126953125
9.167,310,777,1215,312,-3.0,34.0,47.0,-3.662109136581421,18.798828125,19.53125,-1.617431640625,0.3741455078125,0.4742431640625
9.177,310,739,1122,311,-3.0,34.0,47.0,23.925779342651367,16.7236328125,28.686521530151367,-1.3399658203125,0.3955078125,0.376220703125
9.188,310,667,910,311,-3.0,34.0,47.0,41.931148529052734,17.4560546875,42.114253997802734,-1.025634765625,0.4217529296875,0.312255859375
9.205,308,629,803,310,-3.0,34.0,47.0,45.349117279052734,19.47021484375,54.565425872802734,-0.6878662109375,0.345947265625,0.304931640625
9.205,310,582,740,311,-3.0,34.0,47.0,39.306640625,22.583005905151367,58.288570404052734,-0.339111328125,0.202880859375,0.30224609375
9.218,310,525,660,310,-3.0,34.0,47.0,33.87451171875,25.512693405151367,50.170894622802734,-0.046875,0.0428466796875,0.2642822265625
9.277,311,506,632,310,-3.0,34.0,47.0,36.07177734375,26.672361373901367,31.982419967651367,0.090576171875,-0.0712890625,0.211181640625
9.284,310,493,592,312,-3.0,34.0,47.0,42.358394622802734,26.184080123901367,9.3994140625,0.0277099609375,-0.0191650390625,0.1639404296875
9.284,310,478,562,310,-1.0,37.0,45.0,43.212886810302734,25.512693405151367,-10.559081077575684,-0.2177734375,0.225341796875,0.0828857421875
9.286,310,470,540,310,-1.0,37.0,45.0,37.17041015625,27.832029342651367,-22.949216842651367,-0.4952392578125,0.5078125,-0.0523681640625
9.289,310,467,525,310,-1.0,37.0,45.0,26.855466842651367,32.28759765625,-27.587888717651367,-0.6746826171875,0.6702880859375,-0.144287109375
9.289,310,463,504,310,-1.0,37.0,45.0,12.329100608825684,33.3251953125,-27.343748092651367,-0.779541015625,0.548828125,-0.004638671875
9.289,308,439,493,309,-1.0,37.0,45.0,-4.82177734375,28.686521530151367,-24.414060592651367,-0.779541015625,0.548828125,-0.004638671875
9.294,309,449,493,310,-1.0,37.0,45.0,-18.5546875,20.629880905151367,-20.935056686401367,-0.7916259765625,0.3570556640625,0.1043701171875
9.308,309,447,481,309,-1.0,37.0,45.0,-22.644041061401367,12.451170921325684,-17.76123046875,-0.839111328125,0.1143798828125,0.1846923828125
9.316,310,447,481,309,-1.0,37.0,45.0,-16.17431640625,5.187987804412842,-13.854979515075684,-0.839111328125,0.1143798828125,0.1846923828125
9.324,310,444,481,310,-1.0,37.0,45.0,-4.638671875,-1.8310545682907104,-8.7890625,-0.8470458984375,0.142822265625,0.2327880859375
9.338,310,439,478,308,-1.0,37.0,45.0,4.39453125,-8.4228515625,-3.662109136581421,-0.8795166015625,0.293701171875,0.288330078125
9.365,310,437,475,310,-1.0,34.0,43.0,7.690429210662842,-12.390135765075684,1.3427733182907104,-0.8795166015625,0.293701171875,0.288330078125
9.366,310,436,465,309,-1.0,34.0,43.0,6.896972179412842,-12.145995140075684,7.202147960662842,-0.8917236328125,0.3177490234375,0.2623291015625
9.368,310,430,451,309,-1.0,34.0,43.0,4.7607421875,-8.7890625,14.404295921325684,-0.8895263671875,0.3033447265625,0.2501220703125
9.376,310,430,452,310,-1.0,34.0,43.0,1.5869139432907104,-4.2724609375,22.155759811401367,-0.8895263671875,0.3033447265625,0.2501220703125
9.391,310,436,472,310,-1.0,34.0,43.0,-3.112792730331421,0.9155272841453552,29.724119186401367,-0.8592529296875,0.2884521484375,0.225830078125
9.399,309,444,483,310,-1.0,34.0,43.0,-8.11767578125,5.554198741912842,37.04833984375,-0.69677734375,0.2689208984375,0.105224609375
9.407,310,465,481,310,-1.0,34.0,43.0,-12.512206077575684,6.652831554412842,44.189449310302734,-0.5401611328125,0.202392578125,0.0740966796875
9.414,310,490,485,310,-1.0,34.0,43.0,-15.014647483825684,1.9531248807907104,51.025386810302734,-0.5401611328125,0.202392578125,0.0740966796875
9.428,310,545,491,309,-1.0,34.0,43.0,-1.5258787870407104,-19.53125,42.724605560302734,0.3790283203125,-0.0938720703125,-0.0115966796875
9.438,310,594,517,310,-1.0,34.0,43.0,-1.5258787870407104,-19.53125,42.724605560302734,0.7569580078125,-0.1978759765625,-0.12939453125
9.444,308,642,608,310,-1.0,35.0,48.0,21.118162155151367,-33.75244140625,9.6435546875,0.7569580078125,-0.1978759765625,-0.12939453125
9.475,310,737,882,310,-1.0,35.0,48.0,48.278804779052734,-45.654293060302734,-82.58055877685547,0.3326416015625,0.5721435546875,-0.4219970703125
9.486,308,802,1026,311,-1.0,35.0,48.0,48.278804779052734,-45.654293060302734,-82.58055877685547,-0.5836181640625,0.968505859375,-0.2076416015625
9.499,310,858,1173,298,-1.0,35.0,48.0,-5.065917491912842,-32.8369140625,-101.98973846435547,-0.5836181640625,0.968505859375,-0.2076416015625
9.512,309,916,1392,310,-1.0,35.0,48.0,-168.51805114746094,-4.82177734375,-50.415035247802734,-2.3775634765625,1.490478515625,0.6890869140625
9.515,310,931,1484,312,-1.0,35.0,48.0,-196.22801208496094,-24.108884811401367,-19.8974609375,-2.2786865234375,0.777587890625,1.1448974609375
9.519,290,947,1524,314,-1.0,35.0,48.0,-196.22801208496094,-24.108884811401367,-19.8974609375,-1.99267578125,-0.5155029296875,1.490966796875
9.523,310,932,1527,312,-1.0,35.0,48.0,-169.55564880371094,-45.837398529052734,-16.66259765625,-1.99267578125,-0.5155029296875,1.490966796875
9.530,310,944,1444,311,-1.0,35.0,48.0,39.1845703125,-27.893064498901367,-9.1552734375,-1.826171875,-0.0726318359375,0.7857666015625
9.541,311,935,1413,312,-1.0,35.0,48.0,39.1845703125,-27.893064498901367,-9.1552734375,-1.3572998046875,0.7674560546875,0.2186279296875
9.547,312,927,1380,311,0.0,33.0,48.0,113.03710174560547,-2.01416015625,17.51708984375,-1.3572998046875,0.7674560546875,0.2186279296875
9.565,311,933,1344,311,0.0,33.0,48.0,38.330078125,46.081539154052734,6.652831554412842,-1.060302734375,0.906982421875,0.120361328125
9.566,310,929,1295,311,0.0,33.0,48.0,38.330078125,46.081539154052734,6.652831554412842,-1.60009765625,0.832275390625,0.3050537109375
9.577,310,917,1260,312,0.0,33.0,48.0,-24.536130905151367,56.884761810302734,-7.751464366912842,-1.60009765625,0.832275390625,0.3050537109375
9.587,310,873,1159,311,0.0,33.0,48.0,-55.664058685302734,42.297359466552734,1.3427733182907104,-2.082763671875,0.52099609375,0.4481201171875
9.595,310,837,1085,312,0.0,33.0,48.0,-55.664058685302734,42.297359466552734,1.3427733182907104,-1.888427734375,0.4041748046875,0.408203125
9.604,310,803,994,311,0.0,33.0,48.0,-34.48486328125,26.916501998901367,10.253905296325684,-1.888427734375,0.4041748046875,0.408203125
9.617,310,728,785,311,0.0,33.0,48.0,24.536130905151367,16.4794921875,18.85986328125,-1.332763671875,0.4730224609375,0.2999267578125
9.626,310,683,684,311,0.0,33.0,48.0,24.536130905151367,16.4794921875,18.85986328125,-0.977783203125,0.444580078125,0.321533203125
9.633,310,630,599,310,0.0,33.0,48.0,41.076656341552734,15.869139671325684,27.221677780151367,-0.5992431640625,0.2813720703125,0.34130859375
9.647,308,543,465,310,-1.0,35.0,49.0,40.771480560302734,18.98193359375,38.330078125,-0.28857421875,0.10107421875,0.298095703125
9.670,310,508,428,310,-1.0,35.0,49.0,37.53662109375,25.878904342651367,34.5458984375,-0.0782470703125,-0.0826416015625,0.258544921875
9.671,310,479,411,310,-1.0,35.0,49.0,37.53662109375,25.878904342651367,34.5458984375,0.01708984375,-0.2464599609375,0.2794189453125
9.677,310,451,394,309,-1.0,35.0,49.0,46.508785247802734,36.2548828125,2.25830078125,-0.0628662109375,-0.1898193359375,0.2451171875
9.690,311,432,393,308,-1.0,35.0,49.0,58.776851654052734,40.954586029052734,-16.845703125,-0.2686767578125,0.10888671875,0.0606689453125
9.693,310,413,386,310,-1.0,35.0,49.0,58.776851654052734,40.954586029052734,-16.845703125,-0.469482421875,0.4613037109375,-0.1173095703125
9.713,310,399,393,310,-1.0,35.0,49.0,67.626953125,46.691890716552734,-33.02001953125,-0.5738525390625,0.724609375,-0.142578125
9.716,308,394,386,310,-1.0,35.0,49.0,50.598140716552734,38.2080078125,-31.616209030151367,-0.5823974609375,0.8021240234375,-0.076416015625
9.724,310,394,391,310,-1.0,35.0,49.0,50.598140716552734,38.2080078125,-31.616209030151367,-0.576171875,0.7047119140625,0.0164794921875
9.744,310,399,399,310,-2.0,33.0,43.0,0.0,20.751951217651367,-35.7666015625,-0.6240234375,0.506591796875,0.09130859375
9.745,310,402,394,310,-2.0,33.0,43.0,-16.41845703125,16.6015625,-40.161128997802734,-0.739501953125,0.31689453125,0.107421875
9.753,310,407,402,310,-2.0,33.0,43.0,-16.41845703125,16.6015625,-40.161128997802734,-0.8447265625,0.2193603515625,0.0909423828125
9.773,310,411,399,310,-2.0,33.0,43.0,-16.66259765625,11.413573265075684,-38.330078125,-0.8990478515625,0.2020263671875,0.0821533203125
9.775,308,420,398,310,-2.0,33.0,43.0,-10.070799827575684,7.690429210662842,-31.860349655151367,-0.9254150390625,0.21826171875,0.094970703125
9.783,310,424,401,310,-2.0,33.0,43.0,-6.530761241912842,3.417968511581421,-24.658201217651367,-0.9437255859375,0.2342529296875,0.1202392578125
9.802,310,426,402,309,-2.0,33.0,43.0,-6.958007335662842,0.7324218153953552,-18.4326171875,-0.963134765625,0.2269287109375,0.1473388671875
9.805,308,427,402,310,-2.0,33.0,43.0,-8.544921875,0.4272460639476776,-12.695311546325684,-0.9796142578125,0.200439453125,0.162353515625
9.822,310,430,401,310,-2.0,33.0,43.0,-8.4228515625,1.6479490995407104,-6.286620616912842,-0.9915771484375,0.1790771484375,0.168212890625
9.827,310,434,411,310,-2.0,33.0,43.0,-7.080077648162842,2.868652105331421,1.6479490995407104,-0.994873046875,0.1829833984375,0.1861572265625
9.835,310,430,414,310,-2.0,33.0,43.0,-6.652831554412842,3.356933355331421,10.742186546325684,-0.9793701171875,0.206787109375,0.209716796875
9.847,310,431,413,309,1.0,36.0,42.0,-7.080077648162842,3.295898199081421,19.6533203125,-0.9473876953125,0.232666015625,0.2236328125
9.857,310,428,413,310,1.0,36.0,42.0,-7.385253429412842,3.234863042831421,27.587888717651367,-0.91455078125,0.2574462890625,0.22265625
9.877,310,430,410,310,1.0,36.0,42.0,-7.202147960662842,3.234863042831421,34.72900390625,-0.8975830078125,0.2869873046875,0.2030029296875
9.878,310,426,410,310,1.0,36.0,42.0,-6.958007335662842,2.990722417831421,41.564937591552734,-0.895263671875,0.3096923828125,0.172119140625
9.888,310,428,414,310,1.0,36.0,42.0,-7.507323741912842,2.13623046875,48.706050872802734,-0.888427734375,0.300048828125,0.1392822265625
9.895,311,431,413,309,1.0,36.0,42.0,-10.070799827575684,0.30517578125,56.823726654052734,-0.8602294921875,0.2689208984375,0.10302734375
9.903,310,437,419,310,1.0,36.0,42.0,-13.305663108825684,-3.662109136581421,65.61279296875,-0.8033447265625,0.2421875,0.04541015625
9.930,308,454,439,310,1.0,36.0,42.0,-15.869139671325684,-11.169432640075684,74.40185546875,-0.6759033203125,0.1903076171875,0.0020751953125
9.931,310,485,442,310,1.0,36.0,42.0,-16.29638671875,-22.277830123901367,80.87157440185547,-0.380859375,0.061279296875,-0.0023193359375
9.934,309,523,444,310,1.0,36.0,42.0,-9.8876953125,-35.888671875,78.9794921875,0.110107421875,-0.11962890625,0.023193359375
9.952,311,580,465,310,-4.0,34.0,42.0,9.70458984375,-52.001949310302734,62.011714935302734,0.6243896484375,-0.328857421875,0.087158203125
9.956,310,621,478,309,-4.0,34.0,42.0,47.912593841552734,-67.07763671875,26.672361373901367,0.8963623046875,-0.3365478515625,0.096435546875
9.981,310,688,587,311,-4.0,34.0,42.0,92.59032440185547,-74.52392578125,-25.512693405151367,0.7969970703125,0.2132568359375,-0.0479736328125
9.983,310,805,750,310,-4.0,34.0,42.0,101.25731658935547,-62.316890716552734,-82.09227752685547,0.227294921875,0.893798828125,-0.32275390625
9.995,294,849,868,310,-4.0,34.0,42.0,37.29248046875,-28.686521530151367,-114.99022674560547,-0.8238525390625,1.318115234375,-0.48486328125
10.004,311,889,1035,311,-4.0,34.0,42.0,-71.22802734375,0.3662109076976776,-94.97069549560547,-2.1229248046875,1.90625,-0.2962646484375
10.042,310,931,1308,312,-4.0,34.0,42.0,-164.55076599121094,-4.150390625,-34.423828125,-2.77490234375,2.068115234375,0.3768310546875
10.043,310,944,1377,312,-4.0,34.0,42.0,-222.22898864746094,-39.794921875,7.202147960662842,-2.537109375,0.7774658203125,1.3109130859375
10.051,296,944,1284,298,-4.0,34.0,42.0,-218.81101989746094,-65.49072265625,-0.30517578125,-2.3486328125,-1.0306396484375,1.7515869140625
10.059,308,933,1089,310,1.0,34.0,45.0,-113.52538299560547,-53.527828216552734,-13.977049827575684,-1.4888916015625,-0.474365234375,0.704833984375
10.060,310,944,1089,312,1.0,34.0,45.0,54.321285247802734,-24.108884811401367,5.676269054412842,-1.4888916015625,-0.474365234375,0.704833984375
10.060,310,944,1081,311,1.0,34.0,45.0,176.57469177246094,2.563476324081421,30.212400436401367,-0.9423828125,0.949462890625,0.0833740234375
10.076,310,932,1063,311,1.0,34.0,45.0,172.36326599121094,25.207517623901367,30.761716842651367,-1.7855224609375,1.6968994140625,-0.054931640625
10.083,310,916,1050,298,1.0,34.0,45.0,65.85693359375,39.24560546875,15.563963890075684,-1.7855224609375,1.6968994140625,-0.054931640625
10.084,296,871,1029,311,1.0,34.0,45.0,-33.5693359375,39.55078125,-1.4648436307907104,-1.9217529296875,0.842529296875,0.2066650390625
10.099,310,840,944,312,1.0,34.0,45.0,-61.401363372802734,27.832029342651367,-9.82666015625,-1.7484130859375,0.325439453125,0.3323974609375
10.106,310,799,871,310,1.0,34.0,45.0,-38.4521484375,14.831542015075684,-9.1552734375,-1.7484130859375,0.325439453125,0.3323974609375
10.115,311,751,785,312,1.0,34.0,45.0,-3.601073980331421,9.46044921875,-5.065917491912842,-1.6397705078125,0.504638671875,0.2088623046875
10.142,309,666,654,311,1.0,34.0,45.0,23.559568405151367,8.48388671875,-1.0986328125,-0.956298828125,0.5343017578125,0.28955078125
10.142,310,608,599,311,0.0,36.0,45.0,35.46142578125,5.676269054412842,0.8544921278953552,-0.956298828125,0.5343017578125,0.28955078125
10.145,310,554,545,311,0.0,36.0,45.0,34.3017578125,4.2724609375,-0.54931640625,-0.5302734375,0.3721923828125,0.3416748046875
10.158,309,463,455,310,0.0,36.0,45.0,28.198240280151367,9.521484375,-6.164550304412842,-0.0438232421875,0.0230712890625,0.254638671875
10.181,310,435,440,310,0.0,36.0,45.0,22.033689498901367,17.4560546875,-15.136717796325684,0.031005859375,-0.2091064453125,0.2781982421875
10.182,308,402,439,310,0.0,36.0,45.0,20.324705123901367,23.376462936401367,-27.893064498901367,0.031005859375,-0.2091064453125,0.2781982421875
10.189,308,371,420,309,0.0,36.0,45.0,46.874996185302734,32.470703125,-52.246089935302734,-0.2855224609375,0.0072021484375,0.0833740234375
10.196,308,367,411,310,0.0,36.0,45.0,46.874996185302734,32.470703125,-52.246089935302734,-0.474853515625,0.311767578125,-0.02685546875
10.204,310,361,407,310,0.0,36.0,45.0,64.27001953125,35.58349609375,-51.574703216552734,-0.474853515625,0.311767578125,-0.02685546875
10.219,310,355,408,310,0.0,36.0,45.0,44.067378997802734,23.254392623901367,-37.2314453125,-0.572509765625,0.6116943359375,0.027099609375
10.226,310,357,408,309,0.0,36.0,45.0,44.067378997802734,23.254392623901367,-37.2314453125,-0.609375,0.5234375,0.072021484375
10.242,309,357,414,308,-2.0,37.0,41.0,18.310546875,17.2119140625,-31.372068405151367,-0.609375,0.5234375,0.072021484375
10.262,310,357,424,310,-2.0,37.0,41.0,-14.526366233825684,16.4794921875,-25.390623092651367,-0.7939453125,0.1533203125,0.0975341796875
10.262,310,356,428,310,-2.0,37.0,41.0,-14.526366233825684,16.4794921875,-25.390623092651367,-0.898193359375,0.1201171875,0.0872802734375
10.265,310,357,428,310,-2.0,37.0,41.0,-12.939452171325684,17.333984375,-22.155759811401367,-0.898193359375,0.1201171875,0.0872802734375
10.282,310,354,432,308,-2.0,37.0,41.0,-6.774901866912842,11.169432640075684,-10.986327171325684,-0.987060546875,0.2999267578125,0.10595703125
10.286,309,353,430,310,-2.0,37.0,41.0,-6.774901866912842,11.169432640075684,-10.986327171325684,-0.978271484375,0.3394775390625,0.1275634765625
10.295,308,352,435,310,-2.0,37.0,41.0,-10.986327171325684,5.859374523162842,-6.652831554412842,-0.978271484375,0.3394775390625,0.1275634765625
10.311,310,355,438,310,-2.0,37.0,41.0,-19.53125,1.3427733182907104,-2.197265625,-0.94140625,0.2237548828125,0.159423828125
10.316,310,357,435,310,-2.0,37.0,41.0,-17.39501953125,1.9531248807907104,0.54931640625,-0.9302978515625,0.165771484375,0.16064453125
10.330,309,357,438,310,-2.0,37.0,41.0,-17.39501953125,1.9531248807907104,0.54931640625,-0.91455078125,0.1761474609375,0.1539306640625
10.338,309,362,437,308,-5.0,35.0,42.0,-7.019042491912842,2.0751953125,10.681151390075684,-0.8897705078125,0.216552734375,0.1453857421875
10.349,311,364,437,310,-5.0,35.0,42.0,-5.676269054412842,0.2441406100988388,16.29638671875,-0.8603515625,0.24267578125,0.1383056640625
10.368,308,368,435,310,-5.0,35.0,42.0,-5.676269054412842,0.2441406100988388,16.29638671875,-0.8321533203125,0.247802734375,0.1287841796875
10.391,309,356,420,308,-5.0,35.0,42.0,-8.23974609375,-3.112792730331421,28.991697311401367,-0.808837890625,0.2457275390625,0.11962890625
10.392,310,364,449,310,-5.0,35.0,42.0,-11.413573265075684,-4.7607421875,36.92626953125,-0.7635498046875,0.2298583984375,0.119873046875
10.392,296,384,452,308,-5.0,35.0,42.0,-11.413573265075684,-4.7607421875,36.92626953125,-0.6470947265625,0.1817626953125,0.090576171875
10.401,310,444,496,310,-5.0,35.0,42.0,-22.399900436401367,-12.329100608825684,49.072261810302734,-0.388671875,0.11669921875,0.0225830078125
10.408,308,485,507,310,-5.0,35.0,42.0,-24.047849655151367,-26.123044967651367,47.302242279052734,0.0438232421875,0.03076171875,0.0037841796875
10.415,310,512,512,310,-5.0,35.0,42.0,-24.047849655151367,-26.123044967651367,47.302242279052734,0.4361572265625,-0.1314697265625,0.0562744140625
10.432,310,594,608,310,-5.0,35.0,42.0,1.8310545682907104,-68.05419921875,11.596678733825684,0.6270751953125,-0.2059326171875,0.094970703125
10.438,310,657,728,311,-1.0,35.0,51.0,45.593257904052734,-74.52392578125,-19.04296875,0.550048828125,0.236083984375,0.0235595703125
10.444,310,718,840,312,-1.0,35.0,51.0,45.593257904052734,-74.52392578125,-19.04296875,0.1307373046875,0.8680419921875,-0.1376953125
10.463,310,818,1025,311,-1.0,35.0,51.0,10.192870140075684,-24.841306686401367,-93.07860565185547,-0.5849609375,0.991943359375,-0.188232421875
10.466,310,865,1162,310,-1.0,35.0,51.0,-80.078125,2.13623046875,-99.67040252685547,-1.577392578125,0.9844970703125,-0.0491943359375
10.493,310,912,1266,312,-1.0,35.0,51.0,-137.02392578125,-3.295898199081421,-70.3125,-2.3621826171875,1.170166015625,0.2977294921875
10.493,310,959,1390,312,-1.0,35.0,51.0,-156.92138671875,-40.161128997802734,-33.99658203125,-2.5147705078125,0.76416015625,0.9420166015625
10.497,310,967,1401,312,-1.0,35.0,51.0,-144.59228515625,-68.66455078125,-23.071287155151367,-2.431396484375,-0.345947265625,1.4691162109375
10.504,311,957,1303,312,-1.0,35.0,51.0,-78.857421875,-56.213375091552734,-25.695798873901367,-2.454345703125,-0.860107421875,1.383544921875
10.518,310,948,1234,312,-1.0,35.0,51.0,21.606443405151367,-19.71435546875,-7.080077648162842,-1.9656982421875,-0.427001953125,0.8642578125
10.535,311,948,1228,311,-1.0,35.0,51.0,103.94286346435547,11.657713890075684,20.507810592651367,-1.209228515625,0.287841796875,0.342529296875
10.535,310,920,1199,297,1.0,37.0,51.0,122.74169158935547,31.677244186401367,30.151365280151367,-1.2978515625,1.0631103515625,0.0909423828125
10.545,309,932,1162,312,1.0,37.0,51.0,66.34521484375,39.97802734375,29.602048873901367,-1.8323974609375,1.302734375,0.08935546875
10.570,310,902,1120,310,1.0,37.0,51.0,-6.164550304412842,37.353515625,27.038572311401367,-2.01708984375,0.87060546875,0.1768798828125
10.570,310,873,1074,311,1.0,37.0,51.0,-36.2548828125,28.930662155151367,24.169919967651367,-1.8736572265625,0.4658203125,0.261474609375
10.592,310,835,988,312,1.0,37.0,51.0,-31.860349655151367,22.155759811401367,23.681638717651367,-1.706298828125,0.3541259765625,0.2564697265625
10.593,310,766,864,311,1.0,37.0,51.0,-16.66259765625,21.484373092651367,27.587888717651367,-1.579345703125,0.439208984375,0.173583984375
10.596,310,688,763,311,1.0,37.0,51.0,-2.13623046875,22.277830123901367,36.9873046875,-1.379638671875,0.4688720703125,0.1513671875
10.603,310,643,675,311,1.0,37.0,51.0,3.845214605331421,19.95849609375,48.217769622802734,-1.063232421875,0.331787109375,0.2347412109375
10.617,310,536,566,310,1.0,37.0,51.0,2.44140625,17.27294921875,56.945796966552734,-0.6488037109375,0.1287841796875,0.3175048828125
10.625,308,490,493,310,1.0,37.0,51.0,3.234863042831421,17.9443359375,59.204097747802734,-0.2418212890625,-0.0933837890625,0.345703125
10.637,308,465,452,311,0.0,35.0,47.0,11.718749046325684,19.83642578125,51.513668060302734,0.0567626953125,-0.3236083984375,0.37548828125
10.647,310,426,430,310,0.0,35.0,47.0,29.602048873901367,21.118162155151367,33.69140625,0.154296875,-0.3792724609375,0.3817138671875
10.655,310,399,411,310,0.0,35.0,47.0,54.748531341552734,23.193357467651367,11.108397483825684,0.023193359375,-0.115234375,0.2435302734375
10.673,310,387,399,309,0.0,35.0,47.0,80.32225799560547,29.541013717651367,-9.6435546875,-0.2332763671875,0.320068359375,0.003173828125
10.694,310,385,408,310,0.0,35.0,47.0,93.44481658935547,36.1328125,-24.841306686401367,-0.4541015625,0.71142578125,-0.144775390625
10.694,308,385,408,310,0.0,35.0,47.0,82.09227752685547,34.66796875,-31.738279342651367,-0.552734375,0.9385986328125,-0.150146484375
10.694,309,384,410,310,0.0,35.0,47.0,50.292964935302734,27.099607467651367,-33.50830078125,-0.604736328125,0.9454345703125,-0.0838623046875
10.707,310,384,423,310,0.0,35.0,47.0,12.390135765075684,19.53125,-36.0107421875,-0.673583984375,0.7391357421875,-0.009033203125
10.716,310,386,441,309,0.0,35.0,47.0,-16.41845703125,14.404295921325684,-40.893550872802734,-0.762939453125,0.4310302734375,0.0396728515625
10.723,309,384,451,310,0.0,35.0,47.0,-26.000974655151367,10.925292015075684,-45.654293060302734,-0.8514404296875,0.1932373046875,0.06103515625
10.739,309,382,456,306,0.0,36.0,44.0,-20.01953125,7.141112804412842,-46.691890716552734,-0.91015625,0.1158447265625,0.07763671875
10.745,310,386,454,308,0.0,36.0,44.0,-10.131834983825684,2.197265625,-43.029781341552734,-0.93017578125,0.1514892578125,0.115478515625
10.753,309,386,453,310,0.0,36.0,44.0,-3.479003667831421,-3.112792730331421,-36.865234375,-0.941650390625,0.2098388671875,0.1524658203125
10.776,309,384,464,310,0.0,36.0,44.0,-1.8310545682907104,-6.896972179412842,-30.151365280151367,-0.9656982421875,0.2340087890625,0.171875
10.777,296,383,454,311,0.0,36.0,44.0,-4.638671875,-8.48388671875,-23.132322311401367,-0.9864501953125,0.20166015625,0.183837890625
10.801,310,384,452,310,0.0,36.0,44.0,-7.934569835662842,-7.873534679412842,-15.686034202575684,-0.994873046875,0.141357421875,0.1859130859375
10.801,295,370,441,309,0.0,36.0,44.0,-8.544921875,-6.164550304412842,-7.751464366912842,-0.989990234375,0.113525390625,0.1873779296875
10.805,309,384,436,311,0.0,36.0,44.0,-6.530761241912842,-5.187987804412842,0.6713866591453552,-0.9674072265625,0.1424560546875,0.199462890625
10.816,309,382,435,310,0.0,36.0,44.0,-4.5166015625,-5.249022960662842,8.60595703125,-0.9381103515625,0.2052001953125,0.211181640625
10.827,309,381,433,308,0.0,36.0,44.0,-3.662109136581421,-5.676269054412842,14.465331077575684,-0.9156494140625,0.26953125,0.215576171875
10.841,308,382,433,309,0.0,36.0,46.0,-3.906249761581421,-6.164550304412842,17.88330078125,-0.9039306640625,0.3109130859375,0.21142578125
10.843,310,383,430,310,0.0,36.0,46.0,-4.638671875,-6.530761241912842,20.080564498901367,-0.8961181640625,0.31787109375,0.19384765625
10.903,310,386,435,310,0.0,36.0,46.0,-5.615233898162842,-6.896972179412842,22.949216842651367,-0.83935546875,0.23486328125,0.12646484375
10.904,296,394,438,310,0.0,36.0,46.0,-7.629394054412842,-7.690429210662842,27.648923873901367,-0.83935546875,0.23486328125,0.12646484375
10.904,310,401,452,309,0.0,36.0,46.0,-11.169432640075684,-9.8876953125,34.423828125,-0.770263671875,0.1787109375,0.0885009765625
10.904,308,437,480,310,0.0,36.0,46.0,-15.075682640075684,-14.709471702575684,42.724605560302734,-0.2845458984375,0.02294921875,-0.00244140625
10.905,310,475,508,296,0.0,36.0,46.0,-15.624999046325684,-23.986814498901367,49.499507904052734,-0.2845458984375,0.02294921875,-0.00244140625
10.905,309,502,512,310,0.0,36.0,46.0,-11.596678733825684,-40.161128997802734,49.194332122802734,0.1243896484375,-0.0474853515625,-0.05517578125
10.917,310,585,554,308,0.0,36.0,46.0,-5.493163585662842,-60.424800872802734,38.75732421875,0.710693359375,-0.1558837890625,0.0889892578125
10.929,310,644,660,311,0.0,36.0,46.0,11.413573265075684,-76.23291015625,16.7236328125,0.710693359375,-0.1558837890625,0.0889892578125
10.933,310,696,782,310,1.0,34.0,46.0,47.607418060302734,-80.32225799560547,-18.5546875,0.5631103515625,0.0748291015625,0.0845947265625
10.951,310,810,943,310,1.0,34.0,46.0,70.80078125,-67.7490234375,-59.448238372802734,-0.7373046875,0.7783203125,-0.0501708984375
10.959,310,854,1069,312,1.0,34.0,46.0,38.26904296875,-39.55078125,-87.21923065185547,-0.7373046875,0.7783203125,-0.0501708984375
10.976,310,882,1182,312,1.0,34.0,46.0,-29.724119186401367,-12.817381858825684,-83.74022674560547,-1.7030029296875,1.0711669921875,-0.043701171875
10.979,298,938,1311,299,1.0,34.0,46.0,-89.59960174560547,-11.779784202575684,-48.645015716552734,-2.260498046875,1.065185546875,0.9481201171875
11.003,309,934,1369,311,1.0,34.0,46.0,-130.79833984375,-36.865234375,-14.282225608825684,-2.260498046875,1.065185546875,0.9481201171875
11.005,310,944,1366,311,1.0,34.0,46.0,-134.521484375,-56.335445404052734,-11.047362327575684,-2.1185302734375,-0.16015625,1.5130615234375
11.008,299,928,1243,309,1.0,34.0,46.0,11.230467796325684,-19.53125,0.6713866591453552,-2.115234375,-0.4542236328125,0.8924560546875
11.015,310,948,1260,311,1.0,34.0,46.0,11.230467796325684,-19.53125,0.6713866591453552,-1.3909912109375,0.229736328125,0.2626953125
11.026,311,948,1273,310,1.0,34.0,46.0,96.67967987060547,1.8310545682907104,35.70556640625,-1.3909912109375,0.229736328125,0.2626953125
11.048,311,938,1268,310,-2.0,34.0,45.0,82.76366424560547,23.925779342651367,41.320796966552734,-1.5927734375,1.36181640625,-0.02587890625
11.048,297,922,1260,309,-2.0,34.0,45.0,82.76366424560547,23.925779342651367,41.320796966552734,-1.83837890625,1.003662109375,0.193359375
11.054,311,901,1253,312,-2.0,34.0,45.0,5.310058116912842,28.076169967651367,29.785154342651367,-1.83837890625,1.003662109375,0.193359375
11.067,311,848,1191,311,-2.0,34.0,45.0,-40.466304779052734,18.49365234375,25.878904342651367,-1.696044921875,0.3197021484375,0.4368896484375
11.077,310,810,1120,312,-2.0,34.0,45.0,-40.466304779052734,18.49365234375,25.878904342651367,-1.6307373046875,0.3499755859375,0.36767578125
11.084,310,763,1047,311,-2.0,34.0,45.0,-21.972654342651367,13.793944358825684,34.5458984375,-1.6307373046875,0.3499755859375,0.36767578125
11.108,308,668,902,312,-2.0,34.0,45.0,13.671874046325684,14.526366233825684,62.805171966552734,-1.332763671875,0.4320068359375,0.2735595703125
11.108,311,601,786,311,-2.0,34.0,45.0,13.671874046325684,14.526366233825684,62.805171966552734,-1.008544921875,0.3441162109375,0.3533935546875
11.114,310,554,698,310,-2.0,34.0,45.0,15.319823265075684,13.916014671325684,79.9560546875,-1.008544921875,0.3441162109375,0.3533935546875
11.128,310,475,540,310,-1.0,35.0,44.0,-1.0986328125,16.7236328125,92.77342987060547,-0.1800537109375,-0.0517578125,0.3404541015625
11.136,310,442,465,311,-1.0,35.0,44.0,-1.0986328125,16.7236328125,92.77342987060547,0.1551513671875,-0.32421875,0.3304443359375
11.158,310,437,444,310,-1.0,35.0,44.0,2.807616949081421,21.484373092651367,80.74950408935547,0.1551513671875,-0.32421875,0.3304443359375
11.159,308,421,439,296,-1.0,35.0,44.0,50.109859466552734,20.263669967651367,26.550291061401367,0.211669921875,-0.1015625,0.179931640625
11.170,310,415,437,309,-1.0,35.0,44.0,80.68846893310547,20.202634811401367,-2.38037109375,-0.0975341796875,0.4578857421875,-0.0394287109375
11.179,310,411,445,310,-1.0,35.0,44.0,80.68846893310547,20.202634811401367,-2.38037109375,-0.4117431640625,0.92431640625,-0.1640625
11.225,310,419,473,309,-1.0,35.0,44.0,71.6552734375,24.780271530151367,-32.2265625,-0.6055908203125,1.1346435546875,-0.162109375
11.226,310,417,490,310,-1.0,35.0,44.0,34.912109375,23.986814498901367,-33.203125,-0.7198486328125,1.0955810546875,-0.113037109375
11.227,311,414,502,310,-1.0,35.0,44.0,34.912109375,23.986814498901367,-33.203125,-0.8123779296875,0.862060546875,-0.052978515625
11.227,311,411,522,310,-1.0,35.0,44.0,-34.36279296875,19.4091796875,-33.3251953125,-0.8658447265625,0.5155029296875,0.007568359375
11.228,310,411,523,310,-1.0,35.0,44.0,-50.659175872802734,15.258788108825684,-33.69140625,-0.8829345703125,0.2054443359375,0.052490234375
11.257,308,410,545,309,-4.0,35.0,50.0,-50.659175872802734,15.258788108825684,-33.69140625,-0.9005126953125,0.035400390625,0.103515625
11.258,308,407,557,310,-4.0,35.0,50.0,-33.8134765625,-0.7934569716453552,-26.611326217651367,-0.9395751953125,0.0201416015625,0.186279296875
11.280,309,402,562,294,-4.0,35.0,50.0,-17.2119140625,-10.375975608825684,-20.629880905151367,-0.97314453125,0.1103515625,0.2821044921875
11.285,310,401,561,310,-4.0,35.0,50.0,-17.2119140625,-10.375975608825684,-20.629880905151367,-0.9697265625,0.2216796875,0.3311767578125
11.285,310,400,559,310,-4.0,35.0,50.0,-4.5166015625,-16.2353515625,-9.21630859375,-0.933349609375,0.282470703125,0.3253173828125
11.286,311,384,538,310,-4.0,35.0,50.0,-3.723144292831421,-11.840819358825684,-3.479003667831421,-0.8968505859375,0.3089599609375,0.3076171875
11.313,310,399,548,310,-4.0,35.0,50.0,-3.723144292831421,-11.840819358825684,-3.479003667831421,-0.8802490234375,0.3397216796875,0.2974853515625
11.314,310,398,543,310,-4.0,35.0,50.0,-1.8920897245407104,-4.150390625,8.85009765625,-0.862548828125,0.3468017578125,0.263916015625
11.316,308,399,551,311,-4.0,35.0,50.0,-2.01416015625,-3.540038824081421,13.610838890075684,-0.8316650390625,0.317138671875,0.1895751953125
11.324,311,402,547,310,-4.0,35.0,50.0,-2.197265625,-4.33349609375,16.9677734375,-0.7896728515625,0.289794921875,0.101806640625
11.341,308,408,567,309,-1.0,34.0,43.0,-3.173827886581421,-6.774901866912842,19.95849609375,-0.7315673828125,0.2840576171875,0.0234375
11.345,309,424,574,309,-1.0,34.0,43.0,-6.835937023162842,-10.986327171325684,23.559568405151367,-0.5753173828125,0.245361328125,-0.0316162109375
11.354,310,465,585,310,-1.0,34.0,43.0,-12.939452171325684,-16.6015625,25.939939498901367,-0.22412109375,0.1236572265625,-0.0716552734375
11.367,310,535,578,309,-1.0,34.0,43.0,-17.2119140625,-25.512693405151367,21.057126998901367,0.2791748046875,-0.0721435546875,-0.066162109375
11.389,310,594,632,310,-1.0,34.0,43.0,-9.09423828125,-40.893550872802734,1.15966796875,0.745849609375,-0.28857421875,-0.0390625
11.389,312,653,778,310,-1.0,34.0,43.0,25.634763717651367,-59.143062591552734,-36.9873046875,0.905517578125,-0.2003173828125,-0.0887451171875
11.420,310,754,1026,310,-1.0,34.0,43.0,70.068359375,-69.76318359375,-80.87157440185547,0.566162109375,0.3280029296875,-0.132568359375
11.424,310,819,1160,312,-1.0,34.0,43.0,61.096187591552734,-61.950679779052734,-109.25292205810547,-0.21533203125,0.8043212890625,-0.0418701171875
11.433,310,862,1267,295,-1.0,34.0,43.0,-20.568845748901367,-36.2548828125,-107.91014862060547,-1.2945556640625,1.1641845703125,0.13330078125
11.438,310,918,1415,299,2.0,28.0,45.0,-114.68505096435547,-13.671874046325684,-77.57568359375,-2.2286376953125,1.5191650390625,0.389404296875
11.446,311,948,1472,314,2.0,28.0,45.0,-170.65428161621094,-15.686034202575684,-43.762203216552734,-2.3856201171875,1.23388671875,0.9337158203125
11.448,310,966,1514,312,2.0,28.0,45.0,-175.35398864746094,-34.85107421875,-34.423828125,-2.0836181640625,0.0631103515625,1.5760498046875
11.464,308,960,1424,298,2.0,28.0,45.0,-118.77440643310547,-41.137691497802734,-43.029781341552734,-2.09326171875,-0.83056640625,1.6295166015625
11.466,310,952,1406,311,2.0,28.0,45.0,-13.610838890075684,-23.559568405151367,-35.888671875,-2.2498779296875,-0.5084228515625,1.0
11.473,310,947,1399,312,2.0,28.0,45.0,83.37401580810547,1.4038084745407104,-5.920409679412842,-1.7520751953125,0.2589111328125,0.2591552734375
11.492,310,953,1395,312,2.0,28.0,45.0,118.34716033935547,21.179197311401367,11.230467796325684,-1.1356201171875,0.762939453125,-0.097900390625
11.498,310,947,1371,311,2.0,28.0,45.0,77.63671875,33.87451171875,5.187987804412842,-1.3087158203125,1.04248046875,0.025634765625
11.520,312,934,1355,312,2.0,28.0,45.0,1.0986328125,40.954586029052734,-2.50244140625,-1.8037109375,0.9517822265625,0.329345703125
11.521,310,889,1297,312,2.0,28.0,45.0,-48.767086029052734,41.503902435302734,-3.173827886581421,-2.031494140625,0.5888671875,0.5284423828125
11.526,310,864,1228,312,0.0,33.0,46.0,-52.062984466552734,33.447265625,1.5258787870407104,-1.951416015625,0.3421630859375,0.5511474609375
11.534,310,833,1143,312,0.0,33.0,46.0,-28.869626998901367,24.719236373901367,7.873534679412842,-1.782470703125,0.3199462890625,0.4398193359375
11.548,310,750,974,312,0.0,33.0,46.0,0.6103515625,22.155759811401367,13.977049827575684,-1.591552734375,0.4141845703125,0.300048828125
11.559,310,695,873,312,0.0,33.0,46.0,23.620603561401367,22.705076217651367,21.789548873901367,-1.330322265625,0.4840087890625,0.2337646484375
11.564,311,644,784,311,0.0,33.0,46.0,31.249998092651367,21.728513717651367,32.40966796875,-0.982177734375,0.408203125,0.263671875
11.577,310,538,671,311,0.0,33.0,46.0,24.963376998901367,21.179197311401367,42.602535247802734,-0.568603515625,0.20068359375,0.2938232421875
11.590,312,493,583,310,0.0,33.0,46.0,15.747069358825684,24.475095748901367,48.095699310302734,-0.190185546875,-0.05712890625,0.2694091796875
11.594,309,468,530,310,0.0,33.0,46.0,12.207030296325684,28.930662155151367,46.081539154052734,0.078369140625,-0.3096923828125,0.2701416015625
11.628,310,437,493,310,0.0,33.0,46.0,18.4326171875,31.555173873901367,36.31591796875,0.1566162109375,-0.4193115234375,0.3089599609375
11.629,309,424,452,310,0.0,33.0,46.0,34.5458984375,33.75244140625,21.789548873901367,0.0140380859375,-0.23974609375,0.24072265625
11.630,308,410,438,310,0.0,33.0,46.0,56.396480560302734,39.36767578125,6.469726085662842,-0.23291015625,0.144287109375,0.028076171875
11.637,309,407,433,310,-1.0,35.0,47.0,73.6083984375,45.593257904052734,-5.859374523162842,-0.537109375,0.823486328125,-0.11279296875
11.645,310,406,444,310,-1.0,35.0,47.0,71.83837890625,43.823238372802734,-12.634276390075684,-0.537109375,0.823486328125,-0.11279296875
11.661,309,410,452,310,-1.0,35.0,47.0,48.461910247802734,35.46142578125,-16.11328125,-0.5675048828125,0.8572998046875,-0.05126953125
11.667,310,420,469,310,-1.0,35.0,47.0,14.770506858825684,27.648923873901367,-20.629880905151367,-0.7442626953125,0.4471435546875,0.081787109375
11.675,310,423,473,308,-1.0,35.0,47.0,-15.747069358825684,22.583005905151367,-26.123044967651367,-0.7442626953125,0.4471435546875,0.081787109375
11.691,310,423,481,310,-1.0,35.0,47.0,-32.77587890625,20.01953125,-29.541013717651367,-0.8465576171875,0.25146484375,0.095947265625
11.698,309,428,481,310,-1.0,35.0,47.0,-34.97314453125,18.5546875,-28.320310592651367,-0.9530029296875,0.19677734375,0.0660400390625
11.722,309,430,480,310,-1.0,35.0,47.0,-28.259275436401367,14.709471702575684,-22.766111373901367,-0.9530029296875,0.19677734375,0.0660400390625
11.722,310,428,479,309,-1.0,35.0,47.0,-20.263669967651367,7.263183116912842,-15.747069358825684,-1.006591796875,0.28173828125,0.1146240234375
11.727,310,430,465,310,0.0,36.0,44.0,-16.66259765625,0.4882812201976776,-10.131834983825684,-1.0518798828125,0.2744140625,0.2095947265625
11.738,308,423,464,310,0.0,36.0,44.0,-17.63916015625,-2.13623046875,-6.591796398162842,-1.0518798828125,0.2744140625,0.2095947265625
11.743,310,424,452,310,0.0,36.0,44.0,-18.4326171875,-2.0751953125,-4.08935546875,-1.0252685546875,0.2197265625,0.2587890625
11.762,310,424,446,310,0.0,36.0,44.0,-15.869139671325684,-1.8310545682907104,-1.4038084745407104,-0.90966796875,0.1951904296875,0.30224609375
11.769,308,423,439,310,0.0,36.0,44.0,-9.82666015625,-1.7089842557907104,2.25830078125,-0.908203125,0.2515869140625,0.259765625
11.775,310,423,434,310,0.0,36.0,44.0,-2.746581792831421,-1.15966796875,7.080077648162842,-0.908203125,0.2515869140625,0.259765625
11.797,310,419,428,310,0.0,36.0,44.0,3.967284917831421,1.03759765625,16.29638671875,-0.9461669921875,0.3116455078125,0.169677734375
11.831,293,414,428,310,0.0,36.0,44.0,3.967284917831421,1.03759765625,16.29638671875,-0.9296875,0.2908935546875,0.162353515625
11.878,310,410,428,308,0.0,36.0,44.0,2.563476324081421,0.8544921278953552,20.812986373901367,-0.9296875,0.2908935546875,0.162353515625
11.926,308,411,433,310,0.0,36.0,44.0,-1.6479490995407104,-2.685546636581421,33.447265625,-0.8387451171875,0.2388916015625,0.162353515625
11.955,310,415,437,310,0.0,36.0,40.0,-1.6479490995407104,-2.685546636581421,33.447265625,-0.7769775390625,0.2230224609375,0.13623046875
11.965,308,423,447,310,0.0,36.0,40.0,-4.638671875,-4.8828125,41.564937591552734,-0.7769775390625,0.2230224609375,0.13623046875
11.974,309,463,493,310,0.0,36.0,40.0,-17.88330078125,-14.648436546325684,55.664058685302734,-0.4327392578125,0.135986328125,0.009033203125
11.976,296,497,512,310,0.0,36.0,40.0,-21.789548873901367,-26.062009811401367,54.687496185302734,0.031005859375,-0.0391845703125,-0.02880859375
11.976,296,537,508,310,0.0,36.0,40.0,-21.789548873901367,-26.062009811401367,54.687496185302734,0.5968017578125,-0.297119140625,-0.011474609375
11.979,311,594,523,310,0.0,36.0,40.0,-13.916014671325684,-41.381832122802734,40.832515716552734,0.5968017578125,-0.297119140625,-0.011474609375
11.980,309,685,766,311,0.0,36.0,40.0,66.22314453125,-68.29833984375,-31.738279342651367,0.7958984375,0.0206298828125,-0.0994873046875
11.990,310,745,878,311,0.0,36.0,40.0,66.22314453125,-68.29833984375,-31.738279342651367,0.2083740234375,0.8330078125,-0.251953125
12.000,311,823,988,312,0.0,36.0,40.0,93.87206268310547,-63.842769622802734,-73.1201171875,0.2083740234375,0.8330078125,-0.251953125
12.005,312,907,1191,311,0.0,36.0,40.0,-62.988277435302734,-7.568358898162842,-101.68456268310547,-1.976318359375,1.6546630859375,-0.0545654296875
12.006,310,943,1300,312,0.0,33.0,44.0,-150.390625,-7.995604991912842,-72.509765625,-2.580322265625,1.7926025390625,0.387451171875
12.006,309,959,1386,312,0.0,33.0,44.0,-150.390625,-7.995604991912842,-72.509765625,-2.2779541015625,0.9647216796875,1.1746826171875
12.009,310,984,1455,312,0.0,33.0,44.0,-186.09617614746094,-64.63623046875,-55.358882904052734,-2.0150146484375,-0.5177001953125,1.7615966796875
12.028,310,966,1334,312,0.0,33.0,44.0,-99.79247283935547,-51.086421966552734,-65.4296875,-2.17822265625,-1.157470703125,1.5489501953125
12.028,310,959,1318,312,0.0,33.0,44.0,-99.79247283935547,-51.086421966552734,-65.4296875,-1.9281005859375,-0.6839599609375,0.7703857421875
12.029,294,966,1323,310,0.0,33.0,44.0,120.97167205810547,12.939452171325684,-11.047362327575684,-1.3209228515625,0.1646728515625,0.072509765625
12.029,310,959,1279,309,0.0,33.0,44.0,141.78466796875,27.404783248901367,6.896972179412842,-1.3541259765625,0.9705810546875,-0.1297607421875
12.030,310,947,1292,312,0.0,33.0,44.0,72.509765625,33.87451171875,13.366698265075684,-1.8197021484375,1.1751708984375,0.040283203125
12.031,326,916,1245,310,0.0,33.0,44.0,-16.54052734375,34.11865234375,17.63916015625,-2.0235595703125,0.708984375,0.2742919921875
12.031,310,884,1188,296,0.0,33.0,44.0,-54.138179779052734,28.503416061401367,22.827146530151367,-1.8961181640625,0.2740478515625,0.4283447265625
12.031,310,840,1118,311,1.0,34.0,45.0,-44.738765716552734,22.827146530151367,30.700681686401367,-1.7042236328125,0.191162109375,0.4334716796875
12.033,310,795,1031,311,1.0,34.0,45.0,-44.738765716552734,22.827146530151367,30.700681686401367,-1.5767822265625,0.3504638671875,0.3466796875
12.059,310,703,871,310,1.0,34.0,45.0,3.967284917831421,25.146482467651367,52.185054779052734,-1.4315185546875,0.47509765625,0.313232421875
12.059,310,639,756,311,1.0,34.0,45.0,11.718749046325684,24.047849655151367,67.138671875,-1.1798095703125,0.38916015625,0.35693359375
12.070,310,574,664,310,1.0,34.0,45.0,11.718749046325684,24.047849655151367,67.138671875,-0.7808837890625,0.173583984375,0.3663330078125
12.081,308,484,508,310,1.0,34.0,45.0,10.437010765075684,24.536130905151367,90.33202362060547,-0.285888671875,-0.0911865234375,0.3314208984375
12.090,310,454,447,310,1.0,34.0,45.0,18.98193359375,26.672361373901367,84.59471893310547,0.15771484375,-0.4189453125,0.3330078125
12.107,308,437,430,309,1.0,34.0,45.0,38.4521484375,26.855466842651367,63.659664154052734,0.330322265625,-0.5518798828125,0.32666015625
12.110,310,423,410,310,1.0,34.0,45.0,66.10107421875,26.367185592651367,35.58349609375,0.1827392578125,-0.2271728515625,0.2095947265625
12.133,310,411,402,310,1.0,34.0,45.0,93.62792205810547,29.663084030151367,7.751464366912842,-0.13671875,0.35546875,0.007080078125
12.133,310,402,408,310,-2.0,37.0,47.0,107.84911346435547,36.865234375,-15.502928733825684,-0.44482421875,0.8721923828125,-0.1322021484375
12.138,309,402,408,309,-2.0,37.0,47.0,96.43553924560547,40.161128997802734,-28.564451217651367,-0.6044921875,1.13427734375,-0.1610107421875
12.146,311,402,410,310,-2.0,37.0,47.0,63.720699310302734,38.330078125,-33.203125,-0.6695556640625,1.115966796875,-0.1519775390625
12.161,310,402,411,310,-2.0,37.0,47.0,23.071287155151367,34.85107421875,-36.43798828125,-0.729248046875,0.87841796875,-0.111328125
12.175,310,402,426,310,-2.0,37.0,47.0,-13.061522483825684,30.639646530151367,-41.320796966552734,-0.794189453125,0.5247802734375,-0.044189453125
12.175,310,399,437,310,-2.0,37.0,47.0,-32.65380859375,25.817869186401367,-46.325679779052734,-0.856689453125,0.2166748046875,0.01318359375
12.184,309,396,444,309,-2.0,37.0,47.0,-33.14208984375,19.287109375,-47.973628997802734,-0.912841796875,0.075439453125,0.0614013671875
12.203,308,396,451,309,-2.0,37.0,47.0,-22.583005905151367,10.803221702575684,-44.799800872802734,-0.957275390625,0.095947265625,0.1224365234375
12.206,310,391,449,310,-2.0,37.0,47.0,-10.742186546325684,2.25830078125,-38.6962890625,-0.9951171875,0.183349609375,0.1920166015625
12.236,310,387,447,309,-2.0,37.0,47.0,-4.45556640625,-3.295898199081421,-32.1044921875,-1.0108642578125,0.2462158203125,0.243408203125
12.237,295,373,439,310,0.0,37.0,44.0,-4.5166015625,-3.601073980331421,-25.756834030151367,-0.990234375,0.232666015625,0.2623291015625
12.238,296,385,411,309,0.0,37.0,44.0,-5.371093273162842,0.30517578125,-19.04296875,-0.9638671875,0.1712646484375,0.25341796875
12.245,310,381,420,310,0.0,37.0,44.0,-2.197265625,4.33349609375,-11.108397483825684,-0.957275390625,0.1414794921875,0.2315673828125
12.266,311,377,407,310,0.0,37.0,44.0,3.723144292831421,5.493163585662842,-1.9531248807907104,-0.95703125,0.170166015625,0.202392578125
12.267,308,372,402,310,0.0,37.0,44.0,8.1787109375,4.5166015625,6.896972179412842,-0.9478759765625,0.2254638671875,0.169189453125
12.282,310,372,409,309,0.0,37.0,44.0,9.58251953125,3.112792730331421,13.122557640075684,-0.9285888671875,0.28076171875,0.1429443359375
12.289,310,370,408,310,0.0,37.0,44.0,8.7890625,1.6479490995407104,15.808104515075684,-0.9010009765625,0.32275390625,0.125
12.296,310,372,410,310,0.0,37.0,44.0,7.385253429412842,0.0610351525247097,16.11328125,-0.8631591796875,0.33349609375,0.0980224609375
12.305,310,379,410,309,0.0,37.0,44.0,6.225585460662842,-2.01416015625,16.6015625,-0.8138427734375,0.31005859375,0.0555419921875
12.336,310,394,428,308,0.0,37.0,44.0,3.845214605331421,-5.249022960662842,19.22607421875,-0.7091064453125,0.22802734375,0.0018310546875
12.336,310,402,438,308,-1.0,39.0,46.0,-2.197265625,-10.681151390075684,24.719236373901367,-0.7091064453125,0.22802734375,0.0018310546875
12.337,309,423,465,310,-1.0,39.0,46.0,-11.535643577575684,-19.287109375,31.311033248901367,-0.52099609375,0.1715087890625,-0.0089111328125
12.348,310,493,530,310,-1.0,39.0,46.0,-21.789548873901367,-31.921384811401367,33.935546875,0.379150390625,-0.090576171875,-0.2015380859375
12.357,310,543,529,310,-1.0,39.0,46.0,-32.71484375,-49.133296966552734,25.573728561401367,0.379150390625,-0.090576171875,-0.2015380859375
12.373,310,601,554,310,-1.0,39.0,46.0,-33.87451171875,-67.9931640625,6.591796398162842,0.6697998046875,-0.3519287109375,-0.2188720703125
12.379,310,700,840,310,-1.0,39.0,46.0,-4.0283203125,-80.93260955810547,-13.854979515075684,0.431396484375,0.3309326171875,-0.2083740234375
12.394,311,778,982,311,-1.0,39.0,46.0,42.785640716552734,-79.52880859375,-35.21728515625,0.431396484375,0.3309326171875,-0.2083740234375
12.395,310,846,1107,310,-1.0,39.0,46.0,38.4521484375,-59.020992279052734,-62.255855560302734,-0.324951171875,0.9302978515625,-0.05712890625
12.408,310,928,1286,311,-1.0,39.0,46.0,-42.419429779052734,-25.512693405151367,-84.65575408935547,-2.0775146484375,1.096923828125,0.70654296875
12.419,310,960,1355,312,-1.0,39.0,46.0,-129.2724609375,-7.263183116912842,-79.7119140625,-2.0775146484375,1.096923828125,0.70654296875
12.426,311,984,1406,312,1.0,35.0,45.0,-159.60693359375,-25.756834030151367,-48.889156341552734,-2.2252197265625,1.01904296875,0.9683837890625
12.439,310,1014,1424,312,1.0,35.0,45.0,-131.7138671875,-58.776851654052734,-28.564451217651367,-2.222412109375,-0.2330322265625,1.5244140625
12.451,310,996,1344,312,1.0,35.0,45.0,-62.622066497802734,-65.00244140625,-30.944822311401367,-2.517333984375,-0.2955322265625,1.0443115234375
12.455,309,986,1311,311,1.0,35.0,45.0,11.901854515075684,-36.31591796875,-26.977537155151367,-2.517333984375,-0.2955322265625,1.0443115234375
12.483,311,992,1309,312,1.0,35.0,45.0,113.15917205810547,22.705076217651367,8.9111328125,-1.363037109375,0.26513671875,-0.085205078125
12.489,309,986,1292,312,1.0,35.0,45.0,113.15917205810547,22.705076217651367,8.9111328125,-1.6304931640625,0.9990234375,-0.0673828125
12.489,310,954,1274,310,1.0,35.0,45.0,109.25292205810547,26.306150436401367,15.075682640075684,-1.6304931640625,0.9990234375,-0.0673828125
12.512,309,932,1243,310,1.0,35.0,45.0,-15.624999046325684,19.95849609375,17.578125,-1.9864501953125,0.7567138671875,0.33447265625
12.513,310,905,1196,312,1.0,35.0,45.0,-15.624999046325684,19.95849609375,17.578125,-1.7845458984375,0.3656005859375,0.40380859375
12.515,310,845,1133,310,1.0,35.0,45.0,-36.43798828125,17.08984375,11.108397483825684,-1.7845458984375,0.3656005859375,0.40380859375
12.528,310,778,995,311,2.0,36.0,46.0,1.0986328125,16.90673828125,14.282225608825684,-1.458984375,0.410888671875,0.23388671875
12.539,310,723,902,312,2.0,36.0,46.0,1.0986328125,16.90673828125,14.282225608825684,-1.2083740234375,0.473388671875,0.2393798828125
12.544,310,657,794,311,2.0,36.0,46.0,17.39501953125,16.54052734375,24.658201217651367,-1.2083740234375,0.473388671875,0.2393798828125
12.558,310,554,666,310,2.0,36.0,46.0,4.21142578125,15.930174827575684,45.166011810302734,-0.5145263671875,0.1533203125,0.326416015625
12.567,310,496,579,310,2.0,36.0,46.0,4.21142578125,15.930174827575684,45.166011810302734,-0.1439208984375,-0.10009765625,0.300048828125
12.574,309,465,510,309,2.0,36.0,46.0,-3.417968511581421,21.911619186401367,48.950191497802734,-0.1439208984375,-0.10009765625,0.300048828125
12.590,310,428,469,310,2.0,36.0,46.0,17.39501953125,24.536130905151367,28.991697311401367,0.1650390625,-0.4974365234375,0.355224609375
12.597,309,411,435,310,2.0,36.0,46.0,17.39501953125,24.536130905151367,28.991697311401367,-0.0352783203125,-0.2374267578125,0.2423095703125
12.619,310,401,424,310,2.0,36.0,46.0,46.020503997802734,23.742673873901367,13.671874046325684,-0.304931640625,0.2271728515625,0.0267333984375
12.619,310,386,415,309,0.0,34.0,46.0,92.40721893310547,39.0625,-7.995604991912842,-0.5211181640625,0.6739501953125,-0.0966796875
12.632,310,386,417,310,0.0,34.0,46.0,81.54296112060547,38.9404296875,-10.803221702575684,-0.6192626953125,0.9022216796875,-0.0919189453125
12.635,310,385,419,310,0.0,34.0,46.0,81.54296112060547,38.9404296875,-10.803221702575684,-0.6624755859375,0.8546142578125,-0.033447265625
12.648,310,384,424,310,0.0,34.0,46.0,6.958007335662842,27.038572311401367,-13.854979515075684,-0.72021484375,0.6175537109375,0.032470703125
12.657,310,383,432,309,0.0,34.0,46.0,-20.629880905151367,22.766111373901367,-17.15087890625,-0.81396484375,0.3525390625,0.0626220703125
12.667,309,386,430,310,0.0,34.0,46.0,-20.629880905151367,22.766111373901367,-17.15087890625,-0.9083251953125,0.19140625,0.05078125
12.693,310,369,435,309,0.0,34.0,46.0,-20.446775436401367,15.075682640075684,-18.06640625,-0.973388671875,0.166015625,0.043701171875
12.694,310,378,430,310,0.0,34.0,46.0,-9.765625,7.995604991912842,-15.930174827575684,-1.0008544921875,0.21484375,0.0816650390625
12.696,309,372,419,298,0.0,34.0,46.0,-9.765625,7.995604991912842,-15.930174827575684,-1.0010986328125,0.2733154296875,0.145751953125
12.714,310,368,426,310,0.0,34.0,46.0,2.25830078125,-7.446288585662842,-10.925292015075684,-0.9820556640625,0.306884765625,0.20068359375
12.717,308,345,425,308,-2.0,36.0,43.0,4.2724609375,-10.620116233825684,-8.6669921875,-0.9534912109375,0.301025390625,0.2313232421875
12.745,310,364,410,311,-2.0,36.0,43.0,4.2724609375,-10.620116233825684,-8.6669921875,-0.92822265625,0.2799072265625,0.2352294921875
12.746,310,360,420,308,-2.0,36.0,43.0,6.286620616912842,-6.652831554412842,-3.845214605331421,-0.9058837890625,0.2713623046875,0.2181396484375
12.756,296,357,421,310,-2.0,36.0,43.0,5.310058116912842,-3.845214605331421,-1.03759765625,-0.8863525390625,0.270751953125,0.189208984375
12.762,310,357,424,310,-2.0,36.0,43.0,2.38037109375,-2.929687261581421,1.5869139432907104,-0.873046875,0.2745361328125,0.156982421875
12.768,308,363,426,309,-2.0,36.0,43.0,-0.6713866591453552,-3.967284917831421,3.845214605331421,-0.8616943359375,0.289306640625,0.1275634765625
12.781,310,364,428,310,-2.0,36.0,43.0,-2.685546636581421,-6.652831554412842,6.042479991912842,-0.84228515625,0.29248046875,0.098388671875
12.800,296,369,428,310,-2.0,36.0,43.0,-3.906249761581421,-10.498045921325684,8.7890625,-0.817138671875,0.2659912109375,0.0556640625
12.800,310,387,447,310,-2.0,36.0,43.0,-5.310058116912842,-15.624999046325684,13.122557640075684,-0.772705078125,0.228759765625,0.002685546875
12.819,310,407,467,310,-2.0,36.0,43.0,-8.48388671875,-22.827146530151367,19.71435546875,-0.6256103515625,0.18115234375,-0.031005859375
12.819,310,430,508,309,-2.0,36.0,43.0,-12.756346702575684,-32.2265625,25.756834030151367,-0.286865234375,0.130126953125,-0.0418701171875
12.835,311,502,564,310,-1.0,35.0,45.0,-18.98193359375,-45.043941497802734,24.902341842651367,0.19677734375,0.0987548828125,-0.0909423828125
12.849,310,548,601,310,-1.0,35.0,45.0,-30.578611373901367,-58.593746185302734,12.512206077575684,0.529052734375,-0.0225830078125,-0.1845703125
12.849,310,616,693,310,-1.0,35.0,45.0,-35.46142578125,-65.61279296875,-4.5166015625,0.599853515625,-0.1768798828125,-0.213623046875
12.858,310,705,986,311,-1.0,35.0,45.0,-16.6015625,-64.02587890625,-20.080564498901367,0.4256591796875,0.0576171875,-0.126953125
12.867,310,779,1139,312,-1.0,35.0,45.0,-1.3427733182907104,-56.213375091552734,-41.992183685302734,0.0084228515625,0.476806640625,0.1357421875
12.874,310,840,1245,311,-1.0,35.0,45.0,-31.494138717651367,-40.588375091552734,-72.6318359375,-0.5338134765625,0.5177001953125,0.5555419921875
12.891,309,938,1377,311,-1.0,35.0,45.0,-87.70751190185547,-16.6015625,-92.59032440185547,-1.2498779296875,0.4112548828125,0.7825927734375
12.905,311,973,1419,314,-1.0,35.0,45.0,-122.13134002685547,-2.685546636581421,-79.833984375,-1.897705078125,0.6549072265625,0.69189453125
12.907,310,1013,1486,308,-1.0,35.0,45.0,-120.42235565185547,-14.099120140075684,-46.081539154052734,-2.168701171875,0.8985595703125,0.7940673828125
12.920,310,1029,1514,312,0.0,33.0,43.0,-90.94237518310547,-34.0576171875,-25.085447311401367,-2.394287109375,0.6259765625,1.1116943359375
12.927,310,1020,1432,312,0.0,33.0,43.0,-47.851558685302734,-37.353515625,-19.53125,-2.8192138671875,0.121826171875,1.1375732421875
12.947,310,1020,1404,311,0.0,33.0,43.0,1.0986328125,-21.240232467651367,-5.065917491912842,-2.517333984375,-0.3411865234375,0.819091796875
12.948,312,996,1345,312,0.0,33.0,43.0,63.903804779052734,3.845214605331421,12.573241233825684,-1.4345703125,-0.36328125,0.3936767578125
12.956,311,1022,1353,312,0.0,33.0,43.0,114.50194549560547,25.390623092651367,18.06640625,-1.0252685546875,0.4423828125,0.1640625
12.965,310,1014,1313,312,0.0,33.0,43.0,97.83934783935547,35.64453125,17.578125,-1.5255126953125,1.1915283203125,0.165283203125
12.978,310,982,1268,311,0.0,33.0,43.0,31.127927780151367,37.841796875,14.587401390075684,-2.020751953125,1.0875244140625,0.24755859375
12.992,311,959,1211,312,0.0,33.0,43.0,-16.4794921875,32.40966796875,10.253905296325684,-2.0452880859375,0.59228515625,0.355712890625
12.996,310,933,1145,312,0.0,33.0,43.0,-22.033689498901367,23.132322311401367,9.09423828125,-1.8358154296875,0.294189453125,0.40380859375
13.012,310,858,1014,311,0.0,33.0,43.0,-5.126952648162842,18.798828125,12.451170921325684,-1.6629638671875,0.2835693359375,0.3636474609375
13.024,310,803,914,312,1.0,33.0,46.0,13.732909202575684,20.385740280151367,20.324705123901367,-1.487060546875,0.385498046875,0.30712890625
13.026,310,749,846,298,1.0,33.0,46.0,25.939939498901367,23.681638717651367,32.65380859375,-1.2093505859375,0.380859375,0.298583984375
13.053,309,653,728,310,1.0,33.0,46.0,28.625486373901367,26.672361373901367,46.630855560302734,-0.864990234375,0.1890869140625,0.3189697265625
13.054,310,587,664,311,1.0,33.0,46.0,23.132322311401367,30.090330123901367,59.326168060302734,-0.5035400390625,-0.0477294921875,0.2735595703125
13.054,310,525,617,309,1.0,33.0,46.0,15.930174827575684,33.203125,68.115234375,-0.1646728515625,-0.249755859375,0.19091796875
13.069,309,496,553,310,1.0,33.0,46.0,15.502928733825684,33.3251953125,68.66455078125,0.2159423828125,-0.3270263671875,0.2215576171875
13.077,310,485,548,310,1.0,33.0,46.0,25.817869186401367,31.311033248901367,57.861324310302734,0.2159423828125,-0.3270263671875,0.2215576171875
13.085,311,475,538,310,1.0,33.0,46.0,42.846675872802734,30.273435592651367,37.4755859375,0.0482177734375,0.04150390625,0.1563720703125
13.099,308,439,531,309,1.0,33.0,46.0,58.166500091552734,31.188962936401367,12.573241233825684,-0.5166015625,0.880859375,-0.1400146484375
13.107,310,438,541,312,1.0,33.0,46.0,62.438961029052734,32.40966796875,-9.6435546875,-0.5166015625,0.880859375,-0.1400146484375
13.125,310,437,540,310,0.0,36.0,42.0,50.903316497802734,31.127927780151367,-23.498533248901367,-0.608642578125,0.9984130859375,-0.1910400390625
13.128,309,438,543,310,0.0,36.0,42.0,25.878904342651367,25.085447311401367,-29.418943405151367,-0.7672119140625,0.635986328125,-0.026611328125
13.136,309,439,548,310,0.0,36.0,42.0,-3.601073980331421,15.808104515075684,-32.958984375,-0.7672119140625,0.635986328125,-0.026611328125
13.164,310,439,533,310,0.0,36.0,42.0,-25.695798873901367,7.934569835662842,-36.92626953125,-0.8192138671875,0.3267822265625,0.0556640625
13.167,310,444,537,310,0.0,36.0,42.0,-32.8369140625,1.9531248807907104,-39.306640625,-0.8765869140625,0.02978515625,0.1527099609375
13.174,308,450,539,310,0.0,36.0,42.0,-25.756834030151367,-4.150390625,-38.39111328125,-0.8765869140625,0.02978515625,0.1527099609375
13.182,310,452,540,296,0.0,36.0,42.0,-10.498045921325684,-9.70458984375,-35.2783203125,-0.9161376953125,0.07275390625,0.1993408203125
13.185,308,453,521,298,0.0,36.0,42.0,4.0283203125,-13.000487327575684,-31.738279342651367,-0.9609375,0.19189453125,0.22412109375
13.198,310,452,537,309,0.0,36.0,42.0,9.3994140625,-13.061522483825684,-28.930662155151367,-1.016357421875,0.279296875,0.2335205078125
13.207,310,449,531,310,0.0,36.0,42.0,5.737304210662842,-9.82666015625,-26.062009811401367,-1.016357421875,0.279296875,0.2335205078125
13.216,310,441,532,309,-1.0,33.0,40.0,-0.4272460639476776,-5.493163585662842,-21.118162155151367,-1.014892578125,0.230224609375,0.2027587890625
13.233,310,439,506,294,-1.0,33.0,40.0,-3.906249761581421,-4.21142578125,-12.756346702575684,-0.9241943359375,0.146240234375,0.2078857421875
13.255,300,437,523,310,-1.0,33.0,40.0,-5.310058116912842,-7.141112804412842,-2.685546636581421,-0.9241943359375,0.146240234375,0.2078857421875
13.256,296,423,527,308,-1.0,33.0,40.0,-6.530761241912842,-10.986327171325684,6.835937023162842,-0.8951416015625,0.1458740234375,0.20654296875
13.257,310,439,531,310,-1.0,33.0,40.0,-7.690429210662842,-13.000487327575684,15.014647483825684,-0.9012451171875,0.197998046875,0.1373291015625
13.268,310,444,535,310,-1.0,33.0,40.0,-9.8876953125,-13.000487327575684,22.277830123901367,-0.9012451171875,0.197998046875,0.1373291015625
13.274,310,451,548,286,-1.0,33.0,40.0,-14.953612327575684,-12.695311546325684,29.663084030151367,-0.8756103515625,0.20263671875,0.1014404296875
13.305,310,469,607,310,-1.0,33.0,40.0,-31.860349655151367,-15.747069358825684,45.288082122802734,-0.6024169921875,0.19189453125,0.066650390625
13.306,296,495,645,310,-1.0,33.0,40.0,-31.860349655151367,-15.747069358825684,45.288082122802734,-0.26513671875,0.1043701171875,-0.01171875
13.306,310,523,664,307,-1.0,33.0,40.0,-39.6728515625,-19.4091796875,48.950191497802734,-0.26513671875,0.1043701171875,-0.01171875
13.318,310,604,718,311,0.0,31.0,44.0,-24.414060592651367,-44.921871185302734,35.70556640625,0.64013671875,-0.346435546875,-0.0843505859375
13.370,310,660,822,310,0.0,31.0,44.0,-24.414060592651367,-44.921871185302734,35.70556640625,0.794921875,-0.320556640625,0.049560546875
13.370,298,718,976,312,0.0,31.0,44.0,20.01953125,-66.162109375,13.244627952575684,0.794921875,-0.320556640625,0.049560546875
13.370,309,829,1123,311,0.0,31.0,44.0,81.78710174560547,-71.59423828125,-59.265132904052734,0.1593017578125,0.7572021484375,0.2921142578125
13.370,312,902,1184,298,0.0,31.0,44.0,81.78710174560547,-71.59423828125,-59.265132904052734,-0.8211669921875,1.0531005859375,0.26904296875
13.370,310,958,1306,310,0.0,31.0,44.0,14.587401390075684,-39.306640625,-87.70751190185547,-1.858154296875,1.4415283203125,0.223388671875
13.382,311,1029,1455,313,0.0,31.0,44.0,-118.95751190185547,-15.502928733825684,-55.664058685302734,-2.208984375,1.382568359375,0.5615234375
13.387,310,1051,1502,312,0.0,31.0,44.0,-116.69921112060547,-37.109375,-52.124019622802734,-2.294677734375,0.6572265625,1.18359375
13.409,310,1071,1508,312,0.0,31.0,44.0,-116.69921112060547,-37.109375,-52.124019622802734,-2.6724853515625,-0.09814453125,1.4576416015625
13.409,310,1054,1422,312,0.0,31.0,44.0,-15.686034202575684,-29.907224655151367,-62.499996185302734,-2.75146484375,-0.515380859375,1.1497802734375
13.417,310,1056,1398,312,2.0,30.0,45.0,59.631343841552734,-3.356933355331421,-40.893550872802734,-1.88232421875,-0.50146484375,0.479736328125
13.461,311,1065,1404,312,2.0,30.0,45.0,59.631343841552734,-3.356933355331421,-40.893550872802734,-1.1361083984375,0.125244140625,-0.0439453125
13.461,310,1039,1357,312,2.0,30.0,45.0,108.09325408935547,37.41455078125,-10.253905296325684,-1.37255859375,0.9288330078125,-0.11376953125
13.462,311,1051,1379,312,2.0,30.0,45.0,28.015134811401367,38.330078125,-2.0751953125,-1.8555908203125,1.0382080078125,0.09716796875
13.462,310,1035,1357,312,2.0,30.0,45.0,28.015134811401367,38.330078125,-2.0751953125,-1.9598388671875,0.6123046875,0.364501953125
13.464,311,1014,1334,312,2.0,30.0,45.0,-41.259761810302734,30.029294967651367,-0.4272460639476776,-1.7886962890625,0.2691650390625,0.5406494140625
13.477,311,959,1241,312,2.0,30.0,45.0,-48.461910247802734,13.671874046325684,2.0751953125,-1.630859375,0.24169921875,0.5538330078125
13.486,311,920,1183,311,2.0,30.0,45.0,-26.245115280151367,16.90673828125,7.202147960662842,-1.521728515625,0.340087890625,0.479248046875
13.493,310,861,1105,311,2.0,30.0,45.0,-26.245115280151367,16.90673828125,7.202147960662842,-1.35791015625,0.4447021484375,0.376708984375
13.509,310,770,988,311,2.0,30.0,45.0,0.9765624403953552,30.822751998901367,23.071287155151367,-1.1033935546875,0.484375,0.2955322265625
13.519,310,703,914,311,1.0,34.0,44.0,-2.990722417831421,38.26904296875,32.53173828125,-0.80859375,0.34130859375,0.278564453125
13.524,311,644,840,310,1.0,34.0,44.0,-2.990722417831421,38.26904296875,32.53173828125,-0.5360107421875,0.094482421875,0.2564697265625
13.564,296,530,683,309,1.0,34.0,44.0,-28.625486373901367,47.363277435302734,41.625972747802734,-0.3128662109375,-0.1689453125,0.2237548828125
13.565,310,496,620,289,1.0,34.0,44.0,-22.216794967651367,49.011226654052734,37.841796875,-0.1304931640625,-0.369873046875,0.229736328125
13.565,298,465,603,309,1.0,34.0,44.0,-22.216794967651367,49.011226654052734,37.841796875,-0.0531005859375,-0.3778076171875,0.2391357421875
13.568,310,418,513,311,1.0,34.0,44.0,41.625972747802734,45.837398529052734,8.97216796875,-0.1650390625,-0.15478515625,0.142578125
13.577,308,391,490,310,1.0,34.0,44.0,69.3359375,45.837398529052734,-12.939452171325684,-0.35986328125,0.1689453125,-0.0306396484375
13.584,308,382,482,310,1.0,34.0,44.0,69.3359375,45.837398529052734,-12.939452171325684,-0.4544677734375,0.455322265625,-0.119873046875
13.598,309,377,488,310,1.0,34.0,44.0,67.9931640625,34.5458984375,-34.60693359375,-0.494140625,0.635986328125,-0.10546875
13.607,310,373,488,308,1.0,34.0,44.0,49.743648529052734,23.681638717651367,-31.433103561401367,-0.571044921875,0.657470703125,-0.0416259765625
13.614,310,379,493,310,0.0,35.0,40.0,25.512693405151367,16.29638671875,-25.817869186401367,-0.6556396484375,0.5426025390625,0.0296630859375
13.640,310,382,495,310,0.0,35.0,40.0,0.54931640625,13.916014671325684,-19.47021484375,-0.746826171875,0.3458251953125,0.07470703125
13.641,310,382,497,308,0.0,35.0,40.0,-15.441893577575684,14.343260765075684,-12.390135765075684,-0.843505859375,0.1614990234375,0.107666015625
13.672,309,382,490,310,0.0,35.0,40.0,-19.1650390625,13.916014671325684,-4.08935546875,-0.92041015625,0.0660400390625,0.1517333984375
13.672,295,384,485,310,0.0,35.0,40.0,-14.648436546325684,10.498045921325684,4.2724609375,-0.9630126953125,0.0570068359375,0.1942138671875
13.672,310,386,475,310,0.0,35.0,40.0,-6.591796398162842,5.249022960662842,10.070799827575684,-0.9796142578125,0.0869140625,0.2159423828125
13.674,310,388,481,310,0.0,35.0,40.0,0.7934569716453552,0.3662109076976776,13.000487327575684,-0.9864501953125,0.1229248046875,0.2188720703125
13.688,310,391,475,310,0.0,35.0,40.0,5.187987804412842,-2.685546636581421,15.441893577575684,-0.98681640625,0.1639404296875,0.206787109375
13.696,310,393,469,310,0.0,35.0,40.0,5.187987804412842,-3.601073980331421,19.8974609375,-0.968017578125,0.19580078125,0.1861572265625
13.709,310,387,465,310,0.0,35.0,40.0,1.7089842557907104,-3.784179449081421,26.062009811401367,-0.937255859375,0.2076416015625,0.1610107421875
13.718,310,391,465,310,0.0,35.0,43.0,-2.01416015625,-4.21142578125,32.53173828125,-0.9217529296875,0.2225341796875,0.1322021484375
13.727,310,391,465,310,0.0,35.0,43.0,-5.126952648162842,-5.493163585662842,38.87939453125,-0.92333984375,0.2442626953125,0.1126708984375
13.770,309,391,467,310,0.0,35.0,43.0,-9.33837890625,-7.568358898162842,45.471187591552734,-0.92431640625,0.256103515625,0.1043701171875
13.771,310,400,479,310,0.0,35.0,43.0,-14.648436546325684,-9.27734375,52.673336029052734,-0.90966796875,0.24951171875,0.0977783203125
13.772,308,408,502,308,0.0,35.0,43.0,-19.83642578125,-10.070799827575684,60.607906341552734,-0.85009765625,0.215576171875,0.077392578125
13.773,309,430,519,309,0.0,35.0,43.0,-24.597166061401367,-11.413573265075684,68.78662109375,-0.6724853515625,0.1529541015625,0.048583984375
13.780,310,488,557,311,0.0,35.0,43.0,-28.381345748901367,-16.845703125,73.974609375,-0.3465576171875,0.05517578125,0.0216064453125
13.786,310,533,572,310,0.0,35.0,43.0,-27.038572311401367,-28.991697311401367,71.2890625,0.0743408203125,-0.0614013671875,-0.03369140625
13.795,310,585,619,310,0.0,35.0,43.0,-15.380858421325684,-46.203609466552734,57.495113372802734,0.520263671875,-0.14306640625,-0.068115234375
13.813,310,674,875,311,0.0,33.0,46.0,11.596678733825684,-62.988277435302734,30.822751998901367,0.8204345703125,-0.0712890625,-0.0880126953125
13.818,311,746,1035,311,0.0,33.0,46.0,47.790523529052734,-71.35009765625,-10.925292015075684,0.7550048828125,0.40771484375,-0.1932373046875
13.828,309,822,1157,312,0.0,33.0,46.0,57.556148529052734,-63.842769622802734,-64.27001953125,0.2611083984375,0.960693359375,-0.2987060546875
13.847,312,933,1381,311,0.0,33.0,46.0,5.065917491912842,-41.076656341552734,-109.00878143310547,-1.850341796875,1.1517333984375,0.2623291015625
13.872,310,978,1478,310,0.0,33.0,46.0,-80.32225799560547,-25.939939498901367,-113.28124237060547,-1.850341796875,1.1517333984375,0.2623291015625
13.879,310,1000,1537,312,0.0,33.0,46.0,-140.80810546875,-39.61181640625,-79.65087890625,-2.4127197265625,1.293701171875,0.7296142578125
13.883,310,1022,1596,312,0.0,33.0,46.0,-159.5458984375,-69.03076171875,-51.086421966552734,-2.331787109375,-0.6146240234375,1.71875
13.890,309,989,1533,311,0.0,33.0,46.0,-123.41307830810547,-81.17675018310547,-48.217769622802734,-2.331787109375,-0.6146240234375,1.71875
13.894,310,1003,1478,311,0.0,33.0,46.0,-27.221677780151367,-63.720699310302734,-42.785640716552734,-2.5035400390625,-1.002685546875,1.30517578125
13.899,295,996,1450,311,0.0,33.0,46.0,85.63231658935547,-34.66796875,-6.958007335662842,-1.9373779296875,-0.575439453125,0.61279296875
13.918,309,1000,1434,312,4.0,33.0,38.0,162.65867614746094,-5.065917491912842,34.11865234375,-1.037353515625,0.9327392578125,-0.048828125
13.924,312,992,1419,311,4.0,33.0,38.0,158.69140625,21.545408248901367,51.330562591552734,-1.037353515625,0.9327392578125,-0.048828125
13.929,310,953,1407,311,4.0,33.0,38.0,74.5849609375,36.80419921875,48.645015716552734,-1.6356201171875,1.2208251953125,0.0548095703125
13.946,310,925,1380,313,4.0,33.0,38.0,-16.7236328125,38.57421875,41.931148529052734,-2.193603515625,0.490966796875,0.489013671875
13.948,310,884,1326,296,4.0,33.0,38.0,-58.044429779052734,29.785154342651367,44.982906341552734,-2.193603515625,0.490966796875,0.489013671875
13.977,310,827,1267,312,4.0,33.0,38.0,-53.466793060302734,20.01953125,58.044429779052734,-2.0594482421875,0.30126953125,0.57373046875
13.978,296,723,1101,312,4.0,33.0,38.0,-28.259275436401367,18.310546875,74.64599609375,-1.6651611328125,0.535888671875,0.470947265625
13.979,309,664,966,311,4.0,33.0,38.0,-0.30517578125,22.888181686401367,91.00341033935547,-1.2593994140625,0.5828857421875,0.4468994140625
13.985,310,606,816,310,4.0,33.0,38.0,19.95849609375,26.611326217651367,105.10253143310547,-1.2593994140625,0.5828857421875,0.4468994140625
13.999,310,502,607,310,4.0,33.0,38.0,36.2548828125,29.968259811401367,98.93798065185547,-0.0035400390625,-0.029296875,0.3194580078125
14.007,310,469,518,312,-3.0,34.0,43.0,36.2548828125,29.968259811401367,98.93798065185547,0.5826416015625,-0.526611328125,0.26904296875
14.016,308,451,519,310,-3.0,34.0,43.0,48.950191497802734,32.40966796875,70.3125,0.5826416015625,-0.526611328125,0.26904296875
14.029,310,419,500,310,-3.0,34.0,43.0,94.60448455810547,35.70556640625,-14.953612327575684,0.549072265625,-0.128173828125,0.0433349609375
14.036,310,401,519,310,-3.0,34.0,43.0,94.60448455810547,35.70556640625,-14.953612327575684,0.0147705078125,0.598876953125,-0.0535888671875
14.046,309,398,531,310,-3.0,34.0,43.0,102.11180877685547,38.63525390625,-41.748043060302734,0.0147705078125,0.598876953125,-0.0535888671875
14.087,309,396,525,310,-3.0,34.0,43.0,56.335445404052734,48.034664154052734,-48.156734466552734,-0.7034912109375,1.326904296875,-0.2069091796875
14.087,297,382,523,310,-3.0,34.0,43.0,56.335445404052734,48.034664154052734,-48.156734466552734,-0.8382568359375,1.238037109375,-0.28466796875
14.088,310,396,519,309,-3.0,34.0,43.0,15.686034202575684,52.612300872802734,-49.682613372802734,-0.8382568359375,1.238037109375,-0.28466796875
14.088,310,382,494,308,-3.0,34.0,43.0,-75.37841796875,42.480464935302734,-59.082027435302734,-0.8726806640625,0.3624267578125,-0.1856689453125
14.097,310,399,507,310,-3.0,34.0,43.0,-75.37841796875,42.480464935302734,-59.082027435302734,-0.8428955078125,-0.0389404296875,-0.05712890625
14.104,310,399,518,310,-3.0,34.0,43.0,-95.76415252685547,28.991697311401367,-55.603023529052734,-0.8428955078125,-0.0389404296875,-0.05712890625
14.121,309,401,513,310,0.0,35.0,44.0,-47.424312591552734,2.3193359375,-38.4521484375,-0.9520263671875,-0.15185546875,0.2518310546875
14.126,309,402,503,310,0.0,35.0,44.0,-16.2353515625,-6.164550304412842,-31.311033248901367,-1.0213623046875,0.009033203125,0.3509521484375
14.135,309,399,499,309,0.0,35.0,44.0,-16.2353515625,-6.164550304412842,-31.311033248901367,-1.0599365234375,0.16552734375,0.3580322265625
14.148,310,396,499,309,0.0,35.0,44.0,0.3662109076976776,-5.615233898162842,-15.869139671325684,-1.0606689453125,0.2418212890625,0.307861328125
14.156,310,394,493,311,0.0,35.0,44.0,0.0610351525247097,-0.9765624403953552,-5.737304210662842,-1.025390625,0.243408203125,0.2470703125
14.165,310,391,481,310,0.0,35.0,44.0,0.0610351525247097,-0.9765624403953552,-5.737304210662842,-0.985595703125,0.251708984375,0.2154541015625
14.183,309,386,465,310,0.0,35.0,44.0,1.7089842557907104,-0.3662109076976776,13.488768577575684,-0.946044921875,0.2796630859375,0.20849609375
14.188,311,386,465,310,0.0,35.0,44.0,1.2817381620407104,-3.784179449081421,20.01953125,-0.9068603515625,0.282958984375,0.1806640625
14.195,310,386,465,310,0.0,35.0,44.0,1.2817381620407104,-3.784179449081421,20.01953125,-0.8658447265625,0.2734375,0.1336669921875
14.211,308,389,477,310,-2.0,37.0,46.0,3.295898199081421,-6.713866710662842,24.658201217651367,-0.8109130859375,0.2745361328125,0.0875244140625
14.222,310,395,480,310,-2.0,37.0,46.0,2.807616949081421,-8.6669921875,26.855466842651367,-0.7484130859375,0.285888671875,0.0345458984375
14.227,310,402,484,310,-2.0,37.0,46.0,2.807616949081421,-8.6669921875,26.855466842651367,-0.667236328125,0.2928466796875,-0.027587890625
14.276,309,487,539,310,-2.0,37.0,46.0,-15.991209983825684,-34.5458984375,42.968746185302734,-0.167236328125,0.0843505859375,-0.113525390625
14.277,309,530,538,310,-2.0,37.0,46.0,-15.991209983825684,-34.5458984375,42.968746185302734,0.281982421875,-0.075927734375,-0.05517578125
14.278,310,621,622,310,-2.0,37.0,46.0,-10.253905296325684,-71.35009765625,23.742673873901367,0.7216796875,-0.191650390625,0.0975341796875
14.278,310,674,770,312,-2.0,37.0,46.0,19.53125,-82.64159393310547,-10.864256858825684,0.8948974609375,-0.13427734375,0.1849365234375
14.294,310,740,932,312,-2.0,37.0,46.0,60.852046966552734,-77.880859375,-57.434078216552734,0.62744140625,0.2633056640625,0.09619140625
14.313,310,864,1137,314,-2.0,37.0,46.0,59.936519622802734,-51.940914154052734,-96.74071502685547,-0.063232421875,0.6629638671875,-0.040771484375
14.336,310,938,1243,311,0.0,35.0,47.0,-10.253905296325684,-17.76123046875,-106.32323455810547,-1.097900390625,0.9129638671875,-0.0255126953125
14.355,310,984,1335,311,0.0,35.0,47.0,-91.12548065185547,-4.39453125,-78.06396484375,-2.1014404296875,1.397705078125,0.1558837890625
14.385,310,1029,1434,312,0.0,35.0,47.0,-91.12548065185547,-4.39453125,-78.06396484375,-2.4376220703125,1.474609375,0.7025146484375
14.397,298,1055,1518,310,0.0,35.0,47.0,-148.13232421875,-53.894039154052734,-19.34814453125,-2.3792724609375,0.38916015625,1.40185546875
14.402,312,1048,1464,312,0.0,35.0,47.0,-114.99022674560547,-56.030269622802734,-28.625486373901367,-2.58642578125,-0.7159423828125,1.5111083984375
14.406,310,1038,1422,311,0.0,35.0,47.0,-28.137205123901367,-29.235837936401367,-20.996091842651367,-2.5498046875,-0.789794921875,1.039306640625
14.409,308,1009,1392,311,0.0,35.0,47.0,75.01220703125,-1.5258787870407104,15.624999046325684,-1.651123046875,-0.28271484375,0.450927734375
14.413,310,1038,1393,312,0.0,35.0,47.0,136.65771484375,18.5546875,42.175289154052734,-0.964111328125,0.5780029296875,0.0804443359375
14.429,310,1037,1390,312,0.0,35.0,47.0,113.09813690185547,33.203125,43.029781341552734,-1.3026123046875,1.4080810546875,-0.00146484375
14.434,310,1020,1338,298,0.0,35.0,47.0,29.479978561401367,41.381832122802734,31.372068405151367,-1.8475341796875,1.40771484375,0.08251953125
14.435,309,968,1351,314,-2.0,37.0,43.0,-36.0107421875,39.55078125,17.15087890625,-1.974365234375,0.8271484375,0.2548828125
14.439,297,966,1308,310,-2.0,37.0,43.0,-49.499507904052734,27.709959030151367,9.521484375,-1.803955078125,0.42578125,0.40087890625
14.439,310,891,1209,312,-2.0,37.0,43.0,-32.470703125,17.7001953125,9.82666015625,-1.658203125,0.3828125,0.420654296875
14.439,299,835,1109,299,-2.0,37.0,43.0,-11.230467796325684,16.4794921875,14.587401390075684,-1.575927734375,0.4893798828125,0.3397216796875
14.445,310,771,1029,310,-2.0,37.0,43.0,4.5166015625,19.47021484375,22.460935592651367,-1.4122314453125,0.5889892578125,0.2626953125
14.456,310,705,922,312,-2.0,37.0,43.0,11.108397483825684,20.01953125,32.71484375,-1.1181640625,0.55419921875,0.2772216796875
14.487,310,599,763,310,-2.0,37.0,43.0,6.530761241912842,18.1884765625,41.625972747802734,-0.74267578125,0.3597412109375,0.313720703125
14.488,298,535,689,310,-2.0,37.0,43.0,-2.563476324081421,19.8974609375,45.166011810302734,-0.367919921875,0.101318359375,0.2821044921875
14.488,310,475,618,310,-2.0,37.0,43.0,-5.859374523162842,25.085447311401367,40.954586029052734,-0.044189453125,-0.2144775390625,0.27197265625
14.503,310,438,566,309,-2.0,37.0,43.0,2.868652105331421,28.991697311401367,28.320310592651367,0.13623046875,-0.4942626953125,0.3292236328125
14.506,310,419,537,310,-2.0,37.0,48.0,25.390623092651367,31.921384811401367,10.925292015075684,0.0733642578125,-0.4776611328125,0.3116455078125
14.513,310,399,484,309,-2.0,37.0,48.0,55.541988372802734,38.14697265625,-4.94384765625,-0.166015625,-0.1368408203125,0.1380615234375
14.535,309,384,456,311,-2.0,37.0,48.0,82.03124237060547,46.936031341552734,-15.502928733825684,-0.4144287109375,0.3311767578125,-0.0330810546875
14.537,308,385,452,309,-2.0,37.0,48.0,89.78270721435547,48.950191497802734,-18.37158203125,-0.532470703125,0.702392578125,-0.0770263671875
14.544,309,385,451,310,-2.0,37.0,48.0,71.35009765625,43.212886810302734,-16.357421875,-0.5548095703125,0.8428955078125,-0.051513671875
14.565,311,386,449,310,-2.0,37.0,48.0,34.85107421875,37.90283203125,-15.441893577575684,-0.597412109375,0.773193359375,-0.0028076171875
14.575,310,387,447,309,-2.0,37.0,48.0,-3.601073980331421,35.5224609375,-16.7236328125,-0.689453125,0.5677490234375,0.0439453125
14.614,308,391,451,310,-2.0,37.0,48.0,-28.015134811401367,34.48486328125,-17.822265625,-0.8050537109375,0.3416748046875,0.046630859375
14.615,309,387,447,310,-2.0,37.0,48.0,-32.3486328125,31.921384811401367,-16.9677734375,-0.90380859375,0.21826171875,0.024658203125
14.615,310,386,438,310,-2.0,37.0,48.0,-24.169919967651367,24.780271530151367,-14.038084983825684,-0.959228515625,0.221923828125,0.0394287109375
14.615,310,386,439,310,0.0,36.0,48.0,-13.854979515075684,13.916014671325684,-10.864256858825684,-0.9849853515625,0.2841796875,0.0989990234375
14.618,310,381,439,309,0.0,36.0,48.0,-5.371093273162842,3.906249761581421,-9.27734375,-0.9959716796875,0.3486328125,0.16455078125
14.632,308,380,437,308,0.0,36.0,48.0,-0.2441406100988388,-1.4648436307907104,-9.3994140625,-0.9852294921875,0.377197265625,0.20556640625
14.633,310,379,430,310,0.0,36.0,48.0,1.220703125,-1.7700194120407104,-9.94873046875,-0.96240234375,0.356689453125,0.216552734375
14.647,310,380,424,309,0.0,36.0,48.0,1.8310545682907104,0.4882812201976776,-9.521484375,-0.9390869140625,0.3162841796875,0.2069091796875
14.662,308,379,424,310,0.0,36.0,48.0,4.150390625,2.624511480331421,-7.385253429412842,-0.9156494140625,0.2886962890625,0.1856689453125
14.664,298,373,411,311,0.0,36.0,48.0,6.713866710662842,3.723144292831421,-4.0283203125,-0.89208984375,0.2799072265625,0.158203125
14.684,308,373,424,312,0.0,36.0,48.0,7.629394054412842,3.906249761581421,-0.7324218153953552,-0.8662109375,0.305908203125,0.10693359375
14.686,308,377,426,311,0.0,36.0,48.0,6.958007335662842,2.929687261581421,1.5258787870407104,-0.8662109375,0.305908203125,0.10693359375
14.696,310,378,426,310,0.0,36.0,48.0,5.065917491912842,0.4272460639476776,2.990722417831421,-0.8642578125,0.3197021484375,0.090087890625
14.715,309,378,424,310,0.0,37.0,47.0,2.624511480331421,-3.234863042831421,4.69970703125,-0.8682861328125,0.3262939453125,0.0560302734375
14.718,309,379,437,309,0.0,37.0,47.0,-0.54931640625,-7.385253429412842,7.202147960662842,-0.8682861328125,0.3262939453125,0.0560302734375
14.724,310,379,440,310,0.0,37.0,47.0,-5.249022960662842,-10.986327171325684,10.742186546325684,-0.8599853515625,0.3074951171875,0.0692138671875
14.737,309,393,454,309,0.0,37.0,47.0,-11.962889671325684,-12.939452171325684,15.563963890075684,-0.7249755859375,0.1962890625,0.0819091796875
14.745,310,411,469,310,0.0,37.0,47.0,-20.202634811401367,-13.366698265075684,21.545408248901367,-0.7249755859375,0.1962890625,0.0819091796875
14.769,310,449,497,310,0.0,37.0,47.0,-27.404783248901367,-15.563963890075684,27.648923873901367,-0.5338134765625,0.1312255859375,0.0220947265625
14.793,310,535,537,310,0.0,37.0,47.0,-29.907224655151367,-25.085447311401367,29.968259811401367,0.333251953125,-0.1295166015625,-0.063232421875
14.801,310,587,573,310,0.0,37.0,47.0,-23.315427780151367,-44.677730560302734,21.362302780151367,0.333251953125,-0.1295166015625,-0.063232421875
14.804,308,646,669,310,0.0,37.0,47.0,-4.39453125,-70.068359375,-3.662109136581421,0.7193603515625,-0.3056640625,0.08203125
14.823,308,745,899,308,0.0,37.0,47.0,34.7900390625,-89.47753143310547,-44.921871185302734,0.61865234375,0.4310302734375,-0.119873046875
14.836,310,805,1029,310,0.0,34.0,50.0,79.7119140625,-87.34130096435547,-91.49169158935547,-0.048828125,0.7060546875,-0.318115234375
14.842,310,891,1162,312,0.0,34.0,50.0,71.10595703125,-58.898921966552734,-121.82616424560547,-0.048828125,0.7060546875,-0.318115234375
14.847,310,986,1352,310,0.0,34.0,50.0,-89.47753143310547,-23.376462936401367,-69.15283203125,-2.492431640625,1.6575927734375,0.15771484375
14.850,310,1003,1432,298,0.0,34.0,50.0,-89.47753143310547,-23.376462936401367,-69.15283203125,-2.6834716796875,1.68359375,1.0145263671875
14.855,311,1056,1501,310,0.0,34.0,50.0,-145.5078125,-48.889156341552734,-26.916501998901367,-2.6834716796875,1.68359375,1.0145263671875
14.872,310,1070,1484,312,0.0,34.0,50.0,-166.80906677246094,-72.93701171875,-26.489255905151367,-2.369873046875,0.1104736328125,1.7886962890625
14.895,309,1039,1365,310,0.0,34.0,50.0,-8.6669921875,-19.6533203125,-34.0576171875,-2.2822265625,-1.194091796875,1.0064697265625
14.896,311,1038,1344,298,0.0,34.0,50.0,-8.6669921875,-19.6533203125,-34.0576171875,-1.480224609375,-0.242431640625,0.2347412109375
14.897,310,1038,1345,310,0.0,34.0,50.0,115.35643768310547,10.070799827575684,9.765625,-1.480224609375,-0.242431640625,0.2347412109375
14.898,308,1027,1323,310,0.0,34.0,50.0,119.93407440185547,36.9873046875,41.442867279052734,-1.582763671875,1.5926513671875,-0.1910400390625
14.906,310,1020,1309,311,0.0,34.0,44.0,119.93407440185547,36.9873046875,41.442867279052734,-1.89892578125,1.2174072265625,0.0791015625
14.913,310,994,1294,312,0.0,34.0,44.0,8.4228515625,39.1845703125,28.198240280151367,-1.89892578125,1.2174072265625,0.0791015625
14.929,310,944,1239,311,0.0,34.0,44.0,-58.837886810302734,22.521970748901367,4.08935546875,-1.748291015625,0.30419921875,0.4534912109375
14.938,310,905,1173,310,0.0,34.0,44.0,-58.837886810302734,22.521970748901367,4.08935546875,-1.7060546875,0.36376953125,0.3900146484375
14.944,310,861,1104,310,0.0,34.0,44.0,-33.3251953125,17.76123046875,4.2724609375,-1.7060546875,0.36376953125,0.3900146484375
14.957,310,758,936,312,0.0,34.0,44.0,9.8876953125,22.338865280151367,14.404295921325684,-1.384521484375,0.504150390625,0.24365234375
14.971,311,698,835,310,0.0,34.0,44.0,14.099120140075684,21.606443405151367,23.254392623901367,-1.0296630859375,0.4373779296875,0.301025390625
14.974,310,640,763,310,0.0,34.0,44.0,14.099120140075684,21.606443405151367,23.254392623901367,-0.64453125,0.2642822265625,0.318603515625
14.990,310,512,603,310,0.0,34.0,44.0,-7.751464366912842,27.038572311401367,35.0341796875,-0.2938232421875,0.0255126953125,0.2698974609375
14.996,310,478,538,310,0.0,34.0,44.0,-12.390135765075684,33.14208984375,32.3486328125,0.017333984375,-0.3170166015625,0.27294921875
15.003,311,439,499,310,0.0,34.0,40.0,-12.390135765075684,33.14208984375,32.3486328125,0.16357421875,-0.577392578125,0.31103515625
15.018,308,396,452,310,0.0,34.0,40.0,25.695798873901367,37.17041015625,5.249022960662842,0.0550537109375,-0.4764404296875,0.221923828125
15.026,309,380,434,311,0.0,34.0,40.0,61.096187591552734,40.954586029052734,-8.1787109375,-0.2183837890625,-0.06689453125,0.0186767578125
15.041,310,380,423,309,0.0,34.0,40.0,61.096187591552734,40.954586029052734,-8.1787109375,-0.4613037109375,0.4224853515625,-0.09228515625
15.048,309,377,409,312,0.0,34.0,40.0,82.70262908935547,34.11865234375,-8.85009765625,-0.5506591796875,0.749755859375,-0.0665283203125
15.059,314,379,407,308,0.0,34.0,40.0,56.274410247802734,22.888181686401367,-3.234863042831421,-0.5836181640625,0.793212890625,-0.01416015625
15.071,310,379,411,310,0.0,34.0,40.0,56.274410247802734,22.888181686401367,-3.234863042831421,-0.6546630859375,0.639892578125,0.025146484375
15.078,310,380,419,308,0.0,34.0,40.0,-1.5869139432907104,14.038084983825684,-1.2817381620407104,-0.771484375,0.4368896484375,0.04541015625
15.099,310,378,426,310,0.0,34.0,40.0,-8.9111328125,12.573241233825684,-2.38037109375,-0.896484375,0.306396484375,0.03759765625
15.100,308,377,423,310,0.0,34.0,40.0,-8.9111328125,12.573241233825684,-2.38037109375,-0.982177734375,0.2996826171875,0.035400390625
15.107,310,372,424,310,0.0,35.0,46.0,-5.859374523162842,6.042479991912842,-7.080077648162842,-1.008544921875,0.35302734375,0.0704345703125
15.116,310,370,424,308,0.0,35.0,46.0,-9.8876953125,0.4882812201976776,-10.437010765075684,-0.9912109375,0.3905029296875,0.1134033203125
15.124,309,367,419,309,0.0,35.0,46.0,-13.061522483825684,-4.33349609375,-14.404295921325684,-0.9517822265625,0.3885498046875,0.13720703125
15.142,308,364,420,309,0.0,35.0,46.0,-13.488768577575684,-7.934569835662842,-17.7001953125,-0.908447265625,0.3458251953125,0.156005859375
15.149,310,367,426,310,0.0,35.0,46.0,-12.084959983825684,-9.94873046875,-19.10400390625,-0.876953125,0.2801513671875,0.175537109375
15.153,310,368,435,309,0.0,35.0,46.0,-9.6435546875,-10.375975608825684,-17.822265625,-0.8631591796875,0.224853515625,0.17431640625
15.173,310,369,433,310,0.0,35.0,46.0,-7.812499523162842,-10.009765625,-13.732909202575684,-0.8546142578125,0.1876220703125,0.1533203125
15.176,310,356,435,310,0.0,35.0,46.0,-8.9111328125,-10.314940452575684,-7.629394054412842,-0.84716796875,0.1595458984375,0.1298828125
15.210,308,377,442,310,0.0,35.0,46.0,-12.390135765075684,-11.596678733825684,-0.7324218153953552,-0.8397216796875,0.143310546875,0.114013671875
15.210,310,380,435,310,0.0,35.0,45.0,-15.686034202575684,-13.244627952575684,6.591796398162842,-0.8275146484375,0.13525390625,0.1077880859375
15.214,308,384,451,310,0.0,35.0,45.0,-18.1884765625,-14.526366233825684,14.892577171325684,-0.81787109375,0.13720703125,0.1055908203125
15.216,309,393,469,310,0.0,35.0,45.0,-21.423337936401367,-15.319823265075684,24.780271530151367,-0.8184814453125,0.166015625,0.0980224609375
15.229,310,417,500,309,0.0,35.0,45.0,-26.855466842651367,-16.29638671875,35.7666015625,-0.8011474609375,0.2042236328125,0.0830078125
15.237,310,439,548,311,0.0,35.0,45.0,-33.8134765625,-19.95849609375,45.288082122802734,-0.655029296875,0.186767578125,0.0484619140625
15.253,310,482,555,310,0.0,35.0,45.0,-38.0859375,-29.907224655151367,49.011226654052734,-0.299560546875,0.081787109375,-0.00390625
15.259,310,564,558,311,0.0,35.0,45.0,-35.09521484375,-47.180171966552734,43.518062591552734,0.2030029296875,-0.1407470703125,0.0277099609375
15.266,310,620,631,310,0.0,35.0,45.0,-14.404295921325684,-68.115234375,28.198240280151367,0.708740234375,-0.433349609375,0.197998046875
15.280,310,674,763,310,0.0,35.0,45.0,39.6728515625,-84.83885955810547,3.784179449081421,0.9366455078125,-0.4183349609375,0.2979736328125
15.301,309,780,1012,311,0.0,35.0,45.0,105.34667205810547,-86.48680877685547,-26.184080123901367,0.6536865234375,0.1641845703125,0.22998046875
15.313,308,858,1112,312,0.0,35.0,45.0,112.12157440185547,-64.208984375,-56.884761810302734,-0.070556640625,0.770751953125,0.1275634765625
15.336,310,916,1219,310,0.0,33.0,48.0,37.59765625,-23.681638717651367,-76.904296875,-1.1395263671875,1.1634521484375,0.04150390625
15.362,310,995,1400,312,0.0,33.0,48.0,-52.368160247802734,12.878417015075684,-67.56591796875,-2.28466796875,1.7576904296875,0.0166015625
15.379,311,1025,1457,312,0.0,33.0,48.0,-118.28612518310547,19.10400390625,-36.4990234375,-2.6966552734375,1.701416015625,0.4425048828125
15.406,311,1043,1471,312,0.0,33.0,48.0,-156.3720703125,-6.591796398162842,-22.033689498901367,-2.53369140625,0.2706298828125,1.1468505859375
15.410,310,1029,1349,312,0.0,33.0,48.0,-128.47900390625,-28.076169967651367,-30.212400436401367,-2.41357421875,-1.0003662109375,0.929931640625
15.411,311,1034,1334,311,0.0,33.0,48.0,-22.155759811401367,-26.977537155151367,-19.775390625,-2.41357421875,-1.0003662109375,0.929931640625
15.412,310,1035,1338,311,0.0,33.0,48.0,101.68456268310547,-16.7236328125,21.240232467651367,-1.597900390625,-0.070068359375,0.3099365234375
15.412,311,1022,1292,310,0.0,33.0,48.0,162.59764099121094,-0.6713866591453552,53.894039154052734,-1.509521484375,1.5767822265625,-0.046630859375
15.414,312,1000,1318,309,0.0,33.0,48.0,118.16405487060547,16.54052734375,56.396480560302734,-1.509521484375,1.5767822265625,-0.046630859375
15.416,309,987,1305,311,0.0,33.0,48.0,20.874021530151367,23.986814498901367,39.1845703125,-1.7755126953125,1.145263671875,0.2242431640625
15.417,311,938,1239,312,-1.0,35.0,43.0,-37.41455078125,20.507810592651367,21.789548873901367,-1.7193603515625,0.335205078125,0.471435546875
15.418,310,902,1232,310,-1.0,35.0,43.0,-39.55078125,12.268065452575684,17.08984375,-1.7193603515625,0.335205078125,0.471435546875
15.427,310,840,1184,311,-1.0,35.0,43.0,-18.00537109375,7.751464366912842,21.606443405151367,-1.6605224609375,0.3699951171875,0.3646240234375
15.435,311,785,1118,312,-1.0,35.0,43.0,3.784179449081421,9.21630859375,29.052732467651367,-1.535888671875,0.4046630859375,0.2442626953125
15.451,310,698,996,311,-1.0,35.0,43.0,18.06640625,11.230467796325684,37.17041015625,-0.925048828125,0.400146484375,0.2637939453125
15.460,310,635,921,312,-1.0,35.0,43.0,20.996091842651367,10.498045921325684,45.715328216552734,-0.925048828125,0.400146484375,0.2637939453125
15.464,310,586,849,311,-1.0,35.0,43.0,12.451170921325684,9.82666015625,50.354000091552734,-0.5347900390625,0.3193359375,0.288330078125
15.481,310,516,742,310,-1.0,35.0,43.0,0.30517578125,12.756346702575684,46.081539154052734,0.0640869140625,0.05517578125,0.189697265625
15.485,310,481,668,310,-1.0,35.0,43.0,-6.164550304412842,16.90673828125,32.2265625,0.0640869140625,0.05517578125,0.189697265625
15.506,310,463,648,309,-1.0,35.0,43.0,-2.50244140625,18.00537109375,10.131834983825684,0.1474609375,-0.033935546875,0.1839599609375
15.508,297,438,621,310,-1.0,36.0,44.0,10.131834983825684,17.333984375,-16.11328125,-0.2169189453125,0.2572021484375,0.046630859375
15.515,308,426,607,309,-1.0,36.0,44.0,25.207517623901367,19.287109375,-38.02490234375,-0.2169189453125,0.2572021484375,0.046630859375
15.523,310,423,596,310,-1.0,36.0,44.0,32.470703125,25.024412155151367,-48.339839935302734,-0.5057373046875,0.46875,-0.0679931640625
15.537,310,423,590,309,-1.0,36.0,44.0,26.000974655151367,29.541013717651367,-46.203609466552734,-0.7213134765625,0.583984375,0.0084228515625
15.556,310,419,587,310,-1.0,36.0,44.0,10.498045921325684,28.564451217651367,-37.7197265625,-0.7213134765625,0.583984375,0.0084228515625
15.558,310,417,586,311,-1.0,36.0,44.0,-7.202147960662842,23.986814498901367,-30.944822311401367,-0.7572021484375,0.4632568359375,0.128173828125
15.568,308,420,571,310,-1.0,36.0,44.0,-24.291990280151367,19.287109375,-28.625486373901367,-0.8740234375,0.1048583984375,0.1810302734375
15.582,309,419,564,310,-1.0,36.0,44.0,-35.15625,16.17431640625,-28.320310592651367,-0.950927734375,0.07177734375,0.1634521484375
15.584,310,416,548,323,-1.0,36.0,44.0,-34.11865234375,12.451170921325684,-25.695798873901367,-0.950927734375,0.07177734375,0.1634521484375
15.615,310,411,551,310,0.0,36.0,48.0,-6.164550304412842,-0.4882812201976776,-14.221190452575684,-0.984375,0.2705078125,0.20751953125
15.615,310,411,533,311,0.0,36.0,48.0,-6.164550304412842,-0.4882812201976776,-14.221190452575684,-0.9638671875,0.3448486328125,0.231201171875
15.618,309,408,527,310,0.0,36.0,48.0,4.45556640625,-5.859374523162842,-10.803221702575684,-0.9638671875,0.3448486328125,0.231201171875
15.628,310,402,517,310,0.0,36.0,48.0,4.5166015625,-7.019042491912842,-7.507323741912842,-0.934326171875,0.3084716796875,0.2510986328125
15.636,310,402,512,310,0.0,36.0,48.0,4.5166015625,-7.019042491912842,-7.507323741912842,-0.92431640625,0.269287109375,0.2435302734375
15.647,295,399,502,310,0.0,36.0,48.0,2.01416015625,-3.601073980331421,-5.249022960662842,-0.92431640625,0.269287109375,0.2435302734375
15.664,309,394,496,310,0.0,36.0,48.0,-1.220703125,0.8544921278953552,3.112792730331421,-0.8829345703125,0.2154541015625,0.2103271484375
15.675,310,380,496,310,0.0,36.0,48.0,-1.220703125,0.8544921278953552,3.112792730331421,-0.872314453125,0.2132568359375,0.1923828125
15.684,310,379,496,310,0.0,36.0,48.0,-1.7700194120407104,0.2441406100988388,8.60595703125,-0.872314453125,0.2132568359375,0.1923828125
15.690,297,395,502,309,0.0,36.0,48.0,-3.540038824081421,-4.5166015625,20.568845748901367,-0.8592529296875,0.2255859375,0.158935546875
15.716,310,396,504,310,0.0,34.0,46.0,-3.540038824081421,-4.5166015625,20.568845748901367,-0.8497314453125,0.227294921875,0.1466064453125
15.717,308,399,523,310,0.0,34.0,46.0,-6.530761241912842,-7.507323741912842,27.648923873901367,-0.8497314453125,0.227294921875,0.1466064453125
15.720,310,407,547,297,0.0,34.0,46.0,-19.22607421875,-13.488768577575684,42.907711029052734,-0.744140625,0.2611083984375,0.12890625
15.726,299,420,620,310,0.0,34.0,46.0,-29.113767623901367,-16.9677734375,46.813961029052734,-0.508056640625,0.228271484375,0.1014404296875
15.734,310,452,666,311,0.0,34.0,46.0,-29.113767623901367,-16.9677734375,46.813961029052734,-0.047119140625,0.093994140625,0.0279541015625
15.747,310,541,678,310,0.0,34.0,46.0,-29.113767623901367,-38.818359375,25.268552780151367,0.4547119140625,-0.213134765625,0.006103515625
15.757,310,601,777,312,0.0,34.0,46.0,6.103515148162842,-58.471675872802734,-2.13623046875,0.7637939453125,-0.4339599609375,0.0284423828125
15.764,310,660,912,311,0.0,34.0,46.0,6.103515148162842,-58.471675872802734,-2.13623046875,0.7288818359375,-0.0274658203125,-0.0560302734375
15.828,310,777,1189,312,0.0,34.0,46.0,119.50682830810547,-59.265132904052734,-62.622066497802734,0.314208984375,0.7147216796875,-0.2010498046875
15.837,310,853,1316,312,0.0,34.0,46.0,75.439453125,-35.70556640625,-91.06444549560547,-0.32568359375,0.9947509765625,-0.2149658203125
15.843,299,917,1392,314,-2.0,31.0,44.0,75.439453125,-35.70556640625,-91.06444549560547,-1.236572265625,1.0224609375,-0.02685546875
15.848,298,988,1502,298,-2.0,31.0,44.0,-116.76024627685547,-4.8828125,-83.55712127685547,-2.1429443359375,1.245849609375,0.3763427734375
15.862,299,1025,1578,299,-2.0,31.0,44.0,-146.30126953125,-24.780271530151367,-53.771968841552734,-2.417236328125,0.9864501953125,1.0693359375
15.865,309,1050,1640,312,-2.0,31.0,44.0,-146.30126953125,-24.780271530151367,-53.771968841552734,-2.3028564453125,-0.19921875,1.6575927734375
15.868,310,1043,1523,299,-2.0,31.0,44.0,-70.49560546875,-47.851558685302734,-45.227046966552734,-2.4105224609375,-1.0347900390625,1.55712890625
15.871,310,1035,1488,312,-2.0,31.0,44.0,36.0107421875,-26.123044967651367,-24.536130905151367,-2.3304443359375,-0.612060546875,0.9185791015625
15.873,296,1034,1469,312,-2.0,31.0,44.0,36.0107421875,-26.123044967651367,-24.536130905151367,-1.5858154296875,0.2158203125,0.1956787109375
15.877,310,1029,1447,312,-2.0,31.0,44.0,158.8134765625,22.583005905151367,35.46142578125,-1.0916748046875,0.8946533203125,-0.2503662109375
15.892,309,1024,1462,312,-2.0,31.0,44.0,95.27587127685547,35.82763671875,28.930662155151367,-1.4111328125,1.22802734375,-0.2015380859375
15.893,310,1014,1447,312,-2.0,31.0,44.0,-1.2817381620407104,34.85107421875,15.747069358825684,-1.8546142578125,0.947021484375,0.1724853515625
15.898,312,971,1411,312,0.0,33.0,46.0,-54.992671966552734,25.085447311401367,8.4228515625,-1.99853515625,0.482666015625,0.5194091796875
15.906,310,939,1365,312,0.0,33.0,46.0,-52.795406341552734,14.404295921325684,10.131834983825684,-1.962890625,0.3333740234375,0.615234375
15.920,310,891,1302,311,0.0,33.0,46.0,-25.207517623901367,9.8876953125,15.258788108825684,-1.8846435546875,0.419921875,0.5072021484375
15.927,308,813,1192,311,0.0,33.0,46.0,2.868652105331421,11.840819358825684,18.98193359375,-1.702880859375,0.4825439453125,0.3558349609375
15.935,310,762,1111,310,0.0,33.0,46.0,22.644041061401367,15.380858421325684,23.254392623901367,-1.375732421875,0.4967041015625,0.2635498046875
15.943,310,697,1024,312,0.0,33.0,46.0,29.663084030151367,16.6015625,30.700681686401367,-0.952392578125,0.4534912109375,0.260009765625
15.962,312,572,919,312,0.0,33.0,46.0,20.690916061401367,16.90673828125,37.2314453125,-0.5203857421875,0.317138671875,0.2589111328125
15.965,310,502,867,310,0.0,33.0,46.0,3.051757574081421,19.8974609375,37.59765625,-0.1749267578125,0.1190185546875,0.2049560546875
15.973,310,465,767,311,0.0,33.0,46.0,-11.657713890075684,23.620603561401367,29.663084030151367,0.0892333984375,-0.1373291015625,0.1925048828125
16.020,309,421,673,310,0.0,33.0,46.0,-14.648436546325684,24.108884811401367,13.549803733825684,0.2025146484375,-0.333984375,0.247314453125
16.020,310,409,620,311,-1.0,33.0,44.0,-0.4882812201976776,22.521970748901367,-6.408690929412842,0.089111328125,-0.27392578125,0.22705078125
16.021,310,391,576,310,-1.0,33.0,44.0,27.893064498901367,25.329587936401367,-25.695798873901367,-0.1763916015625,0.0294189453125,0.0611572265625
16.021,310,388,558,310,-1.0,33.0,44.0,51.513668060302734,31.005857467651367,-38.39111328125,-0.4139404296875,0.39501953125,-0.070556640625
16.025,309,386,551,310,-1.0,33.0,44.0,52.856441497802734,29.846189498901367,-38.87939453125,-0.5257568359375,0.643310546875,-0.0556640625
16.033,310,390,551,309,-1.0,33.0,44.0,36.31591796875,24.353025436401367,-32.16552734375,-0.5982666015625,0.7021484375,0.0233154296875
16.047,310,393,562,310,-1.0,33.0,44.0,12.390135765075684,21.911619186401367,-26.672361373901367,-0.6865234375,0.5968017578125,0.1029052734375
16.063,311,401,562,310,-1.0,33.0,44.0,-13.671874046325684,23.071287155151367,-25.390623092651367,-0.787353515625,0.3863525390625,0.134765625
16.065,311,388,552,311,-1.0,33.0,44.0,-35.0341796875,24.658201217651367,-25.817869186401367,-0.8751220703125,0.1793212890625,0.1165771484375
16.078,308,408,547,310,-1.0,33.0,44.0,-44.860836029052734,22.827146530151367,-23.437498092651367,-0.9400634765625,0.0745849609375,0.10498046875
16.086,310,408,540,308,-1.0,33.0,44.0,-41.564937591552734,16.7236328125,-17.822265625,-0.9937744140625,0.0888671875,0.1253662109375
16.100,310,407,525,310,0.0,34.0,44.0,-30.456541061401367,8.85009765625,-11.535643577575684,-1.04345703125,0.1685791015625,0.156982421875
16.111,310,408,509,310,0.0,34.0,44.0,-20.874021530151367,1.8310545682907104,-6.164550304412842,-1.075927734375,0.23095703125,0.1925048828125
16.124,309,408,508,310,0.0,34.0,44.0,-17.822265625,-2.990722417831421,-1.6479490995407104,-1.0545654296875,0.2266845703125,0.238037109375
16.129,310,402,507,296,0.0,34.0,44.0,-17.578125,-5.432128429412842,2.44140625,-0.9942626953125,0.18212890625,0.2752685546875
16.138,310,402,497,310,0.0,34.0,44.0,-14.221190452575684,-6.469726085662842,6.896972179412842,-0.9486083984375,0.1617431640625,0.279052734375
16.148,310,400,486,308,0.0,34.0,44.0,-7.141112804412842,-7.080077648162842,12.145995140075684,-0.9278564453125,0.187255859375,0.251220703125
16.154,310,400,485,310,0.0,34.0,44.0,-0.4882812201976776,-7.446288585662842,17.51708984375,-0.912841796875,0.2318115234375,0.215087890625
16.168,310,399,485,311,0.0,34.0,44.0,2.13623046875,-8.23974609375,21.911619186401367,-0.886962890625,0.2659912109375,0.1947021484375
16.177,310,401,494,310,0.0,34.0,44.0,1.2817381620407104,-9.8876953125,24.963376998901367,-0.843505859375,0.2774658203125,0.183349609375
16.184,310,402,504,312,0.0,34.0,44.0,-1.8310545682907104,-11.901854515075684,27.526853561401367,-0.8028564453125,0.2733154296875,0.16064453125
16.197,309,411,530,310,-1.0,33.0,44.0,-7.385253429412842,-13.732909202575684,30.822751998901367,-0.65283203125,0.215576171875,0.086181640625
16.230,310,433,587,310,-1.0,33.0,44.0,-15.808104515075684,-16.357421875,35.33935546875,-0.65283203125,0.215576171875,0.086181640625
16.231,309,465,634,297,-1.0,33.0,44.0,-22.033689498901367,-21.667478561401367,38.63525390625,-0.337646484375,0.112060546875,-0.007568359375
16.231,310,558,653,310,-1.0,33.0,44.0,-18.9208984375,-34.912109375,35.21728515625,0.7894287109375,-0.2789306640625,-0.0205078125
16.236,310,622,710,311,-1.0,33.0,44.0,-4.5166015625,-58.288570404052734,19.71435546875,0.7894287109375,-0.2789306640625,-0.0205078125
16.244,310,671,856,312,-1.0,33.0,44.0,28.686521530151367,-81.35985565185547,-5.493163585662842,0.9837646484375,-0.392578125,0.082763671875
16.260,310,784,1129,312,-1.0,33.0,44.0,81.42089080810547,-89.53856658935547,-32.77587890625,0.025390625,0.7587890625,0.059326171875
16.271,310,861,1232,311,-1.0,33.0,44.0,99.85350799560547,-73.73046875,-63.293453216552734,0.025390625,0.7587890625,0.059326171875
16.276,310,938,1346,312,-1.0,33.0,44.0,38.14697265625,-38.39111328125,-94.97069549560547,-0.81640625,0.9979248046875,0.010009765625
16.289,310,1022,1488,311,-1.0,33.0,44.0,-53.710933685302734,-6.530761241912842,-103.08837127685547,-2.441162109375,1.42578125,0.3685302734375
16.300,311,1051,1561,312,5.0,30.0,45.0,-113.95262908935547,-5.065917491912842,-78.91845703125,-2.441162109375,1.42578125,0.3685302734375
16.326,310,1071,1598,312,5.0,30.0,45.0,-138.3056640625,-33.63037109375,-58.959957122802734,-2.3936767578125,0.6251220703125,1.1654052734375
16.327,310,1054,1531,312,5.0,30.0,45.0,-121.45995330810547,-55.541988372802734,-63.537593841552734,-2.626708984375,-0.9404296875,1.3302001953125
16.327,310,1043,1490,312,5.0,30.0,45.0,-48.095699310302734,-46.386714935302734,-59.814449310302734,-2.626708984375,-0.9404296875,1.3302001953125
16.340,310,1035,1462,312,5.0,30.0,45.0,53.466793060302734,-22.216794967651367,-24.353025436401367,-2.0667724609375,-0.4039306640625,0.6820068359375
16.352,308,1043,1462,312,5.0,30.0,45.0,124.14550018310547,20.01953125,22.827146530151367,-1.0404052734375,0.7802734375,-0.0013427734375
16.358,311,1037,1456,310,5.0,30.0,45.0,124.14550018310547,20.01953125,22.827146530151367,-1.633056640625,0.9053955078125,0.18994140625
16.374,311,1025,1433,313,5.0,30.0,45.0,49.377437591552734,32.2265625,20.080564498901367,-1.633056640625,0.9053955078125,0.18994140625
16.381,310,984,1390,312,5.0,30.0,45.0,-53.222652435302734,31.005857467651367,16.9677734375,-2.02587890625,0.3507080078125,0.58740234375
16.386,311,955,1351,312,5.0,30.0,45.0,-53.222652435302734,31.005857467651367,16.9677734375,-1.8382568359375,0.3028564453125,0.5584716796875
16.403,310,912,1297,312,2.0,31.0,45.0,-39.24560546875,23.254392623901367,20.629880905151367,-1.8382568359375,0.3028564453125,0.5584716796875
16.408,310,837,1183,311,2.0,31.0,45.0,7.995604991912842,19.53125,29.846189498901367,-1.4552001953125,0.353271484375,0.33447265625
16.431,310,778,1118,312,2.0,31.0,45.0,7.995604991912842,19.53125,29.846189498901367,-1.1553955078125,0.3359375,0.2518310546875
16.431,310,726,1050,312,2.0,31.0,45.0,21.850584030151367,22.705076217651367,37.90283203125,-1.1553955078125,0.3359375,0.2518310546875
16.438,310,620,920,310,2.0,31.0,45.0,13.549803733825684,25.451658248901367,61.401363372802734,-0.4368896484375,0.0975341796875,0.269775390625
16.448,311,551,878,312,2.0,31.0,45.0,13.549803733825684,25.451658248901367,61.401363372802734,-0.1865234375,-0.0489501953125,0.230712890625
16.458,310,516,794,310,2.0,31.0,45.0,-1.4038084745407104,26.428220748901367,66.40625,-0.1865234375,-0.0489501953125,0.230712890625
16.476,310,447,688,310,2.0,31.0,45.0,-3.173827886581421,27.893064498901367,50.781246185302734,0.0087890625,-0.1339111328125,0.2840576171875
16.479,309,451,636,310,2.0,31.0,45.0,-3.173827886581421,27.893064498901367,50.781246185302734,-0.090576171875,0.0103759765625,0.253173828125
16.484,310,437,605,298,2.0,31.0,45.0,13.183592796325684,26.123044967651367,29.663084030151367,-0.3372802734375,0.289794921875,0.0494384765625
16.505,310,417,552,310,1.0,35.0,48.0,46.752925872802734,33.935546875,-20.874021530151367,-0.536865234375,0.5333251953125,-0.1246337890625
16.507,308,418,561,312,1.0,35.0,48.0,47.851558685302734,33.0810546875,-33.5693359375,-0.5931396484375,0.639404296875,-0.1727294921875
16.534,310,419,557,310,1.0,35.0,48.0,47.851558685302734,33.0810546875,-33.5693359375,-0.6270751953125,0.66259765625,-0.115234375
16.535,310,420,548,310,1.0,35.0,48.0,21.301267623901367,15.686034202575684,-28.564451217651367,-0.6827392578125,0.6094970703125,0.011962890625
16.537,309,419,551,310,1.0,35.0,48.0,1.9531248807907104,8.6669921875,-26.550291061401367,-0.76123046875,0.4571533203125,0.1221923828125
16.546,310,419,555,308,1.0,35.0,48.0,1.9531248807907104,8.6669921875,-26.550291061401367,-0.84619140625,0.2777099609375,0.187744140625
16.561,309,415,551,310,1.0,35.0,48.0,-25.329587936401367,4.8828125,-29.357908248901367,-0.901123046875,0.156005859375,0.2276611328125
16.567,309,414,548,310,1.0,35.0,48.0,-24.108884811401367,3.295898199081421,-26.428220748901367,-0.9273681640625,0.0928955078125,0.240966796875
16.576,310,413,548,310,1.0,35.0,48.0,-16.6015625,1.4038084745407104,-19.775390625,-0.9503173828125,0.0848388671875,0.234619140625
16.589,310,414,533,310,1.0,33.0,47.0,-9.46044921875,-1.0986328125,-10.925292015075684,-0.9754638671875,0.1080322265625,0.2364501953125
16.598,310,415,524,310,1.0,33.0,47.0,-7.141112804412842,-3.906249761581421,-1.5869139432907104,-0.9893798828125,0.1158447265625,0.2567138671875
16.606,310,415,522,310,1.0,33.0,47.0,-7.629394054412842,-5.859374523162842,7.141112804412842,-0.9757080078125,0.107421875,0.2806396484375
16.639,310,414,509,308,1.0,33.0,47.0,-6.958007335662842,-6.591796398162842,15.258788108825684,-0.946533203125,0.1129150390625,0.2862548828125
16.640,309,408,508,310,1.0,33.0,47.0,-4.94384765625,-6.896972179412842,23.803709030151367,-0.9256591796875,0.140625,0.266845703125
16.640,310,393,506,310,1.0,33.0,47.0,-4.33349609375,-7.507323741912842,33.50830078125,-0.911865234375,0.1717529296875,0.2352294921875
16.649,309,411,513,310,1.0,33.0,47.0,-6.347655773162842,-7.873534679412842,44.006343841552734,-0.885009765625,0.19580078125,0.2100830078125
16.656,311,413,525,310,1.0,33.0,47.0,-10.314940452575684,-7.934569835662842,53.588863372802734,-0.8272705078125,0.2159423828125,0.17431640625
16.665,310,420,547,310,1.0,33.0,47.0,-15.686034202575684,-8.6669921875,61.157222747802734,-0.732666015625,0.226318359375,0.1126708984375
16.681,309,442,614,310,1.0,33.0,47.0,-21.057126998901367,-13.305663108825684,66.2841796875,-0.514892578125,0.1898193359375,0.0614013671875
16.687,309,483,616,310,0.0,32.0,52.0,-22.033689498901367,-24.047849655151367,66.650390625,-0.077880859375,0.061767578125,0.0272216796875
16.695,310,532,601,310,0.0,32.0,52.0,-11.596678733825684,-40.0390625,56.762691497802734,0.50390625,-0.1976318359375,0.0194091796875
16.709,310,629,718,310,0.0,32.0,52.0,19.287109375,-59.814449310302734,33.50830078125,0.9520263671875,-0.4552001953125,0.031005859375
16.717,310,685,893,311,0.0,32.0,52.0,76.96533203125,-77.81982421875,1.9531248807907104,1.0621337890625,-0.2926025390625,-0.0572509765625
16.742,310,751,1054,312,0.0,32.0,52.0,130.859375,-79.4677734375,-33.50830078125,0.6871337890625,0.3740234375,-0.2340087890625
16.748,311,878,1264,310,0.0,32.0,52.0,106.56737518310547,-56.213375091552734,-69.51904296875,-0.196533203125,0.9368896484375,-0.2669677734375
16.754,309,939,1415,312,0.0,32.0,52.0,-4.638671875,-20.385740280151367,-82.82469940185547,-1.4669189453125,1.376953125,-0.075927734375
16.759,308,984,1503,298,0.0,32.0,52.0,-118.10301971435547,4.150390625,-57.861324310302734,-2.5028076171875,1.785888671875,0.308837890625
16.766,310,1022,1598,312,0.0,32.0,52.0,-181.39646911621094,-3.784179449081421,-26.672361373901367,-2.6329345703125,1.1754150390625,1.04296875
16.789,310,1047,1602,312,0.0,32.0,52.0,-181.70164489746094,-33.38623046875,-24.047849655151367,-2.463134765625,-0.3507080078125,1.7076416015625
16.794,310,1025,1502,311,0.0,32.0,52.0,-102.90526580810547,-47.973628997802734,-28.625486373901367,-2.5797119140625,-1.09716796875,1.706787109375
16.798,311,1018,1447,311,0.0,32.0,45.0,32.53173828125,-38.818359375,-2.25830078125,-2.20654296875,-0.572265625,1.1268310546875
16.813,311,1020,1456,311,0.0,32.0,45.0,156.8603515625,-14.099120140075684,37.841796875,-1.303955078125,0.3629150390625,0.3133544921875
16.846,310,1014,1443,311,0.0,32.0,45.0,193.72557067871094,19.10400390625,50.109859466552734,-1.0975341796875,1.2481689453125,-0.204833984375
16.850,310,1000,1428,312,0.0,32.0,45.0,115.66161346435547,42.053218841552734,34.24072265625,-1.5823974609375,1.494140625,-0.1478271484375
16.852,310,973,1400,312,0.0,32.0,45.0,0.0,45.593257904052734,14.038084983825684,-1.931396484375,0.9349365234375,0.21826171875
16.854,311,942,1369,294,0.0,32.0,45.0,-59.509273529052734,36.56005859375,6.408690929412842,-1.958984375,0.404541015625,0.5255126953125
16.855,297,907,1313,310,0.0,32.0,45.0,-55.297847747802734,24.169919967651367,12.268065452575684,-1.846435546875,0.3126220703125,0.6104736328125
16.864,312,861,1260,312,0.0,32.0,45.0,-23.803709030151367,16.11328125,21.911619186401367,-1.717529296875,0.40576171875,0.521728515625
16.883,311,767,1162,311,0.0,32.0,45.0,9.58251953125,13.977049827575684,28.381345748901367,-1.5347900390625,0.3837890625,0.3924560546875
16.886,310,724,1074,312,-1.0,33.0,41.0,36.07177734375,13.977049827575684,33.14208984375,-1.2352294921875,0.30615234375,0.307373046875
16.899,310,668,998,312,-1.0,33.0,41.0,50.170894622802734,13.366698265075684,41.259761810302734,-0.8485107421875,0.3116455078125,0.2982177734375
16.915,310,579,882,312,-1.0,33.0,41.0,47.424312591552734,13.732909202575684,49.621578216552734,-0.447021484375,0.3302001953125,0.30517578125
16.916,310,539,827,310,-1.0,33.0,41.0,32.16552734375,18.37158203125,48.767086029052734,-0.090576171875,0.27001953125,0.2373046875
16.924,310,503,775,311,-1.0,33.0,41.0,15.502928733825684,25.573728561401367,35.400390625,0.123046875,0.1671142578125,0.133056640625
16.944,310,469,689,310,-1.0,33.0,41.0,5.737304210662842,29.663084030151367,14.343260765075684,0.1412353515625,0.1259765625,0.07763671875
16.956,310,449,689,310,-1.0,33.0,41.0,4.150390625,30.090330123901367,-8.36181640625,0.02490234375,0.1937255859375,0.0247802734375
16.959,309,439,673,310,-1.0,33.0,41.0,7.141112804412842,29.663084030151367,-28.503416061401367,-0.16943359375,0.357666015625,-0.0255126953125
16.968,309,437,654,310,-1.0,33.0,41.0,9.70458984375,28.320310592651367,-42.663570404052734,-0.6044921875,0.552734375,-0.0643310546875
16.978,310,433,644,310,-1.0,33.0,41.0,7.629394054412842,27.221677780151367,-49.865718841552734,-0.6044921875,0.552734375,-0.0643310546875
16.990,310,428,632,311,-1.0,33.0,41.0,-2.0751953125,24.475095748901367,-50.476070404052734,-0.7449951171875,0.5269775390625,-0.013916015625
17.000,296,426,622,312,-1.0,33.0,47.0,-15.380858421325684,18.61572265625,-47.851558685302734,-0.876953125,0.271728515625,0.17333984375
17.023,310,423,616,310,-1.0,33.0,47.0,-26.306150436401367,13.610838890075684,-45.166011810302734,-0.876953125,0.271728515625,0.17333984375
17.023,310,420,621,310,-1.0,33.0,47.0,-32.5927734375,10.375975608825684,-42.114253997802734,-0.888427734375,0.1282958984375,0.229736328125
17.043,310,424,616,310,-1.0,33.0,47.0,-24.108884811401367,5.432128429412842,-31.616209030151367,-0.934814453125,0.0423583984375,0.2823486328125
17.045,310,421,590,308,-1.0,33.0,47.0,-24.108884811401367,5.432128429412842,-31.616209030151367,-0.969970703125,0.1131591796875,0.301025390625
17.045,307,420,600,310,-1.0,33.0,47.0,-13.183592796325684,4.21142578125,-22.216794967651367,-0.969970703125,0.1131591796875,0.301025390625
17.058,310,414,592,310,-1.0,33.0,47.0,-5.554198741912842,4.2724609375,-11.352538108825684,-0.991943359375,0.1739501953125,0.3128662109375
17.068,308,410,558,310,-1.0,33.0,47.0,-4.21142578125,5.187987804412842,-1.03759765625,-0.956298828125,0.1839599609375,0.3154296875
17.076,310,410,540,309,-1.0,33.0,47.0,-6.530761241912842,6.347655773162842,8.30078125,-0.956298828125,0.1839599609375,0.3154296875
17.092,310,401,533,310,-2.0,35.0,45.0,-7.446288585662842,7.263183116912842,16.78466796875,-0.936279296875,0.1943359375,0.299560546875
17.098,310,391,517,310,-2.0,35.0,45.0,-2.624511480331421,10.253905296325684,30.700681686401367,-0.916015625,0.26123046875,0.2154541015625
17.166,308,391,508,310,-2.0,35.0,45.0,-2.624511480331421,10.253905296325684,30.700681686401367,-0.899658203125,0.3284912109375,0.1810302734375
17.166,308,384,504,308,-2.0,35.0,45.0,-1.15966796875,10.803221702575684,34.36279296875,-0.899658203125,0.3284912109375,0.1810302734375
17.166,309,372,504,310,-2.0,35.0,45.0,-2.624511480331421,8.11767578125,29.052732467651367,-0.8607177734375,0.4637451171875,0.1214599609375
17.166,310,381,506,310,-2.0,35.0,45.0,-2.624511480331421,8.11767578125,29.052732467651367,-0.80908203125,0.451904296875,0.083984375
17.166,309,384,525,310,-2.0,35.0,45.0,-7.690429210662842,6.652831554412842,22.033689498901367,-0.80908203125,0.451904296875,0.083984375
17.173,310,407,551,310,-2.0,35.0,45.0,-24.841306686401367,0.4272460639476776,16.29638671875,-0.57666015625,0.2510986328125,-0.0482177734375
17.173,310,421,594,310,-2.0,35.0,45.0,-24.841306686401367,0.4272460639476776,16.29638671875,-0.32666015625,0.1297607421875,-0.1285400390625
17.174,308,447,616,310,-2.0,35.0,45.0,-32.1044921875,-9.82666015625,20.629880905151367,-0.32666015625,0.1297607421875,-0.1285400390625
17.190,310,558,642,310,0.0,33.0,43.0,-25.939939498901367,-51.086421966552734,17.822265625,0.6241455078125,-0.17724609375,-0.0638427734375
17.197,310,631,723,312,0.0,33.0,43.0,0.6713866591453552,-73.486328125,-3.479003667831421,0.951171875,-0.210693359375,0.104248046875
17.204,309,684,861,310,0.0,33.0,43.0,0.6713866591453552,-73.486328125,-3.479003667831421,0.7802734375,0.114501953125,0.1009521484375
17.224,310,793,1143,312,0.0,33.0,43.0,72.44873046875,-71.35009765625,-76.0498046875,0.1595458984375,0.6363525390625,0.0789794921875
17.247,310,865,1261,312,0.0,33.0,43.0,29.113767623901367,-46.874996185302734,-106.68944549560547,-0.649658203125,0.839111328125,0.2135009765625
17.252,310,928,1377,312,0.0,33.0,43.0,29.113767623901367,-46.874996185302734,-106.68944549560547,-1.5718994140625,0.894775390625,0.3236083984375
17.255,310,1017,1536,312,0.0,33.0,43.0,-112.97606658935547,-11.230467796325684,-97.04589080810547,-2.2542724609375,1.0264892578125,0.45166015625
17.261,297,1035,1593,312,0.0,33.0,43.0,-125.06102752685547,-29.785154342651367,-70.4345703125,-2.4210205078125,0.6024169921875,0.9263916015625
17.273,310,1056,1621,311,0.0,33.0,43.0,-125.06102752685547,-29.785154342651367,-70.4345703125,-2.452392578125,-0.30615234375,1.3642578125
17.280,311,1050,1531,312,0.0,33.0,43.0,-40.954586029052734,-50.231929779052734,-59.936519622802734,-2.610595703125,-0.5982666015625,1.2552490234375
17.294,310,1042,1499,312,2.0,31.0,51.0,43.518062591552734,-31.188962936401367,-33.14208984375,-2.238525390625,-0.205322265625,0.8172607421875
17.296,298,1008,1468,311,2.0,31.0,51.0,43.518062591552734,-31.188962936401367,-33.14208984375,-1.28759765625,0.200439453125,0.343505859375
17.310,310,1034,1455,312,2.0,31.0,51.0,106.50634002685547,13.061522483825684,12.145995140075684,-0.888671875,0.5657958984375,0.083740234375
17.326,310,1029,1445,311,2.0,31.0,51.0,55.480953216552734,30.700681686401367,9.82666015625,-1.3350830078125,0.8160400390625,0.1287841796875
17.329,311,1022,1430,312,2.0,31.0,51.0,-13.854979515075684,38.818359375,8.60595703125,-1.888427734375,0.7369384765625,0.338623046875
17.354,310,984,1381,312,2.0,31.0,51.0,-52.978511810302734,37.59765625,10.009765625,-2.027099609375,0.4739990234375,0.5228271484375
17.354,312,958,1344,312,2.0,31.0,51.0,-53.955074310302734,31.127927780151367,12.878417015075684,-1.8768310546875,0.2916259765625,0.5640869140625
17.355,311,920,1239,298,2.0,31.0,51.0,-34.36279296875,25.878904342651367,17.27294921875,-1.7071533203125,0.2781982421875,0.5037841796875
17.369,310,840,1153,311,2.0,31.0,51.0,-10.864256858825684,23.864744186401367,22.949216842651367,-1.55517578125,0.3284912109375,0.4171142578125
17.377,310,784,1087,311,2.0,31.0,51.0,8.6669921875,24.414060592651367,29.724119186401367,-1.345703125,0.4063720703125,0.3328857421875
17.386,312,739,994,311,1.0,33.0,45.0,18.24951171875,27.038572311401367,37.59765625,-1.06201171875,0.4403076171875,0.296875
17.399,310,631,819,311,1.0,33.0,45.0,13.366698265075684,29.418943405151367,43.823238372802734,-0.745849609375,0.33056640625,0.299560546875
17.407,310,562,763,312,1.0,33.0,45.0,-0.3662109076976776,31.860349655151367,46.020503997802734,-0.452392578125,0.14013671875,0.2529296875
17.415,310,507,668,298,1.0,33.0,45.0,-10.070799827575684,35.70556640625,43.334957122802734,-0.18798828125,-0.0692138671875,0.2017822265625
17.428,310,469,577,310,1.0,33.0,45.0,-7.690429210662842,37.65869140625,33.26416015625,0.0096435546875,-0.277099609375,0.23974609375
17.452,308,440,547,310,1.0,33.0,45.0,6.652831554412842,36.1328125,15.136717796325684,0.0198974609375,-0.31884765625,0.262451171875
17.452,310,420,499,310,1.0,33.0,45.0,28.747556686401367,37.17041015625,-4.94384765625,-0.1763916015625,-0.0933837890625,0.1280517578125
17.462,309,385,473,310,1.0,33.0,45.0,51.879878997802734,43.090816497802734,-19.53125,-0.42236328125,0.2490234375,-0.03955078125
17.467,310,377,465,310,1.0,33.0,45.0,62.744136810302734,44.921871185302734,-24.108884811401367,-0.5579833984375,0.5469970703125,-0.0665283203125
17.475,310,378,447,311,1.0,33.0,45.0,52.795406341552734,37.841796875,-19.775390625,-0.593505859375,0.6829833984375,0.0108642578125
17.489,310,378,447,310,0.0,36.0,45.0,29.541013717651367,29.479978561401367,-14.099120140075684,-0.6258544921875,0.6329345703125,0.09814453125
17.502,310,377,453,310,0.0,36.0,45.0,4.69970703125,26.123044967651367,-11.169432640075684,-0.6893310546875,0.4854736328125,0.1524658203125
17.505,309,379,457,310,0.0,36.0,45.0,-14.282225608825684,25.939939498901367,-9.8876953125,-0.763427734375,0.302490234375,0.155517578125
17.519,310,380,456,310,0.0,36.0,45.0,-21.850584030151367,24.963376998901367,-9.09423828125,-0.84033203125,0.1644287109375,0.1217041015625
17.532,308,379,454,311,0.0,36.0,45.0,-18.37158203125,20.812986373901367,-7.263183116912842,-0.9119873046875,0.13232421875,0.1075439453125
17.536,310,379,452,310,0.0,36.0,45.0,-10.314940452575684,13.610838890075684,-3.967284917831421,-0.960693359375,0.1666259765625,0.1239013671875
17.560,310,378,430,309,0.0,36.0,45.0,-3.295898199081421,6.469726085662842,-0.4882812201976776,-0.98876953125,0.21533203125,0.1348876953125
17.561,295,377,439,310,0.0,36.0,45.0,-0.4882812201976776,1.6479490995407104,2.563476324081421,-0.979248046875,0.249267578125,0.156005859375
17.568,310,377,439,310,0.0,36.0,45.0,-2.50244140625,-1.220703125,5.249022960662842,-0.9385986328125,0.247314453125,0.199462890625
17.576,310,382,440,310,0.0,36.0,45.0,-5.187987804412842,-2.38037109375,7.141112804412842,-0.9058837890625,0.2286376953125,0.2291259765625
17.592,310,380,449,310,1.0,36.0,50.0,-5.0048828125,-2.38037109375,8.7890625,-0.888671875,0.224853515625,0.231201171875
17.601,310,382,452,310,1.0,36.0,50.0,-3.784179449081421,-2.3193359375,10.986327171325684,-0.87939453125,0.229736328125,0.215087890625
17.604,309,386,454,308,1.0,36.0,50.0,-4.69970703125,-2.746581792831421,13.977049827575684,-0.8731689453125,0.216552734375,0.1756591796875
17.617,312,398,475,310,1.0,36.0,50.0,-7.812499523162842,-4.08935546875,18.00537109375,-0.848876953125,0.192626953125,0.1239013671875
17.632,310,401,490,310,1.0,36.0,50.0,-12.268065452575684,-6.530761241912842,22.766111373901367,-0.7801513671875,0.17919921875,0.0867919921875
17.634,326,401,510,310,1.0,36.0,50.0,-18.61572265625,-9.46044921875,26.672361373901367,-0.64599609375,0.17529296875,0.0494384765625
17.662,310,473,599,310,1.0,36.0,50.0,-27.099607467651367,-12.207030296325684,28.198240280151367,-0.41943359375,0.160400390625,-0.04150390625
17.662,309,512,631,310,1.0,36.0,50.0,-36.19384765625,-16.41845703125,27.282712936401367,-0.1002197265625,0.1219482421875,-0.1754150390625
17.664,310,564,694,310,1.0,36.0,50.0,-44.982906341552734,-25.085447311401367,24.169919967651367,0.2630615234375,0.035400390625,-0.277099609375
17.678,310,668,886,310,1.0,36.0,50.0,-48.278804779052734,-37.9638671875,17.02880859375,0.555908203125,-0.05078125,-0.2261962890625
17.687,310,730,1054,311,2.0,33.0,42.0,-35.64453125,-48.645015716552734,2.3193359375,0.55078125,0.1031494140625,-0.029541015625
17.705,310,802,1185,312,2.0,33.0,42.0,-20.996091842651367,-52.001949310302734,-23.986814498901367,0.149658203125,0.4532470703125,0.239990234375
17.718,308,916,1349,313,2.0,33.0,42.0,-31.066892623901367,-48.583980560302734,-59.631343841552734,-1.116455078125,0.4830322265625,0.71875
17.724,311,966,1419,312,2.0,33.0,42.0,-52.185054779052734,-38.26904296875,-88.50096893310547,-1.116455078125,0.4830322265625,0.71875
17.732,299,1003,1490,313,2.0,33.0,42.0,-58.654781341552734,-27.893064498901367,-91.91893768310547,-1.73046875,0.727783203125,0.635498046875
17.765,310,1055,1595,312,2.0,33.0,42.0,-56.396480560302734,-30.700681686401367,-72.021484375,-2.3099365234375,0.53515625,0.960205078125
17.766,310,1065,1611,312,2.0,33.0,42.0,-52.185054779052734,-41.259761810302734,-54.077144622802734,-2.3099365234375,0.53515625,0.960205078125
17.766,310,1048,1543,311,2.0,33.0,42.0,-34.7900390625,-38.39111328125,-47.729488372802734,-2.6094970703125,-0.1026611328125,1.0220947265625
17.769,310,1029,1490,312,2.0,33.0,42.0,1.4038084745407104,-19.34814453125,-33.38623046875,-1.828125,-0.3809814453125,0.304931640625
17.777,310,1035,1488,312,2.0,33.0,42.0,47.973628997802734,-0.7934569716453552,-7.080077648162842,-1.828125,-0.3809814453125,0.304931640625
17.786,310,1035,1473,311,3.0,33.0,44.0,88.31786346435547,9.58251953125,10.253905296325684,-1.0135498046875,0.0543212890625,0.1368408203125
17.809,310,1017,1450,312,3.0,33.0,44.0,27.648923873901367,25.024412155151367,26.489255905151367,-1.743896484375,0.919677734375,0.3638916015625
17.810,310,989,1422,312,3.0,33.0,44.0,27.648923873901367,25.024412155151367,26.489255905151367,-1.9609375,0.6201171875,0.4395751953125
17.815,310,968,1391,312,3.0,33.0,44.0,-27.221677780151367,32.28759765625,30.212400436401367,-1.9609375,0.6201171875,0.4395751953125
17.836,308,910,1305,312,3.0,33.0,44.0,-32.16552734375,27.648923873901367,31.616209030151367,-1.7269287109375,0.28076171875,0.401611328125
17.837,310,840,1201,312,3.0,33.0,44.0,-32.16552734375,27.648923873901367,31.616209030151367,-1.6136474609375,0.3909912109375,0.3115234375
17.845,310,801,1162,311,3.0,33.0,44.0,-13.183592796325684,24.902341842651367,36.376953125,-1.6136474609375,0.3909912109375,0.3115234375
17.866,310,697,1013,294,3.0,33.0,44.0,-1.7089842557907104,22.277830123901367,61.218257904052734,-1.1444091796875,0.42724609375,0.2872314453125
17.867,310,620,879,312,3.0,33.0,44.0,-1.7089842557907104,22.277830123901367,61.218257904052734,-0.7745361328125,0.1871337890625,0.33349609375
17.876,310,585,823,311,3.0,33.0,44.0,-10.742186546325684,21.789548873901367,75.439453125,-0.7745361328125,0.1871337890625,0.33349609375
17.890,310,499,685,310,0.0,36.0,42.0,-12.390135765075684,25.939939498901367,79.40673828125,-0.0858154296875,-0.43408203125,0.3212890625
17.899,310,479,604,312,0.0,36.0,42.0,-12.390135765075684,25.939939498901367,79.40673828125,0.0555419921875,-0.5323486328125,0.339599609375
17.914,310,452,537,311,0.0,36.0,42.0,10.131834983825684,26.184080123901367,65.4296875,0.0555419921875,-0.5323486328125,0.339599609375
17.921,310,430,481,310,0.0,36.0,42.0,69.15283203125,31.311033248901367,24.658201217651367,-0.2244873046875,0.050537109375,0.0723876953125
17.927,310,414,473,310,0.0,36.0,42.0,91.12548065185547,42.907711029052734,4.33349609375,-0.4296875,0.4786376953125,-0.1212158203125
17.938,308,401,483,310,0.0,36.0,42.0,91.12548065185547,42.907711029052734,4.33349609375,-0.5263671875,0.83642578125,-0.17333984375
17.969,309,401,481,310,0.0,36.0,42.0,79.16259765625,40.588375091552734,-13.610838890075684,-0.53173828125,0.971923828125,-0.1431884765625
17.969,296,401,467,308,0.0,36.0,42.0,42.541500091552734,30.029294967651367,-13.000487327575684,-0.5782470703125,0.877197265625,-0.07373046875
17.970,311,387,465,309,0.0,36.0,42.0,42.541500091552734,30.029294967651367,-13.000487327575684,-0.69384765625,0.6444091796875,0.0146484375
17.980,309,402,468,308,-1.0,33.0,48.0,-23.681638717651367,17.4560546875,-13.061522483825684,-0.8204345703125,0.408203125,0.074951171875
17.987,310,401,465,310,-1.0,33.0,48.0,-31.616209030151367,15.441893577575684,-14.160155296325684,-0.906005859375,0.257080078125,0.1268310546875
17.995,310,401,465,312,-1.0,33.0,48.0,-31.616209030151367,15.441893577575684,-14.160155296325684,-0.9461669921875,0.17822265625,0.1876220703125
18.026,310,396,444,309,-1.0,33.0,48.0,-16.17431640625,6.835937023162842,-10.925292015075684,-0.9632568359375,0.147705078125,0.239501953125
18.026,310,382,452,310,-1.0,33.0,48.0,-3.784179449081421,1.7089842557907104,-7.263183116912842,-0.9716796875,0.1656494140625,0.25048828125
18.027,308,391,447,311,-1.0,33.0,48.0,-3.784179449081421,1.7089842557907104,-7.263183116912842,-0.9647216796875,0.2001953125,0.229736328125
18.040,310,388,437,310,-1.0,33.0,48.0,7.812499523162842,-6.835937023162842,3.112792730331421,-0.943115234375,0.2027587890625,0.2252197265625
18.047,310,384,426,310,-1.0,33.0,48.0,9.3994140625,-9.82666015625,9.1552734375,-0.929443359375,0.1981201171875,0.2265625
18.067,310,385,423,310,-1.0,33.0,48.0,9.3994140625,-9.82666015625,9.1552734375,-0.9228515625,0.2276611328125,0.2083740234375
18.070,310,386,415,308,-1.0,33.0,48.0,16.41845703125,-10.742186546325684,20.996091842651367,-0.9124755859375,0.2723388671875,0.187255859375
18.077,308,391,419,310,0.0,36.0,42.0,14.953612327575684,-10.253905296325684,25.878904342651367,-0.89013671875,0.2962646484375,0.1771240234375
18.085,310,391,419,310,0.0,36.0,42.0,9.765625,-9.70458984375,29.357908248901367,-0.8594970703125,0.2974853515625,0.1634521484375
18.100,309,394,436,310,0.0,36.0,42.0,4.57763671875,-10.192870140075684,31.860349655151367,-0.830078125,0.29150390625,0.147216796875
18.112,310,400,447,310,0.0,36.0,42.0,1.9531248807907104,-13.183592796325684,34.36279296875,-0.7974853515625,0.2799072265625,0.1395263671875
18.125,309,408,467,310,0.0,36.0,42.0,1.0986328125,-19.22607421875,37.353515625,-0.716796875,0.2598876953125,0.11279296875
18.130,310,435,552,310,0.0,36.0,42.0,-2.0751953125,-27.709959030151367,39.36767578125,-0.4837646484375,0.2183837890625,0.047119140625
18.148,310,473,592,312,0.0,36.0,42.0,-10.131834983825684,-38.57421875,34.97314453125,-0.0831298828125,0.088134765625,-0.0384521484375
18.149,310,517,644,309,0.0,36.0,42.0,-15.258788108825684,-51.574703216552734,20.263669967651367,0.270263671875,-0.17333984375,-0.0880126953125
18.175,309,604,796,310,0.0,36.0,42.0,-0.4272460639476776,-62.866207122802734,1.5258787870407104,0.5211181640625,-0.2989501953125,-0.0643310546875
18.175,311,668,927,298,0.0,36.0,42.0,38.57421875,-68.4814453125,-20.324705123901367,0.713134765625,0.0028076171875,-0.0853271484375
18.175,310,728,1034,298,0.0,36.0,42.0,70.9228515625,-64.0869140625,-53.649898529052734,0.6060791015625,0.479248046875,-0.188232421875
18.195,310,848,1188,311,-1.0,35.0,44.0,52.062984466552734,-49.499507904052734,-87.46337127685547,0.026123046875,0.620849609375,-0.18408203125
18.236,310,885,1275,312,-1.0,35.0,44.0,-4.69970703125,-32.53173828125,-93.81102752685547,-1.0145263671875,0.6551513671875,-0.0482177734375
18.270,310,933,1371,313,-1.0,35.0,44.0,-56.579586029052734,-27.282712936401367,-59.143062591552734,-2.1148681640625,1.200439453125,0.2685546875
18.271,310,1022,1516,312,-1.0,35.0,44.0,-102.41698455810547,-45.837398529052734,-7.263183116912842,-2.4476318359375,1.3978271484375,0.970703125
18.274,311,1035,1540,312,-1.0,35.0,44.0,-128.41796875,-68.4814453125,15.075682640075684,-2.2515869140625,0.3824462890625,1.6572265625
18.275,310,1029,1455,311,-1.0,35.0,44.0,-94.05516815185547,-61.645503997802734,4.94384765625,-2.4066162109375,-0.657470703125,1.6868896484375
18.275,311,1012,1403,312,-1.0,35.0,44.0,-2.624511480331421,-30.883787155151367,9.1552734375,-2.471435546875,-0.61962890625,1.140380859375
18.277,310,1009,1393,310,-1.0,35.0,44.0,99.18212127685547,-2.990722417831421,40.527339935302734,-1.7752685546875,0.0595703125,0.396240234375
18.278,310,1011,1397,312,-1.0,35.0,44.0,158.935546875,15.563963890075684,59.509273529052734,-1.277099609375,0.9857177734375,-0.151611328125
18.286,308,974,1400,312,-1.0,35.0,44.0,130.79833984375,26.000974655151367,50.720211029052734,-1.5081787109375,1.6396484375,-0.2099609375
18.290,310,963,1397,313,-6.0,34.0,41.0,37.29248046875,28.564451217651367,30.334470748901367,-1.736572265625,1.3660888671875,0.027099609375
18.297,311,943,1383,313,-6.0,34.0,41.0,-36.62109375,24.475095748901367,12.878417015075684,-1.7108154296875,0.7149658203125,0.29443359375
18.307,310,917,1357,312,-6.0,34.0,41.0,-52.490230560302734,14.343260765075684,6.469726085662842,-1.5849609375,0.394775390625,0.463623046875
18.322,310,848,1286,312,-6.0,34.0,41.0,-32.77587890625,5.859374523162842,7.202147960662842,-1.5133056640625,0.4178466796875,0.4654541015625
18.328,310,803,1216,311,-6.0,34.0,41.0,-7.324218273162842,5.0048828125,9.3994140625,-1.4395751953125,0.4864501953125,0.3802490234375
18.336,310,766,1151,312,-6.0,34.0,41.0,10.803221702575684,7.873534679412842,10.375975608825684,-1.25390625,0.4791259765625,0.325439453125
18.349,309,688,1042,310,-6.0,34.0,41.0,19.47021484375,8.72802734375,11.230467796325684,-0.962158203125,0.451416015625,0.33447265625
18.374,310,636,966,312,-6.0,34.0,41.0,18.49365234375,8.7890625,10.864256858825684,-0.6524658203125,0.3994140625,0.337890625
18.379,311,585,889,297,-6.0,34.0,41.0,11.352538108825684,12.268065452575684,5.676269054412842,-0.3973388671875,0.34033203125,0.2698974609375
18.379,310,504,797,310,0.0,34.0,39.0,3.173827886581421,18.98193359375,-3.906249761581421,-0.24365234375,0.2861328125,0.168212890625
18.388,309,473,725,310,0.0,34.0,39.0,-3.784179449081421,24.169919967651367,-15.869139671325684,-0.1910400390625,0.19140625,0.12744140625
18.395,310,456,684,311,0.0,34.0,39.0,-6.896972179412842,26.733396530151367,-30.273435592651367,-0.16015625,0.0394287109375,0.132568359375
18.409,310,423,623,310,0.0,34.0,39.0,-0.4272460639476776,30.456541061401367,-46.142574310302734,-0.4346923828125,0.1317138671875,0.0670166015625
18.420,310,399,592,310,0.0,34.0,39.0,16.2353515625,34.3017578125,-56.274410247802734,-0.4346923828125,0.1317138671875,0.0670166015625
18.425,309,382,578,311,0.0,34.0,39.0,32.3486328125,34.36279296875,-56.640621185302734,-0.623046875,0.33154296875,0.0216064453125
18.451,310,378,552,309,0.0,34.0,39.0,34.97314453125,30.883787155151367,-51.208492279052734,-0.6888427734375,0.4471435546875,0.135498046875
18.452,309,372,538,311,0.0,34.0,39.0,23.620603561401367,25.451658248901367,-45.349117279052734,-0.6888427734375,0.4471435546875,0.135498046875
18.455,309,369,516,310,0.0,34.0,39.0,8.11767578125,20.446775436401367,-41.259761810302734,-0.7056884765625,0.35009765625,0.2332763671875
18.478,310,367,507,310,0.0,34.0,39.0,-2.807616949081421,18.12744140625,-37.4755859375,-0.8017578125,0.1746826171875,0.222900390625
18.484,310,360,506,310,-1.0,37.0,42.0,-5.371093273162842,17.9443359375,-31.860349655151367,-0.8017578125,0.1746826171875,0.222900390625
18.499,296,359,497,308,-1.0,37.0,42.0,-2.0751953125,17.333984375,-24.780271530151367,-0.8468017578125,0.16796875,0.1983642578125
18.500,310,354,488,310,-1.0,37.0,42.0,1.4648436307907104,14.770506858825684,-17.88330078125,-0.8858642578125,0.1934814453125,0.203125
18.508,309,352,488,310,-1.0,37.0,42.0,2.197265625,10.742186546325684,-11.901854515075684,-0.9229736328125,0.246337890625,0.2154541015625
18.522,310,349,477,310,-1.0,37.0,42.0,0.7324218153953552,6.774901866912842,-6.713866710662842,-0.9229736328125,0.246337890625,0.2154541015625
18.524,289,345,472,309,-1.0,37.0,42.0,-1.3427733182907104,4.0283203125,-2.197265625,-0.909912109375,0.2442626953125,0.1917724609375
18.537,309,345,468,309,-1.0,37.0,42.0,-3.112792730331421,2.44140625,1.8920897245407104,-0.8876953125,0.2017822265625,0.1375732421875
18.557,310,349,473,309,-1.0,37.0,42.0,-4.82177734375,0.9155272841453552,5.859374523162842,-0.8876953125,0.2017822265625,0.1375732421875
18.558,309,354,475,310,-1.0,37.0,42.0,-5.798339366912842,-0.9765624403953552,10.009765625,-0.8837890625,0.2135009765625,0.122314453125
18.571,310,364,479,310,-1.0,37.0,42.0,-6.591796398162842,-2.990722417831421,14.221190452575684,-0.8150634765625,0.2396240234375,0.0859375
18.580,309,369,493,310,0.0,34.0,51.0,-9.27734375,-5.0048828125,18.4326171875,-0.8150634765625,0.2396240234375,0.0859375
18.589,308,379,506,310,0.0,34.0,51.0,-14.709471702575684,-7.690429210662842,22.705076217651367,-0.7440185546875,0.2176513671875,0.0714111328125
18.598,309,414,585,310,0.0,34.0,51.0,-21.972654342651367,-11.596678733825684,27.221677780151367,-0.3218994140625,0.124755859375,-0.0137939453125
18.606,310,452,657,310,0.0,34.0,51.0,-28.503416061401367,-17.08984375,30.883787155151367,-0.3218994140625,0.124755859375,-0.0137939453125
18.614,310,496,676,309,0.0,34.0,51.0,-34.912109375,-25.268552780151367,30.212400436401367,0.052001953125,0.0880126953125,-0.1458740234375
18.628,311,587,782,312,0.0,34.0,51.0,-49.194332122802734,-49.011226654052734,11.169432640075684,0.5933837890625,-0.1129150390625,-0.2408447265625
18.637,310,657,947,312,0.0,34.0,51.0,-49.194332122802734,-49.011226654052734,11.169432640075684,0.55126953125,0.0423583984375,-0.0867919921875
18.644,311,712,1092,310,0.0,34.0,51.0,-34.5458984375,-55.969234466552734,-4.69970703125,0.55126953125,0.0423583984375,-0.0867919921875
18.684,310,814,1282,312,0.0,34.0,51.0,-20.629880905151367,-46.386714935302734,-72.021484375,-0.4462890625,0.55908203125,0.548828125
18.690,312,853,1374,298,0.0,34.0,51.0,-20.629880905151367,-46.386714935302734,-72.021484375,-1.18701171875,0.5423583984375,0.74365234375
18.702,310,918,1444,311,3.0,31.0,43.0,-59.387203216552734,-29.357908248901367,-99.85350799560547,-1.18701171875,0.5423583984375,0.74365234375
18.706,311,987,1559,312,3.0,31.0,43.0,-85.57128143310547,-27.526853561401367,-65.49072265625,-2.1435546875,1.20947265625,0.829833984375
18.707,317,1005,1597,312,3.0,31.0,43.0,-85.57128143310547,-27.526853561401367,-65.49072265625,-2.3311767578125,0.6185302734375,1.2418212890625
18.707,310,1039,1588,312,3.0,31.0,43.0,-71.533203125,-40.344234466552734,-50.659175872802734,-2.3311767578125,0.6185302734375,1.2418212890625
18.728,309,1014,1492,311,3.0,31.0,43.0,4.94384765625,-13.488768577575684,-41.809078216552734,-2.663818359375,-0.6270751953125,0.7958984375
18.728,310,1011,1471,313,3.0,31.0,43.0,70.86181640625,6.896972179412842,-17.08984375,-1.6844482421875,-0.53564453125,0.2183837890625
18.736,310,1014,1463,311,3.0,31.0,43.0,70.86181640625,6.896972179412842,-17.08984375,-1.0369873046875,0.1602783203125,-0.0611572265625
18.762,311,1008,1447,312,3.0,31.0,43.0,106.87255096435547,20.080564498901367,16.11328125,-1.3529052734375,0.9207763671875,0.0262451171875
18.765,310,989,1437,312,3.0,31.0,43.0,29.174802780151367,24.108884811401367,26.184080123901367,-1.84228515625,0.9720458984375,0.2413330078125
18.787,309,966,1419,312,3.0,31.0,43.0,29.174802780151367,24.108884811401367,26.184080123901367,-1.92529296875,0.5794677734375,0.4337158203125
18.787,310,917,1369,312,8.0,33.0,46.0,-46.386714935302734,21.606443405151367,25.268552780151367,-1.7686767578125,0.330810546875,0.5155029296875
18.789,310,877,1309,311,8.0,33.0,46.0,-29.418943405151367,17.333984375,24.841306686401367,-1.6427001953125,0.34716796875,0.4747314453125
18.796,310,835,1234,312,8.0,33.0,46.0,-29.418943405151367,17.333984375,24.841306686401367,-1.5474853515625,0.4405517578125,0.3785400390625
18.814,310,750,1104,312,8.0,33.0,46.0,6.225585460662842,17.02880859375,33.69140625,-1.36669921875,0.503173828125,0.302001953125
18.817,310,698,1024,312,8.0,33.0,46.0,9.3994140625,16.9677734375,45.043941497802734,-1.062255859375,0.4453125,0.2867431640625
18.831,310,653,932,311,8.0,33.0,46.0,9.3994140625,16.9677734375,45.043941497802734,-0.674072265625,0.2366943359375,0.2960205078125
18.839,309,564,827,310,8.0,33.0,46.0,-4.94384765625,17.333984375,56.030269622802734,-0.2938232421875,-0.0186767578125,0.264892578125
18.848,309,522,790,311,8.0,33.0,46.0,-7.446288585662842,19.6533203125,49.987789154052734,-0.02392578125,-0.21630859375,0.2342529296875
18.861,310,498,742,311,8.0,33.0,46.0,0.0,21.972654342651367,38.02490234375,0.074951171875,-0.285888671875,0.2596435546875
18.889,310,477,689,310,8.0,33.0,46.0,13.977049827575684,23.620603561401367,21.911619186401367,-0.0408935546875,-0.18505859375,0.2650146484375
18.890,310,442,648,308,0.0,35.0,49.0,28.869626998901367,27.770994186401367,4.33349609375,-0.295654296875,0.0576171875,0.147705078125
18.890,311,450,616,310,0.0,35.0,49.0,41.503902435302734,36.4990234375,-11.047362327575684,-0.5419921875,0.341796875,-0.0267333984375
18.900,310,447,592,310,0.0,35.0,49.0,47.790523529052734,42.968746185302734,-20.385740280151367,-0.68408203125,0.5697021484375,-0.1043701171875
18.907,310,437,592,310,0.0,35.0,49.0,41.076656341552734,39.85595703125,-23.193357467651367,-0.70703125,0.65673828125,-0.0618896484375
18.915,310,436,594,310,0.0,35.0,49.0,22.460935592651367,30.334470748901367,-23.986814498901367,-0.662109375,0.582763671875,0.031494140625
18.939,309,441,601,310,0.0,35.0,49.0,1.7089842557907104,21.545408248901367,-25.268552780151367,-0.6396484375,0.4332275390625,0.1278076171875
18.939,310,442,601,310,0.0,35.0,49.0,-12.329100608825684,15.869139671325684,-25.268552780151367,-0.7115478515625,0.30322265625,0.19970703125
18.945,310,444,601,310,0.0,35.0,49.0,-16.7236328125,13.122557640075684,-22.827146530151367,-0.8294677734375,0.2420654296875,0.2325439453125
18.961,310,441,594,310,0.0,35.0,49.0,-14.831542015075684,12.268065452575684,-18.1884765625,-0.928955078125,0.23583984375,0.2366943359375
18.967,308,437,594,310,0.0,35.0,49.0,-11.779784202575684,11.596678733825684,-12.207030296325684,-0.9971923828125,0.22607421875,0.239013671875
18.998,310,433,590,310,1.0,36.0,42.0,-10.498045921325684,9.765625,-6.225585460662842,-1.021240234375,0.1771240234375,0.2508544921875
19.000,308,428,578,308,1.0,36.0,42.0,-9.70458984375,6.774901866912842,-0.6713866591453552,-1.0072021484375,0.1156005859375,0.2608642578125
19.000,297,428,572,310,1.0,36.0,42.0,-6.286620616912842,3.417968511581421,5.310058116912842,-0.9876708984375,0.0992431640625,0.2606201171875
19.005,309,426,557,310,1.0,36.0,42.0,0.2441406100988388,0.6103515625,12.145995140075684,-0.984130859375,0.1451416015625,0.2451171875
19.019,308,420,529,310,1.0,36.0,42.0,7.263183116912842,-0.30517578125,18.798828125,-0.99072265625,0.2220458984375,0.2154541015625
19.041,310,419,522,310,1.0,36.0,42.0,10.803221702575684,0.1220703050494194,23.620603561401367,-0.9832763671875,0.282470703125,0.183349609375
19.041,294,399,513,310,1.0,36.0,42.0,9.1552734375,0.3662109076976776,26.672361373901367,-0.9462890625,0.298095703125,0.15625
19.049,310,411,519,310,1.0,36.0,42.0,4.08935546875,-0.1831054538488388,29.541013717651367,-0.885498046875,0.2738037109375,0.1402587890625
19.065,309,414,532,310,1.0,36.0,42.0,-0.6103515625,-1.5869139432907104,33.5693359375,-0.8133544921875,0.2332763671875,0.1380615234375
19.065,310,421,552,310,1.0,36.0,42.0,-4.39453125,-2.868652105331421,39.00146484375,-0.728759765625,0.20458984375,0.1412353515625
19.083,309,438,622,310,-1.0,34.0,44.0,-10.498045921325684,-4.39453125,44.372554779052734,-0.6036376953125,0.1966552734375,0.121826171875
19.099,310,479,663,310,-1.0,34.0,44.0,-19.83642578125,-10.253905296325684,46.203609466552734,-0.3414306640625,0.1531982421875,0.0440673828125
19.099,310,522,658,310,-1.0,34.0,44.0,-24.536130905151367,-24.536130905151367,39.97802734375,0.07470703125,-0.027587890625,-0.074462890625
19.104,310,568,691,310,-1.0,34.0,44.0,-11.352538108825684,-45.837398529052734,24.353025436401367,0.4920654296875,-0.2969970703125,-0.1036376953125
19.118,311,654,868,311,-1.0,34.0,44.0,26.367185592651367,-66.40625,3.967284917831421,0.81884765625,-0.31884765625,-0.0595703125
19.128,310,723,989,311,-1.0,34.0,44.0,73.3642578125,-75.01220703125,-20.141599655151367,0.809814453125,0.162353515625,-0.1361083984375
19.139,310,796,1116,311,-1.0,34.0,44.0,81.97020721435547,-65.00244140625,-49.194332122802734,0.27392578125,0.721923828125,-0.2052001953125
19.152,309,895,1311,312,-1.0,34.0,44.0,25.573728561401367,-39.6728515625,-74.951171875,-0.6507568359375,0.927001953125,-0.05908203125
19.168,310,944,1437,312,-1.0,34.0,44.0,-54.199214935302734,-10.131834983825684,-79.833984375,-1.7235107421875,1.1214599609375,0.174072265625
19.171,310,981,1511,312,-1.0,34.0,44.0,-117.06542205810547,-3.051757574081421,-57.373043060302734,-2.306884765625,1.2593994140625,0.5369873046875
19.207,310,1034,1584,312,4.0,32.0,42.0,-154.4189453125,-28.930662155151367,-31.127927780151367,-2.2366943359375,0.6063232421875,1.1417236328125
19.207,308,1039,1564,310,4.0,32.0,42.0,-137.63427734375,-51.818843841552734,-25.817869186401367,-2.23486328125,-0.4190673828125,1.51904296875
19.207,296,1026,1450,314,4.0,32.0,42.0,-56.335445404052734,-41.870113372802734,-25.634763717651367,-2.529052734375,-0.609130859375,1.3048095703125
19.209,310,1024,1395,311,4.0,32.0,42.0,40.222164154052734,-14.709471702575684,-1.6479490995407104,-2.2435302734375,-0.1458740234375,0.7706298828125
19.216,310,1026,1422,312,4.0,32.0,42.0,103.02733612060547,9.94873046875,27.648923873901367,-1.3367919921875,0.2874755859375,0.2440185546875
19.224,310,1026,1415,313,4.0,32.0,42.0,111.38915252685547,27.526853561401367,32.65380859375,-1.0234375,0.813232421875,-0.03955078125
19.240,310,1018,1400,313,4.0,32.0,42.0,61.279293060302734,35.15625,23.498533248901367,-1.814697265625,0.9571533203125,0.2044677734375
19.246,310,994,1380,310,4.0,32.0,42.0,-6.530761241912842,35.46142578125,13.854979515075684,-1.814697265625,0.9571533203125,0.2044677734375
19.254,310,972,1361,312,4.0,32.0,42.0,-41.870113372802734,30.456541061401367,5.432128429412842,-1.8355712890625,0.5594482421875,0.3822021484375
19.273,311,929,1284,312,0.0,35.0,47.0,-40.466304779052734,21.972654342651367,0.9765624403953552,-1.548095703125,0.39599609375,0.405517578125
19.276,310,889,1232,311,0.0,35.0,47.0,-22.521970748901367,16.4794921875,0.7934569716453552,-1.548095703125,0.39599609375,0.405517578125
19.302,310,840,1166,312,0.0,35.0,47.0,-4.45556640625,16.17431640625,3.417968511581421,-1.4248046875,0.4339599609375,0.3372802734375
19.303,297,766,1041,312,0.0,35.0,47.0,6.958007335662842,18.1884765625,9.33837890625,-1.0028076171875,0.472412109375,0.29150390625
19.307,310,713,944,311,0.0,35.0,47.0,9.27734375,20.01953125,18.1884765625,-1.0028076171875,0.472412109375,0.29150390625
19.314,311,666,864,311,0.0,35.0,47.0,0.6103515625,21.850584030151367,25.695798873901367,-0.769287109375,0.3582763671875,0.3016357421875
19.329,309,572,758,312,0.0,35.0,47.0,-14.038084983825684,25.085447311401367,28.747556686401367,-0.4046630859375,0.006103515625,0.21142578125
19.343,310,533,697,311,0.0,35.0,47.0,-23.071287155151367,29.235837936401367,27.038572311401367,-0.4046630859375,0.006103515625,0.21142578125
19.344,310,491,639,309,0.0,35.0,47.0,-19.22607421875,31.555173873901367,20.202634811401367,-0.2640380859375,-0.19677734375,0.2427978515625
19.358,310,456,566,310,0.0,35.0,47.0,-1.7700194120407104,31.860349655151367,7.507323741912842,-0.271240234375,-0.225830078125,0.2578125
19.378,310,433,531,310,0.0,35.0,47.0,24.780271530151367,33.38623046875,-8.60595703125,-0.271240234375,-0.225830078125,0.2578125
19.378,310,418,497,310,3.0,35.0,39.0,52.795406341552734,38.87939453125,-23.376462936401367,-0.43408203125,0.0272216796875,0.091552734375
19.402,310,387,473,310,3.0,35.0,39.0,77.94189453125,40.466304779052734,-31.433103561401367,-0.6414794921875,0.5379638671875,-0.0235595703125
19.402,296,382,457,299,3.0,35.0,39.0,77.94189453125,40.466304779052734,-31.433103561401367,-0.63525390625,0.6036376953125,0.0341796875
19.405,308,377,447,309,3.0,35.0,39.0,65.3076171875,30.273435592651367,-25.939939498901367,-0.63525390625,0.6036376953125,0.0341796875
19.419,310,378,451,309,3.0,35.0,39.0,20.202634811401367,19.95849609375,-22.277830123901367,-0.7144775390625,0.4515380859375,0.114013671875
19.427,310,371,452,309,3.0,35.0,39.0,20.202634811401367,19.95849609375,-22.277830123901367,-0.805908203125,0.378173828125,0.107177734375
19.435,310,367,452,310,3.0,35.0,39.0,5.554198741912842,19.59228515625,-20.507810592651367,-0.805908203125,0.378173828125,0.107177734375
19.449,310,356,449,310,3.0,35.0,39.0,-1.5258787870407104,16.9677734375,-15.319823265075684,-0.96337890625,0.2440185546875,0.0982666015625
19.457,310,357,444,311,3.0,35.0,39.0,-2.868652105331421,12.878417015075684,-12.939452171325684,-1.018798828125,0.2164306640625,0.11669921875
19.473,310,351,434,308,3.0,35.0,39.0,-2.868652105331421,12.878417015075684,-12.939452171325684,-1.036865234375,0.2125244140625,0.133056640625
19.479,308,336,431,310,1.0,36.0,41.0,-3.723144292831421,2.990722417831421,-5.187987804412842,-1.010986328125,0.2132568359375,0.1529541015625
19.508,310,330,424,309,1.0,36.0,41.0,-4.21142578125,-0.9765624403953552,-0.54931640625,-0.955810546875,0.2467041015625,0.1790771484375
19.509,308,322,423,310,1.0,36.0,41.0,-4.21142578125,-0.9765624403953552,-0.54931640625,-0.9000244140625,0.292724609375,0.1968994140625
19.509,294,331,400,309,1.0,36.0,41.0,-9.21630859375,-6.835937023162842,7.812499523162842,-0.8519287109375,0.2808837890625,0.18896484375
19.518,308,337,420,309,1.0,36.0,41.0,-13.488768577575684,-7.873534679412842,8.4228515625,-0.788818359375,0.21923828125,0.146240234375
19.526,308,345,427,310,1.0,36.0,41.0,-13.488768577575684,-7.873534679412842,8.4228515625,-0.7103271484375,0.1524658203125,0.078369140625
19.535,310,360,441,310,1.0,36.0,41.0,-14.587401390075684,-7.751464366912842,8.30078125,-0.6539306640625,0.1036376953125,0.0184326171875
19.550,310,371,464,308,1.0,36.0,41.0,-10.009765625,-10.986327171325684,14.221190452575684,-0.6202392578125,0.1048583984375,-0.0009765625
19.558,308,371,485,310,1.0,36.0,41.0,-12.573241233825684,-16.54052734375,20.446775436401367,-0.5322265625,0.1500244140625,0.0020751953125
19.576,308,385,553,310,1.0,36.0,41.0,-12.573241233825684,-16.54052734375,20.446775436401367,-0.312744140625,0.1630859375,-0.0537109375
19.578,308,481,634,308,0.0,35.0,46.0,-34.36279296875,-35.0341796875,23.620603561401367,0.023681640625,0.0999755859375,-0.2203369140625
19.589,310,533,667,310,0.0,35.0,46.0,-48.706050872802734,-48.095699310302734,15.869139671325684,0.3472900390625,-0.05615234375,-0.3758544921875
19.614,310,594,771,311,0.0,35.0,46.0,-48.706050872802734,-48.095699310302734,15.869139671325684,0.605712890625,-0.183349609375,-0.288818359375
19.617,309,710,1018,311,0.0,35.0,46.0,-33.447265625,-69.3359375,-0.54931640625,0.6033935546875,0.00732421875,-0.0531005859375
19.627,310,749,1151,311,0.0,35.0,46.0,-11.230467796325684,-65.00244140625,-17.51708984375,0.1370849609375,0.3883056640625,0.2730712890625
19.627,311,826,1294,311,0.0,35.0,46.0,-11.230467796325684,-65.00244140625,-17.51708984375,-0.5631103515625,0.47802734375,0.75830078125
19.655,310,917,1437,312,0.0,35.0,46.0,-76.23291015625,-36.7431640625,-63.964839935302734,-1.3294677734375,0.4825439453125,0.9727783203125
19.655,310,963,1506,299,0.0,35.0,46.0,-90.14891815185547,-27.770994186401367,-60.913082122802734,-2.009765625,0.80224609375,0.8355712890625
19.661,310,992,1577,313,0.0,35.0,46.0,-90.14891815185547,-27.770994186401367,-60.913082122802734,-2.4305419921875,0.93017578125,0.8590087890625
19.669,311,1014,1561,312,1.0,33.0,47.0,-48.095699310302734,-41.320796966552734,-16.6015625,-2.8037109375,0.50244140625,1.020263671875
19.679,310,995,1486,312,1.0,33.0,47.0,-15.991209983825684,-33.50830078125,1.4038084745407104,-3.068359375,-0.1165771484375,0.9449462890625
19.684,310,987,1447,312,1.0,33.0,47.0,-15.991209983825684,-33.50830078125,1.4038084745407104,-2.3370361328125,-0.6424560546875,0.6199951171875
19.708,312,992,1445,311,1.0,33.0,47.0,88.13475799560547,-0.1831054538488388,41.687007904052734,-1.17138671875,-0.3609619140625,0.29150390625
19.722,311,966,1434,310,1.0,33.0,47.0,128.5400390625,9.765625,47.485347747802734,-1.0623779296875,0.848876953125,0.13427734375
19.722,310,967,1434,312,1.0,33.0,47.0,87.52440643310547,20.935056686401367,51.208492279052734,-1.6561279296875,1.528076171875,0.138427734375
19.728,310,925,1419,313,1.0,33.0,47.0,3.967284917831421,31.188962936401367,47.485347747802734,-1.99072265625,1.0931396484375,0.26171875
19.736,310,889,1392,311,1.0,33.0,47.0,-43.579097747802734,29.235837936401367,40.527339935302734,-1.92919921875,0.44775390625,0.4176025390625
19.751,311,861,1344,312,1.0,33.0,47.0,-39.85595703125,19.22607421875,39.9169921875,-1.7900390625,0.21533203125,0.4603271484375
19.759,311,770,1213,312,1.0,33.0,47.0,-13.549803733825684,11.779784202575684,47.119136810302734,-1.6788330078125,0.3306884765625,0.3809814453125
19.767,310,721,1111,312,1.0,33.0,45.0,10.559081077575684,7.934569835662842,60.913082122802734,-1.4593505859375,0.5086669921875,0.302978515625
19.780,310,673,1014,311,1.0,33.0,45.0,22.705076217651367,5.249022960662842,77.45361328125,-1.0909423828125,0.517822265625,0.2984619140625
19.787,310,589,873,310,1.0,33.0,45.0,21.667478561401367,5.187987804412842,86.24266815185547,-0.6505126953125,0.3419189453125,0.3197021484375
19.796,311,551,780,312,1.0,33.0,45.0,13.549803733825684,9.21630859375,79.52880859375,-0.206787109375,0.0614013671875,0.29443359375
19.811,310,522,726,311,1.0,33.0,45.0,11.657713890075684,15.319823265075684,58.410640716552734,0.1514892578125,-0.254150390625,0.2572021484375
19.818,309,488,644,310,1.0,33.0,45.0,23.986814498901367,18.85986328125,29.479978561401367,0.276123046875,-0.3856201171875,0.2568359375
19.834,310,473,620,310,1.0,33.0,45.0,42.907711029052734,18.798828125,0.30517578125,0.0960693359375,-0.1290283203125,0.2139892578125
19.835,309,451,608,310,1.0,33.0,45.0,57.678218841552734,21.789548873901367,-23.925779342651367,-0.2513427734375,0.372802734375,0.0679931640625
19.855,310,427,599,310,1.0,33.0,45.0,64.5751953125,31.311033248901367,-40.588375091552734,-0.5460205078125,0.771484375,-0.1092529296875
19.856,310,409,599,310,1.0,33.0,45.0,58.837886810302734,40.344234466552734,-48.767086029052734,-0.670166015625,0.922607421875,-0.2139892578125
19.864,310,413,608,309,0.0,35.0,44.0,39.1845703125,40.771480560302734,-48.950191497802734,-0.701171875,0.9049072265625,-0.1826171875
19.885,309,407,606,309,0.0,35.0,44.0,11.535643577575684,31.860349655151367,-44.921871185302734,-0.73876953125,0.7252197265625,-0.0526123046875
19.886,309,386,608,310,0.0,35.0,44.0,-17.08984375,20.812986373901367,-42.968746185302734,-0.77783203125,0.4195556640625,0.0693359375
19.912,310,402,606,310,0.0,35.0,44.0,-36.92626953125,13.000487327575684,-43.701168060302734,-0.7957763671875,0.129638671875,0.1553955078125
19.913,310,391,607,296,0.0,35.0,44.0,-38.0859375,7.019042491912842,-42.968746185302734,-0.82666015625,-0.024169921875,0.218505859375
19.916,310,407,601,310,0.0,35.0,44.0,-21.850584030151367,1.0986328125,-38.02490234375,-0.8807373046875,-0.0040283203125,0.255126953125
19.924,310,407,594,310,0.0,35.0,44.0,-1.8920897245407104,-3.967284917831421,-29.296873092651367,-0.9261474609375,0.1175537109375,0.2677001953125
19.940,310,399,592,310,0.0,35.0,44.0,8.6669921875,-6.652831554412842,-19.59228515625,-0.95458984375,0.2259521484375,0.2698974609375
19.946,310,394,580,310,0.0,35.0,44.0,7.751464366912842,-7.019042491912842,-10.559081077575684,-0.9635009765625,0.254638671875,0.2840576171875
19.956,312,394,587,312,0.0,35.0,44.0,2.44140625,-5.981444835662842,-2.929687261581421,-0.9517822265625,0.217041015625,0.3062744140625
19.968,309,399,579,308,1.0,35.0,47.0,-0.3662109076976776,-5.126952648162842,3.662109136581421,-0.931396484375,0.1768798828125,0.314208984375
19.976,310,396,577,310,1.0,35.0,47.0,1.220703125,-4.82177734375,10.131834983825684,-0.91943359375,0.176025390625,0.2877197265625
19.986,308,396,575,310,1.0,35.0,47.0,5.493163585662842,-4.39453125,16.357421875,-0.920166015625,0.2138671875,0.2347412109375
20.015,310,387,564,309,1.0,35.0,47.0,9.09423828125,-3.906249761581421,21.484373092651367,-0.9072265625,0.3336181640625,0.1719970703125
20.016,309,394,566,310,1.0,35.0,47.0,10.192870140075684,-4.33349609375,24.536130905151367,-0.9072265625,0.3336181640625,0.1719970703125
20.016,310,394,572,312,1.0,35.0,47.0,8.9111328125,-5.676269054412842,25.695798873901367,-0.8817138671875,0.37646484375,0.1650390625
20.032,310,406,594,310,1.0,35.0,47.0,5.981444835662842,-7.202147960662842,25.573728561401367,-0.758056640625,0.365966796875,0.13818359375
20.054,310,414,608,310,1.0,35.0,47.0,2.44140625,-8.97216796875,24.658201217651367,-0.758056640625,0.365966796875,0.13818359375
20.061,310,424,632,310,1.0,35.0,47.0,-1.2817381620407104,-11.779784202575684,23.437498092651367,-0.6358642578125,0.3135986328125,0.066162109375
20.062,310,483,688,310,1.0,35.0,47.0,-5.493163585662842,-18.4326171875,22.338865280151367,0.045166015625,0.0858154296875,-0.120849609375
20.066,310,525,705,310,1.0,34.0,46.0,-7.446288585662842,-32.89794921875,17.822265625,0.045166015625,0.0858154296875,-0.120849609375
20.074,310,568,751,312,1.0,34.0,46.0,-2.624511480331421,-54.382320404052734,3.417968511581421,0.473876953125,-0.0157470703125,-0.1103515625
20.088,309,668,1009,312,1.0,34.0,46.0,12.268065452575684,-72.32666015625,-22.644041061401367,0.7943115234375,0.4287109375,-0.1688232421875
20.096,308,726,1153,311,1.0,34.0,46.0,32.1044921875,-73.2421875,-58.227535247802734,0.7943115234375,0.4287109375,-0.1688232421875
20.105,310,784,1284,312,1.0,34.0,46.0,26.123044967651367,-56.457515716552734,-96.06932830810547,0.345947265625,0.7822265625,-0.265869140625
20.123,311,891,1514,312,1.0,34.0,46.0,-28.076169967651367,-33.75244140625,-120.84960174560547,-1.5589599609375,0.544677734375,0.2626953125
20.128,310,938,1598,312,1.0,34.0,46.0,-98.93798065185547,-20.874021530151367,-122.19237518310547,-1.5589599609375,0.544677734375,0.2626953125
20.138,310,969,1649,312,1.0,34.0,46.0,-143.37158203125,-31.311033248901367,-104.61425018310547,-2.203857421875,0.2279052734375,0.7662353515625
20.148,311,1017,1684,312,1.0,34.0,46.0,-89.78270721435547,-60.241695404052734,-65.36865234375,-2.2786865234375,-0.5191650390625,1.4117431640625
20.167,310,1024,1677,312,1.0,34.0,46.0,-89.78270721435547,-60.241695404052734,-65.36865234375,-2.4752197265625,-0.1197509765625,1.1358642578125
20.168,310,1009,1619,312,4.0,31.0,43.0,-2.44140625,-44.555660247802734,-40.893550872802734,-2.4752197265625,-0.1197509765625,1.1358642578125
20.178,310,986,1559,312,4.0,31.0,43.0,80.13916015625,-5.920409679412842,22.583005905151367,-1.5059814453125,0.298095703125,0.3734130859375
20.195,311,982,1540,312,4.0,31.0,43.0,80.13916015625,-5.920409679412842,22.583005905151367,-0.835205078125,0.330810546875,0.24609375
20.196,310,982,1538,312,4.0,31.0,43.0,76.904296875,8.544921875,28.869626998901367,-0.835205078125,0.330810546875,0.24609375
20.214,310,969,1531,312,4.0,31.0,43.0,14.953612327575684,23.803709030151367,14.770506858825684,-1.671630859375,0.889404296875,0.280029296875
20.220,309,953,1488,300,4.0,31.0,43.0,14.953612327575684,23.803709030151367,14.770506858825684,-2.0108642578125,0.7113037109375,0.391357421875
20.225,310,923,1502,312,4.0,31.0,43.0,-22.399900436401367,26.794431686401367,6.896972179412842,-1.934326171875,0.4166259765625,0.500244140625
20.239,310,874,1428,312,4.0,31.0,43.0,-25.939939498901367,14.282225608825684,3.540038824081421,-1.73779296875,0.2850341796875,0.5333251953125
20.254,310,827,1373,313,4.0,31.0,43.0,-6.774901866912842,11.596678733825684,7.812499523162842,-1.5804443359375,0.2869873046875,0.491943359375
20.262,309,780,1294,311,4.0,31.0,43.0,-6.774901866912842,11.596678733825684,7.812499523162842,-1.400390625,0.345458984375,0.4295654296875
20.269,310,702,1166,311,1.0,32.0,48.0,14.770506858825684,16.845703125,30.151365280151367,-1.140869140625,0.357666015625,0.39111328125
20.278,310,660,1079,312,1.0,32.0,48.0,11.352538108825684,20.385740280151367,43.273921966552734,-0.8580322265625,0.243896484375,0.35595703125
20.292,310,613,996,311,1.0,32.0,48.0,11.352538108825684,20.385740280151367,43.273921966552734,-0.598876953125,0.0694580078125,0.2764892578125
20.299,310,523,847,311,1.0,32.0,48.0,-1.220703125,26.855466842651367,53.466793060302734,-0.337158203125,-0.10888671875,0.2142333984375
20.326,310,499,785,312,1.0,32.0,48.0,5.920409679412842,26.733396530151367,46.997066497802734,-0.0928955078125,-0.26953125,0.2320556640625
20.326,309,465,721,310,1.0,32.0,48.0,5.920409679412842,26.733396530151367,46.997066497802734,-0.02099609375,-0.3018798828125,0.2508544921875
20.331,310,411,636,310,1.0,32.0,48.0,49.438472747802734,26.245115280151367,13.000487327575684,-0.1483154296875,-0.1387939453125,0.1553955078125
20.339,310,396,587,310,1.0,32.0,48.0,68.29833984375,32.958984375,-4.5166015625,-0.3497314453125,0.15087890625,0.00341796875
20.377,310,401,554,308,1.0,32.0,48.0,68.29833984375,32.958984375,-4.5166015625,-0.498291015625,0.482666015625,-0.046875
20.377,296,393,541,310,1.0,32.0,48.0,73.486328125,38.6962890625,-15.319823265075684,-0.5526123046875,0.7210693359375,-0.017578125
20.382,310,394,537,310,1.0,36.0,51.0,36.1328125,33.3251953125,-14.709471702575684,-0.5948486328125,0.757080078125,0.0208740234375
20.382,308,391,527,310,1.0,36.0,51.0,7.080077648162842,29.907224655151367,-14.221190452575684,-0.6771240234375,0.6392822265625,0.090576171875
20.397,308,386,531,310,1.0,36.0,51.0,7.080077648162842,29.907224655151367,-14.221190452575684,-0.7779541015625,0.4598388671875,0.160888671875
20.399,309,386,521,310,1.0,36.0,51.0,-21.118162155151367,19.53125,-18.5546875,-0.866455078125,0.2984619140625,0.1798095703125
20.427,310,385,524,310,1.0,36.0,51.0,-16.29638671875,13.366698265075684,-20.996091842651367,-0.9354248046875,0.214599609375,0.1710205078125
20.427,310,384,522,310,1.0,36.0,51.0,-16.29638671875,13.366698265075684,-20.996091842651367,-0.9791259765625,0.1944580078125,0.1676025390625
20.443,312,361,496,310,1.0,36.0,51.0,-0.7934569716453552,-0.7934569716453552,-22.583005905151367,-0.9989013671875,0.198974609375,0.1683349609375
20.443,309,363,506,295,1.0,36.0,51.0,3.051757574081421,-6.774901866912842,-19.6533203125,-0.9906005859375,0.202392578125,0.1783447265625
20.452,309,372,501,294,1.0,36.0,51.0,3.051757574081421,-6.774901866912842,-19.6533203125,-0.95458984375,0.1907958984375,0.1949462890625
20.467,308,371,497,310,1.0,36.0,51.0,3.356933355331421,-12.268065452575684,-8.6669921875,-0.904296875,0.171875,0.205078125
20.478,310,372,504,310,0.0,34.0,42.0,2.38037109375,-13.122557640075684,-2.563476324081421,-0.85009765625,0.1468505859375,0.198486328125
20.480,310,377,516,308,0.0,34.0,42.0,0.7934569716453552,-14.526366233825684,4.21142578125,-0.7991943359375,0.1162109375,0.178466796875
20.488,308,391,533,309,0.0,34.0,42.0,-2.807616949081421,-17.08984375,12.756346702575684,-0.7601318359375,0.087646484375,0.166015625
20.506,310,396,545,309,0.0,34.0,42.0,-6.530761241912842,-20.324705123901367,22.827146530151367,-0.7078857421875,0.0665283203125,0.1400146484375
20.520,309,419,574,310,0.0,34.0,42.0,-7.751464366912842,-24.108884811401367,33.5693359375,-0.5496826171875,0.0574951171875,0.064208984375
20.527,312,481,645,309,0.0,34.0,42.0,-6.591796398162842,-30.334470748901367,42.602535247802734,-0.2000732421875,0.0626220703125,-0.02978515625
20.527,311,525,657,310,0.0,34.0,42.0,-5.676269054412842,-41.198726654052734,44.250484466552734,0.2882080078125,0.0819091796875,-0.14794921875
20.534,310,580,708,310,0.0,34.0,42.0,-6.591796398162842,-55.786128997802734,32.8369140625,0.6717529296875,0.0693359375,-0.325439453125
20.548,308,678,989,311,0.0,34.0,42.0,-8.544921875,-65.91796875,11.291502952575684,0.7396240234375,0.0755615234375,-0.392333984375
20.556,311,728,1175,311,0.0,34.0,42.0,-12.695311546325684,-63.415523529052734,-15.441893577575684,0.3946533203125,0.309326171875,-0.1517333984375
20.578,310,790,1344,312,2.0,33.0,49.0,-34.66796875,-50.415035247802734,-46.752925872802734,-0.2525634765625,0.5347900390625,0.3341064453125
20.583,309,886,1514,312,2.0,33.0,49.0,-78.61328125,-33.935546875,-74.27978515625,-0.932861328125,0.4498291015625,0.7799072265625
20.586,311,935,1583,312,2.0,33.0,49.0,-111.02294158935547,-21.972654342651367,-82.27538299560547,-1.528564453125,0.47314453125,0.8994140625
20.601,310,972,1640,311,2.0,33.0,49.0,-109.86327362060547,-23.803709030151367,-65.91796875,-1.897705078125,0.7305908203125,0.84423828125
20.608,310,1022,1719,312,2.0,33.0,49.0,-82.82469940185547,-36.92626953125,-45.532222747802734,-2.0753173828125,0.6448974609375,1.0233154296875
20.631,311,1034,1721,312,2.0,33.0,49.0,-40.649410247802734,-45.227046966552734,-41.442867279052734,-2.375,0.190673828125,1.218017578125
20.632,310,1024,1672,312,2.0,33.0,49.0,4.69970703125,-37.841796875,-40.283199310302734,-2.7369384765625,-0.11767578125,1.052978515625
20.638,310,1012,1611,312,2.0,33.0,49.0,46.569820404052734,-20.996091842651367,-22.460935592651367,-2.3568115234375,-0.1541748046875,0.6600341796875
20.646,311,1000,1580,312,2.0,33.0,49.0,83.19091033935547,-4.8828125,-0.1220703050494194,-1.312255859375,-0.0062255859375,0.2978515625
20.654,312,1003,1574,311,2.0,33.0,49.0,94.17723846435547,7.995604991912842,9.8876953125,-0.7767333984375,0.3406982421875,0.20361328125
20.681,310,1000,1545,312,4.0,31.0,45.0,60.058589935302734,21.484373092651367,10.620116233825684,-1.12939453125,0.6419677734375,0.29638671875
20.681,310,984,1518,311,4.0,31.0,45.0,4.7607421875,36.07177734375,9.94873046875,-1.76123046875,0.6500244140625,0.4114990234375
20.684,310,960,1486,312,4.0,31.0,45.0,-31.494138717651367,42.297359466552734,12.084959983825684,-2.0262451171875,0.4591064453125,0.498291015625
20.704,310,913,1415,312,4.0,31.0,45.0,-35.64453125,36.92626953125,18.37158203125,-1.915771484375,0.29296875,0.5086669921875
20.706,310,877,1338,312,4.0,31.0,45.0,-20.935056686401367,27.954099655151367,27.526853561401367,-1.718505859375,0.2581787109375,0.4932861328125
20.737,302,837,1274,312,4.0,31.0,45.0,-5.0048828125,23.437498092651367,37.41455078125,-1.5596923828125,0.27197265625,0.463623046875
20.738,310,751,1122,311,4.0,31.0,45.0,7.568358898162842,26.062009811401367,48.889156341552734,-1.3985595703125,0.3275146484375,0.3994140625
20.739,307,702,1021,312,4.0,31.0,45.0,15.563963890075684,31.860349655151367,64.02587890625,-1.192626953125,0.3792724609375,0.3333740234375
20.744,310,657,902,310,4.0,31.0,45.0,14.160155296325684,34.912109375,80.2001953125,-0.9171142578125,0.28466796875,0.3160400390625
20.758,308,558,763,311,1.0,35.0,45.0,6.530761241912842,33.87451171875,90.63719940185547,-0.2454833984375,-0.1292724609375,0.298095703125
20.777,308,523,694,311,1.0,35.0,45.0,4.638671875,32.53173828125,90.63719940185547,-0.2454833984375,-0.1292724609375,0.298095703125
20.785,308,508,607,305,1.0,35.0,45.0,16.6015625,31.555173873901367,78.125,0.05859375,-0.29443359375,0.3349609375
20.788,310,475,545,310,1.0,35.0,45.0,40.527339935302734,27.709959030151367,52.551265716552734,-0.01025390625,-0.066162109375,0.220703125
20.796,310,452,516,310,1.0,35.0,45.0,66.650390625,22.949216842651367,20.446775436401367,-0.01025390625,-0.066162109375,0.220703125
20.810,310,438,499,310,1.0,35.0,45.0,86.18163299560547,24.353025436401367,-8.6669921875,-0.3114013671875,0.4029541015625,-0.0321044921875
20.842,308,423,516,310,1.0,35.0,45.0,89.23339080810547,30.090330123901367,-28.747556686401367,-0.6522216796875,1.0411376953125,-0.1505126953125
20.846,309,414,516,310,1.0,35.0,45.0,68.84765625,31.555173873901367,-37.9638671875,-0.6522216796875,1.0411376953125,-0.1505126953125
20.855,310,411,513,310,1.0,35.0,45.0,35.5224609375,27.832029342651367,-41.076656341552734,-0.7286376953125,0.959228515625,-0.1014404296875
20.862,310,402,508,308,1.0,35.0,45.0,4.5166015625,23.010251998901367,-43.212886810302734,-0.8155517578125,0.48486328125,-0.037841796875
20.879,310,399,499,295,1.0,35.0,49.0,-17.08984375,19.04296875,-43.884273529052734,-0.8155517578125,0.48486328125,-0.037841796875
20.879,310,401,508,310,1.0,35.0,49.0,-25.451658248901367,15.136717796325684,-42.907711029052734,-0.849609375,0.2398681640625,0.0360107421875
20.894,310,391,506,310,1.0,35.0,49.0,-13.854979515075684,2.197265625,-38.02490234375,-0.8944091796875,0.018798828125,0.28759765625
20.908,310,391,509,310,1.0,35.0,49.0,-13.854979515075684,2.197265625,-38.02490234375,-0.9217529296875,0.0216064453125,0.3428955078125
20.909,310,387,513,309,1.0,35.0,49.0,-6.103515148162842,-4.94384765625,-31.921384811401367,-0.9217529296875,0.0216064453125,0.3428955078125
20.935,310,386,507,310,1.0,35.0,49.0,-0.9155272841453552,-9.09423828125,-23.437498092651367,-0.932373046875,0.0469970703125,0.3504638671875
20.943,296,391,499,310,1.0,35.0,49.0,5.0048828125,-6.896972179412842,-3.540038824081421,-0.9190673828125,0.1033935546875,0.3272705078125
20.956,310,386,496,308,1.0,35.0,49.0,5.0048828125,-6.896972179412842,-3.540038824081421,-0.912353515625,0.130859375,0.29296875
20.966,309,386,496,310,1.0,35.0,49.0,7.568358898162842,-3.356933355331421,5.920409679412842,-0.912353515625,0.130859375,0.29296875
20.999,308,372,490,308,1.0,35.0,49.0,5.249022960662842,0.6713866591453552,23.803709030151367,-0.9085693359375,0.1826171875,0.1734619140625
21.021,310,384,467,297,0.0,36.0,45.0,5.249022960662842,0.6713866591453552,23.803709030151367,-0.8973388671875,0.2081298828125,0.128662109375
21.033,310,387,493,294,0.0,36.0,45.0,-1.0986328125,-0.0610351525247097,32.53173828125,-0.8973388671875,0.2081298828125,0.128662109375
21.038,296,400,519,310,0.0,36.0,45.0,-12.329100608825684,-2.929687261581421,44.372554779052734,-0.7559814453125,0.26318359375,0.0706787109375
21.039,309,415,537,310,0.0,36.0,45.0,-12.329100608825684,-2.929687261581421,44.372554779052734,-0.560546875,0.2354736328125,0.02197265625
21.040,309,428,563,310,0.0,36.0,45.0,-14.526366233825684,-6.774901866912842,45.837398529052734,-0.560546875,0.2354736328125,0.02197265625
21.041,309,495,606,310,0.0,36.0,45.0,-18.98193359375,-29.602048873901367,39.24560546875,0.2816162109375,0.0152587890625,-0.165771484375
21.041,310,543,616,311,0.0,36.0,45.0,-18.98193359375,-29.602048873901367,39.24560546875,0.64990234375,-0.126220703125,-0.2293701171875
21.041,310,590,678,311,0.0,36.0,45.0,-21.118162155151367,-46.203609466552734,28.625486373901367,0.64990234375,-0.126220703125,-0.2293701171875
21.044,310,695,998,310,0.0,36.0,45.0,20.141599655151367,-69.9462890625,-13.610838890075684,0.63232421875,0.3548583984375,-0.3992919921875
21.051,310,767,1189,310,0.0,36.0,45.0,20.141599655151367,-69.9462890625,-13.610838890075684,-0.0133056640625,0.770751953125,-0.22509765625
21.056,310,827,1325,314,0.0,36.0,45.0,21.728513717651367,-66.7724609375,-52.490230560302734,-0.9554443359375,0.857666015625,0.3291015625
21.070,311,917,1523,314,2.0,32.0,38.0,-114.50194549560547,-30.212400436401367,-88.50096893310547,-1.75927734375,0.9449462890625,0.961181640625
21.083,311,955,1610,312,2.0,32.0,38.0,-157.16552734375,-22.460935592651367,-69.580078125,-2.000732421875,0.9287109375,1.313232421875
21.084,310,989,1666,312,2.0,32.0,38.0,-157.16552734375,-22.460935592651367,-69.580078125,-1.8778076171875,0.3441162109375,1.530029296875
21.114,310,1038,1691,311,2.0,32.0,38.0,-88.98925018310547,-32.5927734375,-55.725093841552734,-2.0771484375,-0.3446044921875,1.5001220703125
21.114,310,1029,1649,311,2.0,32.0,38.0,-1.2817381620407104,-25.329587936401367,-49.316402435302734,-2.6258544921875,-0.3538818359375,1.0455322265625
21.115,310,1025,1602,311,2.0,32.0,38.0,-1.2817381620407104,-25.329587936401367,-49.316402435302734,-2.530517578125,-0.043701171875,0.4754638671875
21.139,311,1013,1553,312,2.0,32.0,38.0,111.14501190185547,0.8544921278953552,2.50244140625,-1.58056640625,0.08349609375,0.0517578125
21.139,311,1014,1543,312,2.0,32.0,38.0,110.04637908935547,14.770506858825684,4.8828125,-0.970458984375,0.3408203125,-0.0592041015625
21.144,310,1013,1529,312,2.0,32.0,38.0,110.04637908935547,14.770506858825684,4.8828125,-1.239501953125,0.724609375,0.1026611328125
21.158,309,1000,1492,312,3.0,33.0,42.0,-2.50244140625,35.70556640625,5.859374523162842,-1.7926025390625,0.8265380859375,0.3760986328125
21.166,311,976,1457,312,3.0,33.0,42.0,-40.344234466552734,36.68212890625,7.934569835662842,-2.0283203125,0.6121826171875,0.5889892578125
21.189,310,944,1419,312,3.0,33.0,42.0,-40.344234466552734,36.68212890625,7.934569835662842,-1.951904296875,0.3582763671875,0.610107421875
21.197,310,893,1292,311,3.0,33.0,42.0,-19.4091796875,22.766111373901367,9.33837890625,-1.7911376953125,0.274169921875,0.531494140625
21.197,310,848,1198,311,3.0,33.0,42.0,9.46044921875,17.02880859375,14.221190452575684,-1.6185302734375,0.3104248046875,0.4603271484375
21.219,310,799,1089,311,3.0,33.0,42.0,9.46044921875,17.02880859375,14.221190452575684,-1.3837890625,0.40869140625,0.38818359375
21.220,310,715,918,310,3.0,33.0,42.0,43.945308685302734,18.5546875,28.747556686401367,-1.0684814453125,0.4495849609375,0.3372802734375
21.239,310,661,834,310,3.0,33.0,42.0,39.55078125,23.681638717651367,33.203125,-0.7017822265625,0.2908935546875,0.3310546875
21.242,310,606,780,310,3.0,33.0,42.0,26.367185592651367,28.259275436401367,33.14208984375,-0.36083984375,0.0269775390625,0.2864990234375
21.249,308,512,685,311,3.0,33.0,42.0,16.357421875,32.53173828125,31.127927780151367,-0.1328125,-0.17431640625,0.203369140625
21.256,311,481,638,310,1.0,33.0,47.0,14.343260765075684,34.423828125,26.916501998901367,-0.0123291015625,-0.267822265625,0.183837890625
21.264,309,456,606,310,1.0,33.0,47.0,17.7001953125,33.447265625,16.17431640625,-0.016845703125,-0.212158203125,0.1778564453125
21.278,310,411,543,310,1.0,33.0,47.0,25.146482467651367,34.423828125,-1.220703125,-0.216552734375,0.047607421875,0.0810546875
21.301,311,396,523,310,1.0,33.0,47.0,33.203125,38.4521484375,-18.00537109375,-0.460693359375,0.374267578125,-0.02734375
21.323,310,387,512,310,1.0,33.0,47.0,34.36279296875,41.564937591552734,-27.587888717651367,-0.5718994140625,0.5904541015625,-0.09716796875
21.324,310,382,507,310,1.0,33.0,47.0,26.062009811401367,39.9169921875,-28.320310592651367,-0.596435546875,0.6490478515625,-0.1107177734375
21.347,310,384,509,310,1.0,33.0,47.0,11.962889671325684,33.14208984375,-23.803709030151367,-0.607666015625,0.5692138671875,-0.0294189453125
21.363,310,370,512,298,1.0,33.0,47.0,-3.234863042831421,26.062009811401367,-18.9208984375,-0.6451416015625,0.43115234375,0.088134765625
21.364,310,391,519,308,1.0,33.0,47.0,-15.441893577575684,21.179197311401367,-15.624999046325684,-0.7147216796875,0.2955322265625,0.1884765625
21.364,310,393,509,308,1.0,33.0,47.0,-20.629880905151367,17.27294921875,-14.587401390075684,-0.8101806640625,0.194091796875,0.25244140625
21.371,310,394,516,310,1.0,34.0,50.0,-18.24951171875,13.549803733825684,-14.099120140075684,-0.9072265625,0.162841796875,0.26025390625
21.373,310,377,499,296,1.0,34.0,50.0,-11.474608421325684,9.46044921875,-11.474608421325684,-0.981201171875,0.18310546875,0.2158203125
21.391,308,385,494,310,1.0,34.0,50.0,-4.39453125,4.5166015625,-7.629394054412842,-1.0213623046875,0.197998046875,0.1591796875
21.426,310,384,485,308,1.0,34.0,50.0,-0.3662109076976776,-0.30517578125,-4.638671875,-1.0238037109375,0.189453125,0.130126953125
21.450,309,369,493,310,1.0,34.0,50.0,0.4272460639476776,-3.845214605331421,-2.38037109375,-0.994140625,0.164306640625,0.136962890625
21.461,310,384,490,310,1.0,34.0,50.0,0.30517578125,-5.920409679412842,0.1220703050494194,-0.9459228515625,0.1434326171875,0.161376953125
21.466,310,384,494,310,1.0,34.0,50.0,0.6103515625,-7.446288585662842,3.356933355331421,-0.90576171875,0.1612548828125,0.1856689453125
21.470,309,393,502,310,1.0,34.0,50.0,0.30517578125,-9.1552734375,7.385253429412842,-0.8773193359375,0.2052001953125,0.2012939453125
21.473,308,393,488,310,1.0,34.0,50.0,-1.6479490995407104,-10.986327171325684,11.779784202575684,-0.839111328125,0.2186279296875,0.1932373046875
21.475,310,400,513,296,1.0,34.0,50.0,-5.554198741912842,-12.390135765075684,16.357421875,-0.784912109375,0.19580078125,0.1495361328125
21.475,308,424,579,310,0.0,33.0,47.0,-11.535643577575684,-13.916014671325684,21.423337936401367,-0.4249267578125,0.134033203125,0.012451171875
21.475,310,451,658,287,0.0,33.0,47.0,-18.1884765625,-17.15087890625,25.634763717651367,-0.4249267578125,0.134033203125,0.012451171875
21.477,310,499,689,309,0.0,33.0,47.0,-23.559568405151367,-23.803709030151367,24.230955123901367,-0.0234375,0.090576171875,-0.134765625
21.492,310,557,810,311,0.0,33.0,47.0,-29.907224655151367,-35.15625,14.404295921325684,0.35888671875,0.0400390625,-0.3017578125
21.499,310,657,1037,312,0.0,33.0,47.0,-37.17041015625,-48.583980560302734,0.7324218153953552,0.6004638671875,0.03369140625,-0.353515625
21.506,310,716,1189,311,0.0,33.0,47.0,-34.85107421875,-59.570308685302734,-13.488768577575684,0.6190185546875,0.207763671875,-0.21484375
21.549,310,777,1346,312,0.0,33.0,47.0,-24.169919967651367,-65.00244140625,-31.372068405151367,0.3031005859375,0.4215087890625,0.1446533203125
21.550,310,878,1519,299,0.0,33.0,47.0,-24.719236373901367,-62.499996185302734,-52.795406341552734,-0.9627685546875,0.374755859375,0.9822998046875
21.552,310,932,1583,312,0.0,33.0,47.0,-44.311519622802734,-50.354000091552734,-70.37353515625,-0.9627685546875,0.374755859375,0.9822998046875
21.552,310,968,1640,313,0.0,33.0,47.0,-63.964839935302734,-35.400390625,-73.05908203125,-1.544677734375,0.4962158203125,1.0142822265625
21.558,310,1050,1727,312,6.0,30.0,46.0,-61.767574310302734,-27.954099655151367,-58.715816497802734,-2.2706298828125,0.236328125,0.84130859375
21.566,310,1067,1755,312,6.0,30.0,46.0,-38.75732421875,-29.785154342651367,-44.799800872802734,-2.2706298828125,0.236328125,0.84130859375
21.574,311,1067,1748,312,6.0,30.0,46.0,-4.45556640625,-32.8369140625,-36.92626953125,-2.751953125,-0.12451171875,0.7156982421875
21.594,310,1038,1698,312,6.0,30.0,46.0,32.3486328125,-33.0810546875,-13.977049827575684,-2.2091064453125,-0.216064453125,0.3544921875
21.597,311,1011,1662,312,6.0,30.0,46.0,62.255855560302734,-33.38623046875,25.207517623901367,-2.2091064453125,-0.216064453125,0.3544921875
21.604,310,1000,1644,313,6.0,30.0,46.0,86.30370330810547,-29.052732467651367,49.682613372802734,-0.939208984375,0.1719970703125,0.3839111328125
21.659,310,1008,1655,311,6.0,30.0,46.0,86.60887908935547,-13.183592796325684,46.081539154052734,-0.96630859375,0.9586181640625,0.2855224609375
21.660,310,1003,1655,314,6.0,30.0,46.0,44.250484466552734,13.732909202575684,26.733396530151367,-0.96630859375,0.9586181640625,0.2855224609375
21.661,310,994,1648,314,6.0,30.0,46.0,-12.023924827575684,37.841796875,8.23974609375,-1.5657958984375,0.722412109375,0.28662109375
21.662,307,959,1625,298,6.0,30.0,46.0,-45.593257904052734,45.288082122802734,0.7934569716453552,-1.806884765625,0.3369140625,0.5159912109375
21.664,310,932,1598,312,2.0,32.0,47.0,-47.241207122802734,39.0625,0.8544921278953552,-1.806884765625,0.3369140625,0.5159912109375
21.669,310,907,1568,311,2.0,32.0,47.0,-29.968259811401367,29.235837936401367,1.8310545682907104,-1.6217041015625,0.330322265625,0.5263671875
21.680,310,846,1469,312,2.0,32.0,47.0,2.38037109375,21.850584030151367,5.615233898162842,-1.259765625,0.2684326171875,0.4739990234375
21.688,310,799,1411,312,2.0,32.0,47.0,2.38037109375,21.850584030151367,5.615233898162842,-1.104736328125,0.312255859375,0.4344482421875
21.697,310,756,1344,312,2.0,32.0,47.0,13.488768577575684,23.498533248901367,13.671874046325684,-1.104736328125,0.312255859375,0.4344482421875
21.709,310,700,1206,311,2.0,32.0,47.0,14.221190452575684,28.991697311401367,33.203125,-0.8348388671875,0.2735595703125,0.3114013671875
21.725,310,657,1125,312,2.0,32.0,47.0,14.221190452575684,28.991697311401367,33.203125,-0.7430419921875,0.124755859375,0.2418212890625
21.726,310,607,1053,311,2.0,32.0,47.0,5.0048828125,31.677244186401367,35.21728515625,-0.7430419921875,0.124755859375,0.2418212890625
21.759,309,537,932,312,2.0,32.0,47.0,7.263183116912842,33.8134765625,25.573728561401367,-0.543212890625,0.0511474609375,0.162109375
21.760,310,496,840,310,2.0,32.0,47.0,17.7001953125,32.470703125,13.854979515075684,-0.4859619140625,0.0526123046875,0.1361083984375
21.760,310,452,796,311,3.0,34.0,38.0,17.7001953125,32.470703125,13.854979515075684,-0.50341796875,0.0455322265625,0.06640625
21.769,308,411,676,310,3.0,34.0,38.0,30.090330123901367,32.8369140625,-8.23974609375,-0.5234375,0.0147705078125,0.0233154296875
21.777,310,402,631,309,3.0,34.0,38.0,30.822751998901367,33.447265625,-15.319823265075684,-0.5206298828125,0.0322265625,0.073486328125
21.785,310,386,588,310,3.0,34.0,38.0,30.822751998901367,33.447265625,-15.319823265075684,-0.52001953125,0.1676025390625,0.12451171875
21.799,309,371,551,310,3.0,34.0,38.0,34.1796875,31.921384811401367,-18.798828125,-0.5361328125,0.328857421875,0.1087646484375
21.807,310,354,535,310,3.0,34.0,38.0,31.860349655151367,29.418943405151367,-17.39501953125,-0.598388671875,0.4132080078125,0.0997314453125
21.816,310,337,523,310,3.0,34.0,38.0,31.860349655151367,29.418943405151367,-17.39501953125,-0.686767578125,0.4256591796875,0.14697265625
21.829,310,338,507,309,3.0,34.0,38.0,6.103515148162842,20.812986373901367,-13.122557640075684,-0.7630615234375,0.402587890625,0.201904296875
21.837,310,331,496,310,3.0,34.0,38.0,-1.5258787870407104,15.014647483825684,-8.6669921875,-0.8240966796875,0.353271484375,0.2154541015625
21.863,310,328,479,310,3.0,34.0,38.0,-1.5258787870407104,15.014647483825684,-8.6669921875,-0.8704833984375,0.2767333984375,0.1944580078125
21.864,310,327,469,310,1.0,34.0,47.0,-2.868652105331421,6.835937023162842,-1.5869139432907104,-0.89599609375,0.1925048828125,0.1724853515625
21.868,310,327,465,307,1.0,34.0,47.0,-2.563476324081421,3.784179449081421,2.01416015625,-0.8970947265625,0.1265869140625,0.1688232421875
21.875,310,328,465,310,1.0,34.0,47.0,-2.563476324081421,3.784179449081421,2.01416015625,-0.8701171875,0.0911865234375,0.1771240234375
21.890,310,332,469,309,1.0,34.0,47.0,1.0986328125,-3.295898199081421,13.549803733825684,-0.820556640625,0.1009521484375,0.1812744140625
21.902,310,340,477,309,1.0,34.0,47.0,2.990722417831421,-7.629394054412842,20.690916061401367,-0.7711181640625,0.135009765625,0.16943359375
21.905,310,352,465,308,1.0,34.0,47.0,2.685546636581421,-11.230467796325684,26.611326217651367,-0.7467041015625,0.1519775390625,0.146240234375
21.919,309,371,496,309,1.0,34.0,47.0,-0.3662109076976776,-12.573241233825684,30.883787155151367,-0.7607421875,0.173828125,0.1295166015625
21.930,310,373,509,309,1.0,34.0,47.0,-5.432128429412842,-12.268065452575684,35.7666015625,-0.7901611328125,0.21435546875,0.1365966796875
21.935,310,387,527,308,1.0,34.0,47.0,-12.573241233825684,-12.023924827575684,42.602535247802734,-0.776611328125,0.2130126953125,0.13916015625
21.956,309,410,564,308,0.0,31.0,44.0,-19.10400390625,-13.122557640075684,50.109859466552734,-0.6761474609375,0.148193359375,0.0440673828125
21.957,309,449,603,310,0.0,31.0,44.0,-20.690916061401367,-19.775390625,55.786128997802734,-0.4232177734375,0.103515625,-0.1170654296875
21.968,310,490,639,310,0.0,31.0,44.0,-19.34814453125,-36.4990234375,55.419918060302734,0.0809326171875,0.1190185546875,-0.2174072265625
21.980,311,576,780,310,0.0,31.0,44.0,-19.04296875,-59.387203216552734,41.015621185302734,0.5662841796875,0.0863037109375,-0.231201171875
21.987,310,639,966,310,0.0,31.0,44.0,-14.404295921325684,-78.18603515625,12.084959983825684,0.803466796875,0.0601806640625,-0.20556640625
21.995,310,710,1156,312,0.0,31.0,44.0,3.417968511581421,-83.00780487060547,-25.329587936401367,0.7353515625,0.3028564453125,-0.173583984375
22.011,310,822,1458,311,0.0,31.0,44.0,10.314940452575684,-71.47216796875,-63.598628997802734,0.146240234375,0.668212890625,-0.0174560546875
22.017,310,877,1582,311,0.0,31.0,44.0,-27.404783248901367,-50.903316497802734,-87.09716033935547,-0.75,0.8056640625,0.31005859375
22.025,311,936,1691,312,0.0,31.0,44.0,-85.26610565185547,-33.3251953125,-87.28026580810547,-1.521240234375,0.8011474609375,0.677978515625
22.039,310,1013,1786,312,0.0,31.0,44.0,-124.38964080810547,-34.3017578125,-69.580078125,-1.991455078125,0.570556640625,1.0662841796875
22.067,310,1042,1796,312,0.0,31.0,44.0,-125.73241424560547,-49.621578216552734,-50.781246185302734,-2.273681640625,-0.081298828125,1.40673828125
22.067,310,1055,1792,312,7.0,33.0,47.0,-72.20458984375,-55.603023529052734,-37.353515625,-2.6817626953125,-0.43115234375,1.4044189453125
22.069,310,1027,1691,312,7.0,33.0,47.0,16.357421875,-47.668453216552734,-10.253905296325684,-3.0078125,-0.1732177734375,1.044921875
22.082,310,1014,1648,312,7.0,33.0,47.0,87.21923065185547,-34.0576171875,30.395505905151367,-2.313232421875,0.011474609375,0.5865478515625
22.085,311,996,1595,312,7.0,33.0,47.0,121.52098846435547,-12.756346702575684,52.307125091552734,-1.1427001953125,0.192138671875,0.2569580078125
22.106,310,1003,1595,313,7.0,33.0,47.0,115.60057830810547,11.840819358825684,47.668453216552734,-0.7449951171875,0.697265625,0.1566162109375
22.107,310,1000,1596,298,7.0,33.0,47.0,62.988277435302734,31.494138717651367,32.71484375,-1.1524658203125,1.06787109375,0.164306640625
22.115,312,987,1588,312,7.0,33.0,47.0,-4.45556640625,43.945308685302734,18.310546875,-1.8084716796875,1.029052734375,0.2969970703125
22.136,310,944,1543,311,7.0,33.0,47.0,-46.081539154052734,43.701168060302734,10.803221702575684,-2.0931396484375,0.744140625,0.509765625
22.138,310,907,1508,296,7.0,33.0,47.0,-51.574703216552734,32.71484375,8.4228515625,-1.9974365234375,0.465087890625,0.618408203125
22.171,310,872,1457,312,7.0,33.0,47.0,-34.11865234375,21.484373092651367,7.995604991912842,-1.7874755859375,0.3621826171875,0.609130859375
22.171,311,795,1340,311,1.0,33.0,45.0,-11.962889671325684,16.4794921875,9.46044921875,-1.578369140625,0.3370361328125,0.5458984375
22.172,308,742,1239,310,1.0,33.0,45.0,6.347655773162842,17.76123046875,14.465331077575684,-1.3619384765625,0.4189453125,0.4530029296875
22.175,310,710,1139,312,1.0,33.0,45.0,18.00537109375,23.681638717651367,22.827146530151367,-1.103759765625,0.5560302734375,0.3480224609375
22.193,309,616,953,312,1.0,33.0,45.0,16.845703125,31.494138717651367,28.137205123901367,-0.8212890625,0.4969482421875,0.2823486328125
22.198,310,554,837,310,1.0,33.0,45.0,2.746581792831421,38.0859375,26.184080123901367,-0.565673828125,0.2396240234375,0.2344970703125
22.209,310,483,713,311,1.0,33.0,45.0,-12.207030296325684,42.663570404052734,20.385740280151367,-0.3494873046875,-0.0821533203125,0.1961669921875
22.219,308,425,594,310,1.0,33.0,45.0,-13.916014671325684,44.555660247802734,13.122557640075684,-0.038330078125,-0.51123046875,0.2591552734375
22.227,308,386,523,310,1.0,33.0,45.0,3.723144292831421,43.945308685302734,3.051757574081421,-0.038330078125,-0.51123046875,0.2591552734375
22.240,308,371,476,310,1.0,33.0,45.0,35.70556640625,45.410152435302734,-9.6435546875,-0.1490478515625,-0.310546875,0.185302734375
22.256,309,338,441,310,-2.0,35.0,43.0,67.44384765625,51.940914154052734,-22.521970748901367,-0.4403076171875,0.4560546875,-0.0279541015625
22.264,309,310,414,310,-2.0,35.0,43.0,82.70262908935547,55.847164154052734,-29.968259811401367,-0.4403076171875,0.4560546875,-0.0279541015625
22.277,310,322,420,294,-2.0,35.0,43.0,77.20947265625,50.964351654052734,-28.869626998901367,-0.4315185546875,0.7525634765625,-0.035400390625
22.280,309,317,419,309,-2.0,35.0,43.0,54.992671966552734,42.419429779052734,-24.597166061401367,-0.58935546875,0.72216796875,0.0650634765625
22.287,308,315,420,309,-2.0,35.0,43.0,21.301267623901367,35.15625,-22.216794967651367,-0.58935546875,0.72216796875,0.0650634765625
22.295,308,315,423,310,-2.0,35.0,43.0,-10.925292015075684,30.700681686401367,-22.827146530151367,-0.7049560546875,0.4765625,0.10107421875
22.313,310,316,430,309,-2.0,35.0,43.0,-28.747556686401367,28.869626998901367,-25.634763717651367,-0.929931640625,0.13525390625,0.0294189453125
22.318,310,322,430,308,-2.0,35.0,43.0,-32.958984375,26.123044967651367,-27.526853561401367,-0.929931640625,0.13525390625,0.0294189453125
22.325,308,315,428,309,-2.0,35.0,43.0,-32.53173828125,18.12744140625,-25.390623092651367,-0.98779296875,0.1395263671875,0.043212890625
22.341,310,314,432,309,-2.0,35.0,43.0,-31.066892623901367,5.554198741912842,-19.775390625,-0.9715576171875,0.169677734375,0.1717529296875
22.348,309,314,433,310,3.0,35.0,39.0,-27.770994186401367,-6.042479991912842,-14.099120140075684,-0.9715576171875,0.169677734375,0.1717529296875
22.374,310,316,428,310,3.0,35.0,39.0,-21.606443405151367,-11.901854515075684,-10.437010765075684,-0.9227294921875,0.14208984375,0.2132568359375
22.374,308,316,427,296,3.0,35.0,39.0,-3.906249761581421,-12.756346702575684,-3.845214605331421,-0.7734375,0.0821533203125,0.214599609375
22.384,308,323,466,310,3.0,35.0,39.0,-3.906249761581421,-12.756346702575684,-3.845214605331421,-0.6968994140625,0.051513671875,0.160888671875
22.385,310,337,478,299,3.0,35.0,39.0,5.249022960662842,-13.732909202575684,1.4038084745407104,-0.6968994140625,0.051513671875,0.160888671875
22.399,308,372,513,310,3.0,35.0,39.0,16.11328125,-20.568845748901367,16.11328125,-0.5699462890625,0.1031494140625,0.052001953125
22.421,310,386,551,310,3.0,35.0,39.0,16.11328125,-20.568845748901367,16.11328125,-0.47265625,0.1868896484375,0.055908203125
22.421,308,401,604,310,3.0,35.0,39.0,15.686034202575684,-26.550291061401367,23.620603561401367,-0.47265625,0.1868896484375,0.055908203125
22.434,310,479,695,310,3.0,35.0,39.0,6.347655773162842,-49.133296966552734,22.949216842651367,0.09423828125,0.34033203125,-0.04248046875
22.446,310,530,792,312,3.0,35.0,39.0,6.347655773162842,-49.133296966552734,22.949216842651367,0.3489990234375,0.334228515625,-0.1956787109375
22.446,310,574,913,312,3.0,33.0,47.0,-9.82666015625,-62.561031341552734,4.638671875,0.3489990234375,0.334228515625,-0.1956787109375
22.459,310,676,1166,312,3.0,33.0,47.0,-37.841796875,-60.607906341552734,-46.569820404052734,0.20263671875,0.4666748046875,-0.3150634765625
22.474,310,730,1357,309,3.0,33.0,47.0,-37.841796875,-60.607906341552734,-46.569820404052734,-0.2474365234375,0.490234375,-0.030029296875
22.477,311,806,1464,312,3.0,33.0,47.0,-54.504390716552734,-52.978511810302734,-67.3828125,-0.2474365234375,0.490234375,-0.030029296875
22.490,310,891,1632,312,3.0,33.0,47.0,-103.33251190185547,-52.734371185302734,-93.68895721435547,-1.3951416015625,-0.12841796875,0.926513671875
22.497,310,947,1689,312,3.0,33.0,47.0,-103.33251190185547,-52.734371185302734,-93.68895721435547,-1.8211669921875,-0.271484375,1.03662109375
22.508,311,986,1725,312,3.0,33.0,47.0,-88.31786346435547,-52.368160247802734,-93.20067596435547,-2.166259765625,-0.021728515625,0.942138671875
22.521,311,1034,1747,314,3.0,33.0,47.0,3.173827886581421,-50.170894622802734,-47.302242279052734,-2.5240478515625,0.3544921875,0.862060546875
22.532,310,1029,1746,312,3.0,33.0,47.0,33.50830078125,-50.292964935302734,-19.59228515625,-2.767333984375,0.3941650390625,0.816650390625
22.546,312,1021,1709,312,3.0,33.0,47.0,33.50830078125,-50.292964935302734,-19.59228515625,-2.3333740234375,0.07763671875,0.7430419921875
22.549,312,996,1652,312,3.0,31.0,48.0,67.19970703125,-42.358394622802734,14.892577171325684,-1.2509765625,-0.1676025390625,0.646728515625
22.575,310,968,1609,313,3.0,31.0,48.0,90.63719940185547,-25.756834030151367,18.61572265625,-0.5899658203125,0.0560302734375,0.5484619140625
22.576,298,969,1602,311,3.0,31.0,48.0,90.63719940185547,-25.756834030151367,18.61572265625,-0.7237548828125,0.470703125,0.3734130859375
22.579,310,966,1602,312,3.0,31.0,48.0,36.376953125,31.249998092651367,15.258788108825684,-1.27001953125,0.601806640625,0.2144775390625
22.589,311,958,1588,311,3.0,31.0,48.0,-10.070799827575684,45.654293060302734,10.253905296325684,-1.8365478515625,0.561767578125,0.2838134765625
22.598,310,935,1578,314,3.0,31.0,48.0,-10.070799827575684,45.654293060302734,10.253905296325684,-2.0469970703125,0.4454345703125,0.4459228515625
22.623,310,889,1523,310,3.0,31.0,48.0,-40.954586029052734,37.17041015625,11.596678733825684,-1.938720703125,0.3057861328125,0.5240478515625
22.623,310,835,1464,294,3.0,31.0,48.0,-32.89794921875,30.029294967651367,16.7236328125,-1.746337890625,0.2064208984375,0.5601806640625
22.629,310,802,1393,312,3.0,31.0,48.0,-19.59228515625,27.038572311401367,25.024412155151367,-1.56689453125,0.188232421875,0.5791015625
22.634,310,755,1309,310,3.0,31.0,48.0,-19.59228515625,27.038572311401367,25.024412155151367,-1.385498046875,0.31201171875,0.526611328125
22.654,310,684,1139,310,1.0,31.0,49.0,4.45556640625,36.1328125,50.842281341552734,-1.173828125,0.4295654296875,0.4259033203125
22.656,310,622,1035,312,1.0,31.0,49.0,2.13623046875,41.625972747802734,62.622066497802734,-0.9117431640625,0.3529052734375,0.350341796875
22.679,312,579,925,311,1.0,31.0,49.0,2.13623046875,41.625972747802734,62.622066497802734,-0.618408203125,0.1199951171875,0.3109130859375
22.679,310,508,763,310,1.0,31.0,49.0,-11.840819358825684,46.264644622802734,66.71142578125,-0.3345947265625,-0.2037353515625,0.30810546875
22.689,310,480,698,311,1.0,31.0,49.0,-4.7607421875,46.691890716552734,58.898921966552734,-0.12646484375,-0.461669921875,0.3134765625
22.694,310,447,642,311,1.0,31.0,49.0,-4.7607421875,46.691890716552734,58.898921966552734,-0.086181640625,-0.4342041015625,0.2603759765625
22.711,310,407,545,309,1.0,31.0,49.0,43.945308685302734,48.095699310302734,30.578611373901367,-0.1639404296875,-0.1925048828125,0.115478515625
22.721,309,391,495,310,1.0,31.0,49.0,68.05419921875,55.236812591552734,11.352538108825684,-0.2919921875,0.150146484375,-0.0308837890625
22.725,310,388,475,310,1.0,31.0,49.0,68.05419921875,55.236812591552734,11.352538108825684,-0.425048828125,0.5496826171875,-0.0596923828125
22.738,310,379,449,310,1.0,31.0,49.0,69.88525390625,58.898921966552734,-8.11767578125,-0.5013427734375,0.817626953125,-0.01708984375
22.781,309,379,442,310,1.0,33.0,49.0,40.10009765625,52.368160247802734,-6.286620616912842,-0.5552978515625,0.8367919921875,0.0169677734375
22.782,310,373,447,310,1.0,33.0,49.0,3.295898199081421,46.447750091552734,-6.347655773162842,-0.6485595703125,0.6729736328125,0.0491943359375
22.782,309,356,430,308,1.0,33.0,49.0,-23.132322311401367,41.687007904052734,-8.7890625,-0.7840576171875,0.46875,0.0618896484375
22.782,308,364,434,299,1.0,33.0,49.0,-30.456541061401367,36.62109375,-10.009765625,-0.906005859375,0.3155517578125,0.0411376953125
22.784,309,360,452,310,1.0,33.0,49.0,-24.536130905151367,29.357908248901367,-9.6435546875,-0.9718017578125,0.2181396484375,0.046630859375
22.798,309,356,447,310,1.0,33.0,49.0,-14.038084983825684,18.73779296875,-9.3994140625,-0.994873046875,0.165283203125,0.0924072265625
22.810,308,351,439,308,1.0,33.0,49.0,-3.173827886581421,6.713866710662842,-8.85009765625,-1.004638671875,0.169921875,0.134033203125
22.823,310,345,438,310,1.0,33.0,49.0,4.57763671875,-3.479003667831421,-6.652831554412842,-0.9962158203125,0.2103271484375,0.1669921875
22.828,309,336,433,310,1.0,33.0,49.0,7.019042491912842,-10.070799827575684,-2.990722417831421,-0.96826171875,0.232177734375,0.2030029296875
22.836,310,332,438,310,1.0,33.0,49.0,6.164550304412842,-12.084959983825684,1.3427733182907104,-0.9302978515625,0.2135009765625,0.22314453125
22.844,310,332,439,308,1.0,37.0,44.0,4.94384765625,-10.314940452575684,6.347655773162842,-0.8837890625,0.16748046875,0.20751953125
22.858,309,343,445,310,1.0,37.0,44.0,4.0283203125,-7.995604991912842,12.817381858825684,-0.833740234375,0.125732421875,0.1588134765625
22.889,308,354,450,308,1.0,37.0,44.0,0.8544921278953552,-8.544921875,21.667478561401367,-0.7872314453125,0.105712890625,0.110107421875
22.890,310,369,463,310,1.0,37.0,44.0,-4.69970703125,-12.207030296325684,31.799314498901367,-0.7464599609375,0.0880126953125,0.0943603515625
22.890,309,384,488,310,1.0,37.0,44.0,-9.58251953125,-16.9677734375,40.893550872802734,-0.692138671875,0.069091796875,0.0909423828125
22.898,310,409,502,310,1.0,37.0,44.0,-12.084959983825684,-22.460935592651367,48.034664154052734,-0.5439453125,0.0692138671875,0.05078125
22.904,309,444,533,310,1.0,37.0,44.0,-12.573241233825684,-31.494138717651367,52.001949310302734,-0.181396484375,0.0625,-0.0181884765625
22.929,308,545,579,310,1.0,37.0,44.0,-12.084959983825684,-47.485347747802734,47.973628997802734,0.37255859375,-0.0068359375,-0.105712890625
22.929,296,564,649,311,1.0,37.0,44.0,-8.544921875,-68.90869140625,32.958984375,0.7960205078125,-0.1302490234375,-0.184326171875
22.934,310,644,810,312,1.0,37.0,44.0,10.620116233825684,-87.52440643310547,12.878417015075684,0.9564208984375,-0.096923828125,-0.2269287109375
22.959,310,761,1098,312,0.0,34.0,46.0,42.175289154052734,-90.94237518310547,-12.634276390075684,0.763671875,0.387939453125,-0.2969970703125
22.959,310,835,1268,310,0.0,34.0,46.0,35.58349609375,-72.93701171875,-48.828121185302734,0.0587158203125,0.9156494140625,-0.265625
22.987,310,889,1430,311,0.0,34.0,46.0,-33.3251953125,-39.6728515625,-81.60399627685547,-1.01904296875,1.0953369140625,0.037109375
22.988,311,998,1640,312,0.0,34.0,46.0,-118.04198455810547,-12.878417015075684,-85.08300018310547,-2.06787109375,1.2735595703125,0.5228271484375
22.988,297,1039,1694,310,0.0,34.0,46.0,-181.15232849121094,-22.033689498901367,-60.180660247802734,-2.4898681640625,0.992431640625,1.157470703125
22.994,309,1069,1725,313,0.0,34.0,46.0,-195.37351989746094,-53.771968841552734,-42.907711029052734,-2.4615478515625,-0.1953125,1.6629638671875
23.008,310,1056,1656,312,0.0,34.0,46.0,-122.86376190185547,-61.157222747802734,-42.785640716552734,-2.7117919921875,-0.962158203125,1.5526123046875
23.030,311,1054,1636,312,0.0,34.0,46.0,10.253905296325684,-44.006343841552734,-22.888181686401367,-2.802490234375,-0.6103515625,0.986572265625
23.030,310,1035,1566,299,0.0,34.0,46.0,122.00926971435547,-27.160642623901367,20.385740280151367,-1.884765625,-0.0982666015625,0.39208984375
23.038,311,1031,1578,311,0.0,34.0,46.0,165.16111755371094,-8.23974609375,44.677730560302734,-0.9090576171875,0.4307861328125,0.0703125
23.046,309,1029,1578,314,2.0,32.0,46.0,127.80760955810547,13.244627952575684,42.297359466552734,-0.83056640625,0.9649658203125,0.0653076171875
23.057,310,1026,1572,312,2.0,32.0,46.0,40.954586029052734,30.151365280151367,29.418943405151367,-1.329345703125,1.063232421875,0.1910400390625
23.085,310,992,1541,310,2.0,32.0,46.0,-30.395505905151367,39.12353515625,15.808104515075684,-2.0047607421875,0.56689453125,0.5318603515625
23.086,308,944,1519,310,2.0,32.0,46.0,-56.579586029052734,36.31591796875,9.21630859375,-2.0047607421875,0.56689453125,0.5318603515625
23.098,311,913,1483,312,2.0,32.0,46.0,-46.997066497802734,26.245115280151367,7.995604991912842,-1.8660888671875,0.4031982421875,0.529052734375
23.099,312,871,1370,310,2.0,32.0,46.0,-23.681638717651367,16.90673828125,9.521484375,-1.4522705078125,0.34130859375,0.46142578125
23.106,310,826,1320,312,2.0,32.0,46.0,-2.746581792831421,11.352538108825684,12.451170921325684,-1.4522705078125,0.34130859375,0.46142578125
23.114,310,777,1246,312,2.0,32.0,46.0,13.305663108825684,10.009765625,18.06640625,-1.21435546875,0.3919677734375,0.4111328125
23.128,311,700,1101,312,2.0,32.0,46.0,23.254392623901367,12.390135765075684,26.245115280151367,-0.694580078125,0.4581298828125,0.28369140625
23.138,311,653,1021,312,2.0,32.0,46.0,22.033689498901367,16.4794921875,31.311033248901367,-0.694580078125,0.4581298828125,0.28369140625
23.144,308,603,942,312,1.0,34.0,45.0,10.253905296325684,20.996091842651367,29.113767623901367,-0.553955078125,0.3062744140625,0.217529296875
23.159,308,516,803,310,1.0,34.0,45.0,-3.601073980331421,25.146482467651367,21.423337936401367,-0.4088134765625,-0.085693359375,0.2200927734375
23.166,311,456,732,310,1.0,34.0,45.0,-8.23974609375,27.648923873901367,9.82666015625,-0.4088134765625,-0.085693359375,0.2200927734375
23.191,310,420,691,309,1.0,34.0,45.0,1.9531248807907104,28.930662155151367,-4.7607421875,-0.3504638671875,-0.2418212890625,0.2794189453125
23.191,310,379,561,290,1.0,34.0,45.0,24.475095748901367,32.2265625,-19.6533203125,-0.4874267578125,-0.1192626953125,0.190185546875
23.196,309,380,523,310,1.0,34.0,45.0,51.147457122802734,39.1845703125,-32.1044921875,-0.5810546875,0.129638671875,0.098876953125
23.207,308,363,490,310,1.0,34.0,45.0,71.044921875,46.447750091552734,-39.36767578125,-0.5810546875,0.129638671875,0.098876953125
23.218,309,331,435,310,1.0,34.0,45.0,75.13427734375,42.663570404052734,-29.541013717651367,-0.54345703125,0.541748046875,0.0712890625
23.235,310,328,414,310,1.0,34.0,45.0,75.13427734375,42.663570404052734,-29.541013717651367,-0.5775146484375,0.5728759765625,0.0693359375
23.236,310,322,408,310,1.0,34.0,45.0,62.561031341552734,38.63525390625,-21.240232467651367,-0.5775146484375,0.5728759765625,0.0693359375
23.248,310,317,378,308,0.0,35.0,47.0,18.1884765625,32.77587890625,-10.192870140075684,-0.8070068359375,0.559326171875,0.0777587890625
23.262,308,313,373,311,0.0,35.0,47.0,18.1884765625,32.77587890625,-10.192870140075684,-0.8798828125,0.510498046875,0.0975341796875
23.264,297,317,373,309,0.0,35.0,47.0,-3.051757574081421,26.794431686401367,-8.056640625,-0.8798828125,0.510498046875,0.0975341796875
23.296,308,322,380,310,0.0,35.0,47.0,-36.865234375,6.103515148162842,-4.45556640625,-0.85693359375,0.399658203125,0.1617431640625
23.297,308,322,382,310,0.0,35.0,47.0,-36.865234375,6.103515148162842,-4.45556640625,-0.8331298828125,0.3309326171875,0.183349609375
23.297,309,317,386,310,0.0,35.0,47.0,-47.546382904052734,-4.5166015625,1.220703125,-0.8331298828125,0.3309326171875,0.183349609375
23.308,310,315,386,309,0.0,35.0,47.0,-46.447750091552734,-8.7890625,9.94873046875,-0.753662109375,0.234130859375,0.1783447265625
23.320,310,316,383,309,0.0,35.0,47.0,-46.447750091552734,-8.7890625,9.94873046875,-0.7117919921875,0.181884765625,0.180419921875
23.324,308,321,380,308,0.0,35.0,47.0,-45.166011810302734,-8.23974609375,10.314940452575684,-0.7117919921875,0.181884765625,0.180419921875
23.342,308,317,379,309,1.0,36.0,43.0,-43.151851654052734,-11.108397483825684,5.493163585662842,-0.64892578125,0.008544921875,0.1187744140625
23.348,308,317,409,308,1.0,36.0,43.0,-37.353515625,-12.756346702575684,4.69970703125,-0.6563720703125,-0.0787353515625,0.0489501953125
23.354,310,326,424,310,1.0,36.0,43.0,-37.353515625,-12.756346702575684,4.69970703125,-0.687255859375,-0.1329345703125,-0.0145263671875
23.368,308,377,444,309,1.0,36.0,43.0,-12.939452171325684,-14.221190452575684,12.512206077575684,-0.7177734375,-0.10888671875,-0.031005859375
23.391,310,408,483,311,1.0,36.0,43.0,-3.784179449081421,-17.76123046875,21.301267623901367,-0.7027587890625,0.02197265625,0.040771484375
23.392,297,425,523,311,1.0,36.0,43.0,-3.784179449081421,-17.76123046875,21.301267623901367,-0.5416259765625,0.2076416015625,0.141845703125
23.398,310,495,685,310,1.0,36.0,43.0,-9.09423828125,-38.57421875,31.311033248901367,-0.1597900390625,0.303955078125,0.016845703125
23.406,311,548,771,310,1.0,36.0,43.0,-26.062009811401367,-46.508785247802734,22.460935592651367,0.1507568359375,0.2054443359375,-0.38623046875
23.416,310,598,875,311,1.0,36.0,43.0,-26.062009811401367,-46.508785247802734,22.460935592651367,0.2451171875,0.0980224609375,-0.489013671875
23.439,309,676,1041,310,1.0,36.0,43.0,-86.73094940185547,-59.631343841552734,3.173827886581421,0.2806396484375,0.14501953125,-0.0936279296875
23.440,308,725,1199,310,1.0,36.0,43.0,-70.98388671875,-64.63623046875,-9.6435546875,0.0926513671875,0.2906494140625,0.3831787109375
23.449,310,780,1326,311,3.0,32.0,38.0,-70.98388671875,-64.63623046875,-9.6435546875,-0.3162841796875,0.3642578125,0.785400390625
23.458,308,878,1458,310,3.0,32.0,38.0,-44.677730560302734,-51.818843841552734,-63.964839935302734,-0.763427734375,0.33203125,0.9964599609375
23.467,310,928,1524,311,3.0,32.0,38.0,-52.429195404052734,-38.6962890625,-73.486328125,-1.3577880859375,0.471435546875,0.925048828125
23.475,311,968,1579,312,3.0,32.0,38.0,-52.429195404052734,-38.6962890625,-73.486328125,-2.0386962890625,0.602783203125,0.841552734375
23.490,312,1029,1655,312,3.0,32.0,38.0,-34.72900390625,-29.785154342651367,-31.738279342651367,-2.5819091796875,0.3900146484375,0.888916015625
23.499,310,1026,1632,312,3.0,32.0,38.0,-12.390135765075684,-27.404783248901367,-10.803221702575684,-2.978515625,0.0245361328125,0.8450927734375
23.505,310,1018,1573,312,3.0,32.0,38.0,18.9208984375,-22.033689498901367,17.08984375,-2.8377685546875,-0.2720947265625,0.6751708984375
23.518,310,998,1484,310,3.0,32.0,38.0,58.837886810302734,-18.37158203125,46.813961029052734,-1.8048095703125,-0.3603515625,0.4832763671875
23.526,311,987,1450,312,3.0,32.0,38.0,96.61864471435547,-12.817381858825684,58.593746185302734,-0.821533203125,0.1976318359375,0.3660888671875
23.546,310,994,1463,311,3.0,32.0,38.0,102.17284393310547,3.417968511581421,49.316402435302734,-0.681640625,1.030029296875,0.26318359375
23.554,309,988,1478,312,3.0,32.0,47.0,59.020992279052734,27.343748092651367,28.198240280151367,-1.161865234375,1.3052978515625,0.1634521484375
23.557,311,982,1478,300,3.0,32.0,47.0,-1.220703125,41.687007904052734,6.958007335662842,-1.733642578125,1.07080078125,0.2431640625
23.569,310,959,1466,311,3.0,32.0,47.0,-38.51318359375,37.841796875,-5.676269054412842,-1.947998046875,0.664794921875,0.412841796875
23.578,310,920,1422,311,3.0,32.0,47.0,-40.405269622802734,23.437498092651367,-11.352538108825684,-1.869873046875,0.38671875,0.5137939453125
23.603,311,889,1377,312,3.0,32.0,47.0,-20.874021530151367,9.58251953125,-12.268065452575684,-1.667724609375,0.3038330078125,0.5445556640625
23.604,310,841,1302,311,3.0,32.0,47.0,3.417968511581421,1.5869139432907104,-9.765625,-1.4183349609375,0.2974853515625,0.5433349609375
23.611,310,780,1159,310,3.0,32.0,47.0,22.705076217651367,-0.54931640625,-2.807616949081421,-1.1778564453125,0.3399658203125,0.5057373046875
23.618,310,745,1073,311,3.0,32.0,47.0,30.578611373901367,2.25830078125,7.934569835662842,-0.951416015625,0.3624267578125,0.4310302734375
23.625,310,711,994,311,3.0,32.0,47.0,26.977537155151367,8.85009765625,17.15087890625,-0.7578125,0.2835693359375,0.3382568359375
23.643,310,644,877,312,0.0,32.0,42.0,17.822265625,16.2353515625,22.277830123901367,-0.628173828125,0.142333984375,0.25048828125
23.648,310,616,823,311,0.0,32.0,42.0,10.070799827575684,21.057126998901367,23.193357467651367,-0.5382080078125,0.0087890625,0.198974609375
23.674,310,582,753,311,0.0,32.0,42.0,10.986327171325684,22.216794967651367,17.822265625,-0.452880859375,-0.097412109375,0.1639404296875
23.674,310,530,710,295,0.0,32.0,42.0,23.376462936401367,22.705076217651367,5.371093273162842,-0.4005126953125,-0.1436767578125,0.1151123046875
23.679,310,495,683,311,0.0,32.0,42.0,39.36767578125,24.414060592651367,-9.94873046875,-0.3990478515625,-0.110107421875,0.0943603515625
23.695,311,466,644,310,0.0,32.0,42.0,48.767086029052734,25.939939498901367,-22.338865280151367,-0.4625244140625,0.0018310546875,0.0584716796875
23.703,310,427,594,310,0.0,32.0,42.0,48.950191497802734,28.747556686401367,-26.977537155151367,-0.57861328125,0.18505859375,-0.0577392578125
23.709,311,417,582,310,0.0,32.0,42.0,45.959468841552734,31.677244186401367,-23.986814498901367,-0.67333984375,0.36767578125,-0.1527099609375
23.715,310,402,562,310,0.0,32.0,42.0,42.724605560302734,29.541013717651367,-17.27294921875,-0.751953125,0.5006103515625,-0.12841796875
23.730,310,390,518,310,0.0,32.0,42.0,33.447265625,20.446775436401367,-9.3994140625,-0.828369140625,0.4510498046875,0.1170654296875
23.737,310,371,502,309,1.0,34.0,40.0,17.02880859375,9.6435546875,-3.295898199081421,-0.828369140625,0.4510498046875,0.1170654296875
23.745,309,363,483,310,1.0,34.0,40.0,2.50244140625,2.929687261581421,-1.6479490995407104,-0.8118896484375,0.3040771484375,0.1842041015625
23.759,308,345,456,308,1.0,34.0,40.0,-0.7324218153953552,2.563476324081421,-6.713866710662842,-0.7672119140625,0.0167236328125,0.184326171875
23.778,310,352,441,309,1.0,34.0,40.0,12.084959983825684,8.72802734375,-18.06640625,-0.7672119140625,0.0167236328125,0.184326171875
23.778,309,352,440,309,1.0,34.0,40.0,39.1845703125,14.831542015075684,-27.099607467651367,-0.7840576171875,0.0635986328125,0.1676025390625
23.803,308,356,447,310,1.0,34.0,40.0,68.359375,12.573241233825684,-26.306150436401367,-0.7606201171875,0.291748046875,0.2423095703125
23.804,310,357,455,308,1.0,34.0,40.0,85.63231658935547,4.21142578125,-18.798828125,-0.7606201171875,0.291748046875,0.2423095703125
23.805,308,362,468,310,1.0,34.0,40.0,86.30370330810547,-3.173827886581421,-10.131834983825684,-0.728515625,0.33740234375,0.306884765625
23.819,308,363,497,310,1.0,34.0,40.0,71.59423828125,-8.97216796875,-1.4038084745407104,-0.6944580078125,0.357666015625,0.4298095703125
23.827,309,369,512,309,1.0,34.0,40.0,46.874996185302734,-15.258788108825684,7.812499523162842,-0.6944580078125,0.357666015625,0.4298095703125
23.840,310,386,519,310,0.0,29.0,46.0,21.057126998901367,-20.446775436401367,16.4794921875,-0.6744384765625,0.3123779296875,0.4246826171875
23.857,309,408,545,310,0.0,29.0,46.0,1.4038084745407104,-21.423337936401367,22.216794967651367,-0.5924072265625,0.21435546875,0.21923828125
23.862,310,415,566,310,0.0,29.0,46.0,-8.97216796875,-18.49365234375,24.475095748901367,-0.5924072265625,0.21435546875,0.21923828125
23.890,309,423,579,310,0.0,29.0,46.0,-11.535643577575684,-16.11328125,25.024412155151367,-0.5367431640625,0.236328125,0.11767578125
23.893,309,465,601,310,0.0,29.0,46.0,-11.230467796325684,-16.845703125,26.184080123901367,-0.394775390625,0.33447265625,-0.0198974609375
23.907,311,497,618,311,0.0,29.0,46.0,-13.549803733825684,-19.53125,28.259275436401367,-0.2735595703125,0.3349609375,-0.10791015625
23.907,311,533,659,310,0.0,29.0,46.0,-21.728513717651367,-22.888181686401367,29.357908248901367,-0.2735595703125,0.3349609375,-0.10791015625
23.909,309,601,814,311,0.0,29.0,46.0,-48.583980560302734,-38.9404296875,7.385253429412842,0.1175537109375,0.1705322265625,-0.1732177734375
23.918,311,639,944,312,0.0,29.0,46.0,-48.583980560302734,-38.9404296875,7.385253429412842,0.1676025390625,0.0394287109375,-0.0494384765625
23.925,310,683,1064,311,0.0,29.0,46.0,-55.419918060302734,-51.330562591552734,-22.094724655151367,0.1676025390625,0.0394287109375,-0.0494384765625
23.941,310,762,1260,311,1.0,30.0,53.0,-50.781246185302734,-64.02587890625,-64.8193359375,-0.436767578125,0.1514892578125,0.3929443359375
23.951,310,810,1348,311,1.0,30.0,53.0,-50.781246185302734,-64.02587890625,-64.8193359375,-1.0086669921875,0.420654296875,0.5323486328125
23.955,310,853,1432,312,1.0,30.0,53.0,-53.039546966552734,-53.100582122802734,-58.837886810302734,-1.0086669921875,0.420654296875,0.5323486328125
23.969,310,922,1547,312,1.0,30.0,53.0,-77.69775390625,-38.2080078125,-17.9443359375,-2.032470703125,0.7852783203125,1.1041259765625
23.986,310,938,1578,312,1.0,30.0,53.0,-77.69775390625,-38.2080078125,-17.9443359375,-2.2901611328125,0.1512451171875,1.3323974609375
23.986,310,944,1582,314,1.0,30.0,53.0,-81.72606658935547,-34.36279296875,-10.559081077575684,-2.2901611328125,0.1512451171875,1.3323974609375
24.006,310,932,1470,311,1.0,30.0,53.0,1.8920897245407104,0.4272460639476776,14.526366233825684,-2.42578125,-0.157470703125,0.7025146484375
24.007,310,912,1413,299,1.0,30.0,53.0,1.8920897245407104,0.4272460639476776,14.526366233825684,-1.6976318359375,0.11865234375,0.3677978515625
24.015,309,912,1393,312,1.0,30.0,53.0,57.006832122802734,13.366698265075684,44.067378997802734,-1.6976318359375,0.11865234375,0.3677978515625
24.032,310,910,1411,312,1.0,30.0,53.0,74.21875,22.277830123901367,37.841796875,-1.02294921875,1.01806640625,0.1466064453125
24.039,310,902,1413,312,1.0,31.0,53.0,29.357908248901367,28.503416061401367,20.507810592651367,-1.547607421875,1.156494140625,0.192626953125
24.052,310,884,1409,313,1.0,31.0,53.0,29.357908248901367,28.503416061401367,20.507810592651367,-1.8419189453125,0.8197021484375,0.3568115234375
24.061,312,847,1371,311,1.0,31.0,53.0,-36.0107421875,24.780271530151367,3.784179449081421,-1.7750244140625,0.421875,0.5087890625
24.067,310,823,1338,312,1.0,31.0,53.0,-24.780271530151367,14.587401390075684,3.356933355331421,-1.593505859375,0.2886962890625,0.5601806640625
24.090,311,799,1302,312,1.0,31.0,53.0,-24.780271530151367,14.587401390075684,3.356933355331421,-1.442626953125,0.288330078125,0.5299072265625
24.114,310,748,1185,310,1.0,31.0,53.0,11.047362327575684,12.207030296325684,12.573241233825684,-1.296875,0.3182373046875,0.4671630859375
24.114,310,710,1091,312,1.0,31.0,53.0,20.324705123901367,18.98193359375,21.911619186401367,-1.0819091796875,0.3828125,0.4071044921875
24.119,311,674,1014,312,1.0,31.0,53.0,20.324705123901367,18.98193359375,21.911619186401367,-0.8037109375,0.3663330078125,0.364990234375
24.120,310,631,893,311,1.0,31.0,53.0,18.9208984375,25.817869186401367,32.04345703125,-0.548095703125,0.2576904296875,0.3209228515625
24.127,310,604,847,310,1.0,31.0,53.0,16.41845703125,27.282712936401367,22.827146530151367,-0.3798828125,0.1536865234375,0.264404296875
24.135,310,574,822,312,0.0,33.0,49.0,16.41845703125,27.282712936401367,22.827146530151367,-0.3385009765625,0.0972900390625,0.2088623046875
24.156,310,524,782,310,0.0,33.0,49.0,23.681638717651367,31.860349655151367,-2.868652105331421,-0.39892578125,0.075439453125,0.1634521484375
24.157,310,481,740,310,0.0,33.0,49.0,26.367185592651367,34.11865234375,-12.084959983825684,-0.4910888671875,0.0540771484375,0.1513671875
24.165,310,481,725,310,0.0,33.0,49.0,26.367185592651367,34.11865234375,-12.084959983825684,-0.568603515625,0.0379638671875,0.142578125
24.221,309,456,695,310,0.0,33.0,49.0,25.329587936401367,38.14697265625,-21.972654342651367,-0.619140625,0.0721435546875,0.0751953125
24.222,309,447,662,311,0.0,33.0,49.0,27.221677780151367,38.51318359375,-20.202634811401367,-0.6368408203125,0.166015625,0.0115966796875
24.223,310,435,629,308,0.0,33.0,49.0,29.541013717651367,34.72900390625,-15.136717796325684,-0.610107421875,0.2562255859375,0.022216796875
24.232,309,426,607,310,0.0,33.0,49.0,30.029294967651367,28.381345748901367,-9.82666015625,-0.580810546875,0.3472900390625,0.090576171875
24.244,308,420,608,311,0.0,33.0,49.0,27.648923873901367,21.118162155151367,-5.126952648162842,-0.587890625,0.4371337890625,0.182373046875
24.244,293,420,599,290,0.0,33.0,49.0,22.583005905151367,15.075682640075684,-2.746581792831421,-0.641845703125,0.4769287109375,0.2371826171875
24.259,296,419,594,310,0.0,34.0,44.0,14.038084983825684,13.366698265075684,-4.2724609375,-0.727294921875,0.46533203125,0.235107421875
24.261,310,419,591,310,0.0,34.0,44.0,4.57763671875,15.075682640075684,-7.629394054412842,-0.8057861328125,0.4129638671875,0.2030029296875
24.266,310,415,564,309,0.0,34.0,44.0,-1.9531248807907104,16.90673828125,-9.82666015625,-0.8653564453125,0.3465576171875,0.17529296875
24.270,310,411,566,311,0.0,34.0,44.0,-5.554198741912842,16.66259765625,-9.21630859375,-0.9114990234375,0.2945556640625,0.173095703125
24.277,310,394,566,309,0.0,34.0,44.0,-6.835937023162842,14.343260765075684,-6.225585460662842,-0.942626953125,0.25341796875,0.181396484375
24.286,308,408,558,310,0.0,34.0,44.0,-6.347655773162842,11.352538108825684,-2.01416015625,-0.958740234375,0.2252197265625,0.1878662109375
24.319,310,402,547,304,0.0,34.0,44.0,-4.8828125,8.23974609375,2.50244140625,-0.9635009765625,0.2174072265625,0.1895751953125
24.321,308,401,543,309,0.0,34.0,44.0,-3.417968511581421,5.371093273162842,6.713866710662842,-0.9552001953125,0.22314453125,0.177001953125
24.338,308,402,538,310,0.0,34.0,44.0,-2.929687261581421,3.295898199081421,10.620116233825684,-0.9322509765625,0.2369384765625,0.15234375
24.338,309,408,543,310,0.0,34.0,44.0,-4.5166015625,1.6479490995407104,14.465331077575684,-0.890380859375,0.2506103515625,0.12744140625
24.343,308,409,554,308,0.0,33.0,45.0,-8.48388671875,0.1831054538488388,18.6767578125,-0.83349609375,0.25732421875,0.1025390625
24.346,310,419,557,310,0.0,33.0,45.0,-16.17431640625,-1.5869139432907104,23.925779342651367,-0.7562255859375,0.2545166015625,0.087158203125
24.359,310,437,604,309,0.0,33.0,45.0,-26.550291061401367,-4.82177734375,29.785154342651367,-0.61669921875,0.21630859375,0.0589599609375
24.368,308,455,632,310,0.0,33.0,45.0,-34.3017578125,-10.986327171325684,34.1796875,-0.3729248046875,0.1431884765625,-0.0078125
24.375,310,497,622,310,0.0,33.0,45.0,-36.1328125,-21.728513717651367,33.99658203125,-0.0162353515625,0.0902099609375,-0.07568359375
24.389,310,576,698,311,0.0,33.0,45.0,-32.3486328125,-36.1328125,26.184080123901367,0.3460693359375,0.0347900390625,-0.1251220703125
24.397,310,622,840,310,0.0,33.0,45.0,-17.76123046875,-47.851558685302734,10.864256858825684,0.600830078125,0.0296630859375,-0.1827392578125
24.407,310,673,987,311,0.0,33.0,45.0,7.324218273162842,-51.574703216552734,-10.620116233825684,0.568115234375,0.2564697265625,-0.250732421875
24.419,310,766,1279,312,0.0,33.0,45.0,12.084959983825684,-49.072261810302734,-36.56005859375,0.1356201171875,0.623046875,-0.1051025390625
24.428,308,827,1430,311,0.0,33.0,45.0,-31.433103561401367,-44.982906341552734,-62.133785247802734,-0.54052734375,0.7691650390625,0.33251953125
24.435,310,878,1531,312,2.0,33.0,47.0,-94.17723846435547,-36.68212890625,-79.52880859375,-1.3145751953125,0.6387939453125,0.763427734375
24.450,310,966,1627,312,2.0,33.0,47.0,-127.56346893310547,-27.587888717651367,-80.74950408935547,-1.947509765625,0.3489990234375,1.0167236328125
24.472,310,992,1656,312,2.0,33.0,47.0,-117.43163299560547,-25.329587936401367,-66.58935546875,-2.2667236328125,-0.0406494140625,1.084716796875
24.473,311,1014,1656,312,2.0,33.0,47.0,-69.9462890625,-24.780271530151367,-42.724605560302734,-2.415283203125,-0.14990234375,1.026611328125
24.480,311,996,1567,312,2.0,33.0,47.0,-2.990722417831421,-22.277830123901367,-10.986327171325684,-2.5401611328125,0.037109375,0.88818359375
24.490,310,988,1524,313,2.0,33.0,47.0,52.978511810302734,-17.76123046875,21.118162155151367,-2.2239990234375,0.061767578125,0.6568603515625
24.495,309,968,1478,312,2.0,33.0,47.0,86.66991424560547,-6.347655773162842,39.48974609375,-1.38330078125,-0.0166015625,0.365234375
24.523,311,966,1460,312,2.0,33.0,47.0,97.16796112060547,11.474608421325684,41.442867279052734,-0.8433837890625,0.8408203125,0.0579833984375
24.524,310,963,1463,310,2.0,33.0,47.0,71.4111328125,28.869626998901367,35.888671875,-0.8433837890625,0.8408203125,0.0579833984375
24.525,310,958,1457,312,2.0,33.0,47.0,20.568845748901367,40.344234466552734,27.343748092651367,-1.2978515625,1.002685546875,0.132568359375
24.540,310,923,1424,311,0.0,33.0,46.0,-24.780271530151367,43.395992279052734,20.01953125,-1.9495849609375,0.5595703125,0.49365234375
24.548,310,891,1390,312,0.0,33.0,46.0,-47.424312591552734,38.818359375,16.54052734375,-1.9495849609375,0.5595703125,0.49365234375
24.567,310,865,1325,308,0.0,33.0,46.0,-42.114253997802734,30.456541061401367,16.90673828125,-1.864501953125,0.313720703125,0.5203857421875
24.569,310,803,1202,312,0.0,33.0,46.0,-18.5546875,22.399900436401367,22.033689498901367,-1.3765869140625,0.3226318359375,0.4786376953125
24.578,310,763,1117,312,0.0,33.0,46.0,7.385253429412842,17.333984375,31.799314498901367,-1.3765869140625,0.3226318359375,0.4786376953125
24.585,310,723,1021,311,0.0,33.0,46.0,25.085447311401367,17.02880859375,44.494625091552734,-1.06591796875,0.3814697265625,0.423828125
24.599,310,662,864,312,0.0,33.0,46.0,31.921384811401367,21.057126998901367,53.466793060302734,-0.560546875,0.2432861328125,0.2864990234375
24.624,310,634,801,311,0.0,33.0,46.0,32.65380859375,26.367185592651367,52.917476654052734,-0.560546875,0.2432861328125,0.2864990234375
24.624,310,601,778,311,0.0,33.0,46.0,32.5927734375,30.090330123901367,43.212886810302734,-0.4029541015625,0.1868896484375,0.20849609375
24.629,310,545,740,312,0.0,35.0,45.0,32.958984375,31.249998092651367,27.587888717651367,-0.3262939453125,0.0540771484375,0.099609375
24.637,310,522,712,311,0.0,35.0,45.0,33.63037109375,30.700681686401367,7.263183116912842,-0.419677734375,0.067138671875,0.1058349609375
24.645,310,495,694,310,0.0,35.0,45.0,34.0576171875,29.663084030151367,-13.671874046325684,-0.419677734375,0.067138671875,0.1058349609375
24.672,310,469,652,310,0.0,35.0,45.0,36.62109375,33.63037109375,-32.77587890625,-0.6295166015625,0.2862548828125,0.0350341796875
24.676,310,451,608,310,0.0,35.0,45.0,36.62109375,33.63037109375,-32.77587890625,-0.6728515625,0.38623046875,-0.0189208984375
24.679,310,435,594,310,0.0,35.0,45.0,37.4755859375,36.1328125,-31.799314498901367,-0.6728515625,0.38623046875,-0.0189208984375
24.699,310,426,558,310,0.0,35.0,45.0,34.0576171875,33.63037109375,-22.888181686401367,-0.684814453125,0.435546875,-0.0408935546875
24.700,308,415,554,310,0.0,35.0,45.0,34.0576171875,33.63037109375,-22.888181686401367,-0.6807861328125,0.44970703125,0.0137939453125
24.729,310,409,551,310,0.0,35.0,45.0,32.16552734375,29.296873092651367,-17.08984375,-0.6807861328125,0.44970703125,0.0137939453125
24.729,308,408,552,310,0.0,35.0,45.0,7.629394054412842,16.90673828125,-9.21630859375,-0.7069091796875,0.3802490234375,0.13916015625
24.730,310,410,557,309,-1.0,36.0,43.0,-6.652831554412842,13.671874046325684,-8.72802734375,-0.760009765625,0.3250732421875,0.1688232421875
24.737,310,408,554,310,-1.0,36.0,43.0,-6.652831554412842,13.671874046325684,-8.72802734375,-0.8294677734375,0.2801513671875,0.169677734375
24.744,310,408,558,310,-1.0,36.0,43.0,-14.038084983825684,12.084959983825684,-8.23974609375,-0.8294677734375,0.2801513671875,0.169677734375
24.758,311,408,559,310,-1.0,36.0,43.0,-16.6015625,7.202147960662842,-1.7089842557907104,-0.91552734375,0.2293701171875,0.1629638671875
24.769,310,408,561,310,-1.0,36.0,43.0,-16.6015625,7.202147960662842,-1.7089842557907104,-0.9217529296875,0.234375,0.1656494140625
24.775,308,409,561,310,-1.0,36.0,43.0,-15.563963890075684,3.173827886581421,2.746581792831421,-0.9217529296875,0.234375,0.1656494140625
24.789,308,411,562,309,-1.0,36.0,43.0,-12.329100608825684,-2.746581792831421,8.9111328125,-0.9156494140625,0.2366943359375,0.1474609375
24.800,310,415,561,310,-1.0,36.0,43.0,-12.329100608825684,-2.746581792831421,8.9111328125,-0.906494140625,0.2296142578125,0.11572265625
24.806,309,420,561,311,-1.0,36.0,43.0,-10.986327171325684,-3.662109136581421,12.390135765075684,-0.906494140625,0.2296142578125,0.11572265625
24.833,310,424,564,310,-1.0,36.0,43.0,-9.6435546875,-7.507323741912842,24.047849655151367,-0.8582763671875,0.2423095703125,0.064697265625
24.836,309,426,579,310,-1.0,36.0,43.0,-9.6435546875,-7.507323741912842,24.047849655151367,-0.797607421875,0.2457275390625,0.0797119140625
24.838,310,419,588,310,-3.0,35.0,43.0,-13.793944358825684,-10.864256858825684,32.3486328125,-0.797607421875,0.2457275390625,0.0797119140625
24.848,310,466,629,310,-3.0,35.0,43.0,-32.2265625,-17.63916015625,45.532222747802734,-0.477783203125,0.161376953125,0.0147705078125
24.857,310,496,629,308,-3.0,35.0,43.0,-32.2265625,-17.63916015625,45.532222747802734,-0.1297607421875,0.07373046875,-0.098388671875
24.870,310,537,630,310,-3.0,35.0,43.0,-36.62109375,-23.193357467651367,45.837398529052734,-0.1297607421875,0.07373046875,-0.098388671875
24.879,310,617,745,310,-3.0,35.0,43.0,-9.27734375,-43.029781341552734,27.343748092651367,0.6026611328125,-0.19775390625,-0.1798095703125
24.889,310,684,837,311,-3.0,35.0,43.0,25.756834030151367,-51.269527435302734,7.690429210662842,0.6951904296875,0.1092529296875,-0.197509765625
24.905,310,730,973,311,-3.0,35.0,43.0,25.756834030151367,-51.269527435302734,7.690429210662842,0.364501953125,0.7225341796875,-0.1077880859375
24.939,310,840,1239,311,-3.0,35.0,43.0,0.0,-52.917476654052734,-53.405757904052734,-0.2518310546875,1.063720703125,0.2041015625
24.942,310,907,1401,311,-3.0,35.0,43.0,-85.81542205810547,-40.710445404052734,-79.7119140625,-0.99267578125,1.0159912109375,0.59033203125
24.945,311,958,1531,312,-3.0,35.0,43.0,-85.81542205810547,-40.710445404052734,-79.7119140625,-1.822509765625,0.923583984375,0.8494873046875
24.953,310,1035,1642,311,3.0,33.0,43.0,-161.74314880371094,-31.311033248901367,-61.462398529052734,-2.42919921875,0.491455078125,1.076171875
24.958,296,1035,1664,308,3.0,33.0,43.0,-125.91551971435547,-41.809078216552734,-37.53662109375,-2.67626953125,-0.2938232421875,1.1839599609375
24.963,310,1067,1615,312,3.0,33.0,43.0,-47.363277435302734,-37.41455078125,-18.12744140625,-2.7845458984375,-0.5067138671875,0.9385986328125
24.973,310,1056,1514,310,3.0,33.0,43.0,-47.363277435302734,-37.41455078125,-18.12744140625,-2.381103515625,-0.20068359375,0.5609130859375
24.981,310,1029,1453,312,3.0,33.0,43.0,116.69921112060547,-12.390135765075684,36.865234375,-1.435302734375,0.07177734375,0.27294921875
24.990,310,1025,1406,312,3.0,33.0,43.0,131.77490234375,1.7700194120407104,38.57421875,-0.82373046875,0.60693359375,0.087646484375
25.018,311,1026,1428,312,3.0,33.0,43.0,131.77490234375,1.7700194120407104,38.57421875,-0.83251953125,1.1387939453125,0.0028076171875
25.033,311,1022,1449,312,3.0,33.0,43.0,25.634763717651367,33.63037109375,4.638671875,-1.277587890625,1.21044921875,0.0633544921875
25.033,311,982,1437,312,3.0,33.0,43.0,-29.296873092651367,35.5224609375,-8.48388671875,-1.76953125,0.9610595703125,0.263427734375
25.034,311,981,1428,312,3.0,33.0,43.0,-53.710933685302734,26.123044967651367,-12.512206077575684,-1.9127197265625,0.570068359375,0.4345703125
25.045,310,931,1377,312,1.0,35.0,43.0,-45.593257904052734,14.099120140075684,-12.390135765075684,-1.80224609375,0.3406982421875,0.4805908203125
25.046,311,891,1310,312,1.0,35.0,43.0,-19.71435546875,5.920409679412842,-8.85009765625,-1.6376953125,0.3450927734375,0.469482421875
25.054,310,853,1243,311,1.0,35.0,43.0,4.8828125,2.563476324081421,-2.563476324081421,-1.4283447265625,0.4302978515625,0.4632568359375
25.074,312,764,1108,312,1.0,35.0,43.0,20.874021530151367,3.479003667831421,5.676269054412842,-1.160400390625,0.4935302734375,0.43505859375
25.076,308,715,1010,312,1.0,35.0,43.0,26.062009811401367,7.690429210662842,12.939452171325684,-0.8807373046875,0.4642333984375,0.374755859375
25.084,311,676,939,311,1.0,35.0,43.0,20.629880905151367,13.916014671325684,15.136717796325684,-0.659423828125,0.3438720703125,0.2906494140625
25.105,309,601,853,310,1.0,35.0,43.0,9.82666015625,20.690916061401367,12.756346702575684,-0.531005859375,0.185302734375,0.2017822265625
25.110,310,561,827,311,1.0,35.0,43.0,1.5869139432907104,26.184080123901367,7.324218273162842,-0.4554443359375,-0.003173828125,0.16357421875
25.136,310,519,780,311,1.0,35.0,43.0,1.2817381620407104,29.052732467651367,-1.5869139432907104,-0.4200439453125,-0.1610107421875,0.1878662109375
25.137,310,447,728,310,3.0,35.0,43.0,10.070799827575684,30.822751998901367,-12.634276390075684,-0.439208984375,-0.2012939453125,0.2069091796875
25.137,310,405,666,311,3.0,35.0,43.0,25.695798873901367,34.5458984375,-24.047849655151367,-0.4967041015625,-0.138916015625,0.167724609375
25.154,309,411,628,308,3.0,35.0,43.0,43.701168060302734,39.36767578125,-35.21728515625,-0.57080078125,0.0052490234375,0.085693359375
25.158,308,380,548,310,3.0,35.0,43.0,57.556148529052734,41.259761810302734,-42.663570404052734,-0.6204833984375,0.23193359375,0.018798828125
25.169,310,362,531,309,3.0,35.0,43.0,60.974117279052734,37.2314453125,-42.785640716552734,-0.6055908203125,0.4288330078125,-0.004150390625
25.181,308,354,512,308,3.0,35.0,43.0,52.856441497802734,30.151365280151367,-37.841796875,-0.5665283203125,0.5111083984375,-0.0040283203125
25.190,310,345,495,309,3.0,35.0,43.0,37.41455078125,24.291990280151367,-31.555173873901367,-0.58154296875,0.53564453125,0.0228271484375
25.198,310,340,479,308,3.0,35.0,43.0,19.53125,19.47021484375,-24.291990280151367,-0.646240234375,0.53271484375,0.080322265625
25.212,310,337,466,309,3.0,35.0,43.0,3.967284917831421,14.770506858825684,-17.15087890625,-0.7220458984375,0.4820556640625,0.1348876953125
25.239,310,330,454,310,3.0,35.0,43.0,-7.324218273162842,11.657713890075684,-12.817381858825684,-0.796875,0.3922119140625,0.161376953125
25.239,309,336,444,310,1.0,37.0,47.0,-14.953612327575684,10.253905296325684,-12.023924827575684,-0.859619140625,0.3057861328125,0.160400390625
25.240,309,336,449,310,1.0,37.0,47.0,-19.775390625,7.263183116912842,-11.169432640075684,-0.9033203125,0.260986328125,0.142333984375
25.249,309,329,441,310,1.0,37.0,47.0,-23.315427780151367,0.1831054538488388,-6.835937023162842,-0.9222412109375,0.2303466796875,0.127197265625
25.260,310,331,440,308,1.0,37.0,47.0,-25.268552780151367,-8.6669921875,-0.4882812201976776,-0.9149169921875,0.1795654296875,0.1224365234375
25.265,310,329,449,310,1.0,37.0,47.0,-23.071287155151367,-14.953612327575684,4.638671875,-0.8897705078125,0.1407470703125,0.1199951171875
25.281,309,336,465,310,1.0,37.0,47.0,-16.17431640625,-17.51708984375,7.446288585662842,-0.85498046875,0.13623046875,0.1151123046875
25.288,309,340,473,310,1.0,37.0,47.0,-7.751464366912842,-18.1884765625,8.72802734375,-0.8094482421875,0.1390380859375,0.1077880859375
25.295,310,345,496,310,1.0,37.0,47.0,-1.7089842557907104,-19.22607421875,9.94873046875,-0.7606201171875,0.1256103515625,0.093994140625
25.313,309,371,522,310,1.0,37.0,47.0,1.7089842557907104,-21.240232467651367,12.268065452575684,-0.725830078125,0.1175537109375,0.081298828125
25.318,310,379,541,310,1.0,37.0,47.0,3.356933355331421,-23.742673873901367,16.6015625,-0.7021484375,0.1461181640625,0.0960693359375
25.348,309,391,578,310,1.0,35.0,43.0,1.4038084745407104,-25.756834030151367,23.071287155151367,-0.6734619140625,0.2039794921875,0.120361328125
25.348,298,428,636,310,1.0,35.0,43.0,-6.042479991912842,-26.977537155151367,29.418943405151367,-0.3992919921875,0.2288818359375,-0.08642578125
25.352,310,456,658,311,1.0,35.0,43.0,-17.76123046875,-30.151365280151367,32.71484375,-0.3992919921875,0.2288818359375,-0.08642578125
25.356,310,499,689,310,1.0,35.0,43.0,-31.921384811401367,-38.2080078125,31.799314498901367,-0.106689453125,0.1607666015625,-0.2135009765625
25.368,310,587,827,311,1.0,35.0,43.0,-43.273921966552734,-49.987789154052734,27.160642623901367,0.48388671875,-0.0076904296875,-0.1241455078125
25.384,311,638,957,312,1.0,35.0,43.0,-39.00146484375,-60.729976654052734,18.37158203125,0.48388671875,-0.0076904296875,-0.1241455078125
25.392,312,695,1096,311,1.0,35.0,43.0,-14.709471702575684,-65.7958984375,2.990722417831421,0.4034423828125,0.1859130859375,0.0338134765625
25.400,310,799,1371,312,1.0,35.0,43.0,-0.6103515625,-67.93212890625,-19.287109375,-0.466552734375,0.5313720703125,0.6781005859375
25.418,311,861,1471,312,1.0,35.0,43.0,-24.902341842651367,-66.7724609375,-45.410152435302734,-0.466552734375,0.5313720703125,0.6781005859375
25.418,310,920,1544,312,1.0,35.0,43.0,-62.988277435302734,-54.748531341552734,-66.650390625,-1.079345703125,0.44921875,0.7601318359375
25.448,310,1000,1640,311,4.0,31.0,45.0,-75.62255859375,-39.73388671875,-68.17626953125,-2.3790283203125,0.2288818359375,0.84765625
25.448,311,1035,1666,313,4.0,31.0,45.0,-61.218257904052734,-36.80419921875,-48.461910247802734,-2.3790283203125,0.2288818359375,0.84765625
25.448,309,1043,1662,312,4.0,31.0,45.0,-32.3486328125,-40.649410247802734,-18.85986328125,-2.7589111328125,0.20361328125,0.996337890625
25.461,312,1024,1551,312,4.0,31.0,45.0,3.662109136581421,-38.39111328125,15.136717796325684,-2.2908935546875,-0.0606689453125,0.7998046875
25.473,310,1001,1483,312,4.0,31.0,45.0,36.68212890625,-26.000974655151367,45.715328216552734,-2.2908935546875,-0.0606689453125,0.7998046875
25.477,297,987,1447,299,4.0,31.0,45.0,69.7021484375,-6.530761241912842,57.006832122802734,-1.1937255859375,-0.0267333984375,0.5252685546875
25.492,310,995,1464,312,4.0,31.0,45.0,72.998046875,33.87451171875,28.503416061401367,-0.9381103515625,1.2615966796875,0.0513916015625
25.500,310,988,1478,312,4.0,31.0,45.0,72.998046875,33.87451171875,28.503416061401367,-1.558837890625,1.24658203125,0.0596923828125
25.505,311,973,1477,312,4.0,31.0,45.0,15.502928733825684,45.959468841552734,9.3994140625,-1.558837890625,1.24658203125,0.0596923828125
25.519,310,928,1464,312,4.0,31.0,45.0,-52.734371185302734,27.526853561401367,-7.812499523162842,-1.9207763671875,0.4036865234375,0.45068359375
25.545,310,894,1450,312,2.0,33.0,48.0,-52.734371185302734,27.526853561401367,-7.812499523162842,-1.7379150390625,0.2855224609375,0.505859375
25.545,310,861,1406,311,2.0,33.0,48.0,-37.2314453125,12.695311546325684,-9.21630859375,-1.7379150390625,0.2855224609375,0.505859375
25.548,310,799,1308,311,2.0,33.0,48.0,10.375975608825684,3.051757574081421,-1.0986328125,-1.2613525390625,0.391357421875,0.44873046875
25.600,310,750,1236,312,2.0,33.0,48.0,10.375975608825684,3.051757574081421,-1.0986328125,-1.0147705078125,0.4632568359375,0.374267578125
25.602,310,687,1134,311,2.0,33.0,48.0,20.812986373901367,5.432128429412842,7.568358898162842,-1.0147705078125,0.4632568359375,0.374267578125
25.602,310,649,1021,310,2.0,33.0,48.0,5.187987804412842,16.29638671875,19.04296875,-0.5821533203125,0.2216796875,0.2845458984375
25.602,310,601,938,313,2.0,33.0,48.0,5.187987804412842,16.29638671875,19.04296875,-0.4237060546875,0.0047607421875,0.277099609375
25.602,310,587,905,310,2.0,33.0,48.0,-4.94384765625,20.385740280151367,19.1650390625,-0.4237060546875,0.0047607421875,0.277099609375
25.609,309,531,854,310,2.0,33.0,48.0,14.404295921325684,20.263669967651367,1.8310545682907104,-0.3389892578125,-0.1021728515625,0.2327880859375
25.617,310,506,818,310,2.0,33.0,48.0,32.1044921875,20.996091842651367,-13.244627952575684,-0.4093017578125,-0.014892578125,0.1439208984375
25.625,309,484,803,311,0.0,35.0,48.0,32.1044921875,20.996091842651367,-13.244627952575684,-0.4715576171875,0.0438232421875,0.05029296875
25.646,310,456,777,310,0.0,35.0,48.0,44.799800872802734,27.893064498901367,-28.808591842651367,-0.51123046875,0.1163330078125,-0.0042724609375
25.649,312,444,751,310,0.0,35.0,48.0,44.921871185302734,28.259275436401367,-25.268552780151367,-0.5443115234375,0.2578125,-0.0045166015625
25.657,311,441,725,308,0.0,35.0,48.0,44.921871185302734,28.259275436401367,-25.268552780151367,-0.5794677734375,0.39404296875,0.0347900390625
25.669,310,433,700,310,0.0,35.0,48.0,24.841306686401367,23.559568405151367,-10.131834983825684,-0.616943359375,0.43017578125,0.0771484375
25.700,310,433,698,310,0.0,35.0,48.0,10.681151390075684,21.667478561401367,-4.150390625,-0.6669921875,0.4224853515625,0.1236572265625
25.701,310,426,698,311,0.0,35.0,48.0,10.681151390075684,21.667478561401367,-4.150390625,-0.72314453125,0.4190673828125,0.174560546875
25.701,308,430,704,310,0.0,35.0,48.0,-7.995604991912842,12.634276390075684,1.2817381620407104,-0.7833251953125,0.383056640625,0.20654296875
25.708,310,428,705,309,0.0,35.0,48.0,-15.136717796325684,7.873534679412842,-0.6103515625,-0.850341796875,0.3173828125,0.204345703125
25.748,310,428,705,311,0.0,35.0,48.0,-18.1884765625,5.187987804412842,-3.234863042831421,-0.9117431640625,0.2681884765625,0.181640625
25.749,310,428,705,312,1.0,35.0,47.0,-17.08984375,2.868652105331421,-3.417968511581421,-0.947509765625,0.2381591796875,0.1654052734375
25.749,308,426,698,310,1.0,35.0,47.0,-14.099120140075684,-0.9765624403953552,-0.30517578125,-0.94775390625,0.2156982421875,0.1785888671875
25.749,310,433,691,312,1.0,35.0,47.0,-11.108397483825684,-6.103515148162842,5.065917491912842,-0.925048828125,0.20947265625,0.2164306640625
25.760,310,437,691,310,1.0,35.0,47.0,-8.9111328125,-10.314940452575684,10.925292015075684,-0.9033203125,0.2159423828125,0.242919921875
25.767,309,439,694,311,1.0,35.0,47.0,-7.934569835662842,-12.390135765075684,15.930174827575684,-0.887939453125,0.2156982421875,0.232666015625
25.775,309,438,695,310,1.0,35.0,47.0,-8.4228515625,-13.366698265075684,20.812986373901367,-0.86865234375,0.20458984375,0.19140625
25.808,310,444,707,310,1.0,35.0,47.0,-10.803221702575684,-15.136717796325684,27.221677780151367,-0.8311767578125,0.190185546875,0.15478515625
25.808,310,465,721,310,1.0,35.0,47.0,-15.502928733825684,-17.88330078125,36.1328125,-0.7447509765625,0.1671142578125,0.123779296875
25.808,310,476,717,297,1.0,35.0,47.0,-22.216794967651367,-20.935056686401367,46.264644622802734,-0.56591796875,0.126953125,0.079345703125
25.824,310,513,772,311,1.0,35.0,47.0,-28.381345748901367,-24.780271530151367,54.077144622802734,-0.296630859375,0.06640625,0.0269775390625
25.827,310,562,793,311,-1.0,34.0,43.0,-28.442380905151367,-30.090330123901367,55.847164154052734,0.0140380859375,0.013916015625,-0.027587890625
25.851,308,601,853,311,-1.0,34.0,43.0,-16.78466796875,-37.17041015625,49.682613372802734,0.311767578125,-0.025390625,-0.0074462890625
25.851,309,674,1025,310,-1.0,34.0,43.0,8.36181640625,-46.630855560302734,33.203125,0.516357421875,-0.0556640625,0.100830078125
25.857,310,725,1122,312,-1.0,34.0,43.0,36.43798828125,-55.786128997802734,4.0283203125,0.4765625,0.1168212890625,0.228515625
25.868,309,785,1253,311,-1.0,34.0,43.0,43.090816497802734,-58.837886810302734,-32.40966796875,0.136962890625,0.46826171875,0.339599609375
25.879,310,891,1407,310,-1.0,34.0,43.0,15.930174827575684,-47.973628997802734,-64.27001953125,-0.45458984375,0.750732421875,0.33251953125
25.903,310,947,1524,312,-1.0,34.0,43.0,-25.634763717651367,-24.963376998901367,-76.0498046875,-1.29296875,1.054443359375,0.2371826171875
25.911,299,994,1569,299,-1.0,34.0,43.0,-60.791011810302734,-13.366698265075684,-60.852046966552734,-2.09033203125,1.19091796875,0.418212890625
25.911,311,1051,1667,312,-1.0,34.0,43.0,-83.00780487060547,-26.611326217651367,-37.17041015625,-2.4744873046875,0.6290283203125,1.0172119140625
25.924,311,1050,1646,312,-1.0,34.0,43.0,-76.5380859375,-40.344234466552734,-24.230955123901367,-2.5787353515625,-0.230712890625,1.3863525390625
25.926,310,1039,1569,312,0.0,32.0,45.0,-23.376462936401367,-31.921384811401367,-10.925292015075684,-2.561767578125,-0.499267578125,1.143798828125
25.955,310,1018,1483,312,0.0,32.0,45.0,59.265132904052734,-13.366698265075684,17.39501953125,-1.9111328125,-0.25439453125,0.64697265625
25.955,308,1013,1476,312,0.0,32.0,45.0,125.18309783935547,3.540038824081421,41.198726654052734,-1.021728515625,0.3056640625,0.1973876953125
25.955,308,1014,1490,296,0.0,32.0,45.0,132.87353515625,20.507810592651367,42.358394622802734,-0.80029296875,1.03466796875,-0.0758056640625
25.982,310,1001,1509,312,0.0,32.0,45.0,74.3408203125,32.04345703125,27.038572311401367,-1.161376953125,1.2908935546875,-0.0821533203125
25.982,294,959,1474,311,0.0,32.0,45.0,-3.723144292831421,32.5927734375,9.58251953125,-1.6451416015625,0.9970703125,0.194091796875
25.986,310,953,1484,312,0.0,32.0,45.0,-49.743648529052734,24.841306686401367,2.13623046875,-1.88525390625,0.6038818359375,0.524169921875
26.010,311,878,1428,312,0.0,32.0,45.0,-53.833003997802734,16.4794921875,6.347655773162842,-1.930419921875,0.410888671875,0.67822265625
26.010,310,830,1365,298,0.0,32.0,45.0,-35.46142578125,12.390135765075684,19.04296875,-1.917724609375,0.3974609375,0.6807861328125
26.015,310,772,1279,312,0.0,32.0,45.0,-13.061522483825684,11.596678733825684,36.56005859375,-1.822509765625,0.4154052734375,0.6248779296875
26.033,310,678,1091,312,0.0,33.0,47.0,7.263183116912842,12.939452171325684,58.105464935302734,-1.1688232421875,0.436279296875,0.378173828125
26.043,310,614,973,311,0.0,33.0,47.0,21.179197311401367,15.441893577575684,82.70262908935547,-1.1688232421875,0.436279296875,0.378173828125
26.063,309,561,873,310,0.0,33.0,47.0,21.484373092651367,18.5546875,103.51561737060547,-0.7200927734375,0.3380126953125,0.2584228515625
26.063,310,479,695,309,0.0,33.0,47.0,7.263183116912842,23.010251998901367,109.86327362060547,0.2222900390625,-0.3634033203125,0.20458984375
26.069,309,481,698,311,0.0,33.0,47.0,-7.080077648162842,27.526853561401367,92.16307830810547,0.2222900390625,-0.3634033203125,0.20458984375
26.077,310,465,697,310,0.0,33.0,47.0,-1.9531248807907104,28.991697311401367,52.673336029052734,0.4285888671875,-0.51318359375,0.198486328125
26.090,309,430,676,310,0.0,33.0,47.0,21.423337936401367,26.306150436401367,7.080077648162842,-0.1923828125,0.3492431640625,-0.1318359375
26.100,310,424,680,310,0.0,33.0,47.0,44.128414154052734,23.193357467651367,-29.907224655151367,-0.1923828125,0.3492431640625,-0.1318359375
26.115,310,420,689,312,0.0,33.0,47.0,53.466793060302734,22.766111373901367,-49.926753997802734,-0.505859375,0.7943115234375,-0.251953125
26.119,310,415,705,312,-3.0,37.0,40.0,49.133296966552734,23.986814498901367,-54.016109466552734,-0.70166015625,1.08544921875,-0.1771240234375
26.139,310,414,710,310,-3.0,37.0,40.0,33.3251953125,23.986814498901367,-49.316402435302734,-0.70166015625,1.08544921875,-0.1771240234375
26.139,310,410,712,311,-3.0,37.0,40.0,3.784179449081421,20.141599655151367,-42.846675872802734,-0.7496337890625,0.8236083984375,-0.0447998046875
26.159,309,408,714,310,-3.0,37.0,40.0,-31.555173873901367,14.404295921325684,-40.710445404052734,-0.7510986328125,0.1180419921875,0.2301025390625
26.160,296,410,713,310,-3.0,37.0,40.0,-53.039546966552734,8.85009765625,-42.358394622802734,-0.791748046875,0.0489501953125,0.346435546875
26.167,310,413,713,310,-3.0,37.0,40.0,-51.025386810302734,2.197265625,-42.480464935302734,-0.791748046875,0.0489501953125,0.346435546875
26.179,310,414,710,310,-3.0,37.0,40.0,-15.808104515075684,-6.530761241912842,-34.0576171875,-0.9134521484375,0.1953125,0.4010009765625
26.187,310,415,705,309,-3.0,37.0,40.0,-15.808104515075684,-6.530761241912842,-34.0576171875,-0.937255859375,0.2464599609375,0.430419921875
26.203,309,413,711,311,-3.0,37.0,40.0,-5.798339366912842,-6.652831554412842,-28.503416061401367,-0.937255859375,0.2464599609375,0.430419921875
26.209,310,414,708,310,-3.0,37.0,40.0,-4.21142578125,-5.554198741912842,-15.747069358825684,-0.8900146484375,0.1875,0.443603515625
26.217,311,417,698,310,2.0,36.0,47.0,-4.21142578125,-5.554198741912842,-15.747069358825684,-0.89111328125,0.1826171875,0.3546142578125
26.232,310,418,696,311,2.0,36.0,47.0,1.5869139432907104,-2.13623046875,-8.85009765625,-0.89111328125,0.1826171875,0.3546142578125
26.239,309,417,691,311,2.0,36.0,47.0,13.793944358825684,3.051757574081421,3.784179449081421,-0.932373046875,0.3167724609375,0.157958984375
26.257,310,417,695,310,2.0,36.0,47.0,13.793944358825684,3.051757574081421,3.784179449081421,-0.90380859375,0.3515625,0.109130859375
26.257,308,423,705,310,2.0,36.0,47.0,11.962889671325684,1.8310545682907104,7.324218273162842,-0.90380859375,0.3515625,0.109130859375
26.269,310,426,731,310,2.0,36.0,47.0,-0.9765624403953552,-6.225585460662842,10.925292015075684,-0.7069091796875,0.290283203125,0.040771484375
26.283,310,438,751,310,2.0,36.0,47.0,-0.9765624403953552,-6.225585460662842,10.925292015075684,-0.53369140625,0.246826171875,-0.0225830078125
26.289,298,455,750,311,2.0,36.0,47.0,-7.995604991912842,-11.901854515075684,12.695311546325684,-0.53369140625,0.246826171875,-0.0225830078125
26.294,310,495,777,311,2.0,36.0,47.0,-16.17431640625,-19.775390625,12.329100608825684,-0.3037109375,0.205322265625,-0.068359375
26.308,310,566,864,311,2.0,36.0,47.0,-20.263669967651367,-39.306640625,-4.94384765625,0.2579345703125,0.0887451171875,-0.038818359375
26.323,310,616,934,312,0.0,33.0,45.0,-20.263669967651367,-39.306640625,-4.94384765625,0.3594970703125,0.189697265625,0.0030517578125
26.324,310,660,1035,310,0.0,33.0,45.0,-3.662109136581421,-49.621578216552734,-23.193357467651367,0.3594970703125,0.189697265625,0.0030517578125
26.338,310,758,1260,312,0.0,33.0,45.0,15.686034202575684,-56.152339935302734,-66.10107421875,-0.0120849609375,0.424072265625,0.2100830078125
26.366,310,813,1379,311,0.0,33.0,45.0,15.686034202575684,-56.152339935302734,-66.10107421875,-0.3812255859375,0.3341064453125,0.407958984375
26.366,307,852,1472,311,0.0,33.0,45.0,-14.709471702575684,-50.170894622802734,-80.68846893310547,-0.3812255859375,0.3341064453125,0.407958984375
26.372,310,959,1568,312,0.0,33.0,45.0,-54.931636810302734,-33.87451171875,-79.9560546875,-1.6190185546875,0.3016357421875,0.714111328125
26.379,310,995,1597,312,0.0,33.0,45.0,-54.931636810302734,-33.87451171875,-79.9560546875,-2.0081787109375,0.3326416015625,0.93603515625
26.387,311,1035,1613,312,0.0,33.0,45.0,-37.65869140625,-37.65869140625,-63.110347747802734,-2.0081787109375,0.3326416015625,0.93603515625
26.408,311,1065,1613,312,0.0,33.0,45.0,11.535643577575684,-29.052732467651367,-32.5927734375,-2.2264404296875,0.103515625,0.894775390625
26.408,310,1065,1580,299,0.0,33.0,45.0,34.5458984375,-14.221190452575684,-12.268065452575684,-2.293212890625,0.25341796875,0.6192626953125
26.417,311,1056,1538,311,0.0,33.0,45.0,34.5458984375,-14.221190452575684,-12.268065452575684,-1.849365234375,0.29931640625,0.453125
26.440,312,1043,1463,310,2.0,31.0,48.0,52.429195404052734,12.390135765075684,27.770994186401367,-1.1187744140625,0.27685546875,0.3330078125
26.441,312,1047,1473,312,2.0,31.0,48.0,45.410152435302734,19.53125,26.062009811401367,-0.796630859375,0.56689453125,0.193359375
26.478,311,1043,1490,313,2.0,31.0,48.0,45.410152435302734,19.53125,26.062009811401367,-0.9703369140625,0.9163818359375,0.07373046875
26.479,311,1038,1512,312,2.0,31.0,48.0,-8.11767578125,25.390623092651367,-7.873534679412842,-1.384521484375,0.9295654296875,0.1253662109375
26.479,310,1026,1508,312,2.0,31.0,48.0,-37.109375,23.071287155151367,-25.390623092651367,-1.663330078125,0.6534423828125,0.3514404296875
26.480,310,1013,1502,312,2.0,31.0,48.0,-37.109375,23.071287155151367,-25.390623092651367,-1.6734619140625,0.3389892578125,0.5496826171875
26.488,310,974,1468,312,2.0,31.0,48.0,-37.353515625,8.1787109375,-31.433103561401367,-1.5340576171875,0.2119140625,0.6165771484375
26.498,311,947,1430,312,2.0,31.0,48.0,-18.06640625,5.798339366912842,-24.047849655151367,-1.3734130859375,0.2218017578125,0.57861328125
26.511,310,917,1387,312,2.0,31.0,48.0,-18.06640625,5.798339366912842,-24.047849655151367,-1.2320556640625,0.2802734375,0.5035400390625
26.519,310,861,1284,311,4.0,31.0,46.0,3.845214605331421,16.6015625,-9.94873046875,-1.094970703125,0.3453369140625,0.4310302734375
26.526,308,823,1234,312,4.0,31.0,46.0,3.173827886581421,23.254392623901367,-4.57763671875,-0.974365234375,0.3626708984375,0.375732421875
26.547,310,785,1162,311,4.0,31.0,46.0,3.173827886581421,23.254392623901367,-4.57763671875,-0.8851318359375,0.302001953125,0.339111328125
26.554,310,731,1000,297,4.0,31.0,46.0,-11.474608421325684,30.212400436401367,-2.624511480331421,-0.8184814453125,0.2298583984375,0.29052734375
26.572,310,695,959,312,4.0,31.0,46.0,-15.319823265075684,30.883787155151367,-5.187987804412842,-0.75537109375,0.19775390625,0.2230224609375
26.572,310,668,918,311,4.0,31.0,46.0,-11.596678733825684,30.334470748901367,-9.033203125,-0.6856689453125,0.176513671875,0.1612548828125
26.579,309,601,827,310,4.0,31.0,46.0,-3.967284917831421,29.113767623901367,-15.014647483825684,-0.6112060546875,0.103515625,0.125
26.588,310,562,792,310,4.0,31.0,46.0,2.807616949081421,27.832029342651367,-22.277830123901367,-0.5557861328125,-0.0137939453125,0.129150390625
26.594,309,533,770,311,4.0,31.0,46.0,9.27734375,26.611326217651367,-27.465818405151367,-0.5313720703125,-0.099365234375,0.15771484375
26.612,310,485,726,311,4.0,31.0,46.0,17.578125,25.939939498901367,-28.564451217651367,-0.53076171875,-0.103515625,0.1773681640625
26.618,311,465,697,310,5.0,34.0,47.0,26.733396530151367,25.695798873901367,-26.733396530151367,-0.556396484375,-0.021728515625,0.168701171875
26.624,310,447,666,311,5.0,34.0,47.0,33.5693359375,24.719236373901367,-22.644041061401367,-0.6153564453125,0.12109375,0.147705078125
26.654,308,419,631,310,5.0,34.0,47.0,33.99658203125,22.521970748901367,-15.808104515075684,-0.697265625,0.2640380859375,0.140380859375
26.655,308,408,614,309,5.0,34.0,47.0,26.245115280151367,20.01953125,-7.934569835662842,-0.7667236328125,0.3502197265625,0.14404296875
26.674,308,391,600,310,5.0,34.0,47.0,13.305663108825684,18.5546875,-1.7700194120407104,-0.7989501953125,0.3790283203125,0.1636962890625
26.675,307,381,579,310,5.0,34.0,47.0,-1.8310545682907104,16.845703125,2.0751953125,-0.80078125,0.3514404296875,0.198486328125
26.686,300,379,561,310,5.0,34.0,47.0,-15.808104515075684,14.648436546325684,4.5166015625,-0.790771484375,0.2772216796875,0.2247314453125
26.687,310,373,548,310,5.0,34.0,47.0,-23.803709030151367,13.305663108825684,6.347655773162842,-0.77978515625,0.1949462890625,0.2318115234375
26.699,310,379,548,310,5.0,34.0,47.0,-24.414060592651367,13.244627952575684,8.056640625,-0.7698974609375,0.134765625,0.2374267578125
26.715,309,379,557,309,5.0,34.0,47.0,-19.47021484375,13.000487327575684,9.58251953125,-0.778564453125,0.1148681640625,0.237060546875
26.716,308,381,574,310,4.0,33.0,42.0,-13.000487327575684,11.047362327575684,11.718749046325684,-0.8126220703125,0.1297607421875,0.2249755859375
26.733,309,394,582,310,4.0,33.0,42.0,-8.9111328125,6.896972179412842,16.29638671875,-0.8363037109375,0.14404296875,0.22607421875
26.750,310,399,594,310,4.0,33.0,42.0,-8.1787109375,1.5258787870407104,23.071287155151367,-0.83447265625,0.1402587890625,0.2283935546875
26.751,310,406,608,310,4.0,33.0,42.0,-9.09423828125,-2.38037109375,30.517576217651367,-0.8062744140625,0.125244140625,0.200927734375
26.787,309,427,650,310,4.0,33.0,42.0,-11.230467796325684,-3.784179449081421,37.78076171875,-0.7261962890625,0.11279296875,0.1573486328125
26.788,309,454,684,310,4.0,33.0,42.0,-13.549803733825684,-5.126952648162842,43.212886810302734,-0.54541015625,0.0963134765625,0.118896484375
26.795,306,506,694,289,4.0,33.0,42.0,-12.878417015075684,-10.314940452575684,43.884273529052734,-0.216064453125,0.064453125,0.03564453125
26.799,308,579,809,310,4.0,33.0,42.0,-9.58251953125,-22.216794967651367,36.7431640625,0.5062255859375,0.0147705078125,-0.149658203125
26.799,299,634,894,311,4.0,33.0,42.0,-2.868652105331421,-40.283199310302734,22.399900436401367,0.5062255859375,0.0147705078125,-0.149658203125
26.819,310,721,1026,312,4.0,33.0,42.0,15.563963890075684,-56.335445404052734,5.249022960662842,0.5816650390625,0.186279296875,-0.1949462890625
26.819,311,778,1182,311,4.0,34.0,43.0,33.935546875,-61.462398529052734,-14.953612327575684,0.30908203125,0.5867919921875,-0.1466064453125
26.829,311,889,1443,312,4.0,34.0,43.0,21.240232467651367,-57.067867279052734,-41.320796966552734,-0.2835693359375,0.8671875,0.029296875
26.836,312,955,1543,312,4.0,34.0,43.0,-26.428220748901367,-44.860836029052734,-67.32177734375,-1.0279541015625,0.7735595703125,0.255126953125
26.847,312,1011,1621,311,4.0,34.0,43.0,-77.2705078125,-33.50830078125,-82.64159393310547,-1.6942138671875,0.4459228515625,0.5823974609375
26.875,311,1087,1695,312,4.0,34.0,43.0,-99.73143768310547,-33.935546875,-82.64159393310547,-2.1610107421875,-0.23291015625,1.1102294921875
26.876,312,1116,1708,312,4.0,34.0,43.0,-83.19091033935547,-37.7197265625,-72.021484375,-2.1610107421875,-0.23291015625,1.1102294921875
26.876,310,1134,1715,312,4.0,34.0,43.0,-34.85107421875,-33.447265625,-53.161617279052734,-2.2962646484375,-0.0634765625,1.0533447265625
26.888,310,1112,1656,312,4.0,34.0,43.0,17.578125,-24.841306686401367,-26.733396530151367,-2.119873046875,0.149658203125,0.6436767578125
26.897,311,1097,1622,313,4.0,34.0,43.0,47.912593841552734,-16.17431640625,-0.4272460639476776,-2.119873046875,0.149658203125,0.6436767578125
26.904,311,1073,1578,312,4.0,34.0,43.0,61.889644622802734,-3.967284917831421,14.221190452575684,-1.2139892578125,-0.060791015625,0.4356689453125
26.925,311,1071,1567,311,3.0,32.0,48.0,67.32177734375,10.009765625,18.06640625,-0.9276123046875,0.4942626953125,0.1964111328125
26.926,310,1071,1569,312,3.0,32.0,48.0,50.231929779052734,23.437498092651367,20.629880905151367,-0.9276123046875,0.4942626953125,0.1964111328125
26.934,310,1064,1557,312,3.0,32.0,48.0,12.634276390075684,34.97314453125,20.690916061401367,-1.4755859375,0.6817626953125,0.2049560546875
26.948,311,1026,1528,312,3.0,32.0,48.0,-25.451658248901367,40.10009765625,18.49365234375,-1.933349609375,0.389892578125,0.4912109375
26.981,312,990,1502,311,3.0,32.0,48.0,-45.532222747802734,36.92626953125,18.24951171875,-1.933349609375,0.389892578125,0.4912109375
26.982,310,947,1454,313,3.0,32.0,48.0,-40.710445404052734,29.174802780151367,21.484373092651367,-1.7701416015625,0.23828125,0.5352783203125
26.982,309,858,1351,310,3.0,32.0,48.0,-23.376462936401367,22.705076217651367,28.503416061401367,-1.432373046875,0.2520751953125,0.5037841796875
26.987,310,830,1281,311,3.0,32.0,48.0,-7.385253429412842,21.057126998901367,38.4521484375,-1.432373046875,0.2520751953125,0.5037841796875
26.994,310,778,1191,312,3.0,32.0,48.0,1.5258787870407104,23.864744186401367,50.903316497802734,-1.2647705078125,0.3353271484375,0.4310302734375
27.009,311,693,1042,311,3.0,32.0,48.0,-5.493163585662842,32.04345703125,75.37841796875,-0.8369140625,0.171875,0.30078125
27.023,310,644,943,312,2.0,33.0,44.0,-5.493163585662842,32.04345703125,75.37841796875,-0.6072998046875,-0.0467529296875,0.2781982421875
27.024,309,585,848,311,2.0,33.0,44.0,-10.803221702575684,32.28759765625,80.01708984375,-0.6072998046875,-0.0467529296875,0.2781982421875
27.038,310,533,693,310,2.0,33.0,44.0,12.573241233825684,28.747556686401367,63.842769622802734,-0.257080078125,-0.2838134765625,0.2720947265625
27.056,310,495,664,311,2.0,33.0,44.0,12.573241233825684,28.747556686401367,63.842769622802734,-0.237548828125,-0.1226806640625,0.1954345703125
27.058,310,475,620,310,2.0,33.0,44.0,38.6962890625,27.587888717651367,42.297359466552734,-0.237548828125,-0.1226806640625,0.1954345703125
27.082,309,415,554,310,2.0,33.0,44.0,73.66943359375,36.376953125,-13.854979515075684,-0.4473876953125,0.3651123046875,-0.0533447265625
27.082,309,393,522,308,2.0,33.0,44.0,73.66943359375,36.376953125,-13.854979515075684,-0.531982421875,0.566162109375,-0.12890625
27.096,310,380,509,308,2.0,33.0,44.0,69.39697265625,40.10009765625,-29.724119186401367,-0.531982421875,0.566162109375,-0.12890625
27.104,310,370,495,310,2.0,33.0,44.0,41.931148529052734,27.221677780151367,-23.193357467651367,-0.6212158203125,0.7783203125,-0.1181640625
27.125,308,356,481,310,2.0,33.0,44.0,20.690916061401367,18.310546875,-16.66259765625,-0.6903076171875,0.7269287109375,-0.045166015625
27.125,314,345,476,309,1.0,35.0,43.0,20.690916061401367,18.310546875,-16.66259765625,-0.7528076171875,0.569091796875,0.0235595703125
27.137,309,349,449,310,1.0,35.0,43.0,-34.85107421875,11.169432640075684,-18.49365234375,-0.7977294921875,0.37744140625,0.1016845703125
27.158,296,344,465,306,1.0,35.0,43.0,-49.865718841552734,8.7890625,-22.521970748901367,-0.817626953125,0.193115234375,0.200439453125
27.182,311,343,469,308,1.0,35.0,43.0,-49.865718841552734,8.7890625,-22.521970748901367,-0.8223876953125,0.0584716796875,0.2742919921875
27.187,310,343,473,294,1.0,35.0,43.0,-50.598140716552734,4.33349609375,-23.803709030151367,-0.8345947265625,0.011962890625,0.2861328125
27.188,309,345,481,310,1.0,35.0,43.0,-25.085447311401367,-4.2724609375,-11.291502952575684,-0.8309326171875,0.0238037109375,0.2445068359375
27.191,310,363,497,310,1.0,35.0,43.0,-13.977049827575684,-7.690429210662842,1.6479490995407104,-0.77978515625,0.033203125,0.1907958984375
27.191,310,372,518,310,1.0,35.0,43.0,-13.977049827575684,-7.690429210662842,1.6479490995407104,-0.7093505859375,0.0147705078125,0.1650390625
27.199,310,394,574,310,1.0,35.0,43.0,-8.056640625,-17.4560546875,31.738279342651367,-0.628662109375,-0.0108642578125,0.1558837890625
27.207,310,415,622,310,1.0,35.0,43.0,-6.774901866912842,-22.338865280151367,44.311519622802734,-0.4666748046875,0.0048828125,0.082275390625
27.216,310,452,663,312,2.0,36.0,43.0,-6.774901866912842,-22.338865280151367,44.311519622802734,-0.1298828125,0.055908203125,-0.0782470703125
27.229,310,558,780,312,2.0,36.0,43.0,-11.718749046325684,-41.015621185302734,43.334957122802734,0.372802734375,0.0555419921875,-0.2235107421875
27.240,310,614,875,311,2.0,36.0,43.0,-17.39501953125,-59.875484466552734,26.123044967651367,0.765869140625,-0.102783203125,-0.21630859375
27.247,310,688,987,311,2.0,36.0,43.0,4.150390625,-75.927734375,8.7890625,0.8037109375,-0.1392822265625,-0.09033203125
27.262,309,794,1251,311,2.0,36.0,43.0,54.931636810302734,-78.9794921875,-0.9155272841453552,0.385986328125,0.30908203125,0.14501953125
27.287,310,858,1386,311,2.0,36.0,43.0,68.29833984375,-70.556640625,-13.061522483825684,-0.347412109375,0.8214111328125,0.475830078125
27.288,310,938,1486,312,2.0,36.0,43.0,4.69970703125,-53.100582122802734,-38.2080078125,-1.0819091796875,0.8785400390625,0.6949462890625
27.289,310,1043,1595,300,2.0,36.0,43.0,-72.32666015625,-30.517576217651367,-61.340328216552734,-1.7908935546875,0.7205810546875,0.722412109375
27.297,309,1078,1648,312,2.0,36.0,43.0,-98.20555877685547,-20.690916061401367,-58.532711029052734,-2.349609375,0.4486083984375,0.8072509765625
27.313,310,1104,1676,312,2.0,36.0,43.0,-73.30322265625,-29.235837936401367,-34.97314453125,-2.617919921875,0.141845703125,0.9974365234375
27.332,312,1101,1636,312,3.0,30.0,43.0,-18.85986328125,-36.43798828125,-6.896972179412842,-2.8206787109375,0.0487060546875,0.992431640625
27.333,310,1098,1589,312,3.0,30.0,43.0,40.283199310302734,-32.1044921875,22.583005905151367,-2.6162109375,-0.0174560546875,0.7703857421875
27.337,310,1085,1551,312,3.0,30.0,43.0,85.81542205810547,-19.10400390625,45.471187591552734,-1.63232421875,-0.1033935546875,0.4801025390625
27.350,310,1071,1504,312,3.0,30.0,43.0,111.08397674560547,2.13623046875,50.781246185302734,-0.794677734375,0.322021484375,0.2532958984375
27.358,310,1074,1516,312,3.0,30.0,43.0,93.07860565185547,26.428220748901367,41.870113372802734,-0.7181396484375,0.968017578125,0.12255859375
27.366,310,1071,1523,315,3.0,30.0,43.0,31.311033248901367,44.311519622802734,24.414060592651367,-1.167724609375,1.1025390625,0.1317138671875
27.388,310,1047,1506,311,3.0,30.0,43.0,-29.785154342651367,48.889156341552734,9.09423828125,-1.7637939453125,0.91162109375,0.330078125
27.391,310,1025,1487,312,3.0,30.0,43.0,-59.204097747802734,42.297359466552734,4.5166015625,-2.052001953125,0.6209716796875,0.5186767578125
27.395,310,992,1462,312,3.0,30.0,43.0,-55.236812591552734,31.677244186401367,5.859374523162842,-1.9918212890625,0.4005126953125,0.551513671875
27.409,311,932,1367,311,0.0,34.0,40.0,-30.334470748901367,22.644041061401367,9.21630859375,-1.7640380859375,0.3399658203125,0.5072021484375
27.417,310,884,1295,311,0.0,34.0,40.0,-2.197265625,16.78466796875,13.305663108825684,-1.467529296875,0.3570556640625,0.4661865234375
27.431,310,834,1232,312,0.0,34.0,40.0,19.83642578125,15.075682640075684,18.4326171875,-1.161865234375,0.4603271484375,0.401123046875
27.440,310,766,1103,310,0.0,34.0,40.0,31.127927780151367,17.2119140625,22.583005905151367,-0.8914794921875,0.5555419921875,0.32470703125
27.447,310,714,1029,312,0.0,34.0,40.0,28.076169967651367,21.606443405151367,20.01953125,-0.666748046875,0.4991455078125,0.283447265625
27.460,310,662,976,310,0.0,34.0,40.0,15.747069358825684,26.916501998901367,9.82666015625,-0.5213623046875,0.3365478515625,0.24755859375
27.469,310,564,900,311,0.0,34.0,40.0,3.662109136581421,32.2265625,-3.417968511581421,-0.4598388671875,0.1519775390625,0.209716796875
27.480,310,519,830,310,0.0,34.0,40.0,-2.01416015625,35.94970703125,-18.00537109375,-0.4285888671875,-0.0279541015625,0.1898193359375
27.497,310,473,777,312,0.0,34.0,40.0,-0.54931640625,37.65869140625,-33.26416015625,-0.419189453125,-0.162841796875,0.1513671875
27.500,310,420,693,311,0.0,34.0,40.0,9.09423828125,38.87939453125,-44.921871185302734,-0.450927734375,-0.1787109375,0.0946044921875
27.507,310,393,621,310,0.0,33.0,44.0,25.512693405151367,38.63525390625,-49.926753997802734,-0.4658203125,-0.081298828125,0.0684814453125
27.516,310,384,582,309,0.0,33.0,44.0,41.870113372802734,36.9873046875,-50.842281341552734,-0.461669921875,0.1151123046875,0.0416259765625
27.534,310,372,535,308,0.0,33.0,44.0,49.865718841552734,35.15625,-48.828121185302734,-0.4716796875,0.3609619140625,0.007080078125
27.539,310,369,513,310,0.0,33.0,44.0,46.630855560302734,31.127927780151367,-42.541500091552734,-0.4979248046875,0.5155029296875,0.008056640625
27.548,310,365,505,310,0.0,33.0,44.0,32.958984375,25.451658248901367,-33.50830078125,-0.5625,0.5537109375,0.0438232421875
27.563,310,363,488,310,0.0,33.0,44.0,10.681151390075684,21.179197311401367,-24.169919967651367,-0.72802734375,0.4093017578125,0.1365966796875
27.569,310,363,493,309,0.0,33.0,44.0,-12.939452171325684,20.751951217651367,-17.39501953125,-0.72802734375,0.4093017578125,0.1365966796875
27.590,309,365,496,309,0.0,33.0,44.0,-30.151365280151367,23.437498092651367,-14.221190452575684,-0.8057861328125,0.2564697265625,0.14990234375
27.591,293,364,490,310,0.0,33.0,44.0,-37.59765625,24.414060592651367,-12.023924827575684,-0.935546875,0.043212890625,0.166748046875
27.608,309,365,485,310,0.0,33.0,44.0,-34.66796875,20.507810592651367,-7.080077648162842,-0.935546875,0.043212890625,0.166748046875
27.610,308,364,484,308,0.0,33.0,44.0,-23.742673873901367,13.793944358825684,0.6713866591453552,-0.979736328125,0.0537109375,0.1497802734375
27.621,310,368,481,310,1.0,36.0,41.0,-11.596678733825684,6.958007335662842,8.23974609375,-0.94091796875,0.191162109375,0.1605224609375
27.637,310,369,483,310,1.0,36.0,41.0,-3.601073980331421,0.8544921278953552,13.122557640075684,-0.94091796875,0.191162109375,0.1605224609375
27.639,310,372,485,310,1.0,36.0,41.0,-0.54931640625,-3.356933355331421,14.953612327575684,-0.896728515625,0.2308349609375,0.181884765625
27.652,310,373,495,310,1.0,36.0,41.0,-0.0610351525247097,-4.7607421875,15.319823265075684,-0.87548828125,0.255126953125,0.17041015625
27.669,309,379,506,309,1.0,36.0,41.0,-0.4882812201976776,-5.310058116912842,16.11328125,-0.87548828125,0.255126953125,0.17041015625
27.673,309,381,509,310,1.0,36.0,41.0,0.0610351525247097,-7.446288585662842,17.4560546875,-0.8643798828125,0.256103515625,0.1693115234375
27.697,309,395,529,310,1.0,36.0,41.0,1.3427733182907104,-10.803221702575684,18.98193359375,-0.791748046875,0.2615966796875,0.1558837890625
27.700,310,402,543,310,1.0,36.0,41.0,1.8310545682907104,-14.160155296325684,20.568845748901367,-0.7393798828125,0.2481689453125,0.135986328125
27.719,310,414,572,311,1.0,36.0,41.0,0.8544921278953552,-16.41845703125,22.521970748901367,-0.7393798828125,0.2481689453125,0.135986328125
27.723,308,441,639,311,-1.0,33.0,43.0,-9.21630859375,-17.578125,26.367185592651367,-0.4990234375,0.2467041015625,0.0877685546875
27.728,310,481,648,311,-1.0,33.0,43.0,-9.21630859375,-17.578125,26.367185592651367,-0.20849609375,0.2010498046875,-0.0059814453125
27.730,310,521,689,308,-1.0,33.0,43.0,-21.972654342651367,-19.71435546875,22.888181686401367,-0.20849609375,0.2010498046875,-0.0059814453125
27.740,310,601,813,310,-1.0,33.0,43.0,-39.0625,-39.48974609375,2.197265625,0.269287109375,-0.0457763671875,-0.1090087890625
27.747,311,668,883,310,-1.0,33.0,43.0,-39.0625,-39.48974609375,2.197265625,0.2664794921875,0.1114501953125,0.0062255859375
27.757,310,718,982,311,-1.0,33.0,43.0,-27.954099655151367,-50.109859466552734,-6.896972179412842,0.2664794921875,0.1114501953125,0.0062255859375
27.769,310,818,1153,310,-1.0,33.0,43.0,-16.11328125,-44.921871185302734,-38.6962890625,-0.320068359375,0.479736328125,0.4134521484375
27.798,311,875,1264,310,-1.0,33.0,43.0,-16.11328125,-44.921871185302734,-38.6962890625,-0.815185546875,0.332763671875,0.5439453125
27.803,308,933,1302,311,-1.0,33.0,43.0,-36.62109375,-35.09521484375,-60.852046966552734,-0.815185546875,0.332763671875,0.5439453125
27.807,312,994,1393,312,-1.0,33.0,43.0,-40.161128997802734,-28.198240280151367,-56.152339935302734,-1.93115234375,0.5179443359375,0.6192626953125
27.816,311,1053,1468,312,5.0,31.0,42.0,-40.161128997802734,-28.198240280151367,-56.152339935302734,-2.181884765625,0.469970703125,0.78955078125
27.825,310,1083,1490,306,5.0,31.0,42.0,-23.376462936401367,-35.888671875,-31.494138717651367,-2.181884765625,0.469970703125,0.78955078125
27.831,310,1092,1474,312,5.0,31.0,42.0,17.76123046875,-26.611326217651367,-2.563476324081421,-2.3486328125,-0.058837890625,0.6383056640625
27.842,310,1089,1431,312,5.0,31.0,42.0,43.701168060302734,-9.8876953125,19.47021484375,-2.0963134765625,-0.0152587890625,0.3682861328125
27.847,310,1078,1406,312,5.0,31.0,42.0,43.701168060302734,-9.8876953125,19.47021484375,-1.37255859375,0.157958984375,0.2391357421875
27.861,310,1065,1379,311,5.0,31.0,42.0,70.25146484375,5.920409679412842,44.738765716552734,-0.8203125,0.549560546875,0.2152099609375
27.872,310,1064,1390,312,5.0,31.0,42.0,45.471187591552734,13.244627952575684,29.418943405151367,-0.84423828125,0.858642578125,0.157958984375
27.877,309,1056,1400,312,5.0,31.0,42.0,45.471187591552734,13.244627952575684,29.418943405151367,-1.2291259765625,0.8262939453125,0.1134033203125
27.901,310,1050,1400,312,5.0,31.0,42.0,-26.000974655151367,28.625486373901367,-4.33349609375,-1.5740966796875,0.6162109375,0.2183837890625
27.901,310,1029,1386,312,5.0,31.0,42.0,-37.53662109375,22.766111373901367,-6.713866710662842,-1.6695556640625,0.4156494140625,0.3677978515625
27.906,310,1009,1365,312,-1.0,36.0,47.0,-37.53662109375,22.766111373901367,-6.713866710662842,-1.6109619140625,0.3409423828125,0.4276123046875
27.921,310,955,1294,311,-1.0,36.0,47.0,-23.681638717651367,11.840819358825684,0.6713866591453552,-1.51416015625,0.3486328125,0.4110107421875
27.927,308,918,1226,312,-1.0,36.0,47.0,-15.075682640075684,12.145995140075684,6.225585460662842,-1.3909912109375,0.375732421875,0.3880615234375
27.946,310,865,1173,311,-1.0,36.0,47.0,-15.075682640075684,12.145995140075684,6.225585460662842,-1.216552734375,0.3927001953125,0.3763427734375
27.951,310,796,1089,312,-1.0,36.0,47.0,-4.2724609375,15.930174827575684,20.385740280151367,-1.0296630859375,0.3560791015625,0.3516845703125
27.958,310,762,1014,312,-1.0,36.0,47.0,-5.187987804412842,17.51708984375,26.611326217651367,-0.8890380859375,0.257080078125,0.318603515625
27.974,310,726,958,311,-1.0,36.0,47.0,-5.187987804412842,17.51708984375,26.611326217651367,-0.8082275390625,0.15380859375,0.2830810546875
27.979,310,664,861,310,-1.0,36.0,47.0,-11.535643577575684,20.507810592651367,38.26904296875,-0.75341796875,0.0689697265625,0.24609375
27.996,310,642,813,310,-1.0,36.0,47.0,-8.7890625,22.399900436401367,40.344234466552734,-0.6727294921875,0.00830078125,0.2259521484375
27.999,310,607,771,311,-1.0,36.0,47.0,-0.6713866591453552,23.315427780151367,35.33935546875,-0.5755615234375,-0.0263671875,0.218505859375
28.009,308,559,698,311,0.0,33.0,42.0,9.8876953125,23.803709030151367,25.146482467651367,-0.5118408203125,-0.041259765625,0.1904296875
28.017,310,537,685,312,0.0,33.0,42.0,20.690916061401367,25.573728561401367,14.282225608825684,-0.4979248046875,-0.0167236328125,0.1395263671875
28.027,310,523,673,310,0.0,33.0,42.0,31.555173873901367,27.648923873901367,5.310058116912842,-0.518798828125,0.0694580078125,0.0916748046875
28.054,310,496,614,310,0.0,33.0,42.0,39.73388671875,28.381345748901367,-0.6103515625,-0.566162109375,0.2283935546875,0.0518798828125
28.054,309,481,601,310,0.0,33.0,42.0,42.419429779052734,27.221677780151367,-2.44140625,-0.6119384765625,0.40185546875,0.037353515625
28.056,296,477,590,299,0.0,33.0,42.0,38.63525390625,23.498533248901367,-1.4648436307907104,-0.6240234375,0.489013671875,0.0592041015625
28.075,310,454,580,310,0.0,33.0,42.0,31.188962936401367,19.34814453125,-1.03759765625,-0.6268310546875,0.47998046875,0.0892333984375
28.077,309,444,583,311,0.0,33.0,42.0,23.315427780151367,16.7236328125,-2.01416015625,-0.6529541015625,0.45751953125,0.1187744140625
28.105,310,438,579,310,0.0,33.0,42.0,14.465331077575684,12.817381858825684,-1.0986328125,-0.7027587890625,0.439697265625,0.1583251953125
28.106,308,437,587,308,0.0,33.0,42.0,4.39453125,6.774901866912842,2.3193359375,-0.76220703125,0.3818359375,0.19091796875
28.108,310,434,584,310,0.0,37.0,45.0,-4.08935546875,2.3193359375,5.493163585662842,-0.8291015625,0.310791015625,0.197265625
28.117,310,430,585,308,0.0,37.0,45.0,-8.11767578125,0.4882812201976776,7.446288585662842,-0.903076171875,0.28173828125,0.185546875
28.125,310,425,579,310,0.0,37.0,45.0,-7.690429210662842,-0.9155272841453552,8.85009765625,-0.9661865234375,0.2847900390625,0.172607421875
28.139,310,426,578,310,0.0,37.0,45.0,-5.371093273162842,-3.234863042831421,9.8876953125,-0.9971923828125,0.285888671875,0.1689453125
28.151,310,426,576,312,0.0,37.0,45.0,-3.479003667831421,-6.164550304412842,10.925292015075684,-0.9891357421875,0.276123046875,0.1661376953125
28.155,308,426,577,310,0.0,37.0,45.0,-2.13623046875,-9.46044921875,12.512206077575684,-0.94140625,0.2587890625,0.14599609375
28.177,310,438,601,310,0.0,37.0,45.0,-0.54931640625,-12.939452171325684,14.770506858825684,-0.8502197265625,0.2322998046875,0.1021728515625
28.180,310,447,622,311,0.0,37.0,45.0,-1.2817381620407104,-16.357421875,17.9443359375,-0.7186279296875,0.2161865234375,0.048828125
28.208,310,456,669,312,0.0,37.0,45.0,-9.1552734375,-20.690916061401367,21.850584030151367,-0.5281982421875,0.2210693359375,-0.0106201171875
28.208,310,508,723,311,0.0,37.0,45.0,-24.658201217651367,-27.465818405151367,23.681638717651367,-0.231201171875,0.1851806640625,-0.109130859375
28.209,310,551,767,311,0.0,34.0,46.0,-39.24560546875,-37.9638671875,19.04296875,0.1314697265625,0.044921875,-0.186767578125
28.214,311,601,823,310,0.0,34.0,46.0,-37.41455078125,-52.551265716552734,7.812499523162842,0.416015625,-0.121826171875,-0.183837890625
28.228,310,707,981,310,0.0,34.0,46.0,-7.812499523162842,-65.97900390625,-5.249022960662842,0.535400390625,-0.0244140625,-0.2091064453125
28.248,310,767,1108,310,0.0,34.0,46.0,33.02001953125,-71.6552734375,-18.00537109375,0.39111328125,0.3837890625,-0.1258544921875
28.252,309,830,1264,312,0.0,34.0,46.0,39.6728515625,-73.8525390625,-33.02001953125,0.008544921875,0.669677734375,0.273193359375
28.260,310,944,1462,312,0.0,34.0,46.0,-7.507323741912842,-70.6787109375,-50.537105560302734,-0.5108642578125,0.5972900390625,0.7381591796875
28.337,310,996,1504,312,0.0,34.0,46.0,-68.90869140625,-54.199214935302734,-63.232418060302734,-1.1434326171875,0.324951171875,1.0277099609375
28.338,311,1050,1543,312,0.0,34.0,46.0,-93.74999237060547,-33.14208984375,-60.241695404052734,-1.7784423828125,0.051025390625,1.1033935546875
28.338,310,1101,1569,312,0.0,34.0,46.0,-69.3359375,-20.874021530151367,-38.75732421875,-2.248291015625,-0.12353515625,1.0350341796875
28.338,310,1103,1538,312,0.0,34.0,46.0,-14.282225608825684,-16.4794921875,-6.469726085662842,-2.5703125,0.040283203125,0.87890625
28.338,310,1081,1422,312,3.0,34.0,44.0,40.344234466552734,-13.610838890075684,32.77587890625,-2.76220703125,0.3741455078125,0.6832275390625
28.338,310,1050,1300,312,3.0,34.0,44.0,72.6318359375,-9.3994140625,69.39697265625,-2.212646484375,0.35107421875,0.5269775390625
28.338,310,1056,1282,312,3.0,34.0,44.0,91.85790252685547,-0.0610351525247097,79.52880859375,-1.2005615234375,0.2799072265625,0.3853759765625
28.338,310,1065,1289,311,3.0,34.0,44.0,101.13524627685547,15.808104515075684,62.255855560302734,-0.8233642578125,0.7310791015625,0.2427978515625
28.356,310,1054,1286,311,3.0,34.0,44.0,75.74462890625,35.46142578125,40.466304779052734,-1.148193359375,1.2083740234375,0.0994873046875
28.356,311,1039,1253,314,3.0,34.0,44.0,22.155759811401367,50.292964935302734,27.526853561401367,-1.575927734375,1.116943359375,0.0888671875
28.364,310,1013,1266,314,3.0,34.0,44.0,-17.76123046875,50.537105560302734,23.315427780151367,-1.7125244140625,0.7247314453125,0.2503662109375
28.391,312,959,1201,311,3.0,34.0,44.0,-26.245115280151367,39.1845703125,23.193357467651367,-1.668701171875,0.4342041015625,0.39501953125
28.391,311,918,1147,311,3.0,34.0,44.0,-13.854979515075684,26.794431686401367,25.085447311401367,-1.642822265625,0.3941650390625,0.432373046875
28.417,310,868,1094,312,3.0,34.0,44.0,5.859374523162842,19.22607421875,29.418943405151367,-1.61328125,0.498046875,0.4071044921875
28.418,310,757,982,310,-2.0,36.0,43.0,23.620603561401367,16.54052734375,36.1328125,-1.2271728515625,0.624267578125,0.299560546875
28.418,310,722,919,312,-2.0,36.0,43.0,33.203125,16.9677734375,43.823238372802734,-1.2271728515625,0.624267578125,0.299560546875
28.424,311,676,853,310,-2.0,36.0,43.0,31.494138717651367,18.06640625,47.607418060302734,-0.8724365234375,0.47509765625,0.3167724609375
28.438,310,601,780,311,-2.0,36.0,43.0,22.094724655151367,18.37158203125,41.870113372802734,-0.223388671875,0.1136474609375,0.26416015625
28.453,310,566,745,311,-2.0,36.0,43.0,14.892577171325684,18.00537109375,26.123044967651367,-0.223388671875,0.1136474609375,0.26416015625
28.455,310,525,714,310,-2.0,36.0,43.0,14.038084983825684,16.11328125,1.8310545682907104,-0.1318359375,0.0546875,0.1591796875
28.468,310,479,694,310,-2.0,36.0,43.0,16.05224609375,12.817381858825684,-27.099607467651367,-0.2296142578125,0.2486572265625,0.0035400390625
28.486,310,452,658,311,-2.0,36.0,43.0,17.88330078125,9.765625,-51.086421966552734,-0.2296142578125,0.2486572265625,0.0035400390625
28.486,310,428,621,310,-2.0,36.0,43.0,23.132322311401367,10.131834983825684,-63.354488372802734,-0.3739013671875,0.4178466796875,-0.1043701171875
28.511,309,401,607,310,-2.0,36.0,43.0,35.21728515625,14.953612327575684,-66.0400390625,-0.69580078125,0.68896484375,-0.2530517578125
28.517,296,393,600,310,0.0,35.0,42.0,43.823238372802734,17.27294921875,-64.8193359375,-0.69580078125,0.68896484375,-0.2530517578125
28.518,310,380,587,310,0.0,35.0,42.0,34.0576171875,12.145995140075684,-64.02587890625,-0.7108154296875,0.688720703125,-0.1422119140625
28.528,310,368,572,310,0.0,35.0,42.0,-22.460935592651367,-0.9155272841453552,-66.34521484375,-0.7373046875,0.4324951171875,0.1400146484375
28.537,310,364,562,310,0.0,35.0,42.0,-22.460935592651367,-0.9155272841453552,-66.34521484375,-0.7374267578125,0.235595703125,0.2301025390625
28.547,310,359,564,310,0.0,35.0,42.0,-41.320796966552734,-3.112792730331421,-66.89453125,-0.7374267578125,0.235595703125,0.2301025390625
28.566,308,357,549,309,0.0,35.0,42.0,-45.532222747802734,-2.807616949081421,-64.0869140625,-0.76611328125,0.026611328125,0.3082275390625
28.566,296,357,564,310,0.0,35.0,42.0,-45.532222747802734,-2.807616949081421,-64.0869140625,-0.822021484375,0.046630859375,0.327880859375
28.574,310,359,574,310,0.0,35.0,42.0,-38.26904296875,-4.150390625,-57.250972747802734,-0.822021484375,0.046630859375,0.327880859375
28.588,310,363,579,310,0.0,35.0,42.0,-25.329587936401367,-7.080077648162842,-36.7431640625,-0.87744140625,0.0777587890625,0.265625
28.596,309,369,594,312,0.0,35.0,42.0,-25.329587936401367,-7.080077648162842,-36.7431640625,-0.854248046875,0.0611572265625,0.23876953125
28.620,310,372,613,310,2.0,33.0,45.0,-23.010251998901367,-8.6669921875,-25.512693405151367,-0.854248046875,0.0611572265625,0.23876953125
28.620,309,387,645,310,2.0,33.0,45.0,-19.1650390625,-13.916014671325684,-5.065917491912842,-0.74072265625,0.0447998046875,0.1468505859375
28.628,309,402,669,310,2.0,33.0,45.0,-19.1650390625,-13.916014671325684,-5.065917491912842,-0.6634521484375,0.0697021484375,0.0733642578125
28.639,296,402,678,310,2.0,33.0,45.0,-13.183592796325684,-18.4326171875,4.39453125,-0.6634521484375,0.0697021484375,0.0733642578125
28.649,311,465,749,310,2.0,33.0,45.0,-7.507323741912842,-29.541013717651367,20.935056686401367,-0.4442138671875,0.1585693359375,-0.0008544921875
28.669,297,497,767,310,2.0,33.0,45.0,-13.488768577575684,-33.8134765625,27.954099655151367,-0.35595703125,0.2454833984375,-0.0103759765625
28.670,295,523,809,310,2.0,33.0,45.0,-13.488768577575684,-33.8134765625,27.954099655151367,-0.3145751953125,0.3284912109375,0.0191650390625
28.679,310,613,966,311,2.0,33.0,45.0,-44.982906341552734,-41.992183685302734,31.372068405151367,-0.23828125,0.3509521484375,0.1435546875
28.692,310,668,1047,312,2.0,33.0,45.0,-55.786128997802734,-49.377437591552734,21.423337936401367,-0.1439208984375,0.220947265625,0.3193359375
28.695,310,714,1148,312,2.0,33.0,45.0,-55.786128997802734,-49.377437591552734,21.423337936401367,-0.058837890625,0.0174560546875,0.4779052734375
28.717,310,796,1294,310,2.0,32.0,43.0,-12.390135765075684,-61.706539154052734,-24.291990280151367,-0.0189208984375,-0.08740234375,0.5679931640625
28.717,311,816,1344,313,2.0,32.0,43.0,21.057126998901367,-59.570308685302734,-49.621578216552734,-0.2459716796875,-0.0042724609375,0.5283203125
28.730,310,875,1434,312,2.0,32.0,43.0,21.057126998901367,-59.570308685302734,-49.621578216552734,-0.8043212890625,0.2403564453125,0.3917236328125
28.740,310,972,1523,312,2.0,32.0,43.0,27.954099655151367,-39.1845703125,-55.236812591552734,-1.4622802734375,0.53271484375,0.305908203125
28.747,311,1014,1569,312,2.0,32.0,43.0,14.648436546325684,-34.0576171875,-38.87939453125,-2.0006103515625,0.7047119140625,0.3795166015625
28.773,311,1042,1603,314,2.0,32.0,43.0,-2.868652105331421,-33.203125,-25.207517623901367,-2.324462890625,0.626708984375,0.5908203125
28.776,310,1064,1611,312,2.0,32.0,43.0,-13.488768577575684,-32.16552734375,-15.075682640075684,-2.405029296875,0.3050537109375,0.8221435546875
28.780,299,1047,1567,312,2.0,32.0,43.0,-3.601073980331421,-29.968259811401367,-0.7324218153953552,-2.2222900390625,-0.0556640625,0.927978515625
28.792,311,1039,1519,312,2.0,32.0,43.0,25.451658248901367,-23.864744186401367,20.141599655151367,-1.6119384765625,-0.1666259765625,0.7933349609375
28.799,310,1018,1478,312,2.0,29.0,46.0,59.936519622802734,-10.681151390075684,37.29248046875,-0.9371337890625,0.1478271484375,0.454345703125
28.825,310,1021,1499,312,2.0,29.0,46.0,73.66943359375,6.042479991912842,39.73388671875,-0.7579345703125,0.7083740234375,0.141357421875
28.825,310,1013,1508,313,2.0,29.0,46.0,46.997066497802734,19.59228515625,26.977537155151367,-1.0277099609375,0.953857421875,0.0458984375
28.829,311,1000,1519,312,2.0,29.0,46.0,-1.220703125,26.000974655151367,8.72802734375,-1.41455078125,0.75390625,0.19921875
28.839,310,986,1516,312,2.0,29.0,46.0,-35.0341796875,23.620603561401367,-2.50244140625,-1.6151123046875,0.442138671875,0.436767578125
28.845,309,967,1506,312,2.0,29.0,46.0,-40.161128997802734,16.6015625,-2.38037109375,-1.6162109375,0.272216796875,0.5574951171875
28.866,310,913,1474,311,2.0,29.0,46.0,-27.404783248901367,11.657713890075684,5.126952648162842,-1.5277099609375,0.2733154296875,0.5469970703125
28.867,310,848,1415,312,2.0,29.0,46.0,-13.427733421325684,11.779784202575684,14.526366233825684,-1.4078369140625,0.29541015625,0.4898681640625
28.879,311,846,1409,312,2.0,29.0,46.0,-5.126952648162842,14.892577171325684,24.353025436401367,-1.25927734375,0.3115234375,0.4571533203125
28.895,310,784,1309,312,2.0,29.0,46.0,-2.44140625,18.06640625,35.82763671875,-1.1044921875,0.3411865234375,0.43798828125
28.898,310,756,1248,312,3.0,34.0,47.0,-4.2724609375,20.935056686401367,46.936031341552734,-0.9451904296875,0.3232421875,0.4027099609375
28.905,310,726,1192,312,3.0,34.0,47.0,-6.469726085662842,23.010251998901367,50.720211029052734,-0.7357177734375,0.2828369140625,0.36865234375
28.933,310,683,1087,311,3.0,34.0,47.0,-5.187987804412842,22.766111373901367,41.992183685302734,-0.53955078125,0.285888671875,0.3380126953125
28.934,310,657,1034,312,3.0,34.0,47.0,-0.4882812201976776,22.277830123901367,23.193357467651367,-0.4697265625,0.3255615234375,0.279052734375
28.937,310,639,994,312,3.0,34.0,47.0,2.197265625,25.390623092651367,2.3193359375,-0.521728515625,0.353759765625,0.189453125
28.952,310,594,906,311,3.0,34.0,47.0,-1.9531248807907104,31.555173873901367,-13.427733421325684,-0.6234130859375,0.3099365234375,0.121337890625
28.959,308,562,861,312,3.0,34.0,47.0,-9.033203125,36.376953125,-21.911619186401367,-0.7177734375,0.2119140625,0.1107177734375
28.967,310,538,833,310,3.0,34.0,47.0,-10.925292015075684,37.353515625,-24.169919967651367,-0.7677001953125,0.1207275390625,0.137939453125
28.998,310,508,778,310,3.0,34.0,47.0,-5.187987804412842,35.888671875,-23.071287155151367,-0.760498046875,0.0677490234375,0.19091796875
29.002,310,483,745,310,3.0,34.0,47.0,4.21142578125,33.02001953125,-21.728513717651367,-0.720703125,0.050048828125,0.245361328125
29.003,310,477,714,311,3.0,34.0,47.0,14.465331077575684,30.456541061401367,-21.789548873901367,-0.6839599609375,0.0675048828125,0.253173828125
29.029,310,441,662,310,3.0,33.0,46.0,25.146482467651367,29.479978561401367,-22.521970748901367,-0.685302734375,0.146240234375,0.2335205078125
29.031,295,430,649,310,3.0,33.0,46.0,33.02001953125,27.465818405151367,-21.484373092651367,-0.720458984375,0.257080078125,0.223876953125
29.043,310,414,631,308,3.0,33.0,46.0,33.75244140625,24.230955123901367,-18.06640625,-0.7432861328125,0.348876953125,0.22119140625
29.043,309,409,603,310,3.0,33.0,46.0,26.977537155151367,20.935056686401367,-13.183592796325684,-0.7420654296875,0.398193359375,0.22509765625
29.049,308,402,588,311,3.0,33.0,46.0,16.4794921875,17.63916015625,-7.751464366912842,-0.74609375,0.377685546875,0.2318115234375
29.072,310,399,585,309,3.0,33.0,46.0,6.835937023162842,15.136717796325684,-2.746581792831421,-0.773681640625,0.305419921875,0.222900390625
29.072,310,391,574,310,3.0,33.0,46.0,1.0986328125,14.221190452575684,1.4038084745407104,-0.8118896484375,0.243896484375,0.19677734375
29.101,310,393,566,310,3.0,33.0,46.0,-0.6713866591453552,13.671874046325684,4.69970703125,-0.845458984375,0.2227783203125,0.1710205078125
29.101,308,394,558,307,3.0,33.0,46.0,-0.4882812201976776,11.840819358825684,7.568358898162842,-0.8690185546875,0.2279052734375,0.1669921875
29.129,309,386,559,310,1.0,36.0,47.0,-0.54931640625,8.1787109375,9.70458984375,-0.8831787109375,0.2437744140625,0.1812744140625
29.133,310,373,558,310,1.0,36.0,47.0,-1.0986328125,3.906249761581421,11.108397483825684,-0.888427734375,0.2669677734375,0.1793212890625
29.133,310,387,563,308,1.0,36.0,47.0,-1.5869139432907104,0.1220703050494194,12.329100608825684,-0.888427734375,0.2669677734375,0.1793212890625
29.145,309,394,580,310,1.0,36.0,47.0,-2.3193359375,-3.295898199081421,14.099120140075684,-0.8734130859375,0.2396240234375,0.1641845703125
29.146,310,410,603,310,1.0,36.0,47.0,-3.967284917831421,-6.347655773162842,17.2119140625,-0.7799072265625,0.1251220703125,0.1409912109375
29.148,308,407,631,310,1.0,36.0,47.0,-6.408690929412842,-9.21630859375,22.827146530151367,-0.7799072265625,0.1251220703125,0.1409912109375
29.164,310,438,693,311,1.0,36.0,47.0,-9.27734375,-12.756346702575684,31.188962936401367,-0.635498046875,0.0811767578125,0.1046142578125
29.179,310,473,750,311,1.0,36.0,47.0,-10.681151390075684,-18.73779296875,39.306640625,-0.2916259765625,0.057861328125,0.0079345703125
29.179,311,549,832,311,1.0,36.0,47.0,-9.8876953125,-30.822751998901367,38.818359375,0.5284423828125,-0.047119140625,-0.211669921875
29.186,309,608,960,311,1.0,36.0,47.0,-9.58251953125,-48.950191497802734,24.230955123901367,0.5284423828125,-0.047119140625,-0.211669921875
29.208,310,664,1064,310,1.0,36.0,47.0,-2.13623046875,-64.14794921875,4.45556640625,0.560791015625,0.0069580078125,-0.217041015625
29.208,310,780,1338,312,2.0,31.0,43.0,18.1884765625,-65.3076171875,-11.474608421325684,-0.1378173828125,0.863037109375,-0.0445556640625
29.219,310,841,1471,311,2.0,31.0,43.0,17.822265625,-57.189937591552734,-30.395505905151367,-0.1378173828125,0.863037109375,-0.0445556640625
29.230,310,913,1568,312,2.0,31.0,43.0,-31.860349655151367,-47.546382904052734,-54.565425872802734,-0.6971435546875,0.890625,0.2977294921875
29.238,310,1009,1674,312,2.0,31.0,43.0,-93.99413299560547,-37.841796875,-72.8759765625,-1.7822265625,0.279052734375,0.9666748046875
29.247,311,1050,1708,313,2.0,31.0,43.0,-119.26268768310547,-39.12353515625,-74.03564453125,-1.7822265625,0.279052734375,0.9666748046875
29.256,310,1078,1732,312,2.0,31.0,43.0,-98.87694549560547,-50.903316497802734,-58.471675872802734,-2.02001953125,-0.0538330078125,1.279052734375
29.274,310,1104,1734,312,2.0,31.0,43.0,-45.471187591552734,-55.541988372802734,-38.51318359375,-2.3287353515625,-0.0616455078125,1.0709228515625
29.277,310,1091,1689,311,2.0,31.0,43.0,20.263669967651367,-44.006343841552734,-14.770506858825684,-2.3287353515625,-0.0616455078125,1.0709228515625
29.291,310,1078,1653,312,2.0,31.0,43.0,67.56591796875,-23.193357467651367,18.6767578125,-2.3450927734375,0.2215576171875,0.7440185546875
29.318,310,1053,1583,311,-1.0,33.0,47.0,84.10643768310547,20.01953125,48.339839935302734,-0.93359375,0.31982421875,0.254150390625
29.327,311,1055,1583,312,-1.0,33.0,47.0,84.10643768310547,20.01953125,48.339839935302734,-0.8250732421875,0.7115478515625,0.1119384765625
29.328,311,1038,1593,312,-1.0,33.0,47.0,68.78662109375,33.0810546875,35.46142578125,-0.8250732421875,0.7115478515625,0.1119384765625
29.328,310,1050,1595,313,-1.0,33.0,47.0,-11.474608421325684,39.36767578125,10.192870140075684,-1.7528076171875,0.8743896484375,0.2696533203125
29.337,310,1027,1584,312,-1.0,33.0,47.0,-11.474608421325684,39.36767578125,10.192870140075684,-1.966552734375,0.635009765625,0.490234375
29.345,311,998,1569,312,-1.0,33.0,47.0,-40.893550872802734,35.21728515625,6.042479991912842,-1.966552734375,0.635009765625,0.490234375
29.358,310,936,1508,312,-1.0,33.0,47.0,-27.160642623901367,21.240232467651367,8.056640625,-1.655029296875,0.3077392578125,0.5611572265625
29.369,310,893,1456,312,-1.0,33.0,47.0,-27.160642623901367,21.240232467651367,8.056640625,-1.3603515625,0.300048828125,0.4923095703125
29.378,310,844,1402,312,-1.0,33.0,47.0,-4.0283203125,18.00537109375,12.634276390075684,-1.3603515625,0.300048828125,0.4923095703125
29.388,310,766,1279,311,-1.0,33.0,47.0,19.47021484375,21.423337936401367,30.883787155151367,-0.8546142578125,0.37158203125,0.36083984375
29.431,309,726,1186,312,3.0,30.0,49.0,19.47021484375,21.423337936401367,30.883787155151367,-0.6749267578125,0.249755859375,0.3414306640625
29.435,309,689,1101,312,3.0,30.0,49.0,11.596678733825684,27.648923873901367,37.29248046875,-0.6749267578125,0.249755859375,0.3414306640625
29.438,310,606,995,310,3.0,30.0,49.0,-0.54931640625,37.29248046875,33.02001953125,-0.4486083984375,-0.0126953125,0.3135986328125
29.440,308,582,943,310,3.0,30.0,49.0,-0.54931640625,37.29248046875,33.02001953125,-0.4171142578125,-0.0162353515625,0.255615234375
29.441,307,547,876,310,3.0,30.0,49.0,8.23974609375,37.41455078125,18.49365234375,-0.4171142578125,-0.0162353515625,0.255615234375
29.448,310,494,827,312,3.0,30.0,49.0,29.296873092651367,39.1845703125,-19.1650390625,-0.50537109375,0.0599365234375,0.0169677734375
29.456,309,465,799,311,3.0,30.0,49.0,35.400390625,39.55078125,-29.296873092651367,-0.515380859375,0.1314697265625,-0.0416259765625
29.465,310,439,754,311,3.0,30.0,49.0,35.400390625,39.55078125,-29.296873092651367,-0.5244140625,0.2960205078125,-0.05517578125
29.479,310,420,700,310,3.0,30.0,49.0,42.358394622802734,33.26416015625,-30.212400436401367,-0.539306640625,0.501953125,-0.032958984375
29.497,310,419,698,310,3.0,30.0,49.0,33.69140625,26.794431686401367,-26.672361373901367,-0.5350341796875,0.6038818359375,0.0189208984375
29.543,310,410,695,310,0.0,34.0,43.0,33.69140625,26.794431686401367,-26.672361373901367,-0.5587158203125,0.5606689453125,0.087158203125
29.543,309,410,688,311,0.0,34.0,43.0,-1.6479490995407104,15.502928733825684,-25.878904342651367,-0.6231689453125,0.4549560546875,0.150390625
29.549,310,411,688,312,0.0,34.0,43.0,-17.578125,12.329100608825684,-26.000974655151367,-0.7076416015625,0.3521728515625,0.1876220703125
29.553,296,413,693,312,0.0,34.0,43.0,-17.578125,12.329100608825684,-26.000974655151367,-0.79345703125,0.251708984375,0.192626953125
29.553,308,419,688,312,0.0,34.0,43.0,-31.677244186401367,7.568358898162842,-20.141599655151367,-0.859130859375,0.173095703125,0.1751708984375
29.564,311,421,689,310,0.0,34.0,43.0,-29.968259811401367,5.493163585662842,-14.282225608825684,-0.898193359375,0.124755859375,0.1644287109375
29.569,298,423,689,310,0.0,34.0,43.0,-29.968259811401367,5.493163585662842,-14.282225608825684,-0.9217529296875,0.0919189453125,0.1800537109375
29.587,310,433,689,310,0.0,34.0,43.0,-17.76123046875,-3.479003667831421,2.13623046875,-0.9368896484375,0.092529296875,0.205078125
29.588,310,437,694,309,0.0,34.0,43.0,-10.742186546325684,-8.72802734375,10.498045921325684,-0.93310546875,0.128173828125,0.22900390625
29.598,310,438,685,310,0.0,34.0,43.0,-6.286620616912842,-12.512206077575684,17.51708984375,-0.91064453125,0.159912109375,0.245849609375
29.601,300,450,729,310,0.0,34.0,44.0,-5.859374523162842,-14.099120140075684,23.010251998901367,-0.878173828125,0.173583984375,0.237548828125
29.616,310,455,742,310,0.0,34.0,44.0,-9.3994140625,-14.526366233825684,28.198240280151367,-0.8197021484375,0.169677734375,0.2003173828125
29.641,310,472,767,310,0.0,34.0,44.0,-15.624999046325684,-15.197752952575684,33.75244140625,-0.7064208984375,0.16845703125,0.136962890625
29.641,310,505,811,310,0.0,34.0,44.0,-22.705076217651367,-16.7236328125,38.75732421875,-0.522216796875,0.1781005859375,0.0465087890625
29.642,310,543,837,311,0.0,34.0,44.0,-28.991697311401367,-20.141599655151367,41.259761810302734,-0.2811279296875,0.1580810546875,-0.0579833984375
29.646,310,585,878,311,0.0,34.0,44.0,-31.677244186401367,-26.672361373901367,41.015621185302734,-0.0247802734375,0.101318359375,-0.099609375
29.659,310,673,981,311,0.0,34.0,44.0,-25.085447311401367,-35.7666015625,38.57421875,0.1845703125,0.07763671875,-0.012451171875
29.667,308,730,1092,310,0.0,34.0,44.0,-7.629394054412842,-44.555660247802734,30.761716842651367,0.2916259765625,0.180908203125,0.149658203125
29.686,310,784,1201,312,0.0,34.0,44.0,6.774901866912842,-49.865718841552734,9.82666015625,0.2222900390625,0.38720703125,0.3250732421875
29.692,309,875,1392,312,0.0,34.0,44.0,2.01416015625,-50.292964935302734,-24.414060592651367,-0.0838623046875,0.496826171875,0.4658203125
29.699,309,928,1464,312,2.0,31.0,52.0,-16.66259765625,-42.785640716552734,-57.556148529052734,-0.6317138671875,0.48388671875,0.5018310546875
29.717,311,992,1528,312,2.0,31.0,52.0,-31.005857467651367,-29.663084030151367,-73.974609375,-1.3023681640625,0.512451171875,0.501708984375
29.722,310,1065,1610,311,2.0,31.0,52.0,-34.0576171875,-22.583005905151367,-69.39697265625,-1.8607177734375,0.559326171875,0.56591796875
29.747,310,1094,1636,312,2.0,31.0,52.0,-29.052732467651367,-26.184080123901367,-54.016109466552734,-2.1513671875,0.3704833984375,0.70703125
29.752,311,1116,1646,313,2.0,31.0,52.0,-13.427733421325684,-30.456541061401367,-41.381832122802734,-2.254638671875,0.124267578125,0.7596435546875
29.753,311,1122,1609,311,2.0,31.0,52.0,13.244627952575684,-26.672361373901367,-28.625486373901367,-2.2921142578125,0.1195068359375,0.670654296875
29.759,311,1120,1577,312,2.0,31.0,52.0,39.48974609375,-18.37158203125,-8.6669921875,-2.0845947265625,0.1722412109375,0.5733642578125
29.766,310,1103,1547,312,2.0,31.0,52.0,54.199214935302734,-8.36181640625,11.657713890075684,-1.4412841796875,0.1595458984375,0.440185546875
29.777,310,1089,1521,312,2.0,31.0,52.0,55.786128997802734,4.39453125,21.484373092651367,-0.8743896484375,0.3316650390625,0.275634765625
29.790,311,1089,1529,312,2.0,31.0,52.0,38.6962890625,16.41845703125,19.95849609375,-0.7904052734375,0.6529541015625,0.1595458984375
29.799,310,1087,1540,311,2.0,32.0,47.0,6.835937023162842,25.329587936401367,9.3994140625,-1.0560302734375,0.7799072265625,0.140380859375
29.807,310,1079,1543,312,2.0,32.0,47.0,-21.545408248901367,28.930662155151367,-5.249022960662842,-1.50537109375,0.7489013671875,0.24951171875
29.821,310,1051,1523,310,2.0,32.0,47.0,-37.59765625,25.024412155151367,-14.465331077575684,-1.7879638671875,0.6072998046875,0.414794921875
29.857,310,1025,1508,311,2.0,32.0,47.0,-38.14697265625,16.357421875,-16.357421875,-1.75537109375,0.41015625,0.516845703125
29.858,311,992,1474,312,2.0,32.0,47.0,-25.878904342651367,8.30078125,-13.549803733825684,-1.56591796875,0.295654296875,0.5386962890625
29.861,310,923,1390,312,2.0,32.0,47.0,-10.009765625,5.187987804412842,-8.056640625,-1.3665771484375,0.2757568359375,0.5157470703125
29.863,296,852,1305,312,2.0,32.0,47.0,1.8920897245407104,7.873534679412842,-0.54931640625,-1.1993408203125,0.342529296875,0.46728515625
29.864,310,833,1260,310,2.0,32.0,47.0,5.310058116912842,13.854979515075684,8.6669921875,-1.05908203125,0.3974609375,0.4163818359375
29.878,310,764,1143,312,2.0,32.0,47.0,0.3662109076976776,20.812986373901367,15.808104515075684,-0.93603515625,0.345947265625,0.3782958984375
29.890,310,712,1069,312,2.0,32.0,47.0,-7.690429210662842,26.672361373901367,17.88330078125,-0.841064453125,0.2518310546875,0.318603515625
29.895,310,664,1017,311,3.0,33.0,41.0,-14.038084983825684,30.761716842651367,16.90673828125,-0.7733154296875,0.1634521484375,0.2364501953125
29.908,308,599,920,311,3.0,33.0,41.0,-15.441893577575684,32.77587890625,13.854979515075684,-0.584228515625,-0.0496826171875,0.1885986328125
29.918,310,558,874,311,3.0,33.0,41.0,-9.58251953125,32.89794921875,7.568358898162842,-0.584228515625,-0.0496826171875,0.1885986328125
29.925,310,522,837,310,3.0,33.0,41.0,2.929687261581421,32.71484375,-0.9765624403953552,-0.528076171875,-0.0908203125,0.1871337890625
29.951,310,454,771,310,3.0,33.0,41.0,18.1884765625,34.11865234375,-8.97216796875,-0.535888671875,-0.0250244140625,0.1402587890625
29.951,310,433,742,299,3.0,33.0,41.0,31.127927780151367,36.865234375,-16.845703125,-0.535888671875,-0.0250244140625,0.1402587890625
29.955,310,415,688,310,3.0,33.0,41.0,41.015621185302734,38.87939453125,-25.024412155151367,-0.5484619140625,0.0880126953125,0.1341552734375
29.971,309,379,628,310,3.0,33.0,41.0,47.485347747802734,37.4755859375,-29.541013717651367,-0.6256103515625,0.420654296875,0.1185302734375
29.977,309,359,587,310,3.0,33.0,41.0,45.166011810302734,32.8369140625,-27.709959030151367,-0.6256103515625,0.420654296875,0.1185302734375
29.993,310,355,558,310,3.0,33.0,41.0,31.982419967651367,27.770994186401367,-22.033689498901367,-0.6474609375,0.4530029296875,0.123291015625
29.998,310,345,531,308,3.0,36.0,41.0,14.099120140075684,23.742673873901367,-15.197752952575684,-0.7025146484375,0.3504638671875,0.1785888671875
30.006,308,342,523,310,3.0,36.0,41.0,-0.30517578125,20.446775436401367,-7.324218273162842,-0.7025146484375,0.3504638671875,0.1785888671875
30.022,309,340,512,310,3.0,36.0,41.0,-8.1787109375,17.15087890625,1.7700194120407104,-0.768310546875,0.28955078125,0.1865234375
30.028,308,340,502,309,3.0,36.0,41.0,-11.291502952575684,14.038084983825684,9.8876953125,-0.8612060546875,0.1558837890625,0.189208984375
30.053,310,339,497,310,3.0,36.0,41.0,-10.375975608825684,11.718749046325684,13.916014671325684,-0.8612060546875,0.1558837890625,0.189208984375
30.053,309,339,494,308,3.0,36.0,41.0,-4.82177734375,9.521484375,14.526366233825684,-0.8865966796875,0.1416015625,0.1676025390625
30.059,308,344,497,309,3.0,36.0,41.0,7.019042491912842,0.54931640625,17.88330078125,-0.8787841796875,0.2467041015625,0.1378173828125
30.066,310,352,513,309,3.0,36.0,41.0,7.019042491912842,0.54931640625,17.88330078125,-0.79541015625,0.2559814453125,0.1243896484375
30.079,310,363,533,310,3.0,36.0,41.0,7.812499523162842,-5.737304210662842,20.324705123901367,-0.79541015625,0.2559814453125,0.1243896484375
30.094,309,387,572,310,0.0,35.0,45.0,6.469726085662842,-16.66259765625,21.240232467651367,-0.6038818359375,0.19970703125,0.04296875
30.099,308,384,607,308,0.0,35.0,45.0,6.469726085662842,-16.66259765625,21.240232467651367,-0.4820556640625,0.2176513671875,0.001708984375
30.105,310,417,657,311,0.0,35.0,45.0,4.7607421875,-22.521970748901367,22.033689498901367,-0.4820556640625,0.2176513671875,0.001708984375
30.124,309,481,725,310,0.0,35.0,45.0,-15.502928733825684,-35.09521484375,19.04296875,-0.0772705078125,0.2406005859375,-0.1453857421875
30.126,310,530,778,311,0.0,35.0,45.0,-15.502928733825684,-35.09521484375,19.04296875,0.134521484375,0.1868896484375,-0.2984619140625
30.160,310,725,1148,311,0.0,35.0,45.0,-71.35009765625,-53.466793060302734,4.21142578125,0.2271728515625,0.20361328125,-0.2225341796875
30.161,310,782,1309,310,0.0,35.0,45.0,-71.35009765625,-53.466793060302734,4.21142578125,0.0213623046875,0.287841796875,0.185546875
30.166,309,844,1464,311,0.0,35.0,45.0,-71.10595703125,-55.358882904052734,-3.540038824081421,0.0213623046875,0.287841796875,0.185546875
30.178,311,955,1627,312,0.0,35.0,45.0,-75.439453125,-64.63623046875,-45.654293060302734,-0.83544921875,0.04931640625,1.038330078125
30.201,311,1020,1678,312,0.0,35.0,45.0,-75.439453125,-64.63623046875,-45.654293060302734,-1.396240234375,-0.0614013671875,1.0540771484375
30.201,310,1067,1715,313,6.0,31.0,49.0,-63.110347747802734,-56.396480560302734,-63.781734466552734,-1.396240234375,-0.0614013671875,1.0540771484375
30.208,311,1120,1745,312,6.0,31.0,49.0,6.652831554412842,-30.761716842651367,-45.227046966552734,-2.30419921875,0.458740234375,0.7821044921875
30.216,310,1142,1756,312,6.0,31.0,49.0,29.052732467651367,-26.428220748901367,-19.4091796875,-2.6065673828125,0.694091796875,0.7340087890625
30.231,311,1140,1732,314,6.0,31.0,49.0,29.052732467651367,-26.428220748901367,-19.4091796875,-2.6583251953125,0.4765625,0.7119140625
30.244,310,1129,1656,312,6.0,31.0,49.0,38.330078125,-14.526366233825684,22.949216842651367,-2.027099609375,-0.0509033203125,0.6014404296875
30.263,310,1101,1613,312,6.0,31.0,49.0,52.246089935302734,-1.7700194120407104,30.456541061401367,-1.0924072265625,-0.1805419921875,0.4324951171875
30.265,310,1091,1573,313,6.0,31.0,49.0,52.246089935302734,-1.7700194120407104,30.456541061401367,-0.700927734375,0.3790283203125,0.30029296875
30.269,310,1096,1588,312,6.0,31.0,49.0,46.264644622802734,31.311033248901367,26.245115280151367,-0.900146484375,0.9337158203125,0.2186279296875
30.276,311,1091,1588,312,6.0,31.0,49.0,1.2817381620407104,48.706050872802734,10.620116233825684,-1.4566650390625,1.0283203125,0.249267578125
30.285,310,1081,1573,312,6.0,31.0,49.0,1.2817381620407104,48.706050872802734,10.620116233825684,-1.9354248046875,0.7918701171875,0.376220703125
30.308,310,1039,1536,312,4.0,30.0,43.0,-52.673336029052734,45.410152435302734,-9.033203125,-2.010009765625,0.4268798828125,0.465087890625
30.309,298,1003,1499,310,4.0,30.0,43.0,-39.794921875,29.418943405151367,-7.080077648162842,-1.808349609375,0.2174072265625,0.5047607421875
30.314,310,971,1434,313,4.0,30.0,43.0,-39.794921875,29.418943405151367,-7.080077648162842,-1.5440673828125,0.1800537109375,0.5281982421875
30.333,310,895,1294,312,4.0,30.0,43.0,8.1787109375,13.488768577575684,6.469726085662842,-1.301513671875,0.27978515625,0.509033203125
30.337,310,841,1198,312,4.0,30.0,43.0,22.155759811401367,17.822265625,14.953612327575684,-1.0838623046875,0.4447021484375,0.43310546875
30.357,310,795,1098,312,4.0,30.0,43.0,22.155759811401367,17.822265625,14.953612327575684,-0.8839111328125,0.4547119140625,0.347900390625
30.358,296,697,946,312,4.0,30.0,43.0,10.864256858825684,31.799314498901367,26.062009811401367,-0.7301025390625,0.3017578125,0.275146484375
30.371,310,652,883,311,4.0,30.0,43.0,0.3662109076976776,36.1328125,27.038572311401367,-0.6328125,0.097412109375,0.2254638671875
30.375,310,619,837,311,4.0,30.0,43.0,-3.417968511581421,37.9638671875,26.123044967651367,-0.5411376953125,-0.134765625,0.223876953125
30.388,310,540,705,310,3.0,33.0,43.0,6.103515148162842,38.63525390625,21.972654342651367,-0.4598388671875,-0.296142578125,0.230712890625
30.401,310,497,664,308,3.0,33.0,43.0,28.442380905151367,40.10009765625,16.05224609375,-0.4368896484375,-0.282470703125,0.197998046875
30.405,309,475,607,311,3.0,33.0,43.0,55.236812591552734,43.029781341552734,9.33837890625,-0.4373779296875,-0.1937255859375,0.1419677734375
30.420,310,423,547,310,3.0,33.0,43.0,78.91845703125,46.691890716552734,0.4272460639476776,-0.44873046875,-0.05615234375,0.101806640625
30.437,310,400,504,308,3.0,33.0,43.0,94.54344940185547,46.997066497802734,-6.896972179412842,-0.482177734375,0.205322265625,0.09130859375
30.438,309,400,479,310,3.0,33.0,43.0,95.76415252685547,40.893550872802734,-7.202147960662842,-0.501220703125,0.4647216796875,0.0772705078125
30.454,308,373,451,310,3.0,33.0,43.0,81.54296112060547,33.203125,-3.356933355331421,-0.51611328125,0.605712890625,0.045654296875
30.465,310,364,433,308,3.0,33.0,43.0,58.288570404052734,28.320310592651367,0.0,-0.5765380859375,0.6556396484375,0.0335693359375
30.466,309,354,424,310,3.0,33.0,43.0,33.8134765625,24.536130905151367,2.25830078125,-0.6778564453125,0.628173828125,0.0238037109375
30.478,309,352,437,310,3.0,33.0,43.0,15.258788108825684,21.057126998901367,3.601073980331421,-0.7716064453125,0.5447998046875,-0.0286865234375
30.486,310,354,447,310,0.0,36.0,43.0,4.150390625,17.76123046875,2.807616949081421,-0.8253173828125,0.4295654296875,-0.068359375
30.495,310,356,457,310,0.0,36.0,43.0,-3.112792730331421,12.329100608825684,-2.13623046875,-0.852783203125,0.298828125,-0.0399169921875
30.509,310,367,466,310,0.0,36.0,43.0,-8.72802734375,4.21142578125,-8.7890625,-0.885498046875,0.219970703125,0.0264892578125
30.516,310,372,477,309,0.0,36.0,43.0,-12.329100608825684,-4.7607421875,-11.352538108825684,-0.8974609375,0.213134765625,0.1072998046875
30.537,310,377,480,310,0.0,36.0,43.0,-12.756346702575684,-12.939452171325684,-8.85009765625,-0.858642578125,0.2158203125,0.1817626953125
30.539,309,394,496,308,0.0,36.0,43.0,-9.82666015625,-18.5546875,-4.0283203125,-0.7855224609375,0.1949462890625,0.21240234375
30.563,310,402,512,310,0.0,36.0,43.0,-5.798339366912842,-21.606443405151367,1.7700194120407104,-0.7078857421875,0.1641845703125,0.1907958984375
30.565,310,411,523,310,0.0,36.0,43.0,-3.356933355331421,-23.986814498901367,8.23974609375,-0.6578369140625,0.1319580078125,0.1502685546875
30.568,310,428,547,312,0.0,36.0,43.0,-4.0283203125,-27.160642623901367,15.686034202575684,-0.638916015625,0.099853515625,0.12109375
30.584,310,452,594,310,0.0,36.0,43.0,-9.82666015625,-30.883787155151367,25.268552780151367,-0.5975341796875,0.10302734375,0.0791015625
30.588,310,490,620,300,0.0,35.0,49.0,-21.728513717651367,-35.82763671875,34.912109375,-0.431640625,0.129638671875,-0.040771484375
30.607,308,557,631,311,0.0,35.0,49.0,-38.4521484375,-42.297359466552734,37.9638671875,-0.203125,0.070068359375,-0.229248046875
30.608,310,607,714,311,0.0,35.0,49.0,-57.128902435302734,-47.912593841552734,35.15625,-0.038330078125,-0.0740966796875,-0.3392333984375
30.614,310,683,835,310,0.0,35.0,49.0,-66.95556640625,-51.391597747802734,34.0576171875,0.069580078125,-0.094970703125,-0.234375
30.642,311,784,1038,312,0.0,35.0,49.0,-56.396480560302734,-52.795406341552734,30.090330123901367,0.1002197265625,0.1529541015625,0.04345703125
30.666,310,840,1148,311,0.0,35.0,49.0,-40.161128997802734,-50.903316497802734,10.131834983825684,-0.01953125,0.4027099609375,0.4207763671875
30.673,310,902,1241,312,0.0,35.0,49.0,-42.907711029052734,-47.180171966552734,-23.193357467651367,-0.2711181640625,0.3621826171875,0.8197021484375
30.678,310,996,1351,312,0.0,35.0,49.0,-51.208492279052734,-40.527339935302734,-51.025386810302734,-0.68505859375,0.3048095703125,0.990966796875
30.691,310,1043,1419,312,0.0,35.0,49.0,-41.870113372802734,-30.700681686401367,-54.931636810302734,-1.298095703125,0.5673828125,0.825439453125
30.694,297,1078,1486,309,0.0,35.0,49.0,-22.033689498901367,-26.306150436401367,-33.3251953125,-1.9185791015625,0.9208984375,0.631103515625
30.697,309,1129,1544,311,4.0,33.0,50.0,-5.249022960662842,-29.785154342651367,-8.60595703125,-2.5081787109375,0.300537109375,0.7960205078125
30.698,309,1133,1516,312,4.0,33.0,50.0,7.873534679412842,-31.372068405151367,2.01416015625,-2.5081787109375,0.300537109375,0.7960205078125
30.708,310,1117,1457,312,4.0,33.0,50.0,25.268552780151367,-23.742673873901367,10.925292015075684,-2.5301513671875,-0.0047607421875,0.6212158203125
30.719,310,1096,1381,311,4.0,33.0,50.0,52.368160247802734,-13.793944358825684,30.334470748901367,-1.108642578125,0.314208984375,0.1650390625
30.729,310,1095,1387,312,4.0,33.0,50.0,79.04052734375,-7.080077648162842,43.640132904052734,-1.108642578125,0.314208984375,0.1650390625
30.738,311,1094,1402,312,4.0,33.0,50.0,78.91845703125,1.4648436307907104,36.07177734375,-0.795654296875,0.843505859375,0.113525390625
30.766,310,1087,1413,311,4.0,33.0,50.0,-10.864256858825684,26.428220748901367,-8.11767578125,-1.4908447265625,0.878662109375,0.268798828125
30.766,310,1073,1406,310,4.0,33.0,50.0,-10.864256858825684,26.428220748901367,-8.11767578125,-1.7431640625,0.5892333984375,0.4210205078125
30.767,310,1050,1398,312,4.0,33.0,50.0,-38.4521484375,26.550291061401367,-16.29638671875,-1.7431640625,0.5892333984375,0.4210205078125
30.779,310,1008,1365,312,4.0,33.0,50.0,-19.287109375,7.446288585662842,-9.09423828125,-1.5426025390625,0.3997802734375,0.4639892578125
30.787,310,982,1318,314,3.0,32.0,40.0,-19.287109375,7.446288585662842,-9.09423828125,-1.351806640625,0.4024658203125,0.4228515625
30.799,310,947,1264,312,3.0,32.0,40.0,-2.929687261581421,3.784179449081421,-4.82177734375,-1.351806640625,0.4024658203125,0.4228515625
30.812,310,871,1162,312,3.0,32.0,40.0,16.54052734375,8.7890625,0.9765624403953552,-0.9989013671875,0.4520263671875,0.3619384765625
30.818,310,830,1108,311,3.0,32.0,40.0,16.54052734375,8.7890625,0.9765624403953552,-0.8768310546875,0.486328125,0.3087158203125
30.825,310,793,1050,312,3.0,32.0,40.0,16.66259765625,13.122557640075684,4.45556640625,-0.8768310546875,0.486328125,0.3087158203125
30.840,310,713,939,311,3.0,32.0,40.0,-6.347655773162842,21.850584030151367,2.13623046875,-0.737548828125,0.2962646484375,0.2574462890625
30.848,310,674,891,310,3.0,32.0,40.0,-6.347655773162842,21.850584030151367,2.13623046875,-0.68896484375,0.1693115234375,0.2552490234375
30.872,310,644,848,311,3.0,32.0,40.0,-14.892577171325684,25.634763717651367,-2.25830078125,-0.68896484375,0.1693115234375,0.2552490234375
30.872,310,566,758,310,3.0,32.0,40.0,-1.9531248807907104,28.686521530151367,-18.49365234375,-0.59326171875,-0.0487060546875,0.276611328125
30.878,310,532,730,311,3.0,32.0,40.0,-1.9531248807907104,28.686521530151367,-18.49365234375,-0.589599609375,-0.0728759765625,0.2354736328125
30.885,310,504,705,311,0.0,33.0,45.0,11.657713890075684,30.639646530151367,-27.221677780151367,-0.589599609375,-0.0728759765625,0.2354736328125
30.913,310,447,644,310,0.0,33.0,45.0,34.912109375,40.283199310302734,-35.0341796875,-0.5491943359375,-0.015625,0.112060546875
30.913,310,402,594,310,0.0,33.0,45.0,44.250484466552734,42.114253997802734,-35.0341796875,-0.538330078125,0.1319580078125,0.10107421875
30.932,308,407,564,310,0.0,33.0,45.0,44.250484466552734,42.114253997802734,-35.0341796875,-0.57080078125,0.332763671875,0.122802734375
30.934,309,395,533,310,0.0,33.0,45.0,43.579097747802734,32.65380859375,-23.681638717651367,-0.599853515625,0.443359375,0.1397705078125
30.986,311,381,523,310,0.0,33.0,45.0,31.494138717651367,27.038572311401367,-17.578125,-0.6326904296875,0.451171875,0.1387939453125
30.988,296,368,509,310,0.0,33.0,45.0,31.494138717651367,27.038572311401367,-17.578125,-0.7073974609375,0.432861328125,0.133544921875
30.988,308,349,483,310,0.0,33.0,45.0,11.596678733825684,19.287109375,-9.765625,-0.80126953125,0.3994140625,0.127685546875
30.988,310,341,477,310,0.0,33.0,45.0,5.249022960662842,14.465331077575684,-5.798339366912842,-0.8599853515625,0.33447265625,0.10791015625
30.988,308,338,475,309,0.0,33.0,45.0,5.249022960662842,14.465331077575684,-5.798339366912842,-0.8817138671875,0.25830078125,0.0819091796875
30.996,309,326,477,310,1.0,35.0,44.0,-1.6479490995407104,7.141112804412842,-1.8310545682907104,-0.882568359375,0.198974609375,0.07373046875
30.999,308,328,477,310,1.0,35.0,44.0,-2.38037109375,2.44140625,-0.1831054538488388,-0.86328125,0.176513671875,0.08642578125
31.021,310,349,490,310,1.0,35.0,44.0,-2.38037109375,2.44140625,-0.1831054538488388,-0.821533203125,0.1834716796875,0.105224609375
31.021,308,369,505,309,1.0,35.0,44.0,-1.15966796875,-10.986327171325684,6.286620616912842,-0.759033203125,0.1845703125,0.1170654296875
31.031,309,386,545,312,1.0,35.0,44.0,-0.1831054538488388,-18.12744140625,11.108397483825684,-0.687744140625,0.1619873046875,0.1263427734375
31.046,309,393,568,310,1.0,35.0,44.0,0.1831054538488388,-24.536130905151367,17.2119140625,-0.606689453125,0.132080078125,0.134765625
31.046,309,410,614,310,1.0,35.0,44.0,0.1831054538488388,-24.536130905151367,17.2119140625,-0.46630859375,0.11572265625,0.0782470703125
31.076,308,475,684,310,1.0,35.0,44.0,-4.82177734375,-39.12353515625,28.686521530151367,-0.1475830078125,0.137451171875,-0.08544921875
31.076,308,531,695,311,1.0,35.0,44.0,-19.04296875,-51.330562591552734,24.597166061401367,0.2410888671875,0.1337890625,-0.2646484375
31.076,296,582,778,310,1.0,35.0,44.0,-19.04296875,-51.330562591552734,24.597166061401367,0.399169921875,-0.0030517578125,-0.37109375
31.093,310,696,959,310,1.0,33.0,47.0,-59.387203216552734,-64.39208984375,5.859374523162842,0.348876953125,-0.0352783203125,-0.3680419921875
31.097,310,771,1091,311,1.0,33.0,47.0,-47.363277435302734,-57.434078216552734,4.2724609375,0.1278076171875,0.2181396484375,-0.16943359375
31.105,310,838,1239,310,1.0,33.0,47.0,-47.363277435302734,-57.434078216552734,4.2724609375,-0.277587890625,0.380859375,0.330078125
31.126,310,946,1422,312,1.0,33.0,47.0,-67.138671875,-50.109859466552734,-28.442380905151367,-0.704833984375,0.21337890625,0.929931640625
31.128,311,1008,1474,312,1.0,33.0,47.0,-87.40233612060547,-43.029781341552734,-49.377437591552734,-1.1131591796875,0.040283203125,1.2054443359375
31.185,310,1063,1514,312,1.0,33.0,47.0,-71.83837890625,-30.334470748901367,-49.865718841552734,-1.6090087890625,0.1951904296875,1.0987548828125
31.186,310,1123,1569,311,1.0,33.0,47.0,-31.677244186401367,-22.521970748901367,-26.611326217651367,-2.15380859375,0.5208740234375,0.9368896484375
31.188,310,1116,1584,313,1.0,33.0,47.0,6.225585460662842,-19.71435546875,1.3427733182907104,-2.611328125,0.692138671875,0.8369140625
31.189,312,1131,1518,312,1.0,33.0,47.0,27.648923873901367,-13.488768577575684,24.230955123901367,-2.8609619140625,0.5323486328125,0.7310791015625
31.189,310,1109,1325,300,1.0,33.0,47.0,42.114253997802734,-4.21142578125,44.494625091552734,-2.355712890625,0.1168212890625,0.5791015625
31.194,299,1081,1297,300,2.0,33.0,40.0,66.5283203125,3.173827886581421,52.124019622802734,-1.314453125,-0.00439453125,0.3375244140625
31.198,296,1105,1319,311,2.0,33.0,40.0,88.37889862060547,8.72802734375,42.785640716552734,-0.804931640625,0.5390625,0.1297607421875
31.229,310,1104,1338,312,2.0,33.0,40.0,71.8994140625,18.12744140625,27.160642623901367,-1.0732421875,1.1077880859375,0.0489501953125
31.234,298,1091,1340,312,2.0,33.0,40.0,18.798828125,30.273435592651367,13.122557640075684,-1.56103515625,1.09619140625,0.1407470703125
31.235,310,1076,1336,312,2.0,33.0,40.0,-28.625486373901367,34.0576171875,3.479003667831421,-1.763671875,0.7347412109375,0.337646484375
31.242,308,1011,1279,311,2.0,33.0,40.0,-42.419429779052734,27.343748092651367,-1.7700194120407104,-1.7130126953125,0.4559326171875,0.4595947265625
31.252,311,1000,1239,299,2.0,33.0,40.0,-30.517576217651367,17.822265625,-3.479003667831421,-1.59521484375,0.400634765625,0.480224609375
31.254,310,971,1211,312,2.0,33.0,40.0,-13.854979515075684,12.634276390075684,-3.417968511581421,-1.4703369140625,0.4072265625,0.452392578125
31.280,310,910,1103,312,2.0,33.0,40.0,-0.6713866591453552,12.634276390075684,-2.44140625,-1.3248291015625,0.417724609375,0.401123046875
31.280,310,861,1022,298,2.0,33.0,40.0,9.3994140625,14.709471702575684,0.4882812201976776,-1.148193359375,0.4725341796875,0.3294677734375
31.285,310,814,982,311,-3.0,34.0,42.0,12.695311546325684,16.90673828125,4.0283203125,-0.953125,0.4747314453125,0.27392578125
31.298,310,728,861,312,-3.0,34.0,42.0,6.225585460662842,18.85986328125,4.69970703125,-0.7718505859375,0.3599853515625,0.25146484375
31.306,309,684,814,311,-3.0,34.0,42.0,-5.126952648162842,21.240232467651367,2.563476324081421,-0.6256103515625,0.2049560546875,0.2421875
31.334,312,648,772,311,-3.0,34.0,42.0,-12.451170921325684,24.353025436401367,-0.7324218153953552,-0.5084228515625,0.038330078125,0.2437744140625
31.337,297,574,714,311,-3.0,34.0,42.0,-9.58251953125,26.489255905151367,-6.469726085662842,-0.427001953125,-0.1297607421875,0.2510986328125
31.338,308,533,688,310,-3.0,34.0,42.0,2.746581792831421,27.099607467651367,-14.831542015075684,-0.396484375,-0.2139892578125,0.2425537109375
31.344,310,499,664,310,-3.0,34.0,42.0,20.446775436401367,28.259275436401367,-22.827146530151367,-0.428466796875,-0.172607421875,0.188720703125
31.358,310,452,601,309,-3.0,34.0,42.0,38.75732421875,31.921384811401367,-28.320310592651367,-0.4852294921875,-0.055419921875,0.0924072265625
31.382,310,423,572,310,-3.0,34.0,42.0,53.039546966552734,36.07177734375,-30.761716842651367,-0.5416259765625,0.1419677734375,0.0302734375
31.382,310,411,541,310,-3.0,34.0,42.0,57.373043060302734,34.7900390625,-27.770994186401367,-0.5791015625,0.3721923828125,0.0526123046875
31.389,310,408,517,310,0.0,35.0,46.0,48.095699310302734,27.526853561401367,-19.8974609375,-0.57861328125,0.504150390625,0.1043701171875
31.397,310,396,508,310,0.0,35.0,46.0,30.517576217651367,21.301267623901367,-12.878417015075684,-0.5977783203125,0.5203857421875,0.138427734375
31.405,310,393,503,310,0.0,35.0,46.0,12.939452171325684,18.73779296875,-9.33837890625,-0.6812744140625,0.4801025390625,0.166259765625
31.439,310,382,512,310,0.0,35.0,46.0,0.1831054538488388,16.845703125,-7.995604991912842,-0.79248046875,0.4111328125,0.16943359375
31.439,310,379,518,310,0.0,35.0,46.0,-7.385253429412842,14.465331077575684,-7.995604991912842,-0.8680419921875,0.326171875,0.1326904296875
31.440,308,379,510,310,0.0,35.0,46.0,-11.352538108825684,11.596678733825684,-9.21630859375,-0.88818359375,0.2484130859375,0.1024169921875
31.455,308,379,512,309,0.0,35.0,46.0,-11.413573265075684,7.385253429412842,-10.498045921325684,-0.8682861328125,0.1566162109375,0.103271484375
31.457,308,365,496,308,0.0,35.0,46.0,-6.713866710662842,2.0751953125,-10.314940452575684,-0.8682861328125,0.1566162109375,0.103271484375
31.484,308,380,516,310,0.0,35.0,46.0,0.0,-3.967284917831421,-7.141112804412842,-0.8897705078125,0.1748046875,0.1273193359375
31.484,308,384,525,310,1.0,35.0,42.0,3.784179449081421,-10.253905296325684,-0.9765624403953552,-0.8787841796875,0.2269287109375,0.248291015625
31.487,308,380,537,310,1.0,35.0,42.0,3.784179449081421,-15.197752952575684,4.94384765625,-0.8787841796875,0.2269287109375,0.248291015625
31.496,310,393,545,310,1.0,35.0,42.0,2.563476324081421,-16.845703125,7.995604991912842,-0.8685302734375,0.2274169921875,0.2689208984375
31.509,310,394,558,309,1.0,35.0,42.0,0.6103515625,-15.014647483825684,10.620116233825684,-0.85205078125,0.216796875,0.1943359375
31.532,308,399,575,310,1.0,35.0,42.0,0.6103515625,-15.014647483825684,10.620116233825684,-0.792236328125,0.1981201171875,0.124755859375
31.558,310,402,603,308,1.0,35.0,42.0,-0.0610351525247097,-15.441893577575684,13.977049827575684,-0.792236328125,0.1981201171875,0.124755859375
31.559,310,430,659,310,1.0,35.0,42.0,-3.601073980331421,-26.611326217651367,21.667478561401367,-0.3458251953125,0.1353759765625,0.0330810546875
31.559,308,481,675,310,1.0,35.0,42.0,-3.601073980331421,-26.611326217651367,21.667478561401367,-0.093994140625,0.1287841796875,-0.0777587890625
31.560,310,527,683,310,1.0,35.0,42.0,-9.94873046875,-35.888671875,20.385740280151367,-0.093994140625,0.1287841796875,-0.0777587890625
31.586,310,610,830,310,1.0,35.0,42.0,-39.48974609375,-46.752925872802734,12.817381858825684,0.061767578125,0.2186279296875,-0.285400390625
31.587,309,673,944,311,1.0,32.0,46.0,-39.48974609375,-46.752925872802734,12.817381858825684,-0.021240234375,0.3963623046875,-0.2510986328125
31.587,310,730,1069,310,1.0,32.0,46.0,-47.912593841552734,-47.607418060302734,8.9111328125,-0.021240234375,0.3963623046875,-0.2510986328125
31.600,310,833,1310,311,1.0,32.0,46.0,-73.30322265625,-47.851558685302734,-27.404783248901367,-0.3184814453125,0.47509765625,0.4447021484375
31.610,310,878,1422,312,1.0,32.0,46.0,-73.30322265625,-47.851558685302734,-27.404783248901367,-0.590087890625,0.1905517578125,0.814697265625
31.617,310,943,1490,312,1.0,32.0,46.0,-89.78270721435547,-46.081539154052734,-54.443355560302734,-0.590087890625,0.1905517578125,0.814697265625
31.632,310,1029,1564,311,1.0,32.0,46.0,-63.354488372802734,-29.785154342651367,-66.7724609375,-1.438232421875,-0.1593017578125,0.9664306640625
31.638,311,1067,1585,312,1.0,32.0,46.0,-63.354488372802734,-29.785154342651367,-66.7724609375,-1.816650390625,0.046630859375,0.8055419921875
31.648,310,1096,1611,312,1.0,32.0,46.0,-20.446775436401367,-25.695798873901367,-47.607418060302734,-1.816650390625,0.046630859375,0.8055419921875
31.690,310,1120,1640,312,1.0,32.0,46.0,35.33935546875,-22.888181686401367,-1.03759765625,-2.4486083984375,0.595947265625,0.4495849609375
31.695,310,1081,1621,310,1.0,32.0,46.0,28.198240280151367,-18.37158203125,20.996091842651367,-2.434326171875,0.396484375,0.484130859375
31.703,310,1101,1578,312,1.0,32.0,46.0,28.198240280151367,-18.37158203125,20.996091842651367,-1.760986328125,0.0194091796875,0.5406494140625
31.708,310,1076,1514,312,4.0,31.0,43.0,27.832029342651367,-3.051757574081421,41.381832122802734,-0.9329833984375,0.1182861328125,0.5125732421875
31.715,309,1078,1486,314,4.0,31.0,43.0,42.114253997802734,5.981444835662842,32.89794921875,-0.6766357421875,0.64404296875,0.36962890625
31.719,310,1078,1492,311,4.0,31.0,43.0,42.114253997802734,5.981444835662842,32.89794921875,-0.98095703125,0.9278564453125,0.18896484375
31.722,295,1067,1503,312,4.0,31.0,43.0,-3.051757574081421,36.19384765625,-5.310058116912842,-1.5037841796875,0.8170166015625,0.1580810546875
31.735,310,1050,1529,312,4.0,31.0,43.0,-30.517576217651367,36.9873046875,-15.747069358825684,-1.8133544921875,0.539306640625,0.2908935546875
31.736,298,1025,1523,312,4.0,31.0,43.0,-37.17041015625,24.963376998901367,-15.747069358825684,-1.8028564453125,0.3348388671875,0.437744140625
31.744,310,996,1499,312,4.0,31.0,43.0,-37.17041015625,24.963376998901367,-15.747069358825684,-1.64501953125,0.2947998046875,0.5235595703125
31.770,312,944,1432,312,4.0,31.0,43.0,-15.014647483825684,8.48388671875,-6.103515148162842,-1.478515625,0.3101806640625,0.5506591796875
31.779,310,916,1377,312,4.0,31.0,43.0,-4.39453125,11.291502952575684,-1.5258787870407104,-1.3360595703125,0.3707275390625,0.5262451171875
31.781,310,862,1295,312,4.0,31.0,43.0,-4.39453125,11.291502952575684,-1.5258787870407104,-1.2003173828125,0.4404296875,0.4588623046875
31.791,310,782,1162,312,2.0,31.0,47.0,3.295898199081421,20.202634811401367,8.11767578125,-1.0400390625,0.405029296875,0.3787841796875
31.797,310,725,1051,312,2.0,31.0,47.0,-0.1831054538488388,23.925779342651367,7.446288585662842,-0.869873046875,0.286376953125,0.3016357421875
31.804,310,682,971,311,2.0,31.0,47.0,-0.1831054538488388,23.925779342651367,7.446288585662842,-0.7239990234375,0.1458740234375,0.2474365234375
31.819,310,599,865,311,2.0,31.0,47.0,-1.2817381620407104,29.541013717651367,0.6103515625,-0.576416015625,-0.0413818359375,0.2410888671875
31.826,309,548,813,311,2.0,31.0,47.0,8.48388671875,31.799314498901367,-4.69970703125,-0.44580078125,-0.228515625,0.2471923828125
31.835,310,496,750,312,2.0,31.0,47.0,8.48388671875,31.799314498901367,-4.69970703125,-0.4107666015625,-0.289306640625,0.2000732421875
31.848,309,433,657,311,2.0,31.0,47.0,45.532222747802734,40.10009765625,-13.916014671325684,-0.43310546875,-0.2554931640625,0.1063232421875
31.872,310,411,633,311,2.0,31.0,47.0,62.866207122802734,43.640132904052734,-15.686034202575684,-0.4556884765625,-0.138671875,0.0428466796875
31.884,308,394,591,309,2.0,31.0,47.0,62.866207122802734,43.640132904052734,-15.686034202575684,-0.491455078125,0.1357421875,0.052734375
31.897,309,357,518,310,1.0,34.0,47.0,71.83837890625,32.1044921875,-11.474608421325684,-0.5146484375,0.424072265625,0.0848388671875
31.901,310,351,502,310,1.0,34.0,47.0,55.114742279052734,20.324705123901367,-7.019042491912842,-0.52685546875,0.5556640625,0.09423828125
31.906,308,342,473,308,1.0,34.0,47.0,31.311033248901367,10.803221702575684,-4.45556640625,-0.5810546875,0.5511474609375,0.114501953125
31.909,308,340,479,309,1.0,34.0,47.0,11.718749046325684,4.45556640625,-2.13623046875,-0.66796875,0.482666015625,0.150390625
31.918,309,340,484,309,1.0,34.0,47.0,2.563476324081421,2.0751953125,0.4882812201976776,-0.7445068359375,0.3997802734375,0.1617431640625
31.926,310,342,490,308,1.0,34.0,47.0,-0.1220703050494194,3.112792730331421,0.9155272841453552,-0.792236328125,0.311767578125,0.1591796875
31.939,310,349,522,309,1.0,34.0,47.0,-1.7700194120407104,4.5166015625,-1.8920897245407104,-0.8099365234375,0.20703125,0.169189453125
31.949,309,353,533,310,1.0,34.0,47.0,-2.0751953125,4.39453125,-5.187987804412842,-0.8248291015625,0.1209716796875,0.1827392578125
31.957,310,357,547,310,1.0,34.0,47.0,0.6103515625,1.5869139432907104,-4.82177734375,-0.8341064453125,0.0987548828125,0.19140625
31.973,310,371,562,310,1.0,34.0,47.0,5.432128429412842,-3.723144292831421,0.0610351525247097,-0.8380126953125,0.1224365234375,0.18798828125
31.997,310,379,578,310,0.0,34.0,46.0,9.21630859375,-9.1552734375,7.507323741912842,-0.8419189453125,0.1485595703125,0.1771240234375
31.997,310,382,590,310,0.0,34.0,46.0,9.1552734375,-12.084959983825684,15.747069358825684,-0.8372802734375,0.16650390625,0.1661376953125
31.998,310,380,606,309,0.0,34.0,46.0,4.638671875,-11.779784202575684,23.193357467651367,-0.838134765625,0.183837890625,0.1451416015625
32.008,309,398,618,311,0.0,34.0,46.0,-3.601073980331421,-9.521484375,29.541013717651367,-0.8343505859375,0.191162109375,0.1182861328125
32.014,310,410,633,310,0.0,34.0,46.0,-13.610838890075684,-7.751464366912842,35.46142578125,-0.7684326171875,0.17236328125,0.0888671875
32.029,310,454,673,310,0.0,34.0,46.0,-22.460935592651367,-9.09423828125,40.466304779052734,-0.596435546875,0.1348876953125,0.029052734375
32.047,310,481,666,310,0.0,34.0,46.0,-27.282712936401367,-14.953612327575684,42.297359466552734,-0.3690185546875,0.114013671875,-0.056884765625
32.048,311,523,703,310,0.0,34.0,46.0,-30.212400436401367,-24.169919967651367,40.10009765625,-0.154296875,0.1259765625,-0.1097412109375
32.060,310,599,868,294,0.0,34.0,46.0,-34.0576171875,-33.99658203125,34.423828125,-0.0267333984375,0.1868896484375,-0.0921630859375
32.077,311,656,966,312,0.0,34.0,46.0,-36.19384765625,-41.137691497802734,23.864744186401367,-0.0758056640625,0.3270263671875,-0.0028076171875
32.077,310,695,1064,311,2.0,31.0,44.0,-38.02490234375,-44.311519622802734,5.371093273162842,-0.259521484375,0.479736328125,0.2073974609375
32.093,310,777,1231,311,2.0,31.0,44.0,-43.823238372802734,-47.912593841552734,-19.10400390625,-0.4580078125,0.525634765625,0.4761962890625
32.108,310,819,1316,310,2.0,31.0,44.0,-46.203609466552734,-48.583980560302734,-41.687007904052734,-0.6693115234375,0.4437255859375,0.619384765625
32.110,310,859,1387,312,2.0,31.0,44.0,-38.51318359375,-42.358394622802734,-55.480953216552734,-0.9844970703125,0.357421875,0.625
32.118,310,927,1483,310,2.0,31.0,44.0,-26.977537155151367,-36.4990234375,-56.030269622802734,-1.4027099609375,0.35498046875,0.625732421875
32.126,309,957,1523,312,2.0,31.0,44.0,-17.76123046875,-34.66796875,-45.166011810302734,-1.8282470703125,0.398193359375,0.667236328125
32.141,312,971,1544,312,2.0,31.0,44.0,-10.620116233825684,-33.0810546875,-30.578611373901367,-2.1312255859375,0.36865234375,0.7117919921875
32.148,310,973,1553,311,2.0,31.0,44.0,-2.13623046875,-29.785154342651367,-16.90673828125,-2.1929931640625,0.161865234375,0.699951171875
32.157,310,966,1523,311,2.0,31.0,44.0,14.221190452575684,-27.221677780151367,-2.50244140625,-1.97314453125,-0.0743408203125,0.591064453125
32.171,310,958,1500,312,2.0,31.0,44.0,41.259761810302734,-25.756834030151367,14.770506858825684,-1.4530029296875,-0.074951171875,0.391845703125
32.203,310,944,1486,311,1.0,32.0,46.0,68.4814453125,-21.789548873901367,28.198240280151367,-0.937255859375,0.2313232421875,0.2127685546875
32.204,311,951,1492,312,1.0,32.0,46.0,74.03564453125,-12.695311546325684,29.846189498901367,-0.79248046875,0.6319580078125,0.1611328125
32.207,310,947,1502,311,1.0,32.0,46.0,45.654293060302734,-0.4272460639476776,19.22607421875,-0.951416015625,0.77001953125,0.2027587890625
32.211,310,943,1508,311,1.0,32.0,46.0,3.784179449081421,10.498045921325684,3.112792730331421,-1.349853515625,0.4215087890625,0.375244140625
32.221,308,939,1508,312,1.0,32.0,46.0,-22.155759811401367,14.770506858825684,-8.544921875,-1.349853515625,0.4215087890625,0.375244140625
32.227,310,923,1504,312,1.0,32.0,46.0,-24.597166061401367,11.657713890075684,-12.145995140075684,-1.3468017578125,0.3380126953125,0.4002685546875
32.246,310,902,1486,310,1.0,32.0,46.0,-14.099120140075684,6.347655773162842,-11.718749046325684,-1.0970458984375,0.37548828125,0.3583984375
32.248,310,883,1478,307,1.0,32.0,46.0,-3.540038824081421,3.906249761581421,-12.023924827575684,-1.0970458984375,0.37548828125,0.3583984375
32.254,311,868,1458,312,1.0,32.0,46.0,0.0,4.08935546875,-12.878417015075684,-0.973388671875,0.3966064453125,0.3778076171875
32.273,310,840,1431,311,1.0,32.0,46.0,-4.94384765625,6.652831554412842,-12.939452171325684,-0.8419189453125,0.3309326171875,0.3521728515625
32.276,310,823,1415,313,2.0,33.0,46.0,-13.732909202575684,12.451170921325684,-13.732909202575684,-0.8419189453125,0.3309326171875,0.3521728515625
32.304,310,809,1406,312,2.0,33.0,46.0,-20.446775436401367,18.310546875,-16.17431640625,-0.7979736328125,0.256591796875,0.326416015625
32.307,310,790,1373,312,2.0,33.0,46.0,-23.681638717651367,21.362302780151367,-18.4326171875,-0.7794189453125,0.1922607421875,0.28271484375
32.309,297,778,1355,311,2.0,33.0,46.0,-25.634763717651367,22.949216842651367,-18.98193359375,-0.7794189453125,0.1922607421875,0.28271484375
32.316,311,764,1342,311,2.0,33.0,46.0,-27.770994186401367,25.756834030151367,-18.85986328125,-0.7872314453125,0.1787109375,0.25146484375
32.331,312,745,1309,311,2.0,33.0,46.0,-28.930662155151367,30.212400436401367,-19.10400390625,-0.779541015625,0.13720703125,0.2467041015625
32.338,311,739,1299,312,2.0,33.0,46.0,-28.930662155151367,30.212400436401367,-19.10400390625,-0.76220703125,0.122802734375,0.26123046875
32.347,310,730,1286,312,2.0,33.0,46.0,-26.550291061401367,29.174802780151367,-18.24951171875,-0.76220703125,0.122802734375,0.26123046875
32.359,310,721,1267,311,2.0,33.0,46.0,-18.49365234375,25.451658248901367,-15.441893577575684,-0.7503662109375,0.1431884765625,0.2618408203125
32.368,310,716,1253,311,2.0,33.0,46.0,-18.49365234375,25.451658248901367,-15.441893577575684,-0.7481689453125,0.150390625,0.2607421875
32.376,310,713,1251,311,2.0,33.0,41.0,-15.197752952575684,24.353025436401367,-13.366698265075684,-0.7481689453125,0.150390625,0.2607421875
32.450,310,710,1234,311,2.0,33.0,41.0,-8.97216796875,21.667478561401367,-9.033203125,-0.7696533203125,0.1453857421875,0.2623291015625
32.450,310,711,1226,312,2.0,33.0,41.0,-8.97216796875,21.667478561401367,-9.033203125,-0.8018798828125,0.1561279296875,0.2591552734375
32.450,310,721,1219,311,2.0,33.0,41.0,-6.530761241912842,21.118162155151367,-6.896972179412842,-0.8018798828125,0.1561279296875,0.2591552734375
32.450,311,728,1219,312,2.0,33.0,41.0,-5.798339366912842,21.484373092651367,-3.417968511581421,-0.8729248046875,0.162109375,0.2327880859375
32.450,309,737,1219,312,2.0,33.0,41.0,-6.042479991912842,20.935056686401367,-1.15966796875,-0.9127197265625,0.1749267578125,0.2188720703125
32.450,310,740,1213,312,2.0,33.0,41.0,-6.042479991912842,20.935056686401367,-1.15966796875,-0.9495849609375,0.19091796875,0.21142578125
32.451,310,745,1206,311,2.0,33.0,41.0,-7.751464366912842,18.4326171875,5.615233898162842,-0.958984375,0.19140625,0.2203369140625
32.457,310,749,1204,312,2.0,33.0,41.0,-8.9111328125,17.2119140625,8.9111328125,-0.9461669921875,0.1832275390625,0.2447509765625
32.465,309,751,1198,312,2.0,33.0,41.0,-8.9111328125,17.2119140625,8.9111328125,-0.9344482421875,0.18798828125,0.2705078125
32.479,310,750,1183,312,6.0,34.0,45.0,-7.690429210662842,16.2353515625,13.305663108825684,-0.9300537109375,0.2047119140625,0.2843017578125
32.508,310,750,1159,311,6.0,34.0,45.0,-6.347655773162842,17.2119140625,14.404295921325684,-0.9254150390625,0.2208251953125,0.2769775390625
32.514,298,742,1129,310,6.0,34.0,45.0,-2.38037109375,20.080564498901367,14.587401390075684,-0.9351806640625,0.2325439453125,0.2623291015625
32.520,310,742,1117,312,6.0,34.0,45.0,-0.4882812201976776,21.423337936401367,13.977049827575684,-0.9442138671875,0.2486572265625,0.2471923828125
32.530,310,741,1101,312,6.0,34.0,45.0,-0.4882812201976776,21.423337936401367,13.977049827575684,-0.9500732421875,0.2568359375,0.2357177734375
32.540,310,740,1078,310,6.0,34.0,45.0,-2.25830078125,25.878904342651367,11.535643577575684,-0.97216796875,0.255615234375,0.2275390625
32.560,310,739,1067,312,6.0,34.0,45.0,-5.0048828125,27.832029342651367,11.718749046325684,-1.0113525390625,0.2503662109375,0.218994140625
32.560,310,735,1056,312,6.0,34.0,45.0,-5.0048828125,27.832029342651367,11.718749046325684,-1.041015625,0.2520751953125,0.2078857421875
32.569,310,724,1025,312,6.0,34.0,45.0,-9.765625,28.503416061401367,17.15087890625,-1.0421142578125,0.2568359375,0.2025146484375
32.581,310,718,1009,312,6.0,35.0,42.0,-11.291502952575684,27.404783248901367,20.385740280151367,-1.0174560546875,0.2420654296875,0.2105712890625
32.585,310,718,989,312,6.0,35.0,42.0,-11.169432640075684,26.000974655151367,22.583005905151367,-0.980712890625,0.2137451171875,0.224365234375
32.607,310,713,959,311,6.0,35.0,42.0,-8.30078125,24.841306686401367,23.315427780151367,-0.948974609375,0.2037353515625,0.2314453125
32.607,310,705,938,312,6.0,35.0,42.0,-3.479003667831421,24.353025436401367,22.644041061401367,-0.93505859375,0.2275390625,0.2236328125
32.616,310,698,918,311,6.0,35.0,42.0,0.1831054538488388,25.207517623901367,21.545408248901367,-0.937255859375,0.271240234375,0.20068359375
32.629,310,688,886,310,6.0,35.0,42.0,0.3662109076976776,27.587888717651367,20.751951217651367,-0.9404296875,0.3021240234375,0.17724609375
32.637,310,684,873,310,6.0,35.0,42.0,-2.38037109375,30.578611373901367,20.385740280151367,-0.9315185546875,0.298828125,0.1689453125
32.645,311,676,859,310,6.0,35.0,42.0,-5.493163585662842,33.14208984375,20.324705123901367,-0.9169921875,0.2701416015625,0.1756591796875
32.660,310,666,822,310,6.0,35.0,42.0,-7.324218273162842,34.7900390625,20.690916061401367,-0.9100341796875,0.240478515625,0.1861572265625
32.669,309,660,809,310,6.0,35.0,42.0,-7.629394054412842,35.7666015625,21.667478561401367,-0.9150390625,0.2264404296875,0.1910400390625
32.675,310,657,796,312,1.0,38.0,37.0,-7.141112804412842,36.376953125,22.949216842651367,-0.9268798828125,0.2298583984375,0.1868896484375
32.691,310,648,772,310,1.0,38.0,37.0,-6.408690929412842,36.68212890625,24.475095748901367,-0.938720703125,0.246337890625,0.176513671875
32.721,310,646,757,310,1.0,38.0,37.0,-5.371093273162842,37.04833984375,26.184080123901367,-0.9482421875,0.267822265625,0.1641845703125
32.723,310,644,742,311,1.0,38.0,37.0,-4.150390625,37.53662109375,27.954099655151367,-0.95703125,0.2840576171875,0.15087890625
32.724,310,636,707,311,1.0,38.0,37.0,-3.173827886581421,37.90283203125,29.663084030151367,-0.9678955078125,0.2908935546875,0.140625
32.728,310,629,684,311,1.0,38.0,37.0,-2.50244140625,38.0859375,31.372068405151367,-0.975830078125,0.2911376953125,0.13720703125
32.736,310,622,664,311,1.0,38.0,37.0,-1.8310545682907104,38.2080078125,33.02001953125,-0.9744873046875,0.2862548828125,0.1380615234375
32.757,310,616,631,310,1.0,38.0,37.0,-1.2817381620407104,38.330078125,34.72900390625,-0.967041015625,0.2762451171875,0.1375732421875
32.760,309,606,607,312,1.0,38.0,37.0,-0.6713866591453552,38.75732421875,36.68212890625,-0.958740234375,0.267333984375,0.1297607421875
32.766,310,594,592,310,1.0,38.0,37.0,0.7934569716453552,39.306640625,39.00146484375,-0.9525146484375,0.2659912109375,0.11669921875
32.790,310,586,575,311,3.0,39.0,34.0,3.417968511581421,39.73388671875,41.259761810302734,-0.9520263671875,0.268798828125,0.1077880859375
32.791,310,578,562,311,3.0,39.0,34.0,7.080077648162842,40.0390625,42.663570404052734,-0.955078125,0.2735595703125,0.1065673828125
32.796,310,573,547,309,3.0,39.0,34.0,10.559081077575684,40.649410247802734,42.907711029052734,-0.9576416015625,0.29248046875,0.1072998046875
32.820,310,552,527,310,3.0,39.0,34.0,12.878417015075684,41.870113372802734,42.785640716552734,-0.954833984375,0.331298828125,0.1033935546875
32.825,310,543,519,311,3.0,39.0,34.0,13.305663108825684,43.273921966552734,43.212886810302734,-0.9381103515625,0.3629150390625,0.09912109375
32.828,310,533,509,309,3.0,39.0,34.0,12.451170921325684,44.494625091552734,43.945308685302734,-0.9093017578125,0.3558349609375,0.1005859375
32.843,310,527,496,310,3.0,39.0,34.0,11.413573265075684,45.593257904052734,44.372554779052734,-0.87548828125,0.319091796875,0.1004638671875
32.850,310,519,485,310,3.0,39.0,34.0,12.084959983825684,46.569820404052734,44.921871185302734,-0.847412109375,0.2955322265625,0.087158203125
32.859,309,512,477,310,3.0,39.0,34.0,15.747069358825684,47.485347747802734,46.508785247802734,-0.836181640625,0.3143310546875,0.0616455078125
32.869,310,499,454,310,-1.0,44.0,36.0,20.263669967651367,47.912593841552734,49.499507904052734,-0.83740234375,0.360595703125,0.040771484375
32.877,310,486,453,310,-1.0,44.0,36.0,22.888181686401367,47.607418060302734,53.405757904052734,-0.839111328125,0.39892578125,0.0347900390625
32.895,310,482,447,308,-1.0,44.0,36.0,22.827146530151367,46.997066497802734,57.067867279052734,-0.8411865234375,0.4144287109375,0.035400390625
32.917,310,475,441,310,-1.0,44.0,36.0,21.484373092651367,46.813961029052734,59.814449310302734,-0.8577880859375,0.4296875,0.0281982421875
32.919,308,454,433,310,-1.0,44.0,36.0,20.385740280151367,47.241207122802734,62.072750091552734,-0.8577880859375,0.4296875,0.0281982421875
32.919,309,449,424,309,-1.0,44.0,36.0,19.775390625,47.607418060302734,64.39208984375,-0.864501953125,0.4407958984375,0.02783203125
32.930,310,438,410,310,-1.0,44.0,36.0,19.04296875,47.668453216552734,66.7724609375,-0.8739013671875,0.4178466796875,0.024169921875
32.937,308,435,410,311,-1.0,44.0,36.0,18.98193359375,48.034664154052734,69.03076171875,-0.8739013671875,0.4178466796875,0.024169921875
32.945,309,423,407,308,-1.0,44.0,36.0,21.118162155151367,49.072261810302734,71.2890625,-0.8807373046875,0.3917236328125,0.009765625
32.964,310,399,399,310,-1.0,44.0,36.0,27.832029342651367,50.964351654052734,73.66943359375,-0.9010009765625,0.3963623046875,-0.0364990234375
32.970,309,381,395,309,-6.0,43.0,39.0,39.73388671875,53.710933685302734,76.11083984375,-0.9010009765625,0.3963623046875,-0.0364990234375
32.975,310,372,398,309,-6.0,43.0,39.0,52.978511810302734,55.358882904052734,78.43017578125,-0.892822265625,0.435302734375,-0.048583984375
32.990,309,344,395,309,-6.0,43.0,39.0,64.208984375,55.358882904052734,79.40673828125,-0.864990234375,0.470458984375,-0.045654296875
32.997,308,325,393,310,-6.0,43.0,39.0,73.66943359375,55.847164154052734,78.67431640625,-0.864990234375,0.470458984375,-0.045654296875
33.019,308,317,384,310,-6.0,43.0,39.0,81.72606658935547,57.312007904052734,77.2705078125,-0.8642578125,0.499267578125,-0.0467529296875
