time,compression0,compression1,compression2,compression3,accel_x,accel_y,accel_z
0.065,307,308,1056,3032,-0.9522705078125,0.1329345703125,-0.2198486328125
0.065,306,306,1091,3112,-0.9075927734375,0.1611328125,-0.1854248046875
0.065,308,306,1146,3147,-0.838134765625,0.201171875,-0.1683349609375
0.066,306,308,1213,3147,-0.759765625,0.2315673828125,-0.159912109375
0.066,306,306,1278,3147,-0.663818359375,0.2093505859375,-0.1524658203125
0.066,306,306,1355,3147,-0.541748046875,0.1658935546875,-0.1590576171875
0.066,306,308,1506,3147,-0.3565673828125,0.0994873046875,-0.1749267578125
0.066,306,308,1580,3147,-0.0875244140625,-0.0152587890625,-0.1915283203125
0.066,295,293,1599,3147,0.1898193359375,-0.0767822265625,-0.119140625
0.066,295,298,1798,3147,0.270263671875,0.082763671875,0.044677734375
0.066,308,306,1915,3147,-0.037353515625,0.4613037109375,0.1318359375
0.066,306,306,1994,3147,-0.6558837890625,0.8121337890625,0.0205078125
0.066,308,308,2197,3147,-1.308349609375,0.9522705078125,-0.191162109375
0.066,306,308,2330,3147,-1.8177490234375,0.7408447265625,-0.322998046875
0.066,306,307,2422,3147,-2.2989501953125,0.24072265625,-0.297119140625
0.066,306,308,2490,3147,-2.711669921875,0.040771484375,-0.1953125
0.066,308,307,2463,3147,-2.6702880859375,0.2276611328125,-0.0572509765625
0.066,306,306,2398,3147,-2.6702880859375,0.2276611328125,-0.0572509765625
0.066,306,296,2414,3147,-1.1961669921875,0.2635498046875,-0.5443115234375
0.067,307,308,2394,3147,-0.959228515625,0.5,-0.5966796875
0.067,306,308,2361,3147,-0.959228515625,0.5,-0.5966796875
0.074,306,308,2330,3147,-1.811767578125,0.1741943359375,0.006591796875
0.082,306,306,2291,3147,-1.7730712890625,0.078125,0.0302734375
0.092,307,306,2238,3147,-1.7730712890625,0.078125,0.0302734375
0.104,305,308,2139,3147,-1.2943115234375,0.179931640625,-0.06787109375
0.118,308,307,2061,3147,-1.14599609375,0.167236328125,-0.03564453125
0.120,304,306,1931,3147,-1.14599609375,0.167236328125,-0.03564453125
0.145,305,306,1750,3147,-0.9178466796875,0.32080078125,-0.0531005859375
0.147,306,306,1616,3147,-0.7349853515625,0.191650390625,-0.1234130859375
0.156,306,306,1504,3147,-0.7349853515625,0.191650390625,-0.1234130859375
0.164,308,306,1342,3147,-0.5391845703125,0.11083984375,-0.38623046875
0.176,306,307,1278,3147,-0.59912109375,0.1759033203125,-0.42724609375
0.181,306,308,1271,3045,-0.59912109375,0.1759033203125,-0.42724609375
0.194,306,307,1229,2777,-0.6282958984375,0.2218017578125,-0.2552490234375
0.202,307,306,1184,2636,-0.593505859375,0.1475830078125,-0.2359619140625
0.210,308,306,1163,2516,-0.593505859375,0.1475830078125,-0.2359619140625
0.224,306,308,1147,2379,-0.6689453125,0.1063232421875,-0.2861328125
0.232,308,306,1129,2335,-0.7652587890625,0.1903076171875,-0.187255859375
0.257,308,307,1103,2257,-0.7652587890625,0.1903076171875,-0.187255859375
0.310,306,307,1067,2158,-0.865234375,0.1307373046875,0.014404296875
0.310,308,306,1042,2115,-0.865234375,0.1307373046875,0.014404296875
0.310,308,309,1051,2162,-0.846435546875,0.1346435546875,0.0582275390625
0.310,307,308,1063,2202,-0.8052978515625,0.1961669921875,-0.019775390625
0.310,308,308,1064,2287,-0.807373046875,0.1661376953125,-0.1339111328125
0.310,306,306,1069,2341,-0.807373046875,0.1661376953125,-0.1339111328125
0.315,307,309,1097,2507,-0.8739013671875,0.17138671875,-0.2598876953125
0.323,307,308,1101,2621,-0.8983154296875,0.1856689453125,-0.273193359375
0.331,306,308,1112,2677,-0.8983154296875,0.1856689453125,-0.273193359375
0.354,306,308,1157,2875,-0.8262939453125,0.171875,-0.2410888671875
0.354,308,306,1175,3012,-0.7547607421875,0.17578125,-0.2164306640625
0.361,307,308,1183,3141,-0.7547607421875,0.17578125,-0.2164306640625
0.375,307,306,1294,3147,-0.5650634765625,0.1807861328125,-0.1790771484375
0.383,307,308,1434,3147,-0.5650634765625,0.1807861328125,-0.1790771484375
0.391,306,307,1572,3147,-0.4267578125,0.1097412109375,-0.1695556640625
0.405,306,308,1920,3147,-0.0816650390625,-0.07177734375,-0.2545166015625
0.413,306,306,2080,3147,-0.0816650390625,-0.07177734375,-0.2545166015625
0.426,306,306,2247,3147,0.016845703125,-0.0535888671875,-0.312255859375
0.435,306,306,2463,3147,-0.198486328125,0.1546630859375,-0.201904296875
0.443,306,306,2584,3147,-0.198486328125,0.1546630859375,-0.201904296875
0.462,306,308,2662,3147,-0.636474609375,0.276611328125,0.1796875
0.465,306,308,2798,3147,-1.65771484375,0.3016357421875,0.92919921875
0.473,306,307,2885,3147,-1.65771484375,0.3016357421875,0.92919921875
0.481,305,306,2958,3147,-1.8768310546875,0.3892822265625,0.490234375
0.495,306,306,3056,3147,-2.3851318359375,0.5604248046875,-0.447509765625
0.503,306,306,3031,3147,-2.3851318359375,0.5604248046875,-0.447509765625
0.514,307,308,3028,3147,-2.4931640625,0.5091552734375,-0.755126953125
0.529,307,308,3061,3147,-1.373779296875,0.54736328125,-0.7889404296875
0.533,306,306,3055,3147,-1.373779296875,0.54736328125,-0.7889404296875
0.570,306,306,3032,3147,-1.3172607421875,0.9388427734375,-0.099853515625
0.571,308,307,2909,3147,-1.719482421875,0.3199462890625,-0.0804443359375
0.571,306,308,2820,3147,-1.719482421875,0.3199462890625,-0.0804443359375
0.571,306,307,2669,3147,-1.583984375,0.1473388671875,-0.2462158203125
0.585,304,308,2498,3147,-1.3865966796875,0.0745849609375,-0.1973876953125
0.593,308,307,2381,3147,-1.222900390625,0.098388671875,-0.066162109375
0.601,307,307,2282,3147,-1.1055908203125,0.2896728515625,-0.0234375
0.615,308,306,2026,3147,-0.96337890625,0.4061279296875,-0.0869140625
0.633,306,306,1867,3147,-0.7906494140625,0.2958984375,-0.1861572265625
0.634,306,308,1719,3147,-0.6417236328125,0.1854248046875,-0.24462890625
0.645,308,308,1440,3044,-0.538818359375,0.139892578125,-0.27001953125
0.658,307,306,1386,2746,-0.48779296875,0.1024169921875,-0.2783203125
0.673,308,308,1357,2517,-0.48291015625,0.0421142578125,-0.2664794921875
0.676,306,308,1267,2170,-0.4898681640625,-0.0897216796875,-0.24658203125
0.683,308,306,1228,1954,-0.516357421875,-0.1695556640625,-0.2357177734375
0.691,306,306,1206,1847,-0.57470703125,-0.073486328125,-0.201416015625
0.705,308,308,1148,1754,-0.6368408203125,0.1162109375,-0.0938720703125
0.713,307,307,1149,1803,-0.668701171875,0.2310791015625,0.0545654296875
0.721,308,308,1157,1889,-0.6746826171875,0.2147216796875,0.13720703125
0.740,306,306,1169,2110,-0.68505859375,0.16748046875,0.1109619140625
0.743,308,307,1209,2260,-0.7159423828125,0.1627197265625,0.019775390625
0.763,307,308,1201,2359,-0.7838134765625,0.208251953125,-0.076416015625
0.765,308,308,1209,2541,-0.860107421875,0.265380859375,-0.135498046875
0.783,308,307,1248,2671,-0.897216796875,0.2894287109375,-0.1676025390625
0.783,308,306,1260,2769,-0.912353515625,0.2930908203125,-0.1817626953125
0.795,308,308,1289,2904,-0.92529296875,0.29150390625,-0.1966552734375
0.803,308,308,1300,3000,-0.9293212890625,0.27490234375,-0.243408203125
0.811,308,308,1305,3053,-0.9150390625,0.2415771484375,-0.2918701171875
0.825,308,308,1343,3147,-0.8770751953125,0.19482421875,-0.296142578125
0.835,307,306,1373,3147,-0.8194580078125,0.1513671875,-0.255126953125
0.841,306,307,1427,3147,-0.742919921875,0.1285400390625,-0.2032470703125
0.855,307,306,1583,3147,-0.630859375,0.129150390625,-0.172119140625
0.866,307,306,1695,3147,-0.46875,0.13720703125,-0.1529541015625
0.874,306,308,1874,3147,-0.2816162109375,0.15576171875,-0.153564453125
0.894,308,308,2058,3147,-0.103271484375,0.14013671875,-0.19140625
0.894,306,308,2293,3147,-0.0521240234375,-0.007568359375,-0.162353515625
0.901,306,308,2394,3147,-0.2205810546875,-0.250732421875,0.016845703125
0.915,305,308,2612,3147,-0.5186767578125,-0.2945556640625,0.23828125
0.923,306,306,2713,3147,-0.756591796875,-0.0589599609375,0.466796875
0.938,306,306,2818,3147,-0.9307861328125,0.2156982421875,0.5914306640625
0.945,306,308,2950,3147,-1.25927734375,0.527099609375,0.460693359375
0.956,306,307,3031,3147,-1.7568359375,0.682373046875,0.19873046875
0.974,307,306,3075,3147,-2.205078125,0.5631103515625,-0.060546875
0.975,308,308,3070,3147,-2.4453125,0.4700927734375,-0.3131103515625
0.990,306,306,3044,3147,-2.3658447265625,0.495849609375,-0.5455322265625
0.991,307,308,3035,3147,-1.76171875,0.4747314453125,-0.8167724609375
1.005,308,308,3066,3147,-1.15478515625,0.6263427734375,-0.8651123046875
1.013,304,306,3039,3147,-1.2940673828125,0.932861328125,-0.3685302734375
1.021,306,306,2992,3147,-1.726806640625,0.7296142578125,0.09716796875
1.040,306,307,2851,3147,-1.85009765625,0.2838134765625,0.1033935546875
1.044,306,307,2724,3147,-1.732177734375,0.154541015625,-0.0673828125
1.051,307,308,2598,3147,-1.5498046875,0.1558837890625,-0.1519775390625
1.080,306,306,2404,3147,-1.3934326171875,0.166748046875,-0.1180419921875
1.082,306,307,2275,3147,-1.2012939453125,0.3173828125,-0.1197509765625
1.084,292,306,2123,3147,-0.9207763671875,0.483154296875,-0.2305908203125
1.099,306,307,1920,3147,-0.6636962890625,0.4930419921875,-0.3446044921875
1.103,306,306,1742,3147,-0.51220703125,0.4315185546875,-0.3560791015625
1.111,307,308,1592,3147,-0.422119140625,0.297607421875,-0.2509765625
1.125,306,308,1428,2782,-0.3524169921875,0.0606689453125,-0.0716552734375
1.134,310,308,1377,2507,-0.3260498046875,-0.1893310546875,0.069580078125
1.156,307,306,1342,2382,-0.386962890625,-0.358642578125,0.089599609375
1.156,306,307,1266,2284,-0.4996337890625,-0.340576171875,0.036865234375
1.176,289,292,1243,2271,-0.5882568359375,-0.1177978515625,0.022705078125
1.179,307,308,1236,2328,-0.6551513671875,0.10400390625,0.0648193359375
1.189,308,307,1213,2453,-0.7001953125,0.1917724609375,0.07568359375
1.193,308,308,1228,2507,-0.734375,0.2259521484375,-0.0023193359375
1.206,308,306,1231,2604,-0.7890625,0.2779541015625,-0.11474609375
1.215,308,308,1248,2748,-0.8665771484375,0.3411865234375,-0.188232421875
1.223,308,306,1250,2821,-0.9302978515625,0.38330078125,-0.2322998046875
1.231,306,308,1260,2919,-0.950927734375,0.370361328125,-0.2484130859375
1.245,307,308,1262,3015,-0.9481201171875,0.305908203125,-0.226318359375
1.253,307,306,1251,3084,-0.9427490234375,0.2423095703125,-0.1910400390625
1.261,306,308,1266,3127,-0.929443359375,0.2080078125,-0.1573486328125
1.279,306,307,1264,3147,-0.921142578125,0.1912841796875,-0.1357421875
1.284,304,308,1292,3147,-0.9169921875,0.1910400390625,-0.130859375
1.291,304,306,1302,3147,-0.9169921875,0.1910400390625,-0.130859375
1.305,306,308,1349,3147,-0.845703125,0.1722412109375,-0.136474609375
1.319,306,306,1398,3147,-0.7919921875,0.17431640625,-0.14404296875
1.323,308,307,1424,3147,-0.7919921875,0.17431640625,-0.14404296875
1.334,291,305,1540,3147,-0.7249755859375,0.2008056640625,-0.15478515625
1.352,308,308,1786,3147,-0.5533447265625,0.2135009765625,-0.2059326171875
1.353,306,294,1960,3147,-0.4361572265625,0.156982421875,-0.250244140625
1.365,306,307,2119,3147,-0.4361572265625,0.156982421875,-0.250244140625
1.375,307,308,2343,3147,-0.353759765625,-0.09130859375,-0.181396484375
1.384,306,308,2478,3147,-0.3624267578125,-0.266357421875,-0.019287109375
1.391,306,306,2560,3147,-0.3624267578125,-0.266357421875,-0.019287109375
1.405,306,306,2758,3147,-0.4605712890625,-0.0467529296875,0.47900390625
1.422,308,306,2868,3147,-0.6429443359375,0.2794189453125,0.6710205078125
1.423,306,306,2959,3147,-0.6429443359375,0.2794189453125,0.6710205078125
1.435,306,307,3056,3147,-1.4981689453125,0.8829345703125,0.2152099609375
1.451,306,307,3133,3147,-1.9500732421875,0.7568359375,-0.0736083984375
1.451,306,308,3147,3147,-1.9500732421875,0.7568359375,-0.0736083984375
1.468,306,308,3147,3147,-2.451171875,0.5703125,-0.547607421875
1.475,304,308,3137,3147,-2.175537109375,0.497802734375,-0.7557373046875
1.487,306,306,3127,3147,-2.175537109375,0.497802734375,-0.7557373046875
1.495,307,308,3102,3147,-1.193115234375,0.6580810546875,-0.3138427734375
1.503,306,306,3078,3147,-1.193115234375,0.6580810546875,-0.3138427734375
1.513,306,307,3018,3147,-1.510498046875,0.7222900390625,0.3072509765625
1.529,306,306,2904,3147,-1.6788330078125,0.0621337890625,0.1810302734375
1.542,306,306,2778,3147,-1.6788330078125,0.0621337890625,0.1810302734375
1.542,306,306,2676,3147,-1.4903564453125,0.0428466796875,-0.0001220703125
1.555,306,306,2484,3147,-1.2205810546875,0.1593017578125,-0.0423583984375
1.567,306,307,2367,3147,-1.2205810546875,0.1593017578125,-0.0423583984375
1.589,306,305,2257,3147,-1.1119384765625,0.32861328125,-0.09228515625
1.589,306,308,1957,3147,-0.7630615234375,0.345947265625,-0.2330322265625
1.594,308,308,1770,3147,-0.7630615234375,0.345947265625,-0.2330322265625
1.601,306,306,1548,3147,-0.6202392578125,0.347412109375,-0.224853515625
1.615,306,306,1395,2981,-0.41357421875,0.1639404296875,-0.1143798828125
1.629,307,306,1365,2625,-0.41357421875,0.1639404296875,-0.1143798828125
1.632,304,306,1310,2370,-0.359130859375,-0.0655517578125,-0.0732421875
1.645,308,308,1237,2087,-0.453125,-0.2723388671875,-0.0865478515625
1.655,307,306,1234,2075,-0.453125,-0.2723388671875,-0.0865478515625
1.661,308,306,1236,2063,-0.5438232421875,-0.08447265625,0.0108642578125
1.685,308,308,1214,2180,-0.6546630859375,0.132080078125,0.1353759765625
1.685,308,306,1209,2319,-0.6546630859375,0.132080078125,0.1353759765625
1.691,306,308,1198,2430,-0.68896484375,0.1395263671875,0.0430908203125
1.705,308,307,1206,2622,-0.8677978515625,0.257568359375,-0.1427001953125
1.714,308,308,1216,2736,-0.8677978515625,0.257568359375,-0.1427001953125
1.721,307,306,1222,2872,-0.92333984375,0.3072509765625,-0.1817626953125
1.736,307,308,1243,3055,-0.9400634765625,0.3419189453125,-0.1773681640625
1.743,308,308,1266,3140,-0.931396484375,0.3431396484375,-0.1593017578125
1.760,307,308,1278,3147,-0.8929443359375,0.3197021484375,-0.13232421875
1.765,306,308,1317,3147,-0.846435546875,0.2607421875,-0.1043701171875
1.773,306,307,1336,3147,-0.8245849609375,0.1827392578125,-0.106201171875
1.799,306,307,1393,3147,-0.81005859375,0.1624755859375,-0.1368408203125
1.799,306,308,1494,3147,-0.7646484375,0.1995849609375,-0.1593017578125
1.804,306,307,1599,3147,-0.676513671875,0.20703125,-0.1605224609375
1.811,306,307,1742,3147,-0.54296875,0.1658935546875,-0.146728515625
1.825,308,307,2012,3147,-0.4068603515625,0.1258544921875,-0.13623046875
1.833,308,308,2142,3147,-0.3165283203125,0.091064453125,-0.107421875
1.842,306,306,2266,3147,-0.293212890625,-0.0015869140625,0.0155029296875
1.866,307,308,2473,3147,-0.3447265625,-0.1510009765625,0.1256103515625
1.866,306,306,2650,3147,-0.4263916015625,-0.2149658203125,0.115966796875
1.877,308,306,2756,3147,-0.517822265625,-0.0811767578125,0.11865234375
1.891,308,308,2966,3147,-0.7325439453125,0.22900390625,0.1331787109375
1.894,308,307,3040,3147,-1.158935546875,0.6605224609375,0.1119384765625
1.902,308,306,3095,3147,-1.63916015625,0.856201171875,0.16357421875
1.915,306,308,3147,3147,-1.9815673828125,0.7171630859375,0.2265625
1.923,308,306,3147,3147,-2.17431640625,0.5546875,0.111328125
1.931,306,308,3147,3147,-2.2652587890625,0.51123046875,-0.1962890625
1.950,306,307,3147,3147,-2.0106201171875,0.530517578125,-0.6513671875
1.954,306,307,3147,3147,-1.4127197265625,0.5970458984375,-0.96728515625
1.962,306,307,3147,3147,-1.2454833984375,0.8768310546875,-0.663330078125
1.992,305,308,3064,3147,-1.6307373046875,0.882568359375,-0.0548095703125
1.993,306,308,2961,3147,-1.8692626953125,0.412841796875,0.21875
1.993,306,292,2884,3147,-1.769775390625,0.111328125,0.13623046875
2.006,306,308,2689,3147,-1.5323486328125,0.1280517578125,-0.0289306640625
2.014,306,306,2538,3147,-1.28271484375,0.1834716796875,-0.1075439453125
2.021,306,305,2430,3147,-1.0682373046875,0.255615234375,-0.135009765625
2.035,308,306,2258,3147,-0.919189453125,0.396240234375,-0.1737060546875
2.043,306,307,2113,3147,-0.8162841796875,0.4423828125,-0.2005615234375
2.065,306,306,1945,3147,-0.7369384765625,0.3782958984375,-0.1883544921875
2.065,308,306,1675,3147,-0.67236328125,0.3193359375,-0.16455078125
2.074,306,306,1533,3147,-0.58837890625,0.21826171875,-0.1478271484375
2.083,306,308,1488,2929,-0.5048828125,0.0479736328125,-0.09033203125
2.104,307,307,1415,2465,-0.449951171875,-0.1456298828125,-0.010009765625
2.105,307,307,1399,2293,-0.4534912109375,-0.3194580078125,0.02099609375
2.111,308,307,1369,2172,-0.492431640625,-0.3109130859375,0.0220947265625
2.125,308,308,1338,2105,-0.5333251953125,-0.0675048828125,0.0565185546875
2.133,307,307,1334,2170,-0.5904541015625,0.1961669921875,0.138427734375
2.141,306,307,1328,2253,-0.6361083984375,0.2645263671875,0.1658935546875
2.169,308,308,1346,2432,-0.6644287109375,0.1949462890625,0.068603515625
2.170,308,308,1359,2524,-0.7257080078125,0.19677734375,-0.0679931640625
2.171,294,308,1393,2627,-0.8011474609375,0.2744140625,-0.1590576171875
2.186,307,308,1424,2840,-0.83984375,0.3316650390625,-0.18701171875
2.203,309,307,1441,2929,-0.8656005859375,0.3638916015625,-0.16455078125
2.203,307,308,1463,2997,-0.906005859375,0.384765625,-0.140625
2.216,306,308,1516,3107,-0.9395751953125,0.3604736328125,-0.134521484375
2.223,307,307,1545,3147,-0.9410400390625,0.2821044921875,-0.1368408203125
2.231,306,306,1572,3147,-0.90771484375,0.2052001953125,-0.1385498046875
2.245,306,308,1637,3147,-0.8482666015625,0.143310546875,-0.1451416015625
2.254,306,306,1735,3147,-0.7789306640625,0.10595703125,-0.16162109375
2.275,306,306,1843,3147,-0.7060546875,0.1273193359375,-0.1893310546875
2.278,308,307,2016,3147,-0.604248046875,0.1324462890625,-0.2308349609375
2.287,306,306,2124,3147,-0.4464111328125,0.0743408203125,-0.2457275390625
2.300,306,308,2235,3147,-0.296630859375,0.06201171875,-0.1763916015625
2.306,306,306,2456,3147,-0.2545166015625,0.0899658203125,-0.0626220703125
2.316,307,306,2539,3147,-0.3468017578125,0.08740234375,0.015625
2.322,306,309,2652,3147,-0.4822998046875,0.065185546875,0.1192626953125
2.336,307,307,2869,3147,-0.6175537109375,0.1119384765625,0.2681884765625
2.343,306,306,2981,3147,-0.88232421875,0.244873046875,0.3179931640625
2.351,305,307,3042,3147,-1.3199462890625,0.489013671875,0.2105712890625
2.379,308,308,3121,3147,-1.7958984375,0.616943359375,0.0482177734375
2.379,310,306,3139,3147,-2.131591796875,0.39501953125,-0.0943603515625
2.381,306,307,3115,3147,-2.26220703125,0.2271728515625,-0.22314453125
2.397,308,308,2940,3147,-2.1422119140625,0.3057861328125,-0.4586181640625
2.404,308,307,2840,3147,-1.62158203125,0.3575439453125,-0.834228515625
2.413,306,307,2854,3147,-1.62158203125,0.3575439453125,-0.834228515625
2.430,307,308,2851,3147,-1.231201171875,0.5047607421875,-0.484375
2.433,306,306,2807,3147,-1.705322265625,0.4725341796875,0.0228271484375
2.441,306,308,2727,3147,-1.705322265625,0.4725341796875,0.0228271484375
2.456,306,307,2527,3147,-1.7039794921875,0.060791015625,0.05712890625
2.464,307,306,2407,3147,-1.423583984375,0.0552978515625,-0.042236328125
2.474,306,306,2319,3147,-1.423583984375,0.0552978515625,-0.042236328125
2.504,306,308,2161,3147,-1.070556640625,0.2750244140625,-0.167236328125
2.504,306,307,2065,3147,-0.8944091796875,0.286376953125,-0.2047119140625
2.520,307,307,1957,3147,-0.8944091796875,0.286376953125,-0.2047119140625
2.522,306,306,1686,3147,-0.729736328125,0.3148193359375,-0.2159423828125
2.528,305,298,1536,3144,-0.67431640625,0.3035888671875,-0.2310791015625
2.533,306,308,1434,2859,-0.67431640625,0.3035888671875,-0.2310791015625
2.542,308,309,1369,2584,-0.590087890625,0.1953125,-0.2305908203125
2.554,306,308,1309,2078,-0.482177734375,-0.1954345703125,-0.11572265625
2.562,306,306,1280,1994,-0.482177734375,-0.1954345703125,-0.11572265625
2.579,306,308,1251,1895,-0.500732421875,-0.3238525390625,-0.068359375
2.605,308,308,1220,1821,-0.60546875,0.0560302734375,-0.0343017578125
2.606,306,306,1206,1819,-0.60546875,0.0560302734375,-0.0343017578125
2.608,308,308,1206,1846,-0.6693115234375,0.275390625,-0.021484375
2.614,306,308,1225,1968,-0.7283935546875,0.2476806640625,-0.026123046875
2.622,308,307,1265,2117,-0.7283935546875,0.2476806640625,-0.026123046875
2.630,308,306,1281,2254,-0.7474365234375,0.207763671875,-0.1060791015625
2.644,308,308,1271,2494,-0.8048095703125,0.216064453125,-0.20361328125
2.654,306,307,1275,2654,-0.8048095703125,0.216064453125,-0.20361328125
2.660,308,306,1289,2787,-0.8162841796875,0.228515625,-0.201904296875
2.678,306,308,1323,3104,-0.8770751953125,0.2625732421875,-0.1612548828125
2.682,307,307,1323,3147,-0.8770751953125,0.2625732421875,-0.1612548828125
2.714,306,309,1363,3147,-0.8973388671875,0.2796630859375,-0.147216796875
2.714,306,306,1434,3147,-0.88134765625,0.2069091796875,-0.149169921875
2.714,308,306,1503,3147,-0.88134765625,0.2069091796875,-0.149169921875
2.721,308,308,1560,3147,-0.8597412109375,0.154541015625,-0.14404296875
2.734,308,307,1669,3147,-0.825439453125,0.115966796875,-0.12744140625
2.743,306,308,1748,3147,-0.7650146484375,0.1517333984375,-0.104248046875
2.751,307,306,1865,3147,-0.65380859375,0.208251953125,-0.0594482421875
2.766,307,308,2063,3147,-0.5343017578125,0.16796875,0.0230712890625
2.772,306,306,2172,3147,-0.432861328125,-0.0390625,0.0745849609375
2.781,308,306,2273,3147,-0.302490234375,-0.2877197265625,0.044921875
2.801,306,308,2453,3147,-0.2100830078125,-0.3153076171875,0.0194091796875
2.809,305,308,2566,3147,-0.28955078125,-0.13330078125,0.05908203125
2.811,298,306,2679,3147,-0.5943603515625,0.14013671875,0.049560546875
2.825,306,308,2853,3147,-1.04736328125,0.4373779296875,-0.0771484375
2.832,306,308,2929,3147,-1.522705078125,0.6785888671875,-0.2825927734375
2.841,306,306,2990,3147,-1.9285888671875,0.7122802734375,-0.4267578125
2.854,307,306,3023,3147,-2.16943359375,0.5997314453125,-0.3953857421875
2.862,306,308,2974,3147,-2.220947265625,0.625244140625,-0.3028564453125
2.870,306,306,2905,3147,-1.9959716796875,0.6553955078125,-0.33935546875
2.886,306,308,2930,3147,-1.39306640625,0.540283203125,-0.5467529296875
2.892,306,306,2928,3147,-0.9979248046875,0.6033935546875,-0.580322265625
2.913,305,307,2898,3147,-1.2779541015625,0.701416015625,-0.324951171875
2.921,306,306,2750,3147,-1.6630859375,0.4273681640625,-0.099609375
2.923,307,309,2648,3147,-1.698486328125,0.1185302734375,-0.0167236328125
2.930,306,306,2507,3147,-1.5357666015625,0.0472412109375,-0.0274658203125
2.945,306,305,2360,3147,-1.3634033203125,0.0611572265625,-0.0684814453125
2.953,306,308,2269,3147,-1.19287109375,0.1346435546875,-0.08984375
2.960,306,306,2139,3147,-1.0218505859375,0.273681640625,-0.10986328125
2.974,306,307,1936,3147,-0.8651123046875,0.3297119140625,-0.1240234375
2.992,306,306,1800,3147,-0.7572021484375,0.3131103515625,-0.158447265625
2.993,307,307,1669,3147,-0.7137451171875,0.3074951171875,-0.2440185546875
3.018,306,308,1494,3147,-0.6907958984375,0.2431640625,-0.31103515625
3.019,306,306,1422,3147,-0.671875,0.1077880859375,-0.317626953125
3.022,306,308,1404,3147,-0.66259765625,0.010986328125,-0.2762451171875
3.035,306,308,1348,3006,-0.6517333984375,-0.029541015625,-0.1988525390625
3.043,306,306,1289,2831,-0.633056640625,-0.06640625,-0.1246337890625
3.050,306,308,1306,2770,-0.60986328125,-0.048583984375,-0.07666015625
3.065,306,308,1280,2601,-0.594482421875,0.0438232421875,-0.0517578125
3.072,307,306,1267,2604,-0.6287841796875,0.1953125,-0.0496826171875
3.080,306,306,1251,2624,-0.7139892578125,0.32763671875,-0.0560302734375
3.094,308,307,1243,2654,-0.7989501953125,0.3253173828125,-0.04541015625
3.106,307,307,1253,2710,-0.8511962890625,0.2091064453125,-0.0313720703125
3.126,306,307,1264,2760,-0.8651123046875,0.1112060546875,-0.053466796875
3.127,308,308,1283,2898,-0.8594970703125,0.1483154296875,-0.0986328125
3.132,306,306,1310,2992,-0.852294921875,0.2587890625,-0.1407470703125
3.141,307,306,1325,3048,-0.839111328125,0.3084716796875,-0.188720703125
3.155,307,308,1365,3147,-0.8074951171875,0.2716064453125,-0.22998046875
3.163,306,306,1351,3147,-0.7742919921875,0.2061767578125,-0.2393798828125
3.170,306,306,1348,3147,-0.744873046875,0.1956787109375,-0.216552734375
3.190,307,307,1379,3147,-0.693115234375,0.233642578125,-0.1729736328125
3.192,306,307,1441,3147,-0.60009765625,0.2772216796875,-0.1116943359375
3.201,307,306,1545,3147,-0.4439697265625,0.286865234375,-0.051025390625
3.229,306,307,1816,3147,-0.23193359375,0.2088623046875,-0.0323486328125
3.229,306,306,2012,3147,-0.0670166015625,0.071044921875,-0.041015625
3.231,307,306,2180,3147,-0.0406494140625,-0.1524658203125,-0.0809326171875
3.244,305,307,2368,3147,-0.1204833984375,-0.385009765625,-0.14990234375
3.253,308,306,2484,3147,-0.3299560546875,-0.4385986328125,-0.1326904296875
3.260,306,306,2619,3147,-0.698486328125,-0.182373046875,0.0457763671875
3.274,306,308,2785,3147,-1.1881103515625,0.345458984375,0.209228515625
3.282,306,307,2851,3147,-1.7620849609375,0.8096923828125,0.2322998046875
3.293,306,307,2887,3147,-2.2491455078125,0.80029296875,0.22216796875
3.305,306,308,2937,3147,-2.5025634765625,0.622314453125,0.1416015625
3.312,307,306,2876,3147,-2.4893798828125,0.660888671875,-0.115966796875
3.321,307,306,2884,3147,-1.9923095703125,0.6180419921875,-0.6488037109375
3.337,306,308,2908,3147,-1.398681640625,0.72216796875,-0.9686279296875
3.343,306,306,2863,3147,-1.435302734375,1.0010986328125,-0.5548095703125
3.350,306,306,2828,3147,-1.724365234375,0.8177490234375,-0.0819091796875
3.365,306,308,2668,3147,-1.7425537109375,0.427734375,-0.0595703125
3.372,308,308,2563,3147,-1.60986328125,0.2239990234375,-0.2142333984375
3.381,307,306,2458,3147,-1.43701171875,0.056884765625,-0.262939453125
3.395,306,307,2330,3147,-1.2127685546875,0.013427734375,-0.1585693359375
3.403,307,306,2207,3147,-0.9776611328125,0.12646484375,-0.0311279296875
3.414,306,307,2070,3147,-0.7734375,0.2030029296875,0.0340576171875
3.429,307,306,1719,3147,-0.626220703125,0.228271484375,0.0159912109375
3.446,306,307,1548,3147,-0.5455322265625,0.275390625,-0.0699462890625
3.448,306,306,1424,3147,-0.5455322265625,0.275390625,-0.0699462890625
3.455,306,306,1342,3147,-0.489013671875,0.0880126953125,-0.1837158203125
3.463,306,307,1334,3078,-0.520263671875,-0.033447265625,-0.15869140625
3.470,307,306,1335,2908,-0.520263671875,-0.033447265625,-0.15869140625
3.484,308,308,1292,2671,-0.6171875,-0.1143798828125,-0.1058349609375
3.497,308,306,1264,2641,-0.62744140625,-0.0028076171875,-0.1134033203125
3.500,306,308,1253,2561,-0.62744140625,-0.0028076171875,-0.1134033203125
3.515,306,307,1265,2581,-0.715576171875,0.2880859375,-0.1646728515625
3.527,308,308,1278,2565,-0.7830810546875,0.3048095703125,-0.156005859375
3.539,307,308,1289,2612,-0.7830810546875,0.3048095703125,-0.156005859375
3.556,306,306,1290,2721,-0.83203125,0.25439453125,-0.1302490234375
3.557,307,308,1294,2844,-0.826416015625,0.2738037109375,-0.133544921875
3.560,306,309,1306,2909,-0.826416015625,0.2738037109375,-0.133544921875
3.574,306,307,1317,3046,-0.81494140625,0.30908203125,-0.1680908203125
3.583,308,306,1308,3147,-0.8153076171875,0.26513671875,-0.1822509765625
3.591,306,305,1323,3147,-0.8153076171875,0.26513671875,-0.1822509765625
3.604,306,306,1369,3147,-0.853271484375,0.188232421875,-0.1365966796875
3.615,306,306,1367,3147,-0.859130859375,0.189453125,-0.1041259765625
3.628,306,306,1365,3147,-0.859130859375,0.189453125,-0.1041259765625
3.637,308,308,1402,3147,-0.786376953125,0.154052734375,-0.093505859375
3.642,306,308,1439,3147,-0.734130859375,0.14697265625,-0.1190185546875
3.657,306,306,1487,3147,-0.734130859375,0.14697265625,-0.1190185546875
3.668,306,307,1757,3147,-0.58056640625,0.1256103515625,-0.1407470703125
3.673,308,308,1908,3147,-0.58056640625,0.1256103515625,-0.1407470703125
3.681,306,305,2104,3147,-0.52001953125,0.0447998046875,-0.1527099609375
3.694,306,308,2335,3147,-0.2191162109375,-0.1640625,-0.1553955078125
3.703,308,306,2484,3147,-0.2191162109375,-0.1640625,-0.1553955078125
3.711,306,306,2597,3147,-0.1749267578125,-0.1571044921875,-0.1123046875
3.734,308,306,2780,3147,-0.5423583984375,-0.0421142578125,0.235107421875
3.734,306,307,2916,3147,-0.5423583984375,-0.0421142578125,0.235107421875
3.740,305,306,2981,3147,-0.935302734375,0.28369140625,0.3592529296875
3.759,307,308,3106,3147,-1.8660888671875,0.75341796875,0.1395263671875
3.763,306,308,3137,3147,-1.8660888671875,0.75341796875,0.1395263671875
3.771,306,306,3147,3147,-2.176025390625,0.6656494140625,-0.024169921875
3.785,306,315,3120,3147,-2.2762451171875,0.685791015625,-0.7220458984375
3.792,308,306,3112,3147,-2.2762451171875,0.685791015625,-0.7220458984375
3.800,306,305,3120,3147,-1.7696533203125,0.6712646484375,-1.125244140625
3.814,306,308,3073,3147,-1.6038818359375,0.706298828125,-0.17333984375
3.826,306,306,3008,3147,-1.6038818359375,0.706298828125,-0.17333984375
3.845,306,306,2904,3147,-1.9151611328125,0.501220703125,0.2598876953125
3.846,307,308,2648,3147,-1.602294921875,0.142822265625,0.0731201171875
3.853,307,307,2527,3147,-1.602294921875,0.142822265625,0.0731201171875
3.868,306,308,2407,3147,-1.2960205078125,0.0867919921875,0.0169677734375
3.874,306,308,2137,3147,-1.0435791015625,0.16162109375,-0.007568359375
3.882,306,306,1961,3147,-0.845458984375,0.2418212890625,-0.0863037109375
3.896,306,306,1750,3147,-0.685791015625,0.2164306640625,-0.1785888671875
3.907,306,307,1523,3147,-0.571044921875,0.2322998046875,-0.233642578125
3.913,306,307,1452,3147,-0.474853515625,0.26123046875,-0.2476806640625
3.924,306,306,1424,3147,-0.39794921875,0.212890625,-0.2364501953125
3.937,306,307,1375,3078,-0.3756103515625,0.09814453125,-0.1971435546875
3.945,308,307,1345,2899,-0.408203125,-0.0712890625,-0.154296875
3.951,308,306,1320,2756,-0.4566650390625,-0.207275390625,-0.111328125
3.965,306,308,1289,2677,-0.5072021484375,-0.1123046875,-0.0677490234375
3.976,306,304,1278,2672,-0.5975341796875,0.175048828125,-0.0281982421875
3.981,308,307,1305,2763,-0.6876220703125,0.332763671875,0.0208740234375
3.995,308,310,1336,2921,-0.7340087890625,0.27392578125,0.02001953125
4.013,307,307,1357,3035,-0.7540283203125,0.17919921875,-0.0477294921875
4.014,307,306,1380,3106,-0.7835693359375,0.1903076171875,-0.114013671875
4.027,306,307,1409,3147,-0.8377685546875,0.2835693359375,-0.1397705078125
4.043,308,308,1415,3147,-0.8873291015625,0.34619140625,-0.143310546875
4.043,306,308,1428,3147,-0.9078369140625,0.33349609375,-0.151611328125
4.055,306,306,1447,3147,-0.907470703125,0.2762451171875,-0.16796875
4.063,306,306,1455,3147,-0.905517578125,0.2210693359375,-0.1834716796875
4.071,306,306,1463,3147,-0.9083251953125,0.19189453125,-0.187255859375
4.084,305,308,1478,3147,-0.90869140625,0.1854248046875,-0.1798095703125
4.092,306,306,1477,3147,-0.901611328125,0.1904296875,-0.1588134765625
4.100,306,307,1472,3147,-0.8897705078125,0.213134765625,-0.135986328125
4.114,305,306,1541,3147,-0.8729248046875,0.2596435546875,-0.1416015625
4.122,306,306,1580,3147,-0.867431640625,0.2950439453125,-0.162841796875
4.139,306,308,1669,3147,-0.861083984375,0.2691650390625,-0.16943359375
4.146,305,306,1874,3147,-0.7962646484375,0.1878662109375,-0.15869140625
4.153,306,306,2019,3147,-0.6802978515625,0.124267578125,-0.126220703125
4.161,305,306,2142,3147,-0.5382080078125,0.1177978515625,-0.0732421875
4.175,308,308,2341,3147,-0.3804931640625,0.08935546875,-0.027587890625
4.185,306,305,2484,3147,-0.2662353515625,-0.0023193359375,-0.0106201171875
4.191,306,306,2593,3147,-0.2322998046875,-0.1322021484375,-0.0059814453125
4.205,307,308,2809,3147,-0.3048095703125,-0.3504638671875,0.1046142578125
4.216,305,306,2912,3147,-0.5482177734375,-0.332275390625,0.309326171875
4.221,307,308,2950,3147,-0.95703125,0.116455078125,0.39599609375
4.237,306,307,3099,3147,-1.39990234375,0.627685546875,0.2957763671875
4.243,306,306,3120,3147,-1.8013916015625,0.7586669921875,0.1182861328125
4.254,306,308,3143,3147,-2.124267578125,0.6287841796875,-0.10498046875
4.264,306,308,3053,3147,-2.30419921875,0.6636962890625,-0.4132080078125
4.273,307,307,3058,3147,-2.0833740234375,0.6971435546875,-0.8388671875
4.281,306,306,3126,3147,-1.4654541015625,0.59619140625,-1.174560546875
4.295,305,306,3144,3147,-1.2607421875,0.7105712890625,-0.822509765625
4.303,306,306,3128,3147,-1.5452880859375,0.872314453125,-0.061767578125
4.320,306,308,3064,3147,-1.6688232421875,0.678466796875,0.2137451171875
4.324,306,306,2921,3147,-1.5721435546875,0.3809814453125,0.03076171875
4.344,306,308,2813,3147,-1.451171875,0.177734375,-0.169677734375
4.344,306,306,2619,3147,-1.3616943359375,0.0635986328125,-0.211669921875
4.361,306,308,2340,3147,-1.2420654296875,0.1273193359375,-0.1307373046875
4.363,292,306,2152,3147,-1.0928955078125,0.3177490234375,-0.0970458984375
4.371,306,305,1968,3147,-0.92236328125,0.4385986328125,-0.14111328125
4.385,306,308,1703,3147,-0.7406005859375,0.4317626953125,-0.2069091796875
4.399,306,306,1557,3147,-0.590576171875,0.353515625,-0.2763671875
4.401,306,306,1429,3147,-0.4990234375,0.263671875,-0.2933349609375
4.420,305,308,1357,2976,-0.477783203125,0.17578125,-0.2484130859375
4.423,306,308,1303,2580,-0.4989013671875,0.037353515625,-0.1700439453125
4.431,306,306,1279,2389,-0.5118408203125,-0.1468505859375,-0.101806640625
4.461,308,308,1243,2165,-0.526611328125,-0.197509765625,-0.0408935546875
4.461,308,307,1239,2105,-0.5692138671875,0.00927734375,0.0194091796875
4.462,294,308,1225,2083,-0.6087646484375,0.28076171875,0.077880859375
4.476,306,308,1226,2225,-0.6185302734375,0.370361328125,0.1365966796875
4.484,307,308,1228,2345,-0.6290283203125,0.2542724609375,0.12744140625
4.492,306,309,1239,2442,-0.6868896484375,0.14404296875,0.023681640625
4.505,308,308,1248,2648,-0.7589111328125,0.20361328125,-0.08349609375
4.514,306,307,1265,2799,-0.7977294921875,0.3193359375,-0.1287841796875
4.523,308,307,1274,2928,-0.808837890625,0.35693359375,-0.1307373046875
4.551,306,306,1294,3147,-0.8079833984375,0.3160400390625,-0.1318359375
4.554,308,306,1318,3147,-0.79833984375,0.2786865234375,-0.147705078125
4.554,306,306,1365,3147,-0.768310546875,0.2576904296875,-0.1456298828125
4.569,308,306,1445,3147,-0.7255859375,0.2384033203125,-0.1090087890625
4.574,307,306,1501,3147,-0.6904296875,0.2454833984375,-0.0653076171875
4.582,304,307,1584,3147,-0.6563720703125,0.2244873046875,-0.03076171875
4.595,305,307,1908,3147,-0.6146240234375,0.1422119140625,-0.0244140625
4.611,307,305,2076,3147,-0.5745849609375,-0.0147705078125,-0.033935546875
4.614,306,306,2225,3147,-0.5247802734375,-0.2274169921875,-0.075439453125
4.626,306,308,2473,3147,-0.3756103515625,-0.2938232421875,-0.15673828125
4.634,306,306,2619,3147,-0.1610107421875,-0.1844482421875,-0.23486328125
4.642,307,308,2765,3147,-0.1505126953125,-0.0667724609375,-0.22314453125
4.664,306,306,3000,3147,-0.486083984375,0.1976318359375,-0.030029296875
4.664,307,308,3107,3147,-1.0655517578125,0.6292724609375,0.2210693359375
4.672,306,308,3147,3147,-1.0655517578125,0.6292724609375,0.2210693359375
4.686,306,308,3147,3147,-2.13525390625,0.820068359375,0.4083251953125
4.694,306,306,3147,3147,-2.325439453125,0.5709228515625,0.2213134765625
4.702,308,307,3147,3147,-2.325439453125,0.5709228515625,0.2213134765625
4.719,306,308,3147,3147,-2.0419921875,0.4490966796875,-0.8779296875
4.729,306,304,3147,3147,-1.46337890625,0.3353271484375,-1.3355712890625
4.732,306,309,3147,3147,-1.46337890625,0.3353271484375,-1.3355712890625
4.745,306,306,3147,3147,-1.6922607421875,0.60498046875,0.0269775390625
4.754,306,306,3147,3147,-1.6868896484375,0.548095703125,0.346923828125
4.763,306,308,3089,3147,-1.6868896484375,0.548095703125,0.346923828125
4.776,306,308,2858,3147,-1.2303466796875,0.093994140625,-0.0101318359375
4.784,308,306,2717,3147,-1.102783203125,-0.03369140625,-0.046875
4.794,305,306,2598,3147,-1.102783203125,-0.03369140625,-0.046875
4.806,306,307,2392,3147,-0.988525390625,0.28125,-0.0567626953125
4.814,306,306,2233,3147,-0.8648681640625,0.3460693359375,-0.122314453125
4.831,306,307,2113,3147,-0.8648681640625,0.3460693359375,-0.122314453125
4.836,306,281,1877,3147,-0.6695556640625,0.32470703125,-0.2994384765625
4.851,306,306,1761,3147,-0.6490478515625,0.27734375,-0.311767578125
4.858,306,308,1627,3147,-0.6490478515625,0.27734375,-0.311767578125
4.872,306,308,1462,3147,-0.63916015625,0.1005859375,-0.19482421875
4.874,293,306,1411,3053,-0.648193359375,-0.0010986328125,-0.1148681640625
4.882,306,307,1383,2820,-0.648193359375,-0.0010986328125,-0.1148681640625
4.896,308,308,1330,2576,-0.671142578125,-0.0068359375,0.0052490234375
4.908,308,308,1313,2521,-0.671142578125,-0.0068359375,0.0052490234375
4.912,308,308,1281,2519,-0.635498046875,0.0928955078125,0.01025390625
4.940,308,308,1260,2516,-0.7149658203125,0.185791015625,-0.056640625
4.940,292,307,1223,2514,-0.7149658203125,0.185791015625,-0.056640625
4.942,306,306,1260,2608,-0.816650390625,0.166015625,-0.0662841796875
4.964,308,308,1266,2734,-0.8614501953125,0.185791015625,-0.088134765625
4.964,307,306,1276,2808,-0.8614501953125,0.185791015625,-0.088134765625
4.972,308,306,1283,2897,-0.8408203125,0.221923828125,-0.0997314453125
4.985,308,308,1306,3051,-0.8115234375,0.2562255859375,-0.1402587890625
4.994,306,306,1316,3121,-0.8115234375,0.2562255859375,-0.1402587890625
5.001,308,308,1330,3147,-0.8040771484375,0.2100830078125,-0.154296875
5.020,306,308,1382,3147,-0.829833984375,0.1927490234375,-0.158447265625
5.023,306,306,1393,3147,-0.829833984375,0.1927490234375,-0.158447265625
5.041,306,308,1422,3147,-0.8182373046875,0.210205078125,-0.142578125
5.045,306,307,1572,3147,-0.604736328125,0.164306640625,-0.1021728515625
5.055,304,308,1792,3147,-0.604736328125,0.164306640625,-0.1021728515625
5.073,305,306,2008,3147,-0.4805908203125,0.15673828125,-0.1175537109375
5.076,306,307,2254,3147,-0.2672119140625,-0.0528564453125,-0.1427001953125
5.084,307,308,2435,3147,-0.2672119140625,-0.0528564453125,-0.1427001953125
5.092,306,308,2576,3147,-0.1474609375,-0.28759765625,-0.1685791015625
5.106,307,308,2766,3147,-0.1488037109375,-0.2501220703125,-0.207763671875
5.113,306,304,2863,3147,-0.1488037109375,-0.2501220703125,-0.207763671875
5.121,307,307,2984,3147,-0.502197265625,0.13720703125,-0.0462646484375
5.146,307,306,3147,3147,-1.087158203125,0.758544921875,0.2021484375
5.146,306,308,3147,3147,-1.7713623046875,1.033203125,0.42724609375
5.166,307,304,3147,3147,-2.2001953125,0.723388671875,0.5386962890625
5.167,306,306,3147,3147,-2.3135986328125,0.4571533203125,0.3526611328125
5.174,306,306,3147,3147,-2.363037109375,0.4849853515625,-0.05859375
5.182,305,306,3147,3147,-2.2052001953125,0.4599609375,-0.5491943359375
5.196,307,306,3147,3147,-1.64892578125,0.35205078125,-0.923583984375
5.204,306,307,3147,3147,-1.430908203125,0.390625,-0.55419921875
5.212,306,307,3147,3147,-1.7467041015625,0.4561767578125,0.1282958984375
5.226,306,306,3147,3147,-1.819091796875,0.3826904296875,0.2479248046875
5.239,306,306,3098,3147,-1.5870361328125,0.322998046875,-0.013427734375
5.242,306,304,2981,3147,-1.3521728515625,0.2174072265625,-0.2147216796875
5.268,308,307,2769,3147,-1.1988525390625,0.08447265625,-0.1978759765625
5.268,305,306,2613,3147,-1.0892333984375,0.1475830078125,-0.11572265625
5.272,306,308,2445,3147,-0.9871826171875,0.3780517578125,-0.123046875
5.286,306,306,2195,3147,-0.8662109375,0.4501953125,-0.1988525390625
5.294,306,306,2024,3147,-0.74853515625,0.3309326171875,-0.2652587890625
5.302,306,306,1863,3147,-0.67578125,0.2493896484375,-0.3017578125
5.315,306,306,1564,3147,-0.614990234375,0.209228515625,-0.28564453125
5.324,304,306,1470,3147,-0.5621337890625,0.149169921875,-0.2330322265625
5.332,306,308,1411,2801,-0.5328369140625,0.05078125,-0.1612548828125
5.345,306,308,1278,2445,-0.5484619140625,-0.0919189453125,-0.0986328125
5.372,306,305,1229,2375,-0.595947265625,-0.2158203125,-0.05126953125
5.372,308,307,1251,2192,-0.626953125,-0.1904296875,-0.0048828125
5.382,306,307,1236,2176,-0.6549072265625,0.0205078125,0.021484375
5.384,308,308,1225,2171,-0.700439453125,0.2252197265625,0.041748046875
5.391,308,308,1220,2225,-0.744384765625,0.2724609375,0.04541015625
5.405,308,308,1206,2296,-0.765869140625,0.225341796875,-0.0013427734375
5.414,308,306,1220,2419,-0.74853515625,0.1763916015625,-0.07177734375
5.421,308,308,1228,2557,-0.719482421875,0.1727294921875,-0.12451171875
5.435,306,308,1239,2840,-0.7100830078125,0.225830078125,-0.15966796875
5.444,308,306,1282,3017,-0.699951171875,0.2611083984375,-0.168212890625
5.478,308,306,1282,3147,-0.6856689453125,0.2454833984375,-0.14794921875
5.500,306,309,1373,3147,-0.7059326171875,0.25048828125,-0.1204833984375
5.501,307,308,1453,3147,-0.73828125,0.26611328125,-0.103759765625
5.501,306,306,1529,3147,-0.712158203125,0.24560546875,-0.0849609375
5.501,306,308,1854,3147,-0.601318359375,0.182373046875,-0.0501708984375
5.503,306,304,2061,3147,-0.46142578125,0.095947265625,-0.025390625
5.518,305,307,2223,3147,-0.365966796875,0.021240234375,-0.0010986328125
5.528,305,308,2551,3147,-0.334228515625,-0.0947265625,0.0157470703125
5.533,306,306,2734,3147,-0.2880859375,-0.2559814453125,-0.0401611328125
5.546,306,306,2899,3147,-0.1929931640625,-0.3648681640625,-0.0955810546875
5.555,305,307,3120,3147,-0.232177734375,-0.3214111328125,0.016845703125
5.587,306,307,3147,3147,-0.593505859375,0.018310546875,0.1678466796875
5.587,305,290,3147,3147,-1.208984375,0.6219482421875,0.193115234375
5.588,308,308,3147,3147,-1.853271484375,0.910400390625,0.1732177734375
5.594,306,310,3147,3147,-2.2918701171875,0.7808837890625,0.0823974609375
5.602,306,308,3147,3147,-2.428955078125,0.6575927734375,-0.1806640625
5.616,306,308,3147,3147,-2.396240234375,0.6717529296875,-0.51953125
5.623,306,307,3147,3147,-2.095458984375,0.7098388671875,-0.8570556640625
5.632,306,308,3147,3147,-1.4901123046875,0.673828125,-1.06494140625
5.648,306,307,3147,3147,-1.2431640625,0.6619873046875,-0.689208984375
5.653,306,308,3147,3147,-1.605712890625,0.5018310546875,0.023193359375
5.661,306,306,3147,3147,-1.911865234375,0.1302490234375,0.32958984375
5.685,306,308,3147,3147,-1.8109130859375,-0.1146240234375,0.2230224609375
5.686,291,308,3147,3147,-1.5391845703125,-0.12646484375,0.0523681640625
5.695,308,307,3023,3147,-1.3160400390625,-0.076171875,-0.0423583984375
5.705,306,307,2723,3147,-1.1702880859375,0.08251953125,-0.099609375
5.713,306,306,2568,3147,-1.0230712890625,0.3668212890625,-0.1668701171875
5.722,308,308,2388,3147,-0.828125,0.4847412109375,-0.2421875
5.735,308,306,2087,3147,-0.6470947265625,0.400390625,-0.2901611328125
5.752,306,306,1920,3147,-0.5345458984375,0.30419921875,-0.3033447265625
5.753,308,307,1709,3147,-0.4786376953125,0.2296142578125,-0.2884521484375
5.766,306,306,1468,2831,-0.4503173828125,0.1485595703125,-0.24951171875
5.774,306,305,1401,2658,-0.4378662109375,0.0001220703125,-0.1990966796875
5.790,307,304,1382,2507,-0.4532470703125,-0.1951904296875,-0.14794921875
5.796,306,308,1331,2330,-0.5035400390625,-0.301025390625,-0.07763671875
5.808,306,307,1292,2220,-0.576171875,-0.201904296875,0.0338134765625
5.811,315,306,1273,2207,-0.576171875,-0.201904296875,0.0338134765625
5.825,308,308,1283,2308,-0.6529541015625,0.25634765625,0.235107421875
5.833,308,307,1294,2412,-0.66943359375,0.3109130859375,0.227783203125
5.842,307,307,1303,2535,-0.66943359375,0.3109130859375,0.227783203125
5.855,308,308,1306,2841,-0.7808837890625,0.1298828125,-0.0450439453125
5.864,308,306,1320,3050,-0.828125,0.0921630859375,-0.169677734375
5.872,306,308,1323,3147,-0.828125,0.0921630859375,-0.169677734375
5.893,306,306,1382,3147,-0.83447265625,0.2117919921875,-0.21533203125
5.894,306,306,1409,3147,-0.81640625,0.3155517578125,-0.185546875
5.902,307,307,1419,3147,-0.81640625,0.3155517578125,-0.185546875
5.921,305,308,1445,3147,-0.836181640625,0.319580078125,-0.1209716796875
5.924,306,308,1463,3147,-0.8743896484375,0.2437744140625,-0.1129150390625
5.932,306,306,1516,3147,-0.8743896484375,0.2437744140625,-0.1129150390625
5.945,307,308,1730,3147,-0.935546875,0.0732421875,-0.1197509765625
5.955,308,306,1874,3147,-0.9610595703125,0.0289306640625,-0.1529541015625
5.962,304,307,1973,3147,-0.9610595703125,0.0289306640625,-0.1529541015625
5.986,308,308,2213,3147,-0.7216796875,0.1170654296875,-0.2088623046875
5.986,291,310,2330,3147,-0.337890625,0.07177734375,-0.2095947265625
5.995,306,304,2486,3147,-0.337890625,0.07177734375,-0.2095947265625
6.006,306,306,2777,3147,0.168212890625,-0.11376953125,-0.291015625
6.014,306,306,2887,3147,0.057861328125,-0.0748291015625,-0.1685791015625
6.022,306,308,2992,3147,0.057861328125,-0.0748291015625,-0.1685791015625
6.035,306,308,3147,3147,-1.081787109375,0.5650634765625,0.2393798828125
6.044,306,308,3147,3147,-1.081787109375,0.5650634765625,0.2393798828125
6.060,306,306,3147,3147,-1.72412109375,0.98046875,0.270263671875
6.066,306,308,3147,3147,-2.369140625,0.5745849609375,0.2247314453125
6.076,308,306,3147,3147,-2.369140625,0.5745849609375,0.2247314453125
6.082,306,307,3147,3147,-2.3564453125,0.4779052734375,0.0211181640625
6.102,306,308,3147,3147,-1.485595703125,0.157958984375,-0.824462890625
6.103,306,306,3147,3147,-1.485595703125,0.157958984375,-0.824462890625
6.111,306,306,3147,3147,-1.2841796875,0.1488037109375,-0.582763671875
6.125,306,308,3147,3147,-1.9149169921875,0.27978515625,0.278076171875
6.134,307,308,3147,3147,-1.9149169921875,0.27978515625,0.278076171875
6.146,308,308,3147,3147,-1.6805419921875,0.264892578125,0.1875
6.160,307,306,3134,3147,-1.12841796875,0.17919921875,0.050048828125
6.164,306,306,2962,3147,-1.12841796875,0.17919921875,0.050048828125
6.172,305,308,2810,3147,-1.0074462890625,0.0828857421875,-0.0347900390625
6.193,306,306,2599,3147,-0.729248046875,0.281982421875,-0.3701171875
6.194,308,306,2484,3147,-0.729248046875,0.281982421875,-0.3701171875
6.208,306,306,2379,3147,-0.670654296875,0.327880859375,-0.5050048828125
6.216,306,308,2202,3147,-0.65869140625,0.329833984375,-0.345703125
6.224,306,306,2129,3147,-0.65869140625,0.329833984375,-0.345703125
6.232,306,308,2048,3147,-0.636474609375,0.2015380859375,-0.1614990234375
6.246,306,308,1874,3147,-0.6424560546875,0.0458984375,-0.0557861328125
6.266,306,307,1786,3147,-0.6904296875,-0.037353515625,-0.0308837890625
6.266,306,306,1669,3147,-0.71435546875,-0.054931640625,-0.04443359375
6.276,306,306,1579,3147,-0.685302734375,-0.036376953125,-0.0643310546875
6.295,307,306,1547,3147,-0.6654052734375,0.0396728515625,-0.076904296875
6.296,306,306,1503,3147,-0.6976318359375,0.1527099609375,-0.07568359375
6.306,308,309,1433,3134,-0.7642822265625,0.2384033203125,-0.0706787109375
6.319,306,308,1440,3144,-0.824951171875,0.2547607421875,-0.069091796875
6.322,307,308,1427,3147,-0.856689453125,0.2001953125,-0.0540771484375
6.336,306,308,1422,3147,-0.867431640625,0.1279296875,-0.029541015625
6.344,306,306,1413,3147,-0.8687744140625,0.09423828125,-0.03125
6.351,306,307,1437,3147,-0.867431640625,0.1175537109375,-0.0679931640625
6.372,306,308,1464,3147,-0.8765869140625,0.1790771484375,-0.1044921875
6.374,305,306,1480,3147,-0.8739013671875,0.2210693359375,-0.1385498046875
6.382,306,306,1523,3147,-0.8348388671875,0.215087890625,-0.165283203125
6.396,305,308,1595,3147,-0.8050537109375,0.19287109375,-0.165283203125
6.408,308,307,1656,3147,-0.8148193359375,0.177001953125,-0.154296875
6.413,305,306,1759,3147,-0.8223876953125,0.14306640625,-0.1297607421875
6.423,306,306,1874,3147,-0.7840576171875,0.1064453125,-0.0997314453125
6.434,306,306,2119,3147,-0.6756591796875,0.1339111328125,-0.0830078125
6.443,307,306,2280,3147,-0.496826171875,0.21435546875,-0.0704345703125
6.451,306,306,2432,3147,-0.27392578125,0.2236328125,-0.0882568359375
6.468,306,307,2790,3147,-0.01171875,0.0450439453125,-0.1597900390625
6.473,306,306,2909,3147,0.17919921875,-0.223876953125,-0.23046875
6.497,308,304,3006,3147,0.1058349609375,-0.3577880859375,-0.1973876953125
6.497,291,306,3147,3147,-0.286865234375,-0.2117919921875,0.03662109375
6.504,308,306,3147,3147,-0.9088134765625,0.192138671875,0.316650390625
6.511,304,308,3147,3147,-1.5189208984375,0.65673828125,0.39794921875
6.530,306,306,3147,3147,-1.963623046875,0.80517578125,0.372802734375
6.533,306,307,3147,3147,-2.236083984375,0.6468505859375,0.2537841796875
6.540,306,306,3147,3147,-2.3785400390625,0.5355224609375,-0.050537109375
6.554,308,308,3147,3147,-2.4112548828125,0.56298828125,-0.427001953125
6.570,306,306,3147,3147,-1.993896484375,0.49072265625,-0.905029296875
6.570,306,306,3147,3147,-1.509765625,0.4664306640625,-1.006103515625
6.600,306,306,3147,3147,-1.6767578125,0.65576171875,-0.4046630859375
6.600,304,305,3147,3147,-1.927001953125,0.6287841796875,0.1903076171875
6.607,306,307,3147,3147,-1.73974609375,0.3492431640625,0.3515625
6.614,306,308,3147,3147,-1.4588623046875,0.171142578125,0.2281494140625
6.623,306,306,3044,3147,-1.3067626953125,0.08349609375,0.0516357421875
6.637,308,306,2923,3147,-1.1771240234375,-0.077392578125,-0.096435546875
6.644,306,306,2703,3147,-0.9766845703125,-0.088623046875,-0.2354736328125
6.653,306,306,2591,3147,-0.7623291015625,0.140869140625,-0.3660888671875
6.661,305,306,2467,3147,-0.624267578125,0.35888671875,-0.4197998046875
6.675,306,308,2280,3147,-0.550048828125,0.4541015625,-0.3720703125
6.683,306,306,2178,3147,-0.5079345703125,0.470947265625,-0.2906494140625
6.691,306,306,2041,3147,-0.5123291015625,0.385986328125,-0.2081298828125
6.718,306,308,1744,3147,-0.57568359375,0.226318359375,-0.16796875
6.719,305,308,1604,3147,-0.6319580078125,0.089111328125,-0.189453125
6.721,306,306,1534,3099,-0.637451171875,0.0032958984375,-0.238037109375
6.734,306,308,1450,2820,-0.6549072265625,-0.0216064453125,-0.2423095703125
6.743,306,307,1422,2645,-0.715576171875,-0.0181884765625,-0.1673583984375
6.751,307,306,1369,2492,-0.7615966796875,0.0015869140625,-0.0467529296875
6.764,307,308,1323,2374,-0.7469482421875,0.0838623046875,0.0947265625
6.776,308,308,1330,2381,-0.7138671875,0.202880859375,0.2000732421875
6.781,308,308,1331,2477,-0.6917724609375,0.2608642578125,0.21142578125
6.794,307,306,1370,2736,-0.67041015625,0.201171875,0.12451171875
6.803,307,306,1404,2930,-0.6806640625,0.1168212890625,-0.019287109375
6.812,306,307,1430,3078,-0.7210693359375,0.0931396484375,-0.131591796875
6.825,308,308,1478,3147,-0.7547607421875,0.119384765625,-0.162353515625
6.833,306,306,1548,3147,-0.762451171875,0.16796875,-0.1309814453125
6.849,307,306,1641,3147,-0.762451171875,0.16796875,-0.1309814453125
6.855,305,306,1877,3147,-0.6976318359375,0.29833984375,-0.0841064453125
6.863,306,306,1996,3147,-0.6353759765625,0.307861328125,-0.0833740234375
6.877,306,305,2128,3147,-0.6353759765625,0.307861328125,-0.0833740234375
6.884,304,307,2394,3147,-0.330322265625,0.1036376953125,-0.1160888671875
6.899,306,306,2534,3147,-0.113037109375,0.006103515625,-0.1651611328125
6.914,290,305,2769,3147,-0.113037109375,0.006103515625,-0.1651611328125
6.915,307,306,2984,3147,-0.16357421875,-0.110107421875,-0.3270263671875
6.923,307,306,3089,3147,-0.49658203125,-0.1107177734375,-0.18212890625
6.934,306,306,3147,3147,-0.49658203125,-0.1107177734375,-0.18212890625
6.945,307,307,3147,3147,-1.3748779296875,0.5128173828125,0.368408203125
6.954,306,306,3147,3147,-1.87890625,0.7730712890625,0.45947265625
6.961,304,308,3147,3147,-1.87890625,0.7730712890625,0.45947265625
6.981,306,304,3147,3147,-2.331787109375,0.3763427734375,0.22509765625
6.983,306,307,3147,3147,-2.3616943359375,0.244873046875,-0.1658935546875
6.991,306,306,3147,3147,-2.3616943359375,0.244873046875,-0.1658935546875
7.009,307,306,3147,3147,-1.33447265625,0.1226806640625,-0.841552734375
7.013,307,308,3147,3147,-1.3218994140625,0.44775390625,-0.382568359375
7.021,306,306,3147,3147,-1.3218994140625,0.44775390625,-0.382568359375
7.034,306,308,3147,3147,-1.7659912109375,0.43505859375,0.06591796875
7.047,306,308,3147,3147,-1.6016845703125,0.191162109375,-0.0242919921875
7.051,306,307,3147,3147,-1.6016845703125,0.191162109375,-0.0242919921875
7.065,306,307,3146,3147,-1.2904052734375,0.099609375,-0.1383056640625
7.073,306,308,3017,3147,-1.2904052734375,0.099609375,-0.1383056640625
7.082,306,306,2902,3147,-1.1796875,0.072998046875,-0.1541748046875
7.094,307,307,2703,3147,-0.8609619140625,0.2828369140625,-0.2738037109375
7.103,314,306,2601,3147,-0.8609619140625,0.2828369140625,-0.2738037109375
7.127,307,306,2484,3147,-0.7410888671875,0.326904296875,-0.319091796875
7.128,308,287,2244,3147,-0.64306640625,0.30810546875,-0.171875
7.133,306,308,2143,3147,-0.64306640625,0.30810546875,-0.171875
7.141,306,306,1966,3147,-0.589599609375,0.309814453125,-0.1441650390625
7.166,306,308,1719,3147,-0.4906005859375,0.1502685546875,-0.2855224609375
7.171,306,306,1689,3115,-0.4906005859375,0.1502685546875,-0.2855224609375
7.171,308,308,1610,2901,-0.4656982421875,0.0220947265625,-0.3162841796875
7.185,307,306,1600,2668,-0.6318359375,0.010498046875,-0.123046875
7.193,307,308,1557,2567,-0.6318359375,0.010498046875,-0.123046875
7.204,308,308,1557,2456,-0.7274169921875,0.120361328125,0.0447998046875
7.222,308,308,1572,2601,-0.7598876953125,0.1904296875,0.2781982421875
7.223,291,292,1580,2736,-0.7598876953125,0.1904296875,0.2781982421875
7.231,306,308,1595,2887,-0.7313232421875,0.1309814453125,0.2457275390625
7.245,306,308,1627,3133,-0.7952880859375,0.1048583984375,-0.08935546875
7.253,306,308,1636,3147,-0.7952880859375,0.1048583984375,-0.08935546875
7.261,306,307,1650,3147,-0.822998046875,0.1314697265625,-0.198974609375
7.290,306,307,1705,3147,-0.831298828125,0.15625,-0.2109375
7.290,306,292,1681,3147,-0.83642578125,0.212890625,-0.1748046875
7.291,306,306,1761,3147,-0.84228515625,0.2664794921875,-0.13427734375
7.307,306,307,1941,3147,-0.84130859375,0.25927734375,-0.096923828125
7.326,306,306,1997,3147,-0.837646484375,0.2332763671875,-0.079345703125
7.326,306,307,2053,3147,-0.8377685546875,0.227294921875,-0.076904296875
7.335,305,307,2247,3147,-0.8358154296875,0.201416015625,-0.0633544921875
7.343,308,306,2320,3147,-0.8267822265625,0.14306640625,-0.0762939453125
7.351,306,306,2442,3147,-0.8021240234375,0.070068359375,-0.1439208984375
7.365,306,308,2683,3147,-0.72998046875,-0.00244140625,-0.2022705078125
7.393,306,306,2837,3147,-0.5289306640625,-0.0870361328125,-0.2635498046875
7.394,306,306,2925,3147,-0.212890625,-0.2093505859375,-0.4002685546875
7.394,308,305,3076,3147,0.063720703125,-0.276611328125,-0.433349609375
7.408,306,306,3147,3147,0.1260986328125,-0.087158203125,-0.196044921875
7.417,307,306,3147,3147,-0.1993408203125,0.3638916015625,0.078125
7.431,305,308,3147,3147,-0.8958740234375,0.9285888671875,0.138916015625
7.433,306,308,3147,3147,-1.71533203125,1.1136474609375,0.146484375
7.441,307,307,3147,3147,-2.3394775390625,0.67236328125,0.321044921875
7.454,304,306,3147,3147,-2.5052490234375,0.2855224609375,0.354248046875
7.463,306,308,3147,3147,-2.36328125,0.2642822265625,0.010009765625
7.471,306,305,3147,3147,-2.0732421875,0.3023681640625,-0.5645751953125
7.502,306,307,3147,3147,-1.5538330078125,0.248046875,-0.9986572265625
7.502,306,292,3147,3147,-1.3004150390625,0.2928466796875,-0.649169921875
7.502,306,307,3147,3147,-1.5447998046875,0.39697265625,0.0823974609375
7.520,306,308,3147,3147,-1.7510986328125,0.3037109375,0.330078125
7.523,306,308,3147,3147,-1.674072265625,0.179931640625,0.23046875
7.532,307,308,3147,3147,-1.4639892578125,0.203125,0.1488037109375
7.544,305,306,3147,3147,-1.301513671875,0.2520751953125,0.120361328125
7.553,306,308,3105,3147,-1.2091064453125,0.2744140625,0.0677490234375
7.561,304,305,2978,3147,-1.103515625,0.3741455078125,-0.0633544921875
7.574,306,308,2756,3147,-0.93408203125,0.4610595703125,-0.274169921875
7.583,308,306,2604,3147,-0.7681884765625,0.41552734375,-0.4476318359375
7.602,307,306,2486,3147,-0.678466796875,0.3189697265625,-0.52392578125
7.625,306,308,2167,3147,-0.63427734375,0.255126953125,-0.4981689453125
7.626,289,306,1929,3147,-0.5872802734375,0.1978759765625,-0.4024658203125
7.627,306,286,1715,3147,-0.5074462890625,0.09521484375,-0.3330078125
7.636,306,307,1598,2844,-0.41357421875,-0.061767578125,-0.281982421875
7.644,308,307,1543,2502,-0.42041015625,-0.16162109375,-0.2005615234375
7.652,308,308,1519,1943,-0.5423583984375,-0.1065673828125,-0.0504150390625
7.666,308,308,1492,1922,-0.648681640625,0.0655517578125,0.151123046875
7.674,307,308,1492,1948,-0.6947021484375,0.2471923828125,0.2933349609375
7.682,308,308,1476,2010,-0.7164306640625,0.30126953125,0.314453125
7.734,308,308,1504,2240,-0.719970703125,0.1800537109375,0.2137451171875
7.734,307,308,1494,2306,-0.7313232421875,0.0440673828125,0.0391845703125
7.734,308,308,1497,2486,-0.7850341796875,0.0411376953125,-0.1094970703125
7.734,308,308,1518,2701,-0.8529052734375,0.1075439453125,-0.178466796875
7.734,308,308,1527,2905,-0.8780517578125,0.1741943359375,-0.1785888671875
7.742,308,306,1529,3031,-0.8677978515625,0.2176513671875,-0.152099609375
7.755,306,308,1561,3147,-0.8736572265625,0.2257080078125,-0.1458740234375
7.764,306,304,1588,3147,-0.88623046875,0.23095703125,-0.1776123046875
7.772,306,308,1640,3147,-0.8809814453125,0.2362060546875,-0.228271484375
7.785,305,308,1715,3147,-0.863525390625,0.2161865234375,-0.238037109375
7.809,307,308,1796,3147,-0.828857421875,0.17529296875,-0.188232421875
7.809,306,289,1878,3147,-0.79736328125,0.15478515625,-0.1363525390625
7.819,308,308,2135,3147,-0.7916259765625,0.1767578125,-0.1092529296875
7.827,306,307,2268,3147,-0.7857666015625,0.209228515625,-0.119873046875
7.835,306,307,2379,3147,-0.7366943359375,0.17724609375,-0.155517578125
7.845,306,308,2613,3147,-0.623291015625,0.06103515625,-0.1732177734375
7.854,307,306,2787,3147,-0.4385986328125,-0.0579833984375,-0.174072265625
7.862,306,306,2936,3147,-0.19873046875,-0.1627197265625,-0.169677734375
7.875,306,308,3126,3147,-0.1002197265625,-0.225830078125,-0.0909423828125
7.884,306,306,3147,3147,-0.2979736328125,-0.2091064453125,0.0667724609375
7.892,307,306,3147,3147,-0.6448974609375,-0.118896484375,0.3125
7.914,306,307,3147,3147,-1.0413818359375,0.1009521484375,0.4613037109375
7.926,306,307,3147,3147,-1.4749755859375,0.4154052734375,0.25146484375
7.927,307,296,3147,3147,-1.8199462890625,0.49951171875,-0.1202392578125
7.938,306,307,3147,3147,-2.02880859375,0.4521484375,-0.3272705078125
7.948,306,308,3147,3147,-2.1448974609375,0.5733642578125,-0.3250732421875
7.952,306,307,3147,3147,-2.115966796875,0.716552734375,-0.2867431640625
7.967,306,306,3147,3147,-1.7447509765625,0.7027587890625,-0.4005126953125
7.975,306,306,3147,3147,-1.271484375,0.6893310546875,-0.3961181640625
7.982,307,308,3147,3147,-1.26806640625,0.7728271484375,-0.042236328125
7.996,306,307,3147,3147,-1.55908203125,0.654052734375,0.176513671875
8.004,306,308,3147,3147,-1.662109375,0.40966796875,0.0721435546875
8.040,306,308,3147,3147,-1.5697021484375,0.2994384765625,-0.11181640625
8.040,307,307,3147,3147,-1.4451904296875,0.2474365234375,-0.2083740234375
8.040,290,307,3147,3147,-1.320556640625,0.1597900390625,-0.173095703125
8.054,304,308,3147,3147,-1.1627197265625,0.1307373046875,-0.131103515625
8.071,306,307,3101,3147,-0.9920654296875,0.234375,-0.184326171875
8.072,306,306,3000,3147,-0.836669921875,0.3057861328125,-0.2520751953125
8.072,306,307,2870,3147,-0.836669921875,0.3057861328125,-0.2520751953125
8.086,304,308,2598,3147,-0.715087890625,0.2503662109375,-0.161865234375
8.093,306,306,2396,3147,-0.66259765625,0.201904296875,-0.072509765625
8.106,306,306,2228,3147,-0.66259765625,0.201904296875,-0.072509765625
8.116,304,308,1816,3147,-0.542724609375,0.1190185546875,-0.0760498046875
8.124,307,306,1643,3000,-0.5379638671875,-0.054443359375,-0.1539306640625
8.142,308,308,1582,2710,-0.5379638671875,-0.054443359375,-0.1539306640625
8.146,308,308,1499,2280,-0.6689453125,-0.126953125,-0.115234375
8.154,306,308,1468,2032,-0.7462158203125,0.062255859375,0.0078125
8.162,308,308,1468,1927,-0.7462158203125,0.062255859375,0.0078125
8.176,307,306,1447,1999,-0.69140625,0.0904541015625,0.129638671875
8.184,310,308,1445,2070,-0.6602783203125,0.049560546875,0.040771484375
8.192,308,309,1439,2175,-0.6602783203125,0.049560546875,0.040771484375
8.208,308,308,1456,2396,-0.763671875,0.217529296875,-0.098876953125
8.214,307,308,1472,2534,-0.8365478515625,0.2879638671875,-0.1031494140625
8.222,308,308,1476,2703,-0.8365478515625,0.2879638671875,-0.1031494140625
8.240,307,306,1504,2944,-0.8914794921875,0.2169189453125,-0.1195068359375
8.247,307,307,1521,3102,-0.8721923828125,0.1982421875,-0.116455078125
8.252,308,307,1533,3147,-0.8721923828125,0.1982421875,-0.116455078125
8.266,306,308,1580,3147,-0.8323974609375,0.2037353515625,-0.13330078125
8.274,306,306,1613,3147,-0.8182373046875,0.2099609375,-0.1568603515625
8.286,306,308,1652,3147,-0.8182373046875,0.2099609375,-0.1568603515625
8.297,305,308,1735,3147,-0.789794921875,0.144775390625,-0.19482421875
8.311,306,306,1882,3147,-0.789794921875,0.144775390625,-0.19482421875
8.312,306,306,1996,3147,-0.7530517578125,0.087158203125,-0.1805419921875
8.341,305,308,2280,3147,-0.443115234375,0.0640869140625,-0.143798828125
8.344,307,308,2435,3147,-0.443115234375,0.0640869140625,-0.143798828125
8.350,292,306,2590,3147,-0.192138671875,0.0650634765625,-0.1624755859375
8.360,309,306,2851,3147,-0.0316162109375,-0.2711181640625,-0.1717529296875
8.364,307,308,3000,3147,-0.0316162109375,-0.2711181640625,-0.1717529296875
8.373,306,306,3147,3147,-0.30029296875,-0.3682861328125,-0.0203857421875
8.386,305,307,3147,3147,-1.0870361328125,0.1265869140625,0.6141357421875
8.399,306,308,3147,3147,-1.0870361328125,0.1265869140625,0.6141357421875
8.402,304,306,3147,3147,-1.60302734375,0.6824951171875,0.5025634765625
8.416,307,308,3147,3147,-2.3145751953125,0.4962158203125,-0.09619140625
8.424,306,306,3147,3147,-2.3145751953125,0.4962158203125,-0.09619140625
8.434,306,306,3147,3147,-2.450927734375,0.5369873046875,-0.35693359375
8.457,306,308,3147,3147,-1.604248046875,0.8179931640625,-0.8922119140625
8.458,305,306,3147,3147,-1.604248046875,0.8179931640625,-0.8922119140625
8.463,306,304,3147,3147,-1.3197021484375,1.0401611328125,-0.6751708984375
8.471,306,306,3147,3147,-1.5810546875,1.0693359375,-0.2572021484375
8.485,306,307,3147,3147,-1.7471923828125,0.75146484375,-0.1297607421875
8.493,306,306,3147,3147,-1.701904296875,0.4864501953125,-0.18798828125
8.501,306,306,2997,3147,-1.5570068359375,0.2730712890625,-0.2027587890625
8.518,306,308,2748,3147,-1.3756103515625,0.076171875,-0.122802734375
8.523,305,305,2538,3147,-1.1243896484375,0.046875,-0.022705078125
8.542,306,308,2357,3147,-0.8143310546875,0.170654296875,-0.0537109375
8.554,304,308,2050,3147,-0.5863037109375,0.218994140625,-0.2159423828125
8.555,306,304,1854,3147,-0.5396728515625,0.16650390625,-0.3551025390625
8.561,306,306,1732,3147,-0.6053466796875,0.1309814453125,-0.3857421875
8.575,306,307,1572,3147,-0.6527099609375,0.139404296875,-0.309326171875
8.583,306,306,1514,3147,-0.64208984375,0.14697265625,-0.184326171875
8.591,306,306,1483,3147,-0.6015625,0.052978515625,-0.095703125
8.605,307,307,1434,3147,-0.569580078125,-0.1138916015625,-0.0743408203125
8.618,306,306,1395,3015,-0.5579833984375,-0.1607666015625,-0.04541015625
8.621,308,308,1413,2844,-0.5740966796875,-0.03955078125,0.0130615234375
8.637,306,308,1390,2801,-0.6124267578125,0.112548828125,0.094970703125
8.662,308,306,1382,2832,-0.6365966796875,0.1685791015625,0.181884765625
8.662,306,308,1396,2916,-0.65576171875,0.144775390625,0.187744140625
8.665,307,308,1398,3067,-0.7076416015625,0.17236328125,0.083740234375
8.673,306,306,1419,3147,-0.788330078125,0.274169921875,-0.0440673828125
8.681,307,306,1429,3147,-0.8587646484375,0.318115234375,-0.1253662109375
8.695,306,306,1467,3147,-0.8785400390625,0.2762451171875,-0.17529296875
8.703,306,306,1480,3147,-0.86767578125,0.2154541015625,-0.1971435546875
8.711,305,306,1504,3147,-0.8641357421875,0.167236328125,-0.1815185546875
8.725,306,308,1533,3147,-0.85693359375,0.1671142578125,-0.1632080078125
8.742,306,306,1569,3147,-0.83203125,0.1943359375,-0.15869140625
8.742,287,289,1583,3147,-0.7957763671875,0.1781005859375,-0.14404296875
8.805,306,307,1653,3147,-0.74267578125,0.1385498046875,-0.1259765625
8.807,310,289,1745,3147,-0.681640625,0.13525390625,-0.1275634765625
8.808,306,307,1894,3147,-0.6441650390625,0.1851806640625,-0.128662109375
8.808,289,308,2207,3147,-0.5980224609375,0.2642822265625,-0.145751953125
8.808,306,307,2344,3147,-0.4693603515625,0.2484130859375,-0.1859130859375
8.808,294,308,2510,3147,-0.3037109375,0.0408935546875,-0.18603515625
8.815,306,305,2724,3147,-0.1376953125,-0.2637939453125,-0.149169921875
8.823,306,306,2861,3147,-0.062255859375,-0.40087890625,-0.021484375
8.831,306,308,2981,3147,-0.3035888671875,-0.251220703125,0.3016357421875
8.850,306,308,3112,3147,-0.812255859375,0.0533447265625,0.607177734375
8.861,306,307,3147,3147,-1.35888671875,0.4119873046875,0.5997314453125
8.861,306,308,3147,3147,-1.8017578125,0.6573486328125,0.3369140625
8.875,306,308,3147,3147,-2.0791015625,0.678955078125,0.0406494140625
8.883,306,306,3147,3147,-2.23388671875,0.5911865234375,-0.212890625
8.891,306,307,3147,3147,-2.2816162109375,0.6158447265625,-0.4373779296875
8.905,306,308,3147,3147,-1.958251953125,0.687255859375,-0.7052001953125
8.913,307,306,3147,3147,-1.3436279296875,0.7364501953125,-0.821044921875
8.926,306,305,3147,3147,-1.2244873046875,0.8355712890625,-0.5054931640625
8.935,306,308,3147,3147,-1.6163330078125,0.6922607421875,-0.1395263671875
8.945,307,306,3134,3147,-1.8253173828125,0.380615234375,-0.05908203125
8.963,306,306,3039,3147,-1.6905517578125,0.234619140625,-0.0863037109375
8.966,306,306,2874,3147,-1.4083251953125,0.2276611328125,-0.041259765625
8.980,306,307,2746,3147,-1.17041015625,0.2227783203125,0.0653076171875
8.982,306,308,2647,3147,-1.031982421875,0.212646484375,0.1387939453125
8.996,306,307,2456,3147,-0.9461669921875,0.2265625,0.0980224609375
9.003,306,306,2312,3147,-0.8599853515625,0.2125244140625,-0.0260009765625
9.011,304,306,2188,3147,-0.7677001953125,0.2080078125,-0.1163330078125
9.028,306,306,1865,3147,-0.692138671875,0.2391357421875,-0.1544189453125
9.033,307,306,1715,3147,-0.6383056640625,0.240478515625,-0.1632080078125
9.041,306,305,1628,3147,-0.6268310546875,0.1793212890625,-0.17529296875
9.059,306,307,1483,3147,-0.665283203125,0.0950927734375,-0.188720703125
9.065,307,306,1387,3147,-0.7069091796875,-0.0179443359375,-0.18115234375
9.075,306,308,1343,3147,-0.7186279296875,-0.1766357421875,-0.194091796875
9.087,306,307,1278,3033,-0.7052001953125,-0.258544921875,-0.196044921875
9.094,306,307,1274,2887,-0.6942138671875,-0.117919921875,-0.14453125
9.101,306,306,1262,2756,-0.6942138671875,-0.117919921875,-0.14453125
9.116,307,308,1209,2677,-0.6876220703125,0.3419189453125,-0.010498046875
9.131,307,307,1198,2698,-0.6646728515625,0.3812255859375,0.00439453125
9.133,308,308,1155,2750,-0.6646728515625,0.3812255859375,0.00439453125
9.164,308,308,1185,2943,-0.705810546875,0.2572021484375,-0.0372314453125
9.167,306,308,1178,3047,-0.73828125,0.255615234375,-0.0625
9.167,308,308,1185,3137,-0.73828125,0.255615234375,-0.0625
9.175,306,307,1199,3147,-0.786376953125,0.2996826171875,-0.06787109375
9.187,305,306,1220,3147,-0.79052734375,0.296142578125,-0.0712890625
9.198,308,306,1233,3147,-0.79052734375,0.296142578125,-0.0712890625
9.205,306,308,1335,3147,-0.7896728515625,0.2200927734375,-0.0831298828125
9.213,305,306,1396,3147,-0.7938232421875,0.1658935546875,-0.133056640625
9.221,306,306,1472,3147,-0.7938232421875,0.1658935546875,-0.133056640625
9.235,306,308,1629,3147,-0.693603515625,0.0704345703125,-0.1619873046875
9.243,305,308,1796,3147,-0.58154296875,0.0838623046875,-0.116455078125
9.251,306,307,1996,3147,-0.58154296875,0.0838623046875,-0.116455078125
9.265,306,308,2247,3147,-0.3621826171875,0.164794921875,-0.102783203125
9.273,306,309,2398,3147,-0.2103271484375,0.0831298828125,-0.19970703125
9.281,306,306,2518,3147,-0.2103271484375,0.0831298828125,-0.19970703125
9.307,306,307,2797,3147,-0.23681640625,-0.0576171875,-0.2332763671875
9.307,306,308,2928,3147,-0.5128173828125,0.0555419921875,0.0067138671875
9.311,306,306,3039,3147,-0.5128173828125,0.0555419921875,0.0067138671875
9.324,306,306,3143,3147,-1.346923828125,0.643310546875,0.5819091796875
9.336,306,308,3147,3147,-1.346923828125,0.643310546875,0.5819091796875
9.341,306,307,3147,3147,-1.69677734375,0.7440185546875,0.5662841796875
9.355,306,308,3147,3147,-2.2032470703125,0.3138427734375,0.0145263671875
9.363,306,308,3147,3147,-2.2032470703125,0.3138427734375,0.0145263671875
9.373,306,306,3092,3147,-2.3206787109375,0.2916259765625,-0.3870849609375
9.385,306,306,3070,3147,-1.4305419921875,0.6260986328125,-0.9193115234375
9.393,306,306,3085,3147,-1.4305419921875,0.6260986328125,-0.9193115234375
9.405,306,306,3056,3147,-1.3248291015625,1.10546875,-0.5753173828125
9.416,306,307,2929,3147,-1.9036865234375,0.6068115234375,-0.0096435546875
9.423,308,306,2801,3147,-1.9036865234375,0.6068115234375,-0.0096435546875
9.438,306,306,2672,3147,-1.7459716796875,0.33642578125,-0.22216796875
9.445,306,308,2430,3147,-1.267578125,0.248779296875,-0.2059326171875
9.458,307,306,2314,3147,-1.267578125,0.248779296875,-0.2059326171875
9.463,307,308,2164,3147,-1.1180419921875,0.1861572265625,-0.0439453125
9.485,307,307,1861,3147,-0.8350830078125,0.1419677734375,-0.0621337890625
9.486,306,306,1666,3147,-0.8350830078125,0.1419677734375,-0.0621337890625
9.494,306,308,1560,3147,-0.6461181640625,0.0911865234375,-0.1632080078125
9.510,308,308,1463,3147,-0.3101806640625,0.103271484375,-0.2325439453125
9.516,307,308,1412,3147,-0.3101806640625,0.103271484375,-0.2325439453125
9.525,307,306,1386,3147,-0.280517578125,0.107177734375,-0.2137451171875
9.541,306,307,1369,3147,-0.46240234375,-0.0406494140625,-0.2186279296875
9.544,306,308,1377,3147,-0.46240234375,-0.0406494140625,-0.2186279296875
9.552,307,308,1362,3147,-0.527587890625,-0.06494140625,-0.141357421875
9.578,307,308,1349,3147,-0.677978515625,0.1688232421875,0.0743408203125
9.578,306,289,1386,3147,-0.677978515625,0.1688232421875,0.0743408203125
9.582,306,306,1401,3147,-0.716552734375,0.28564453125,0.096923828125
9.596,306,307,1452,3147,-0.767578125,0.2867431640625,0.0675048828125
9.604,307,307,1468,3147,-0.767578125,0.2867431640625,0.0675048828125
9.620,308,308,1469,3147,-0.78955078125,0.2147216796875,0.008056640625
9.626,307,306,1518,3147,-0.8538818359375,0.2855224609375,-0.0775146484375
9.648,306,307,1535,3147,-0.8538818359375,0.2855224609375,-0.0775146484375
9.652,306,306,1582,3147,-0.8857421875,0.32763671875,-0.1026611328125
9.656,306,306,1635,3147,-0.9395751953125,0.2271728515625,-0.1866455078125
9.680,306,307,1650,3147,-0.9395751953125,0.2271728515625,-0.1866455078125
9.680,306,306,1666,3147,-0.9637451171875,0.1519775390625,-0.213623046875
9.686,306,308,1852,3147,-0.9686279296875,0.1219482421875,-0.20068359375
9.694,306,306,1905,3147,-0.94970703125,0.1658935546875,-0.1962890625
9.702,306,306,2005,3147,-0.9200439453125,0.2110595703125,-0.2322998046875
9.723,306,306,2089,3147,-0.85400390625,0.205322265625,-0.3172607421875
9.724,306,306,2162,3147,-0.6728515625,0.1341552734375,-0.4169921875
9.732,308,306,2230,3147,-0.395751953125,0.0501708984375,-0.50634765625
9.751,306,308,2328,3147,-0.1473388671875,0.0692138671875,-0.5911865234375
9.754,308,305,2386,3147,-0.0419921875,0.22509765625,-0.5340576171875
9.784,306,307,2527,3147,-0.2056884765625,0.36865234375,-0.2237548828125
9.784,306,308,2735,3147,-0.6199951171875,0.251220703125,0.275634765625
9.785,307,307,2820,3147,-1.0389404296875,-0.1253662109375,0.7542724609375
9.792,306,306,2958,3147,-1.24365234375,-0.220947265625,0.9608154296875
9.806,306,308,3073,3147,-1.2864990234375,0.253662109375,0.839111328125
9.814,307,308,3120,3147,-1.4119873046875,0.6695556640625,0.5184326171875
9.822,306,306,3147,3147,-1.7437744140625,0.665283203125,0.1829833984375
9.836,306,308,3117,3147,-2.1116943359375,0.50634765625,-0.0941162109375
9.848,306,306,3056,3147,-2.1116943359375,0.3309326171875,-0.4072265625
9.852,306,306,3062,3147,-1.603759765625,0.2818603515625,-0.73388671875
9.866,306,313,3076,3147,-1.2479248046875,0.560791015625,-0.668212890625
9.877,294,307,3001,3147,-1.4625244140625,0.8150634765625,-0.22705078125
9.883,306,306,2943,3147,-1.7318115234375,0.692138671875,0.0086669921875
9.891,306,306,2840,3147,-1.6885986328125,0.4410400390625,-0.072509765625
9.905,307,306,2621,3147,-1.483154296875,0.287841796875,-0.1673583984375
9.913,306,306,2489,3147,-1.306640625,0.22705078125,-0.119140625
9.921,308,307,2389,3147,-1.17578125,0.1739501953125,0.0159912109375
9.936,306,307,2226,3147,-1.0477294921875,0.1441650390625,0.1260986328125
9.950,306,307,2119,3147,-0.9453125,0.1434326171875,0.1373291015625
9.951,306,308,1982,3147,-0.8968505859375,0.132568359375,0.0699462890625
9.967,306,307,1757,3147,-0.870361328125,0.1383056640625,-0.0260009765625
9.987,308,308,1600,3147,-0.8280029296875,0.1597900390625,-0.134521484375
9.987,306,286,1508,3147,-0.767822265625,0.1683349609375,-0.2227783203125
9.996,306,307,1362,3147,-0.6888427734375,0.146484375,-0.2850341796875
10.004,305,306,1358,3147,-0.624267578125,0.05078125,-0.2974853515625
10.012,306,307,1330,3126,-0.6268310546875,-0.0859375,-0.2525634765625
10.026,308,308,1264,2798,-0.6400146484375,-0.1116943359375,-0.2191162109375
10.034,307,306,1278,2748,-0.5927734375,-0.019287109375,-0.1754150390625
10.044,307,308,1264,2710,-0.5594482421875,0.126953125,-0.075927734375
10.056,307,308,1236,2630,-0.6094970703125,0.2882080078125,0.0118408203125
10.064,308,306,1225,2638,-0.671142578125,0.3529052734375,0.062255859375
10.072,308,308,1204,2662,-0.698974609375,0.28857421875,0.0904541015625
10.091,308,307,1207,2833,-0.720947265625,0.184326171875,0.060302734375
10.095,307,308,1231,2955,-0.7423095703125,0.15087890625,-0.0123291015625
10.102,307,308,1236,3086,-0.7459716796875,0.1954345703125,-0.0750732421875
10.116,306,308,1251,3147,-0.729736328125,0.243896484375,-0.1116943359375
10.124,306,306,1268,3147,-0.7257080078125,0.28173828125,-0.119140625
10.132,306,306,1294,3147,-0.768310546875,0.304443359375,-0.10546875
10.158,306,307,1365,3147,-0.810546875,0.2716064453125,-0.0931396484375
10.159,306,305,1441,3147,-0.7911376953125,0.1861572265625,-0.0872802734375
10.162,306,307,1555,3147,-0.7261962890625,0.1171875,-0.0631103515625
10.185,304,306,1891,3147,-0.602783203125,0.0948486328125,-0.0426025390625
10.185,306,306,2115,3147,-0.3863525390625,0.0709228515625,-0.044921875
10.192,307,306,2328,3147,-0.086669921875,0.0047607421875,-0.035400390625
10.206,306,306,2683,3147,0.2000732421875,-0.12890625,-0.091552734375
10.238,306,305,2810,3147,0.2291259765625,-0.2906494140625,-0.2578125
10.250,306,308,2939,3147,-0.1361083984375,-0.3199462890625,-0.265380859375
10.270,307,307,3147,3147,-0.7177734375,0.017822265625,-0.0133056640625
10.271,306,307,3147,3147,-1.32275390625,0.6416015625,0.191650390625
10.271,307,306,3147,3147,-1.897216796875,1.0013427734375,0.1868896484375
10.271,304,304,3147,3147,-2.3072509765625,0.8980712890625,0.1180419921875
10.274,306,306,3147,3147,-2.49072265625,0.62939453125,0.051513671875
10.289,307,308,3147,3147,-2.5205078125,0.42724609375,-0.084716796875
10.296,306,308,3147,3147,-2.1361083984375,0.3265380859375,-0.44775390625
10.304,307,308,3147,3147,-1.480224609375,0.503173828125,-0.7857666015625
10.314,306,306,3147,3147,-1.4173583984375,0.838623046875,-0.55126953125
10.326,304,307,3090,3147,-1.8067626953125,0.7303466796875,-0.1153564453125
10.334,306,306,3017,3147,-1.8970947265625,0.404541015625,0.0147705078125
10.342,307,308,2938,3147,-1.8970947265625,0.404541015625,0.0147705078125
10.366,306,308,2736,3147,-1.387939453125,0.3265380859375,-0.1373291015625
10.366,306,306,2601,3147,-1.107666015625,0.203369140625,-0.0936279296875
10.392,306,306,2478,3147,-1.107666015625,0.203369140625,-0.0936279296875
10.392,292,308,2195,3147,-0.6605224609375,0.107177734375,0.0057373046875
10.396,307,307,2030,3147,-0.5928955078125,0.2772216796875,-0.105224609375
10.402,306,307,1862,3147,-0.5928955078125,0.2772216796875,-0.105224609375
10.417,306,306,1700,3147,-0.6732177734375,0.2431640625,-0.2911376953125
10.426,306,308,1635,3147,-0.7120361328125,0.1884765625,-0.276123046875
10.432,306,307,1575,3147,-0.7120361328125,0.1884765625,-0.276123046875
10.446,306,308,1496,3147,-0.6566162109375,0.1158447265625,-0.1474609375
10.461,308,305,1464,3147,-0.5877685546875,0.041748046875,-0.1339111328125
10.468,307,307,1409,3147,-0.5877685546875,0.041748046875,-0.1339111328125
10.479,307,308,1380,3147,-0.538818359375,0.068603515625,-0.1734619140625
10.501,306,306,1375,3147,-0.6058349609375,0.1468505859375,-0.114990234375
10.501,306,307,1331,3147,-0.6058349609375,0.1468505859375,-0.114990234375
10.506,306,307,1359,3147,-0.80126953125,0.2666015625,-0.0013427734375
10.514,306,306,1323,3147,-0.82958984375,0.2608642578125,0.0758056640625
10.522,306,307,1308,3147,-0.82958984375,0.2608642578125,0.0758056640625
10.539,306,308,1318,3147,-0.8150634765625,0.178955078125,0.0286865234375
10.544,308,306,1348,3147,-0.837158203125,0.18603515625,-0.072509765625
10.552,307,308,1355,3147,-0.837158203125,0.18603515625,-0.072509765625
10.566,306,306,1397,3147,-0.857177734375,0.2264404296875,-0.1680908203125
10.575,306,306,1427,3147,-0.857177734375,0.2264404296875,-0.1680908203125
10.603,307,308,1452,3147,-0.8544921875,0.2000732421875,-0.1639404296875
10.604,306,306,1514,3147,-0.80859375,0.17724609375,-0.1531982421875
10.605,306,294,1548,3147,-0.80859375,0.17724609375,-0.1531982421875
10.612,308,306,1635,3147,-0.751953125,0.1790771484375,-0.1300048828125
10.626,304,308,1824,3147,-0.450927734375,0.096435546875,-0.0980224609375
10.634,307,306,2113,3147,-0.450927734375,0.096435546875,-0.0980224609375
10.642,306,307,2320,3147,-0.2484130859375,0.097900390625,-0.084228515625
10.656,306,308,2593,3147,0.0247802734375,0.1875,-0.2091064453125
10.666,306,307,2736,3147,0.0247802734375,0.1875,-0.2091064453125
10.672,306,306,2901,3147,-0.0423583984375,0.01416015625,-0.337646484375
10.692,306,308,3057,3147,-0.775634765625,-0.14990234375,-0.0533447265625
10.694,304,306,3147,3147,-0.775634765625,-0.14990234375,-0.0533447265625
10.707,307,306,3147,3147,-1.299072265625,0.3095703125,0.186767578125
10.716,306,306,3147,3147,-2.11669921875,0.6680908203125,0.3270263671875
10.724,306,308,3147,3147,-2.11669921875,0.6680908203125,0.3270263671875
10.732,306,306,3147,3147,-2.2872314453125,0.4927978515625,0.3001708984375
10.746,306,308,3147,3147,-2.030517578125,0.711669921875,-0.254638671875
10.754,306,304,3147,3147,-2.030517578125,0.711669921875,-0.254638671875
10.772,306,308,3147,3147,-1.4561767578125,0.7410888671875,-0.59814453125
10.776,306,308,3147,3147,-1.7120361328125,0.6500244140625,0.0986328125
10.788,306,307,3147,3147,-1.7120361328125,0.6500244140625,0.0986328125
10.808,306,306,3147,3147,-1.835205078125,0.359375,0.2081298828125
10.808,307,307,3014,3147,-1.677490234375,0.320556640625,0.0572509765625
10.814,307,308,2899,3147,-1.4598388671875,0.3748779296875,-0.103759765625
10.822,307,308,2770,3147,-1.2470703125,0.2813720703125,-0.1590576171875
10.836,305,306,2543,3147,-0.9896240234375,0.117919921875,-0.1475830078125
10.844,306,306,2398,3147,-0.704345703125,0.08349609375,-0.1529541015625
10.852,306,307,2271,3147,-0.526611328125,0.1265869140625,-0.1826171875
10.878,306,308,2050,3147,-0.5091552734375,0.1571044921875,-0.1751708984375
10.878,307,306,1912,3147,-0.5731201171875,0.22265625,-0.134765625
10.882,306,307,1838,3147,-0.6380615234375,0.2462158203125,-0.0936279296875
10.901,306,307,1757,3147,-0.690673828125,0.2061767578125,-0.06787109375
10.909,307,306,1681,3147,-0.73486328125,0.145751953125,-0.06298828125
10.912,306,308,1650,3147,-0.77294921875,0.0897216796875,-0.07275390625
10.926,308,307,1550,3147,-0.791015625,0.0687255859375,-0.091796875
10.934,306,306,1504,3147,-0.7730712890625,0.0791015625,-0.14501953125
10.942,306,306,1483,3147,-0.73486328125,0.1199951171875,-0.21875
10.956,306,308,1450,3147,-0.7138671875,0.17138671875,-0.2403564453125
10.964,306,306,1428,3147,-0.7279052734375,0.216064453125,-0.217041015625
10.973,306,306,1419,3147,-0.74853515625,0.2633056640625,-0.187255859375
11.020,304,308,1412,3147,-0.75732421875,0.2991943359375,-0.131103515625
11.020,306,306,1380,3147,-0.7742919921875,0.32275390625,-0.05517578125
11.021,306,307,1440,3147,-0.796630859375,0.2938232421875,0.0035400390625
11.021,306,307,1468,3147,-0.8087158203125,0.2061767578125,0.015380859375
11.025,307,307,1504,3147,-0.8145751953125,0.148193359375,-0.015380859375
11.033,306,306,1541,3147,-0.817626953125,0.1474609375,-0.056396484375
11.041,306,306,1580,3147,-0.814453125,0.1639404296875,-0.0863037109375
11.055,306,308,1700,3147,-0.7884521484375,0.17431640625,-0.084228515625
11.066,306,306,1746,3147,-0.7313232421875,0.1810302734375,-0.0682373046875
11.076,306,306,1798,3147,-0.6593017578125,0.1912841796875,-0.0692138671875
11.085,306,306,2062,3147,-0.5712890625,0.1982421875,-0.0810546875
11.111,306,305,2242,3147,-0.476806640625,0.2130126953125,-0.092529296875
11.111,306,306,2374,3147,-0.3953857421875,0.23779296875,-0.12255859375
11.115,306,308,2591,3147,-0.273193359375,0.1807861328125,-0.1895751953125
11.126,304,306,2756,3147,-0.1434326171875,-0.03662109375,-0.24072265625
11.131,306,304,2879,3147,-0.1573486328125,-0.277587890625,-0.237548828125
11.145,306,308,3048,3147,-0.36083984375,-0.36669921875,-0.08349609375
11.153,306,308,3130,3147,-0.767333984375,-0.099365234375,0.2015380859375
11.161,306,308,3147,3147,-1.264892578125,0.570556640625,0.3758544921875
11.180,306,307,3147,3147,-1.7003173828125,1.0103759765625,0.4739990234375
11.183,306,308,3147,3147,-2.0089111328125,0.879638671875,0.531494140625
11.191,306,306,3147,3147,-2.125244140625,0.5833740234375,0.3818359375
11.223,306,306,3147,3147,-2.12451171875,0.450439453125,0.002197265625
11.224,306,306,3147,3147,-1.92724609375,0.5181884765625,-0.5880126953125
11.224,306,307,3147,3147,-1.549072265625,0.680419921875,-1.0020751953125
11.235,307,306,3147,3147,-1.5133056640625,0.805908203125,-0.7354736328125
11.243,306,307,3147,3147,-1.7442626953125,0.7158203125,-0.2105712890625
11.251,306,306,3147,3147,-1.7469482421875,0.4898681640625,0.0128173828125
11.265,305,306,3147,3147,-1.5728759765625,0.3292236328125,-0.013671875
11.273,306,306,3129,3147,-1.4033203125,0.267578125,-0.106201171875
11.281,306,306,3015,3147,-1.2911376953125,0.2554931640625,-0.117431640625
11.297,306,307,2807,3147,-1.188232421875,0.205078125,-0.049072265625
11.328,306,306,2621,3147,-1.0460205078125,0.1943359375,-0.004150390625
11.329,305,291,2407,3147,-0.897216796875,0.264892578125,-0.051025390625
11.330,305,308,2133,3147,-0.7767333984375,0.28515625,-0.1370849609375
11.333,306,308,1922,3147,-0.67041015625,0.254150390625,-0.19970703125
11.341,306,305,1739,3147,-0.5654296875,0.248046875,-0.2252197265625
11.355,306,308,1561,3147,-0.4796142578125,0.2459716796875,-0.243896484375
11.363,306,306,1480,3147,-0.4388427734375,0.2166748046875,-0.2958984375
11.371,306,306,1469,3147,-0.4388427734375,0.2166748046875,-0.2958984375
11.385,306,308,1390,3105,-0.490966796875,0.06591796875,-0.333984375
11.393,307,306,1326,2919,-0.58203125,0.06640625,-0.2269287109375
11.401,307,306,1280,2727,-0.58203125,0.06640625,-0.2269287109375
11.427,306,308,1243,2662,-0.7298583984375,0.1488037109375,0.126953125
11.429,307,306,1237,2636,-0.7567138671875,0.1884765625,0.223388671875
11.431,308,307,1236,2647,-0.7567138671875,0.1884765625,0.223388671875
11.445,308,306,1258,2843,-0.73291015625,0.136474609375,0.1646728515625
11.453,306,308,1276,2973,-0.74462890625,0.1063232421875,0.0302734375
11.461,307,308,1321,3047,-0.74462890625,0.1063232421875,0.0302734375
11.475,306,308,1340,3147,-0.83154296875,0.1954345703125,-0.1275634765625
11.485,307,304,1362,3147,-0.8204345703125,0.2554931640625,-0.1298828125
11.491,306,307,1409,3147,-0.8204345703125,0.2554931640625,-0.1298828125
11.505,308,308,1521,3147,-0.7733154296875,0.2781982421875,-0.12939453125
11.536,306,307,1579,3147,-0.756103515625,0.24365234375,-0.1591796875
11.536,281,291,1650,3147,-0.756103515625,0.24365234375,-0.1591796875
11.536,306,308,1908,3147,-0.6641845703125,0.115478515625,-0.1612548828125
11.543,306,306,2178,3147,-0.5130615234375,0.0614013671875,-0.1099853515625
11.553,305,306,2364,3147,-0.5130615234375,0.0614013671875,-0.1099853515625
11.565,306,308,2658,3147,0.00634765625,-0.1175537109375,-0.1427001953125
11.573,306,307,2837,3147,0.16650390625,-0.2039794921875,-0.2467041015625
11.588,306,307,2960,3147,0.16650390625,-0.2039794921875,-0.2467041015625
11.595,306,308,3039,3147,-0.5018310546875,-0.067626953125,-0.097900390625
11.620,306,307,3056,3147,-0.5018310546875,-0.067626953125,-0.097900390625
11.620,306,306,3011,3147,-1.266845703125,0.3314208984375,0.123046875
11.625,306,308,3053,3147,-2.074462890625,0.7479248046875,0.4000244140625
11.640,306,308,3099,3147,-2.074462890625,0.7479248046875,0.4000244140625
11.641,305,306,3121,3147,-2.1700439453125,0.6597900390625,0.4676513671875
11.655,306,306,3147,3147,-2.0272216796875,0.8707275390625,-0.3741455078125
11.666,305,308,3147,3147,-2.0272216796875,0.8707275390625,-0.3741455078125
11.671,307,305,3147,3147,-1.867431640625,0.9212646484375,-0.79833984375
11.692,306,307,3147,3147,-1.782958984375,0.67919921875,-0.5709228515625
11.693,307,308,3147,3147,-1.782958984375,0.67919921875,-0.5709228515625
11.701,306,306,3147,3147,-1.7003173828125,0.46435546875,-0.22802734375
11.730,306,307,3147,3147,-1.2481689453125,0.2298583984375,0.132080078125
11.730,306,297,3129,3147,-1.2481689453125,0.2298583984375,0.132080078125
11.733,306,307,3025,3147,-1.1182861328125,0.1417236328125,0.137939453125
11.747,308,308,2872,3147,-0.900634765625,0.1324462890625,-0.0556640625
11.754,306,306,2760,3147,-0.900634765625,0.1324462890625,-0.0556640625
11.762,306,306,2608,3147,-0.8192138671875,0.150390625,-0.206787109375
11.778,308,308,2379,3147,-0.6962890625,0.26123046875,-0.2369384765625
11.784,306,306,2249,3147,-0.6962890625,0.26123046875,-0.2369384765625
11.793,306,308,2127,3147,-0.5968017578125,0.259033203125,-0.2425537109375
11.831,306,307,1874,3147,-0.505615234375,0.155029296875,-0.311767578125
11.831,286,308,1834,3119,-0.505615234375,0.155029296875,-0.311767578125
11.831,306,308,1732,2957,-0.5146484375,0.087158203125,-0.2928466796875
11.836,306,308,1704,2689,-0.647216796875,-0.02294921875,-0.1168212890625
11.845,308,306,1681,2504,-0.647216796875,-0.02294921875,-0.1168212890625
11.856,308,306,1652,2325,-0.7491455078125,0.065673828125,0.012939453125
11.866,308,306,1622,2203,-0.8603515625,0.2384033203125,0.1890869140625
11.874,307,308,1608,2202,-0.8603515625,0.2384033203125,0.1890869140625
11.882,308,307,1588,2172,-0.8690185546875,0.2232666015625,0.166259765625
11.899,308,308,1536,2172,-0.862548828125,0.107177734375,-0.0625
11.904,308,306,1508,2253,-0.862548828125,0.107177734375,-0.0625
11.916,306,307,1506,2314,-0.865234375,0.1099853515625,-0.142333984375
11.926,308,306,1463,2410,-0.8612060546875,0.174072265625,-0.190673828125
11.935,306,308,1470,2538,-0.8275146484375,0.2252197265625,-0.221435546875
11.943,308,307,1519,2691,-0.79296875,0.2181396484375,-0.2183837890625
11.951,308,306,1564,2823,-0.793212890625,0.2142333984375,-0.21533203125
11.965,307,308,1643,3064,-0.8162841796875,0.246826171875,-0.2264404296875
11.973,306,307,1681,3147,-0.8348388671875,0.2432861328125,-0.213623046875
11.981,307,305,1730,3147,-0.842041015625,0.17626953125,-0.1856689453125
12.004,307,306,1808,3147,-0.82666015625,0.0933837890625,-0.1627197265625
12.004,308,306,1955,3147,-0.7655029296875,0.0455322265625,-0.1207275390625
12.018,307,307,2104,3147,-0.65966796875,0.0732421875,-0.0859375
12.037,306,306,2362,3147,-0.5069580078125,0.1396484375,-0.096923828125
12.038,293,289,2490,3147,-0.3056640625,0.1820068359375,-0.146728515625
12.041,306,306,2673,3147,-0.104736328125,0.2093505859375,-0.212158203125
12.055,306,308,2944,3147,0.02197265625,0.231201171875,-0.2476806640625
12.068,306,306,3065,3147,-0.0162353515625,0.1448974609375,-0.162109375
12.071,306,308,3147,3147,-0.332275390625,-0.0518798828125,0.1541748046875
12.085,307,308,3147,3147,-0.7884521484375,-0.1181640625,0.559326171875
12.100,306,307,3147,3147,-1.140380859375,0.0753173828125,0.69677734375
12.101,308,306,3147,3147,-1.4798583984375,0.4378662109375,0.4539794921875
12.116,305,308,3147,3147,-1.94873046875,0.656494140625,0.107421875
12.136,307,306,3147,3147,-2.416259765625,0.53662109375,-0.135009765625
12.137,307,307,3147,3147,-2.6651611328125,0.319580078125,-0.3314208984375
12.145,306,308,3147,3147,-2.386962890625,0.144287109375,-0.6524658203125
12.153,306,305,3147,3147,-1.5645751953125,0.188232421875,-0.883056640625
12.161,306,306,3147,3147,-1.1983642578125,0.774658203125,-0.585693359375
12.175,306,304,3147,3147,-1.56884765625,1.054443359375,-0.1861572265625
12.183,306,306,3147,3147,-1.8087158203125,0.6365966796875,-0.1207275390625
12.191,306,306,3147,3147,-1.713134765625,0.3165283203125,-0.189453125
12.205,306,308,3147,3147,-1.515380859375,0.2489013671875,-0.1845703125
12.213,306,308,3092,3147,-1.3287353515625,0.2548828125,-0.05908203125
12.221,306,307,2970,3147,-1.1514892578125,0.2335205078125,0.0648193359375
12.240,306,306,2703,3147,-0.986083984375,0.263916015625,0.063232421875
12.243,306,306,2543,3147,-0.8770751953125,0.2696533203125,-0.056884765625
12.251,305,306,2382,3147,-0.783447265625,0.1402587890625,-0.14111328125
12.267,307,308,2080,3147,-0.6923828125,0.0411376953125,-0.14599609375
12.279,306,306,1870,3147,-0.635009765625,0.0498046875,-0.125732421875
12.281,306,306,1627,3147,-0.58740234375,0.1051025390625,-0.09814453125
12.295,306,308,1483,2530,-0.533935546875,0.0574951171875,-0.0928955078125
12.310,308,306,1453,2340,-0.5123291015625,-0.1104736328125,-0.1556396484375
12.311,308,306,1399,2178,-0.526123046875,-0.1917724609375,-0.2559814453125
12.325,308,307,1357,2053,-0.5537109375,-0.060791015625,-0.3011474609375
12.333,308,306,862,454,-0.6080322265625,0.1812744140625,-0.24853515625
12.347,308,306,1313,1934,-0.6787109375,0.3162841796875,-0.1136474609375
12.355,308,307,1316,1951,-0.7301025390625,0.27978515625,0.01025390625
12.364,308,308,1320,2001,-0.7369384765625,0.177001953125,0.051513671875
12.371,308,308,1323,2065,-0.729248046875,0.1456298828125,0.0194091796875
12.387,309,309,1336,2247,-0.7481689453125,0.20849609375,-0.039794921875
12.393,308,308,1352,2379,-0.7845458984375,0.28271484375,-0.0928955078125
12.410,308,308,1357,2502,-0.8046875,0.30078125,-0.1343994140625
12.417,308,308,1393,2736,-0.79638671875,0.257080078125,-0.1619873046875
12.437,307,306,1419,2912,-0.7620849609375,0.177490234375,-0.1717529296875
12.437,308,307,1469,3115,-0.71728515625,0.0965576171875,-0.149169921875
12.449,306,306,1533,3147,-0.716552734375,0.111328125,-0.114013671875
12.456,306,308,1564,3147,-0.7430419921875,0.2274169921875,-0.1201171875
12.462,306,306,1694,3147,-0.6949462890625,0.2872314453125,-0.132080078125
12.476,306,308,2041,3147,-0.5338134765625,0.20947265625,-0.11279296875
12.484,306,306,2249,3147,-0.2760009765625,0.0311279296875,-0.1390380859375
12.492,306,308,2464,3147,0.013671875,-0.1080322265625,-0.19873046875
12.509,304,307,2837,3147,0.175048828125,-0.0421142578125,-0.2025146484375
12.514,306,308,2959,3147,0.0540771484375,0.0694580078125,-0.1829833984375
12.522,306,306,3076,3147,-0.355224609375,-0.0230712890625,-0.0718994140625
12.536,307,308,3147,3147,-0.8980712890625,-0.12890625,0.198974609375
12.546,307,306,3147,3147,-1.4117431640625,0.056396484375,0.42236328125
12.552,305,307,3147,3147,-1.8192138671875,0.445068359375,0.4775390625
12.567,305,307,3147,3147,-2.0645751953125,0.6910400390625,0.4071044921875
12.574,306,306,3147,3147,-2.2366943359375,0.770751953125,0.1998291015625
12.582,307,307,3147,3147,-2.5308837890625,0.841552734375,-0.087646484375
12.623,305,307,3147,3147,-2.3697509765625,0.660888671875,-0.6639404296875
12.624,307,307,3147,3147,-1.590087890625,0.5836181640625,-1.1593017578125
12.624,305,304,3147,3147,-1.590087890625,0.5836181640625,-1.1593017578125
12.626,307,308,3147,3147,-1.6171875,0.641357421875,0.0975341796875
12.650,308,306,3147,3147,-1.8095703125,0.3165283203125,0.3629150390625
12.650,306,305,3147,3147,-1.8095703125,0.3165283203125,0.3629150390625
12.656,308,308,3147,3147,-1.4561767578125,0.2750244140625,-0.0870361328125
12.664,306,306,3147,3147,-1.2161865234375,0.234130859375,-0.1944580078125
12.672,306,307,3061,3147,-1.2161865234375,0.234130859375,-0.1944580078125
12.686,306,308,2875,3147,-0.79833984375,0.20703125,-0.166015625
12.694,306,306,2741,3147,-0.649658203125,0.2535400390625,-0.222900390625
12.705,307,308,2638,3147,-0.649658203125,0.2535400390625,-0.222900390625
12.716,306,306,2478,3147,-0.5904541015625,0.215087890625,-0.222900390625
12.724,306,306,2372,3147,-0.639892578125,0.2364501953125,-0.1416015625
12.732,305,306,2292,3147,-0.639892578125,0.2364501953125,-0.1416015625
12.746,306,306,2062,3147,-0.711181640625,0.17578125,-0.0506591796875
12.754,306,306,1943,3147,-0.7119140625,0.1031494140625,-0.0543212890625
12.762,306,308,1750,3147,-0.7119140625,0.1031494140625,-0.0543212890625
12.776,306,308,1585,3147,-0.703857421875,-0.080078125,-0.0850830078125
12.784,306,306,1557,3104,-0.748779296875,-0.0782470703125,-0.1072998046875
12.792,306,306,1506,2962,-0.748779296875,-0.0782470703125,-0.1072998046875
12.820,306,308,1471,2626,-0.8927001953125,0.20263671875,-0.1444091796875
12.821,307,307,1434,2502,-0.8941650390625,0.2620849609375,-0.119384765625
12.822,304,306,1411,2386,-0.8941650390625,0.2620849609375,-0.119384765625
12.836,305,306,1370,2296,-0.79833984375,0.2369384765625,-0.0755615234375
12.844,306,304,1343,2340,-0.79833984375,0.2369384765625,-0.0755615234375
12.856,308,306,1336,2384,-0.7347412109375,0.2430419921875,-0.0914306640625
12.882,308,308,1343,2481,-0.722412109375,0.2509765625,-0.15576171875
12.891,308,306,1365,2622,-0.722412109375,0.2509765625,-0.15576171875
12.895,308,306,1397,2759,-0.7489013671875,0.257080078125,-0.174072265625
12.898,308,308,1445,3025,-0.7410888671875,0.202392578125,-0.11962890625
12.920,306,306,1483,3147,-0.7410888671875,0.202392578125,-0.11962890625
12.927,306,308,1555,3147,-0.7213134765625,0.17919921875,-0.0792236328125
12.927,308,306,1678,3147,-0.7235107421875,0.192138671875,-0.0865478515625
12.942,306,308,1850,3147,-0.7235107421875,0.192138671875,-0.0865478515625
12.956,286,308,2048,3147,-0.6539306640625,0.1793212890625,-0.099609375
12.957,305,306,2370,3147,-0.31494140625,0.096435546875,-0.0491943359375
12.964,308,306,2538,3147,-0.31494140625,0.096435546875,-0.0491943359375
12.972,306,306,2713,3147,-0.127197265625,0.10791015625,-0.0523681640625
12.986,306,306,2959,3147,-0.031005859375,0.186279296875,0.0361328125
12.994,306,306,3035,3147,-0.031005859375,0.186279296875,0.0361328125
13.002,306,307,3147,3147,-0.4156494140625,0.1024169921875,0.1275634765625
13.031,306,308,3147,3147,-1.2191162109375,-0.0260009765625,0.225830078125
13.031,306,307,3147,3147,-1.2191162109375,-0.0260009765625,0.225830078125
13.032,306,306,3147,3147,-1.64111328125,0.25830078125,0.1778564453125
13.055,306,308,3147,3147,-2.020751953125,0.396240234375,0.2081298828125
13.058,306,307,3147,3147,-2.2110595703125,0.373779296875,0.2158203125
13.063,306,307,3147,3147,-2.254150390625,0.4993896484375,-0.019287109375
13.076,307,307,3147,3147,-2.11181640625,0.6644287109375,-0.4473876953125
13.084,306,306,3147,3147,-1.57421875,0.7254638671875,-0.9031982421875
13.092,306,307,3147,3147,-1.04736328125,0.8487548828125,-1.03857421875
13.106,306,307,3147,3147,-1.1270751953125,0.9339599609375,-0.6431884765625
13.114,306,304,3147,3147,-1.5919189453125,0.6898193359375,-0.1966552734375
13.145,306,307,3147,3147,-1.873779296875,0.3851318359375,-0.1529541015625
13.145,306,306,3147,3147,-1.7750244140625,0.263671875,-0.280029296875
13.145,304,307,3147,3147,-1.4735107421875,0.24951171875,-0.26611328125
13.165,306,308,3080,3147,-1.1917724609375,0.240966796875,-0.140869140625
13.166,291,308,2859,3147,-1.01806640625,0.18359375,-0.0047607421875
13.175,306,307,2691,3147,-0.904296875,0.1876220703125,0.0655517578125
13.182,306,306,2519,3147,-0.8121337890625,0.275146484375,0.0084228515625
13.196,308,307,2275,3147,-0.7470703125,0.3009033203125,-0.1187744140625
13.204,306,306,2122,3147,-0.705810546875,0.2762451171875,-0.2017822265625
13.212,308,307,1966,3147,-0.6971435546875,0.2467041015625,-0.2288818359375
13.227,307,307,1735,3147,-0.7100830078125,0.195556640625,-0.2230224609375
13.259,306,306,1686,3147,-0.7149658203125,0.1302490234375,-0.219482421875
13.259,306,306,1598,3147,-0.6846923828125,0.0625,-0.226806640625
13.260,306,292,1501,3010,-0.6279296875,-0.0185546875,-0.20751953125
13.264,307,307,1529,2925,-0.554931640625,-0.093994140625,-0.164306640625
13.272,307,308,1494,2874,-0.50439453125,-0.0592041015625,-0.1168212890625
13.286,307,308,1497,2851,-0.5528564453125,0.17578125,-0.085205078125
13.294,306,308,1492,2854,-0.658447265625,0.4188232421875,-0.083251953125
13.302,307,308,1504,2886,-0.727783203125,0.4403076171875,-0.0557861328125
13.316,308,308,1519,2984,-0.7481689453125,0.275390625,-0.0042724609375
13.330,306,308,1543,3070,-0.76611328125,0.11083984375,0.00146484375
13.332,305,306,1555,3147,-0.7996826171875,0.0955810546875,-0.0379638671875
13.361,306,308,1580,3147,-0.825927734375,0.201904296875,-0.090087890625
13.365,306,306,1610,3147,-0.830810546875,0.3060302734375,-0.1141357421875
13.366,304,306,1652,3147,-0.8133544921875,0.3243408203125,-0.1065673828125
13.376,306,308,1742,3147,-0.7841796875,0.271240234375,-0.097412109375
13.384,306,307,1819,3147,-0.7569580078125,0.2039794921875,-0.0899658203125
13.392,306,305,2008,3147,-0.732177734375,0.164794921875,-0.0740966796875
13.406,307,306,2188,3147,-0.700927734375,0.1826171875,-0.0816650390625
13.414,308,306,2330,3147,-0.635986328125,0.2388916015625,-0.118896484375
13.422,306,308,2468,3147,-0.49658203125,0.2296142578125,-0.179443359375
13.436,306,306,2753,3147,-0.2755126953125,0.0352783203125,-0.258056640625
13.472,306,305,2901,3147,-0.0692138671875,-0.248046875,-0.3133544921875
13.473,306,289,3039,3147,-0.0068359375,-0.3175048828125,-0.34423828125
13.473,306,306,3147,3147,-0.1617431640625,-0.116943359375,-0.2325439453125
13.474,296,306,3147,3147,-0.568115234375,0.22119140625,0.1221923828125
13.482,308,308,3147,3147,-1.112060546875,0.572021484375,0.4871826171875
13.496,306,306,3147,3147,-1.59912109375,0.8170166015625,0.6417236328125
13.504,306,307,3147,3147,-1.89697265625,0.7064208984375,0.5987548828125
13.512,308,307,3147,3147,-2.024169921875,0.3851318359375,0.384521484375
13.526,306,308,3147,3147,-2.1187744140625,0.2740478515625,0.0439453125
13.534,306,306,3147,3147,-2.143310546875,0.3272705078125,-0.3702392578125
13.542,307,308,3147,3147,-1.8057861328125,0.371826171875,-0.9146728515625
13.572,308,306,3147,3147,-1.362060546875,0.6365966796875,-1.2183837890625
13.572,306,305,3147,3147,-1.3900146484375,0.9776611328125,-0.7794189453125
13.573,289,305,3147,3147,-1.660888671875,0.8843994140625,-0.1295166015625
13.581,306,307,3147,3147,-1.7105712890625,0.5938720703125,0.05224609375
13.595,304,307,3147,3147,-1.5272216796875,0.40869140625,-0.064453125
13.603,306,306,3147,3147,-1.249267578125,0.2764892578125,-0.1224365234375
13.611,305,305,3104,3147,-0.9595947265625,0.11572265625,-0.047119140625
13.625,306,306,2993,3147,-0.7724609375,0.015869140625,0.076904296875
13.636,306,306,2928,3147,-0.7393798828125,0.0885009765625,0.14306640625
13.641,306,307,2833,3147,-0.7393798828125,0.0885009765625,0.14306640625
13.673,306,308,2636,3147,-0.7828369140625,0.189453125,0.056884765625
13.677,307,306,2507,3147,-0.7607421875,0.146240234375,-0.0084228515625
13.679,307,290,2361,3147,-0.7607421875,0.146240234375,-0.0084228515625
13.685,306,307,2188,3147,-0.79443359375,0.2408447265625,-0.15478515625
13.693,305,306,2065,3147,-0.8203125,0.2454833984375,-0.181640625
13.701,308,304,1905,3147,-0.8203125,0.2454833984375,-0.181640625
13.715,305,308,1662,3147,-0.8800048828125,0.171875,-0.263671875
13.723,307,305,1546,3147,-0.849853515625,0.1871337890625,-0.286865234375
13.738,306,306,1497,3147,-0.849853515625,0.1871337890625,-0.286865234375
13.745,306,308,1434,3147,-0.7344970703125,0.2099609375,-0.3280029296875
13.753,306,305,1424,3147,-0.6541748046875,0.2431640625,-0.3289794921875
13.778,306,306,1399,3028,-0.6541748046875,0.2431640625,-0.3289794921875
13.781,307,307,1393,2881,-0.7117919921875,0.234130859375,-0.21826171875
13.783,308,306,1387,2847,-0.795166015625,0.2340087890625,-0.13330078125
13.791,308,306,1422,2840,-0.795166015625,0.2340087890625,-0.13330078125
13.806,308,308,1435,2882,-0.8006591796875,0.174560546875,0.0440673828125
13.813,305,307,1454,2955,-0.7611083984375,0.1248779296875,0.0718994140625
13.821,306,307,1456,3028,-0.7611083984375,0.1248779296875,0.0718994140625
13.842,307,308,1500,3147,-0.7196044921875,0.166015625,-0.0277099609375
13.843,281,291,1516,3147,-0.7054443359375,0.2275390625,-0.0782470703125
13.851,306,307,1560,3147,-0.7054443359375,0.2275390625,-0.0782470703125
13.883,307,307,1718,3147,-0.6195068359375,0.224365234375,-0.117919921875
13.884,306,306,1882,3147,-0.6195068359375,0.224365234375,-0.117919921875
13.884,306,308,2021,3147,-0.5211181640625,0.182861328125,-0.1192626953125
13.895,306,307,2306,3147,-0.293212890625,0.15234375,-0.1422119140625
13.903,306,306,2386,3147,-0.293212890625,0.15234375,-0.1422119140625
13.911,307,308,2590,3147,-0.1336669921875,0.1339111328125,-0.178955078125
13.925,306,306,2877,3147,-0.1280517578125,0.1536865234375,-0.2022705078125
13.933,308,307,3025,3147,-0.1280517578125,0.1536865234375,-0.2022705078125
13.943,306,307,3147,3147,-0.4273681640625,0.0240478515625,-0.1593017578125
13.955,306,306,3147,3147,-1.2303466796875,0.3546142578125,0.1197509765625
13.969,306,308,3147,3147,-1.2303466796875,0.3546142578125,0.1197509765625
13.975,308,308,3147,3147,-1.6805419921875,0.769775390625,0.2012939453125
13.985,306,308,3147,3147,-2.2611083984375,0.518798828125,0.333984375
13.993,306,307,3147,3147,-2.2611083984375,0.518798828125,0.333984375
14.001,305,308,3147,3147,-2.28857421875,0.3270263671875,0.150634765625
14.015,306,308,3147,3147,-1.5751953125,0.3157958984375,-0.6976318359375
14.023,306,308,3147,3147,-1.5751953125,0.3157958984375,-0.6976318359375
14.031,306,306,3147,3147,-1.2542724609375,0.48828125,-0.61572265625
14.046,306,307,3147,3147,-1.817138671875,0.5087890625,0.2152099609375
14.053,306,307,3147,3147,-1.817138671875,0.5087890625,0.2152099609375
14.061,306,306,3147,3147,-1.7425537109375,0.4410400390625,0.1256103515625
14.091,306,308,2978,3147,-1.4903564453125,0.4415283203125,-0.068603515625
14.092,307,308,2840,3147,-1.2681884765625,0.42529296875,-0.171630859375
14.092,306,306,2684,3147,-1.0869140625,0.3026123046875,-0.160400390625
14.105,306,308,2432,3147,-0.9268798828125,0.207763671875,-0.1319580078125
14.113,306,308,2330,3147,-0.824462890625,0.2457275390625,-0.16650390625
14.121,307,304,2205,3147,-0.7587890625,0.2353515625,-0.228271484375
14.135,306,308,1948,3147,-0.7117919921875,0.1968994140625,-0.2418212890625
14.151,306,306,1769,3147,-0.6915283203125,0.216796875,-0.201416015625
14.151,306,308,1640,3147,-0.66943359375,0.2037353515625,-0.1329345703125
14.165,306,310,1485,3147,-0.6392822265625,0.119873046875,-0.091552734375
14.185,307,306,1447,3147,-0.6007080078125,0.02587890625,-0.0904541015625
14.185,289,306,1437,3147,-0.5616455078125,-0.065185546875,-0.127197265625
14.199,306,306,1419,3147,-0.54296875,-0.1068115234375,-0.1865234375
14.203,306,306,1400,3147,-0.57177734375,0.0,-0.1951904296875
14.211,308,306,1400,3147,-0.647216796875,0.227294921875,-0.1435546875
14.225,308,308,1413,3147,-0.69580078125,0.36572265625,-0.066162109375
14.233,306,307,1424,3147,-0.6881103515625,0.305908203125,0.02197265625
14.241,304,306,1437,3147,-0.68798828125,0.17578125,0.0809326171875
14.257,306,306,1468,3147,-0.72607421875,0.1083984375,0.0897216796875
14.266,306,307,1497,3147,-0.7662353515625,0.14599609375,0.0625
14.287,307,306,1527,3147,-0.7996826171875,0.2359619140625,0.017822265625
14.287,291,306,1557,3147,-0.8348388671875,0.3050537109375,-0.025146484375
14.293,306,306,1582,3147,-0.8515625,0.3199462890625,-0.0648193359375
14.303,306,306,1592,3147,-0.8486328125,0.2880859375,-0.112060546875
14.316,306,306,1665,3147,-0.83203125,0.2288818359375,-0.156982421875
14.323,306,306,1715,3147,-0.791259765625,0.15380859375,-0.180908203125
14.331,306,306,1854,3147,-0.726806640625,0.1116943359375,-0.179443359375
14.345,306,307,2113,3147,-0.6351318359375,0.132080078125,-0.165283203125
14.353,307,307,2293,3147,-0.5321044921875,0.1435546875,-0.18017578125
14.361,306,304,2447,3147,-0.4713134765625,0.074951171875,-0.2735595703125
14.375,307,307,2713,3147,-0.4169921875,-0.0234375,-0.4036865234375
14.383,305,306,2869,3147,-0.2969970703125,-0.0791015625,-0.429931640625
14.396,306,308,3014,3147,-0.1859130859375,-0.0667724609375,-0.22265625
14.409,306,308,3147,3147,-0.2939453125,0.1900634765625,0.1400146484375
14.413,305,308,3147,3147,-0.7071533203125,0.5440673828125,0.4610595703125
14.421,306,308,3147,3147,-1.2877197265625,0.6998291015625,0.6416015625
14.435,306,308,3147,3147,-1.815673828125,0.53759765625,0.655517578125
14.443,306,306,3147,3147,-2.1156005859375,0.259033203125,0.4923095703125
14.456,304,307,3147,3147,-2.2294921875,0.2528076171875,0.1285400390625
14.465,306,307,3147,3147,-2.2117919921875,0.43359375,-0.3057861328125
14.473,306,306,3147,3147,-1.8375244140625,0.478271484375,-0.7425537109375
14.484,306,306,3147,3147,-1.3692626953125,0.5589599609375,-0.8819580078125
14.495,304,307,3147,3147,-1.361572265625,0.7789306640625,-0.44140625
14.504,306,306,3147,3147,-1.5694580078125,0.724853515625,0.0164794921875
14.518,306,308,3147,3147,-1.5936279296875,0.475341796875,0.07568359375
14.526,304,307,3147,3147,-1.463134765625,0.3162841796875,-0.0369873046875
14.533,306,308,3147,3147,-1.2713623046875,0.2603759765625,-0.078857421875
14.541,306,306,3094,3147,-1.0621337890625,0.1773681640625,-0.033203125
14.558,304,307,2938,3147,-0.912109375,0.0716552734375,0.0340576171875
14.563,306,306,2807,3147,-0.8427734375,0.07666015625,0.0736083984375
14.599,307,306,2671,3147,-0.8094482421875,0.1737060546875,0.0379638671875
14.599,306,308,2486,3147,-0.7720947265625,0.2574462890625,-0.0301513671875
14.599,306,306,2364,3147,-0.750732421875,0.2969970703125,-0.08349609375
14.602,306,306,2284,3147,-0.7733154296875,0.307373046875,-0.128662109375
14.615,308,306,2104,3147,-0.8221435546875,0.263427734375,-0.1512451171875
14.625,306,306,1952,3147,-0.8804931640625,0.165283203125,-0.13623046875
14.631,306,305,1820,3147,-0.9158935546875,0.0604248046875,-0.127685546875
14.645,306,306,1659,3147,-0.91943359375,0.0135498046875,-0.1746826171875
14.660,306,306,1574,3147,-0.90234375,0.06005859375,-0.2220458984375
14.662,307,308,1470,3147,-0.871826171875,0.1339111328125,-0.2296142578125
14.676,313,307,1452,3147,-0.821044921875,0.171875,-0.2347412109375
14.686,306,307,1424,3147,-0.740478515625,0.184326171875,-0.2476806640625
14.698,306,305,1424,3147,-0.6712646484375,0.1951904296875,-0.2530517578125
14.708,306,308,1393,3113,-0.6610107421875,0.21826171875,-0.236328125
14.714,307,307,1387,3056,-0.6806640625,0.2470703125,-0.18896484375
14.721,308,306,1390,3098,-0.6785888671875,0.2266845703125,-0.1190185546875
14.735,307,308,1409,3147,-0.6856689453125,0.208984375,-0.0389404296875
14.743,306,306,1422,3147,-0.7216796875,0.2421875,0.0345458984375
14.751,306,306,1440,3147,-0.759521484375,0.2388916015625,0.0648193359375
14.765,307,306,1500,3147,-0.7955322265625,0.204345703125,0.0384521484375
14.773,306,306,1516,3147,-0.8223876953125,0.16748046875,-0.005615234375
14.791,306,306,1536,3147,-0.8223876953125,0.16748046875,-0.005615234375
14.795,306,307,1580,3147,-0.7364501953125,0.095703125,-0.0703125
14.803,306,306,1700,3147,-0.6185302734375,0.10791015625,-0.0855712890625
14.811,306,306,1837,3147,-0.6185302734375,0.10791015625,-0.0855712890625
14.825,306,307,2253,3147,-0.282470703125,0.167724609375,-0.1146240234375
14.835,308,306,2461,3147,-0.151611328125,0.2236328125,-0.155517578125
14.841,306,306,2697,3147,-0.151611328125,0.2236328125,-0.155517578125
14.855,306,307,3003,3147,-0.09912109375,0.0421142578125,-0.2850341796875
14.865,306,305,3111,3147,-0.27978515625,-0.3546142578125,-0.2650146484375
14.872,306,307,3147,3147,-0.27978515625,-0.3546142578125,-0.2650146484375
14.885,307,308,3147,3147,-0.956787109375,-0.006591796875,0.384521484375
14.906,304,307,3147,3147,-1.4259033203125,0.66943359375,0.5430908203125
14.908,306,306,3147,3147,-1.4259033203125,0.66943359375,0.5430908203125
14.915,306,307,3147,3147,-2.22509765625,0.5140380859375,0.4818115234375
14.923,306,306,3147,3147,-2.373046875,0.3990478515625,0.1463623046875
14.932,306,306,3147,3147,-2.373046875,0.3990478515625,0.1463623046875
14.945,305,307,3147,3147,-1.819091796875,0.5467529296875,-0.8145751953125
14.953,306,306,3147,3147,-1.374755859375,0.6253662109375,-0.847412109375
14.969,306,306,3147,3147,-1.374755859375,0.6253662109375,-0.847412109375
14.975,306,306,3147,3147,-1.6595458984375,0.6473388671875,0.008544921875
15.000,306,307,3147,3147,-1.5853271484375,0.4344482421875,0.00439453125
15.006,307,308,3147,3147,-1.5853271484375,0.4344482421875,0.00439453125
15.007,306,308,3147,3147,-1.354736328125,0.21826171875,-0.1455078125
15.013,306,308,3147,3147,-1.354736328125,0.21826171875,-0.1455078125
15.021,306,308,3114,3147,-1.2406005859375,0.1746826171875,-0.09326171875
15.035,306,306,2916,3147,-0.9036865234375,0.197021484375,0.0601806640625
15.053,305,307,2749,3147,-0.9036865234375,0.197021484375,0.0601806640625
15.053,306,306,2568,3147,-0.7686767578125,0.299560546875,-0.012939453125
15.070,308,308,2367,3147,-0.66943359375,0.262939453125,-0.23193359375
15.073,306,308,2261,3147,-0.66943359375,0.262939453125,-0.23193359375
15.081,307,306,2135,3147,-0.674560546875,0.1949462890625,-0.2540283203125
15.108,306,308,1904,3147,-0.7286376953125,0.078369140625,-0.1724853515625
15.108,306,308,1746,3147,-0.7286376953125,0.078369140625,-0.1724853515625
15.112,306,308,1616,3147,-0.7275390625,0.016845703125,-0.1141357421875
15.127,307,307,1506,3147,-0.6781005859375,-0.136474609375,-0.125732421875
15.134,306,304,1474,3147,-0.6781005859375,-0.136474609375,-0.125732421875
15.142,308,306,1456,3055,-0.6595458984375,-0.057373046875,-0.1041259765625
15.207,306,308,1429,2837,-0.7021484375,0.402099609375,-0.006591796875
15.208,307,305,1398,2798,-0.7021484375,0.402099609375,-0.006591796875
15.208,306,308,1382,2797,-0.7100830078125,0.412841796875,0.0440673828125
15.208,308,309,1357,2866,-0.75048828125,0.16015625,-0.0382080078125
15.208,307,307,1365,2936,-0.75048828125,0.16015625,-0.0382080078125
15.213,307,308,1386,3032,-0.773193359375,0.1431884765625,-0.1044921875
15.218,306,306,1416,3147,-0.77197265625,0.239501953125,-0.1170654296875
15.224,306,304,1441,3147,-0.77197265625,0.239501953125,-0.1170654296875
15.232,306,308,1472,3147,-0.7567138671875,0.234619140625,-0.1170654296875
15.246,306,308,1580,3147,-0.7342529296875,0.1680908203125,-0.11376953125
15.261,306,306,1636,3147,-0.7342529296875,0.1680908203125,-0.11376953125
15.262,306,306,1796,3147,-0.662353515625,0.1593017578125,-0.114990234375
15.277,304,308,2156,3147,-0.38134765625,0.1168212890625,-0.0589599609375
15.284,307,306,2347,3147,-0.38134765625,0.1168212890625,-0.0589599609375
15.305,306,308,2552,3147,-0.1807861328125,0.0106201171875,-0.048828125
15.312,306,294,3015,3147,0.043212890625,-0.0948486328125,-0.010009765625
15.315,306,306,3147,3147,0.043212890625,-0.0948486328125,-0.010009765625
15.322,306,308,3147,3147,-0.083984375,-0.19873046875,0.08349609375
15.336,306,308,3147,3147,-0.3447265625,-0.250732421875,0.3109130859375
15.344,306,306,3147,3147,-0.7423095703125,0.0509033203125,0.529541015625
15.352,307,306,3147,3147,-1.3023681640625,0.6956787109375,0.4683837890625
15.368,305,306,3147,3147,-1.9229736328125,0.899169921875,0.2230224609375
15.385,306,306,3147,3147,-2.3653564453125,0.525634765625,-0.0426025390625
15.386,306,307,3147,3147,-2.5684814453125,0.2890625,-0.3197021484375
15.396,306,308,3147,3147,-2.630126953125,0.337646484375,-0.5828857421875
15.404,306,306,3147,3147,-2.1278076171875,0.362548828125,-0.9830322265625
15.419,306,306,3147,3147,-1.3216552734375,0.6434326171875,-1.123779296875
15.426,308,306,3147,3147,-1.24267578125,1.1485595703125,-0.6158447265625
15.434,308,307,3147,3147,-1.631591796875,1.02734375,-0.0867919921875
15.442,306,308,3147,3147,-1.772216796875,0.4256591796875,-0.01708984375
15.456,305,308,3147,3147,-1.6287841796875,0.1016845703125,-0.1568603515625
15.464,307,306,3147,3147,-1.4075927734375,0.1923828125,-0.21630859375
15.485,306,306,3095,3147,-1.196044921875,0.3043212890625,-0.1658935546875
15.486,306,308,2930,3147,-0.995361328125,0.2120361328125,-0.0584716796875
15.509,306,306,2801,3147,-0.8363037109375,0.0234375,0.0499267578125
15.509,282,306,2632,3147,-0.743408203125,-0.0113525390625,0.07470703125
15.516,306,306,2478,3147,-0.6885986328125,0.1158447265625,0.009033203125
15.524,307,306,2375,3147,-0.6500244140625,0.1993408203125,-0.084716796875
15.532,306,308,2284,3147,-0.648681640625,0.224853515625,-0.1707763671875
15.546,306,306,2093,3147,-0.6795654296875,0.22607421875,-0.2088623046875
15.554,306,306,1971,3147,-0.7237548828125,0.2042236328125,-0.2161865234375
15.562,306,308,1806,3147,-0.7742919921875,0.1805419921875,-0.2213134765625
15.589,306,307,1547,3147,-0.809326171875,0.1431884765625,-0.2061767578125
15.590,292,291,1437,3147,-0.8087158203125,0.083251953125,-0.186767578125
15.593,307,308,1398,3147,-0.755859375,0.074951171875,-0.195068359375
15.613,306,308,1383,3066,-0.670654296875,0.1148681640625,-0.2010498046875
15.614,291,310,1351,2869,-0.6492919921875,0.173095703125,-0.18505859375
15.622,308,306,1351,2737,-0.7069091796875,0.2376708984375,-0.156982421875
15.636,306,308,1353,2703,-0.738525390625,0.248046875,-0.1055908203125
15.644,308,306,1369,2787,-0.6988525390625,0.2010498046875,-0.03857421875
15.652,306,306,1370,2910,-0.6353759765625,0.147216796875,0.013427734375
15.666,307,307,1427,3147,-0.614013671875,0.13818359375,0.0218505859375
15.674,306,307,1447,3147,-0.6427001953125,0.17041015625,-0.0150146484375
15.694,306,307,1470,3147,-0.6978759765625,0.2001953125,-0.0618896484375
15.701,305,308,1552,3147,-0.7545166015625,0.223876953125,-0.078369140625
15.724,307,307,1640,3147,-0.746826171875,0.2249755859375,-0.061279296875
15.724,292,292,1792,3147,-0.6595458984375,0.194091796875,-0.0379638671875
15.726,306,306,2137,3147,-0.5679931640625,0.1673583984375,-0.0010986328125
15.734,307,307,2268,3147,-0.52099609375,0.1513671875,0.0380859375
15.742,306,306,2424,3147,-0.4801025390625,0.1513671875,0.045166015625
15.756,306,306,2695,3147,-0.461181640625,0.11865234375,0.0052490234375
15.764,307,306,2840,3147,-0.5045166015625,-0.0338134765625,-0.1376953125
15.772,306,308,3000,3147,-0.4808349609375,-0.2618408203125,-0.3226318359375
15.793,306,306,3147,3147,-0.40478515625,-0.4132080078125,-0.367919921875
15.794,306,306,3147,3147,-0.531494140625,-0.197021484375,-0.23095703125
15.812,306,307,3147,3147,-0.92822265625,0.4136962890625,-0.041015625
15.816,306,308,3147,3147,-1.39892578125,0.9466552734375,0.08544921875
15.824,306,308,3147,3147,-1.750732421875,0.8441162109375,0.24169921875
15.834,306,306,3147,3147,-1.927001953125,0.3251953125,0.3514404296875
15.846,306,307,3147,3147,-2.0224609375,0.1416015625,0.2147216796875
15.854,306,304,3147,3147,-2.11376953125,0.3865966796875,-0.124755859375
15.862,306,308,3147,3147,-1.8883056640625,0.567626953125,-0.6209716796875
15.876,306,306,3147,3147,-1.3319091796875,0.6767578125,-0.9200439453125
15.891,307,305,3147,3147,-1.1746826171875,0.9375,-0.674560546875
15.900,306,299,3147,3147,-1.5091552734375,0.8704833984375,-0.25830078125
15.911,306,308,3147,3147,-1.772705078125,0.4385986328125,-0.1124267578125
15.914,306,308,3147,3147,-1.7562255859375,0.1668701171875,-0.16552734375
15.934,306,308,3147,3147,-1.5191650390625,0.1002197265625,-0.188720703125
15.934,306,307,3147,3147,-1.5191650390625,0.1002197265625,-0.188720703125
15.946,306,307,3104,3147,-1.025390625,0.1763916015625,-0.03271484375
15.952,306,308,2962,3147,-0.9022216796875,0.22412109375,0.04345703125
15.966,306,308,2750,3147,-0.789306640625,0.2698974609375,-0.005615234375
15.974,306,306,2619,3147,-0.6943359375,0.3179931640625,-0.1768798828125
15.982,307,308,2534,3147,-0.66357421875,0.28857421875,-0.325927734375
15.996,306,308,2356,3147,-0.70166015625,0.221923828125,-0.373046875
16.024,306,306,2280,3147,-0.73681640625,0.1611328125,-0.3138427734375
16.024,305,293,2180,3147,-0.73681640625,0.1611328125,-0.3138427734375
16.024,306,292,2005,3147,-0.729736328125,0.1051025390625,-0.2161865234375
16.035,306,307,1773,3147,-0.6795654296875,0.049560546875,-0.1171875
16.043,306,306,1678,3147,-0.64453125,0.026611328125,-0.158447265625
16.051,306,308,1596,3147,-0.64453125,0.026611328125,-0.158447265625
16.065,308,307,1521,3143,-0.6575927734375,0.089599609375,-0.122314453125
16.073,306,304,1494,2951,-0.7100830078125,0.2044677734375,-0.0474853515625
16.081,306,307,1469,2842,-0.7100830078125,0.2044677734375,-0.0474853515625
16.095,308,308,1462,2797,-0.7669677734375,0.3658447265625,0.0257568359375
16.104,308,306,1474,2867,-0.76123046875,0.2786865234375,-0.0087890625
16.114,306,306,1468,2978,-0.76123046875,0.2786865234375,-0.0087890625
16.132,306,308,1478,3147,-0.788818359375,0.104248046875,-0.1702880859375
16.134,308,306,1499,3147,-0.801513671875,0.1055908203125,-0.2135009765625
16.142,306,308,1508,3147,-0.801513671875,0.1055908203125,-0.2135009765625
16.156,306,306,1529,3147,-0.8121337890625,0.207763671875,-0.1651611328125
16.164,306,306,1545,3147,-0.80322265625,0.259033203125,-0.14208984375
16.172,308,306,1580,3147,-0.80322265625,0.259033203125,-0.14208984375
16.186,306,307,1773,3147,-0.7459716796875,0.2474365234375,-0.14404296875
16.196,308,306,1969,3147,-0.6966552734375,0.224853515625,-0.140380859375
16.202,307,308,2118,3147,-0.6966552734375,0.224853515625,-0.140380859375
16.220,307,307,2306,3147,-0.6015625,0.1641845703125,-0.03466796875
16.239,307,306,2447,3147,-0.4869384765625,0.16943359375,-0.013671875
16.239,306,306,2579,3147,-0.4869384765625,0.16943359375,-0.013671875
16.246,306,307,2847,3147,-0.334228515625,0.1246337890625,-0.1392822265625
16.254,306,306,2958,3147,-0.334228515625,0.1246337890625,-0.1392822265625
16.262,306,306,3048,3147,-0.310302734375,-0.0704345703125,-0.35888671875
16.276,306,306,3147,3147,-0.684814453125,-0.205078125,-0.2783203125
16.284,306,306,3147,3147,-0.684814453125,-0.205078125,-0.2783203125
16.300,306,308,3147,3147,-1.107177734375,0.18798828125,-0.0076904296875
16.306,307,308,3147,3147,-1.765625,0.7767333984375,0.1220703125
16.318,306,308,3147,3147,-1.765625,0.7767333984375,0.1220703125
16.326,306,307,3147,3147,-1.9249267578125,0.5421142578125,0.1065673828125
16.345,307,306,3147,3147,-2.1201171875,0.3477783203125,-0.130615234375
16.345,283,306,3147,3147,-2.1201171875,0.3477783203125,-0.130615234375
16.353,306,306,3147,3147,-1.7322998046875,0.3270263671875,-0.489501953125
16.366,306,307,3147,3147,-1.177490234375,0.7958984375,-0.5594482421875
16.375,306,306,3147,3147,-1.177490234375,0.7958984375,-0.5594482421875
16.383,307,308,3147,3147,-1.5404052734375,0.718505859375,-0.249267578125
16.407,306,306,3147,3147,-1.583984375,0.1878662109375,-0.0958251953125
16.407,306,305,3147,3147,-1.583984375,0.1878662109375,-0.0958251953125
16.412,306,306,3147,3147,-1.3179931640625,0.2115478515625,-0.032470703125
16.439,305,307,3046,3147,-1.0103759765625,0.27490234375,0.0450439453125
16.439,307,306,2941,3147,-1.0103759765625,0.27490234375,0.0450439453125
16.442,306,306,2840,3147,-0.983642578125,0.28173828125,0.00244140625
16.456,306,308,2579,3147,-0.9674072265625,0.2188720703125,-0.063232421875
16.464,306,306,2444,3147,-0.920654296875,0.09912109375,-0.1287841796875
16.472,307,306,2333,3147,-0.8621826171875,0.0628662109375,-0.2071533203125
16.486,305,308,2075,3147,-0.818603515625,0.1124267578125,-0.3017578125
16.494,306,304,1914,3147,-0.799072265625,0.180908203125,-0.376708984375
16.510,306,308,1750,3147,-0.790771484375,0.23193359375,-0.385009765625
16.516,306,306,1582,3147,-0.76025390625,0.219970703125,-0.3511962890625
16.543,306,305,1544,2930,-0.6630859375,0.12255859375,-0.35205078125
16.544,308,291,1487,2516,-0.52783203125,0.034912109375,-0.332763671875
16.546,308,294,1452,1878,-0.4781494140625,0.09033203125,-0.22265625
16.554,308,306,1445,1826,-0.53466796875,0.2430419921875,-0.0816650390625
16.562,308,308,1409,1850,-0.6170654296875,0.3714599609375,0.035888671875
16.576,307,308,1388,1925,-0.6771240234375,0.405517578125,0.1170654296875
16.584,306,306,1399,2021,-0.6983642578125,0.301513671875,0.1219482421875
16.593,306,307,1390,2161,-0.705810546875,0.164306640625,0.0467529296875
16.606,308,308,1412,2489,-0.7314453125,0.1312255859375,-0.0443115234375
16.614,306,306,1427,2671,-0.764404296875,0.1766357421875,-0.099609375
16.630,306,308,1454,2877,-0.770751953125,0.2132568359375,-0.1318359375
16.636,308,308,1488,3147,-0.740478515625,0.206787109375,-0.1402587890625
16.645,306,307,1561,3147,-0.7076416015625,0.1641845703125,-0.1221923828125
16.653,306,306,1600,3147,-0.6904296875,0.15576171875,-0.1400146484375
16.666,306,308,1895,3147,-0.6475830078125,0.1893310546875,-0.1922607421875
16.674,306,306,2122,3147,-0.5364990234375,0.2076416015625,-0.1868896484375
16.683,307,306,2296,3147,-0.349365234375,0.2021484375,-0.1497802734375
16.696,306,308,2612,3147,-0.114990234375,0.130859375,-0.1644287109375
16.708,306,308,2820,3147,0.1046142578125,0.0384521484375,-0.1929931640625
16.712,306,308,2988,3147,0.1876220703125,0.0089111328125,-0.204345703125
16.726,306,307,3147,3147,-0.1014404296875,-0.0970458984375,-0.060546875
16.753,306,306,3147,3147,-0.7254638671875,-0.291015625,0.2923583984375
16.753,307,299,3147,3147,-1.3018798828125,-0.2288818359375,0.5379638671875
16.756,306,308,3147,3147,-1.7254638671875,0.284423828125,0.47998046875
16.764,306,308,3147,3147,-2.0943603515625,0.631103515625,0.285400390625
16.772,306,308,3147,3147,-2.304931640625,0.5311279296875,0.1195068359375
16.786,306,306,3147,3147,-2.359130859375,0.4798583984375,-0.0916748046875
16.794,306,307,3147,3147,-2.2325439453125,0.621826171875,-0.4832763671875
16.802,308,307,3147,3147,-1.662353515625,0.7647705078125,-0.88720703125
16.816,304,308,3147,3147,-1.19482421875,1.029296875,-0.8160400390625
16.828,307,306,3147,3147,-1.432861328125,1.108154296875,-0.372314453125
16.851,306,306,3147,3147,-1.8243408203125,0.7239990234375,-0.2113037109375
16.859,306,308,3147,3147,-1.8482666015625,0.438720703125,-0.34619140625
16.859,306,308,3147,3147,-1.5576171875,0.3697509765625,-0.3717041015625
16.862,306,306,3147,3147,-1.176025390625,0.3077392578125,-0.2255859375
16.876,308,307,3065,3147,-0.89208984375,0.1805419921875,-0.0809326171875
16.884,306,306,2945,3147,-0.7352294921875,0.1102294921875,-0.02587890625
16.892,306,306,2830,3147,-0.680908203125,0.17724609375,-0.061279296875
16.915,307,308,2647,3147,-0.6876220703125,0.2166748046875,-0.1104736328125
16.916,308,292,2535,3147,-0.6951904296875,0.18701171875,-0.0845947265625
16.922,307,307,2437,3147,-0.7061767578125,0.19970703125,-0.0360107421875
16.943,306,307,2229,3147,-0.72119140625,0.2301025390625,-0.0355224609375
16.945,306,306,2068,3147,-0.7391357421875,0.2186279296875,-0.06787109375
16.967,306,310,1882,3147,-0.7725830078125,0.190185546875,-0.115966796875
16.968,306,308,1800,3147,-0.8048095703125,0.1724853515625,-0.1793212890625
16.975,306,306,1559,3147,-0.82373046875,0.103759765625,-0.2298583984375
16.984,305,306,1519,3147,-0.835693359375,-0.0169677734375,-0.2486572265625
16.991,307,306,1504,3147,-0.837158203125,-0.060302734375,-0.2545166015625
17.005,307,308,1469,3147,-0.8193359375,0.0406494140625,-0.2413330078125
17.018,306,306,1434,3048,-0.7801513671875,0.189453125,-0.1898193359375
17.021,306,306,1390,2897,-0.728515625,0.28759765625,-0.11962890625
17.036,308,308,1373,2760,-0.690185546875,0.3267822265625,-0.070068359375
17.054,305,306,1361,2797,-0.6893310546875,0.2977294921875,-0.0677490234375
17.054,306,306,1326,2828,-0.6893310546875,0.2977294921875,-0.0677490234375
17.065,306,308,1323,2959,-0.757568359375,0.2412109375,-0.10498046875
17.073,308,306,1348,3072,-0.7738037109375,0.2308349609375,-0.0994873046875
17.081,306,307,1361,3147,-0.7738037109375,0.2308349609375,-0.0994873046875
17.095,306,308,1427,3147,-0.758544921875,0.233154296875,-0.1082763671875
17.103,305,306,1464,3147,-0.736572265625,0.197265625,-0.138427734375
17.121,306,307,1504,3147,-0.736572265625,0.197265625,-0.138427734375
17.125,307,308,1584,3147,-0.728759765625,0.1295166015625,-0.1300048828125
17.141,306,306,1665,3147,-0.6865234375,0.1502685546875,-0.1024169921875
17.142,292,306,1801,3147,-0.6865234375,0.1502685546875,-0.1024169921875
17.159,307,308,2053,3147,-0.58642578125,0.2513427734375,-0.056884765625
17.164,306,306,2230,3147,-0.5010986328125,0.252685546875,-0.0701904296875
17.186,307,307,2372,3147,-0.5010986328125,0.252685546875,-0.0701904296875
17.187,306,308,2654,3147,-0.2471923828125,0.1982421875,-0.1365966796875
17.194,306,306,2807,3147,-0.181640625,0.03076171875,-0.12646484375
17.202,307,306,2936,3147,-0.181640625,0.03076171875,-0.12646484375
17.221,307,307,3126,3147,-0.659423828125,-0.2969970703125,0.0155029296875
17.224,306,306,3147,3147,-1.02099609375,0.0,0.0247802734375
17.232,306,306,3147,3147,-1.02099609375,0.0,0.0247802734375
17.247,306,308,3147,3147,-1.85546875,0.927978515625,-0.062255859375
17.263,306,306,3147,3147,-2.1533203125,0.82763671875,0.068603515625
17.263,306,307,3147,3147,-2.1533203125,0.82763671875,0.068603515625
17.276,307,308,3147,3147,-2.167236328125,0.2803955078125,-0.06396484375
17.285,306,306,3147,3147,-1.6180419921875,0.1502685546875,-0.493896484375
17.298,306,306,3147,3147,-1.6180419921875,0.1502685546875,-0.493896484375
17.306,306,308,3147,3147,-1.0712890625,0.8115234375,-0.2899169921875
17.319,306,306,3147,3147,-1.412353515625,0.7928466796875,0.108642578125
17.327,306,307,3147,3147,-1.412353515625,0.7928466796875,0.108642578125
17.373,306,308,3141,3147,-1.6170654296875,0.1763916015625,-0.088623046875
17.373,307,306,3033,3147,-1.474365234375,0.1539306640625,-0.175048828125
17.373,305,294,2901,3147,-1.474365234375,0.1539306640625,-0.175048828125
17.373,306,308,2722,3147,-1.193115234375,0.3221435546875,-0.0655517578125
17.374,306,305,2593,3147,-1.193115234375,0.3221435546875,-0.0655517578125
17.382,306,308,2494,3147,-1.0916748046875,0.3699951171875,-0.0445556640625
17.396,307,306,2273,3147,-0.8094482421875,0.2103271484375,-0.1337890625
17.413,306,304,2137,3147,-0.8094482421875,0.2103271484375,-0.1337890625
17.414,306,305,1945,3147,-0.6619873046875,0.240478515625,-0.2164306640625
17.427,306,306,1722,3147,-0.6678466796875,0.294921875,-0.3695068359375
17.434,306,306,1655,3147,-0.6678466796875,0.294921875,-0.3695068359375
17.452,306,308,1600,3147,-0.7222900390625,0.16357421875,-0.3245849609375
17.462,306,308,1533,3147,-0.7313232421875,-0.116455078125,-0.173828125
17.464,305,306,1494,3147,-0.7313232421875,-0.116455078125,-0.173828125
17.472,307,308,1490,2984,-0.689208984375,-0.190185546875,-0.14453125
17.486,306,307,1437,2648,-0.63330078125,0.213623046875,0.0057373046875
17.498,308,308,1393,2627,-0.63330078125,0.213623046875,0.0057373046875
17.502,306,308,1375,2604,-0.63916015625,0.43310546875,0.08935546875
17.530,308,308,1369,2581,-0.64501953125,0.3511962890625,0.0675048828125
17.530,308,308,1382,2703,-0.64501953125,0.3511962890625,0.0675048828125
17.532,307,308,1380,2840,-0.643310546875,0.243408203125,-0.03466796875
17.560,306,308,1427,3064,-0.7437744140625,0.3525390625,-0.169189453125
17.560,308,307,1443,3147,-0.7437744140625,0.3525390625,-0.169189453125
17.564,306,307,1501,3147,-0.792236328125,0.35107421875,-0.1734619140625
17.576,306,308,1575,3147,-0.766357421875,0.2618408203125,-0.1016845703125
17.584,308,306,1613,3147,-0.766357421875,0.2618408203125,-0.1016845703125
17.592,306,308,1691,3147,-0.74072265625,0.2904052734375,-0.1240234375
17.606,306,307,1769,3147,-0.720458984375,0.2835693359375,-0.17138671875
17.615,305,307,1892,3147,-0.645263671875,0.2139892578125,-0.2054443359375
17.622,306,307,2083,3147,-0.518798828125,0.1363525390625,-0.197998046875
17.636,307,307,2314,3147,-0.3837890625,0.09228515625,-0.1951904296875
17.648,306,307,2492,3147,-0.2265625,0.0653076171875,-0.2474365234375
17.668,306,307,2647,3147,-0.1053466796875,0.0810546875,-0.2911376953125
17.668,306,305,2813,3147,-0.2366943359375,0.149169921875,-0.248046875
17.674,306,307,2950,3147,-0.6243896484375,0.0137939453125,-0.0245361328125
17.682,307,307,3056,3147,-0.954345703125,-0.2442626953125,0.3070068359375
17.696,306,308,3147,3147,-1.177978515625,-0.074462890625,0.4259033203125
17.711,306,308,3147,3147,-1.45458984375,0.538330078125,0.2574462890625
17.712,306,306,3147,3147,-1.790283203125,0.8515625,0.0732421875
17.735,306,308,3147,3147,-2.119384765625,0.6873779296875,0.0145263671875
17.736,306,308,3147,3147,-2.341064453125,0.479736328125,-0.0318603515625
17.760,306,306,3147,3147,-2.131591796875,0.3134765625,-0.2706298828125
17.760,307,308,3147,3147,-1.43212890625,0.3277587890625,-0.5731201171875
17.770,308,308,3147,3147,-1.0574951171875,0.712158203125,-0.4149169921875
17.772,306,306,3147,3147,-1.304931640625,0.982177734375,0.001708984375
17.786,308,307,3147,3147,-1.5938720703125,0.7991943359375,0.0421142578125
17.794,307,306,3147,3147,-1.6435546875,0.4910888671875,-0.19189453125
17.802,305,306,3130,3147,-1.500732421875,0.2650146484375,-0.3123779296875
17.817,308,308,2951,3147,-1.307861328125,0.1590576171875,-0.248291015625
17.824,308,306,2830,3147,-1.1622314453125,0.1829833984375,-0.13330078125
17.834,307,308,2692,3147,-1.0565185546875,0.263916015625,-0.067626953125
17.846,307,308,2428,3147,-0.96484375,0.247314453125,-0.038818359375
17.861,306,306,2287,3147,-0.8984375,0.1556396484375,-0.008544921875
17.862,306,308,2087,3147,-0.84765625,0.1319580078125,-0.0113525390625
17.876,307,306,1811,3147,-0.7674560546875,0.17578125,-0.0577392578125
17.884,306,306,1694,3147,-0.67236328125,0.2020263671875,-0.1123046875
17.892,306,308,1610,3147,-0.604248046875,0.1956787109375,-0.1624755859375
17.906,306,306,1490,3147,-0.5771484375,0.0994873046875,-0.232666015625
17.914,307,306,1472,3147,-0.58056640625,-0.08447265625,-0.3162841796875
17.924,306,308,1452,3010,-0.5887451171875,-0.1744384765625,-0.3336181640625
17.938,306,308,1386,2621,-0.631591796875,-0.0120849609375,-0.2630615234375
17.945,306,306,1357,2519,-0.707763671875,0.259765625,-0.1685791015625
17.977,308,308,1323,2404,-0.7535400390625,0.382568359375,-0.076416015625
17.977,308,307,1290,2350,-0.765869140625,0.3226318359375,-0.0037841796875
17.977,308,308,1278,2356,-0.7772216796875,0.195556640625,0.0111083984375
17.982,306,304,1276,2379,-0.7926025390625,0.13232421875,-0.014892578125
17.996,310,308,1292,2469,-0.81689453125,0.1549072265625,-0.0506591796875
18.004,307,308,1303,2543,-0.8494873046875,0.2105712890625,-0.0948486328125
18.012,306,306,1313,2612,-0.8631591796875,0.263427734375,-0.13134765625
18.042,306,306,1334,2760,-0.854248046875,0.2789306640625,-0.1370849609375
18.043,292,308,1334,2810,-0.8365478515625,0.244384765625,-0.1346435546875
18.045,308,289,1320,2951,-0.812255859375,0.1942138671875,-0.151611328125
18.058,307,308,1440,3147,-0.785400390625,0.16064453125,-0.172119140625
18.068,306,306,1483,3147,-0.741455078125,0.125732421875,-0.184814453125
18.079,305,308,1568,3147,-0.6875,0.1109619140625,-0.1981201171875
18.086,306,307,1713,3147,-0.64453125,0.147705078125,-0.202880859375
18.094,306,306,1826,3147,-0.5733642578125,0.1585693359375,-0.18017578125
18.102,306,306,2061,3147,-0.43603515625,0.1151123046875,-0.13623046875
18.116,308,306,2323,3147,-0.2908935546875,0.1058349609375,-0.095947265625
18.125,306,306,2507,3147,-0.230224609375,0.1761474609375,-0.075927734375
18.144,308,307,2636,3147,-0.35400390625,0.26025390625,-0.004150390625
18.146,306,307,2886,3147,-0.653564453125,0.1865234375,0.1488037109375
18.176,306,307,2997,3147,-0.906005859375,-0.0107421875,0.2362060546875
18.178,306,292,3107,3147,-0.986328125,-0.09814453125,0.20849609375
18.179,308,308,3147,3147,-1.0538330078125,0.062255859375,0.0792236328125
18.184,306,306,3147,3147,-1.303955078125,0.437255859375,-0.1236572265625
18.200,306,308,3147,3147,-1.7044677734375,0.76123046875,-0.235595703125
18.207,306,308,3147,3147,-2.0064697265625,0.7269287109375,-0.178955078125
18.214,307,306,3147,3147,-2.0572509765625,0.4979248046875,-0.0780029296875
18.223,306,455,3147,3147,-1.9122314453125,0.4459228515625,-0.0572509765625
18.250,306,3147,3147,3147,-1.537353515625,0.484619140625,-0.212158203125
18.251,305,3147,3147,3147,-1.09130859375,0.5220947265625,-0.380615234375
18.253,289,308,3147,3147,-0.9708251953125,0.5155029296875,-0.3436279296875
18.271,306,308,3147,3147,-1.22265625,0.406005859375,-0.151611328125
18.274,306,304,3147,3147,-1.5889892578125,0.2635498046875,0.04052734375
18.283,306,308,3147,3147,-1.5889892578125,0.2635498046875,0.04052734375
18.296,306,307,3050,3147,-1.60888671875,0.1578369140625,0.1446533203125
18.304,306,308,2901,3147,-1.393798828125,0.222412109375,0.0992431640625
18.312,308,308,2727,3147,-1.393798828125,0.222412109375,0.0992431640625
18.326,306,306,2428,3147,-1.1453857421875,0.3603515625,-0.0625
18.334,306,306,2268,3147,-1.0634765625,0.3817138671875,-0.1468505859375
18.354,307,306,2104,3147,-1.0634765625,0.3817138671875,-0.1468505859375
18.356,308,306,1830,3147,-0.915283203125,0.3035888671875,-0.2474365234375
18.366,307,306,1732,3147,-0.8203125,0.264404296875,-0.230224609375
18.383,306,308,1640,3147,-0.8203125,0.264404296875,-0.230224609375
18.386,307,308,1516,3147,-0.6385498046875,0.0615234375,-0.15869140625
18.394,306,306,1445,3077,-0.5762939453125,-0.156005859375,-0.1400146484375
18.402,306,306,1390,2840,-0.5762939453125,-0.156005859375,-0.1400146484375
18.416,308,306,1341,2683,-0.555908203125,-0.3271484375,-0.1197509765625
18.424,308,306,1292,2576,-0.48046875,-0.1868896484375,-0.0460205078125
18.432,307,306,1278,2519,-0.48046875,-0.1868896484375,-0.0460205078125
18.456,308,308,1268,2525,-0.62158203125,0.3951416015625,0.022216796875
18.458,306,308,1253,2563,-0.7005615234375,0.4903564453125,0.01611328125
18.476,308,310,1253,2632,-0.7005615234375,0.4903564453125,0.01611328125
18.477,306,306,1262,2850,-0.7232666015625,0.3026123046875,-0.0576171875
18.491,307,306,1266,2944,-0.7230224609375,0.30224609375,-0.123046875
18.492,307,307,1271,3051,-0.7230224609375,0.30224609375,-0.123046875
18.506,308,307,1315,3147,-0.7249755859375,0.3173828125,-0.1544189453125
18.514,306,306,1372,3147,-0.7249755859375,0.3173828125,-0.1544189453125
18.522,306,307,1437,3147,-0.7327880859375,0.2816162109375,-0.1148681640625
18.537,306,308,1584,3147,-0.7398681640625,0.2244873046875,-0.0655517578125
18.551,305,306,1648,3147,-0.7398681640625,0.2244873046875,-0.0655517578125
18.553,306,306,1772,3147,-0.65478515625,0.173583984375,-0.0909423828125
18.571,306,306,2058,3147,-0.5108642578125,0.043701171875,-0.09033203125
18.589,306,306,2223,3147,-0.5108642578125,0.043701171875,-0.09033203125
18.589,306,308,2424,3147,-0.436279296875,0.029296875,-0.097900390625
18.597,307,308,2727,3147,-0.4954833984375,0.08203125,-0.1346435546875
18.604,313,305,2879,3147,-0.4954833984375,0.08203125,-0.1346435546875
18.612,306,305,3008,3147,-0.6361083984375,-0.059326171875,-0.2335205078125
18.626,306,307,3147,3147,-0.8443603515625,-0.1373291015625,-0.096435546875
18.634,306,306,3147,3147,-0.8443603515625,-0.1373291015625,-0.096435546875
18.642,304,308,3147,3147,-1.1185302734375,0.3677978515625,0.1650390625
18.658,306,308,3147,3147,-1.7498779296875,0.8990478515625,0.475830078125
18.682,306,306,3147,3147,-1.7498779296875,0.8990478515625,0.475830078125
18.682,306,304,3147,3147,-1.9217529296875,0.5303955078125,0.3914794921875
18.687,305,307,3147,3147,-1.8612060546875,0.1661376953125,-0.26806640625
18.695,306,306,3147,3147,-1.8612060546875,0.1661376953125,-0.26806640625
18.702,308,306,3147,3147,-1.435546875,0.251708984375,-0.68896484375
18.716,306,307,3147,3147,-1.0482177734375,0.594482421875,-0.790771484375
18.725,306,306,3147,3147,-1.0557861328125,1.0341796875,-0.7171630859375
18.733,306,304,3147,3147,-1.3486328125,1.0457763671875,-0.5802001953125
18.746,306,308,3147,3147,-1.66455078125,0.6197509765625,-0.3140869140625
18.764,306,306,3147,3147,-1.751953125,0.1798095703125,-0.091796875
18.764,304,308,3147,3147,-1.6116943359375,0.072509765625,0.011962890625
18.790,306,307,3040,3147,-1.3897705078125,0.13671875,0.046875
18.790,305,307,2909,3147,-1.1868896484375,0.2161865234375,0.060791015625
18.794,307,308,2799,3147,-1.0523681640625,0.340087890625,0.0550537109375
18.806,308,307,2567,3147,-0.982177734375,0.3717041015625,0.0050048828125
18.814,306,306,2364,3147,-0.9248046875,0.2696533203125,-0.0504150390625
18.822,306,308,2197,3147,-0.8448486328125,0.202392578125,-0.089599609375
18.837,306,308,1862,3147,-0.7568359375,0.2305908203125,-0.1451416015625
18.844,306,307,1704,3147,-0.6898193359375,0.25146484375,-0.20068359375
18.860,306,307,1623,3147,-0.6632080078125,0.1854248046875,-0.235107421875
18.867,308,308,1497,3147,-0.661376953125,0.0234375,-0.2403564453125
18.901,308,306,1455,2897,-0.687744140625,-0.181396484375,-0.2210693359375
18.901,308,308,1427,2584,-0.7025146484375,-0.29345703125,-0.217041015625
18.902,307,306,1395,2054,-0.6602783203125,-0.1708984375,-0.20703125
18.904,307,306,1361,1946,-0.6220703125,0.114501953125,-0.1239013671875
18.912,308,306,1339,1850,-0.611328125,0.3082275390625,0.024658203125
18.926,306,308,1328,1968,-0.6104736328125,0.324951171875,0.1329345703125
18.934,307,308,1315,2048,-0.6180419921875,0.2799072265625,0.1104736328125
18.942,307,307,1323,2128,-0.64599609375,0.30615234375,0.0059814453125
18.962,308,310,1323,2349,-0.6978759765625,0.388916015625,-0.083984375
18.964,307,308,1348,2492,-0.7474365234375,0.42578125,-0.12548828125
18.973,308,308,1371,2645,-0.775634765625,0.370361328125,-0.1431884765625
18.999,308,307,1452,3020,-0.774658203125,0.240478515625,-0.1400146484375
18.999,308,307,1501,3147,-0.7325439453125,0.1077880859375,-0.1142578125
19.003,307,306,1541,3147,-0.6842041015625,0.0416259765625,-0.0850830078125
19.016,307,308,1666,3147,-0.663330078125,0.0826416015625,-0.05810546875
19.024,306,306,1774,3147,-0.600830078125,0.170166015625,-0.04150390625
19.032,306,308,1957,3147,-0.4493408203125,0.2052001953125,-0.0184326171875
19.046,306,308,2344,3147,-0.263916015625,0.1737060546875,-0.0238037109375
19.064,308,308,2579,3147,-0.0704345703125,0.107421875,-0.10205078125
19.064,306,306,2749,3147,0.0283203125,0.0455322265625,-0.1529541015625
19.077,306,306,3056,3147,-0.219970703125,-0.037353515625,-0.1339111328125
19.107,307,306,3147,3147,-0.6842041015625,-0.2015380859375,-0.1142578125
19.107,293,307,3147,3147,-1.042724609375,-0.3358154296875,0.01513671875
19.107,306,308,3147,3147,-1.327392578125,0.0123291015625,0.1539306640625
19.115,306,306,3147,3147,-1.663818359375,0.7462158203125,0.197998046875
19.122,308,306,3147,3147,-2.0205078125,0.944091796875,0.3226318359375
19.136,306,307,3147,3147,-2.301513671875,0.6490478515625,0.3468017578125
19.144,306,308,3147,3147,-2.3848876953125,0.4478759765625,0.1131591796875
19.152,306,306,3147,3147,-1.927001953125,0.273681640625,-0.416015625
19.166,306,307,3147,3147,-1.2423095703125,0.4732666015625,-0.8424072265625
19.174,306,306,3147,3147,-1.14697265625,1.094970703125,-0.6849365234375
19.185,306,308,3147,3147,-1.44482421875,1.2452392578125,-0.328369140625
19.202,307,307,3147,3147,-1.591064453125,0.84814453125,-0.203369140625
19.205,306,308,3147,3147,-1.5404052734375,0.477294921875,-0.25439453125
19.213,307,306,3147,3147,-1.3857421875,0.259033203125,-0.2818603515625
19.227,306,307,3024,3147,-1.201416015625,0.1358642578125,-0.219482421875
19.234,306,306,2919,3147,-1.0435791015625,0.0885009765625,-0.0992431640625
19.243,306,306,2788,3147,-0.9248046875,0.1583251953125,0.0244140625
19.256,306,308,2574,3147,-0.8619384765625,0.265380859375,0.0550537109375
19.268,306,307,2458,3147,-0.85693359375,0.2386474609375,0.004638671875
19.273,306,307,2375,3147,-0.8873291015625,0.1363525390625,-0.0308837890625
19.286,307,307,2050,3147,-0.940185546875,0.10009765625,-0.0501708984375
19.310,306,307,1846,3147,-0.9788818359375,0.1474609375,-0.0662841796875
19.310,306,307,1695,3147,-0.983642578125,0.1982421875,-0.087646484375
19.316,308,306,1543,3147,-0.9635009765625,0.185302734375,-0.1397705078125
19.326,306,306,1506,3147,-0.9000244140625,0.111083984375,-0.2022705078125
19.332,307,306,1422,3089,-0.7652587890625,-0.012451171875,-0.2559814453125
19.346,306,308,1397,2619,-0.5726318359375,-0.07666015625,-0.32080078125
19.354,306,306,1353,2417,-0.4237060546875,0.0645751953125,-0.376220703125
19.362,308,307,1317,2230,-0.41162109375,0.3306884765625,-0.34423828125
19.377,308,308,1276,2057,-0.49755859375,0.492919921875,-0.2030029296875
19.385,307,306,1253,2041,-0.58056640625,0.4693603515625,-0.0517578125
19.418,308,307,1258,2124,-0.607421875,0.3182373046875,0.04443359375
19.421,306,307,1274,2364,-0.6280517578125,0.1578369140625,0.1026611328125
19.421,293,294,1306,2456,-0.66455078125,0.1025390625,0.11279296875
19.423,307,308,1334,2684,-0.66455078125,0.1025390625,0.11279296875
19.445,308,307,1402,3084,-0.667724609375,0.1756591796875,0.0360107421875
19.446,306,308,1506,3147,-0.6380615234375,0.17138671875,0.00830078125
19.452,306,308,1588,3147,-0.6380615234375,0.17138671875,0.00830078125
19.475,307,307,1715,3147,-0.5516357421875,0.17919921875,-0.033447265625
19.476,294,306,1806,3147,-0.42431640625,0.18505859375,-0.10302734375
19.482,306,306,1967,3147,-0.42431640625,0.18505859375,-0.10302734375
19.512,307,307,2409,3147,-0.2816162109375,0.21337890625,-0.2113037109375
19.513,306,309,2633,3147,-0.341796875,0.3157958984375,-0.25634765625
19.514,290,308,2833,3147,-0.341796875,0.3157958984375,-0.25634765625
19.526,306,308,3104,3147,-0.808837890625,-0.1082763671875,0.0928955078125
19.534,306,308,3147,3147,-0.947265625,-0.473876953125,0.376953125
19.542,306,306,3147,3147,-0.947265625,-0.473876953125,0.376953125
19.556,306,308,3147,3147,-0.8873291015625,0.3236083984375,0.402099609375
19.564,306,306,3147,3147,-1.2921142578125,0.8431396484375,0.2066650390625
19.577,306,306,3147,3147,-1.2921142578125,0.8431396484375,0.2066650390625
19.586,306,308,3147,3147,-2.150390625,0.5911865234375,-0.067626953125
19.594,306,306,3147,3147,-2.282470703125,0.497314453125,-0.3914794921875
19.657,305,308,3147,3147,-2.282470703125,0.497314453125,-0.3914794921875
19.658,307,306,3147,3147,-1.54296875,0.43798828125,-0.977783203125
19.658,306,304,3147,3147,-1.036865234375,0.6361083984375,-0.778076171875
19.658,307,306,3147,3147,-1.036865234375,0.6361083984375,-0.778076171875
19.658,306,307,3147,3147,-1.4290771484375,0.8564453125,0.1112060546875
19.658,306,306,3147,3147,-1.4290771484375,0.8564453125,0.1112060546875
19.663,306,308,3147,3147,-1.6734619140625,0.322021484375,0.224365234375
19.679,305,308,3147,3147,-1.4476318359375,0.0399169921875,-0.1068115234375
19.684,306,306,3147,3147,-1.4476318359375,0.0399169921875,-0.1068115234375
19.709,306,306,3147,3147,-1.265869140625,0.0965576171875,-0.18310546875
19.710,289,310,3107,3147,-1.0863037109375,0.28173828125,-0.0419921875
19.715,306,306,3020,3147,-1.0863037109375,0.28173828125,-0.0419921875
19.723,306,308,2901,3147,-1.01513671875,0.4893798828125,-0.05029296875
19.736,304,308,2665,3147,-0.7841796875,0.492431640625,-0.16064453125
19.744,307,308,2555,3147,-0.7841796875,0.492431640625,-0.16064453125
19.753,306,308,2430,3147,-0.6705322265625,0.3587646484375,-0.16796875
19.766,306,308,2171,3147,-0.6727294921875,0.1849365234375,-0.145263671875
19.788,308,307,1980,3147,-0.6727294921875,0.1849365234375,-0.145263671875
19.788,306,308,1794,3147,-0.6829833984375,0.0958251953125,-0.151611328125
19.810,307,306,1627,3147,-0.5706787109375,-0.208984375,-0.1893310546875
19.810,306,307,1588,3120,-0.5706787109375,-0.208984375,-0.1893310546875
19.814,306,307,1575,2900,-0.566650390625,-0.1204833984375,-0.190185546875
19.826,306,306,1548,2684,-0.6385498046875,0.355224609375,-0.1229248046875
19.835,306,306,1529,2608,-0.6385498046875,0.355224609375,-0.1229248046875
19.843,307,308,1536,2633,-0.6904296875,0.37939453125,-0.0469970703125
19.856,307,308,1548,2741,-0.732666015625,0.26708984375,-0.0135498046875
19.865,308,306,1560,2831,-0.760498046875,0.1890869140625,-0.0447998046875
19.872,308,308,1560,2930,-0.784912109375,0.2294921875,-0.102783203125
19.886,306,307,1595,3107,-0.810546875,0.3187255859375,-0.1348876953125
19.894,306,306,1627,3147,-0.8160400390625,0.338623046875,-0.12158203125
19.906,306,307,1652,3147,-0.781005859375,0.27978515625,-0.0814208984375
19.920,306,308,1698,3147,-0.7181396484375,0.2318115234375,-0.0634765625
19.925,306,307,1750,3147,-0.6776123046875,0.2384033203125,-0.081787109375
19.932,307,307,1798,3147,-0.6768798828125,0.2550048828125,-0.1124267578125
19.948,306,308,2053,3147,-0.6710205078125,0.231689453125,-0.146484375
19.954,307,307,2223,3147,-0.637939453125,0.177978515625,-0.1617431640625
19.962,306,306,2362,3147,-0.5799560546875,0.118408203125,-0.1456298828125
19.976,308,307,2636,3147,-0.4788818359375,0.0863037109375,-0.1734619140625
19.985,306,307,2870,3147,-0.319580078125,0.1160888671875,-0.2706298828125
19.992,306,306,3008,3147,-0.1473388671875,0.138916015625,-0.3734130859375
20.013,307,308,3147,3147,-0.1142578125,0.0262451171875,-0.345947265625
20.022,306,305,3147,3147,-0.3455810546875,-0.0926513671875,-0.0401611328125
20.026,306,306,3147,3147,-0.813720703125,-0.029052734375,0.4578857421875
20.036,306,308,3147,3147,-1.303955078125,0.2208251953125,0.791015625
20.044,306,306,3147,3147,-1.661865234375,0.6212158203125,0.711669921875
20.056,306,307,3147,3147,-1.90869140625,0.781005859375,0.327392578125
20.066,306,308,3147,3147,-2.0791015625,0.5482177734375,-0.1072998046875
20.075,306,305,3147,3147,-2.2138671875,0.3406982421875,-0.458251953125
20.090,306,307,3147,3147,-2.108642578125,0.340087890625,-0.8197021484375
20.096,306,308,3147,3147,-1.5992431640625,0.478759765625,-1.08447265625
20.118,305,306,3147,3147,-1.1297607421875,0.8165283203125,-0.8408203125
20.119,306,306,3147,3147,-1.1357421875,1.0364990234375,-0.2032470703125
20.126,306,306,3147,3147,-1.41845703125,0.715576171875,0.258544921875
20.135,306,306,3147,3147,-1.5572509765625,0.2044677734375,0.3428955078125
20.143,305,308,3147,3147,-1.44287109375,0.0181884765625,0.20849609375
20.160,306,307,3147,3147,-1.20556640625,0.0909423828125,0.0557861328125
20.165,306,306,3147,3147,-0.9757080078125,0.12255859375,-0.020263671875
20.172,306,307,3147,3147,-0.85546875,0.1370849609375,-0.035400390625
20.190,308,308,3088,3147,-0.8436279296875,0.1722412109375,-0.0440673828125
20.194,306,306,3034,3147,-0.85986328125,0.191650390625,-0.0745849609375
20.202,306,308,2973,3147,-0.8670654296875,0.253662109375,-0.0970458984375
20.218,308,306,2813,3147,-0.8739013671875,0.341552734375,-0.102294921875
20.229,306,308,2700,3147,-0.8929443359375,0.3729248046875,-0.1099853515625
20.234,306,304,2581,3147,-0.9217529296875,0.3004150390625,-0.1099853515625
20.246,306,306,2412,3147,-0.9522705078125,0.169677734375,-0.094970703125
20.255,306,306,2272,3147,-0.9781494140625,0.0926513671875,-0.067626953125
20.267,307,308,2072,3147,-0.9827880859375,0.0633544921875,-0.0535888671875
20.276,306,306,1711,3147,-0.9788818359375,0.0107421875,-0.093505859375
20.285,306,305,1634,3147,-0.990234375,-0.0157470703125,-0.1842041015625
20.292,306,308,1557,3010,-0.946044921875,-0.0321044921875,-0.2564697265625
20.315,307,308,1437,2357,-0.7869873046875,-0.068359375,-0.255126953125
20.320,307,306,1419,2114,-0.60693359375,0.004150390625,-0.23095703125
20.329,306,309,1415,2072,-0.5009765625,0.2225341796875,-0.23046875
20.340,308,308,1365,2012,-0.46435546875,0.395751953125,-0.2091064453125
20.345,308,306,1357,2030,-0.494384765625,0.395751953125,-0.1514892578125
20.352,307,308,1366,2105,-0.5775146484375,0.324951171875,-0.11328125
20.375,308,308,1383,2316,-0.6639404296875,0.295166015625,-0.0980224609375
20.375,291,306,1401,2444,-0.72412109375,0.299072265625,-0.065673828125
20.382,308,308,1429,2673,-0.7598876953125,0.2664794921875,-0.0546875
20.396,307,309,1533,3000,-0.7789306640625,0.1800537109375,-0.09521484375
20.404,306,306,1589,3147,-0.76904296875,0.1153564453125,-0.1339111328125
20.412,306,307,1623,3147,-0.732421875,0.139892578125,-0.133056640625
20.426,307,308,1889,3147,-0.651123046875,0.1787109375,-0.1165771484375
20.434,306,306,2133,3147,-0.5106201171875,0.139892578125,-0.1123046875
20.442,305,308,2324,3147,-0.373291015625,0.059814453125,-0.138427734375
20.456,308,308,2580,3147,-0.272705078125,0.0372314453125,-0.2021484375
20.464,306,306,2736,3147,-0.1884765625,0.1593017578125,-0.31298828125
20.479,308,305,2901,3147,-0.162109375,0.393798828125,-0.451904296875
20.486,306,308,3059,3147,-0.3011474609375,0.51806640625,-0.435791015625
20.505,306,304,3147,3147,-0.6707763671875,0.1627197265625,-0.0340576171875
20.506,292,306,3147,3147,-1.020263671875,-0.4024658203125,0.5574951171875
20.517,306,306,3147,3147,-1.22802734375,-0.203125,0.8004150390625
20.539,306,306,3147,3147,-1.5377197265625,0.6319580078125,0.63134765625
20.539,306,306,3147,3147,-1.9447021484375,0.92138671875,0.430419921875
20.541,306,308,3147,3147,-1.9447021484375,0.92138671875,0.430419921875
20.555,304,306,3147,3147,-2.3905029296875,0.282470703125,-0.0374755859375
20.565,306,305,3147,3147,-2.0155029296875,-0.022705078125,-0.5833740234375
20.571,306,304,3147,3147,-2.0155029296875,-0.022705078125,-0.5833740234375
20.586,306,308,3147,3147,-1.275146484375,0.9017333984375,-0.4755859375
20.601,306,306,3147,3147,-1.5848388671875,1.1644287109375,0.0604248046875
20.603,308,294,3147,3147,-1.5848388671875,1.1644287109375,0.0604248046875
20.626,306,308,3147,3147,-1.5791015625,0.369873046875,-0.119140625
20.626,307,306,3147,3147,-1.4407958984375,0.1644287109375,-0.2330322265625
20.633,306,308,3147,3147,-1.4407958984375,0.1644287109375,-0.2330322265625
20.645,306,308,3134,3147,-1.2220458984375,0.16943359375,-0.139892578125
20.654,306,306,3000,3147,-1.2220458984375,0.16943359375,-0.139892578125
20.661,306,306,2876,3147,-1.114501953125,0.287109375,-0.116455078125
20.678,306,308,2563,3147,-0.890625,0.19091796875,-0.0947265625
20.684,306,306,2368,3147,-0.890625,0.19091796875,-0.0947265625
20.693,306,308,2078,3147,-0.8033447265625,0.1339111328125,-0.0841064453125
20.705,305,308,1588,3147,-0.5833740234375,0.209228515625,-0.1859130859375
20.713,306,306,1476,3147,-0.5833740234375,0.209228515625,-0.1859130859375
20.729,305,306,1483,3056,-0.4486083984375,0.0411376953125,-0.2679443359375
20.740,306,306,1372,2444,-0.39794921875,-0.1728515625,-0.4017333984375
20.743,306,308,1330,2217,-0.39794921875,-0.1728515625,-0.4017333984375
20.751,308,306,1276,2037,-0.5078125,0.0914306640625,-0.3575439453125
20.765,306,307,1241,1792,-0.64599609375,0.3946533203125,0.0325927734375
20.773,306,306,1231,1813,-0.64599609375,0.3946533203125,0.0325927734375
20.782,306,307,1243,1934,-0.6812744140625,0.2784423828125,0.172119140625
20.808,308,308,1258,2111,-0.7208251953125,0.0921630859375,0.09619140625
20.809,306,308,1283,2287,-0.7208251953125,0.0921630859375,0.09619140625
20.811,308,308,1306,2468,-0.7672119140625,0.1927490234375,-0.0023193359375
20.835,305,307,1348,2744,-0.8682861328125,0.3370361328125,-0.149658203125
20.835,306,306,1362,2902,-0.8682861328125,0.3370361328125,-0.149658203125
20.842,306,308,1413,3050,-0.8505859375,0.28759765625,-0.179443359375
20.856,308,308,1506,3147,-0.796142578125,0.1380615234375,-0.1546630859375
20.864,308,308,1555,3147,-0.796142578125,0.1380615234375,-0.1546630859375
20.872,305,306,1596,3147,-0.7862548828125,0.15771484375,-0.1583251953125
20.885,306,308,1753,3147,-0.7593994140625,0.1966552734375,-0.1884765625
20.894,305,308,1952,3147,-0.669921875,0.19970703125,-0.2103271484375
20.910,306,306,2141,3147,-0.542724609375,0.165283203125,-0.203125
20.915,307,308,2449,3147,-0.461181640625,0.1470947265625,-0.1552734375
20.923,306,306,2659,3147,-0.4178466796875,0.1572265625,-0.09619140625
20.939,306,306,2847,3147,-0.37060546875,0.1409912109375,-0.0474853515625
20.945,304,308,3136,3147,-0.3638916015625,0.09228515625,-0.001220703125
20.956,304,306,3147,3147,-0.4447021484375,0.0423583984375,0.0638427734375
20.961,306,306,3147,3147,-0.6171875,-0.0164794921875,0.0748291015625
20.975,306,308,3147,3147,-0.846923828125,-0.0164794921875,-0.0198974609375
20.984,306,308,3147,3147,-1.0555419921875,0.1710205078125,-0.14501953125
20.991,307,307,3147,3147,-1.294189453125,0.4954833984375,-0.28857421875
21.037,306,308,3147,3147,-1.63818359375,0.660400390625,-0.3203125
21.038,291,290,3147,3147,-1.955322265625,0.5791015625,-0.1595458984375
21.038,306,308,3147,3147,-2.1070556640625,0.4400634765625,0.024658203125
21.038,296,307,3147,3147,-2.100341796875,0.400634765625,0.044189453125
21.051,307,306,3147,3147,-1.8577880859375,0.412353515625,-0.22265625
21.052,306,308,3147,3147,-1.3306884765625,0.4210205078125,-0.5250244140625
21.065,306,308,3147,3147,-0.9522705078125,0.5467529296875,-0.463134765625
21.073,306,305,3147,3147,-1.076416015625,0.6119384765625,-0.1488037109375
21.081,306,306,3147,3147,-1.5355224609375,0.4522705078125,0.1143798828125
21.095,304,308,3147,3147,-1.889892578125,0.185302734375,0.2100830078125
21.103,306,308,3147,3147,-1.85009765625,0.081298828125,0.17578125
21.119,307,306,3147,3147,-1.5653076171875,0.126708984375,0.0972900390625
21.129,306,308,3147,3147,-1.2689208984375,0.1334228515625,0.024658203125
21.141,306,306,3084,3147,-1.0889892578125,0.2728271484375,-0.03955078125
21.149,308,308,2959,3147,-1.01171875,0.483642578125,-0.1234130859375
21.155,307,308,2684,3147,-0.9466552734375,0.4986572265625,-0.162109375
21.164,307,306,2498,3147,-0.8499755859375,0.38427734375,-0.1600341796875
21.171,307,306,2330,3147,-0.7271728515625,0.3133544921875,-0.2039794921875
21.185,306,306,2010,3147,-0.6207275390625,0.267822265625,-0.2703857421875
21.193,306,308,1837,3147,-0.564453125,0.1849365234375,-0.2965087890625
21.201,308,306,1681,3082,-0.539306640625,0.0274658203125,-0.2681884765625
21.215,306,306,1573,2541,-0.5272216796875,-0.218017578125,-0.2052001953125
21.248,306,305,1536,2220,-0.54052734375,-0.384033203125,-0.1400146484375
21.250,307,308,1503,1994,-0.5882568359375,-0.264892578125,-0.0977783203125
21.250,307,308,1487,1739,-0.651611328125,0.004150390625,-0.0294189453125
21.254,306,308,1487,1721,-0.69189453125,0.1502685546875,0.0986328125
21.262,307,308,1487,1783,-0.7008056640625,0.1666259765625,0.1741943359375
21.275,306,306,1494,1931,-0.70166015625,0.1884765625,0.1221923828125
21.284,308,307,1501,2063,-0.7215576171875,0.2779541015625,0.0101318359375
21.292,308,308,1514,2207,-0.759521484375,0.369384765625,-0.086181640625
21.306,308,307,1533,2398,-0.7928466796875,0.3780517578125,-0.1517333984375
21.318,308,307,1546,2530,-0.8126220703125,0.316162109375,-0.1953125
21.322,307,308,1560,2638,-0.8067626953125,0.23046875,-0.22509765625
21.356,307,308,1610,2985,-0.7813720703125,0.155517578125,-0.2310791015625
21.357,306,307,1635,3147,-0.767578125,0.129150390625,-0.19677734375
21.358,306,308,1662,3147,-0.767578125,0.171875,-0.1549072265625
21.365,308,308,1705,3147,-0.74267578125,0.235595703125,-0.1505126953125
21.374,306,307,1846,3147,-0.660400390625,0.2509765625,-0.1353759765625
21.381,306,306,2035,3147,-0.5157470703125,0.209228515625,-0.105224609375
21.395,306,308,2333,3147,-0.3251953125,0.1318359375,-0.1470947265625
21.404,308,308,2587,3147,-0.1795654296875,0.0682373046875,-0.21240234375
21.419,305,306,2780,3147,-0.1796875,0.13916015625,-0.1968994140625
21.425,308,307,3057,3147,-0.40673828125,0.252685546875,-0.2225341796875
21.438,304,306,3147,3147,-0.7803955078125,0.119384765625,-0.3155517578125
21.447,306,308,3147,3147,-1.0404052734375,-0.203857421875,-0.201416015625
21.456,306,307,3147,3147,-1.1343994140625,-0.234375,0.1217041015625
21.466,306,307,3147,3147,-1.3021240234375,0.26513671875,0.3875732421875
21.472,306,306,3147,3147,-1.6580810546875,0.850830078125,0.5225830078125
21.485,306,308,3147,3147,-1.99755859375,0.888916015625,0.5101318359375
21.494,306,307,3147,3147,-2.18359375,0.5010986328125,0.293701171875
21.501,306,306,3147,3147,-2.130615234375,0.1854248046875,-0.1578369140625
21.522,306,308,3147,3147,-1.652587890625,0.015625,-0.673583984375
21.524,306,308,3147,3147,-1.1329345703125,0.14990234375,-0.7149658203125
21.531,306,308,3147,3147,-1.12646484375,0.5986328125,-0.21337890625
21.545,306,308,3147,3147,-1.439697265625,0.7618408203125,0.2142333984375
21.570,305,308,3147,3147,-1.6082763671875,0.4560546875,0.2611083984375
21.570,290,309,3147,3147,-1.5364990234375,0.175537109375,0.1163330078125
21.578,306,307,3147,3147,-1.390380859375,0.1094970703125,-0.0067138671875
21.583,306,306,3147,3147,-1.2801513671875,0.1522216796875,-0.067138671875
21.592,306,306,3054,3147,-1.2801513671875,0.1522216796875,-0.067138671875
21.606,306,308,2813,3147,-1.1448974609375,0.2664794921875,-0.2015380859375
21.614,306,308,2683,3147,-1.046875,0.236083984375,-0.2220458984375
21.625,307,306,2503,3147,-1.046875,0.236083984375,-0.2220458984375
21.636,308,306,2190,3147,-0.8409423828125,0.349365234375,-0.166015625
21.663,308,306,1959,3147,-0.7440185546875,0.340576171875,-0.15869140625
21.663,306,308,1759,3147,-0.7440185546875,0.340576171875,-0.15869140625
21.666,305,306,1613,3147,-0.64501953125,0.1485595703125,-0.184814453125
21.674,306,306,1541,3147,-0.6666259765625,-0.0233154296875,-0.197265625
21.682,306,304,1516,3085,-0.6666259765625,-0.0233154296875,-0.197265625
21.695,306,308,1445,2601,-0.64794921875,-0.1287841796875,-0.1136474609375
21.704,308,306,1386,2379,-0.6435546875,0.02197265625,-0.0450439453125
21.713,307,306,1359,2228,-0.6435546875,0.02197265625,-0.0450439453125
21.727,308,308,1357,2104,-0.67138671875,0.1893310546875,0.116943359375
21.733,307,307,1358,2136,-0.6456298828125,0.1243896484375,0.1075439453125
21.743,308,307,1349,2203,-0.6456298828125,0.1243896484375,0.1075439453125
21.765,308,306,1336,2344,-0.6475830078125,0.244140625,-0.02685546875
21.766,289,307,1348,2490,-0.69580078125,0.3826904296875,-0.0634765625
21.773,306,308,1369,2665,-0.69580078125,0.3826904296875,-0.0634765625
21.785,307,307,1417,2990,-0.751708984375,0.361572265625,-0.0909423828125
21.794,308,308,1480,3146,-0.751708984375,0.361572265625,-0.0909423828125
21.825,306,307,1557,3147,-0.7442626953125,0.252685546875,-0.0924072265625
21.838,306,307,1635,3147,-0.7049560546875,0.152099609375,-0.10498046875
21.838,306,305,1704,3147,-0.7049560546875,0.152099609375,-0.10498046875
21.838,307,307,1800,3147,-0.6502685546875,0.1376953125,-0.1275634765625
21.862,306,308,2135,3147,-0.347412109375,0.095947265625,-0.1414794921875
21.865,307,313,2301,3147,-0.347412109375,0.095947265625,-0.1414794921875
21.866,307,307,2581,3147,-0.194580078125,0.0709228515625,-0.163330078125
21.875,306,309,2963,3147,0.0531005859375,0.1778564453125,-0.233642578125
21.884,313,308,3104,3147,0.0531005859375,0.1778564453125,-0.233642578125
21.892,306,305,3147,3147,-0.1971435546875,-0.0008544921875,-0.181640625
21.905,308,3147,3147,3147,-1.2000732421875,-0.162353515625,0.4808349609375
21.916,306,306,3147,3147,-1.2000732421875,-0.162353515625,0.4808349609375
21.921,306,306,3147,3147,-1.7227783203125,0.50537109375,0.6485595703125
21.935,305,308,3147,3147,-2.4788818359375,0.7109375,0.3291015625
21.944,307,308,3147,3147,-2.4788818359375,0.7109375,0.3291015625
21.962,306,306,3147,3147,-2.599609375,0.57421875,-0.141845703125
21.976,307,1867,3147,3147,-1.4134521484375,0.567626953125,-1.06640625
21.976,634,3147,3147,3147,-1.4134521484375,0.567626953125,-1.06640625
21.982,305,308,3147,3147,-1.1717529296875,1.0880126953125,-0.6800537109375
21.995,306,3147,3147,3147,-1.449951171875,0.5489501953125,0.0828857421875
22.003,306,3147,3147,3147,-1.449951171875,0.5489501953125,0.0828857421875
22.012,305,306,3147,3147,-1.4473876953125,0.2584228515625,0.0645751953125
22.036,306,3147,3147,3147,-1.390869140625,0.1658935546875,-0.0198974609375
22.037,306,317,3147,3147,-1.3106689453125,0.1414794921875,-0.06640625
22.042,306,306,3147,3147,-1.216552734375,0.1400146484375,-0.0340576171875
22.061,306,308,2963,3147,-1.106201171875,0.1820068359375,0.052001953125
22.077,306,1125,2840,3147,-1.010498046875,0.2413330078125,0.0706787109375
22.078,306,308,2665,3147,-0.936279296875,0.2384033203125,-0.00048828125
22.086,306,313,2386,3147,-0.872802734375,0.210693359375,-0.0762939453125
22.094,306,306,2180,2335,-0.8192138671875,0.21044921875,-0.112548828125
22.101,307,306,1967,3147,-0.76708984375,0.2005615234375,-0.1070556640625
22.115,308,318,1636,3147,-0.73828125,0.1490478515625,-0.1038818359375
22.124,307,309,1555,3147,-0.7271728515625,0.06494140625,-0.12548828125
22.147,308,344,1527,3147,-0.71337890625,-0.064453125,-0.1700439453125
22.151,306,307,1453,3068,-0.6650390625,-0.1583251953125,-0.2412109375
22.166,306,307,1422,2887,-0.5845947265625,-0.103271484375,-0.285400390625
22.167,307,306,1387,2654,-0.567626953125,0.1116943359375,-0.2493896484375
22.184,306,308,1384,2534,-0.6219482421875,0.3411865234375,-0.138916015625
22.184,306,306,1359,2477,-0.672119140625,0.4300537109375,-0.0078125
22.192,307,308,1363,2448,-0.697998046875,0.3858642578125,0.0701904296875
22.206,306,308,1357,2569,-0.7105712890625,0.2900390625,0.0672607421875
22.214,307,308,1351,2679,-0.737060546875,0.2398681640625,0.0147705078125
22.222,308,310,1357,2770,-0.778076171875,0.2530517578125,-0.053955078125
22.240,306,308,1375,2919,-0.8052978515625,0.2825927734375,-0.11181640625
22.244,306,306,1382,3000,-0.8199462890625,0.28369140625,-0.1351318359375
22.267,306,308,1401,3126,-0.8245849609375,0.2354736328125,-0.1214599609375
22.268,306,306,1452,3147,-0.8082275390625,0.1727294921875,-0.094482421875
22.278,306,306,1506,3147,-0.7841796875,0.1248779296875,-0.08447265625
22.283,305,308,1597,3147,-0.7596435546875,0.092041015625,-0.08984375
22.297,305,306,1693,3147,-0.709716796875,0.0972900390625,-0.1031494140625
22.305,307,308,1773,3147,-0.6104736328125,0.134033203125,-0.1226806640625
22.313,315,308,2035,3147,-0.4468994140625,0.166259765625,-0.14599609375
22.328,315,327,2370,3147,-0.2540283203125,0.141845703125,-0.1929931640625
22.340,306,334,2596,3147,-0.1148681640625,0.1165771484375,-0.2503662109375
22.343,308,308,2780,3147,-0.0841064453125,0.248779296875,-0.2752685546875
22.370,306,306,3076,3147,-0.23046875,0.3330078125,-0.21484375
22.373,324,307,3147,3147,-0.5657958984375,0.0335693359375,-0.0123291015625
22.373,306,307,3147,3147,-0.880859375,-0.3583984375,0.4488525390625
22.382,306,307,3147,3147,-1.0850830078125,-0.1875,0.930419921875
22.397,636,3147,3147,3147,-1.2899169921875,0.5167236328125,0.9725341796875
22.404,695,3147,3147,3147,-1.658447265625,0.9071044921875,0.6859130859375
22.412,316,334,3147,3147,-2.1800537109375,0.75,0.3114013671875
22.426,525,3147,3147,3147,-2.5560302734375,0.5194091796875,-0.1024169921875
22.433,307,334,3147,3147,-2.33349609375,0.338134765625,-0.648681640625
22.444,306,315,3147,3147,-1.572998046875,0.3516845703125,-1.1781005859375
22.461,304,308,3147,3147,-1.1405029296875,0.7454833984375,-1.2578125
22.472,424,533,3147,3147,-1.342041015625,0.98095703125,-0.8104248046875
22.473,661,3147,3147,3147,-1.6444091796875,0.6783447265625,-0.23388671875
22.485,527,3147,3147,3147,-1.7022705078125,0.2728271484375,0.0899658203125
22.494,430,3147,3147,3147,-1.57958984375,0.06591796875,0.1510009765625
22.505,308,559,3147,3147,-1.3951416015625,-0.011962890625,0.0809326171875
22.518,332,3147,3042,3134,-1.232666015625,-0.0537109375,0.0389404296875
22.523,330,3147,2948,3010,-1.12109375,-0.027587890625,0.0804443359375
22.531,330,3147,2788,2909,-1.030029296875,0.069580078125,0.1024169921875
22.545,324,3147,2516,2585,-0.939453125,0.15966796875,0.0467529296875
22.554,323,3147,2341,2320,-0.8428955078125,0.2236328125,-0.03076171875
22.565,323,3147,2190,2117,-0.74462890625,0.25390625,-0.07666015625
22.578,316,3147,1798,1676,-0.651611328125,0.248291015625,-0.073974609375
22.584,314,3147,1624,1365,-0.580810546875,0.2003173828125,-0.0740966796875
22.592,308,401,1555,3147,-0.5511474609375,0.1026611328125,-0.1002197265625
22.613,306,307,1494,2494,-0.56640625,-0.0087890625,-0.1307373046875
22.614,308,308,1467,1816,-0.62255859375,-0.0467529296875,-0.16845703125
22.622,308,818,1441,2563,-0.6533203125,-0.00634765625,-0.2052001953125
22.636,308,308,1422,3035,-0.6575927734375,0.034423828125,-0.1932373046875
22.649,308,305,1411,2985,-0.7265625,0.114013671875,-0.150634765625
22.652,308,309,1379,2966,-0.8167724609375,0.2301025390625,-0.119873046875
22.679,308,307,1361,2966,-0.838134765625,0.29296875,-0.0699462890625
22.681,306,294,1359,1188,-0.8011474609375,0.2889404296875,-0.0140380859375
22.684,308,308,1382,3051,-0.7606201171875,0.2529296875,0.0068359375
22.696,310,306,1382,3121,-0.750732421875,0.2376708984375,-0.0179443359375
22.705,307,306,1401,3147,-0.7694091796875,0.2763671875,-0.0679931640625
22.720,308,306,1422,3147,-0.7694091796875,0.2763671875,-0.0679931640625
22.726,306,308,1473,3147,-0.804931640625,0.314697265625,-0.113037109375
22.734,306,306,1503,1877,-0.79931640625,0.2764892578125,-0.1094970703125
22.742,307,306,1573,1443,-0.79931640625,0.2764892578125,-0.1094970703125
22.755,310,309,1640,2422,-0.759765625,0.162353515625,-0.0771484375
22.779,306,306,1704,3147,-0.6746826171875,0.1187744140625,-0.0767822265625
22.782,306,308,1821,2249,-0.6746826171875,0.1187744140625,-0.0767822265625
22.787,310,1584,2231,3147,-0.384521484375,0.0755615234375,-0.0604248046875
22.794,318,323,2467,3147,-0.2196044921875,0.0849609375,-0.0203857421875
22.802,313,591,2698,3147,-0.2196044921875,0.0849609375,-0.0203857421875
22.825,317,2921,3010,3147,-0.2623291015625,0.3360595703125,-0.033935546875
22.825,330,3147,3140,3121,-0.4423828125,0.2457275390625,-0.160400390625
22.832,306,344,3147,3147,-0.4423828125,0.2457275390625,-0.160400390625
22.853,493,3147,3147,3147,-0.74853515625,-0.3953857421875,0.068603515625
22.853,309,1416,3147,3147,-1.058349609375,-0.118408203125,0.267578125
22.862,636,3147,3147,3147,-1.058349609375,-0.118408203125,0.267578125
22.883,682,3147,3147,3147,-1.9140625,0.7674560546875,0.2568359375
22.889,693,3147,3147,3147,-2.235595703125,0.630126953125,0.231201171875
22.891,705,3147,3147,3147,-2.235595703125,0.630126953125,0.231201171875
22.905,388,1306,3147,3147,-2.145263671875,0.44384765625,-0.2406005859375
22.913,644,1646,3147,3147,-1.5189208984375,0.51416015625,-0.71533203125
22.922,508,2128,3147,3147,-1.5189208984375,0.51416015625,-0.71533203125
22.938,359,308,3147,3147,-1.51904296875,0.788818359375,-0.3858642578125
22.944,509,2180,3147,3147,-1.51904296875,0.788818359375,-0.3858642578125
22.956,493,2137,3147,3147,-1.782470703125,0.554443359375,-0.09814453125
22.965,438,1959,3147,3147,-1.5361328125,0.2427978515625,-0.1402587890625
22.977,373,1943,3147,3147,-1.5361328125,0.2427978515625,-0.1402587890625
22.993,310,1843,3147,3147,-1.39453125,0.1968994140625,-0.1937255859375
22.996,313,1719,3052,3147,-1.132080078125,0.09033203125,-0.0867919921875
23.004,313,1715,2918,3147,-1.132080078125,0.09033203125,-0.0867919921875
23.012,308,2544,2736,3147,-0.97900390625,0.15576171875,-0.0638427734375
23.025,304,308,2461,2374,-0.77734375,0.179443359375,-0.1224365234375
23.036,308,306,2320,3147,-0.77734375,0.179443359375,-0.1224365234375
23.044,306,308,2074,3147,-0.7120361328125,0.1307373046875,-0.14453125
23.057,306,306,1719,3147,-0.5684814453125,0.077880859375,-0.2166748046875
23.064,306,306,1600,3147,-0.5684814453125,0.077880859375,-0.2166748046875
23.086,306,307,1514,3014,-0.510009765625,0.0294189453125,-0.261474609375
23.086,294,308,1447,2539,-0.460693359375,-0.0850830078125,-0.2923583984375
23.094,308,306,1371,2253,-0.460693359375,-0.0850830078125,-0.2923583984375
23.102,307,306,1342,2110,-0.54052734375,0.0767822265625,-0.1326904296875
23.115,308,307,1283,2068,-0.645751953125,0.3624267578125,0.159912109375
23.124,306,308,1289,2123,-0.645751953125,0.3624267578125,0.159912109375
23.132,309,308,1292,2247,-0.6534423828125,0.325439453125,0.2164306640625
23.146,306,308,1294,2493,-0.6717529296875,0.1976318359375,0.1842041015625
23.164,308,306,1303,2624,-0.73046875,0.14208984375,0.0902099609375
23.164,306,306,1323,2790,-0.7928466796875,0.166015625,-0.015625
23.180,307,308,1393,3020,-0.8262939453125,0.20703125,-0.0892333984375
23.188,308,308,1440,3147,-0.8104248046875,0.21728515625,-0.107177734375
23.192,306,308,1474,3147,-0.76318359375,0.17236328125,-0.111572265625
23.206,304,308,1610,3147,-0.73388671875,0.1251220703125,-0.1341552734375
23.214,306,306,1683,3147,-0.7047119140625,0.1285400390625,-0.1527099609375
23.222,306,306,1892,3147,-0.60400390625,0.1490478515625,-0.145263671875
23.235,306,306,2263,3147,-0.4544677734375,0.1025390625,-0.0802001953125
23.249,306,308,2481,3147,-0.3446044921875,0.029052734375,0.009765625
23.252,306,306,2721,3147,-0.2464599609375,0.001953125,0.0614013671875
23.269,308,307,3008,3147,-0.1593017578125,-0.0050048828125,0.0888671875
23.274,308,307,3141,3147,-0.178955078125,-0.068115234375,0.058837890625
23.286,306,306,3147,3147,-0.296630859375,-0.2833251953125,-0.0869140625
23.300,306,308,3147,3147,-0.513671875,-0.45068359375,-0.1905517578125
23.304,307,308,3147,3147,-0.9586181640625,0.0296630859375,-0.149169921875
23.312,306,305,3147,3147,-1.5628662109375,0.8619384765625,-0.09033203125
23.325,306,307,3147,3147,-2.1151123046875,1.095458984375,0.0472412109375
23.334,307,306,3147,3147,-2.4422607421875,0.8321533203125,0.222900390625
23.343,306,308,3147,3147,-2.5137939453125,0.61669921875,0.1798095703125
23.396,305,308,3147,3147,-2.2978515625,0.5528564453125,-0.17626953125
23.396,306,306,3147,3147,-1.6492919921875,0.515625,-0.7530517578125
23.396,306,306,3147,3147,-1.3004150390625,0.6104736328125,-0.943115234375
23.396,306,307,3147,3147,-1.593505859375,0.5958251953125,-0.554931640625
23.401,306,306,3147,3147,-1.783935546875,0.2919921875,-0.1898193359375
23.409,307,306,3147,3147,-1.6568603515625,0.0911865234375,-0.0889892578125
23.416,302,307,3147,3147,-1.4412841796875,0.0548095703125,-0.1197509765625
23.424,306,306,3147,3147,-1.282470703125,0.0277099609375,-0.12451171875
23.432,306,306,3147,3147,-1.17236328125,0.001220703125,-0.035400390625
23.445,306,308,2993,3147,-1.0599365234375,0.0364990234375,0.0982666015625
23.469,306,306,2851,3147,-0.9462890625,0.168701171875,0.135498046875
23.469,305,306,2713,3147,-0.8267822265625,0.3062744140625,0.0382080078125
23.475,301,307,2458,3147,-0.7098388671875,0.2967529296875,-0.0927734375
23.499,306,306,2337,3147,-0.6517333984375,0.193603515625,-0.2030029296875
23.504,308,308,2221,3147,-0.6539306640625,0.12451171875,-0.2562255859375
23.506,306,296,2012,3147,-0.673828125,0.1263427734375,-0.2406005859375
23.517,306,304,1867,3147,-0.685302734375,0.1531982421875,-0.1932373046875
23.522,307,308,1697,3147,-0.671142578125,0.146484375,-0.1551513671875
23.535,307,306,1561,3147,-0.6260986328125,0.068603515625,-0.1773681640625
23.544,306,304,1483,3147,-0.594970703125,-0.014892578125,-0.1982421875
23.552,306,306,1415,3147,-0.6370849609375,-0.01171875,-0.15673828125
23.578,306,308,1278,3020,-0.7401123046875,0.07177734375,-0.10400390625
23.578,308,308,1268,2869,-0.8369140625,0.1942138671875,-0.0535888671875
23.599,306,307,1266,2785,-0.87109375,0.25634765625,0.01513671875
23.608,308,308,1239,2744,-0.847412109375,0.1993408203125,0.0672607421875
23.609,308,306,1248,2770,-0.8115234375,0.110107421875,0.046875
23.612,308,308,1255,2850,-0.7813720703125,0.0748291015625,-0.02490234375
23.625,307,308,1290,3008,-0.766357421875,0.1025390625,-0.0911865234375
23.634,306,305,1320,3136,-0.763671875,0.1546630859375,-0.1195068359375
23.642,307,306,1336,3147,-0.749267578125,0.1920166015625,-0.1234130859375
23.655,306,306,1386,3147,-0.7244873046875,0.1895751953125,-0.1195068359375
23.664,306,305,1477,3147,-0.694580078125,0.1585693359375,-0.1031494140625
23.680,306,306,1577,3147,-0.647216796875,0.1337890625,-0.095703125
23.686,305,308,1925,3147,-0.5772705078125,0.1273193359375,-0.084228515625
23.708,306,306,2139,3147,-0.488525390625,0.15234375,-0.0474853515625
23.709,291,306,2308,3147,-0.39892578125,0.1671142578125,-0.0218505859375
23.719,306,308,2624,3147,-0.3243408203125,0.11669921875,-0.014892578125
23.724,308,308,2881,3147,-0.263916015625,0.0804443359375,0.00830078125
23.732,307,307,3057,3147,-0.2333984375,0.06884765625,0.0419921875
23.746,306,306,3147,3147,-0.3406982421875,-0.0595703125,-0.017578125
23.754,306,306,3147,3147,-0.5888671875,-0.1976318359375,-0.117431640625
23.762,304,305,3147,3147,-0.940185546875,-0.0537109375,-0.1531982421875
23.784,306,306,3147,3147,-1.4102783203125,0.3685302734375,-0.1805419921875
23.785,306,305,3147,3147,-1.88720703125,0.63671875,-0.071044921875
23.792,306,308,3147,3147,-2.2132568359375,0.57275390625,0.1678466796875
23.813,306,308,3147,3147,-2.3409423828125,0.4744873046875,0.2447509765625
23.814,306,308,3147,3147,-2.2840576171875,0.47314453125,0.0020751953125
23.822,306,306,3147,3147,-1.805908203125,0.4188232421875,-0.5634765625
23.835,306,308,3147,3147,-1.16064453125,0.5133056640625,-0.9913330078125
23.844,306,306,3147,3147,-1.1092529296875,0.7349853515625,-0.8343505859375
23.852,306,307,3147,3147,-1.1092529296875,0.7349853515625,-0.8343505859375
23.866,306,308,3147,3147,-1.8079833984375,0.2843017578125,0.1259765625
23.876,307,306,3147,3147,-1.689208984375,0.1112060546875,0.2059326171875
23.916,305,306,3147,3147,-1.689208984375,0.1112060546875,0.2059326171875
23.916,292,306,3147,3147,-1.17529296875,0.1124267578125,0.05224609375
23.916,307,305,3147,3147,-1.05810546875,0.11962890625,0.00927734375
23.916,306,308,3147,3147,-1.05810546875,0.11962890625,0.00927734375
23.926,305,307,3102,3147,-0.990234375,0.23388671875,-0.1258544921875
23.934,306,308,2989,3147,-0.953369140625,0.1702880859375,-0.1922607421875
23.944,306,306,2886,3147,-0.953369140625,0.1702880859375,-0.1922607421875
23.955,306,308,2664,3147,-0.803955078125,-0.0035400390625,-0.170166015625
23.964,307,305,2477,3147,-0.7156982421875,0.0308837890625,-0.1380615234375
23.979,306,306,2275,3147,-0.7156982421875,0.0308837890625,-0.1380615234375
23.986,308,306,1967,3147,-0.5953369140625,0.1802978515625,-0.1572265625
23.997,306,306,1766,3147,-0.591064453125,0.1536865234375,-0.202392578125
24.017,305,305,1560,2887,-0.591064453125,0.1536865234375,-0.202392578125
24.017,307,308,1442,2645,-0.5362548828125,0.0125732421875,-0.2333984375
24.024,306,306,1424,2497,-0.548828125,0.068359375,-0.14697265625
24.032,308,308,1393,2447,-0.548828125,0.068359375,-0.14697265625
24.046,306,307,1373,2435,-0.7440185546875,0.2210693359375,0.0345458984375
24.057,306,308,1382,2532,-0.7440185546875,0.2210693359375,0.0345458984375
24.062,308,307,1373,2612,-0.7481689453125,0.181640625,0.0830078125
24.083,307,308,1402,2861,-0.7845458984375,0.14892578125,-0.0135498046875
24.085,308,306,1393,2964,-0.7845458984375,0.14892578125,-0.0135498046875
24.093,306,307,1428,3126,-0.8167724609375,0.177734375,-0.072509765625
24.119,306,308,1469,3147,-0.84228515625,0.167724609375,-0.1085205078125
24.119,306,282,1470,3147,-0.84228515625,0.167724609375,-0.1085205078125
24.122,306,308,1582,3147,-0.8389892578125,0.177978515625,-0.1151123046875
24.135,306,306,1775,3147,-0.800048828125,0.189697265625,-0.1456298828125
24.144,306,308,1978,3147,-0.800048828125,0.189697265625,-0.1456298828125
24.152,306,306,2117,3147,-0.736572265625,0.14306640625,-0.165283203125
24.170,307,306,2412,3147,-0.478759765625,0.019287109375,-0.0836181640625
24.174,305,306,2619,3147,-0.478759765625,0.019287109375,-0.0836181640625
24.184,305,304,2818,3147,-0.3856201171875,0.0838623046875,-0.0440673828125
24.208,308,307,3085,3147,-0.1763916015625,0.178466796875,-0.21630859375
24.208,306,306,3147,3147,-0.1763916015625,0.178466796875,-0.21630859375
24.217,306,3147,3147,3147,-0.0355224609375,0.12890625,-0.2286376953125
24.226,306,307,3147,3147,-0.6326904296875,0.181640625,0.0867919921875
24.234,306,308,3147,3147,-0.6326904296875,0.181640625,0.0867919921875
24.242,306,307,3147,3147,-1.478271484375,0.5699462890625,0.2564697265625
24.256,306,307,3147,3147,-2.5074462890625,0.34033203125,0.181640625
24.264,306,308,3147,3147,-2.5074462890625,0.34033203125,0.181640625
24.272,306,308,3147,3147,-2.5582275390625,0.14501953125,0.037353515625
24.289,304,306,3147,3147,-2.3419189453125,0.1402587890625,-0.3013916015625
24.294,306,307,3147,3147,-1.642578125,0.17626953125,-0.752685546875
24.302,305,306,3147,3147,-1.0711669921875,0.33447265625,-0.7977294921875
24.315,306,306,3147,3147,-1.21923828125,0.5125732421875,-0.271484375
24.331,306,308,3147,3147,-1.5462646484375,0.489013671875,0.1766357421875
24.333,307,308,3147,3147,-1.5506591796875,0.376953125,0.17333984375
24.346,306,307,3147,3147,-1.2755126953125,0.3092041015625,-0.2327880859375
24.355,306,306,3147,3147,-1.2755126953125,0.3092041015625,-0.2327880859375
24.363,306,308,3147,3147,-1.24609375,0.2354736328125,-0.273193359375
24.376,304,306,3147,3147,-1.101318359375,0.1907958984375,-0.1239013671875
24.395,306,306,3106,3147,-1.101318359375,0.1907958984375,-0.1239013671875
24.396,306,306,2973,3147,-0.978759765625,0.2264404296875,-0.0711669921875
24.406,304,310,2676,3147,-0.86474609375,0.1536865234375,-0.0697021484375
24.430,306,306,2534,3147,-0.77490234375,0.071044921875,-0.089111328125
24.431,306,308,2394,3147,-0.7314453125,0.0631103515625,-0.1224365234375
24.437,306,308,2166,3147,-0.73486328125,0.0849609375,-0.1527099609375
24.445,306,306,1954,3147,-0.7796630859375,0.0697021484375,-0.1968994140625
24.453,306,306,1806,3147,-0.84375,0.0562744140625,-0.2337646484375
24.467,306,307,1518,3062,-0.878173828125,0.0791015625,-0.2452392578125
24.475,307,306,1393,2813,-0.8355712890625,0.1134033203125,-0.251708984375
24.483,308,306,1366,2582,-0.7281494140625,0.1195068359375,-0.252685546875
24.497,306,308,1312,2205,-0.629638671875,0.1182861328125,-0.2191162109375
24.509,308,306,1283,2128,-0.5897216796875,0.154052734375,-0.1248779296875
24.531,308,308,1257,2102,-0.593994140625,0.2193603515625,-0.0079345703125
24.531,307,308,1202,2207,-0.6075439453125,0.2855224609375,0.0687255859375
24.535,308,310,1204,2321,-0.6243896484375,0.3038330078125,0.0567626953125
24.543,308,308,1182,2471,-0.6392822265625,0.27001953125,-0.0108642578125
24.556,306,308,1215,2765,-0.650146484375,0.222900390625,-0.0711669921875
24.565,308,306,1243,2976,-0.698486328125,0.1810302734375,-0.125732421875
24.573,308,308,1308,3147,-0.760986328125,0.145751953125,-0.17626953125
24.595,306,307,1393,3147,-0.7969970703125,0.1458740234375,-0.180908203125
24.596,306,306,1471,3147,-0.76171875,0.1397705078125,-0.1285400390625
24.603,307,307,1704,3147,-0.627197265625,0.112060546875,-0.0654296875
24.638,308,308,2188,3147,-0.449951171875,0.112548828125,-0.03466796875
24.639,306,291,2419,3147,-0.28076171875,0.1317138671875,-0.011474609375
24.639,307,292,2627,3147,-0.1561279296875,0.1688232421875,0.013427734375
24.647,306,306,2944,3147,-0.1644287109375,0.1729736328125,0.0421142578125
24.655,308,307,3118,3147,-0.3751220703125,0.1224365234375,0.0123291015625
24.663,308,307,3147,3147,-0.6295166015625,0.04248046875,-0.1387939453125
24.677,306,2657,3147,3147,-0.703369140625,-0.20654296875,-0.163330078125
24.685,522,3147,3147,3147,-0.7535400390625,-0.3533935546875,0.025146484375
24.696,573,3147,3147,3147,-1.108154296875,0.104248046875,0.1654052734375
24.707,627,3147,3147,3147,-1.6956787109375,0.662841796875,0.233154296875
24.743,345,3020,3147,3147,-2.174072265625,0.6639404296875,0.3502197265625
24.744,310,3032,3147,3147,-2.3948974609375,0.5028076171875,0.3795166015625
24.744,306,3147,3147,3147,-2.365478515625,0.568603515625,0.1141357421875
24.746,305,3147,3147,3147,-1.873291015625,0.599365234375,-0.4876708984375
24.755,687,305,3147,3147,-1.2039794921875,0.6552734375,-0.9083251953125
24.762,750,3147,3147,3147,-1.160888671875,0.7896728515625,-0.6700439453125
24.776,316,344,3147,3147,-1.54638671875,0.5863037109375,-0.2252197265625
24.784,307,313,3147,3147,-1.725830078125,0.183349609375,-0.0902099609375
24.798,510,308,3147,3147,-1.65625,0.032958984375,-0.15869140625
24.806,519,3147,3147,3147,-1.4462890625,0.098876953125,-0.16845703125
24.819,432,3147,3147,3147,-1.2130126953125,0.19091796875,-0.1175537109375
24.825,347,2456,3147,3147,-1.063232421875,0.22900390625,-0.067138671875
24.836,310,1774,3147,3147,-0.95556640625,0.1905517578125,-0.0169677734375
24.855,330,3147,3054,3147,-0.863037109375,0.1751708984375,-0.0238037109375
24.855,328,3147,2954,3147,-0.80419921875,0.2025146484375,-0.0928955078125
24.866,328,3147,2770,3147,-0.7646484375,0.1993408203125,-0.150634765625
24.874,308,306,2676,3147,-0.74072265625,0.1796875,-0.1693115234375
24.882,306,306,2569,3147,-0.728271484375,0.1710205078125,-0.169921875
24.900,307,308,2364,3147,-0.7269287109375,0.1787109375,-0.1802978515625
24.904,307,306,2268,3147,-0.7357177734375,0.1640625,-0.20703125
24.912,308,306,2142,3147,-0.7515869140625,0.131591796875,-0.2288818359375
24.941,304,306,1978,3147,-0.7587890625,0.122802734375,-0.232421875
24.941,290,308,1867,3147,-0.7529296875,0.149658203125,-0.2147216796875
24.942,306,307,1750,3147,-0.7471923828125,0.205322265625,-0.16455078125
24.962,306,307,1669,3147,-0.720703125,0.2353515625,-0.1292724609375
24.964,306,308,1616,3147,-0.68115234375,0.2347412109375,-0.1326904296875
24.972,306,306,1590,3147,-0.68115234375,0.2347412109375,-0.1326904296875
24.986,306,307,1564,3147,-0.7200927734375,0.2308349609375,-0.136474609375
24.994,307,307,1555,3147,-0.7490234375,0.20849609375,-0.118896484375
25.003,306,306,1560,3147,-0.7490234375,0.20849609375,-0.118896484375
25.022,304,307,1575,3147,-0.809814453125,0.1546630859375,-0.0443115234375
25.024,306,308,1602,3147,-0.828369140625,0.1441650390625,-0.025146484375
25.041,306,306,1652,3147,-0.828369140625,0.1441650390625,-0.025146484375
25.045,305,306,1796,3147,-0.7828369140625,0.1434326171875,0.015625
25.062,304,306,1899,3147,-0.7423095703125,0.1611328125,0.021240234375
25.062,306,292,2035,3147,-0.7423095703125,0.1611328125,0.021240234375
25.075,306,306,2308,3147,-0.61083984375,0.1551513671875,-0.068115234375
25.084,306,306,2440,3147,-0.577392578125,0.138916015625,-0.1182861328125
25.092,306,305,2571,3147,-0.577392578125,0.138916015625,-0.1182861328125
25.106,307,307,2772,3147,-0.5911865234375,0.1107177734375,-0.372314453125
25.114,306,306,2925,3147,-0.3572998046875,0.06201171875,-0.389404296875
25.125,307,306,3063,3147,-0.3572998046875,0.06201171875,-0.389404296875
25.142,310,1869,3147,3147,0.047119140625,0.0343017578125,-0.4847412109375
25.144,348,3147,3147,3147,-0.174560546875,0.100341796875,-0.341552734375
25.152,306,1967,3147,3147,-0.174560546875,0.100341796875,-0.341552734375
25.168,360,306,3147,3147,-1.5467529296875,0.691162109375,0.3406982421875
25.174,472,2028,3147,3147,-2.072021484375,0.6038818359375,0.5289306640625
25.183,654,3147,3147,3147,-2.072021484375,0.6038818359375,0.5289306640625
25.197,306,3147,3147,3147,-2.344970703125,0.257568359375,0.3585205078125
25.208,309,308,3147,3147,-2.344970703125,0.257568359375,0.3585205078125
25.212,305,3147,3147,3147,-2.2393798828125,0.4239501953125,0.0311279296875
25.240,307,306,3147,3147,-0.9873046875,0.190673828125,-0.347900390625
25.240,306,291,3147,3147,-0.9873046875,0.190673828125,-0.347900390625
25.244,306,307,3147,3147,-1.19384765625,0.3565673828125,-0.106201171875
25.256,306,306,3147,3147,-1.7855224609375,0.330810546875,-0.14501953125
25.264,306,306,3147,3147,-1.7855224609375,0.330810546875,-0.14501953125
25.273,306,307,3147,3147,-1.5198974609375,0.3680419921875,-0.2471923828125
25.286,306,308,3147,3147,-1.15625,0.468505859375,-0.218994140625
25.296,308,305,3147,3147,-1.15625,0.468505859375,-0.218994140625
25.302,305,306,3147,3147,-1.0677490234375,0.3197021484375,-0.159912109375
25.315,305,307,2973,3147,-0.9013671875,0.144775390625,-0.1436767578125
25.329,305,308,2842,3147,-0.9013671875,0.144775390625,-0.1436767578125
25.343,306,306,2703,3147,-0.855224609375,0.17626953125,-0.21728515625
25.347,304,308,2492,3147,-0.8062744140625,0.0985107421875,-0.223876953125
25.354,306,308,2356,3147,-0.8062744140625,0.0985107421875,-0.223876953125
25.362,306,307,2243,3147,-0.7843017578125,0.08251953125,-0.151611328125
25.380,306,307,1973,3147,-0.728759765625,0.0506591796875,-0.0677490234375
25.384,306,306,1837,3147,-0.728759765625,0.0506591796875,-0.0677490234375
25.392,306,306,1676,3147,-0.74072265625,0.0709228515625,-0.1043701171875
25.415,306,307,1521,3147,-0.7713623046875,0.126220703125,-0.1866455078125
25.416,306,308,1483,3147,-0.7540283203125,0.17431640625,-0.2884521484375
25.422,305,308,1440,3137,-0.6871337890625,0.1871337890625,-0.3463134765625
25.440,306,308,1370,3011,-0.6551513671875,0.1884765625,-0.3248291015625
25.449,306,306,1312,2940,-0.690185546875,0.1959228515625,-0.23974609375
25.457,306,308,1289,2880,-0.7257080078125,0.1962890625,-0.1390380859375
25.466,307,308,1287,2925,-0.7218017578125,0.191162109375,-0.0478515625
25.474,307,308,1306,3042,-0.709228515625,0.1715087890625,0.0205078125
25.485,306,307,1323,3137,-0.723388671875,0.1463623046875,0.02783203125
25.495,304,308,1393,3147,-0.753662109375,0.1466064453125,-0.02294921875
25.504,306,305,1399,3147,-0.768798828125,0.1617431640625,-0.08984375
25.521,306,306,1467,3147,-0.7578125,0.16015625,-0.1416015625
25.525,306,306,1675,3147,-0.7257080078125,0.14453125,-0.160888671875
25.534,307,306,1920,3147,-0.6846923828125,0.1280517578125,-0.136962890625
25.543,306,304,2137,3147,-0.6263427734375,0.1319580078125,-0.0667724609375
25.556,306,306,2424,3147,-0.503173828125,0.1573486328125,0.026611328125
25.564,306,306,2591,3147,-0.3623046875,0.1497802734375,0.1099853515625
25.580,306,308,2830,3147,-0.280029296875,0.12744140625,0.163330078125
25.626,307,306,3121,3147,-0.221435546875,0.111083984375,0.1568603515625
25.626,306,308,3147,3147,-0.2464599609375,0.0069580078125,-0.0101318359375
25.626,306,305,3147,3147,-0.447509765625,-0.15673828125,-0.2677001953125
25.626,306,307,3147,3147,-0.730224609375,-0.1448974609375,-0.3856201171875
25.626,306,306,3147,3147,-1.043212890625,0.1634521484375,-0.3167724609375
25.641,306,306,3147,3147,-1.402099609375,0.652587890625,-0.2073974609375
25.650,306,308,3147,3147,-1.8167724609375,0.9608154296875,-0.121337890625
25.654,306,3147,3147,3147,-2.17919921875,0.7857666015625,-0.07763671875
25.662,306,2700,3147,3147,-2.3250732421875,0.395263671875,-0.148193359375
25.676,559,2162,3147,3147,-2.2254638671875,0.200439453125,-0.289306640625
25.684,306,3147,3147,3147,-1.718017578125,0.1590576171875,-0.4593505859375
25.699,306,306,3147,3147,-1.0704345703125,0.2799072265625,-0.4183349609375
25.706,306,307,3147,3147,-0.997802734375,0.552978515625,-0.06103515625
25.720,307,306,3147,3147,-1.443359375,0.61328125,0.17138671875
25.722,304,306,3147,3147,-1.7364501953125,0.3883056640625,0.05615234375
25.747,304,306,3147,3147,-1.661376953125,0.23095703125,-0.1898193359375
25.748,306,307,3147,3147,-1.453369140625,0.2713623046875,-0.3348388671875
25.757,306,308,3147,3147,-1.253173828125,0.309326171875,-0.3199462890625
25.765,307,308,3106,3147,-1.068115234375,0.307373046875,-0.2259521484375
25.774,306,307,2966,3147,-0.9111328125,0.3677978515625,-0.144775390625
25.782,307,306,2868,3147,-0.8189697265625,0.405517578125,-0.1070556640625
25.796,307,308,2638,3147,-0.79296875,0.2943115234375,-0.09033203125
25.805,306,306,2526,3147,-0.792724609375,0.13916015625,-0.08251953125
25.812,307,307,2375,3147,-0.7899169921875,0.05615234375,-0.0738525390625
25.826,306,308,2113,3147,-0.7589111328125,0.029296875,-0.08154296875
25.834,306,306,1931,3147,-0.7017822265625,0.025634765625,-0.1163330078125
25.842,306,305,1709,3147,-0.6431884765625,0.0379638671875,-0.131103515625
25.859,306,306,1529,3147,-0.5806884765625,0.037353515625,-0.141357421875
25.864,305,306,1456,3147,-0.53515625,0.0303955078125,-0.1875
25.872,304,306,1434,3147,-0.5543212890625,0.0875244140625,-0.2152099609375
25.886,306,306,1406,3147,-0.6400146484375,0.223876953125,-0.1844482421875
25.894,306,306,1411,3147,-0.740478515625,0.3648681640625,-0.119140625
25.902,306,306,1422,3147,-0.79736328125,0.418701171875,-0.0390625
25.916,306,307,1427,3147,-0.7945556640625,0.350830078125,0.029541015625
25.925,307,307,1450,3147,-0.776123046875,0.2198486328125,0.0447998046875
25.932,306,306,1453,3147,-0.7928466796875,0.13623046875,-0.0057373046875
25.953,306,308,1480,3147,-0.834228515625,0.1495361328125,-0.0921630859375
25.957,306,307,1492,3147,-0.8529052734375,0.1973876953125,-0.1539306640625
25.962,314,305,1508,3147,-0.8411865234375,0.2205810546875,-0.162109375
25.976,306,307,1604,3147,-0.8248291015625,0.218994140625,-0.1490478515625
25.984,307,306,1697,3147,-0.803466796875,0.2069091796875,-0.1358642578125
25.992,306,306,1869,3147,-0.7525634765625,0.201416015625,-0.1143798828125
26.006,308,308,2161,3147,-0.6607666015625,0.1942138671875,-0.0723876953125
26.018,306,306,2299,3147,-0.5465087890625,0.1683349609375,-0.0220947265625
26.027,306,306,2492,3147,-0.403076171875,0.108642578125,-0.0162353515625
26.036,306,307,2884,3147,-0.23828125,0.0308837890625,-0.067626953125
26.047,308,306,3032,3147,-0.11474609375,-0.0667724609375,-0.218994140625
26.065,313,1711,3147,3147,-0.0439453125,-0.19873046875,-0.3497314453125
26.066,362,1613,3147,3147,-0.1466064453125,-0.1812744140625,-0.2734375
26.074,388,1697,3147,3147,-0.5509033203125,0.1334228515625,-0.029541015625
26.084,306,3147,3147,3147,-1.13720703125,0.5670166015625,0.2218017578125
26.096,306,308,3147,3147,-1.7071533203125,0.7716064453125,0.2740478515625
26.104,306,306,3147,3147,-2.0982666015625,0.563720703125,0.2044677734375
26.112,306,306,3147,3147,-2.0982666015625,0.563720703125,0.2044677734375
26.132,306,307,3147,3147,-2.2178955078125,0.2545166015625,-0.0601806640625
26.134,306,3147,3147,3147,-2.038818359375,0.379150390625,-0.2686767578125
26.142,307,306,3147,3147,-2.038818359375,0.379150390625,-0.2686767578125
26.170,306,306,3147,3147,-1.0478515625,0.5758056640625,-0.591064453125
26.170,306,308,3147,3147,-1.1483154296875,0.76708984375,-0.391357421875
26.172,306,306,3147,3147,-1.1483154296875,0.76708984375,-0.391357421875
26.186,304,308,3147,3147,-1.6080322265625,0.3822021484375,-0.011474609375
26.197,306,306,3147,3147,-1.4766845703125,0.221435546875,-0.0455322265625
26.202,307,306,3147,3147,-1.4766845703125,0.221435546875,-0.0455322265625
26.216,306,306,3147,3147,-1.21044921875,0.2733154296875,-0.10791015625
26.239,306,306,3147,3147,-1.1370849609375,0.255615234375,-0.0704345703125
26.239,306,306,3147,3147,-1.1370849609375,0.255615234375,-0.0704345703125
26.262,304,307,3106,3147,-0.91552734375,0.1427001953125,-0.0126953125
26.263,306,307,2973,3147,-0.84326171875,0.210693359375,-0.095947265625
26.263,305,306,2918,3147,-0.84326171875,0.210693359375,-0.095947265625
26.276,306,308,2703,3147,-0.871826171875,0.2244873046875,-0.2052001953125
26.284,304,306,2521,3147,-0.9090576171875,0.20751953125,-0.1845703125
26.292,305,308,2395,3147,-0.9090576171875,0.20751953125,-0.1845703125
26.310,308,308,2135,3147,-0.88525390625,0.0819091796875,-0.1494140625
26.314,306,308,1904,3147,-0.8570556640625,0.043212890625,-0.1829833984375
26.323,306,306,1687,3147,-0.8570556640625,0.043212890625,-0.1829833984375
26.346,291,308,1463,3147,-0.7060546875,0.1217041015625,-0.250244140625
26.363,306,307,1386,3147,-0.7060546875,0.1217041015625,-0.250244140625
26.367,307,289,1343,3147,-0.5653076171875,0.1300048828125,-0.25146484375
26.371,306,306,1258,2996,-0.4998779296875,0.2391357421875,-0.1358642578125
26.374,308,304,1264,2976,-0.4998779296875,0.2391357421875,-0.1358642578125
26.382,306,306,1255,3033,-0.560791015625,0.3914794921875,-0.107177734375
26.396,306,307,1260,3147,-0.6246337890625,0.3248291015625,0.0169677734375
26.404,306,306,1285,3147,-0.6246337890625,0.3248291015625,0.0169677734375
26.412,306,306,1280,3147,-0.6435546875,0.1387939453125,0.023193359375
26.426,306,308,1383,3147,-0.6773681640625,0.119873046875,-0.14990234375
26.444,306,306,1437,3147,-0.6773681640625,0.119873046875,-0.14990234375
26.446,306,306,1494,3147,-0.698486328125,0.2587890625,-0.1820068359375
26.456,304,306,1920,3147,-0.6768798828125,0.3021240234375,-0.12890625
26.476,306,304,2164,3147,-0.6768798828125,0.3021240234375,-0.12890625
26.477,306,306,2306,3147,-0.58642578125,0.09423828125,-0.04296875
26.485,306,307,2530,3147,-0.3331298828125,-0.112548828125,0.0142822265625
26.494,306,308,2702,3147,-0.3331298828125,-0.112548828125,0.0142822265625
26.502,306,1480,2870,3147,-0.2454833984375,0.1082763671875,-0.0155029296875
26.515,324,3147,3095,3147,-0.447265625,0.3670654296875,0.0455322265625
26.524,306,321,3147,3147,-0.447265625,0.3670654296875,0.0455322265625
26.542,308,336,3147,3147,-0.692138671875,-0.1116943359375,0.162841796875
26.558,310,323,3147,3147,-0.9503173828125,-0.255859375,0.2581787109375
26.558,625,3147,3147,3147,-1.2991943359375,0.318603515625,0.2364501953125
26.570,384,2388,3147,3147,-1.7626953125,0.73095703125,0.21435546875
26.576,306,2238,3147,3147,-2.150634765625,0.5411376953125,0.1922607421875
26.584,306,359,3147,3147,-2.3369140625,0.298095703125,0.0498046875
26.592,333,479,3147,3147,-2.3009033203125,0.31396484375,-0.208251953125
26.606,306,310,3147,3147,-1.814697265625,0.375244140625,-0.5665283203125
26.614,307,328,3147,3147,-1.299560546875,0.5552978515625,-0.5941162109375
26.622,305,3147,3147,3147,-1.3597412109375,0.7999267578125,-0.1854248046875
26.648,315,357,3147,3147,-1.619140625,0.770751953125,0.0439453125
26.649,632,3147,3147,3147,-1.655029296875,0.5499267578125,-0.0137939453125
26.659,562,3045,3147,3147,-1.5152587890625,0.3358154296875,-0.0877685546875
26.679,314,1865,3147,3147,-1.3624267578125,0.2115478515625,-0.1060791015625
26.679,306,360,3147,3147,-1.2655029296875,0.1319580078125,-0.09033203125
26.682,331,3147,3120,3147,-1.1646728515625,0.085205078125,-0.05859375
26.696,324,949,2969,3147,-1.0460205078125,0.137939453125,-0.0594482421875
26.704,304,816,2805,3147,-0.9580078125,0.1922607421875,-0.088623046875
26.712,321,3147,2648,2554,-0.8995361328125,0.1497802734375,-0.11279296875
26.726,307,318,2356,3147,-0.826904296875,0.119140625,-0.103759765625
26.734,310,711,2127,3147,-0.713134765625,0.140869140625,-0.083740234375
26.745,306,356,1874,3147,-0.5943603515625,0.1854248046875,-0.10595703125
26.781,306,306,1592,1199,-0.4990234375,0.133544921875,-0.1563720703125
26.782,308,2925,1541,759,-0.4361572265625,-0.0601806640625,-0.212646484375
26.782,308,306,1449,2940,-0.425048828125,-0.199951171875,-0.217529296875
26.786,307,308,1374,2444,-0.4959716796875,-0.1036376953125,-0.1514892578125
26.794,307,308,1355,2325,-0.60693359375,0.1180419921875,-0.04833984375
26.802,306,307,1345,2366,-0.681640625,0.2310791015625,0.0738525390625
26.816,307,308,1331,2525,-0.7037353515625,0.193359375,0.1512451171875
26.824,306,306,1336,2662,-0.7066650390625,0.1007080078125,0.1346435546875
26.832,306,306,1348,2790,-0.7490234375,0.0975341796875,0.0601806640625
26.846,308,308,1370,2992,-0.8341064453125,0.1943359375,-0.00244140625
26.854,306,307,1386,3133,-0.8851318359375,0.2601318359375,-0.0408935546875
26.886,306,306,1409,3147,-0.8739013671875,0.257568359375,-0.0704345703125
26.886,307,308,1443,3147,-0.83935546875,0.2353515625,-0.08740234375
26.886,306,308,1483,3147,-0.809326171875,0.23095703125,-0.10107421875
26.892,308,307,1550,3147,-0.790283203125,0.2303466796875,-0.125244140625
26.906,306,306,1675,3147,-0.7821044921875,0.1929931640625,-0.1517333984375
26.914,307,306,1880,3147,-0.7491455078125,0.145751953125,-0.1612548828125
26.922,306,307,2143,3147,-0.667236328125,0.124267578125,-0.1597900390625
26.936,306,307,2484,3147,-0.5433349609375,0.1182861328125,-0.1446533203125
26.951,307,308,2658,2530,-0.347900390625,0.105712890625,-0.099853515625
26.952,310,3147,2868,2430,-0.103515625,0.0440673828125,-0.048095703125
26.967,307,308,3143,3147,0.0653076171875,-0.05322265625,-0.030029296875
26.981,306,306,3147,3147,0.005126953125,-0.0792236328125,-0.0118408203125
26.982,306,308,3147,3147,-0.3380126953125,-0.035400390625,0.0389404296875
26.996,307,307,3147,3147,-0.8509521484375,0.06103515625,0.11474609375
27.004,306,304,3147,3147,-1.4169921875,0.3375244140625,0.1573486328125
27.012,306,306,3147,3147,-1.93505859375,0.5703125,0.10400390625
27.026,306,307,3147,3147,-2.2445068359375,0.5423583984375,-0.0008544921875
27.034,306,306,3147,3147,-2.3719482421875,0.460693359375,-0.146484375
27.042,306,306,3147,3147,-2.3948974609375,0.44482421875,-0.2705078125
27.056,306,308,3147,3147,-1.9923095703125,0.4268798828125,-0.4522705078125
27.066,306,306,3147,3147,-1.26416015625,0.4805908203125,-0.635009765625
27.090,306,305,3147,3147,-1.099853515625,0.5660400390625,-0.4866943359375
27.091,306,306,3147,3147,-1.5460205078125,0.3961181640625,-0.2054443359375
27.098,306,308,3147,3147,-1.8448486328125,0.1102294921875,-0.06982421875
27.102,306,308,3147,3147,-1.7662353515625,0.031005859375,-0.03369140625
27.116,308,308,3147,3147,-1.52880859375,0.111572265625,-0.0562744140625
27.124,307,306,3147,3147,-1.304443359375,0.167724609375,-0.0775146484375
27.132,306,308,3147,3147,-1.11279296875,0.1727294921875,-0.0555419921875
27.146,306,306,3042,3147,-0.94775390625,0.234130859375,-0.0313720703125
27.154,307,306,2925,3147,-0.8328857421875,0.2999267578125,-0.0682373046875
27.162,306,307,2795,3147,-0.7706298828125,0.2396240234375,-0.1466064453125
27.191,306,308,2541,3147,-0.7418212890625,0.1419677734375,-0.21337890625
27.191,306,306,2394,3147,-0.7296142578125,0.1116943359375,-0.2354736328125
27.192,306,291,2221,3147,-0.6993408203125,0.1143798828125,-0.2235107421875
27.211,306,306,2012,3147,-0.656005859375,0.0897216796875,-0.2001953125
27.214,306,307,1869,3147,-0.623291015625,0.023193359375,-0.1708984375
27.222,306,305,1715,3147,-0.598388671875,-0.0546875,-0.1622314453125
27.236,306,306,1519,3147,-0.5672607421875,-0.091796875,-0.1751708984375
27.244,308,306,1480,3140,-0.5755615234375,-0.0538330078125,-0.173095703125
27.256,307,306,1439,3027,-0.5755615234375,-0.0538330078125,-0.173095703125
27.265,307,306,1379,2909,-0.7796630859375,0.185546875,-0.0634765625
27.274,308,306,1397,2897,-0.8187255859375,0.2802734375,0.0047607421875
27.296,307,306,1388,2901,-0.8187255859375,0.2802734375,0.0047607421875
27.296,306,308,1369,3000,-0.790771484375,0.206298828125,0.029541015625
27.304,306,307,1373,3090,-0.79638671875,0.1314697265625,-0.0516357421875
27.312,306,306,1373,3147,-0.79638671875,0.1314697265625,-0.0516357421875
27.326,306,307,1416,3147,-0.8470458984375,0.149658203125,-0.175537109375
27.337,307,306,1400,3147,-0.8599853515625,0.19287109375,-0.1866455078125
27.348,306,305,1411,3147,-0.8599853515625,0.19287109375,-0.1866455078125
27.358,306,307,1467,3147,-0.8243408203125,0.1807861328125,-0.149169921875
27.364,306,307,1518,3147,-0.771484375,0.1522216796875,-0.1414794921875
27.372,306,306,1613,3147,-0.771484375,0.1522216796875,-0.1414794921875
27.387,308,308,1960,3147,-0.555419921875,0.1259765625,-0.0955810546875
27.395,306,306,2190,3147,-0.4154052734375,0.071044921875,-0.0467529296875
27.402,306,308,2421,3147,-0.4154052734375,0.071044921875,-0.0467529296875
27.416,306,308,2813,3147,-0.1226806640625,0.044921875,0.142578125
27.424,306,306,3011,3147,-0.1575927734375,0.113037109375,0.1451416015625
27.436,306,306,3147,3147,-0.1575927734375,0.113037109375,0.1451416015625
27.446,306,307,3147,3147,-0.4630126953125,-0.2506103515625,-0.18798828125
27.461,306,306,3147,3147,-0.4630126953125,-0.2506103515625,-0.18798828125
27.462,306,306,3147,3147,-0.7332763671875,-0.3341064453125,-0.271728515625
27.478,307,306,3147,3147,-1.6756591796875,0.84521484375,-0.265625
27.491,306,306,3147,3147,-1.6756591796875,0.84521484375,-0.265625
27.494,306,306,3147,3147,-2.13720703125,0.7811279296875,-0.17041015625
27.509,306,300,3147,3147,-2.347900390625,0.1224365234375,-0.0916748046875
27.514,308,308,3147,3147,-2.347900390625,0.1224365234375,-0.0916748046875
27.522,306,306,3147,3147,-2.049560546875,0.4176025390625,-0.315673828125
27.536,306,307,3147,3147,-0.994140625,0.8367919921875,-0.5809326171875
27.549,306,306,3147,3147,-0.994140625,0.8367919921875,-0.5809326171875
27.552,305,306,3147,3147,-1.1748046875,0.9449462890625,-0.1494140625
27.566,306,307,3147,3147,-1.67431640625,0.2989501953125,0.003173828125
27.574,306,306,3147,3147,-1.67431640625,0.2989501953125,0.003173828125
27.595,306,306,3147,3147,-1.6033935546875,0.0599365234375,-0.1396484375
27.596,306,307,3147,3147,-1.27734375,0.0523681640625,-0.202392578125
27.604,306,306,3147,3147,-1.27734375,0.0523681640625,-0.202392578125
27.615,306,306,3147,3147,-1.1361083984375,0.1151123046875,-0.1546630859375
27.626,306,306,2989,3147,-0.919677734375,0.4444580078125,-0.082763671875
27.634,306,306,2891,3147,-0.919677734375,0.4444580078125,-0.082763671875
27.642,306,307,2737,3147,-0.874755859375,0.4283447265625,-0.0927734375
27.668,306,307,2410,3147,-0.8101806640625,0.1983642578125,-0.2113037109375
27.669,306,307,2213,3147,-0.8101806640625,0.1983642578125,-0.2113037109375
27.672,306,306,1973,3147,-0.7178955078125,0.0902099609375,-0.29931640625
27.686,306,306,1545,2991,-0.6383056640625,0.0216064453125,-0.3404541015625
27.699,307,306,1422,2538,-0.5960693359375,-0.007080078125,-0.3311767578125
27.705,308,306,1387,2197,-0.544921875,-0.0830078125,-0.3118896484375
27.722,308,307,1323,1611,-0.49658203125,-0.125732421875,-0.23876953125
27.724,308,308,1306,1636,-0.489013671875,0.0216064453125,-0.0936279296875
27.732,308,308,1264,1681,-0.511474609375,0.2945556640625,0.0064697265625
27.746,308,1794,1251,445,-0.518798828125,0.475341796875,0.0372314453125
27.754,308,1981,1281,431,-0.504150390625,0.4302978515625,0.0789794921875
27.774,307,2190,1294,439,-0.5350341796875,0.2635498046875,0.0770263671875
27.776,307,307,1323,2560,-0.620361328125,0.1575927734375,0.006103515625
27.797,305,306,1382,2847,-0.7232666015625,0.13720703125,-0.068359375
27.797,308,308,1481,3076,-0.82177734375,0.169677734375,-0.1092529296875
27.807,308,305,1715,3147,-0.87255859375,0.244873046875,-0.085693359375
27.815,306,306,1978,3147,-0.8341064453125,0.250732421875,-0.0279541015625
27.823,307,308,2190,3147,-0.6973876953125,0.1361083984375,0.00439453125
27.837,306,307,2472,3147,-0.49169921875,0.017578125,-0.0035400390625
27.845,307,308,2626,3147,-0.291748046875,-0.031982421875,-0.0380859375
27.853,306,306,2760,3147,-0.137939453125,0.0123291015625,-0.0458984375
27.870,308,306,3057,3147,-0.041015625,0.1729736328125,-0.0255126953125
27.875,305,306,3147,3147,-0.0618896484375,0.2978515625,-0.0054931640625
27.898,307,306,3147,3147,-0.266357421875,0.2403564453125,0.031982421875
27.901,306,308,3147,3147,-0.689453125,0.042236328125,0.017822265625
27.907,304,308,3147,3147,-1.1917724609375,0.0587158203125,-0.0787353515625
27.913,306,306,3147,3147,-1.62060546875,0.51171875,-0.208251953125
27.927,306,308,3147,3147,-2.02490234375,0.813720703125,-0.310546875
27.935,306,306,3147,3147,-2.3759765625,0.6383056640625,-0.337646484375
27.943,306,306,3147,3147,-2.575927734375,0.348876953125,-0.269775390625
27.957,307,308,3147,3147,-2.439208984375,0.1651611328125,-0.2081298828125
27.965,306,306,3147,3147,-1.7177734375,0.084716796875,-0.380126953125
27.973,306,305,3147,3147,-1.0919189453125,0.14111328125,-0.363037109375
28.003,306,306,3147,3147,-1.33740234375,0.234130859375,0.0137939453125
28.004,306,306,3147,3147,-1.8729248046875,0.2066650390625,0.1591796875
28.004,305,308,3147,3147,-1.9473876953125,0.148193359375,0.0125732421875
28.017,306,307,3147,3147,-1.6265869140625,0.166015625,-0.14013671875
28.025,305,307,3147,3147,-1.27783203125,0.223876953125,-0.1798095703125
28.033,305,306,3147,3147,-1.052734375,0.25439453125,-0.1492919921875
28.047,306,306,3089,3147,-0.902587890625,0.288330078125,-0.1649169921875
28.055,308,304,2955,3147,-0.78173828125,0.3291015625,-0.2213134765625
28.063,306,306,2847,3147,-0.691162109375,0.275146484375,-0.2359619140625
28.077,306,306,2598,3147,-0.629638671875,0.1739501953125,-0.20458984375
28.085,306,306,2437,3147,-0.580810546875,0.1207275390625,-0.1529541015625
28.105,305,306,2281,3147,-0.52294921875,0.0892333984375,-0.1209716796875
28.116,306,306,2104,3147,-0.4873046875,0.0728759765625,-0.120849609375
28.117,306,306,1943,3147,-0.5006103515625,0.0596923828125,-0.1253662109375
28.123,306,308,1819,3147,-0.5509033203125,0.0360107421875,-0.15234375
28.138,305,306,1721,3147,-0.6014404296875,0.04638671875,-0.1927490234375
28.148,308,306,1709,3147,-0.641845703125,0.1171875,-0.1785888671875
28.153,306,306,1697,3147,-0.6973876953125,0.1934814453125,-0.115234375
28.167,306,307,1703,3147,-0.7633056640625,0.229248046875,-0.05126953125
28.178,306,306,1713,3147,-0.8203125,0.2152099609375,-0.0042724609375
28.183,306,308,1730,3147,-0.86083984375,0.162109375,0.0174560546875
28.198,306,308,1739,3147,-0.888427734375,0.10986328125,0.000732421875
28.211,305,306,1748,3147,-0.90185546875,0.097412109375,-0.0540771484375
28.214,306,306,1762,3147,-0.8980712890625,0.1322021484375,-0.1077880859375
28.227,306,307,1796,3147,-0.885498046875,0.18408203125,-0.141845703125
28.235,305,307,1834,3147,-0.8824462890625,0.20947265625,-0.1630859375
28.243,304,306,1874,3147,-0.898193359375,0.200927734375,-0.1761474609375
28.257,304,307,1985,3147,-0.919921875,0.183349609375,-0.1832275390625
28.265,306,308,2075,3147,-0.9288330078125,0.1558837890625,-0.1712646484375
28.280,306,304,2218,3147,-0.9105224609375,0.12158203125,-0.1405029296875
28.287,306,307,2384,3147,-0.8756103515625,0.139404296875,-0.1351318359375
28.314,306,306,2445,3147,-0.8485107421875,0.193603515625,-0.1875
28.317,306,308,2519,3147,-0.8131103515625,0.1962890625,-0.2452392578125
28.317,306,308,2679,3147,-0.711669921875,0.1593017578125,-0.24951171875
28.325,306,307,2781,3147,-0.552978515625,0.15087890625,-0.2142333984375
28.337,306,306,2898,3147,-0.42724609375,0.198486328125,-0.177490234375
28.347,306,307,3079,3147,-0.3546142578125,0.24755859375,-0.205322265625
28.361,306,306,3147,3147,-0.3350830078125,0.228271484375,-0.311279296875
28.363,307,308,3147,3147,-0.422607421875,0.1124267578125,-0.332275390625
28.382,306,307,3147,3147,-0.5875244140625,0.0211181640625,-0.2230224609375
28.385,305,306,3147,3147,-0.808837890625,0.0670166015625,-0.0762939453125
28.393,306,306,3147,3147,-1.1492919921875,0.2581787109375,0.0950927734375
28.416,306,306,3147,3147,-1.538818359375,0.5977783203125,0.23486328125
28.416,306,306,3147,3147,-1.7742919921875,0.667724609375,0.3316650390625
28.423,306,306,3147,3147,-1.8116455078125,0.3558349609375,0.357421875
28.437,307,307,3147,3147,-1.7962646484375,0.0928955078125,0.234375
28.450,306,3147,3147,3147,-1.7279052734375,0.077880859375,0.0064697265625
28.453,721,3147,3147,3147,-1.447265625,0.2073974609375,-0.2607421875
28.467,306,2249,3147,3147,-1.093505859375,0.393310546875,-0.3885498046875
28.475,306,538,3147,3147,-0.9984130859375,0.671142578125,-0.248291015625
28.485,305,3147,3147,3147,-0.9984130859375,0.671142578125,-0.248291015625
28.497,306,3147,3147,3147,-1.5975341796875,0.690185546875,0.0565185546875
28.515,643,3147,3147,3147,-1.6724853515625,0.3636474609375,-0.0238037109375
28.517,577,3147,3147,3147,-1.6724853515625,0.3636474609375,-0.0238037109375
28.527,306,3147,3147,3147,-1.3299560546875,0.2901611328125,-0.1268310546875
28.535,306,307,3147,3147,-1.181396484375,0.3126220703125,-0.12744140625
28.543,306,306,3147,3147,-1.181396484375,0.3126220703125,-0.12744140625
28.562,308,307,3115,3147,-1.0096435546875,0.3330078125,-0.1004638671875
28.565,307,308,3046,3147,-0.96484375,0.3507080078125,-0.1046142578125
28.574,306,308,2955,3147,-0.96484375,0.3507080078125,-0.1046142578125
28.587,306,308,2830,3147,-0.8525390625,0.228759765625,-0.046142578125
28.595,307,307,2677,3147,-0.7664794921875,0.16064453125,0.005859375
28.604,308,1214,2565,3147,-0.7664794921875,0.16064453125,0.005859375
28.625,306,306,2296,3147,-0.617919921875,0.180908203125,-0.1136474609375
28.625,308,1014,2089,2619,-0.616455078125,0.1893310546875,-0.228759765625
28.633,306,308,1908,2296,-0.616455078125,0.1893310546875,-0.228759765625
28.646,309,308,1615,3147,-0.630859375,0.0140380859375,-0.3538818359375
28.655,306,306,1531,3147,-0.6571044921875,0.066650390625,-0.2918701171875
28.663,306,308,1452,3040,-0.6571044921875,0.066650390625,-0.2918701171875
28.692,308,307,1388,2757,-0.744384765625,0.305419921875,-0.0445556640625
28.692,306,308,1365,2692,-0.7418212890625,0.2998046875,0.057861328125
28.693,308,308,1333,2744,-0.7418212890625,0.2998046875,0.057861328125
28.708,306,306,1351,2925,-0.685302734375,0.258056640625,0.0927734375
28.719,306,308,1362,3016,-0.685302734375,0.258056640625,0.0927734375
28.731,306,308,1383,3115,-0.696533203125,0.322998046875,-0.003662109375
28.737,306,308,1413,3147,-0.7391357421875,0.432861328125,-0.15673828125
28.745,306,306,1443,3147,-0.7391357421875,0.432861328125,-0.15673828125
28.753,308,307,1548,3147,-0.741455078125,0.354736328125,-0.177734375
28.767,307,306,1769,3147,-0.724853515625,0.0955810546875,-0.0986328125
28.775,306,305,2007,3147,-0.724853515625,0.0955810546875,-0.0986328125
28.822,306,306,2202,3147,-0.7115478515625,0.0550537109375,-0.0828857421875
28.823,306,306,2503,3147,-0.484619140625,0.2181396484375,-0.0755615234375
28.823,307,308,2725,3147,-0.484619140625,0.2181396484375,-0.0755615234375
28.823,290,308,2946,3147,-0.271240234375,0.1915283203125,-0.0428466796875
28.829,306,308,3147,3147,0.093994140625,0.1483154296875,-0.0513916015625
28.835,306,308,3147,3147,0.093994140625,0.1483154296875,-0.0513916015625
28.843,306,306,3147,3147,-0.051025390625,0.1385498046875,-0.2406005859375
28.858,306,3147,3147,3147,-0.9921875,-0.0474853515625,-0.143798828125
28.865,307,306,3147,3147,-0.9921875,-0.0474853515625,-0.143798828125
28.873,306,3147,3147,3147,-1.4954833984375,0.3082275390625,-0.0364990234375
28.928,321,398,3147,3147,-2.328857421875,0.735107421875,-0.0284423828125
28.933,306,3147,3147,3147,-2.328857421875,0.735107421875,-0.0284423828125
28.933,678,3147,3147,3147,-2.452392578125,0.4307861328125,0.0396728515625
28.933,568,3147,3147,3147,-2.35498046875,0.302734375,-0.0067138671875
28.933,306,506,3147,3147,-1.8043212890625,0.3602294921875,-0.3284912109375
28.934,573,521,3147,3147,-1.161865234375,0.635498046875,-0.5352783203125
28.942,307,3147,3147,3147,-1.2025146484375,0.9022216796875,-0.281982421875
28.956,308,2115,3147,3147,-1.543701171875,0.7548828125,-0.007568359375
28.964,305,2823,3147,3147,-1.5947265625,0.4527587890625,0.0059814453125
28.972,308,328,3147,3147,-1.4879150390625,0.3223876953125,-0.1318359375
28.986,316,3147,3147,3147,-1.3446044921875,0.2703857421875,-0.213134765625
29.003,310,323,3114,3147,-1.19287109375,0.1741943359375,-0.174072265625
29.004,310,2030,2991,3147,-1.0677490234375,0.1041259765625,-0.0916748046875
29.016,306,308,2739,3147,-0.9732666015625,0.1566162109375,-0.037841796875
29.030,306,306,2591,3147,-0.9066162109375,0.2237548828125,-0.056640625
29.033,306,307,2415,2925,-0.8604736328125,0.193115234375,-0.1217041015625
29.046,306,308,2221,3147,-0.8353271484375,0.1455078125,-0.1861572265625
29.054,306,306,1997,3147,-0.8046875,0.1197509765625,-0.2103271484375
29.063,304,307,1801,3147,-0.7255859375,0.1143798828125,-0.214111328125
29.076,304,308,1569,3147,-0.6324462890625,0.1336669921875,-0.2247314453125
29.084,304,305,1494,3147,-0.5858154296875,0.162841796875,-0.2449951171875
29.107,306,306,1422,3147,-0.571044921875,0.1746826171875,-0.2757568359375
29.108,307,306,1340,3089,-0.5565185546875,0.15625,-0.2791748046875
29.138,306,306,1274,2978,-0.5556640625,0.1497802734375,-0.2459716796875
29.138,308,308,1243,2868,-0.5919189453125,0.21484375,-0.19580078125
29.139,307,307,1201,2853,-0.6422119140625,0.311279296875,-0.122802734375
29.144,306,308,1178,2905,-0.68310546875,0.367431640625,-0.0390625
29.152,306,307,1185,2948,-0.721435546875,0.36572265625,0.0272216796875
29.166,306,310,1198,3114,-0.74755859375,0.287841796875,0.043212890625
29.174,308,310,1206,3147,-0.767822265625,0.195068359375,-0.00341796875
29.182,306,307,1231,3147,-0.795654296875,0.1539306640625,-0.07958984375
29.201,306,306,1345,3147,-0.8021240234375,0.1475830078125,-0.145263671875
29.204,307,307,1428,3147,-0.7679443359375,0.1663818359375,-0.1619873046875
29.230,306,306,1506,3147,-0.7198486328125,0.1976318359375,-0.1126708984375
29.242,307,307,1715,3147,-0.6575927734375,0.2396240234375,-0.0447998046875
29.243,306,308,1973,3147,-0.51806640625,0.2735595703125,-0.005126953125
29.243,306,306,2194,3147,-0.327392578125,0.2138671875,0.0186767578125
29.256,305,310,2576,2775,-0.1873779296875,0.11279296875,0.082763671875
29.264,323,3147,2831,3076,-0.142822265625,0.1219482421875,0.1649169921875
29.272,306,319,3033,3147,-0.2384033203125,0.1644287109375,0.1080322265625
29.286,310,308,3147,3147,-0.4617919921875,0.0257568359375,-0.1282958984375
29.294,363,3147,3147,3147,-0.7113037109375,-0.273193359375,-0.3475341796875
29.304,332,644,3147,3147,-0.96875,-0.2872314453125,-0.3594970703125
29.341,634,3147,3147,3147,-1.3121337890625,0.249755859375,-0.20068359375
29.342,345,386,3147,3147,-1.7470703125,0.8197021484375,-0.0196533203125
29.342,738,3147,3147,3147,-2.1029052734375,0.816162109375,0.1749267578125
29.352,744,3147,3147,3147,-2.216552734375,0.4525146484375,0.31689453125
29.354,338,315,3147,3147,-2.109130859375,0.2420654296875,0.214599609375
29.362,315,3147,3147,3147,-1.7198486328125,0.2943115234375,-0.198486328125
29.376,590,3147,3147,3147,-1.1561279296875,0.5789794921875,-0.6385498046875
29.384,537,2608,3147,3147,-0.9998779296875,0.9237060546875,-0.7041015625
29.392,369,739,3147,3147,-1.355224609375,0.9083251953125,-0.4287109375
29.407,371,891,3147,3147,-1.6795654296875,0.53955078125,-0.1571044921875
29.414,381,1328,3147,3147,-1.708984375,0.2728271484375,-0.0684814453125
29.462,307,359,3147,3147,-1.557861328125,0.2392578125,-0.0672607421875
29.470,318,373,3147,3147,-1.3604736328125,0.2576904296875,-0.057861328125
29.488,307,371,3084,3147,-1.1619873046875,0.2213134765625,-0.032958984375
29.488,306,315,2993,3147,-0.990478515625,0.2071533203125,-0.01416015625
29.488,306,356,2742,3147,-0.9019775390625,0.2271728515625,-0.0487060546875
29.488,306,537,2596,3147,-0.8756103515625,0.217041015625,-0.1077880859375
29.488,313,2463,2449,2677,-0.8477783203125,0.2176513671875,-0.1512451171875
29.496,316,3147,2127,2058,-0.8018798828125,0.240966796875,-0.189453125
29.509,308,310,1920,3147,-0.736328125,0.2459716796875,-0.2337646484375
29.513,313,3147,1762,1267,-0.736328125,0.2459716796875,-0.2337646484375
29.541,306,306,1547,3147,-0.670654296875,0.17236328125,-0.2552490234375
29.541,306,295,1452,2290,-0.66357421875,0.124267578125,-0.2193603515625
29.542,306,321,1365,3147,-0.66357421875,0.124267578125,-0.2193603515625
29.557,307,308,1287,3000,-0.5693359375,0.1072998046875,-0.1834716796875
29.565,308,307,1241,2921,-0.560546875,0.130859375,-0.099853515625
29.576,308,308,1201,2906,-0.5865478515625,0.1978759765625,-0.0137939453125
29.587,306,308,1163,3008,-0.5936279296875,0.2825927734375,0.060302734375
29.595,306,308,1151,3133,-0.5948486328125,0.34375,0.1351318359375
29.603,308,307,1156,3147,-0.621337890625,0.330078125,0.161376953125
29.617,308,308,1173,3147,-0.675537109375,0.2584228515625,0.1025390625
29.630,306,306,1213,3147,-0.728759765625,0.1993408203125,-0.0125732421875
29.650,306,307,1264,3147,-0.728759765625,0.1993408203125,-0.0125732421875
29.650,308,308,1374,1474,-0.7725830078125,0.193603515625,-0.156005859375
29.656,308,306,1503,3147,-0.744384765625,0.2415771484375,-0.1531982421875
29.664,306,323,1669,1838,-0.744384765625,0.2415771484375,-0.1531982421875
29.677,306,309,2167,3147,-0.46044921875,0.1956787109375,-0.0615234375
29.689,323,3147,2381,2370,-0.30126953125,0.135498046875,-0.0146484375
29.693,327,2807,2638,3147,-0.30126953125,0.135498046875,-0.0146484375
29.713,330,3147,2959,3147,-0.2230224609375,0.1866455078125,0.0439453125
29.715,306,3147,3147,3147,-0.374267578125,0.1888427734375,-0.1124267578125
29.723,336,3147,3147,3147,-0.374267578125,0.1888427734375,-0.1124267578125
29.752,308,308,3147,3147,-0.697509765625,-0.094970703125,-0.2799072265625
29.753,306,308,3147,3147,-0.934814453125,0.103759765625,-0.1534423828125
29.753,306,306,3147,3147,-0.934814453125,0.103759765625,-0.1534423828125
29.768,306,307,3147,3147,-1.7969970703125,0.89111328125,0.0186767578125
29.775,306,306,3147,3147,-2.1695556640625,0.65185546875,0.2523193359375
29.783,306,308,3147,3147,-2.1695556640625,0.65185546875,0.2523193359375
29.802,721,533,3147,3147,-2.0821533203125,0.329833984375,0.1676025390625
29.805,346,508,3147,3147,-1.6251220703125,0.430419921875,-0.3309326171875
29.819,737,3147,3147,3147,-1.6251220703125,0.430419921875,-0.3309326171875
29.827,306,309,3147,3147,-1.2364501953125,0.7943115234375,-0.6395263671875
29.836,314,346,3147,3147,-1.2364501953125,0.7943115234375,-0.6395263671875
29.855,327,411,3147,3147,-1.633056640625,0.754150390625,-0.2794189453125
29.857,328,891,3147,3147,-1.6236572265625,0.330322265625,-0.047119140625
29.866,316,364,3147,3147,-1.6236572265625,0.330322265625,-0.047119140625
29.873,313,356,3147,3147,-1.4154052734375,0.2889404296875,-0.052734375
29.888,310,405,3147,3147,-1.0447998046875,0.1705322265625,-0.0220947265625
29.896,306,306,3147,3147,-1.0447998046875,0.1705322265625,-0.0220947265625
29.904,306,308,3137,3147,-0.8748779296875,0.1590576171875,0.008544921875
29.921,307,307,2970,3147,-0.7308349609375,0.2987060546875,-0.0555419921875
29.925,306,307,2853,3147,-0.7308349609375,0.2987060546875,-0.0555419921875
29.936,306,2710,2703,2519,-0.70947265625,0.259521484375,-0.1025390625
29.960,306,308,2521,3147,-0.6517333984375,0.21484375,-0.1917724609375
29.960,306,479,2381,3147,-0.6517333984375,0.21484375,-0.1917724609375
29.963,306,308,2246,3147,-0.6263427734375,0.21728515625,-0.2374267578125
29.977,318,3147,2018,1494,-0.6927490234375,0.1756591796875,-0.2418212890625
29.985,307,307,1906,3147,-0.6927490234375,0.1756591796875,-0.2418212890625
29.993,306,318,1794,3147,-0.700439453125,0.1629638671875,-0.213623046875
30.007,306,310,1681,3147,-0.640625,0.177490234375,-0.1824951171875
30.027,306,306,1624,1598,-0.640625,0.177490234375,-0.1824951171875
30.028,308,497,1588,3147,-0.6700439453125,0.203857421875,-0.125
30.053,306,306,1478,2102,-0.7706298828125,0.284912109375,0.0125732421875
30.053,308,289,1439,3147,-0.7706298828125,0.284912109375,0.0125732421875
30.054,306,292,1433,2062,-0.784912109375,0.2811279296875,0.0711669921875
30.066,307,319,1413,3147,-0.7943115234375,0.214599609375,0.0814208984375
30.076,307,832,1427,3147,-0.8194580078125,0.14599609375,0.0277099609375
30.084,306,721,1453,3147,-0.85205078125,0.1431884765625,-0.0609130859375
30.092,305,348,1483,3147,-0.885009765625,0.1844482421875,-0.122314453125
30.107,306,308,1506,3147,-0.9083251953125,0.20751953125,-0.1396484375
30.114,310,1282,1609,3147,-0.9136962890625,0.1915283203125,-0.1375732421875
30.123,306,308,1711,3147,-0.8900146484375,0.1761474609375,-0.1285400390625
30.156,313,2249,1927,3147,-0.830322265625,0.168212890625,-0.12890625
30.156,306,316,2083,3147,-0.7349853515625,0.1268310546875,-0.1331787109375
30.156,307,330,2292,3147,-0.607666015625,0.08056640625,-0.128173828125
30.175,324,3147,2530,2677,-0.4866943359375,0.098876953125,-0.1126708984375
30.175,331,3147,2744,3147,-0.4281005859375,0.1795654296875,-0.1041259765625
30.182,331,3147,2937,3064,-0.3865966796875,0.2584228515625,-0.130615234375
30.196,323,466,3147,3147,-0.253662109375,0.26123046875,-0.167724609375
30.204,345,3147,3147,3147,-0.052734375,0.1319580078125,-0.203369140625
30.212,371,3147,3147,3147,-0.0072021484375,-0.045166015625,-0.1776123046875
30.226,540,3147,3147,3147,-0.3568115234375,-0.007080078125,-0.019775390625
30.234,414,3003,3147,3147,-1.06982421875,0.392333984375,0.1549072265625
30.256,553,3147,3147,3147,-1.8502197265625,0.7152099609375,0.2738037109375
30.264,631,3147,3147,3147,-2.30419921875,0.468017578125,0.3643798828125
30.264,639,3147,3147,3147,-2.3836669921875,0.146240234375,0.360107421875
30.279,619,3147,3147,3147,-2.326416015625,0.2205810546875,0.142578125
30.286,318,582,3147,3147,-1.947509765625,0.408447265625,-0.4212646484375
30.294,313,348,3147,3147,-1.3411865234375,0.7125244140625,-0.9388427734375
30.302,315,348,3147,3147,-1.2423095703125,1.0123291015625,-0.7777099609375
30.316,308,316,3147,3147,-1.5467529296875,0.8656005859375,-0.3218994140625
30.328,306,2736,3147,3147,-1.66015625,0.4744873046875,-0.1527099609375
30.332,308,342,3147,3147,-1.549072265625,0.248779296875,-0.1593017578125
30.366,308,354,3147,3147,-1.331787109375,0.20068359375,-0.1357421875
30.367,298,346,3147,3147,-1.10888671875,0.216552734375,-0.0623779296875
30.367,307,338,3147,3147,-0.96630859375,0.2166748046875,-0.0047607421875
30.376,306,347,3022,3147,-0.8978271484375,0.21533203125,0.03369140625
30.384,328,3147,2887,3147,-0.870849609375,0.206787109375,0.0341796875
30.392,306,307,2798,2891,-0.8564453125,0.1444091796875,0.0050048828125
30.406,307,307,2585,3147,-0.8388671875,0.0938720703125,-0.025390625
30.414,308,310,2458,3147,-0.825927734375,0.111572265625,-0.0792236328125
30.422,306,314,2333,3147,-0.81201171875,0.166748046875,-0.151611328125
30.436,319,3147,2039,1437,-0.7879638671875,0.17626953125,-0.2261962890625
30.444,316,3147,1891,1153,-0.7574462890625,0.1346435546875,-0.2576904296875
30.478,315,3147,1762,900,-0.7237548828125,0.117431640625,-0.2366943359375
30.478,307,316,1572,3147,-0.6837158203125,0.16015625,-0.2276611328125
30.478,305,308,1519,3094,-0.642822265625,0.226806640625,-0.2403564453125
30.482,305,310,1447,3027,-0.603515625,0.245361328125,-0.2261962890625
30.496,306,307,1398,2973,-0.5911865234375,0.2294921875,-0.1556396484375
30.504,306,306,1312,2930,-0.6312255859375,0.2476806640625,-0.0972900390625
30.512,306,307,1306,2912,-0.693603515625,0.3082275390625,-0.0885009765625
30.533,305,307,1255,2991,-0.7490234375,0.348388671875,-0.0770263671875
30.534,306,306,1255,3081,-0.8035888671875,0.3203125,-0.05419921875
30.542,307,306,1248,3147,-0.8515625,0.2344970703125,-0.041015625
30.566,308,306,1268,3147,-0.8826904296875,0.134033203125,-0.0460205078125
30.566,306,308,1262,3147,-0.903564453125,0.0950927734375,-0.0711669921875
30.572,307,308,1320,3147,-0.9105224609375,0.130126953125,-0.122314453125
30.591,305,308,1372,3147,-0.8841552734375,0.1739501953125,-0.1636962890625
30.601,308,308,1419,3147,-0.8095703125,0.1947021484375,-0.161376953125
30.602,306,306,1488,3147,-0.7037353515625,0.193603515625,-0.1436767578125
30.616,306,308,1794,1816,-0.5870361328125,0.1876220703125,-0.129638671875
30.624,306,306,2158,3147,-0.4190673828125,0.1890869140625,-0.1126708984375
30.636,306,306,2359,1812,-0.4190673828125,0.1890869140625,-0.1126708984375
30.646,330,3147,2760,2498,0.134765625,0.21533203125,-0.0240478515625
30.654,328,308,3000,3147,0.240966796875,0.292236328125,0.0606689453125
30.670,336,3147,3090,3008,0.240966796875,0.292236328125,0.0606689453125
30.676,351,3147,3147,3147,-0.273681640625,-0.5010986328125,0.0487060546875
30.684,306,1739,3147,3147,-0.7744140625,-0.784912109375,0.1707763671875
30.692,306,308,3147,3147,-0.7744140625,-0.784912109375,0.1707763671875
30.710,306,307,3147,3147,-1.906005859375,1.004150390625,0.1387939453125
30.714,308,306,3147,3147,-2.2003173828125,1.1923828125,0.02685546875
30.724,306,307,3147,3147,-2.2003173828125,1.1923828125,0.02685546875
30.739,306,308,3147,3147,-2.2950439453125,0.509521484375,-0.3907470703125
30.744,306,306,3147,3147,-1.99609375,0.5992431640625,-0.7723388671875
30.768,306,306,3147,3147,-1.99609375,0.5992431640625,-0.7723388671875
30.768,308,307,3147,3147,-0.9837646484375,0.9405517578125,-1.005859375
30.774,306,308,3147,3147,-1.1253662109375,0.83203125,-0.4822998046875
30.782,305,308,3147,3147,-1.1253662109375,0.83203125,-0.4822998046875
30.797,304,307,3147,3147,-1.579833984375,0.0252685546875,0.0914306640625
30.817,306,307,3147,3147,-1.4786376953125,0.0111083984375,0.0833740234375
30.818,307,307,3147,3147,-1.4786376953125,0.0111083984375,0.0833740234375
30.826,305,308,3147,3147,-1.072509765625,0.259765625,0.0733642578125
30.840,306,306,3147,3147,-1.00830078125,0.2322998046875,0.0645751953125
30.842,306,308,3147,3147,-1.00830078125,0.2322998046875,0.0645751953125
30.872,306,306,3147,3147,-1.0107421875,0.210693359375,-0.0419921875
30.874,306,298,3135,3147,-1.0107421875,0.210693359375,-0.0419921875
30.874,305,306,3046,3147,-0.9376220703125,0.3421630859375,-0.1676025390625
30.886,308,306,2859,3147,-0.79052734375,0.3695068359375,-0.353759765625
30.894,306,307,2724,3147,-0.79052734375,0.3695068359375,-0.353759765625
30.902,306,306,2608,3147,-0.7874755859375,0.366943359375,-0.385009765625
30.928,305,306,2418,3147,-0.8074951171875,0.221923828125,-0.3323974609375
30.929,306,308,2317,3147,-0.8074951171875,0.221923828125,-0.3323974609375
30.932,308,308,2190,3147,-0.8099365234375,0.12890625,-0.290771484375
30.946,306,306,1812,3106,-0.7242431640625,0.1807861328125,-0.1876220703125
30.960,306,306,1653,2824,-0.7242431640625,0.1807861328125,-0.1876220703125
30.976,307,307,1541,2529,-0.65771484375,0.2213134765625,-0.1949462890625
30.976,304,294,1452,2343,-0.633544921875,0.1966552734375,-0.202392578125
30.985,307,306,1413,2261,-0.633544921875,0.1966552734375,-0.202392578125
30.992,307,308,1413,2215,-0.650634765625,0.2109375,-0.169189453125
31.006,308,308,1393,2266,-0.6689453125,0.2540283203125,-0.0343017578125
31.014,307,306,1411,2372,-0.6689453125,0.2540283203125,-0.0343017578125
31.026,306,308,1452,2504,-0.6781005859375,0.2086181640625,0.01220703125
31.048,307,308,1527,2721,-0.706787109375,0.261474609375,-0.02099609375
31.049,306,308,1552,2888,-0.706787109375,0.261474609375,-0.02099609375
31.052,308,306,1674,3112,-0.699462890625,0.3037109375,-0.052978515625
31.077,306,307,2058,3147,-0.621337890625,0.1917724609375,0.006103515625
31.077,306,308,2263,3147,-0.621337890625,0.1917724609375,0.006103515625
31.083,307,306,2386,3147,-0.5841064453125,0.12890625,0.0172119140625
31.097,306,308,2598,3147,-0.489990234375,0.0960693359375,0.0106201171875
31.104,306,306,2726,3147,-0.38623046875,0.1063232421875,0.020751953125
31.113,307,307,2891,3147,-0.3614501953125,0.1815185546875,0.024169921875
31.130,306,306,3129,3147,-0.386962890625,0.2603759765625,-0.0120849609375
31.135,306,307,3147,3147,-0.41650390625,0.13427734375,-0.089111328125
31.154,306,305,3147,3147,-0.4786376953125,-0.1263427734375,-0.17724609375
31.156,305,306,3147,3147,-0.5765380859375,-0.2574462890625,-0.217529296875
31.164,307,308,3147,3147,-0.7786865234375,-0.05712890625,-0.185791015625
31.185,306,306,3147,3147,-1.1590576171875,0.5472412109375,-0.2086181640625
31.186,308,307,3147,3147,-1.690185546875,1.017333984375,-0.24072265625
31.195,306,306,3147,3147,-2.162353515625,0.868896484375,-0.1212158203125
31.203,306,306,3147,3147,-2.3636474609375,0.5125732421875,0.01123046875
31.217,308,304,3147,3147,-2.3045654296875,0.3956298828125,-0.0633544921875
31.225,307,306,3147,3147,-1.830810546875,0.3536376953125,-0.4205322265625
31.239,306,308,3147,3147,-1.15087890625,0.40869140625,-0.670166015625
31.250,307,306,3147,3147,-1.0093994140625,0.623291015625,-0.406005859375
31.255,306,305,3147,3147,-1.3670654296875,0.6202392578125,-0.045166015625
31.270,306,307,3147,3147,-1.62548828125,0.3763427734375,-0.0235595703125
31.286,306,306,3147,3147,-1.6234130859375,0.2271728515625,-0.15576171875
31.287,306,304,3147,3147,-1.4725341796875,0.232421875,-0.178466796875
31.293,306,306,3147,3147,-1.2960205078125,0.2440185546875,-0.0809326171875
31.310,306,307,3147,3147,-1.1749267578125,0.21484375,-0.0081787109375
31.315,306,307,3140,3147,-1.0975341796875,0.2176513671875,-0.0072021484375
31.323,306,308,3042,3147,-0.996826171875,0.25537109375,-0.0689697265625
31.343,306,308,2884,3147,-0.85498046875,0.268310546875,-0.1650390625
31.353,306,307,2766,3147,-0.720458984375,0.250244140625,-0.222412109375
31.353,306,306,2612,3147,-0.62060546875,0.2105712890625,-0.211669921875
31.380,306,306,2396,3147,-0.5235595703125,0.1500244140625,-0.1881103515625
31.388,306,306,2287,3147,-0.4490966796875,0.12158203125,-0.209716796875
31.389,304,306,2207,3147,-0.4632568359375,0.1832275390625,-0.2459716796875
31.399,306,308,1908,3147,-0.5537109375,0.247802734375,-0.271484375
31.405,306,308,1794,2990,-0.68310546875,0.2265625,-0.2979736328125
31.413,306,307,1745,2877,-0.7802734375,0.1571044921875,-0.2969970703125
31.427,306,308,1650,2807,-0.789794921875,0.1043701171875,-0.2247314453125
31.435,306,306,1610,2716,-0.7916259765625,0.112548828125,-0.1395263671875
31.459,308,306,1580,2671,-0.82470703125,0.1810302734375,-0.09521484375
31.459,308,308,1524,2736,-0.8424072265625,0.2679443359375,-0.0660400390625
31.465,309,306,1540,2798,-0.8284912109375,0.301025390625,-0.0380859375
31.496,308,308,1524,2918,-0.7952880859375,0.2445068359375,-0.0279541015625
31.497,310,3142,1529,607,-0.7469482421875,0.168212890625,-0.04638671875
31.497,310,3147,1569,642,-0.703369140625,0.169189453125,-0.0755615234375
31.503,310,3147,1583,780,-0.6829833984375,0.243408203125,-0.1083984375
31.518,307,310,1662,3147,-0.6629638671875,0.2913818359375,-0.158447265625
31.525,308,963,1732,3147,-0.632080078125,0.2735595703125,-0.18994140625
31.533,315,3147,1850,1469,-0.603759765625,0.2442626953125,-0.1669921875
31.549,308,308,2197,3147,-0.5736083984375,0.2159423828125,-0.1448974609375
31.563,306,308,2409,3147,-0.5084228515625,0.1859130859375,-0.1190185546875
31.563,306,306,2616,3147,-0.4393310546875,0.215576171875,-0.05078125
31.589,306,308,3008,3147,-0.426025390625,0.308349609375,-0.026123046875
31.590,306,306,3135,3147,-0.3995361328125,0.2532958984375,-0.1038818359375
31.595,308,306,3147,3147,-0.2935791015625,-0.0562744140625,-0.14501953125
31.609,441,309,3147,3147,-0.271240234375,-0.3421630859375,-0.1309814453125
31.615,306,3147,3147,3147,-0.5654296875,-0.1982421875,-0.1719970703125
31.624,306,306,3147,3147,-1.1019287109375,0.390380859375,-0.298095703125
31.638,306,313,3147,3147,-1.6280517578125,0.969482421875,-0.410888671875
31.645,308,306,3147,3147,-2.025390625,0.921875,-0.304443359375
31.669,306,306,3147,3147,-2.244873046875,0.357666015625,-0.080322265625
31.669,307,308,3147,3147,-2.21630859375,0.0460205078125,0.020751953125
31.677,306,3147,3147,3147,-1.9375,0.1336669921875,-0.1060791015625
31.689,306,306,3147,3147,-1.4193115234375,0.255126953125,-0.4287109375
31.699,306,308,3147,3147,-0.9666748046875,0.3272705078125,-0.6181640625
31.705,306,306,3147,3147,-0.9600830078125,0.44775390625,-0.4837646484375
31.717,306,308,3147,3147,-1.2908935546875,0.5413818359375,-0.2537841796875
31.728,308,307,3147,3147,-1.6104736328125,0.482666015625,-0.15185546875
31.735,308,306,3147,3147,-1.6533203125,0.3408203125,-0.1470947265625
31.743,307,307,3147,3147,-1.45751953125,0.29541015625,-0.1383056640625
31.787,305,308,3147,3147,-1.232177734375,0.29833984375,-0.135986328125
31.795,308,306,3147,3147,-1.0950927734375,0.2322998046875,-0.1466064453125
31.800,307,306,3147,3147,-1.04150390625,0.141357421875,-0.1380615234375
31.812,305,308,3079,3147,-1.0166015625,0.149658203125,-0.1243896484375
31.816,291,306,2958,3147,-0.97900390625,0.2421875,-0.141845703125
31.818,307,306,2823,3147,-0.917724609375,0.3013916015625,-0.1890869140625
31.818,307,308,2598,3147,-0.86181640625,0.298828125,-0.2576904296875
31.830,306,308,2428,3147,-0.845947265625,0.2576904296875,-0.3309326171875
31.833,306,306,2316,3147,-0.84228515625,0.1707763671875,-0.390380859375
31.847,305,307,2075,3147,-0.8114013671875,0.05322265625,-0.413330078125
31.864,306,305,1798,3147,-0.7686767578125,0.0084228515625,-0.3621826171875
31.864,306,307,1623,3063,-0.718017578125,0.070068359375,-0.28759765625
31.882,306,308,1470,2579,-0.62109375,0.1214599609375,-0.25634765625
31.896,307,307,1397,2412,-0.5115966796875,0.0931396484375,-0.2144775390625
31.896,291,310,1323,2320,-0.5115966796875,0.0931396484375,-0.2144775390625
31.908,308,308,1290,2191,-0.51611328125,0.16650390625,0.000244140625
31.917,307,308,1280,2308,-0.5467529296875,0.3079833984375,0.0799560546875
31.923,306,306,1264,2437,-0.5467529296875,0.3079833984375,0.0799560546875
31.942,308,308,1317,2713,-0.5787353515625,0.28662109375,0.1337890625
31.945,306,307,1348,2881,-0.630859375,0.17236328125,0.05517578125
31.953,306,308,1401,3073,-0.630859375,0.17236328125,0.05517578125
31.968,305,308,1623,3147,-0.699951171875,0.0386962890625,-0.0506591796875
31.986,307,306,1753,3147,-0.712646484375,0.07421875,-0.0428466796875
31.986,306,306,2014,3147,-0.712646484375,0.07421875,-0.0428466796875
31.999,305,306,2277,3147,-0.6007080078125,0.1920166015625,0.02099609375
32.006,308,308,2443,3147,-0.5137939453125,0.12060546875,0.0625
32.013,306,308,2580,3147,-0.5137939453125,0.12060546875,0.0625
32.027,307,308,2820,3147,-0.7197265625,0.0933837890625,-0.0509033203125
32.035,308,306,2950,3147,-1.0152587890625,0.094482421875,-0.2850341796875
32.044,306,306,3044,3147,-1.0152587890625,0.094482421875,-0.2850341796875
32.057,306,306,3147,3147,-1.268798828125,0.037109375,-0.4288330078125
32.069,306,306,3147,3147,-1.13330078125,0.1781005859375,-0.268310546875
32.073,308,307,3147,3147,-1.13330078125,0.1781005859375,-0.268310546875
32.088,306,308,3147,3147,-0.8829345703125,0.650634765625,-0.2611083984375
32.109,306,308,3147,3147,-1.099365234375,0.7542724609375,-0.37548828125
32.110,295,307,3147,3147,-1.099365234375,0.7542724609375,-0.37548828125
32.117,306,308,3147,3147,-1.6171875,0.45556640625,-0.3214111328125
32.125,304,308,3147,3147,-1.6171875,0.45556640625,-0.3214111328125
32.133,306,308,3147,3147,-1.7093505859375,0.280517578125,-0.1373291015625
32.147,306,301,3147,3147,-1.1671142578125,0.1368408203125,-0.13134765625
32.155,305,306,3147,3147,-1.1671142578125,0.1368408203125,-0.13134765625
32.174,306,308,3147,3147,-0.8961181640625,0.273681640625,-0.16650390625
32.177,307,308,3147,3147,-1.0853271484375,0.356201171875,0.0111083984375
32.185,307,308,3147,3147,-1.0853271484375,0.356201171875,0.0111083984375
32.211,308,308,3147,3147,-1.0999755859375,0.3001708984375,-0.0078125
32.211,291,306,3147,3147,-1.009033203125,0.2027587890625,-0.1920166015625
32.215,307,306,3147,3147,-1.009033203125,0.2027587890625,-0.1920166015625
32.224,306,308,3147,3147,-0.996337890625,0.16796875,-0.247314453125
32.238,306,306,3147,3147,-0.984130859375,0.1761474609375,-0.2003173828125
32.245,307,306,3147,3147,-0.984130859375,0.1761474609375,-0.2003173828125
32.253,307,306,3147,3147,-0.9739990234375,0.24267578125,-0.1500244140625
32.274,306,307,3147,3147,-0.9217529296875,0.3218994140625,-0.1134033203125
32.275,306,307,3147,3147,-0.9217529296875,0.3218994140625,-0.1134033203125
32.283,306,308,3147,3147,-0.8765869140625,0.3021240234375,-0.120361328125
32.305,304,307,3147,3147,-0.8447265625,0.283935546875,-0.1513671875
32.305,304,306,3121,3147,-0.8447265625,0.283935546875,-0.1513671875
32.324,306,300,3090,3147,-0.873291015625,0.2515869140625,-0.1588134765625
32.324,306,304,3058,3147,-0.8873291015625,0.1905517578125,-0.160400390625
32.336,307,308,3055,3147,-0.883544921875,0.1478271484375,-0.1591796875
32.345,306,307,3047,3147,-0.8853759765625,0.1556396484375,-0.1605224609375
32.352,306,306,3027,3147,-0.893798828125,0.1865234375,-0.1646728515625
32.366,306,308,3015,3147,-0.8966064453125,0.209716796875,-0.1644287109375
32.376,306,305,3011,3147,-0.8966064453125,0.2210693359375,-0.16357421875
32.382,306,306,2997,3147,-0.9007568359375,0.2244873046875,-0.1690673828125
32.397,308,307,2989,3147,-0.9056396484375,0.2138671875,-0.1776123046875
32.414,306,306,2981,3147,-0.90869140625,0.2022705078125,-0.1817626953125
32.414,306,306,2963,3147,-0.9150390625,0.207275390625,-0.1854248046875
32.426,307,307,2954,3147,-0.9256591796875,0.228271484375,-0.193359375
32.434,306,306,2937,3147,-0.934814453125,0.24853515625,-0.204345703125
32.442,306,306,2930,3147,-0.941650390625,0.2496337890625,-0.2159423828125
32.456,304,307,2909,3147,-0.948486328125,0.234375,-0.2249755859375
32.464,306,306,2897,3147,-0.957763671875,0.217529296875,-0.2308349609375
32.479,306,306,2876,3147,-0.972412109375,0.20654296875,-0.23486328125
32.486,304,308,2850,3147,-0.9908447265625,0.20068359375,-0.240966796875
32.495,306,305,2840,3147,-1.0069580078125,0.2015380859375,-0.2474365234375
32.506,306,304,2823,3147,-1.010986328125,0.2149658203125,-0.2476806640625
32.519,306,308,2781,3147,-1.0045166015625,0.2376708984375,-0.2484130859375
32.524,306,305,2733,3147,-1.0008544921875,0.255126953125,-0.2633056640625
32.546,306,306,2713,3147,-1.0059814453125,0.2525634765625,-0.2889404296875
32.546,306,294,2627,3147,-1.0107421875,0.228759765625,-0.3082275390625
32.554,307,308,2619,3147,-1.004638671875,0.2012939453125,-0.3101806640625
32.562,306,306,2587,3147,-0.9888916015625,0.1920166015625,-0.2969970703125
32.581,306,307,2526,3147,-0.970947265625,0.196533203125,-0.277099609375
32.585,306,308,2479,3147,-0.9498291015625,0.1993408203125,-0.259033203125
32.592,306,304,2424,3147,-0.9263916015625,0.2069091796875,-0.2529296875
32.611,306,308,2330,3147,-0.906494140625,0.223876953125,-0.260986328125
32.625,306,308,2293,3147,-0.8958740234375,0.2353515625,-0.27392578125
32.625,306,306,2203,3147,-0.8929443359375,0.2259521484375,-0.2813720703125
32.636,305,307,2087,3147,-0.8782958984375,0.1961669921875,-0.290771484375
32.645,306,308,2030,3147,-0.8448486328125,0.1729736328125,-0.3046875
32.652,306,306,1973,3147,-0.8192138671875,0.177978515625,-0.31005859375
32.666,307,1572,1920,2430,-0.8214111328125,0.1932373046875,-0.30517578125
32.674,316,3085,1904,1326,-0.840576171875,0.2042236328125,-0.292724609375
32.683,315,3147,1838,1148,-0.8607177734375,0.20654296875,-0.267333984375
32.696,315,3147,1786,838,-0.8822021484375,0.1796875,-0.2261962890625
32.717,316,3147,1757,774,-0.9111328125,0.1246337890625,-0.1773681640625
32.717,315,3147,1755,736,-0.92333984375,0.093994140625,-0.158447265625
32.734,315,3147,1704,638,-0.8944091796875,0.117919921875,-0.2001953125
32.734,315,3147,1683,603,-0.855224609375,0.16552734375,-0.2684326171875
32.742,315,3147,1687,571,-0.8509521484375,0.192626953125,-0.3160400390625
32.757,315,3147,1669,523,-0.8787841796875,0.1904296875,-0.33544921875
32.764,315,3147,1683,536,-0.9002685546875,0.1878662109375,-0.343505859375
32.772,313,3147,1670,473,-0.9052734375,0.1937255859375,-0.3551025390625
32.786,313,3147,1627,444,-0.9073486328125,0.190185546875,-0.3734130859375
32.795,314,3147,1608,439,-0.909912109375,0.179931640625,-0.39599609375
32.803,313,3059,1579,437,-0.9146728515625,0.17919921875,-0.4163818359375
32.820,310,3017,1509,437,-0.9176025390625,0.18359375,-0.4285888671875
32.824,310,2886,1497,430,-0.91455078125,0.1802978515625,-0.4342041015625
32.834,310,2744,1471,430,-0.9072265625,0.1759033203125,-0.4329833984375
32.846,309,2544,1437,418,-0.898193359375,0.17529296875,-0.426513671875
32.854,310,2489,1399,418,-0.889892578125,0.174072265625,-0.420654296875
32.862,310,2424,1349,411,-0.88330078125,0.177734375,-0.4169921875
32.876,308,2268,1292,403,-0.875,0.18994140625,-0.4168701171875
32.889,308,2207,1273,402,-0.86474609375,0.2021484375,-0.4210205078125
32.893,306,2128,1257,401,-0.86474609375,0.2021484375,-0.4210205078125
32.906,307,1983,1201,387,-0.8609619140625,0.1990966796875,-0.444091796875
32.920,307,1908,1185,385,-0.8594970703125,0.201171875,-0.4580078125
32.930,309,1820,1149,378,-0.8594970703125,0.201171875,-0.4580078125
32.942,306,1588,1131,372,-0.8277587890625,0.2220458984375,-0.4771728515625
32.944,306,1450,1120,364,-0.8211669921875,0.2183837890625,-0.4901123046875
32.956,306,1383,1091,364,-0.8211669921875,0.2183837890625,-0.4901123046875
32.966,306,1274,1054,359,-0.8172607421875,0.1986083984375,-0.49365234375
32.974,306,1216,1053,356,-0.806640625,0.1734619140625,-0.490966796875
32.982,305,1182,1004,359,-0.806640625,0.1734619140625,-0.490966796875
32.996,306,944,971,347,-0.7962646484375,0.151611328125,-0.4981689453125
33.004,304,905,971,346,-0.803955078125,0.1641845703125,-0.508544921875
33.029,307,890,907,338,-0.803955078125,0.1641845703125,-0.508544921875
33.030,304,805,931,337,-0.82470703125,0.182861328125,-0.547607421875
33.034,305,744,871,338,-0.8223876953125,0.1890869140625,-0.5682373046875
33.047,304,688,888,332,-0.8223876953125,0.1890869140625,-0.5682373046875
33.058,304,591,871,330,-0.8104248046875,0.2259521484375,-0.6162109375
33.069,306,562,844,327,-0.815673828125,0.2449951171875,-0.6317138671875
33.073,304,508,788,324,-0.815673828125,0.2449951171875,-0.6317138671875
33.095,305,426,799,321,-0.8607177734375,0.287353515625,-0.6099853515625
33.095,304,423,710,322,-0.86328125,0.2978515625,-0.5948486328125
33.102,304,405,737,318,-0.86328125,0.2978515625,-0.5948486328125
33.123,304,371,684,318,-0.83837890625,0.282958984375,-0.5692138671875
33.124,302,323,654,318,-0.83837890625,0.282958984375,-0.5692138671875
33.132,301,321,648,316,-0.843505859375,0.3094482421875,-0.5521240234375
33.146,304,329,673,317,-0.8443603515625,0.360107421875,-0.5277099609375
33.155,302,324,694,318,-0.8443603515625,0.360107421875,-0.5277099609375
33.162,304,376,673,316,-0.8746337890625,0.396240234375,-0.4801025390625
33.181,304,383,673,318,-0.844970703125,0.3402099609375,-0.47216796875
33.184,302,423,675,322,-0.844970703125,0.3402099609375,-0.47216796875
33.198,304,508,687,321,-0.7874755859375,0.2127685546875,-0.4644775390625
33.207,304,518,678,327,-0.5787353515625,-0.032470703125,-0.473876953125
33.216,307,308,674,524,-0.5787353515625,-0.032470703125,-0.473876953125
33.227,308,308,683,512,-0.4969482421875,-0.0455322265625,-0.458740234375
33.239,299,305,636,519,-1.0118408203125,-0.0140380859375,-0.7523193359375
33.245,308,308,660,382,-1.0118408203125,-0.0140380859375,-0.7523193359375
33.254,292,294,678,531,-1.357666015625,0.095703125,-0.9903564453125
33.267,308,308,693,410,-0.9036865234375,0.4381103515625,-0.644287109375
33.276,292,308,710,423,-0.9036865234375,0.4381103515625,-0.644287109375
33.307,306,404,748,348,-0.701904296875,0.427978515625,-0.521728515625
33.308,304,402,763,344,-0.6715087890625,0.3740234375,-0.5235595703125
33.308,305,424,710,327,-0.6641845703125,0.328857421875,-0.5684814453125
33.328,306,353,697,431,-0.6641845703125,0.328857421875,-0.5684814453125
33.329,308,290,678,453,-0.6605224609375,0.3226318359375,-0.606201171875
33.336,304,430,548,334,-0.6510009765625,0.31298828125,-0.6385498046875
33.344,302,455,540,328,-0.6510009765625,0.31298828125,-0.6385498046875
33.352,302,438,537,327,-0.6170654296875,0.326171875,-0.632080078125
33.368,304,435,576,324,-0.5933837890625,0.34716796875,-0.643310546875
33.374,304,447,586,324,-0.5894775390625,0.3602294921875,-0.6619873046875
33.382,304,445,593,332,-0.5831298828125,0.3509521484375,-0.670166015625
33.408,302,411,587,328,-0.5614013671875,0.3355712890625,-0.6558837890625
33.409,302,418,591,324,-0.53564453125,0.3309326171875,-0.639892578125
33.412,304,400,625,327,-0.5146484375,0.32861328125,-0.641357421875
33.428,302,404,617,321,-0.4952392578125,0.326171875,-0.6510009765625
33.441,304,406,621,322,-0.4798583984375,0.3179931640625,-0.66943359375
33.444,304,383,618,355,-0.4691162109375,0.298583984375,-0.676025390625
33.457,308,310,621,416,-0.4512939453125,0.275390625,-0.6722412109375
33.464,308,310,628,414,-0.439697265625,0.2633056640625,-0.692138671875
33.473,308,307,614,428,-0.4525146484375,0.2724609375,-0.722900390625
33.486,308,308,586,437,-0.4744873046875,0.279052734375,-0.73291015625
33.494,308,308,593,428,-0.48681640625,0.2626953125,-0.7177734375
33.503,308,308,588,431,-0.4853515625,0.2457275390625,-0.7100830078125
33.521,307,308,625,454,-0.474365234375,0.25341796875,-0.7257080078125
33.527,308,306,630,455,-0.456787109375,0.2706298828125,-0.7557373046875
33.532,306,308,654,455,-0.429443359375,0.26953125,-0.78564453125
33.547,307,308,656,420,-0.39697265625,0.2528076171875,-0.794189453125
33.554,308,305,691,423,-0.3740234375,0.240966796875,-0.7764892578125
33.562,308,308,695,437,-0.3687744140625,0.233154296875,-0.752685546875
33.580,308,308,634,439,-0.380859375,0.2178955078125,-0.7408447265625
33.585,308,307,620,439,-0.4046630859375,0.201171875,-0.7381591796875
33.592,306,308,579,431,-0.4324951171875,0.1925048828125,-0.740966796875
33.607,307,308,551,416,-0.4561767578125,0.198486328125,-0.750732421875
33.614,307,308,579,409,-0.466552734375,0.2235107421875,-0.757568359375
33.623,308,308,574,411,-0.4683837890625,0.248291015625,-0.755859375
33.643,308,310,553,404,-0.481689453125,0.260009765625,-0.7481689453125
33.644,302,364,531,323,-0.5128173828125,0.267333984375,-0.7401123046875
33.652,302,376,519,321,-0.551025390625,0.27294921875,-0.734375
33.666,302,418,456,323,-0.589111328125,0.2772216796875,-0.754638671875
33.674,300,420,465,318,-0.6092529296875,0.2935791015625,-0.796142578125
33.686,302,411,465,318,-0.6197509765625,0.3304443359375,-0.85595703125
33.696,304,409,466,321,-0.6251220703125,0.3643798828125,-0.946533203125
38.166,296,571,951,307,-0.65576171875,0.210693359375,-0.71337890625
