time,compression0,compression1,compression2,compression3,accel_x,accel_y,accel_z
0.627,313,2554,873,338,-0.7689208984375,0.5274658203125,-0.3482666015625
0.627,313,2541,871,342,-0.7689208984375,0.5274658203125,-0.3482666015625
0.627,313,2481,874,338,-0.767822265625,0.5283203125,-0.3480224609375
0.627,313,2484,874,338,-0.768310546875,0.5289306640625,-0.34619140625
0.627,315,2456,879,338,-0.768310546875,0.5289306640625,-0.34619140625
0.627,313,2424,883,338,-0.767578125,0.5228271484375,-0.3404541015625
0.627,314,2374,883,338,-0.7696533203125,0.525390625,-0.339599609375
0.628,315,2357,885,337,-0.7696533203125,0.525390625,-0.339599609375
0.628,315,2320,883,337,-0.7738037109375,0.522216796875,-0.338623046875
0.628,312,2286,887,336,-0.773681640625,0.517333984375,-0.3387451171875
0.628,313,2275,887,338,-0.773681640625,0.517333984375,-0.3387451171875
0.628,313,2261,883,336,-0.771728515625,0.5281982421875,-0.3441162109375
0.628,314,2263,869,338,-0.77099609375,0.5325927734375,-0.348388671875
0.628,313,2254,874,338,-0.77099609375,0.5325927734375,-0.348388671875
0.628,313,2233,869,336,-0.76904296875,0.52880859375,-0.354736328125
0.628,315,2202,859,342,-0.7733154296875,0.528076171875,-0.35498046875
0.628,315,2180,864,338,-0.7733154296875,0.528076171875,-0.35498046875
0.628,313,2142,864,338,-0.781005859375,0.5267333984375,-0.3536376953125
0.628,315,2127,867,338,-0.781005859375,0.5267333984375,-0.3536376953125
0.731,313,2071,869,338,-0.78271484375,0.52783203125,-0.3519287109375
0.731,313,2024,865,336,-0.7833251953125,0.5189208984375,-0.3426513671875
0.874,313,2032,864,337,-0.7833251953125,0.5189208984375,-0.3426513671875
1.732,315,1985,860,337,-0.7808837890625,0.513916015625,-0.337646484375
1.733,313,2003,869,334,-0.7781982421875,0.5174560546875,-0.3277587890625
1.733,315,1981,883,336,-0.7781982421875,0.5174560546875,-0.3277587890625
1.733,315,1985,872,338,-0.78173828125,0.5142822265625,-0.329833984375
1.733,313,1987,868,336,-0.781982421875,0.4908447265625,-0.333984375
1.733,315,2023,865,338,-0.781982421875,0.4908447265625,-0.333984375
1.733,313,2039,867,338,-0.7803955078125,0.4774169921875,-0.329833984375
1.733,313,2111,849,336,-0.784423828125,0.472900390625,-0.3153076171875
1.734,313,2172,846,336,-0.784423828125,0.472900390625,-0.3153076171875
1.734,312,2195,853,336,-0.7860107421875,0.47900390625,-0.30908203125
1.734,313,2217,853,336,-0.7880859375,0.499267578125,-0.2943115234375
1.734,313,2266,824,321,-0.7880859375,0.499267578125,-0.2943115234375
1.734,315,2263,830,336,-0.7911376953125,0.500732421875,-0.291259765625
1.734,315,2280,800,336,-0.795166015625,0.47900390625,-0.2916259765625
1.734,315,2280,813,338,-0.795166015625,0.47900390625,-0.2916259765625
1.735,315,2293,826,334,-0.7952880859375,0.47802734375,-0.293701171875
1.735,315,2374,829,334,-0.7899169921875,0.48583984375,-0.3028564453125
1.735,310,2364,830,342,-0.7786865234375,0.4981689453125,-0.3143310546875
1.735,315,2435,841,338,-0.772216796875,0.517333984375,-0.3243408203125
1.735,315,2479,871,338,-0.7742919921875,0.52587890625,-0.330810546875
1.735,313,2505,879,338,-0.77978515625,0.507568359375,-0.325927734375
1.735,314,2551,890,338,-0.7825927734375,0.468505859375,-0.307861328125
1.735,312,2737,894,337,-0.77685546875,0.4222412109375,-0.2825927734375
1.735,313,2890,912,343,-0.7664794921875,0.3880615234375,-0.257080078125
1.735,315,2968,869,344,-0.73095703125,0.36376953125,-0.2265625
1.735,310,3147,948,512,-0.6533203125,0.3514404296875,-0.175048828125
1.735,316,3147,951,735,-0.5623779296875,0.3785400390625,-0.1201171875
1.736,316,3147,999,1129,-0.4517822265625,0.4169921875,-0.09423828125
1.736,316,3147,1039,1735,-0.2880859375,0.4007568359375,-0.066162109375
1.736,321,3147,1131,2010,-0.116455078125,0.3818359375,-0.0028076171875
1.736,324,3147,1281,2275,-0.0228271484375,0.4459228515625,0.0390625
1.736,330,3147,1384,2637,-0.0517578125,0.51953125,-0.0057373046875
1.736,334,3147,1455,2864,-0.265380859375,0.5517578125,-0.1387939453125
1.736,345,3147,1529,2981,-0.696044921875,0.6591796875,-0.319580078125
1.736,356,3147,1705,3137,-1.201171875,0.8970947265625,-0.47509765625
1.736,356,3147,1719,3147,-1.6358642578125,1.12451171875,-0.5355224609375
1.736,321,3147,1123,1155,-0.535888671875,0.3773193359375,-0.0810546875
1.736,316,3147,1120,628,-0.535400390625,0.3956298828125,-0.0997314453125
1.736,318,3147,1112,351,-0.5693359375,0.4423828125,-0.1632080078125
1.736,316,3082,1093,347,-0.595458984375,0.4951171875,-0.2281494140625
1.736,318,2636,1074,344,-0.6353759765625,0.4993896484375,-0.2545166015625
1.736,318,2468,1067,347,-0.698974609375,0.440673828125,-0.226806640625
1.736,316,2228,1039,345,-0.7679443359375,0.357177734375,-0.171142578125
1.736,318,2048,1000,342,-0.80126953125,0.282470703125,-0.1143798828125
1.737,316,1927,989,338,-0.7886962890625,0.250244140625,-0.066162109375
1.737,315,1863,980,337,-0.7674560546875,0.2669677734375,-0.0572509765625
1.737,314,1855,1000,338,-0.7601318359375,0.3299560546875,-0.0777587890625
1.737,316,1895,1003,342,-0.7540283203125,0.408203125,-0.1072998046875
1.737,316,2041,1025,342,-0.744873046875,0.43310546875,-0.1495361328125
1.737,316,2271,1063,338,-0.7432861328125,0.3797607421875,-0.1822509765625
1.737,316,2464,1071,342,-0.7569580078125,0.2764892578125,-0.191650390625
1.738,316,2703,1083,342,-0.7647705078125,0.17822265625,-0.188720703125
1.738,316,3147,1112,344,-0.7442626953125,0.1563720703125,-0.1829833984375
1.738,316,3147,1125,548,-0.703857421875,0.205810546875,-0.1817626953125
1.738,315,3147,1156,859,-0.6546630859375,0.259765625,-0.1849365234375
1.738,317,3147,1202,1467,-0.610595703125,0.3038330078125,-0.1669921875
1.738,321,3147,1231,1669,-0.55517578125,0.318603515625,-0.106689453125
1.738,324,3147,1306,1967,-0.4625244140625,0.31982421875,0.0035400390625
1.738,328,3147,1474,2333,-0.3134765625,0.3162841796875,0.11328125
1.738,333,3147,1580,2557,-0.137939453125,0.2750244140625,0.13623046875
1.738,338,3147,1642,2794,-0.077880859375,0.2896728515625,0.089111328125
1.739,347,3147,1709,3056,-0.27392578125,0.431396484375,-0.010986328125
1.739,351,3147,1757,3130,-0.7354736328125,0.6456298828125,-0.1749267578125
1.740,351,3147,1775,3141,-1.324951171875,0.84375,-0.33740234375
1.743,361,3147,1867,3147,-1.861328125,0.9158935546875,-0.4163818359375
1.743,361,3147,1883,3147,-2.248046875,0.8050537109375,-0.3936767578125
1.743,361,3147,1945,3147,-2.3531494140625,0.510498046875,-0.2916259765625
1.744,360,3147,1954,3147,-1.85302734375,0.1337890625,-0.107666015625
1.744,359,3147,1877,3147,-1.113525390625,0.1917724609375,0.06201171875
1.744,344,3147,1880,3147,-0.771484375,0.7393798828125,-0.0321044921875
1.744,356,3147,1935,3147,-0.9022216796875,1.176513671875,-0.3214111328125
1.744,351,3147,1895,3147,-1.318359375,1.173828125,-0.5274658203125
1.745,351,3147,1860,3112,-1.6021728515625,0.769775390625,-0.5533447265625
1.745,346,3147,1756,2916,-1.580322265625,0.3587646484375,-0.40771484375
1.745,344,3147,1647,2763,-1.364501953125,0.239501953125,-0.243896484375
1.745,338,3147,1561,2569,-1.082275390625,0.36669921875,-0.1502685546875
1.745,332,3147,1284,2228,-0.8253173828125,0.521484375,-0.0684814453125
1.745,324,3147,1239,1996,-0.64208984375,0.5035400390625,-0.0106201171875
1.745,328,3147,1225,1709,-0.591064453125,0.36474609375,-0.017822265625
1.745,330,3147,1149,1129,-0.6337890625,0.2620849609375,-0.04248046875
1.745,323,3147,1123,711,-0.681396484375,0.2210693359375,-0.059814453125
1.745,319,3147,1091,378,-0.7275390625,0.1900634765625,-0.1055908203125
1.745,318,2684,1053,348,-0.7578125,0.1397705078125,-0.1673583984375
1.745,318,2417,1050,348,-0.7586669921875,0.1044921875,-0.205078125
1.747,316,2142,1009,345,-0.7586669921875,0.1044921875,-0.205078125
1.747,313,1700,944,343,-0.7275390625,0.1708984375,-0.18994140625
1.747,316,1362,894,334,-0.71728515625,0.2811279296875,-0.1610107421875
1.748,315,1160,860,344,-0.71728515625,0.2811279296875,-0.1610107421875
1.748,315,1206,829,338,-0.69091796875,0.4918212890625,-0.13916015625
1.749,315,1093,811,322,-0.7003173828125,0.525146484375,-0.14794921875
1.750,316,1071,835,332,-0.7003173828125,0.525146484375,-0.14794921875
1.751,315,1179,853,334,-0.7032470703125,0.4105224609375,-0.1556396484375
1.751,315,1262,869,334,-0.7030029296875,0.334228515625,-0.1436767578125
1.752,315,1377,917,336,-0.7030029296875,0.334228515625,-0.1436767578125
1.753,315,1608,980,338,-0.7364501953125,0.2159423828125,-0.1473388671875
1.754,316,1775,980,336,-0.7576904296875,0.176513671875,-0.1658935546875
1.755,315,1983,1004,344,-0.7576904296875,0.176513671875,-0.1658935546875
1.756,316,2417,1063,344,-0.777099609375,0.17529296875,-0.164794921875
1.756,316,2769,1078,344,-0.7774658203125,0.24951171875,-0.14990234375
1.756,315,3110,1067,346,-0.7774658203125,0.24951171875,-0.14990234375
1.757,317,3147,1112,772,-0.71923828125,0.39892578125,-0.13916015625
1.757,318,3147,1178,1214,-0.636962890625,0.40576171875,-0.099853515625
1.757,321,3147,1303,1555,-0.636962890625,0.40576171875,-0.099853515625
1.759,328,3147,1437,2114,-0.294189453125,0.282958984375,0.032958984375
1.760,331,3147,1533,2445,-0.1510009765625,0.30859375,0.0784912109375
1.760,357,3147,1774,3104,-1.055908203125,0.6614990234375,-0.09814453125
1.760,364,3147,1848,3098,-1.4658203125,0.8028564453125,-0.1995849609375
1.760,364,3147,1874,3130,-1.8875732421875,0.8660888671875,-0.32177734375
1.760,364,3147,1861,3147,-2.210205078125,0.71044921875,-0.4407958984375
1.761,371,3147,1850,3147,-2.1011962890625,0.328369140625,-0.4237060546875
1.761,359,3147,1786,3126,-0.9290771484375,0.1978759765625,0.083251953125
1.761,314,1004,736,336,-0.67578125,0.244140625,-0.1689453125
1.762,316,946,739,332,-0.6007080078125,0.435546875,-0.0960693359375
1.762,315,986,759,332,-0.6007080078125,0.435546875,-0.0960693359375
1.770,314,1091,774,332,-0.5960693359375,0.369384765625,-0.08203125
1.771,314,1143,788,334,-0.628173828125,0.3267822265625,-0.10546875
1.780,313,1204,794,338,-0.6861572265625,0.2979736328125,-0.133544921875
1.817,313,1266,833,334,-0.731689453125,0.256103515625,-0.1636962890625
1.829,316,1429,860,344,-0.7476806640625,0.200439453125,-0.193603515625
1.829,316,1592,920,336,-0.765380859375,0.1541748046875,-0.2032470703125
1.829,315,2257,957,342,-0.78515625,0.1236572265625,-0.195068359375
1.846,316,2760,978,346,-0.7880859375,0.104736328125,-0.189453125
1.846,317,3137,1038,348,-0.801025390625,0.162109375,-0.166748046875
1.853,316,3147,1134,731,-0.7989501953125,0.259765625,-0.1204833984375
1.862,317,3147,1159,1116,-0.7271728515625,0.307861328125,-0.07666015625
1.874,318,3147,1222,1464,-0.6136474609375,0.3341064453125,-0.0186767578125
1.903,323,3147,1372,1996,-0.474853515625,0.3671875,0.0345458984375
1.904,324,3147,1469,2176,-0.3428955078125,0.4580078125,0.0567626953125
1.904,329,3147,1616,2337,-0.29541015625,0.578857421875,0.0623779296875
1.921,336,3147,1772,2671,-0.38623046875,0.6181640625,0.033935546875
1.922,346,3147,1840,2790,-0.630615234375,0.557861328125,-0.03515625
1.929,347,3147,1856,2884,-0.630615234375,0.557861328125,-0.03515625
1.943,359,3147,1970,2981,-1.6356201171875,0.441650390625,-0.278564453125
1.952,361,3147,2021,3018,-2.11083984375,0.350341796875,-0.44384765625
1.959,361,3147,2024,3073,-2.11083984375,0.350341796875,-0.44384765625
1.976,360,3147,2061,3092,-2.1060791015625,0.239990234375,-0.4197998046875
1.984,359,3147,2035,3068,-1.4468994140625,0.298828125,-0.1885986328125
2.005,356,3147,2012,2984,-1.4468994140625,0.298828125,-0.1885986328125
2.006,347,3147,1920,2879,-0.6807861328125,0.8818359375,0.1300048828125
2.023,348,3147,1895,2912,-0.8291015625,0.8614501953125,0.0113525390625
2.024,346,3147,1861,2872,-0.8291015625,0.8614501953125,0.0113525390625
2.033,342,3147,1730,2728,-1.6190185546875,0.58203125,-0.340087890625
2.042,338,3147,1588,2621,-1.718994140625,0.4381103515625,-0.5115966796875
2.050,334,3147,1427,2458,-1.718994140625,0.4381103515625,-0.5115966796875
2.063,328,3147,1278,2104,-1.2264404296875,0.2630615234375,-0.32763671875
2.090,324,3147,1213,1878,-0.9066162109375,0.278076171875,-0.1495361328125
2.090,324,3147,1170,1529,-0.9066162109375,0.278076171875,-0.1495361328125
2.110,317,3147,1129,1014,-0.5810546875,0.3267822265625,0.04931640625
2.110,318,3147,1071,623,-0.627685546875,0.3021240234375,0.0924072265625
2.111,316,3147,1029,346,-0.627685546875,0.3021240234375,0.0924072265625
2.129,313,2539,966,347,-0.7996826171875,0.1468505859375,-0.0611572265625
2.131,316,2306,947,343,-0.8291015625,0.04052734375,-0.1810302734375
2.146,315,1996,935,346,-0.8291015625,0.04052734375,-0.1810302734375
2.153,315,1681,848,334,-0.81884765625,0.0020751953125,-0.210205078125
2.162,315,1592,826,334,-0.81884765625,0.0020751953125,-0.210205078125
2.169,315,1463,802,336,-0.802001953125,0.0697021484375,-0.1492919921875
2.184,315,1253,813,336,-0.6883544921875,0.3388671875,-0.106689453125
2.198,314,1143,784,331,-0.6883544921875,0.3388671875,-0.106689453125
2.214,313,1129,759,331,-0.64794921875,0.4622802734375,-0.1383056640625
2.214,313,1231,774,330,-0.63916015625,0.5067138671875,-0.148193359375
2.222,310,1334,787,332,-0.63916015625,0.5067138671875,-0.148193359375
2.273,313,1456,808,332,-0.622802734375,0.4326171875,-0.162109375
2.273,313,1624,841,332,-0.67041015625,0.3070068359375,-0.185546875
2.274,315,1812,832,338,-0.67041015625,0.3070068359375,-0.185546875
2.274,315,2007,840,333,-0.7022705078125,0.249755859375,-0.1964111328125
2.275,314,2668,905,316,-0.7271728515625,0.1021728515625,-0.217041015625
2.283,316,3016,938,344,-0.7271728515625,0.1021728515625,-0.217041015625
2.290,314,3147,968,447,-0.7264404296875,0.0743408203125,-0.2225341796875
2.310,316,3147,1039,1067,-0.7371826171875,0.1806640625,-0.0833740234375
2.312,302,3147,1066,1437,-0.7371826171875,0.1806640625,-0.0833740234375
2.326,319,3147,1132,1770,-0.6512451171875,0.23388671875,0.019287109375
2.341,325,3147,1268,2171,-0.3509521484375,0.2742919921875,0.052490234375
2.343,328,3147,1372,2391,-0.3509521484375,0.2742919921875,0.052490234375
2.350,328,3147,1503,2538,-0.27490234375,0.4063720703125,0.0494384765625
2.363,334,3147,1744,2769,-0.5877685546875,0.8372802734375,0.0323486328125
2.372,338,3147,1809,2822,-0.5877685546875,0.8372802734375,0.0323486328125
2.387,345,3147,1816,2886,-0.9957275390625,0.928955078125,-0.0728759765625
2.393,348,3147,1941,2863,-1.4591064453125,0.9053955078125,-0.207763671875
2.415,354,3147,1920,2861,-1.888916015625,0.7205810546875,-0.3426513671875
2.415,336,3147,1914,2886,-2.205078125,0.359375,-0.4580078125
2.424,349,3147,1929,2940,-2.263916015625,0.0037841796875,-0.4332275390625
2.432,348,3147,1920,2874,-1.786865234375,-0.1949462890625,-0.2135009765625
2.448,346,3147,1816,2781,-1.0904541015625,0.0662841796875,0.116455078125
2.453,344,3147,1693,2808,-0.7581787109375,0.68603515625,0.2545166015625
2.462,338,3147,1662,2810,-0.7706298828125,1.031982421875,0.1041259765625
2.472,338,3147,1608,2769,-1.1278076171875,0.9967041015625,-0.1055908203125
3.211,332,3147,1455,2608,-1.6109619140625,0.7403564453125,-0.3360595703125
3.212,332,3147,1366,2507,-1.775390625,0.395751953125,-0.5179443359375
3.212,330,3147,1306,2334,-1.6002197265625,0.177001953125,-0.494384765625
3.551,321,3147,1160,1552,-0.6617431640625,0.3697509765625,0.01513671875
3.551,321,3147,1108,1004,-0.55126953125,0.392333984375,0.0552978515625
3.552,316,3147,1058,694,-0.577880859375,0.3604736328125,0.0799560546875
3.552,317,3147,1039,364,-0.6346435546875,0.2833251953125,0.0738525390625
3.552,316,2976,988,346,-0.6968994140625,0.1651611328125,-0.026123046875
3.554,316,2673,966,345,-0.7557373046875,0.037109375,-0.1630859375
3.554,316,2493,923,345,-0.771240234375,-0.0487060546875,-0.25439453125
3.554,315,2330,883,342,-0.7503662109375,-0.032470703125,-0.2694091796875
3.554,316,2175,846,338,-0.7283935546875,0.08349609375,-0.2197265625
3.554,316,2070,816,338,-0.7177734375,0.2474365234375,-0.1522216796875
3.554,315,2005,811,338,-0.6954345703125,0.4188232421875,-0.1029052734375
3.554,315,2024,803,338,-0.667236328125,0.5643310546875,-0.0660400390625
3.554,310,2122,842,338,-0.6444091796875,0.619140625,-0.04638671875
3.554,315,2359,894,338,-0.6383056640625,0.591552734375,-0.0670166015625
3.554,313,2504,923,338,-0.6724853515625,0.539794921875,-0.1180419921875
3.554,315,2599,947,338,-0.7235107421875,0.4532470703125,-0.177490234375
3.555,316,2937,980,336,-0.7562255859375,0.337158203125,-0.228759765625
3.555,316,3057,1005,338,-0.7706298828125,0.2401123046875,-0.2432861328125
3.555,315,3147,1031,345,-0.7830810546875,0.1971435546875,-0.217529296875
3.555,310,3147,1074,564,-0.79443359375,0.1844482421875,-0.18505859375
3.555,316,3147,1058,748,-0.8299560546875,0.1807861328125,-0.1787109375
3.555,316,3147,1098,1024,-0.8631591796875,0.2060546875,-0.1727294921875
3.555,317,3147,1131,1401,-0.79248046875,0.223876953125,-0.172119140625
3.555,318,3147,1204,1632,-0.65966796875,0.23583984375,-0.1361083984375
3.555,318,3147,1226,1820,-0.53515625,0.1949462890625,-0.040283203125
3.555,321,3147,1318,2174,-0.4381103515625,0.1322021484375,0.031982421875
3.555,326,3147,1365,2381,-0.39794921875,0.210693359375,0.0838623046875
3.555,328,3147,1472,2557,-0.4171142578125,0.35693359375,0.10791015625
3.555,334,3147,1600,2832,-0.515869140625,0.4163818359375,0.101806640625
3.555,344,3147,1703,2928,-0.6971435546875,0.38818359375,0.0980224609375
3.555,346,3147,1744,2988,-0.9644775390625,0.397705078125,0.04248046875
3.555,348,3147,1874,3072,-1.309814453125,0.4969482421875,-0.12890625
3.555,356,3147,1945,3112,-1.662841796875,0.595458984375,-0.3590087890625
3.555,354,3147,1968,3114,-1.926025390625,0.6385498046875,-0.49853515625
3.556,315,3147,1047,1428,-0.7015380859375,0.1951904296875,-0.0631103515625
3.556,346,3147,1484,2828,-1.87939453125,0.97802734375,-0.45263671875
3.556,344,3147,1345,2654,-1.87939453125,0.97802734375,-0.45263671875
3.556,337,3147,1231,2461,-1.7857666015625,0.431884765625,-0.403076171875
3.556,328,3147,1108,1957,-1.03857421875,0.31640625,-0.1661376953125
3.556,324,3147,1022,1704,-1.03857421875,0.31640625,-0.1661376953125
3.556,324,3147,1024,1334,-0.67431640625,0.342529296875,-0.0177001953125
3.556,321,3147,998,582,-0.447021484375,0.06689453125,0.080078125
3.556,318,2959,994,351,-0.447021484375,0.06689453125,0.080078125
3.556,315,2473,936,347,-0.52392578125,0.065673828125,0.0489501953125
3.556,315,1914,864,345,-0.6263427734375,0.1180419921875,-0.125244140625
3.556,316,1662,832,338,-0.6263427734375,0.1180419921875,-0.125244140625
3.556,315,1450,792,338,-0.651123046875,0.095458984375,-0.16796875
3.556,315,1206,714,330,-0.6019287109375,0.17578125,-0.16845703125
3.556,313,1185,725,334,-0.6019287109375,0.17578125,-0.16845703125
3.556,313,1112,721,334,-0.552978515625,0.328369140625,-0.1597900390625
3.556,311,1163,744,332,-0.5487060546875,0.4617919921875,-0.141357421875
3.556,313,1289,739,333,-0.5665283203125,0.51513671875,-0.10595703125
3.556,313,1447,784,333,-0.602294921875,0.4906005859375,-0.07958984375
3.556,314,1524,826,332,-0.6502685546875,0.4371337890625,-0.0810546875
3.556,314,1564,842,332,-0.693359375,0.3548583984375,-0.1043701171875
3.560,313,1775,846,334,-0.720947265625,0.239013671875,-0.143310546875
3.574,314,2263,883,344,-0.7276611328125,0.15966796875,-0.1876220703125
3.582,315,2525,958,328,-0.7440185546875,0.1689453125,-0.2188720703125
3.590,315,2703,998,338,-0.7852783203125,0.2125244140625,-0.232421875
3.644,315,3147,1009,400,-0.822998046875,0.232421875,-0.234130859375
3.644,316,3147,1042,707,-0.850830078125,0.2459716796875,-0.2255859375
3.645,316,3147,1042,969,-0.8681640625,0.2701416015625,-0.18798828125
3.645,316,3147,1054,1519,-0.80712890625,0.25048828125,-0.114501953125
3.645,318,3147,1094,1763,-0.693603515625,0.177001953125,-0.018798828125
3.650,322,3147,1201,1968,-0.562255859375,0.1002197265625,0.078369140625
3.664,332,3147,1428,2384,-0.3895263671875,0.0634765625,0.150390625
3.672,338,3147,1575,2544,-0.250732421875,0.1190185546875,0.2135009765625
3.680,346,3147,1704,2726,-0.22119140625,0.2822265625,0.2474365234375
3.694,354,3147,1811,2965,-0.3668212890625,0.511474609375,0.20263671875
3.702,360,3147,1891,3027,-0.74658203125,0.7154541015625,0.0780029296875
3.747,361,3147,1922,3040,-1.2818603515625,0.8291015625,-0.113037109375
3.747,368,3147,1983,3057,-1.816162109375,0.7655029296875,-0.3756103515625
3.748,369,3147,2053,3112,-2.245849609375,0.5498046875,-0.648681640625
3.748,364,3147,2008,3112,-2.449951171875,0.3875732421875,-0.77685546875
3.755,363,3147,1912,3061,-2.0938720703125,0.3037109375,-0.6505126953125
3.762,363,3147,1913,3080,-1.2373046875,0.373779296875,-0.2529296875
3.770,361,3147,1899,3071,-0.7271728515625,0.7515869140625,0.056640625
3.783,361,3147,1830,3018,-0.9559326171875,1.1378173828125,-0.033203125
3.792,360,3147,1772,2951,-1.4481201171875,1.0689697265625,-0.2322998046875
3.800,359,3147,1678,2848,-1.6947021484375,0.6021728515625,-0.24609375
3.818,348,3147,1397,2622,-1.6007080078125,0.275390625,-0.16015625
3.823,338,3147,1258,2489,-1.34228515625,0.328857421875,-0.1436767578125
3.850,334,3147,1160,2238,-1.056884765625,0.49658203125,-0.18115234375
3.850,318,3147,1070,1861,-0.818603515625,0.506103515625,-0.177490234375
3.852,328,3147,1000,1546,-0.6649169921875,0.349365234375,-0.10986328125
3.860,324,3147,963,1173,-0.6341552734375,0.203369140625,-0.0565185546875
3.875,322,3147,962,455,-0.6998291015625,0.1531982421875,-0.061767578125
3.882,317,2953,935,351,-0.759033203125,0.1141357421875,-0.0711669921875
3.890,317,2563,932,348,-0.7838134765625,0.0113525390625,-0.0794677734375
3.904,316,2024,898,344,-0.7978515625,-0.0872802734375,-0.101318359375
3.912,316,1748,859,344,-0.78369140625,-0.0638427734375,-0.115234375
3.922,316,1478,848,338,-0.7293701171875,0.0706787109375,-0.127685546875
3.962,318,1330,777,334,-0.6573486328125,0.2110595703125,-0.1463623046875
3.966,313,1231,753,322,-0.594970703125,0.3095703125,-0.14794921875
3.966,315,1160,792,332,-0.5684814453125,0.38623046875,-0.12646484375
3.966,308,1178,793,334,-0.566650390625,0.43505859375,-0.109619140625
3.973,313,1287,808,332,-0.5711669921875,0.427490234375,-0.1241455078125
3.980,313,1393,840,336,-0.5850830078125,0.3995361328125,-0.1622314453125
3.994,308,1579,841,336,-0.6234130859375,0.400634765625,-0.19677734375
4.002,315,1678,844,336,-0.689208984375,0.4002685546875,-0.204833984375
4.010,314,1801,828,334,-0.7286376953125,0.3388671875,-0.1947021484375
4.024,315,2230,887,342,-0.7158203125,0.2310791015625,-0.17626953125
4.032,315,2587,932,342,-0.689208984375,0.1595458984375,-0.1346435546875
4.065,315,2929,971,344,-0.6595458984375,0.139404296875,-0.10107421875
4.065,323,3147,1051,633,-0.6142578125,0.1490478515625,-0.0869140625
4.065,317,3147,1064,960,-0.58642578125,0.184814453125,-0.0819091796875
4.070,319,3147,1143,1276,-0.5926513671875,0.2508544921875,-0.067626953125
4.084,321,3147,1225,1894,-0.53173828125,0.294189453125,-0.05126953125
4.092,332,3147,1343,2118,-0.4249267578125,0.3038330078125,-0.0675048828125
4.100,336,3147,1488,2362,-0.3900146484375,0.3798828125,-0.064208984375
4.113,344,3147,1709,2635,-0.4366455078125,0.54296875,-0.03955078125
4.128,359,3147,1786,2727,-0.5965576171875,0.7381591796875,-0.0457763671875
4.131,355,3147,1880,2807,-0.9217529296875,0.8948974609375,-0.1256103515625
4.139,360,3147,1961,2859,-0.9217529296875,0.8948974609375,-0.1256103515625
4.186,371,3147,2074,2921,-1.8792724609375,0.8443603515625,-0.394287109375
4.188,364,3147,1996,2912,-2.2584228515625,0.5732421875,-0.4384765625
4.188,351,3147,2005,2973,-2.2584228515625,0.5732421875,-0.4384765625
4.188,364,3147,1985,2919,-1.5338134765625,-0.103759765625,-0.1116943359375
4.191,363,3147,1912,2869,-0.93603515625,0.1451416015625,0.0733642578125
4.199,363,3147,1908,2916,-0.93603515625,0.1451416015625,0.0733642578125
4.213,361,3147,1890,2876,-1.00439453125,1.3060302734375,-0.3699951171875
4.230,361,3147,1844,2801,-1.4061279296875,1.3382568359375,-0.53564453125
4.230,338,3147,1769,2672,-1.4061279296875,1.3382568359375,-0.53564453125
4.242,348,3147,1508,2421,-1.5184326171875,0.5089111328125,-0.4312744140625
4.269,346,3147,1357,2176,-1.2830810546875,0.3095703125,-0.2572021484375
4.270,338,3147,1213,1974,-1.2830810546875,0.3095703125,-0.2572021484375
4.273,328,3147,1025,1536,-0.7679443359375,0.3038330078125,-0.0491943359375
4.288,328,3147,944,1198,-0.64599609375,0.3427734375,-0.0386962890625
4.289,327,3147,887,764,-0.64599609375,0.3427734375,-0.0386962890625
4.304,323,3076,891,351,-0.657470703125,0.233154296875,-0.003662109375
4.311,319,2716,858,351,-0.6944580078125,0.1656494140625,-0.0478515625
4.319,318,2399,858,347,-0.6944580078125,0.1656494140625,-0.0478515625
4.333,317,1867,793,342,-0.716064453125,0.180419921875,-0.14990234375
4.341,315,1713,785,346,-0.716064453125,0.180419921875,-0.14990234375
4.368,315,1437,780,338,-0.72314453125,0.2318115234375,-0.153564453125
4.370,315,1160,689,336,-0.7252197265625,0.3834228515625,-0.1488037109375
4.371,316,1222,714,337,-0.7252197265625,0.3834228515625,-0.1488037109375
4.380,315,1251,707,334,-0.673095703125,0.424072265625,-0.1568603515625
4.399,315,1184,723,336,-0.642578125,0.440185546875,-0.173828125
4.402,315,1239,759,334,-0.6444091796875,0.3856201171875,-0.166259765625
4.410,314,1328,757,334,-0.6444091796875,0.3856201171875,-0.166259765625
4.424,313,1544,750,330,-0.661376953125,0.3223876953125,-0.12548828125
4.433,315,1582,754,338,-0.661376953125,0.3223876953125,-0.12548828125
4.440,315,1715,764,337,-0.668701171875,0.31494140625,-0.107421875
4.459,315,2188,767,338,-0.67431640625,0.2276611328125,-0.1204833984375
4.473,315,2359,802,342,-0.67431640625,0.2276611328125,-0.1204833984375
4.474,314,2538,826,338,-0.6883544921875,0.1968994140625,-0.1390380859375
4.485,316,3084,853,338,-0.7796630859375,0.25341796875,-0.1771240234375
4.492,315,3147,879,497,-0.7796630859375,0.25341796875,-0.1771240234375
4.500,316,3147,899,854,-0.8165283203125,0.2454833984375,-0.18603515625
4.514,310,3147,1063,1464,-0.6746826171875,0.186767578125,-0.046875
4.523,323,3147,1170,1715,-0.6746826171875,0.186767578125,-0.046875
4.537,327,3147,1241,2039,-0.4847412109375,0.1348876953125,0.068603515625
4.544,336,3147,1508,2414,-0.154052734375,0.2584228515625,0.1793212890625
4.566,346,3147,1662,2638,-0.154052734375,0.2584228515625,0.1793212890625
4.566,354,3147,1703,2807,-0.093017578125,0.539306640625,0.18896484375
4.579,361,3147,1800,2961,-0.732177734375,1.02197265625,-0.2672119140625
4.582,364,3147,1882,3020,-0.732177734375,1.02197265625,-0.2672119140625
4.590,365,3147,1943,3003,-1.364501953125,1.0706787109375,-0.5953369140625
4.604,369,3147,1826,2965,-2.654296875,0.81298828125,-0.7706298828125
4.612,370,3147,1854,2968,-2.654296875,0.81298828125,-0.7706298828125
4.626,364,3147,1864,2955,-2.5899658203125,0.1431884765625,-0.5357666015625
4.641,364,3147,1869,2973,-0.8427734375,-0.1622314453125,0.4906005859375
4.642,348,3147,1894,2997,-0.8427734375,-0.1622314453125,0.4906005859375
4.669,363,3147,1869,3012,-0.7919921875,0.923828125,0.2166748046875
4.670,361,3147,1770,2880,-1.2001953125,1.747802734375,-0.3856201171875
4.672,360,3147,1656,2726,-1.5772705078125,1.5989990234375,-0.6790771484375
4.684,359,3147,1524,2613,-1.594970703125,0.7689208984375,-0.561767578125
4.694,347,3147,1335,2255,-1.3916015625,0.171630859375,-0.3155517578125
4.702,344,3147,1206,2054,-1.12939453125,0.1173095703125,-0.2069091796875
4.710,338,3147,1134,1820,-0.881591796875,0.31396484375,-0.1549072265625
4.723,328,3147,1010,1415,-0.68896484375,0.4173583984375,-0.076904296875
4.745,324,3147,1000,1050,-0.591796875,0.332275390625,-0.04833984375
4.746,306,3147,1005,750,-0.5845947265625,0.2109375,-0.034912109375
4.763,324,3104,939,351,-0.6107177734375,0.177978515625,-0.0150146484375
4.774,318,2668,913,330,-0.6502685546875,0.198974609375,-0.058349609375
4.776,316,2486,905,347,-0.6845703125,0.2227783203125,-0.1280517578125
4.791,319,2225,833,345,-0.6929931640625,0.2386474609375,-0.15380859375
4.792,299,2074,773,344,-0.6856689453125,0.2470703125,-0.1468505859375
4.800,316,1807,785,346,-0.667724609375,0.2823486328125,-0.130615234375
4.813,315,1743,751,344,-0.64111328125,0.3377685546875,-0.1143798828125
4.822,316,1744,774,345,-0.6275634765625,0.380615234375,-0.1192626953125
4.829,316,1739,740,344,-0.6492919921875,0.4254150390625,-0.1544189453125
4.849,313,1796,774,342,-0.699951171875,0.4630126953125,-0.1927490234375
4.852,316,1941,787,342,-0.743408203125,0.445556640625,-0.200927734375
4.871,315,2087,778,342,-0.7537841796875,0.366943359375,-0.1744384765625
4.874,315,2273,793,338,-0.7509765625,0.2930908203125,-0.141357421875
4.882,316,2448,790,342,-0.750732421875,0.25732421875,-0.1270751953125
4.897,316,2607,794,344,-0.732421875,0.227294921875,-0.136962890625
4.904,316,2985,853,344,-0.715576171875,0.21533203125,-0.149658203125
4.912,316,3147,891,426,-0.718994140625,0.2357177734375,-0.1419677734375
4.920,316,3147,944,651,-0.7139892578125,0.264892578125,-0.1407470703125
4.933,317,3147,998,1070,-0.7213134765625,0.31591796875,-0.141357421875
4.947,316,3147,1012,1373,-0.7083740234375,0.353759765625,-0.1131591796875
4.950,318,3147,1081,1627,-0.6187744140625,0.3330078125,-0.0733642578125
4.981,323,3147,1170,2076,-0.5157470703125,0.283447265625,-0.03173828125
4.981,328,3147,1251,2316,-0.439208984375,0.2244873046875,0.01171875
4.981,330,3147,1470,2497,-0.3646240234375,0.18310546875,0.0562744140625
5.002,346,3147,1689,2807,-0.291748046875,0.2255859375,0.10888671875
5.004,354,3147,1750,2920,-0.304443359375,0.3819580078125,0.1328125
5.010,359,3147,1840,3040,-0.529052734375,0.6107177734375,0.005126953125
5.024,360,3147,1943,3147,-0.9439697265625,0.85107421875,-0.2635498046875
5.032,369,3147,1989,3128,-1.4234619140625,1.0482177734375,-0.48486328125
5.040,365,3147,2008,3147,-1.9609375,1.1019287109375,-0.6070556640625
5.054,364,3147,2010,3147,-2.4488525390625,0.8233642578125,-0.631103515625
5.081,365,3147,2010,3147,-2.3336181640625,0.1812744140625,-0.4078369140625
5.081,348,3147,1968,3147,-1.5245361328125,-0.24267578125,0.056396484375
5.087,363,3147,1973,3147,-0.8955078125,0.2034912109375,0.2720947265625
5.092,362,3147,1936,3147,-0.899658203125,1.135009765625,-0.0467529296875
5.101,361,3147,1892,3140,-1.308349609375,1.634765625,-0.470947265625
5.114,359,3147,1730,2973,-1.6771240234375,1.2960205078125,-0.5941162109375
5.122,354,3147,1579,2770,-1.69140625,0.579345703125,-0.434814453125
5.130,348,3147,1395,2568,-1.4635009765625,0.182861328125,-0.2501220703125
5.153,336,3147,1202,2162,-1.147705078125,0.2181396484375,-0.1839599609375
5.153,332,3147,1137,1927,-0.848388671875,0.385986328125,-0.131103515625
5.160,328,3147,1050,1636,-0.6136474609375,0.39208984375,-0.0435791015625
5.180,323,3147,1067,1131,-0.491943359375,0.2235107421875,0.0172119140625
5.189,324,3147,1051,742,-0.5120849609375,0.0740966796875,0.0484619140625
5.190,323,3147,1005,390,-0.5958251953125,0.0634765625,0.043212890625
5.204,315,2672,943,346,-0.6632080078125,0.1368408203125,-0.0364990234375
5.217,317,2410,878,347,-0.688720703125,0.215087890625,-0.1402587890625
5.220,324,2085,859,346,-0.6922607421875,0.261962890625,-0.1925048828125
5.234,313,1770,787,342,-0.6832275390625,0.2816162109375,-0.1959228515625
5.242,316,1666,772,342,-0.6474609375,0.301513671875,-0.175537109375
5.252,315,1545,767,343,-0.5970458984375,0.331787109375,-0.154296875
5.266,316,1500,764,336,-0.5855712890625,0.4012451171875,-0.15185546875
5.285,316,1527,790,338,-0.6180419921875,0.4805908203125,-0.1497802734375
5.285,299,1616,793,336,-0.655517578125,0.4835205078125,-0.1378173828125
5.300,314,1820,803,338,-0.692626953125,0.412353515625,-0.1209716796875
5.302,313,1895,801,344,-0.7237548828125,0.3232421875,-0.0994873046875
5.310,316,1961,826,338,-0.735595703125,0.2266845703125,-0.09130859375
5.324,315,2275,855,338,-0.733154296875,0.1318359375,-0.108642578125
5.332,315,2484,891,338,-0.7452392578125,0.095458984375,-0.1346435546875
5.340,316,2679,933,342,-0.7452392578125,0.095458984375,-0.1346435546875
5.357,314,3015,909,343,-0.85302734375,0.17333984375,-0.1849365234375
5.363,316,3147,917,402,-0.8857421875,0.1634521484375,-0.1966552734375
5.370,316,3147,939,656,-0.8857421875,0.1634521484375,-0.1966552734375
5.390,316,3147,1039,1125,-0.78125,0.2100830078125,-0.0706787109375
5.394,318,3147,1103,1415,-0.639404296875,0.312255859375,0.0054931640625
5.400,321,3147,1136,1669,-0.639404296875,0.312255859375,0.0054931640625
5.414,330,3147,1363,2053,-0.356689453125,0.395751953125,0.02294921875
5.423,334,3147,1504,2316,-0.2698974609375,0.341552734375,-0.0196533203125
5.433,344,3147,1629,2525,-0.2698974609375,0.341552734375,-0.0196533203125
5.444,356,3147,1850,2851,-0.260009765625,0.42626953125,0.0068359375
5.460,360,3147,1979,2984,-0.4849853515625,0.6641845703125,-0.0950927734375
5.462,364,3147,1954,3089,-0.4849853515625,0.6641845703125,-0.0950927734375
5.474,371,3147,2083,3147,-1.2611083984375,1.178955078125,-0.5279541015625
5.490,373,3147,2142,3101,-1.751708984375,1.3426513671875,-0.64892578125
5.491,373,3147,2076,3106,-1.751708984375,1.3426513671875,-0.64892578125
5.504,371,3147,2076,3147,-2.3380126953125,0.60205078125,-0.2294921875
5.512,372,3147,2035,3147,-1.8338623046875,-0.2197265625,0.0858154296875
5.525,372,3147,2021,3143,-1.8338623046875,-0.2197265625,0.0858154296875
5.536,369,3147,2012,3114,-0.9791259765625,0.6319580078125,-0.0531005859375
5.542,369,3147,1969,3057,-1.286865234375,1.5546875,-0.50927734375
5.550,364,3147,1864,2918,-1.286865234375,1.5546875,-0.50927734375
5.564,356,3147,1635,2645,-1.7613525390625,0.7877197265625,-0.552978515625
5.577,351,3147,1483,2472,-1.7613525390625,0.7877197265625,-0.552978515625
5.590,348,3147,1303,2230,-1.578369140625,0.1368408203125,-0.2418212890625
5.594,344,3147,1048,1766,-0.8929443359375,0.281494140625,-0.0357666015625
5.602,332,3147,1031,1397,-0.8929443359375,0.281494140625,-0.0357666015625
5.610,328,3147,996,1055,-0.5577392578125,0.4317626953125,0.0262451171875
5.624,326,3147,933,531,-0.4022216796875,0.23681640625,0.0382080078125
5.647,321,3076,907,352,-0.4022216796875,0.23681640625,0.0382080078125
5.648,321,2648,859,327,-0.537353515625,0.173583984375,-0.0067138671875
5.654,318,1954,811,348,-0.6915283203125,0.2249755859375,-0.2237548828125
5.664,317,1715,780,346,-0.6915283203125,0.2249755859375,-0.2237548828125
5.670,317,1608,787,346,-0.6610107421875,0.2335205078125,-0.2225341796875
5.694,315,1386,757,337,-0.679443359375,0.1610107421875,-0.1207275390625
5.694,318,1318,678,344,-0.679443359375,0.1610107421875,-0.1207275390625
5.701,315,1310,693,344,-0.64501953125,0.208984375,-0.139892578125
5.714,315,1370,695,337,-0.6851806640625,0.3375244140625,-0.172119140625
5.723,316,1440,705,344,-0.6851806640625,0.3375244140625,-0.172119140625
5.730,315,1483,738,344,-0.7049560546875,0.2894287109375,-0.11181640625
5.756,315,1613,766,336,-0.740966796875,0.2509765625,0.0091552734375
5.765,313,1703,785,342,-0.740966796875,0.2509765625,0.0091552734375
5.767,300,1770,808,342,-0.756103515625,0.2437744140625,0.01806640625
5.774,315,2039,874,344,-0.7314453125,0.141357421875,-0.0716552734375
5.782,315,2345,900,344,-0.7314453125,0.141357421875,-0.0716552734375
5.799,315,2598,936,347,-0.751953125,0.117431640625,-0.1429443359375
5.804,315,2959,947,347,-0.8111572265625,0.1409912109375,-0.2137451171875
5.812,313,3128,944,346,-0.864501953125,0.1905517578125,-0.25634765625
5.820,318,3147,962,437,-0.8687744140625,0.2275390625,-0.2568359375
5.834,318,3147,1012,931,-0.8238525390625,0.2574462890625,-0.19970703125
5.842,321,3147,1081,1211,-0.7322998046875,0.2747802734375,-0.128662109375
5.855,322,3147,1156,1439,-0.6131591796875,0.273681640625,-0.1019287109375
5.871,328,3147,1224,1925,-0.5087890625,0.2685546875,-0.085205078125
5.873,318,3147,1377,2167,-0.4447021484375,0.284423828125,-0.047119140625
5.898,336,3147,1506,2418,-0.415283203125,0.3360595703125,0.000244140625
5.899,348,3147,1757,2707,-0.4024658203125,0.4365234375,0.0618896484375
5.902,356,3147,1824,2847,-0.4805908203125,0.615966796875,0.1131591796875
5.910,360,3147,1892,2955,-0.7381591796875,0.8050537109375,0.053955078125
5.924,363,3147,1929,3028,-1.14794921875,0.9168701171875,-0.116455078125
5.932,370,3147,1987,3044,-1.5994873046875,0.8883056640625,-0.30419921875
5.940,371,3147,1960,3016,-2.02783203125,0.68505859375,-0.4580078125
5.976,364,3147,1907,2996,-2.35009765625,0.3426513671875,-0.5228271484375
5.976,362,3147,1877,2928,-2.123046875,-0.1396484375,-0.3880615234375
5.984,361,3147,1860,2870,-1.36376953125,-0.319091796875,-0.028076171875
5.998,360,3147,1812,2890,-0.85546875,0.1968994140625,0.1900634765625
5.999,359,3147,1801,2861,-0.9599609375,0.9508056640625,0.0233154296875
6.000,344,3147,1755,2795,-1.388427734375,1.2777099609375,-0.2530517578125
6.014,348,3147,1547,2519,-1.6307373046875,0.986083984375,-0.35986328125
6.023,346,3147,1404,2368,-1.5294189453125,0.5382080078125,-0.276611328125
6.030,344,3147,1276,2111,-1.265625,0.3359375,-0.1761474609375
6.044,332,3147,1129,1705,-0.9681396484375,0.3046875,-0.119384765625
6.052,328,3147,1104,1452,-0.7279052734375,0.26806640625,-0.0491943359375
6.075,327,3147,1070,1056,-0.6055908203125,0.18896484375,-0.0177001953125
6.075,322,3147,990,481,-0.61474609375,0.158935546875,-0.042724609375
6.101,323,3115,991,353,-0.683837890625,0.1954345703125,-0.0908203125
6.101,321,2827,933,347,-0.744384765625,0.2186279296875,-0.1773681640625
6.104,317,2312,895,345,-0.7823486328125,0.1912841796875,-0.242919921875
6.112,319,2014,858,348,-0.793212890625,0.131591796875,-0.2269287109375
6.120,316,1961,816,347,-0.7779541015625,0.0814208984375,-0.1668701171875
6.134,316,1568,767,344,-0.7432861328125,0.091552734375,-0.109619140625
6.142,316,1422,754,344,-0.6871337890625,0.168212890625,-0.0615234375
6.150,316,1426,723,334,-0.62646484375,0.2886962890625,-0.0157470703125
6.164,315,1531,721,344,-0.59228515625,0.41748046875,0.011962890625
6.187,315,1683,733,344,-0.5938720703125,0.50341796875,-0.000244140625
6.187,300,1852,757,342,-0.6263427734375,0.5340576171875,-0.0418701171875
6.207,317,2192,828,338,-0.672607421875,0.5050048828125,-0.0977783203125
6.207,315,2370,868,343,-0.717529296875,0.4267578125,-0.1531982421875
6.213,316,2507,898,346,-0.752685546875,0.3463134765625,-0.1915283203125
6.224,316,2867,918,344,-0.7701416015625,0.2845458984375,-0.205322265625
6.232,321,3056,920,346,-0.784912109375,0.23681640625,-0.2000732421875
6.240,317,3147,958,356,-0.8082275390625,0.191650390625,-0.1744384765625
6.254,316,3147,1045,780,-0.79931640625,0.146484375,-0.12890625
6.262,318,3147,1107,1055,-0.7449951171875,0.17529296875,-0.0516357421875
6.284,318,3147,1153,1317,-0.6488037109375,0.23828125,0.0321044921875
6.284,321,3147,1257,1808,-0.47998046875,0.23046875,0.0882568359375
6.306,330,3147,1386,2061,-0.2664794921875,0.197509765625,0.125244140625
6.306,328,3147,1533,2330,-0.0865478515625,0.2174072265625,0.099853515625
6.314,344,3147,1704,2713,-0.086181640625,0.4871826171875,0.0087890625
6.323,348,3147,1739,2848,-0.395263671875,0.973876953125,-0.197509765625
6.330,356,3147,1757,2978,-0.952880859375,1.3538818359375,-0.518798828125
6.345,361,3147,1824,2949,-1.601318359375,1.4595947265625,-0.7257080078125
6.352,360,3147,1861,2950,-2.2119140625,1.1737060546875,-0.66650390625
6.360,361,3147,1838,2937,-2.5701904296875,0.4278564453125,-0.448974609375
6.379,359,3147,1889,2854,-2.3385009765625,-0.579345703125,-0.12841796875
6.388,360,3147,1865,2760,-1.52001953125,-1.0557861328125,0.33544921875
6.390,359,3147,1846,2748,-0.814697265625,-0.4031982421875,0.6209716796875
6.409,354,3147,1826,2821,-0.7138671875,0.6864013671875,0.4193115234375
6.413,354,3147,1824,2803,-1.115234375,1.2410888671875,-0.0333251953125
6.427,352,3147,1773,2750,-1.59130859375,1.0196533203125,-0.418212890625
6.434,345,3147,1572,2541,-1.7073974609375,0.5308837890625,-0.5716552734375
6.442,344,3147,1447,2317,-1.4920654296875,0.2926025390625,-0.4876708984375
6.450,336,3147,1330,2074,-1.15576171875,0.2720947265625,-0.31591796875
6.464,330,3147,1156,1681,-0.8468017578125,0.335693359375,-0.1383056640625
6.474,327,3147,1159,1379,-0.6494140625,0.384033203125,-0.0084228515625
6.482,324,3147,1100,1083,-0.6494140625,0.384033203125,-0.0084228515625
6.509,323,3147,1014,568,-0.6649169921875,0.2996826171875,0.0892333984375
6.509,305,3147,998,348,-0.7435302734375,0.203369140625,0.08349609375
6.510,304,2825,962,331,-0.7435302734375,0.203369140625,0.08349609375
6.524,317,2567,899,347,-0.83203125,0.031494140625,-0.0635986328125
6.539,316,2142,853,347,-0.8115234375,0.015625,-0.0960693359375
6.540,318,2072,841,351,-0.8115234375,0.015625,-0.0960693359375
6.554,310,1912,794,344,-0.67919921875,0.0877685546875,-0.1041259765625
6.562,317,1855,790,346,-0.6397705078125,0.22412109375,-0.0816650390625
6.570,318,1769,775,346,-0.6397705078125,0.22412109375,-0.0816650390625
6.584,315,1874,800,338,-0.6226806640625,0.5482177734375,-0.0985107421875
6.592,316,1959,777,344,-0.6546630859375,0.6175537109375,-0.1185302734375
6.603,316,2041,793,345,-0.6546630859375,0.6175537109375,-0.1185302734375
6.617,315,2316,820,342,-0.712890625,0.5023193359375,-0.1768798828125
6.624,315,2379,884,344,-0.7255859375,0.400390625,-0.20166015625
6.630,316,2435,912,344,-0.7255859375,0.400390625,-0.20166015625
6.644,316,2754,959,344,-0.7420654296875,0.2286376953125,-0.2169189453125
6.652,316,2988,998,346,-0.755615234375,0.1187744140625,-0.15771484375
6.660,316,3128,1021,346,-0.755615234375,0.1187744140625,-0.15771484375
6.674,313,3147,998,509,-0.8544921875,0.13525390625,-0.0823974609375
6.687,317,3147,1004,684,-0.8853759765625,0.2352294921875,-0.115478515625
6.690,316,3147,1014,885,-0.8853759765625,0.2352294921875,-0.115478515625
6.715,317,3147,1017,1185,-0.8563232421875,0.17724609375,-0.09716796875
6.715,317,3147,1071,1419,-0.8563232421875,0.17724609375,-0.09716796875
6.726,322,3147,1100,1686,-0.7593994140625,0.0968017578125,-0.0406494140625
6.734,324,3147,1183,2100,-0.5169677734375,0.2249755859375,0.083251953125
6.742,327,3147,1319,2328,-0.5169677734375,0.2249755859375,0.083251953125
6.750,330,3147,1483,2504,-0.350830078125,0.37548828125,0.111083984375
6.765,344,3147,1656,2832,-0.1514892578125,0.6668701171875,0.12353515625
6.772,348,3147,1739,2981,-0.1514892578125,0.6668701171875,0.12353515625
6.780,354,3147,1835,3099,-0.3575439453125,0.8411865234375,0.00439453125
6.794,360,3147,1921,3147,-1.1456298828125,1.0423583984375,-0.52685546875
6.803,364,3147,1973,3147,-1.1456298828125,1.0423583984375,-0.52685546875
6.828,369,3147,2058,3147,-1.5111083984375,1.0626220703125,-0.669189453125
6.828,369,3147,1954,3112,-2.2689208984375,0.748046875,-0.597412109375
6.832,369,3147,1974,3143,-2.2689208984375,0.748046875,-0.597412109375
6.840,365,3147,1955,3147,-2.07275390625,0.0467529296875,-0.2479248046875
6.854,364,3147,1973,3147,-0.9337158203125,0.2010498046875,0.2630615234375
6.862,364,3147,1973,3147,-0.9337158203125,0.2010498046875,0.2630615234375
6.877,363,3147,1922,3121,-1.040771484375,1.2105712890625,-0.1844482421875
6.892,359,3147,1806,2955,-1.5855712890625,1.1588134765625,-0.56884765625
6.892,355,3147,1665,2733,-1.5855712890625,1.1588134765625,-0.56884765625
6.900,348,3147,1557,2569,-1.5269775390625,0.3958740234375,-0.30810546875
6.925,338,3147,1268,2195,-1.310791015625,0.1307373046875,-0.113525390625
6.926,332,3147,1189,1983,-1.04150390625,0.3177490234375,-0.076904296875
6.930,328,3147,1098,1757,-0.794921875,0.4976806640625,-0.0665283203125
6.944,323,3147,1034,1188,-0.629638671875,0.4686279296875,-0.046142578125
6.952,321,3147,949,858,-0.5919189453125,0.3072509765625,-0.049072265625
6.960,321,3147,959,500,-0.647216796875,0.143310546875,-0.037109375
6.974,317,2683,951,344,-0.704345703125,0.070068359375,-0.0528564453125
6.982,316,2295,855,347,-0.7298583984375,0.090087890625,-0.136474609375
6.998,318,1855,780,344,-0.7310791015625,0.1885986328125,-0.1922607421875
7.027,315,1401,711,338,-0.72265625,0.284423828125,-0.1795654296875
7.027,316,1129,674,338,-0.722412109375,0.3033447265625,-0.14990234375
7.028,314,1051,594,338,-0.707275390625,0.28955078125,-0.128662109375
7.034,316,871,568,334,-0.6572265625,0.3111572265625,-0.1190185546875
7.042,315,806,614,337,-0.6151123046875,0.369140625,-0.12109375
7.050,315,853,590,334,-0.61669921875,0.4061279296875,-0.1171875
7.064,313,934,604,332,-0.6260986328125,0.3935546875,-0.0927734375
7.072,315,927,614,333,-0.6317138671875,0.3651123046875,-0.0556640625
7.080,315,929,674,334,-0.658447265625,0.3388671875,-0.025146484375
7.102,315,1143,723,334,-0.6905517578125,0.271240234375,-0.0321044921875
7.103,315,1292,721,336,-0.7135009765625,0.163330078125,-0.0709228515625
7.115,315,1401,786,338,-0.732421875,0.0926513671875,-0.1041259765625
7.136,315,1908,814,336,-0.7618408203125,0.1051025390625,-0.117919921875
7.136,315,2047,858,338,-0.790771484375,0.1771240234375,-0.135009765625
7.140,314,2254,907,338,-0.813720703125,0.2493896484375,-0.1715087890625
7.155,316,2613,885,344,-0.8441162109375,0.2767333984375,-0.197509765625
7.162,315,2916,899,346,-0.8543701171875,0.247802734375,-0.200439453125
7.170,316,3147,966,361,-0.8365478515625,0.20849609375,-0.1807861328125
7.185,321,3147,1055,894,-0.79052734375,0.2109375,-0.1185302734375
7.200,319,3147,1148,1129,-0.693115234375,0.239013671875,-0.033447265625
7.201,323,3147,1220,1348,-0.58837890625,0.2960205078125,0.037353515625
7.229,331,3147,1433,1753,-0.49658203125,0.3331298828125,0.0660400390625
7.229,334,3147,1588,2035,-0.3553466796875,0.3165283203125,0.070556640625
7.230,338,3147,1695,2231,-0.2371826171875,0.3621826171875,0.074951171875
7.246,354,3147,1850,2504,-0.3062744140625,0.5435791015625,-0.00390625
7.252,359,3147,1922,2633,-0.6180419921875,0.8399658203125,-0.212158203125
7.260,361,3147,1966,2703,-1.0511474609375,1.1070556640625,-0.4090576171875
7.274,371,3147,2087,2757,-1.4931640625,1.208740234375,-0.4254150390625
7.282,369,3147,2104,2820,-1.9324951171875,1.1026611328125,-0.3092041015625
7.290,371,3147,2018,2810,-2.27099609375,0.7421875,-0.2391357421875
7.304,364,3147,1927,2722,-2.256103515625,0.2098388671875,-0.2532958984375
7.312,363,3147,1912,2569,-1.664794921875,-0.200927734375,-0.1776123046875
7.349,361,3147,1934,2587,-1.0089111328125,-0.030029296875,0.00390625
7.349,360,3147,1891,2521,-0.8665771484375,0.5570068359375,0.022705078125
7.349,360,3147,1861,2435,-1.1865234375,0.9088134765625,-0.09765625
7.350,338,3147,1815,2323,-1.5867919921875,0.7330322265625,-0.1400146484375
7.364,351,3147,1712,2165,-1.66650390625,0.32861328125,-0.0869140625
7.372,347,3147,1572,1985,-1.461669921875,0.192138671875,-0.064208984375
7.380,344,3147,1377,1757,-1.1544189453125,0.3226318359375,-0.126953125
7.394,331,3147,1173,1318,-0.864013671875,0.4703369140625,-0.151123046875
7.407,328,3147,1148,963,-0.643310546875,0.4840087890625,-0.1199951171875
7.411,323,3147,1083,614,-0.551025390625,0.4249267578125,-0.10693359375
7.443,317,3047,1045,352,-0.614990234375,0.35595703125,-0.0902099609375
7.443,304,2622,1000,346,-0.7587890625,0.2598876953125,-0.078857421875
7.443,321,2131,939,348,-0.8804931640625,0.1353759765625,-0.1331787109375
7.454,318,1529,871,346,-0.9144287109375,0.0040283203125,-0.1956787109375
7.462,316,1424,834,342,-0.8751220703125,-0.073486328125,-0.1844482421875
7.471,316,1294,801,342,-0.79443359375,-0.0999755859375,-0.12109375
7.484,316,1318,706,338,-0.69189453125,-0.052490234375,-0.0491943359375
7.492,315,1243,631,342,-0.598876953125,0.1099853515625,0.0157470703125
7.506,316,1163,631,334,-0.5548095703125,0.323974609375,0.0545654296875
7.514,315,1217,698,336,-0.569580078125,0.5008544921875,0.06103515625
7.533,314,1340,710,338,-0.615478515625,0.59423828125,0.04052734375
7.534,315,1422,711,319,-0.661865234375,0.59521484375,-0.0048828125
7.544,315,1627,781,336,-0.69189453125,0.501220703125,-0.0660400390625
7.561,315,1772,808,338,-0.6983642578125,0.3505859375,-0.1292724609375
7.561,316,1855,859,342,-0.705810546875,0.248046875,-0.1856689453125
7.574,316,2257,907,336,-0.728515625,0.224365234375,-0.2281494140625
7.582,316,2503,974,342,-0.755615234375,0.227783203125,-0.2493896484375
7.590,316,2673,999,346,-0.78564453125,0.2281494140625,-0.2440185546875
7.609,315,3045,1004,346,-0.8228759765625,0.2171630859375,-0.2169189453125
7.612,300,3147,1012,347,-0.843994140625,0.1771240234375,-0.1865234375
7.640,323,3147,1014,548,-0.843994140625,0.1771240234375,-0.1865234375
7.640,305,3147,1022,996,-0.8641357421875,0.1666259765625,-0.081298828125
7.642,318,3147,1098,1279,-0.8018798828125,0.176025390625,-0.015869140625
7.650,321,3147,1129,1467,-0.8018798828125,0.176025390625,-0.015869140625
7.671,327,3147,1341,1914,-0.635498046875,0.2908935546875,0.0267333984375
7.672,330,3147,1474,2093,-0.5078125,0.3343505859375,0.0335693359375
7.680,334,3147,1557,2281,-0.5078125,0.3343505859375,0.0335693359375
7.694,344,3147,1739,2580,-0.3385009765625,0.47705078125,0.1014404296875
7.702,351,3147,1820,2738,-0.493896484375,0.695556640625,0.0145263671875
7.710,354,3147,1899,2837,-0.493896484375,0.695556640625,0.0145263671875
7.739,360,3147,1974,2919,-1.2366943359375,1.04638671875,-0.404541015625
7.739,364,3147,2060,2938,-1.575927734375,1.01416015625,-0.4671630859375
7.740,363,3147,2035,2955,-1.575927734375,1.01416015625,-0.4671630859375
7.756,371,3147,1912,2904,-2.155517578125,0.4493408203125,-0.393798828125
7.762,361,3147,1890,2887,-1.895263671875,-0.094970703125,-0.28369140625
7.779,360,3147,1867,2847,-1.895263671875,-0.094970703125,-0.28369140625
7.784,359,3147,1882,2825,-0.9110107421875,0.200927734375,0.14599609375
7.792,359,3147,1861,2821,-1.0364990234375,0.8380126953125,-0.0557861328125
7.800,356,3147,1813,2741,-1.0364990234375,0.8380126953125,-0.0557861328125
7.814,352,3147,1681,2552,-1.6234130859375,0.778076171875,-0.34814453125
7.822,348,3147,1569,2404,-1.5008544921875,0.41552734375,-0.218994140625
7.841,344,3147,1413,2190,-1.5008544921875,0.41552734375,-0.218994140625
7.844,334,3147,1201,1796,-0.9111328125,0.428955078125,-0.0560302734375
7.852,324,3147,1129,1561,-0.9111328125,0.428955078125,-0.0560302734375
7.860,325,3147,1066,1358,-0.665283203125,0.42138671875,-0.0069580078125
7.881,321,3147,1001,932,-0.6107177734375,0.2388916015625,0.005126953125
7.882,318,3147,986,631,-0.6107177734375,0.2388916015625,0.005126953125
7.891,321,3147,958,348,-0.762939453125,0.212890625,-0.0556640625
7.904,316,2824,887,348,-0.9141845703125,0.1746826171875,-0.27392578125
7.917,318,2510,864,347,-0.9141845703125,0.1746826171875,-0.27392578125
7.920,321,2160,846,346,-0.86865234375,0.099609375,-0.2645263671875
7.938,315,1748,759,338,-0.7763671875,0.03955078125,-0.0947265625
7.946,317,1592,721,344,-0.7763671875,0.03955078125,-0.0947265625
7.957,316,1613,691,336,-0.724853515625,0.1121826171875,-0.019287109375
7.964,315,1456,673,334,-0.637939453125,0.4085693359375,0.021484375
7.972,316,1492,697,338,-0.637939453125,0.4085693359375,0.021484375
7.990,316,1501,689,338,-0.6484375,0.5377197265625,-0.017333984375
7.994,315,1713,741,338,-0.6712646484375,0.5269775390625,-0.111083984375
8.004,315,1852,782,338,-0.6712646484375,0.5269775390625,-0.111083984375
8.017,316,2079,859,344,-0.6710205078125,0.446044921875,-0.1484375
8.024,316,2281,890,338,-0.71826171875,0.3740234375,-0.2083740234375
8.038,316,2414,920,343,-0.71826171875,0.3740234375,-0.2083740234375
8.050,315,2581,992,346,-0.74658203125,0.336181640625,-0.2193603515625
8.056,315,2771,1078,345,-0.76611328125,0.272216796875,-0.2001953125
8.062,316,3066,1095,346,-0.7850341796875,0.2061767578125,-0.1632080078125
8.070,318,3147,1095,345,-0.804443359375,0.1429443359375,-0.143310546875
8.084,315,3147,1085,673,-0.814697265625,0.1016845703125,-0.161376953125
8.092,318,3147,1042,871,-0.828369140625,0.128662109375,-0.1817626953125
8.100,316,3147,1095,1129,-0.8397216796875,0.2174072265625,-0.1632080078125
8.124,321,3147,1120,1569,-0.786376953125,0.295654296875,-0.1336669921875
8.125,323,3147,1178,1794,-0.6922607421875,0.337890625,-0.1068115234375
8.145,328,3147,1242,2030,-0.6270751953125,0.3651123046875,-0.080810546875
8.146,333,3147,1434,2379,-0.5494384765625,0.38232421875,-0.0560302734375
8.152,334,3147,1577,2543,-0.49072265625,0.428466796875,0.0052490234375
8.160,344,3147,1669,2722,-0.5587158203125,0.5311279296875,0.0738525390625
8.174,351,3147,1795,2887,-0.7327880859375,0.6256103515625,0.071044921875
8.182,354,3147,1834,2968,-0.954833984375,0.6490478515625,0.001708984375
8.198,359,3147,1874,2981,-1.2071533203125,0.6431884765625,-0.08251953125
8.204,361,3147,1931,2965,-1.4490966796875,0.6475830078125,-0.1619873046875
8.212,364,3147,1920,2964,-1.6434326171875,0.5963134765625,-0.23828125
8.229,361,3147,1840,2905,-1.7978515625,0.4735107421875,-0.3154296875
8.249,355,3147,1769,2695,-1.7230224609375,0.28515625,-0.3642578125
8.249,354,3147,1715,2514,-1.3194580078125,0.1656494140625,-0.2724609375
8.251,344,3147,1691,2492,-0.9810791015625,0.3424072265625,-0.0899658203125
8.264,347,3147,1683,2527,-0.90771484375,0.614990234375,-0.010498046875
8.273,347,3147,1664,2461,-1.0994873046875,0.7568359375,-0.0120849609375
8.280,346,3147,1569,2392,-1.4462890625,0.7376708984375,-0.067626953125
8.294,343,3147,1366,2191,-1.576171875,0.592529296875,-0.17333984375
8.304,332,3147,1236,1985,-1.419677734375,0.5260009765625,-0.237548828125
8.311,327,3147,1138,1756,-1.14013671875,0.5477294921875,-0.2305908203125
8.326,323,3147,946,1319,-0.8575439453125,0.5152587890625,-0.1639404296875
8.332,322,3147,907,980,-0.6751708984375,0.3883056640625,-0.07763671875
8.354,321,3147,879,714,-0.638427734375,0.231689453125,0.0001220703125
8.354,318,3039,843,348,-0.6990966796875,0.1650390625,0.0396728515625
8.363,316,2765,805,346,-0.782958984375,0.1861572265625,-0.0264892578125
8.370,317,2375,816,348,-0.8505859375,0.218505859375,-0.137939453125
8.384,316,2054,764,343,-0.8785400390625,0.1915283203125,-0.1968994140625
8.392,316,1808,738,344,-0.861328125,0.093017578125,-0.1925048828125
8.400,313,1521,698,337,-0.8179931640625,0.0509033203125,-0.135498046875
8.414,313,1254,630,338,-0.7623291015625,0.14453125,-0.072998046875
8.427,316,1224,582,345,-0.6849365234375,0.311279296875,-0.043212890625
8.430,314,1131,559,334,-0.607421875,0.4599609375,-0.046142578125
8.458,310,1038,588,334,-0.57666015625,0.5531005859375,-0.0555419921875
8.466,314,1151,561,336,-0.5814208984375,0.5816650390625,-0.0592041015625
8.466,315,1302,572,330,-0.5965576171875,0.562744140625,-0.068359375
8.474,310,1442,632,336,-0.6138916015625,0.4991455078125,-0.0948486328125
8.482,315,1610,710,343,-0.638427734375,0.402587890625,-0.1402587890625
8.490,315,1773,739,334,-0.680908203125,0.3231201171875,-0.189453125
8.504,316,2160,772,332,-0.7197265625,0.2666015625,-0.2249755859375
8.518,316,2330,806,345,-0.745361328125,0.229736328125,-0.226318359375
8.520,315,2527,859,342,-0.7650146484375,0.21923828125,-0.1966552734375
8.534,310,2797,890,344,-0.782958984375,0.238037109375,-0.170166015625
8.555,315,3106,871,346,-0.7857666015625,0.2537841796875,-0.1585693359375
8.555,300,3147,887,548,-0.7667236328125,0.2503662109375,-0.154296875
8.568,315,3147,986,1058,-0.7523193359375,0.2691650390625,-0.11328125
8.572,318,3147,1071,1310,-0.681640625,0.27734375,-0.0767822265625
8.581,323,3147,1184,1662,-0.541259765625,0.2772216796875,-0.08056640625
8.594,328,3147,1399,2105,-0.45263671875,0.3013916015625,-0.075927734375
8.602,334,3147,1478,2359,-0.4190673828125,0.3104248046875,-0.0421142578125
8.610,342,3147,1596,2587,-0.4508056640625,0.3900146484375,0.0726318359375
8.636,351,3147,1721,2799,-0.622802734375,0.5584716796875,0.1705322265625
8.636,348,3147,1732,2851,-0.8896484375,0.685791015625,0.095458984375
8.640,359,3147,1837,2912,-1.1903076171875,0.7977294921875,-0.1004638671875
8.682,360,3147,1819,2922,-1.4815673828125,0.89892578125,-0.289794921875
8.682,363,3147,1803,2898,-1.7294921875,0.8946533203125,-0.3988037109375
8.682,356,3147,1757,2823,-1.91943359375,0.75341796875,-0.4078369140625
8.685,360,3147,1691,2818,-1.860107421875,0.422607421875,-0.338134765625
8.693,354,3147,1691,2722,-1.426513671875,0.086181640625,-0.1451416015625
8.700,348,3147,1747,2750,-1.027099609375,0.1365966796875,0.0679931640625
8.714,351,3147,1769,2770,-1.0062255859375,0.5555419921875,0.043701171875
8.722,347,3147,1711,2748,-1.30224609375,0.968505859375,-0.18994140625
8.739,347,3147,1640,2633,-1.571533203125,1.0120849609375,-0.404052734375
8.752,336,3147,1387,2386,-1.542236328125,0.7503662109375,-0.4210205078125
8.763,332,3147,1184,2213,-1.32421875,0.535888671875,-0.2835693359375
8.764,313,3147,1054,1985,-1.32421875,0.535888671875,-0.2835693359375
8.774,324,3147,934,1628,-0.7777099609375,0.422607421875,0.01318359375
8.782,321,3147,865,1312,-0.6148681640625,0.327392578125,0.0989990234375
8.792,321,3147,816,1065,-0.6148681640625,0.327392578125,0.0989990234375
8.804,318,3147,808,495,-0.7166748046875,0.171142578125,-0.008056640625
8.812,318,3070,808,347,-0.7818603515625,0.1483154296875,-0.12646484375
8.820,317,2749,828,344,-0.7818603515625,0.1483154296875,-0.12646484375
8.844,313,2161,748,346,-0.78173828125,0.09375,-0.2281494140625
8.845,300,1747,707,336,-0.77734375,0.111083984375,-0.1773681640625
8.864,315,1535,738,342,-0.77734375,0.111083984375,-0.1773681640625
8.864,315,1345,671,332,-0.6875,0.2581787109375,-0.0552978515625
8.872,316,1346,673,342,-0.5858154296875,0.35888671875,-0.01904296875
8.880,316,1318,644,336,-0.5858154296875,0.35888671875,-0.01904296875
8.894,313,1372,614,338,-0.6083984375,0.653564453125,-0.04443359375
8.906,315,1387,705,338,-0.6392822265625,0.660888671875,-0.076416015625
8.911,314,1506,720,337,-0.6392822265625,0.660888671875,-0.076416015625
8.924,315,1677,763,334,-0.6888427734375,0.4166259765625,-0.1741943359375
8.969,313,1853,754,342,-0.7142333984375,0.3363037109375,-0.231689453125
8.969,314,1900,748,319,-0.7142333984375,0.3363037109375,-0.231689453125
8.969,314,2167,829,338,-0.718017578125,0.1942138671875,-0.25830078125
8.969,315,2330,853,342,-0.720947265625,0.171142578125,-0.193115234375
8.970,314,2432,844,351,-0.720947265625,0.171142578125,-0.193115234375
8.984,315,2879,913,345,-0.7928466796875,0.320556640625,-0.12890625
8.992,315,3063,922,347,-0.7928466796875,0.320556640625,-0.12890625
9.000,316,3147,923,482,-0.793701171875,0.3323974609375,-0.1541748046875
9.018,310,3147,867,948,-0.77587890625,0.2620849609375,-0.203369140625
9.022,308,3147,900,1178,-0.77587890625,0.2620849609375,-0.203369140625
9.030,316,3147,974,1445,-0.7740478515625,0.3031005859375,-0.176025390625
9.050,321,3147,1155,1798,-0.4849853515625,0.2410888671875,-0.0701904296875
9.057,325,3147,1272,2091,-0.4849853515625,0.2410888671875,-0.0701904296875
9.070,329,3147,1387,2325,-0.4376220703125,0.227294921875,0.0096435546875
9.074,342,3147,1616,2627,-0.4583740234375,0.5130615234375,0.124267578125
9.083,348,3147,1727,2746,-0.4583740234375,0.5130615234375,0.124267578125
9.090,355,3147,1792,2827,-0.651123046875,0.728759765625,0.1094970703125
9.104,359,3147,1878,2882,-1.3641357421875,0.9000244140625,-0.0869140625
9.112,362,3147,1894,2875,-1.3641357421875,0.9000244140625,-0.0869140625
9.122,364,3147,1943,2884,-1.6785888671875,0.8250732421875,-0.212646484375
9.134,361,3147,1864,2766,-2.0152587890625,0.46044921875,-0.4705810546875
9.144,359,3147,1834,2713,-2.0152587890625,0.46044921875,-0.4705810546875
9.169,357,3147,1815,2635,-1.665771484375,0.195556640625,-0.4351806640625
9.170,351,3147,1734,2569,-0.903076171875,0.4742431640625,-0.05224609375
9.178,352,3147,1786,2621,-0.903076171875,0.4742431640625,-0.05224609375
9.183,349,3147,1774,2591,-0.9876708984375,0.7384033203125,-0.0762939453125
9.196,346,3147,1650,2469,-1.3201904296875,0.8538818359375,-0.137451171875
9.202,344,3147,1519,2345,-1.608642578125,0.774169921875,-0.2325439453125
9.229,338,3147,1373,2202,-1.5709228515625,0.584228515625,-0.2724609375
9.234,332,3147,1069,1855,-1.339111328125,0.47412109375,-0.2169189453125
9.234,326,3147,963,1700,-1.0538330078125,0.4500732421875,-0.140869140625
9.267,324,3147,868,1447,-0.78955078125,0.448486328125,-0.05126953125
9.267,319,3147,816,971,-0.5889892578125,0.4112548828125,0.0185546875
9.284,319,3147,811,667,-0.5299072265625,0.3238525390625,0.028564453125
9.286,318,3147,780,402,-0.61376953125,0.23486328125,0.019287109375
9.286,318,2787,781,348,-0.7225341796875,0.190673828125,-0.029296875
9.292,316,2442,818,346,-0.80126953125,0.175048828125,-0.1385498046875
9.300,318,2188,816,338,-0.83544921875,0.156494140625,-0.2115478515625
9.314,315,1592,754,338,-0.8280029296875,0.134033203125,-0.2060546875
9.322,315,1623,772,338,-0.810302734375,0.142333984375,-0.1627197265625
9.330,313,1523,748,332,-0.7706298828125,0.193603515625,-0.113525390625
9.356,315,1357,678,336,-0.689697265625,0.2757568359375,-0.0748291015625
9.356,315,1303,687,337,-0.6202392578125,0.3905029296875,-0.0526123046875
9.376,314,1342,598,334,-0.615478515625,0.521728515625,-0.0489501953125
9.376,314,1372,687,336,-0.64306640625,0.6002197265625,-0.0650634765625
9.385,306,1428,684,336,-0.6658935546875,0.5704345703125,-0.0916748046875
9.390,315,1506,746,336,-0.6915283203125,0.457763671875,-0.12109375
9.404,315,1604,819,334,-0.722900390625,0.341552734375,-0.156982421875
9.412,315,1652,826,336,-0.7491455078125,0.2611083984375,-0.211181640625
9.420,313,1860,832,336,-0.7550048828125,0.19384765625,-0.2626953125
9.434,315,2166,869,334,-0.7491455078125,0.1480712890625,-0.263427734375
9.442,316,2217,853,337,-0.7620849609375,0.1649169921875,-0.216064453125
9.453,314,2362,907,343,-0.78759765625,0.21728515625,-0.17333984375
9.483,314,2874,917,338,-0.8087158203125,0.2532958984375,-0.1588134765625
9.483,310,3147,906,346,-0.8062744140625,0.2520751953125,-0.1617431640625
9.484,316,3147,933,521,-0.7691650390625,0.248291015625,-0.190185546875
9.495,316,3147,939,879,-0.7574462890625,0.32763671875,-0.1983642578125
9.503,317,3147,1029,1143,-0.72607421875,0.3966064453125,-0.1895751953125
9.510,321,3147,1132,1412,-0.6064453125,0.3551025390625,-0.201416015625
9.524,327,3147,1416,1840,-0.51513671875,0.3212890625,-0.2052001953125
9.532,334,3147,1580,2018,-0.470947265625,0.377685546875,-0.182373046875
9.540,342,3147,1741,2263,-0.4110107421875,0.5010986328125,-0.0872802734375
9.554,356,3147,1854,2534,-0.4462890625,0.6612548828125,0.052734375
9.588,359,3147,1922,2622,-0.6412353515625,0.77734375,0.107177734375
9.593,361,3147,1969,2722,-0.9527587890625,0.8038330078125,0.0223388671875
9.593,371,3147,2035,2760,-1.3836669921875,0.791748046875,-0.1375732421875
9.594,370,3147,2018,2777,-1.858642578125,0.7357177734375,-0.304443359375
9.601,364,3147,1874,2630,-2.20361328125,0.6248779296875,-0.4051513671875
9.614,361,3147,1862,2516,-2.061279296875,0.3607177734375,-0.3343505859375
9.622,361,3147,1864,2472,-1.3607177734375,0.0294189453125,-0.0286865234375
9.630,359,3147,1835,2394,-0.8095703125,0.0531005859375,0.2862548828125
9.644,351,3147,1705,2203,-0.7628173828125,0.3876953125,0.251220703125
9.656,348,3147,1704,2240,-0.8916015625,0.6297607421875,-0.0145263671875
9.660,347,3147,1686,2268,-1.0234375,0.6591796875,-0.1904296875
9.698,346,3147,1548,2172,-1.24658203125,0.6231689453125,-0.2696533203125
9.698,343,3147,1455,2035,-1.52734375,0.6304931640625,-0.389404296875
9.699,334,3147,1313,1826,-1.6168212890625,0.601806640625,-0.484130859375
9.706,330,3147,1125,1400,-1.4375,0.4814453125,-0.37451171875
9.714,327,3147,982,1001,-1.104248046875,0.3245849609375,-0.141845703125
9.720,323,3147,922,574,-0.794677734375,0.2720947265625,0.032470703125
9.734,318,3147,864,348,-0.6260986328125,0.343017578125,0.1143798828125
9.744,316,2954,830,348,-0.5703125,0.403076171875,0.13134765625
9.750,316,2668,813,348,-0.5897216796875,0.386962890625,0.06591796875
9.764,316,2337,800,346,-0.677490234375,0.3201904296875,-0.07470703125
9.808,316,2105,772,346,-0.795166015625,0.2657470703125,-0.1976318359375
9.808,313,1821,764,321,-0.8896484375,0.2071533203125,-0.268310546875
9.808,313,1373,708,322,-0.9185791015625,0.1064453125,-0.2972412109375
9.808,317,1258,698,338,-0.875732421875,0.0308837890625,-0.256591796875
9.811,310,1189,707,338,-0.7960205078125,0.05859375,-0.176513671875
9.824,313,1043,673,337,-0.71728515625,0.19873046875,-0.1171875
9.834,309,1058,606,334,-0.655517578125,0.3846435546875,-0.081298828125
9.840,310,1018,551,336,-0.61669921875,0.53271484375,-0.070068359375
9.862,310,1026,564,333,-0.6114501953125,0.596923828125,-0.070556640625
9.864,310,1078,600,333,-0.6278076171875,0.589111328125,-0.0587158203125
9.870,310,1224,654,336,-0.6278076171875,0.589111328125,-0.0587158203125
9.894,312,1335,695,334,-0.6507568359375,0.476318359375,-0.1282958984375
9.902,313,1383,748,346,-0.684326171875,0.3941650390625,-0.1871337890625
9.903,313,1604,784,330,-0.684326171875,0.3941650390625,-0.1871337890625
9.918,313,1961,782,333,-0.7222900390625,0.176513671875,-0.2557373046875
9.922,310,2230,803,343,-0.66943359375,0.1024169921875,-0.2359619140625
9.930,315,2415,835,338,-0.66943359375,0.1024169921875,-0.2359619140625
9.944,314,3115,840,345,-0.6033935546875,0.206787109375,-0.129638671875
9.952,316,3147,904,660,-0.5738525390625,0.2581787109375,-0.09521484375
9.965,318,3147,964,963,-0.5738525390625,0.2581787109375,-0.09521484375
9.974,318,3147,1103,1521,-0.4000244140625,0.246337890625,-0.0372314453125
9.998,324,3147,1283,1830,-0.2967529296875,0.2459716796875,0.00244140625
9.998,330,3147,1486,2122,-0.2967529296875,0.2459716796875,0.00244140625
10.010,346,3147,1733,2552,-0.455078125,0.4783935546875,0.089599609375
10.014,347,3147,1806,2713,-0.6800537109375,0.64013671875,0.114990234375
10.020,356,3147,1855,2792,-0.6800537109375,0.64013671875,0.114990234375
10.034,361,3147,1952,2901,-1.449462890625,0.771728515625,-0.21240234375
10.044,363,3147,2007,2934,-1.836669921875,0.765380859375,-0.34765625
10.051,364,3147,2005,2984,-1.836669921875,0.765380859375,-0.34765625
10.065,363,3147,1952,3008,-2.23974609375,0.4661865234375,-0.3885498046875
10.072,361,3147,1922,3008,-1.7032470703125,0.2052001953125,-0.2308349609375
10.095,360,3147,1912,2981,-1.7032470703125,0.2052001953125,-0.2308349609375
10.095,360,3147,1952,3042,-0.828125,0.811767578125,-0.020751953125
10.104,360,3147,1927,2993,-0.828125,0.811767578125,-0.020751953125
10.116,361,3147,1900,2918,-1.1005859375,1.2423095703125,-0.242431640625
10.124,351,3147,1820,2703,-1.5721435546875,0.8023681640625,-0.483642578125
10.132,347,3147,1705,2505,-1.5721435546875,0.8023681640625,-0.483642578125
10.144,342,3147,1564,2308,-1.476806640625,0.4293212890625,-0.37158203125
10.154,332,3147,1199,1894,-1.085205078125,0.346435546875,-0.1297607421875
10.171,328,3147,1058,1665,-1.085205078125,0.346435546875,-0.1297607421875
10.171,324,3147,944,1317,-0.8829345703125,0.3773193359375,-0.024658203125
10.199,319,3147,858,849,-0.6776123046875,0.1591796875,0.07861328125
10.199,316,3147,834,406,-0.6776123046875,0.1591796875,0.07861328125
10.200,304,3007,818,344,-0.6962890625,0.0677490234375,0.076904296875
10.224,318,2287,841,343,-0.705322265625,0.0018310546875,-0.03662109375
10.224,321,1865,763,322,-0.705322265625,0.0018310546875,-0.03662109375
10.231,318,1695,775,342,-0.7178955078125,0.0445556640625,-0.06787109375
10.244,314,1173,697,338,-0.71875,0.2493896484375,-0.06982421875
10.256,313,1091,733,332,-0.71875,0.2493896484375,-0.06982421875
10.260,313,1081,687,334,-0.6175537109375,0.31884765625,-0.1060791015625
10.274,313,1024,648,332,-0.5107421875,0.3841552734375,-0.1593017578125
10.297,313,1122,631,330,-0.5107421875,0.3841552734375,-0.1593017578125
10.298,295,1268,582,331,-0.4942626953125,0.3868408203125,-0.183349609375
10.304,310,1508,668,332,-0.5811767578125,0.5384521484375,-0.24365234375
10.312,310,1656,711,332,-0.5811767578125,0.5384521484375,-0.24365234375
10.327,313,1929,702,332,-0.67919921875,0.612060546875,-0.2164306640625
10.334,313,2194,725,334,-0.6922607421875,0.5064697265625,-0.2144775390625
10.343,310,2421,744,336,-0.6719970703125,0.32470703125,-0.2081298828125
10.350,312,2622,746,336,-0.6580810546875,0.2152099609375,-0.1649169921875
10.379,313,3061,757,338,-0.6627197265625,0.234375,-0.124267578125
10.380,296,3147,784,454,-0.6689453125,0.2838134765625,-0.099853515625
10.381,315,3147,758,840,-0.658203125,0.24755859375,-0.1009521484375
10.406,309,3147,761,1382,-0.697265625,0.1888427734375,-0.1107177734375
10.406,316,3147,820,1648,-0.7176513671875,0.14208984375,-0.08056640625
10.412,321,3147,960,1970,-0.6021728515625,0.0423583984375,0.030029296875
10.425,324,3147,1209,2347,-0.4293212890625,-0.027587890625,0.2054443359375
10.435,328,3147,1411,2484,-0.3126220703125,0.0517578125,0.3292236328125
10.440,334,3147,1506,2608,-0.3753662109375,0.348876953125,0.304443359375
10.454,347,3147,1635,2717,-0.6541748046875,0.78125,0.0887451171875
10.464,348,3147,1682,2781,-1.0716552734375,1.1346435546875,-0.2764892578125
10.483,348,3147,1694,2766,-1.4932861328125,1.308837890625,-0.6590576171875
10.484,336,3147,1750,2698,-1.7681884765625,1.2667236328125,-0.8385009765625
10.507,355,3147,1774,2668,-1.9244384765625,0.9891357421875,-0.65087890625
10.508,351,3147,1794,2638,-1.98291015625,0.4625244140625,-0.3026123046875
10.515,351,3147,1830,2765,-1.701904296875,-0.1007080078125,-0.0477294921875
10.522,347,3147,1855,2760,-1.267333984375,-0.0821533203125,0.0487060546875
10.530,351,3147,1785,2736,-1.246826171875,0.6539306640625,-0.0877685546875
10.554,347,3147,1658,2645,-1.5009765625,1.266845703125,-0.347900390625
10.554,346,3147,1499,2473,-1.6185302734375,1.1826171875,-0.463134765625
10.560,337,3147,1386,2428,-1.53515625,0.742431640625,-0.391357421875
10.579,330,3147,1160,2158,-1.3057861328125,0.4373779296875,-0.275390625
10.583,328,3147,1014,1920,-1.0418701171875,0.367431640625,-0.1724853515625
10.609,323,3147,818,1718,-0.81884765625,0.349365234375,-0.0758056640625
10.609,304,3147,788,1341,-0.64404296875,0.278564453125,0.0185546875
10.612,318,3147,774,999,-0.5364990234375,0.2166748046875,0.0709228515625
10.620,317,3147,773,656,-0.555908203125,0.2073974609375,0.0418701171875
10.634,316,3147,799,346,-0.6395263671875,0.1922607421875,-0.010986328125
10.649,316,3012,778,346,-0.6539306640625,0.148193359375,-0.0819091796875
10.650,313,2626,765,345,-0.6461181640625,0.1446533203125,-0.2000732421875
10.664,319,2494,764,334,-0.6507568359375,0.1719970703125,-0.258544921875
10.672,318,2253,774,337,-0.61181640625,0.1695556640625,-0.236572265625
10.680,316,2122,767,336,-0.6192626953125,0.2401123046875,-0.184326171875
10.694,315,2050,735,333,-0.6539306640625,0.3861083984375,-0.132568359375
10.708,313,2087,728,336,-0.64306640625,0.4698486328125,-0.11572265625
10.710,315,2186,765,338,-0.654052734375,0.466552734375,-0.1009521484375
10.724,313,2337,787,334,-0.689453125,0.413818359375,-0.0810546875
10.732,315,2407,811,338,-0.7205810546875,0.3697509765625,-0.08056640625
10.740,315,2498,830,338,-0.7530517578125,0.3480224609375,-0.0888671875
10.754,312,2654,816,338,-0.775146484375,0.3272705078125,-0.099853515625
10.762,315,2748,816,338,-0.7830810546875,0.3074951171875,-0.133056640625
10.770,315,2916,814,344,-0.80126953125,0.2958984375,-0.17529296875
10.784,307,3056,842,338,-0.8338623046875,0.2962646484375,-0.2037353515625
10.792,316,3147,879,344,-0.8662109375,0.3079833984375,-0.210693359375
10.824,316,3147,891,344,-0.8763427734375,0.303466796875,-0.210205078125
10.825,316,3147,837,507,-0.865234375,0.267333984375,-0.2200927734375
10.825,310,3147,780,614,-0.8739013671875,0.23974609375,-0.2259521484375
10.831,315,3147,794,749,-0.8870849609375,0.2318115234375,-0.1846923828125
10.844,315,3147,787,1014,-0.8507080078125,0.2120361328125,-0.0927734375
10.852,316,3147,777,1201,-0.760498046875,0.1630859375,0.0042724609375
10.860,310,3147,749,1439,-0.6319580078125,0.1478271484375,0.0904541015625
10.874,318,3147,827,1781,-0.4893798828125,0.1959228515625,0.1717529296875
10.885,323,3147,1025,2008,-0.3338623046875,0.2415771484375,0.2142333984375
10.892,322,3147,1183,2167,-0.17822265625,0.2696533203125,0.2421875
10.910,334,3147,1434,2469,-0.1142578125,0.3221435546875,0.2252197265625
10.933,338,3147,1516,2648,-0.248046875,0.50830078125,0.018310546875
10.934,328,3147,1506,2757,-0.64208984375,0.958984375,-0.446044921875
10.935,346,3147,1518,2787,-1.14892578125,1.4713134765625,-0.94189453125
10.942,348,3147,1529,2830,-1.429931640625,1.4854736328125,-0.97119140625
10.951,348,3147,1561,2827,-1.487548828125,0.8721923828125,-0.5037841796875
10.968,348,3147,1557,2793,-1.624267578125,0.3309326171875,-0.1160888671875
10.973,348,3147,1503,2744,-1.804443359375,0.45947265625,-0.11181640625
10.989,346,3147,1557,2757,-1.767822265625,0.8929443359375,-0.2823486328125
10.995,344,3147,1569,2647,-1.527587890625,1.0150146484375,-0.3402099609375
11.003,344,3147,1546,2599,-1.4552001953125,0.8565673828125,-0.2386474609375
11.018,342,3147,1464,2567,-1.4552001953125,0.8565673828125,-0.2386474609375
11.026,334,3147,1334,2447,-1.534423828125,0.482666015625,-0.138916015625
11.032,332,3147,1251,2333,-1.37255859375,0.38232421875,-0.128662109375
11.045,330,3147,1120,2180,-1.37255859375,0.38232421875,-0.128662109375
11.054,328,3147,958,1943,-0.894287109375,0.41259765625,-0.151611328125
11.062,328,3147,871,1759,-0.7242431640625,0.5009765625,-0.1905517578125
11.074,323,3147,793,1616,-0.7242431640625,0.5009765625,-0.1905517578125
11.091,323,3147,746,1157,-0.587890625,0.5101318359375,-0.2109375
11.092,302,3147,753,955,-0.5926513671875,0.4603271484375,-0.1707763671875
11.117,316,3147,705,642,-0.5926513671875,0.4603271484375,-0.1707763671875
11.118,317,3112,725,347,-0.6278076171875,0.3560791015625,-0.116943359375
11.122,317,2830,720,346,-0.6341552734375,0.31787109375,-0.1005859375
11.130,318,2581,723,346,-0.6341552734375,0.31787109375,-0.1005859375
11.144,315,2131,698,342,-0.6962890625,0.309814453125,-0.06494140625
11.158,316,1900,658,342,-0.691650390625,0.319580078125,-0.10009765625
11.160,316,1733,636,346,-0.691650390625,0.319580078125,-0.10009765625
11.182,313,1642,644,336,-0.7060546875,0.342041015625,-0.1534423828125
11.182,316,1627,588,338,-0.7357177734375,0.2510986328125,-0.1204833984375
11.192,316,1666,601,338,-0.7357177734375,0.2510986328125,-0.1204833984375
11.204,314,1820,603,336,-0.7252197265625,0.0947265625,-0.0418701171875
11.228,315,1920,593,338,-0.7178955078125,0.1436767578125,-0.0330810546875
11.231,314,2053,574,321,-0.7178955078125,0.1436767578125,-0.0330810546875
11.236,315,2240,605,338,-0.73583984375,0.244873046875,-0.04931640625
11.242,316,2347,634,344,-0.73583984375,0.244873046875,-0.04931640625
11.251,315,2435,643,344,-0.7415771484375,0.2369384765625,-0.06884765625
11.270,316,2747,705,338,-0.7659912109375,0.2674560546875,-0.12939453125
11.273,316,2880,723,346,-0.7659912109375,0.2674560546875,-0.12939453125
11.298,315,3000,744,344,-0.8077392578125,0.32568359375,-0.1634521484375
11.298,316,3147,754,437,-0.8416748046875,0.248779296875,-0.2406005859375
11.302,315,3147,725,627,-0.8416748046875,0.248779296875,-0.2406005859375
11.321,316,3147,762,792,-0.829345703125,0.156982421875,-0.214599609375
11.327,314,3147,673,1228,-0.681884765625,0.184326171875,0.0517578125
11.333,317,3147,695,1531,-0.681884765625,0.184326171875,0.0517578125
11.341,318,3147,753,1810,-0.492431640625,0.2528076171875,0.1278076171875
11.354,322,3147,1112,2167,-0.2271728515625,0.3101806640625,0.18017578125
11.363,327,3147,1320,2359,-0.2271728515625,0.3101806640625,0.18017578125
11.370,332,3147,1480,2530,-0.17431640625,0.226806640625,0.190185546875
11.384,348,3147,1613,2822,-0.6202392578125,0.73388671875,-0.070556640625
11.403,354,3147,1641,2887,-0.6202392578125,0.73388671875,-0.070556640625
11.404,356,3147,1681,2921,-1.1015625,1.2803955078125,-0.563232421875
11.428,360,3147,1796,2976,-1.5279541015625,1.4012451171875,-0.8839111328125
11.428,345,3147,1847,2963,-1.5279541015625,1.4012451171875,-0.8839111328125
11.431,364,3147,1850,2937,-1.5076904296875,0.7904052734375,-0.5015869140625
11.444,361,3147,1867,2872,-1.73779296875,0.56982421875,-0.23046875
11.453,361,3147,1882,2870,-1.73779296875,0.56982421875,-0.23046875
11.460,361,3147,1908,2822,-1.5550537109375,0.6029052734375,-0.2957763671875
11.474,362,3147,1890,2777,-1.3348388671875,0.520751953125,-0.2354736328125
11.483,361,3147,1819,2748,-1.4766845703125,0.5528564453125,-0.163818359375
11.531,360,3147,1772,2647,-1.617919921875,0.6754150390625,-0.2379150390625
11.531,347,3147,1592,2368,-1.5413818359375,0.78125,-0.3084716796875
11.531,348,3147,1508,2242,-1.300048828125,0.7169189453125,-0.2825927734375
11.531,342,3147,1391,2076,-1.0142822265625,0.55419921875,-0.1865234375
11.535,331,3147,1233,1719,-0.7801513671875,0.4093017578125,-0.08349609375
11.543,330,3147,1149,1422,-0.5919189453125,0.279052734375,-0.0185546875
11.550,327,3147,1067,1103,-0.502197265625,0.2183837890625,-0.017333984375
11.564,321,3147,999,590,-0.5533447265625,0.2679443359375,-0.064697265625
11.572,321,3147,973,361,-0.656982421875,0.3349609375,-0.096435546875
11.581,319,3078,934,351,-0.7147216796875,0.33251953125,-0.1087646484375
11.631,316,2424,814,347,-0.67822265625,0.2327880859375,-0.176513671875
11.631,317,2203,787,347,-0.640869140625,0.2637939453125,-0.1683349609375
11.631,317,1945,771,342,-0.6094970703125,0.3189697265625,-0.1256103515625
11.633,316,1816,738,345,-0.60693359375,0.36865234375,-0.0491943359375
11.641,316,1846,774,344,-0.635498046875,0.38330078125,-0.0137939453125
11.699,316,1944,750,343,-0.6722412109375,0.3712158203125,-0.05126953125
11.699,316,1943,780,344,-0.7008056640625,0.3577880859375,-0.1009521484375
11.699,316,2060,787,342,-0.73388671875,0.3385009765625,-0.1197509765625
11.699,316,2267,840,344,-0.769775390625,0.293212890625,-0.1097412109375
11.699,316,2362,848,346,-0.7857666015625,0.22021484375,-0.100830078125
11.735,316,2519,855,344,-0.7860107421875,0.17236328125,-0.1112060546875
11.735,316,2717,890,344,-0.7816162109375,0.180908203125,-0.1309814453125
11.735,315,2872,865,346,-0.77294921875,0.2174072265625,-0.146728515625
11.735,315,3147,907,346,-0.75341796875,0.2435302734375,-0.1488037109375
11.745,316,3147,938,608,-0.6961669921875,0.2388916015625,-0.1341552734375
11.753,318,3147,933,912,-0.65625,0.286376953125,-0.10888671875
11.761,317,3147,963,1157,-0.6566162109375,0.388916015625,-0.06787109375
11.771,321,3147,1009,1468,-0.589111328125,0.3997802734375,-0.0308837890625
11.783,324,3147,1318,1895,-0.4696044921875,0.310302734375,0.0274658203125
11.791,329,3147,1443,2178,-0.3568115234375,0.1549072265625,0.084228515625
11.808,336,3147,1589,2407,-0.2667236328125,0.038818359375,0.0994873046875
11.839,351,3147,1775,2739,-0.2794189453125,0.14794921875,0.0699462890625
11.839,336,3147,1823,2853,-0.4918212890625,0.48876953125,-0.0911865234375
11.839,352,3147,1811,2937,-0.864501953125,0.914794921875,-0.3553466796875
11.845,360,3147,1850,3000,-1.2764892578125,1.26318359375,-0.5955810546875
11.851,363,3147,1878,2981,-1.63720703125,1.4244384765625,-0.73291015625
11.859,369,3147,1890,2911,-1.900146484375,1.31494140625,-0.6632080078125
11.873,363,3147,1914,2863,-2.143310546875,0.8321533203125,-0.33203125
11.881,361,3147,1918,2823,-1.978759765625,-0.0770263671875,0.07470703125
11.889,362,3147,1954,2912,-1.339599609375,-0.6033935546875,0.3846435546875
11.909,360,3147,1954,2940,-1.0264892578125,-0.060302734375,0.29150390625
11.912,369,3147,1904,2923,-1.271484375,0.8968505859375,-0.2117919921875
11.953,360,3147,1850,2840,-1.6123046875,1.2869873046875,-0.5626220703125
11.954,360,3147,1739,2633,-1.679931640625,0.916748046875,-0.4989013671875
11.954,356,3147,1604,2498,-1.455810546875,0.4306640625,-0.2384033203125
11.954,351,3147,1464,2321,-1.1026611328125,0.2630615234375,-0.0823974609375
11.963,342,3147,1260,2005,-0.78173828125,0.34033203125,-0.0426025390625
11.971,336,3147,1151,1772,-0.561767578125,0.4349365234375,-0.0228271484375
11.980,328,3147,1042,1514,-0.4697265625,0.437744140625,-0.0306396484375
11.993,323,3147,963,933,-0.543701171875,0.3697509765625,-0.0880126953125
12.001,323,3147,934,644,-0.696533203125,0.2803955078125,-0.1220703125
12.013,323,3147,912,409,-0.784912109375,0.21044921875,-0.127197265625
12.043,319,2974,846,351,-0.8104248046875,0.1728515625,-0.1748046875
12.043,302,2691,835,346,-0.80908203125,0.1575927734375,-0.2054443359375
12.043,302,2372,747,327,-0.80908203125,0.1575927734375,-0.2054443359375
12.059,315,1922,793,338,-0.73828125,0.1324462890625,-0.1051025390625
12.061,313,1757,737,344,-0.6846923828125,0.1651611328125,-0.047119140625
12.069,318,1762,734,344,-0.6846923828125,0.1651611328125,-0.047119140625
12.084,315,1815,799,338,-0.59619140625,0.3685302734375,-0.035888671875
12.091,315,1874,733,344,-0.663330078125,0.4776611328125,-0.09326171875
12.099,316,2007,767,334,-0.663330078125,0.4776611328125,-0.09326171875
12.115,313,2172,818,338,-0.731689453125,0.4127197265625,-0.16015625
12.123,316,2247,853,337,-0.7310791015625,0.35205078125,-0.164306640625
12.139,315,2370,905,338,-0.7310791015625,0.35205078125,-0.164306640625
12.156,315,2608,963,343,-0.7291259765625,0.3309326171875,-0.197265625
12.156,316,2676,1004,338,-0.7315673828125,0.30712890625,-0.20166015625
12.160,316,2890,1021,344,-0.7315673828125,0.30712890625,-0.20166015625
12.174,316,3147,1058,346,-0.7711181640625,0.35009765625,-0.1751708984375
12.181,318,3147,1058,473,-0.775390625,0.3873291015625,-0.1593017578125
12.189,313,3147,1056,619,-0.775390625,0.3873291015625,-0.1593017578125
12.203,316,3147,1071,871,-0.8123779296875,0.3460693359375,-0.1881103515625
12.217,319,3147,1079,1018,-0.8631591796875,0.3072509765625,-0.217041015625
12.220,316,3147,1134,1283,-0.8631591796875,0.3072509765625,-0.217041015625
12.234,321,3147,1228,1624,-0.779052734375,0.1080322265625,-0.12109375
12.257,323,3147,1267,1826,-0.684326171875,0.0323486328125,-0.00439453125
12.257,327,3147,1320,2104,-0.684326171875,0.0323486328125,-0.00439453125
12.265,332,3147,1666,2382,-0.3536376953125,-0.0987548828125,0.2969970703125
12.271,338,3147,1816,2514,-0.3536376953125,-0.0987548828125,0.2969970703125
12.284,346,3147,1943,2645,-0.261474609375,0.0621337890625,0.270263671875
12.293,354,3147,2047,2911,-0.616943359375,1.079833984375,-0.392333984375
12.301,359,3147,2074,3017,-0.616943359375,1.079833984375,-0.392333984375
12.309,360,3147,2091,3084,-1.0545654296875,1.5565185546875,-0.79248046875
12.323,362,3147,2119,3079,-1.5821533203125,1.30859375,-0.669921875
12.352,365,3147,2161,3092,-1.5821533203125,1.30859375,-0.669921875
12.352,365,3147,2063,3042,-1.80126953125,0.747802734375,-0.3221435546875
12.354,359,3147,2106,2936,-1.81982421875,-0.2852783203125,0.3184814453125
12.361,361,3147,2153,2984,-1.81982421875,-0.2852783203125,0.3184814453125
12.369,362,3147,2183,2993,-1.32763671875,-0.4354248046875,0.407470703125
12.383,360,3147,2062,2937,-1.54248046875,0.92626953125,-0.3092041015625
12.397,359,3147,1967,2884,-1.54248046875,0.92626953125,-0.3092041015625
12.399,359,3147,1875,2758,-1.7662353515625,1.0670166015625,-0.59814453125
12.413,351,3147,1757,2503,-1.3504638671875,0.1822509765625,-0.17724609375
12.421,346,3147,1681,2354,-1.3504638671875,0.1822509765625,-0.17724609375
12.429,344,3147,1534,2170,-0.954833984375,0.1761474609375,0.0701904296875
12.462,332,3147,1262,1742,-0.4373779296875,0.5263671875,0.1090087890625
12.463,313,3147,1233,1422,-0.4373779296875,0.5263671875,0.1090087890625
12.463,328,3147,1233,1081,-0.46142578125,0.53759765625,-0.03662109375
12.473,322,3147,1198,617,-0.62890625,0.4599609375,-0.1734619140625
12.483,323,3147,1196,363,-0.7611083984375,0.3243408203125,-0.221923828125
12.489,321,3014,1169,353,-0.8094482421875,0.1724853515625,-0.2318115234375
12.510,316,2517,1032,347,-0.818603515625,0.0509033203125,-0.2357177734375
12.511,316,2218,958,343,-0.775390625,-0.044677734375,-0.1846923828125
12.524,318,1977,925,342,-0.6881103515625,-0.0816650390625,-0.0704345703125
12.533,315,1806,849,338,-0.625732421875,-0.0074462890625,0.040771484375
12.541,316,1880,887,345,-0.610595703125,0.1536865234375,0.09228515625
12.566,316,1945,891,344,-0.604736328125,0.317138671875,0.072021484375
12.566,316,2160,918,338,-0.614990234375,0.4390869140625,0.0069580078125
12.571,316,2280,958,344,-0.6461181640625,0.5,-0.0582275390625
12.579,316,2404,1004,344,-0.6680908203125,0.495849609375,-0.11279296875
12.593,316,2627,1050,344,-0.6849365234375,0.4544677734375,-0.1474609375
12.601,316,2780,1063,344,-0.6937255859375,0.3680419921875,-0.16943359375
12.609,316,2897,1091,344,-0.709716796875,0.272705078125,-0.194091796875
12.630,316,3144,1103,346,-0.7462158203125,0.221923828125,-0.19140625
12.631,315,3147,1104,356,-0.771240234375,0.212646484375,-0.1588134765625
12.655,315,3147,1112,499,-0.808837890625,0.255859375,-0.1268310546875
12.656,324,3147,1107,780,-0.8795166015625,0.321044921875,-0.10302734375
12.661,319,3147,1163,951,-0.9403076171875,0.3497314453125,-0.0889892578125
12.672,321,3147,1169,1078,-0.9549560546875,0.3248291015625,-0.0965576171875
12.683,323,3147,1222,1390,-0.9071044921875,0.276611328125,-0.1217041015625
12.691,324,3147,1274,1557,-0.8592529296875,0.3045654296875,-0.093505859375
12.699,323,3147,1271,1683,-0.8197021484375,0.3607177734375,-0.0067138671875
12.713,329,3147,1503,2037,-0.69384765625,0.287841796875,0.089111328125
12.736,334,3147,1615,2128,-0.4959716796875,0.058837890625,0.211669921875
12.736,338,3147,1762,2220,-0.300048828125,-0.212646484375,0.2904052734375
12.755,356,3147,2061,2494,-0.2010498046875,-0.1846923828125,0.245849609375
12.756,356,3147,2114,2662,-0.2744140625,0.361328125,0.0135498046875
12.759,361,3147,2170,2830,-0.648681640625,1.200927734375,-0.5174560546875
12.778,364,3147,2263,2876,-1.2650146484375,1.9183349609375,-1.1312255859375
12.781,369,3147,2308,2869,-1.5718994140625,1.931884765625,-1.1766357421875
12.789,371,3147,2279,2881,-1.53173828125,1.1585693359375,-0.5755615234375
12.808,371,3147,2243,2844,-1.6334228515625,0.39013671875,-0.016357421875
12.811,364,3147,2186,2803,-1.8876953125,0.16455078125,0.12646484375
12.819,364,3147,2221,2810,-1.7591552734375,0.117919921875,0.025634765625
12.833,364,3147,2284,2765,-1.42333984375,0.1356201171875,-0.0369873046875
12.862,364,3147,2191,2725,-1.484375,0.4261474609375,-0.12939453125
12.862,354,3147,2068,2633,-1.6685791015625,0.67138671875,-0.3194580078125
12.863,354,3147,1967,2480,-1.6488037109375,0.5902099609375,-0.37744140625
12.872,351,3147,1856,2341,-1.4381103515625,0.31591796875,-0.2337646484375
12.885,351,3147,1769,2197,-1.1151123046875,0.18310546875,-0.0379638671875
12.893,346,3147,1504,1904,-0.778076171875,0.2659912109375,0.08056640625
12.901,337,3147,1398,1669,-0.489013671875,0.337890625,0.1121826171875
12.909,334,3147,1318,1370,-0.3701171875,0.33642578125,0.0736083984375
12.923,330,3147,1216,837,-0.4652099609375,0.3743896484375,0.0068359375
12.935,323,3147,1155,582,-0.61474609375,0.4501953125,-0.053466796875
12.939,326,3147,1094,430,-0.709228515625,0.4871826171875,-0.1541748046875
12.965,321,2946,1083,351,-0.7608642578125,0.427978515625,-0.2822265625
12.966,321,2777,1050,354,-0.7769775390625,0.3104248046875,-0.32177734375
12.972,315,2611,1017,351,-0.761962890625,0.2186279296875,-0.2509765625
12.991,317,2162,900,344,-0.741943359375,0.172119140625,-0.1573486328125
12.992,318,2000,811,346,-0.711669921875,0.16015625,-0.067626953125
12.999,316,2000,862,346,-0.6754150390625,0.1883544921875,0.0234375
13.013,316,2019,826,344,-0.67529296875,0.2462158203125,0.05419921875
13.021,316,2060,806,346,-0.72607421875,0.3126220703125,0.0009765625
13.038,316,2115,803,345,-0.77978515625,0.3675537109375,-0.0667724609375
13.043,316,2306,841,345,-0.7945556640625,0.37255859375,-0.099609375
13.077,316,2374,900,346,-0.777099609375,0.323974609375,-0.0980224609375
13.078,316,2503,947,347,-0.7418212890625,0.251953125,-0.091064453125
13.078,323,2737,1003,346,-0.7109375,0.1939697265625,-0.1165771484375
13.081,312,2882,1012,346,-0.7115478515625,0.1834716796875,-0.1646728515625
13.098,318,3042,1065,346,-0.7366943359375,0.2122802734375,-0.1815185546875
13.104,316,3147,1091,388,-0.738037109375,0.2391357421875,-0.1536865234375
13.113,321,3147,1111,600,-0.7122802734375,0.2718505859375,-0.115966796875
13.119,319,3147,1111,864,-0.7130126953125,0.3157958984375,-0.097412109375
13.139,321,3147,1185,1359,-0.7259521484375,0.3450927734375,-0.09423828125
13.142,323,3147,1261,1592,-0.68701171875,0.3428955078125,-0.07421875
13.167,325,3147,1359,1824,-0.5721435546875,0.278076171875,-0.0311279296875
13.167,336,3147,1623,2246,-0.4237060546875,0.1761474609375,0.0299072265625
13.172,344,3147,1830,2530,-0.312255859375,0.1602783203125,0.12158203125
13.185,351,3147,1985,2725,-0.312255859375,0.1602783203125,0.12158203125
13.194,360,3147,2233,2932,-0.438232421875,0.672607421875,0.052978515625
13.207,361,3147,2308,3040,-0.732421875,1.0262451171875,-0.2431640625
13.209,364,3147,2333,3102,-0.732421875,1.0262451171875,-0.2431640625
13.224,365,3147,2333,3104,-1.4539794921875,1.3365478515625,-0.80810546875
13.231,371,3147,2319,3027,-1.806640625,1.2354736328125,-0.826904296875
13.241,371,3147,2223,3008,-1.806640625,1.2354736328125,-0.826904296875
13.273,369,3147,2194,2981,-2.20751953125,0.0216064453125,-0.1971435546875
13.274,370,3147,2139,2946,-1.52783203125,-0.599609375,0.29296875
13.274,370,3147,2215,2992,-1.52783203125,-0.599609375,0.29296875
13.284,364,3147,2065,2974,-1.1551513671875,0.6881103515625,-0.0526123046875
13.298,364,3147,1913,2911,-1.554931640625,1.2520751953125,-0.5516357421875
13.299,361,3147,1775,2803,-1.554931640625,1.2520751953125,-0.5516357421875
13.314,353,3147,1689,2599,-1.616455078125,0.507568359375,-0.39013671875
13.321,354,3147,1669,2415,-1.273681640625,0.29296875,-0.0960693359375
13.329,348,3147,1470,2180,-1.273681640625,0.29296875,-0.0960693359375
13.343,338,3147,1173,1808,-0.5804443359375,0.37255859375,0.162841796875
13.351,333,3147,1149,1443,-0.4288330078125,0.324462890625,0.1097412109375
13.360,332,3147,1091,1067,-0.4288330078125,0.324462890625,0.1097412109375
13.383,327,3147,1037,551,-0.6173095703125,0.2384033203125,-0.1070556640625
13.383,321,3098,986,351,-0.76171875,0.2344970703125,-0.1544189453125
13.390,321,2676,939,348,-0.76171875,0.2344970703125,-0.1544189453125
13.403,318,2113,816,345,-0.841552734375,0.1998291015625,-0.3468017578125
13.424,318,1924,784,345,-0.841552734375,0.1998291015625,-0.3468017578125
13.424,318,1678,777,345,-0.763916015625,0.1728515625,-0.34228515625
13.433,317,1345,702,343,-0.6463623046875,0.1728515625,-0.1146240234375
13.446,316,1312,667,336,-0.6463623046875,0.1728515625,-0.1146240234375
13.449,315,1341,639,337,-0.60791015625,0.2210693359375,-0.0283203125
13.475,310,1363,631,334,-0.6455078125,0.4609375,-0.033935546875
13.475,299,1382,629,334,-0.6455078125,0.4609375,-0.033935546875
13.480,315,1411,660,334,-0.7052001953125,0.5313720703125,-0.0633544921875
13.494,313,1615,739,334,-0.697509765625,0.3897705078125,-0.0850830078125
13.501,313,1669,816,334,-0.697509765625,0.3897705078125,-0.0850830078125
13.509,315,1775,840,336,-0.6953125,0.28173828125,-0.1168212890625
13.529,315,2135,932,338,-0.748046875,0.0677490234375,-0.18017578125
13.531,316,2296,973,342,-0.748046875,0.0677490234375,-0.18017578125
13.539,316,2437,1032,345,-0.7723388671875,0.0477294921875,-0.157958984375
13.553,315,2882,1078,344,-0.806640625,0.3045654296875,-0.1307373046875
13.573,316,3112,1093,346,-0.806640625,0.3045654296875,-0.1307373046875
13.573,316,3147,1078,355,-0.8101806640625,0.396728515625,-0.1641845703125
13.583,316,3147,1098,684,-0.81591796875,0.366943359375,-0.2508544921875
13.591,318,3147,1091,910,-0.81591796875,0.366943359375,-0.2508544921875
13.599,321,3147,1146,1188,-0.824462890625,0.337646484375,-0.2587890625
13.613,321,3147,1231,1666,-0.76318359375,0.3023681640625,-0.2132568359375
13.621,324,3147,1330,1927,-0.639404296875,0.24609375,-0.091064453125
13.640,313,3147,1569,2110,-0.5157470703125,0.1949462890625,0.086669921875
13.651,342,3147,1900,2316,-0.429931640625,0.2103271484375,0.213623046875
13.651,346,3147,2078,2445,-0.36376953125,0.2967529296875,0.171875
13.659,352,3147,2235,2584,-0.4212646484375,0.5211181640625,-0.0760498046875
13.682,359,3147,2258,2744,-0.6651611328125,0.860595703125,-0.428466796875
13.682,361,3147,2242,2813,-1.0081787109375,1.125,-0.6766357421875
13.690,364,3147,2253,2820,-1.3973388671875,1.2196044921875,-0.6942138671875
13.703,364,3147,2344,2822,-1.8056640625,1.0980224609375,-0.4010009765625
13.711,369,3147,2321,2832,-2.203857421875,0.615478515625,0.0396728515625
13.719,364,3147,2295,2807,-2.2415771484375,-0.231689453125,0.312744140625
13.737,363,3147,2257,2735,-1.614501953125,-0.7633056640625,0.4656982421875
13.756,363,3147,2275,2837,-0.944091796875,-0.308837890625,0.3773193359375
13.756,362,3147,2273,2858,-0.8045654296875,0.6234130859375,-0.0638427734375
13.764,359,3147,2247,2741,-1.1414794921875,1.1573486328125,-0.4471435546875
13.787,359,3147,2191,2676,-1.599365234375,1.0240478515625,-0.543212890625
13.793,356,3147,2039,2494,-1.6993408203125,0.6124267578125,-0.382080078125
13.793,332,3147,1772,2249,-1.4385986328125,0.33154296875,-0.135009765625
13.801,346,3147,1588,2061,-1.098388671875,0.2322998046875,-0.0059814453125
13.809,345,3147,1437,1878,-0.833251953125,0.315185546875,-0.003662109375
13.823,330,3147,1341,1413,-0.6746826171875,0.453125,-0.06640625
13.831,330,3147,1292,1107,-0.6466064453125,0.5023193359375,-0.134521484375
13.846,328,3147,1278,785,-0.721923828125,0.4239501953125,-0.17919921875
13.863,324,3147,1251,359,-0.8199462890625,0.2381591796875,-0.16162109375
13.863,324,2859,1213,356,-0.907958984375,0.02490234375,-0.1162109375
13.882,323,2608,1132,354,-0.9385986328125,-0.13037109375,-0.0987548828125
13.884,317,2113,976,346,-0.8751220703125,-0.148681640625,-0.091552734375
13.894,316,1757,942,346,-0.775390625,-0.0068359375,-0.07373046875
13.900,315,1598,897,343,-0.6844482421875,0.1397705078125,-0.0733642578125
13.913,315,1588,872,336,-0.6148681640625,0.23291015625,-0.093994140625
13.921,316,1424,816,334,-0.5799560546875,0.3621826171875,-0.09619140625
13.929,315,1377,794,334,-0.5743408203125,0.50537109375,-0.095703125
13.960,313,1615,867,334,-0.583984375,0.604248046875,-0.115966796875
13.960,314,1914,939,323,-0.599365234375,0.612548828125,-0.1395263671875
13.960,315,1985,1012,336,-0.6190185546875,0.525146484375,-0.169677734375
13.975,315,2037,1043,338,-0.6563720703125,0.4334716796875,-0.211181640625
13.992,315,2240,1051,338,-0.7064208984375,0.37060546875,-0.2325439453125
13.995,316,2379,1029,325,-0.72998046875,0.2801513671875,-0.2274169921875
14.003,315,2739,1029,338,-0.747802734375,0.1820068359375,-0.207763671875
14.011,317,2940,1051,344,-0.780029296875,0.12060546875,-0.16845703125
14.020,317,3064,1095,346,-0.772705078125,0.0908203125,-0.1212158203125
14.033,318,3147,1131,588,-0.7264404296875,0.109619140625,-0.094970703125
14.041,316,3147,1107,844,-0.732421875,0.16455078125,-0.0955810546875
14.063,322,3147,1122,1116,-0.791015625,0.2459716796875,-0.083251953125
14.063,324,3147,1195,1561,-0.7515869140625,0.2996826171875,-0.0753173828125
14.074,328,3147,1359,1914,-0.6026611328125,0.282470703125,-0.0606689453125
14.135,330,3147,1541,2178,-0.455078125,0.2607421875,0.0262451171875
14.135,344,3147,1766,2530,-0.3157958984375,0.2930908203125,0.1624755859375
14.136,348,3147,2023,2710,-0.241455078125,0.4310302734375,0.2530517578125
14.136,355,3147,2139,2827,-0.38134765625,0.6912841796875,0.1385498046875
14.136,360,3147,2286,2955,-0.714111328125,0.9984130859375,-0.1611328125
14.136,363,3147,2296,2991,-1.111572265625,1.2525634765625,-0.470458984375
14.140,364,3147,2299,2944,-1.5101318359375,1.3775634765625,-0.70166015625
14.153,371,3147,2303,2793,-1.91748046875,1.249755859375,-0.74365234375
14.169,369,3147,2235,2788,-2.369140625,0.6688232421875,-0.5675048828125
14.170,369,3147,2178,2736,-2.2725830078125,-0.3837890625,-0.2060546875
14.189,363,3147,2215,2840,-1.4676513671875,-0.9400634765625,0.2938232421875
14.191,364,3147,2207,2874,-0.9970703125,-0.2127685546875,0.4083251953125
14.199,364,3147,2180,2905,-1.2171630859375,0.95654296875,-0.070556640625
14.216,363,3147,2054,2787,-1.57861328125,1.3236083984375,-0.5291748046875
14.222,361,3147,2000,2676,-1.6959228515625,0.833984375,-0.556640625
14.229,360,3147,1931,2527,-1.5081787109375,0.3927001953125,-0.32763671875
14.246,348,3147,1693,2249,-1.1546630859375,0.4029541015625,-0.15185546875
14.251,346,3147,1480,2005,-0.7962646484375,0.5384521484375,-0.0721435546875
14.273,338,3147,1305,1769,-0.5203857421875,0.5,0.0126953125
14.279,316,3147,1211,1268,-0.390380859375,0.34228515625,0.072998046875
14.292,326,3147,1175,960,-0.470703125,0.228759765625,0.0242919921875
14.292,323,3147,1173,692,-0.675537109375,0.2158203125,-0.03076171875
14.318,324,3144,1064,356,-0.8087158203125,0.2000732421875,-0.0819091796875
14.318,322,2830,1058,348,-0.853759765625,0.111572265625,-0.2327880859375
14.320,321,2567,1005,348,-0.853759765625,0.111572265625,-0.2327880859375
14.333,317,2471,992,344,-0.779052734375,0.0294189453125,-0.358154296875
14.341,318,2280,980,344,-0.7242431640625,0.088134765625,-0.2572021484375
14.349,315,2172,944,346,-0.7242431640625,0.088134765625,-0.2572021484375
14.376,315,1980,917,343,-0.6280517578125,0.2940673828125,-0.0428466796875
14.393,300,2115,958,338,-0.6082763671875,0.48095703125,-0.0106201171875
14.394,316,2167,975,342,-0.6082763671875,0.48095703125,-0.0106201171875
14.395,316,2295,1000,342,-0.6669921875,0.66943359375,-0.0924072265625
14.403,316,2382,1024,342,-0.68896484375,0.5718994140625,-0.13671875
14.409,312,2503,1025,338,-0.68896484375,0.5718994140625,-0.13671875
14.425,315,2689,1064,344,-0.724609375,0.286865234375,-0.132568359375
14.432,316,2827,1063,345,-0.7305908203125,0.1536865234375,-0.1412353515625
14.440,315,2968,1067,347,-0.7305908203125,0.1536865234375,-0.1412353515625
14.454,316,3147,1067,345,-0.775146484375,0.1600341796875,-0.172119140625
14.462,315,3147,1063,423,-0.8184814453125,0.2296142578125,-0.17724609375
14.470,316,3147,1094,567,-0.8184814453125,0.2296142578125,-0.17724609375
14.495,314,3147,977,902,-0.8843994140625,0.2017822265625,-0.2325439453125
14.496,302,3147,944,1201,-0.841552734375,0.1527099609375,-0.1845703125
14.502,314,3147,949,1429,-0.841552734375,0.1527099609375,-0.1845703125
14.514,323,3147,1071,1875,-0.6060791015625,0.2333984375,0.044189453125
14.522,324,3147,1166,2130,-0.4918212890625,0.215087890625,0.15869140625
14.530,328,3147,1333,2330,-0.4918212890625,0.215087890625,0.15869140625
14.543,336,3147,1590,2634,-0.3443603515625,0.2498779296875,0.2828369140625
14.552,344,3147,1721,2760,-0.3443603515625,0.2498779296875,0.2828369140625
14.559,348,3147,1847,2891,-0.365234375,0.4969482421875,0.14990234375
14.573,356,3147,1981,3012,-0.81591796875,0.861083984375,-0.4700927734375
14.597,360,3147,2000,3082,-0.81591796875,0.861083984375,-0.4700927734375
14.597,338,3147,1960,3106,-1.183349609375,0.962646484375,-0.636962890625
14.603,363,3147,2076,3084,-1.64111328125,1.0780029296875,-0.5732421875
14.611,364,3147,2113,3112,-1.64111328125,1.0780029296875,-0.5732421875
14.619,363,3147,2058,3111,-1.7569580078125,0.9051513671875,-0.3360595703125
14.633,361,3147,2037,3117,-1.646728515625,0.13720703125,-0.0355224609375
14.641,363,3147,2058,3139,-1.646728515625,0.13720703125,-0.0355224609375
14.649,359,3147,2014,3144,-1.2435302734375,0.088623046875,0.06103515625
14.663,359,3147,1854,3048,-1.512451171875,0.982421875,-0.3380126953125
14.674,359,3147,1775,2973,-1.512451171875,0.982421875,-0.3380126953125
14.680,354,3147,1689,2864,-1.6390380859375,0.896728515625,-0.4901123046875
14.707,346,3147,1457,2569,-1.264892578125,0.33447265625,-0.234375
14.708,323,3147,1261,2344,-1.264892578125,0.33447265625,-0.234375
14.712,331,3147,1143,2127,-0.94384765625,0.3380126953125,-0.1201171875
14.723,328,3147,1081,1653,-0.502685546875,0.3359375,0.0325927734375
14.732,324,3147,1063,1262,-0.502685546875,0.3359375,0.0325927734375
14.740,322,3147,1041,932,-0.512451171875,0.2552490234375,0.0379638671875
14.753,317,3147,971,470,-0.6505126953125,0.235595703125,0.005126953125
14.762,318,3084,971,351,-0.73095703125,0.226806640625,-0.08447265625
14.778,317,2792,952,346,-0.7457275390625,0.1724853515625,-0.2884521484375
14.784,318,2381,864,344,-0.726318359375,0.0831298828125,-0.436279296875
14.791,315,2156,814,336,-0.6689453125,0.018310546875,-0.4417724609375
14.802,316,1967,714,336,-0.685791015625,0.098388671875,-0.3385009765625
14.817,313,1716,661,336,-0.7020263671875,0.2542724609375,-0.1898193359375
14.822,310,1659,575,336,-0.6265869140625,0.3555908203125,-0.0938720703125
14.830,316,1617,572,332,-0.5953369140625,0.4559326171875,-0.05810546875
14.844,314,1628,525,334,-0.6341552734375,0.5567626953125,-0.05810546875
14.851,315,1904,590,336,-0.6551513671875,0.5751953125,-0.058837890625
14.859,316,1997,631,336,-0.66455078125,0.509521484375,-0.0435791015625
14.885,315,2266,694,338,-0.692626953125,0.3892822265625,-0.048583984375
14.885,315,2415,774,336,-0.7030029296875,0.2203369140625,-0.1094970703125
14.914,315,2610,814,344,-0.70166015625,0.0792236328125,-0.1925048828125
14.915,299,3010,891,324,-0.7392578125,0.0723876953125,-0.251220703125
14.915,314,3147,952,346,-0.7930908203125,0.1868896484375,-0.2723388671875
14.920,304,3147,975,437,-0.8045654296875,0.3037109375,-0.27490234375
14.933,311,3147,907,788,-0.7926025390625,0.3504638671875,-0.2626953125
14.941,316,3147,888,1078,-0.802978515625,0.344970703125,-0.242919921875
14.949,316,3147,900,1340,-0.821044921875,0.3419189453125,-0.22509765625
14.963,317,3147,946,1796,-0.784423828125,0.3099365234375,-0.1873779296875
14.972,321,3147,1010,2030,-0.6739501953125,0.2073974609375,-0.08984375
14.989,322,3147,1029,2268,-0.54833984375,0.1048583984375,0.052734375
15.016,328,3147,1346,2568,-0.4473876953125,0.0771484375,0.188720703125
15.016,316,3147,1527,2677,-0.3607177734375,0.17626953125,0.2806396484375
15.016,342,3147,1598,2834,-0.35888671875,0.3626708984375,0.270263671875
15.023,348,3147,1810,3084,-0.537109375,0.52734375,0.1063232421875
15.031,354,3147,1828,3143,-0.861572265625,0.6632080078125,-0.189697265625
15.039,352,3147,1828,3147,-1.2437744140625,0.8204345703125,-0.5230712890625
15.053,359,3147,1850,3144,-1.583251953125,0.9822998046875,-0.76611328125
15.061,361,3147,1865,3130,-1.74169921875,1.01025390625,-0.794677734375
15.070,359,3147,1830,3133,-1.7677001953125,0.897216796875,-0.5621337890625
15.085,361,3147,1894,3147,-1.709228515625,0.6827392578125,-0.239990234375
15.091,359,3147,1931,3147,-1.412841796875,0.3936767578125,0.00146484375
15.126,357,3147,1943,3147,-1.0904541015625,0.3267822265625,0.099609375
15.126,351,3147,1850,3147,-1.1138916015625,0.5848388671875,-0.029296875
15.126,349,3147,1856,3143,-1.379638671875,0.798095703125,-0.304931640625
15.130,354,3147,1790,3085,-1.556396484375,0.6756591796875,-0.489013671875
15.143,347,3147,1616,2874,-1.51416015625,0.3902587890625,-0.4686279296875
15.152,343,3147,1464,2765,-1.30908203125,0.2757568359375,-0.343994140625
15.159,336,3147,1268,2580,-1.02978515625,0.3837890625,-0.2318115234375
15.174,330,3147,1097,2190,-0.768310546875,0.5289306640625,-0.13232421875
15.189,328,3147,1063,1929,-0.600341796875,0.571533203125,-0.0377197265625
15.190,323,3147,1025,1548,-0.5645751953125,0.498779296875,-0.0128173828125
15.203,318,3147,1014,1027,-0.6463623046875,0.3590087890625,-0.05908203125
15.216,321,3147,966,780,-0.7574462890625,0.21044921875,-0.0782470703125
15.233,316,3147,907,593,-0.81298828125,0.0850830078125,-0.1038818359375
15.234,316,3095,840,347,-0.8150634765625,0.0113525390625,-0.187255859375
15.241,315,2908,740,347,-0.774658203125,0.0213623046875,-0.2381591796875
15.250,317,2565,679,345,-0.697998046875,0.09228515625,-0.2347412109375
15.264,317,2284,656,338,-0.6241455078125,0.18017578125,-0.2071533203125
15.271,315,2268,669,343,-0.5584716796875,0.27294921875,-0.15478515625
15.279,314,2384,658,343,-0.529052734375,0.3939208984375,-0.13330078125
15.293,315,2435,710,336,-0.5938720703125,0.5439453125,-0.162109375
15.335,315,2484,668,338,-0.6851806640625,0.6104736328125,-0.2073974609375
15.336,316,2543,725,336,-0.738525390625,0.5343017578125,-0.2374267578125
15.340,315,2637,754,338,-0.777587890625,0.415283203125,-0.2333984375
15.341,315,2753,785,338,-0.798583984375,0.3214111328125,-0.22119140625
15.341,316,2844,828,343,-0.797607421875,0.2410888671875,-0.224365234375
15.354,315,3044,894,342,-0.80322265625,0.19091796875,-0.2281494140625
15.362,316,3147,912,344,-0.8255615234375,0.1939697265625,-0.2044677734375
15.370,311,3147,922,342,-0.84765625,0.22607421875,-0.17529296875
15.392,316,3147,860,487,-0.8701171875,0.24560546875,-0.17529296875
15.392,316,3147,826,584,-0.9215087890625,0.2435302734375,-0.1806640625
15.400,315,3147,805,675,-0.91943359375,0.191162109375,-0.177001953125
15.424,316,3147,767,976,-0.819091796875,0.1324462890625,-0.1685791015625
15.424,318,3147,762,1185,-0.7236328125,0.1767578125,-0.1373291015625
15.430,318,3147,805,1456,-0.6600341796875,0.312255859375,-0.07958984375
15.446,323,3147,955,1980,-0.5526123046875,0.4002685546875,0.009033203125
15.451,327,3147,1170,2242,-0.3428955078125,0.322509765625,0.1258544921875
15.460,330,3147,1348,2557,-0.3428955078125,0.322509765625,0.1258544921875
15.474,346,3147,1635,2890,0.0301513671875,0.0970458984375,0.4105224609375
15.482,347,3147,1816,3032,-0.0576171875,0.33154296875,0.3004150390625
15.494,354,3147,1874,3095,-0.0576171875,0.33154296875,0.3004150390625
15.504,359,3147,1826,3147,-0.9708251953125,1.3909912109375,-0.625732421875
15.514,360,3147,1803,3147,-1.50634765625,1.6512451171875,-1.1192626953125
15.538,361,3147,1750,3147,-1.50634765625,1.6512451171875,-1.1192626953125
15.538,361,3147,1759,3067,-1.9990234375,1.1234130859375,-1.1396484375
15.555,361,3147,1809,3035,-2.1273193359375,0.4385986328125,-0.571533203125
15.555,361,3147,1811,3058,-2.1273193359375,0.4385986328125,-0.571533203125
15.563,361,3147,1878,3115,-1.373046875,-0.694091796875,0.517333984375
15.571,361,3147,1826,3137,-1.2467041015625,0.04833984375,0.321044921875
15.579,360,3147,1798,3146,-1.2467041015625,0.04833984375,0.321044921875
15.597,359,3147,1711,3064,-1.5941162109375,1.2052001953125,-0.558349609375
15.602,359,3147,1624,2955,-1.4425048828125,0.876708984375,-0.4007568359375
15.625,356,3147,1480,2810,-1.4425048828125,0.876708984375,-0.4007568359375
15.625,346,3147,1250,2469,-0.780029296875,0.4969482421875,-0.050537109375
15.634,342,3147,1120,2293,-0.5306396484375,0.568603515625,-0.0616455078125
15.640,334,3147,1079,2014,-0.5306396484375,0.568603515625,-0.0616455078125
15.653,327,3147,1032,1487,-0.5565185546875,0.3453369140625,-0.149658203125
15.664,325,3147,1003,1146,-0.5565185546875,0.3453369140625,-0.149658203125
15.669,318,3147,968,862,-0.7236328125,0.2303466796875,-0.20166015625
15.683,321,3147,931,351,-0.850830078125,0.1680908203125,-0.2392578125
15.699,317,2937,874,349,-0.850830078125,0.1680908203125,-0.2392578125
15.700,302,2659,834,348,-0.8421630859375,0.1112060546875,-0.2672119140625
15.724,319,2301,778,347,-0.76904296875,0.0228271484375,-0.1962890625
15.726,317,2075,744,338,-0.76904296875,0.0228271484375,-0.1962890625
15.730,316,1854,723,338,-0.7314453125,0.11181640625,-0.118896484375
15.743,314,1774,707,336,-0.60595703125,0.3353271484375,-0.035400390625
15.751,318,1744,700,336,-0.60595703125,0.3353271484375,-0.035400390625
15.759,316,1790,656,336,-0.61083984375,0.446533203125,-0.08837890625
15.776,315,1821,713,336,-0.6680908203125,0.5245361328125,-0.19970703125
15.781,315,1918,704,338,-0.6680908203125,0.5245361328125,-0.19970703125
15.790,315,2076,731,338,-0.660888671875,0.4637451171875,-0.211669921875
15.803,314,2330,772,338,-0.6689453125,0.3193359375,-0.1953125
15.831,315,2505,797,343,-0.6689453125,0.3193359375,-0.1953125
15.832,316,2613,786,342,-0.683349609375,0.2691650390625,-0.203369140625
15.834,315,2964,864,344,-0.7132568359375,0.25390625,-0.211669921875
15.841,315,3147,887,347,-0.7132568359375,0.25390625,-0.211669921875
15.850,316,3147,898,586,-0.7044677734375,0.2705078125,-0.198974609375
15.869,316,3147,922,998,-0.75048828125,0.2613525390625,-0.1727294921875
15.872,318,3147,912,1231,-0.75048828125,0.2613525390625,-0.1727294921875
15.880,316,3147,949,1488,-0.7501220703125,0.2139892578125,-0.1712646484375
15.893,318,3147,1001,2028,-0.6524658203125,0.1324462890625,-0.1910400390625
15.904,321,3147,1129,2296,-0.5701904296875,0.10546875,-0.16357421875
15.910,327,3147,1317,2517,-0.4700927734375,0.13818359375,-0.056884765625
15.931,334,3147,1536,2840,-0.364501953125,0.2669677734375,0.1168212890625
15.932,344,3147,1610,2963,-0.378662109375,0.488037109375,0.21142578125
15.941,347,3147,1733,3071,-0.540771484375,0.67236328125,0.0633544921875
15.954,354,3147,1786,3147,-0.7930908203125,0.7515869140625,-0.24365234375
15.962,359,3147,1785,3147,-1.12158203125,0.8304443359375,-0.510986328125
15.975,360,3147,1850,3140,-1.4776611328125,0.9901123046875,-0.6812744140625
15.984,361,3147,1891,3076,-1.7752685546875,1.11962890625,-0.68994140625
15.991,363,3147,1948,3102,-1.998779296875,1.0150146484375,-0.439208984375
16.009,361,3147,1961,3098,-1.8953857421875,0.4952392578125,-0.0872802734375
16.014,361,3147,1996,3124,-1.3726806640625,0.0181884765625,0.199951171875
16.039,362,3147,2021,3134,-0.94970703125,0.2642822265625,0.217041015625
16.040,361,3147,2010,3126,-0.958740234375,0.9815673828125,-0.1279296875
16.044,361,3147,1941,3017,-1.2554931640625,1.36669921875,-0.498291015625
16.051,359,3147,1904,2908,-1.515380859375,1.028076171875,-0.5977783203125
16.060,356,3147,1838,2788,-1.5352783203125,0.399169921875,-0.4410400390625
16.081,348,3147,1643,2521,-1.3756103515625,0.1197509765625,-0.2735595703125
16.082,344,3147,1492,2240,-1.1541748046875,0.2747802734375,-0.2266845703125
16.089,338,3147,1330,2076,-0.9324951171875,0.4876708984375,-0.1942138671875
16.116,330,3147,1067,1615,-0.7333984375,0.4847412109375,-0.0887451171875
16.116,327,3147,1041,1260,-0.610595703125,0.36474609375,0.0108642578125
16.134,324,3147,978,917,-0.6199951171875,0.29833984375,0.0296630859375
16.135,321,3147,923,356,-0.6995849609375,0.2738037109375,0.0067138671875
16.141,317,2842,922,347,-0.759033203125,0.225830078125,-0.062744140625
16.150,316,2498,891,347,-0.7852783203125,0.1524658203125,-0.1739501953125
16.163,315,2061,785,338,-0.7669677734375,0.109375,-0.258544921875
16.172,310,1686,744,338,-0.719482421875,0.1243896484375,-0.2998046875
16.188,313,1531,683,334,-0.6761474609375,0.1663818359375,-0.283935546875
16.196,315,1250,697,332,-0.592529296875,0.19677734375,-0.2330322265625
16.201,313,1206,679,336,-0.5308837890625,0.2591552734375,-0.1998291015625
16.211,310,1209,639,332,-0.5643310546875,0.37939453125,-0.181396484375
16.238,310,1340,646,332,-0.5870361328125,0.46826171875,-0.1693115234375
16.239,295,1464,636,332,-0.5823974609375,0.4864501953125,-0.1375732421875
16.241,300,1785,638,334,-0.5888671875,0.456298828125,-0.068603515625
16.254,315,2057,673,334,-0.5955810546875,0.4036865234375,-0.0301513671875
16.261,314,2230,712,336,-0.6209716796875,0.36865234375,-0.0654296875
16.270,313,2458,680,344,-0.6685791015625,0.3421630859375,-0.15234375
16.283,314,2832,739,344,-0.723388671875,0.320556640625,-0.2333984375
16.292,315,3104,800,346,-0.763671875,0.3304443359375,-0.2578125
16.300,315,3147,855,458,-0.7471923828125,0.326416015625,-0.244384765625
16.313,316,3147,867,864,-0.697021484375,0.2864990234375,-0.2266845703125
16.322,316,3147,894,1149,-0.7113037109375,0.2808837890625,-0.1685791015625
16.330,324,3147,939,1416,-0.7113037109375,0.255615234375,-0.1339111328125
16.344,318,3147,1134,1913,-0.615478515625,0.2122802734375,-0.132080078125
16.351,327,3147,1336,2194,-0.518798828125,0.234619140625,-0.046630859375
16.360,328,3147,1501,2445,-0.4361572265625,0.2513427734375,0.0662841796875
16.373,346,3147,1693,2770,-0.3873291015625,0.2789306640625,0.1307373046875
16.382,351,3147,1808,2909,-0.504638671875,0.406005859375,0.06298828125
16.443,356,3147,1874,3015,-0.774169921875,0.6197509765625,-0.1766357421875
16.444,360,3147,1960,3127,-1.0550537109375,0.8646240234375,-0.4564208984375
16.444,361,3147,1996,3134,-1.327392578125,1.08740234375,-0.6688232421875
16.444,361,3147,1989,3101,-1.5693359375,1.1666259765625,-0.74609375
16.444,361,3147,1949,3056,-1.75439453125,1.0220947265625,-0.6129150390625
16.444,346,3147,1948,3065,-1.8587646484375,0.658203125,-0.38671875
16.454,363,3147,1973,3092,-1.6380615234375,0.1754150390625,-0.191650390625
16.465,361,3147,2024,3120,-1.24609375,0.066162109375,-0.0367431640625
16.471,361,3147,2032,3094,-1.208740234375,0.521728515625,-0.0830078125
16.480,362,3147,2005,3063,-1.4056396484375,0.9678955078125,-0.310791015625
16.493,360,3147,1963,2944,-1.4703369140625,1.01416015625,-0.424560546875
16.507,361,3147,1908,2758,-1.348388671875,0.802001953125,-0.3565673828125
16.509,359,3147,1810,2587,-1.1300048828125,0.5877685546875,-0.25537109375
16.524,347,3147,1610,2167,-0.924072265625,0.4708251953125,-0.198486328125
16.546,345,3147,1469,2012,-0.771728515625,0.39794921875,-0.1466064453125
16.546,324,3147,1294,1755,-0.6688232421875,0.315673828125,-0.0960693359375
16.556,328,3147,1185,1239,-0.634521484375,0.231689453125,-0.11083984375
16.565,327,3147,1178,938,-0.6807861328125,0.2052001953125,-0.1192626953125
16.570,323,3147,1055,720,-0.6807861328125,0.2052001953125,-0.1192626953125
16.584,316,3147,964,373,-0.7073974609375,0.1810302734375,-0.089599609375
16.592,321,3147,963,354,-0.66455078125,0.162353515625,-0.2042236328125
16.599,319,2991,920,351,-0.66455078125,0.162353515625,-0.2042236328125
16.621,319,2514,882,346,-0.68994140625,0.2760009765625,-0.2789306640625
16.622,316,2345,820,346,-0.7171630859375,0.337646484375,-0.213134765625
16.643,317,2190,820,346,-0.7171630859375,0.337646484375,-0.213134765625
16.647,316,2100,802,342,-0.677490234375,0.372802734375,-0.094482421875
16.651,316,2139,782,342,-0.658935546875,0.35009765625,-0.0784912109375
16.660,316,2279,753,345,-0.658935546875,0.35009765625,-0.0784912109375
16.677,316,2477,814,344,-0.6644287109375,0.2869873046875,-0.1065673828125
16.682,316,2625,845,346,-0.65478515625,0.3133544921875,-0.1158447265625
16.690,316,2757,890,347,-0.65478515625,0.3133544921875,-0.1158447265625
16.703,318,3073,958,345,-0.637939453125,0.36181640625,-0.1246337890625
16.726,316,3147,1004,348,-0.6591796875,0.3492431640625,-0.155029296875
16.726,304,3147,1054,456,-0.6591796875,0.3492431640625,-0.155029296875
16.749,318,3147,1058,767,-0.7835693359375,0.3726806640625,-0.209228515625
16.749,321,3147,1031,992,-0.8082275390625,0.3590087890625,-0.2042236328125
16.750,302,3147,1031,1122,-0.8082275390625,0.3590087890625,-0.2042236328125
16.763,323,3147,1078,1519,-0.75341796875,0.2431640625,-0.15234375
16.771,328,3147,1173,1865,-0.7103271484375,0.1944580078125,-0.113037109375
16.780,328,3147,1362,2062,-0.7103271484375,0.1944580078125,-0.113037109375
16.794,338,3147,1588,2421,-0.5250244140625,0.1363525390625,0.0301513671875
16.802,346,3147,1703,2541,-0.5250244140625,0.1363525390625,0.0301513671875
16.810,352,3147,1842,2698,-0.4952392578125,0.15576171875,0.0404052734375
16.835,356,3147,1960,2948,-0.7276611328125,0.64404296875,-0.2493896484375
16.835,360,3147,2019,3084,-0.7276611328125,0.64404296875,-0.2493896484375
16.867,359,3147,1996,3089,-0.9285888671875,1.020751953125,-0.4931640625
16.868,346,3147,1936,3147,-1.2950439453125,1.1968994140625,-0.659912109375
16.868,362,3147,2012,3147,-1.2950439453125,1.1968994140625,-0.659912109375
16.870,354,3147,1968,3147,-1.4373779296875,1.0113525390625,-0.53173828125
16.884,363,3147,1952,3092,-1.6502685546875,0.4344482421875,-0.0084228515625
16.892,363,3147,1987,3082,-1.6502685546875,0.4344482421875,-0.0084228515625
16.902,364,3147,2014,3121,-1.420654296875,-0.051025390625,0.2462158203125
16.913,361,3147,2014,3135,-1.1629638671875,0.40283203125,-0.012939453125
16.957,363,3147,2007,3112,-1.1629638671875,0.40283203125,-0.012939453125
16.958,362,3147,1967,3031,-1.4061279296875,1.000244140625,-0.4488525390625
16.958,360,3147,1860,2813,-1.3785400390625,0.6778564453125,-0.396728515625
16.958,359,3147,1798,2651,-1.3785400390625,0.6778564453125,-0.396728515625
16.960,356,3147,1686,2449,-1.1446533203125,0.3848876953125,-0.2078857421875
16.974,346,3147,1477,2098,-0.738037109375,0.48876953125,-0.147705078125
16.982,338,3147,1331,1834,-0.738037109375,0.48876953125,-0.147705078125
16.989,334,3147,1260,1497,-0.65087890625,0.4876708984375,-0.126708984375
17.003,328,3147,1191,933,-0.7877197265625,0.2637939453125,-0.1240234375
17.015,327,3147,1143,625,-0.7877197265625,0.2637939453125,-0.1240234375
17.019,324,3147,1091,364,-0.8341064453125,0.19091796875,-0.1109619140625
17.054,322,2769,1050,354,-0.826416015625,0.1578369140625,-0.155517578125
17.054,304,2478,960,328,-0.8070068359375,0.13720703125,-0.220458984375
17.055,316,2160,958,347,-0.7635498046875,0.1143798828125,-0.2218017578125
17.064,310,1572,913,346,-0.712646484375,0.140869140625,-0.16455078125
17.072,316,1499,855,345,-0.6673583984375,0.222900390625,-0.10400390625
17.079,316,1480,818,344,-0.6107177734375,0.3250732421875,-0.072509765625
17.094,313,1450,763,338,-0.5816650390625,0.4234619140625,-0.07763671875
17.102,316,1538,799,336,-0.608642578125,0.4705810546875,-0.11083984375
17.110,313,1600,793,342,-0.6611328125,0.454345703125,-0.1490478515625
17.160,315,1791,813,334,-0.70556640625,0.39892578125,-0.1795654296875
17.160,299,1773,874,336,-0.736083984375,0.3255615234375,-0.198486328125
17.160,316,1864,900,334,-0.7711181640625,0.2672119140625,-0.214111328125
17.160,316,2204,946,342,-0.8062744140625,0.2159423828125,-0.2183837890625
17.162,315,2379,975,338,-0.81689453125,0.149658203125,-0.2044677734375
17.170,315,2491,1029,346,-0.81640625,0.1181640625,-0.18603515625
17.184,315,2777,1051,344,-0.8326416015625,0.168701171875,-0.1654052734375
17.192,317,2973,1070,347,-0.8427734375,0.247802734375,-0.164306640625
17.200,316,3120,1045,347,-0.822509765625,0.2969970703125,-0.19287109375
17.214,316,3147,1105,572,-0.8037109375,0.328369140625,-0.2088623046875
17.222,316,3147,1155,811,-0.7911376953125,0.35400390625,-0.197509765625
17.242,321,3147,1188,1039,-0.745361328125,0.358642578125,-0.17919921875
17.266,329,3147,1357,1580,-0.648681640625,0.3045654296875,-0.1256103515625
17.268,327,3147,1490,1960,-0.4935302734375,0.1690673828125,-0.00244140625
17.268,333,3147,1632,2161,-0.310302734375,0.0345458984375,0.15185546875
17.274,347,3147,1960,2538,-0.16064453125,0.054931640625,0.252685546875
17.282,348,3147,2139,2750,-0.1240234375,0.280029296875,0.2454833984375
17.290,359,3147,2247,2891,-0.3123779296875,0.578857421875,0.0614013671875
17.303,359,3147,2345,3053,-0.714111328125,0.8538818359375,-0.2952880859375
17.312,361,3147,2354,3112,-1.183349609375,1.0833740234375,-0.660400390625
17.320,361,3147,2328,3147,-1.63427734375,1.218017578125,-0.9111328125
17.338,364,3147,2244,3082,-2.0860595703125,1.1241455078125,-1.0059814453125
17.342,369,3147,2258,3133,-2.445068359375,0.6658935546875,-0.751708984375
17.369,365,3147,2325,3143,-2.0975341796875,-0.1639404296875,-0.1522216796875
17.370,365,3147,2263,3147,-1.2515869140625,-0.6104736328125,0.4427490234375
17.372,364,3147,2335,3147,-0.83349609375,-0.1326904296875,0.51513671875
17.380,365,3147,2374,3147,-0.87109375,0.7442626953125,0.0302734375
17.394,364,3147,2337,3147,-1.174072265625,1.3514404296875,-0.453125
17.402,364,3147,2328,3140,-1.445556640625,1.2315673828125,-0.634033203125
17.410,363,3147,2261,2992,-1.440185546875,0.72021484375,-0.527099609375
17.424,361,3147,2087,2715,-1.2747802734375,0.4232177734375,-0.344482421875
17.440,359,3147,1961,2578,-1.051513671875,0.40869140625,-0.2271728515625
17.440,354,3147,1838,2319,-0.8577880859375,0.45849609375,-0.1488037109375
17.474,347,3147,1647,2032,-0.7391357421875,0.4228515625,-0.068115234375
17.474,345,3147,1531,1826,-0.7025146484375,0.352783203125,-0.0323486328125
17.475,338,3147,1456,1608,-0.730712890625,0.3314208984375,-0.0863037109375
17.484,330,3147,1369,1132,-0.7919921875,0.3218994140625,-0.132080078125
17.492,330,3147,1239,842,-0.8551025390625,0.229736328125,-0.1083984375
17.500,325,3147,1157,567,-0.8724365234375,0.0579833984375,-0.10693359375
17.514,323,3147,1055,359,-0.8402099609375,-0.0494384765625,-0.1697998046875
17.522,319,3039,1037,356,-0.808837890625,0.0133056640625,-0.2392578125
17.530,321,2811,933,351,-0.8018798828125,0.165283203125,-0.269287109375
17.544,318,2530,978,348,-0.7628173828125,0.2581787109375,-0.257080078125
17.582,319,2407,906,348,-0.673095703125,0.293212890625,-0.221923828125
17.583,316,2268,932,344,-0.6097412109375,0.360107421875,-0.17333984375
17.583,315,2202,973,323,-0.60595703125,0.4549560546875,-0.1258544921875
17.583,318,2217,952,346,-0.62255859375,0.5010986328125,-0.0963134765625
17.589,318,2319,986,345,-0.6378173828125,0.464599609375,-0.0933837890625
17.603,315,2538,1024,344,-0.6640625,0.3917236328125,-0.1142578125
17.611,316,2659,1018,345,-0.700439453125,0.3310546875,-0.1458740234375
17.620,316,2758,1018,346,-0.7413330078125,0.2989501953125,-0.15673828125
17.633,317,2936,1055,344,-0.7608642578125,0.26513671875,-0.1502685546875
17.647,318,3048,1056,347,-0.7659912109375,0.232666015625,-0.1534423828125
17.650,318,3147,1063,348,-0.7991943359375,0.236572265625,-0.160400390625
17.683,317,3147,1093,387,-0.8441162109375,0.23486328125,-0.16943359375
17.683,321,3147,1026,668,-0.8575439453125,0.1959228515625,-0.1749267578125
17.683,321,3147,1004,867,-0.8194580078125,0.179931640625,-0.1279296875
17.694,318,3147,1039,1318,-0.7235107421875,0.2205810546875,-0.0206298828125
17.702,322,3147,1093,1579,-0.5684814453125,0.2535400390625,0.0552978515625
17.710,324,3147,1260,1834,-0.5684814453125,0.2535400390625,0.0552978515625
17.724,334,3147,1529,2320,-0.2945556640625,0.269287109375,0.2005615234375
17.732,338,3147,1721,2596,-0.2705078125,0.288330078125,0.223876953125
17.748,347,3147,1914,2727,-0.2705078125,0.288330078125,0.223876953125
17.754,356,3147,2024,3086,-0.54443359375,0.5626220703125,-0.086181640625
17.787,357,3147,2076,3147,-0.928466796875,0.834228515625,-0.6468505859375
17.787,360,3147,2128,3147,-0.928466796875,0.834228515625,-0.6468505859375
17.787,361,3147,2195,3147,-1.536865234375,1.251953125,-1.2047119140625
17.792,363,3147,2266,3147,-1.47314453125,0.952880859375,-0.728515625
17.804,364,3147,2277,3147,-1.47314453125,0.952880859375,-0.728515625
17.814,362,3147,2280,3147,-1.4874267578125,0.475830078125,-0.02490234375
17.822,363,3147,2233,3147,-1.5982666015625,0.5531005859375,-0.095947265625
17.830,363,3147,2158,3147,-1.5982666015625,0.5531005859375,-0.095947265625
17.852,361,3147,2245,3147,-1.11181640625,0.4586181640625,-0.15771484375
17.852,363,3147,2180,3147,-1.2547607421875,0.770751953125,-0.3076171875
17.893,361,3147,2076,3101,-1.2547607421875,0.770751953125,-0.3076171875
17.895,334,3147,1842,2897,-1.5020751953125,0.8114013671875,-0.5103759765625
17.895,336,3147,1805,2727,-1.3251953125,0.5484619140625,-0.33544921875
17.895,346,3147,1691,2565,-1.3251953125,0.5484619140625,-0.33544921875
17.904,334,3147,1440,2161,-0.751220703125,0.3291015625,-0.07470703125
17.916,334,3147,1323,1967,-0.53662109375,0.2723388671875,-0.0277099609375
17.920,324,3147,1163,1761,-0.53662109375,0.2723388671875,-0.0277099609375
17.934,327,3147,1117,1310,-0.55859375,0.2237548828125,-0.120849609375
17.942,324,3147,1055,1050,-0.55859375,0.2237548828125,-0.120849609375
17.952,323,3147,1004,832,-0.6707763671875,0.305908203125,-0.2076416015625
17.982,319,3147,947,433,-0.8123779296875,0.3507080078125,-0.29931640625
17.982,304,3104,921,347,-0.8123779296875,0.3507080078125,-0.29931640625
17.983,317,2801,840,324,-0.8436279296875,0.262451171875,-0.2662353515625
17.999,319,2417,794,346,-0.75830078125,0.2545166015625,-0.1707763671875
18.002,318,2379,802,346,-0.75830078125,0.2545166015625,-0.1707763671875
18.010,318,2244,787,345,-0.701171875,0.3062744140625,-0.1385498046875
18.030,315,1861,785,338,-0.6795654296875,0.4229736328125,-0.1058349609375
18.032,316,2018,758,354,-0.6795654296875,0.4229736328125,-0.1058349609375
18.040,316,1808,766,338,-0.698974609375,0.4698486328125,-0.1153564453125
18.054,315,1826,746,336,-0.7430419921875,0.42626953125,-0.134765625
18.062,315,1854,790,338,-0.7430419921875,0.42626953125,-0.134765625
18.070,316,1948,813,338,-0.7398681640625,0.3466796875,-0.1263427734375
18.094,316,2192,865,338,-0.7435302734375,0.1441650390625,-0.121826171875
18.094,315,2426,888,344,-0.7435302734375,0.1441650390625,-0.121826171875
18.105,316,2599,890,344,-0.7650146484375,0.071533203125,-0.1334228515625
18.113,316,2918,944,338,-0.7734375,0.12158203125,-0.1595458984375
18.122,316,3058,984,346,-0.7734375,0.12158203125,-0.1595458984375
18.132,316,3147,973,347,-0.791015625,0.2427978515625,-0.1639404296875
18.145,318,3147,1004,721,-0.7257080078125,0.3094482421875,-0.1690673828125
18.156,317,3147,1014,1018,-0.7257080078125,0.3094482421875,-0.1690673828125
18.160,318,3147,1079,1280,-0.6761474609375,0.3128662109375,-0.12841796875
18.183,323,3147,1188,1943,-0.5966796875,0.3193359375,-0.032470703125
18.184,328,3147,1427,2260,-0.4019775390625,0.26513671875,0.09228515625
18.190,332,3147,1592,2552,-0.1805419921875,0.1669921875,0.2186279296875
18.210,347,3147,1957,2881,-0.04736328125,0.0989990234375,0.33154296875
18.212,354,3147,2135,3056,-0.0733642578125,0.1724853515625,0.3546142578125
18.221,359,3147,2106,3147,-0.3323974609375,0.4581298828125,0.135986328125
18.234,360,3147,2151,3147,-0.8251953125,0.87255859375,-0.4066162109375
18.242,364,3147,2116,3147,-1.431640625,1.2576904296875,-1.0408935546875
18.268,360,3147,2142,3147,-1.8538818359375,1.359619140625,-1.2529296875
18.268,348,3147,2254,3147,-1.9356689453125,1.0255126953125,-0.9332275390625
18.285,364,3147,2171,3147,-1.94775390625,0.56103515625,-0.4390869140625
18.286,364,3147,2161,3147,-1.961181640625,0.262451171875,-0.089111328125
18.294,364,3147,2213,3147,-1.5994873046875,0.1453857421875,0.0751953125
18.302,364,3147,2263,3147,-1.076416015625,0.31640625,0.1134033203125
18.320,364,3147,2235,3147,-1.0389404296875,0.751220703125,-0.05517578125
18.324,362,3147,2164,3147,-1.393798828125,1.043212890625,-0.3431396484375
18.332,361,3147,2122,3121,-1.638427734375,0.9097900390625,-0.4703369140625
18.340,360,3147,2083,2935,-1.57958984375,0.6009521484375,-0.362548828125
18.369,354,3147,1905,2632,-1.314453125,0.4451904296875,-0.2237548828125
18.370,346,3147,1773,2412,-1.008056640625,0.4647216796875,-0.185791015625
18.372,324,3147,1615,2167,-0.759765625,0.4998779296875,-0.1856689453125
18.391,334,3147,1323,1735,-0.5958251953125,0.4471435546875,-0.15185546875
18.392,316,3147,1282,1395,-0.546630859375,0.371826171875,-0.1173095703125
18.400,327,3147,1236,1018,-0.6436767578125,0.3240966796875,-0.1328125
18.414,324,3147,1058,411,-0.7906494140625,0.2669677734375,-0.1634521484375
18.425,323,3031,1010,328,-0.84765625,0.141357421875,-0.2015380859375
18.431,321,2571,951,330,-0.8472900390625,0.012939453125,-0.2274169921875
18.445,318,1861,852,338,-0.82470703125,-0.0260009765625,-0.2059326171875
18.453,316,1401,763,334,-0.7733154296875,0.0052490234375,-0.204833984375
18.466,318,1231,684,344,-0.7412109375,0.1260986328125,-0.1929931640625
18.494,309,855,598,334,-0.688232421875,0.265625,-0.134033203125
18.495,313,778,630,316,-0.6202392578125,0.3392333984375,-0.075439453125
18.495,314,766,585,332,-0.593994140625,0.36572265625,-0.0386962890625
18.504,311,757,570,332,-0.583984375,0.3612060546875,-0.0418701171875
18.511,313,788,614,330,-0.575439453125,0.344970703125,-0.05810546875
18.520,314,820,648,328,-0.55517578125,0.3330078125,-0.053466796875
18.533,307,973,605,332,-0.5460205078125,0.3441162109375,-0.033447265625
18.542,314,1183,736,332,-0.5732421875,0.33447265625,-0.04931640625
18.550,310,1323,721,332,-0.6005859375,0.2440185546875,-0.1011962890625
18.567,318,1867,860,336,-0.6214599609375,0.122314453125,-0.1336669921875
18.572,313,2150,927,334,-0.6605224609375,0.0789794921875,-0.14599609375
18.588,316,2484,996,338,-0.7017822265625,0.1612548828125,-0.1605224609375
18.598,317,3133,1117,344,-0.6971435546875,0.3194580078125,-0.1546630859375
18.604,322,3147,1202,666,-0.6478271484375,0.42626953125,-0.1165771484375
18.610,321,3147,1231,1043,-0.5794677734375,0.3524169921875,-0.048828125
18.624,328,3147,1610,1627,-0.4779052734375,0.139892578125,0.023193359375
18.640,338,3147,1828,1895,-0.337890625,-0.0003662109375,0.0565185546875
18.640,327,3147,2047,2111,-0.213623046875,0.1224365234375,0.045166015625
18.653,357,3147,2186,2458,-0.27392578125,0.4503173828125,-0.0621337890625
18.670,360,3147,2238,2576,-0.63134765625,0.7366943359375,-0.3238525390625
18.670,362,3147,2263,2648,-1.136474609375,0.902099609375,-0.5760498046875
18.694,370,3147,2299,2809,-1.603271484375,1.0540771484375,-0.660400390625
18.697,365,3147,2356,2781,-1.982177734375,1.1258544921875,-0.62353515625
18.708,363,3147,2375,2833,-2.310302734375,0.90185546875,-0.446533203125
18.715,369,3147,2391,2882,-2.3482666015625,0.3377685546875,-0.144287109375
18.722,371,3147,2372,2904,-1.6837158203125,-0.151123046875,0.1820068359375
18.730,364,3147,2382,2943,-0.8583984375,0.01025390625,0.28271484375
18.744,363,3147,2384,2944,-0.7628173828125,0.663330078125,-0.05126953125
18.752,365,3147,2366,2909,-1.2388916015625,1.1190185546875,-0.5079345703125
18.760,364,3147,2308,2840,-1.61279296875,0.9849853515625,-0.691650390625
18.773,361,3147,2142,2591,-1.5936279296875,0.5743408203125,-0.5784912109375
18.805,359,3147,2039,2445,-1.311767578125,0.3958740234375,-0.3681640625
18.805,361,3147,1869,2275,-0.9749755859375,0.4813232421875,-0.2313232421875
18.805,345,3147,1592,1905,-0.7071533203125,0.605224609375,-0.1680908203125
18.819,337,3147,1487,1711,-0.5511474609375,0.5904541015625,-0.116455078125
18.820,336,3147,1326,1508,-0.522216796875,0.4608154296875,-0.06640625
18.834,332,3147,1160,990,-0.615478515625,0.3226318359375,-0.0572509765625
18.849,328,3147,1108,761,-0.774658203125,0.20068359375,-0.072265625
18.851,327,3147,1042,499,-0.774658203125,0.20068359375,-0.072265625
18.865,323,3147,980,359,-0.9361572265625,-0.0250244140625,-0.0736083984375
18.873,321,2965,976,359,-0.8974609375,-0.0592041015625,-0.11962890625
18.882,321,2795,951,354,-0.8974609375,-0.0592041015625,-0.11962890625
18.905,315,2481,922,347,-0.728271484375,0.1875,-0.2037353515625
18.905,321,2178,882,347,-0.66943359375,0.319091796875,-0.2496337890625
18.912,318,2005,887,348,-0.66943359375,0.319091796875,-0.2496337890625
18.930,316,2047,813,344,-0.615966796875,0.4310302734375,-0.2427978515625
18.932,316,1987,803,344,-0.652587890625,0.4892578125,-0.2039794921875
18.940,316,1757,767,344,-0.652587890625,0.4892578125,-0.2039794921875
18.955,316,1860,787,337,-0.699951171875,0.463134765625,-0.1820068359375
18.962,316,1929,800,342,-0.7161865234375,0.365234375,-0.201416015625
18.976,315,2012,815,344,-0.7161865234375,0.365234375,-0.201416015625
18.984,315,2213,827,338,-0.7998046875,0.275146484375,-0.2332763671875
19.001,316,2370,853,359,-0.8209228515625,0.263916015625,-0.233642578125
19.001,316,2510,853,344,-0.8209228515625,0.263916015625,-0.233642578125
19.013,316,2721,894,346,-0.7933349609375,0.2064208984375,-0.22412109375
19.022,316,2884,922,347,-0.80078125,0.22021484375,-0.2122802734375
19.030,317,3000,907,346,-0.80078125,0.22021484375,-0.2122802734375
19.044,316,3147,976,424,-0.7945556640625,0.240966796875,-0.1798095703125
19.052,313,3147,1012,639,-0.743896484375,0.2373046875,-0.15966796875
19.062,321,3147,1071,894,-0.743896484375,0.2373046875,-0.15966796875
19.090,323,3147,1175,1305,-0.569091796875,0.32958984375,-0.037841796875
19.090,324,3147,1316,1596,-0.569091796875,0.32958984375,-0.037841796875
19.126,329,3147,1548,1808,-0.425048828125,0.3509521484375,0.002197265625
19.126,338,3147,1860,2233,-0.2664794921875,0.3096923828125,0.060546875
19.126,348,3147,2110,2430,-0.2664794921875,0.3096923828125,0.060546875
19.126,352,3147,2266,2591,-0.253662109375,0.322998046875,0.0938720703125
19.133,360,3147,2384,2785,-0.7073974609375,0.73974609375,-0.2100830078125
19.142,363,3147,2415,2810,-0.7073974609375,0.73974609375,-0.2100830078125
19.155,362,3147,2430,2888,-1.0924072265625,1.05517578125,-0.572021484375
19.169,369,3147,2367,2863,-1.7357177734375,1.21044921875,-1.058349609375
19.172,364,3147,2362,2861,-1.7357177734375,1.21044921875,-1.058349609375
19.181,364,3147,2419,2918,-2.004150390625,0.824462890625,-0.9208984375
19.208,364,3147,2492,2912,-1.686767578125,-0.4736328125,0.066162109375
19.208,361,3147,2539,2963,-1.686767578125,-0.4736328125,0.066162109375
19.210,360,3147,2544,2981,-1.1253662109375,-0.2203369140625,0.41796875
19.224,364,3147,2525,2901,-1.2640380859375,1.2557373046875,-0.283203125
19.232,364,3147,2473,2818,-1.2640380859375,1.2557373046875,-0.283203125
19.243,364,3147,2410,2701,-1.4261474609375,1.16015625,-0.5289306640625
19.254,359,3147,2160,2432,-1.2032470703125,0.3909912109375,-0.328857421875
19.283,357,3147,1952,2238,-1.2032470703125,0.3909912109375,-0.328857421875
19.284,348,3147,1757,1982,-0.99072265625,0.383544921875,-0.25244140625
19.284,338,3147,1387,1589,-0.81982421875,0.4462890625,-0.1802978515625
19.292,334,3147,1306,1253,-0.704345703125,0.4256591796875,-0.1126708984375
19.310,330,3147,1264,963,-0.6671142578125,0.3621826171875,-0.1087646484375
19.314,327,3147,1209,538,-0.708740234375,0.308837890625,-0.1060791015625
19.322,327,3147,1145,359,-0.7728271484375,0.2353515625,-0.0576171875
19.330,321,2801,1056,359,-0.8013916015625,0.1029052734375,-0.067138671875
19.344,318,2137,959,348,-0.7952880859375,-0.0113525390625,-0.1685791015625
19.352,318,1890,951,346,-0.7508544921875,-0.0032958984375,-0.2550048828125
19.360,319,1635,902,344,-0.6807861328125,0.1103515625,-0.2689208984375
19.391,317,1494,842,342,-0.63818359375,0.220947265625,-0.23095703125
19.392,316,1469,816,338,-0.619384765625,0.2696533203125,-0.1710205078125
19.392,315,1399,785,338,-0.5908203125,0.3111572265625,-0.1060791015625
19.424,316,1524,763,337,-0.580078125,0.4171142578125,-0.07666015625
19.424,316,1560,761,336,-0.612548828125,0.5377197265625,-0.10107421875
19.424,316,1746,846,338,-0.6485595703125,0.5595703125,-0.1380615234375
19.434,315,2024,922,338,-0.6715087890625,0.490478515625,-0.1514892578125
19.442,316,2078,975,342,-0.70263671875,0.4140625,-0.141845703125
19.450,315,2194,1050,346,-0.7198486328125,0.3358154296875,-0.13623046875
19.463,316,2286,1069,342,-0.7197265625,0.25341796875,-0.1597900390625
19.472,324,2519,1117,348,-0.734375,0.1986083984375,-0.1756591796875
19.496,317,2830,1146,346,-0.7513427734375,0.1885986328125,-0.1405029296875
19.496,297,3147,1182,433,-0.7384033203125,0.223388671875,-0.100341796875
19.519,316,3147,1239,705,-0.7161865234375,0.2755126953125,-0.1107177734375
19.519,321,3147,1243,917,-0.7362060546875,0.3212890625,-0.083984375
19.526,324,3147,1383,1454,-0.6947021484375,0.224609375,-0.0487060546875
19.532,324,3147,1579,1770,-0.5687255859375,0.0592041015625,-0.0255126953125
19.540,334,3147,1769,1985,-0.453125,0.06640625,0.0596923828125
19.554,346,3147,2118,2280,-0.3414306640625,0.19677734375,0.1246337890625
19.562,353,3147,2296,2472,-0.3226318359375,0.359619140625,0.123779296875
19.570,359,3147,2347,2635,-0.4892578125,0.5013427734375,0.002685546875
19.598,361,3147,2479,2840,-0.8089599609375,0.640869140625,-0.2901611328125
19.599,348,3147,2490,2908,-1.215576171875,0.8597412109375,-0.663330078125
19.606,359,3147,2490,2973,-1.60791015625,1.0064697265625,-0.9630126953125
19.621,371,3147,2530,3008,-1.9212646484375,0.92236328125,-0.973876953125
19.622,363,3147,2610,3035,-2.1209716796875,0.670166015625,-0.614990234375
19.630,362,3147,2703,3095,-1.9227294921875,0.3201904296875,-0.12939453125
19.644,369,3147,2647,3057,-1.3057861328125,0.1773681640625,0.2117919921875
19.653,371,3147,2599,3071,-0.8394775390625,0.45458984375,0.2098388671875
19.661,371,3147,2621,3070,-0.7548828125,0.7811279296875,-0.0745849609375
19.675,368,3147,2573,2974,-0.9769287109375,0.8634033203125,-0.339111328125
19.683,364,3147,2530,2887,-1.38818359375,0.7130126953125,-0.4771728515625
19.727,363,3147,2432,2765,-1.6546630859375,0.4718017578125,-0.4998779296875
19.727,346,3147,2229,2507,-1.612060546875,0.344970703125,-0.4100341796875
19.727,351,3147,2072,2372,-1.3441162109375,0.3721923828125,-0.2645263671875
19.727,354,3147,1927,2167,-1.0084228515625,0.4627685546875,-0.1220703125
19.739,345,3147,1627,1796,-0.7479248046875,0.53515625,0.009765625
19.743,336,3147,1424,1540,-0.6094970703125,0.563720703125,0.0833740234375
19.751,334,3147,1336,1213,-0.57177734375,0.53271484375,0.0379638671875
19.764,328,3147,1198,746,-0.622802734375,0.4254150390625,-0.0589599609375
19.773,324,3147,1120,508,-0.7415771484375,0.2479248046875,-0.1119384765625
19.781,323,3147,1101,356,-0.8265380859375,0.0286865234375,-0.1636962890625
19.794,318,2736,1078,351,-0.823974609375,-0.1162109375,-0.2587890625
19.819,319,2616,1003,352,-0.7669677734375,-0.0958251953125,-0.3251953125
19.819,302,2207,973,346,-0.7130126953125,0.028076171875,-0.3133544921875
19.840,318,1904,879,346,-0.70458984375,0.1409912109375,-0.2432861328125
19.841,316,2024,849,344,-0.6929931640625,0.2005615234375,-0.157470703125
19.842,316,1954,744,337,-0.663818359375,0.2628173828125,-0.080810546875
19.855,315,1864,741,338,-0.6444091796875,0.3597412109375,-0.0179443359375
19.863,315,1960,714,338,-0.6334228515625,0.451416015625,0.007568359375
19.872,316,2026,735,344,-0.6328125,0.48486328125,-0.0345458984375
19.885,316,2205,749,338,-0.6531982421875,0.4500732421875,-0.1234130859375
19.898,317,2308,761,345,-0.712890625,0.3978271484375,-0.19482421875
19.901,315,2505,794,344,-0.785400390625,0.331298828125,-0.2108154296875
19.925,315,2514,794,342,-0.8145751953125,0.2252197265625,-0.21044921875
19.926,314,2827,808,346,-0.812744140625,0.118896484375,-0.21435546875
19.931,315,2996,871,345,-0.7886962890625,0.04638671875,-0.1773681640625
19.945,315,3147,944,426,-0.73388671875,0.066162109375,-0.0921630859375
19.953,317,3147,999,725,-0.655517578125,0.184326171875,-0.02001953125
19.961,317,3147,1079,980,-0.563720703125,0.3365478515625,0.013916015625
19.974,327,3147,1294,1494,-0.4459228515625,0.458740234375,0.082763671875
19.983,330,3147,1604,1744,-0.2586669921875,0.43310546875,0.1285400390625
19.998,336,3147,1943,2001,-0.1177978515625,0.35986328125,0.093505859375
20.005,356,3147,2397,2416,-0.140380859375,0.3809814453125,0.0496826171875
20.041,360,3147,2492,2626,-0.3155517578125,0.4385986328125,-0.0460205078125
20.041,344,3147,2516,2782,-0.7137451171875,0.5902099609375,-0.31591796875
20.041,364,3147,2539,3010,-1.2855224609375,0.9033203125,-0.75537109375
20.043,369,3147,2584,3064,-1.7825927734375,1.2386474609375,-1.076171875
20.057,364,3147,2587,3045,-1.951171875,1.26611328125,-0.9935302734375
20.065,364,3147,2608,3056,-1.8084716796875,0.9239501953125,-0.610595703125
20.073,373,3147,2668,3103,-1.5654296875,0.515625,-0.2235107421875
20.081,365,3147,2635,3120,-1.2376708984375,0.3245849609375,-0.0048828125
20.103,369,3147,2647,3093,-0.96533203125,0.4688720703125,0.0220947265625
20.103,364,3147,2632,3063,-0.9837646484375,0.7293701171875,-0.1536865234375
20.111,364,3147,2683,3016,-0.9837646484375,0.7293701171875,-0.1536865234375
20.130,363,3147,2505,2858,-1.5350341796875,0.818603515625,-0.615966796875
20.140,364,3147,2430,2766,-1.539306640625,0.609375,-0.59326171875
20.141,361,3147,2306,2677,-1.539306640625,0.609375,-0.59326171875
20.155,359,3147,2114,2382,-1.032470703125,0.4322509765625,-0.239501953125
20.170,354,3147,1933,2255,-0.7337646484375,0.4779052734375,-0.091796875
20.171,348,3147,1786,2035,-0.7337646484375,0.4779052734375,-0.091796875
20.185,342,3147,1487,1600,-0.420654296875,0.488037109375,0.0223388671875
20.193,336,3147,1413,1398,-0.4661865234375,0.4796142578125,-0.0545654296875
20.205,331,3147,1336,1189,-0.4661865234375,0.4796142578125,-0.0545654296875
20.236,323,3147,1229,938,-0.7371826171875,0.400146484375,-0.1968994140625
20.237,324,3147,1188,765,-0.7978515625,0.2373046875,-0.291259765625
20.237,327,3147,1155,656,-0.7978515625,0.2373046875,-0.291259765625
20.245,322,3147,1071,497,-0.8336181640625,0.0531005859375,-0.2537841796875
20.253,321,3147,1067,405,-0.806396484375,0.1268310546875,-0.1685791015625
20.261,321,3147,1026,430,-0.806396484375,0.1268310546875,-0.1685791015625
20.274,322,3147,1010,356,-0.7353515625,0.31787109375,-0.13037109375
20.283,321,3147,994,354,-0.712646484375,0.370849609375,-0.1256103515625
20.291,321,3147,984,354,-0.712646484375,0.370849609375,-0.1256103515625
20.307,318,3147,1003,348,-0.7471923828125,0.4407958984375,-0.15087890625
20.313,318,3147,1004,348,-0.7471923828125,0.4407958984375,-0.15087890625
20.331,318,3147,1004,351,-0.770263671875,0.4031982421875,-0.1370849609375
20.341,317,3147,1050,373,-0.8179931640625,0.2412109375,-0.076904296875
20.345,316,3147,1067,414,-0.8179931640625,0.2412109375,-0.076904296875
20.351,318,3147,1074,431,-0.8507080078125,0.19580078125,-0.0953369140625
20.364,318,3147,1097,519,-0.890625,0.1866455078125,-0.1845703125
20.373,316,3147,1109,561,-0.890625,0.1866455078125,-0.1845703125
20.381,321,3147,1125,591,-0.88623046875,0.2047119140625,-0.19580078125
20.395,318,3147,1132,633,-0.857666015625,0.2261962890625,-0.17529296875
20.410,321,3147,1151,679,-0.857666015625,0.2261962890625,-0.17529296875
20.411,302,3147,1155,715,-0.8489990234375,0.227783203125,-0.1856689453125
20.427,318,3147,1160,1078,-0.78173828125,0.1800537109375,-0.1219482421875
20.437,321,3147,1185,1266,-0.78173828125,0.1800537109375,-0.1219482421875
20.450,323,3147,1213,1480,-0.6368408203125,0.2586669921875,-0.0184326171875
20.455,328,3147,1381,1837,-0.2958984375,0.5185546875,0.1220703125
20.463,329,3147,1608,1981,-0.2958984375,0.5185546875,0.1220703125
20.471,334,3147,1867,2170,-0.1610107421875,0.46630859375,0.1279296875
20.485,348,3147,2287,2414,-0.216552734375,0.432373046875,-0.0567626953125
20.493,354,3147,2469,2638,-0.216552734375,0.432373046875,-0.0567626953125
20.515,359,3147,2493,2847,-0.4407958984375,0.5823974609375,-0.3392333984375
20.516,361,3147,2521,3028,-1.3717041015625,0.9886474609375,-0.9765625
20.541,363,3147,2557,3121,-1.3717041015625,0.9886474609375,-0.9765625
20.541,365,3147,2559,3140,-1.6583251953125,0.9774169921875,-0.9189453125
20.554,371,3147,2608,3147,-1.8460693359375,0.780517578125,-0.6417236328125
20.555,364,3147,2658,3147,-2.0909423828125,0.4351806640625,-0.291748046875
20.561,371,3147,2665,3147,-1.984130859375,-0.0672607421875,0.105712890625
20.575,364,3147,2565,3090,-1.3797607421875,-0.27587890625,0.482177734375
20.583,364,3147,2578,3089,-0.89990234375,0.1884765625,0.48486328125
20.591,360,3147,2551,3014,-0.8865966796875,0.9254150390625,0.0072021484375
20.604,361,3147,2354,2798,-1.248291015625,1.287841796875,-0.5072021484375
20.621,359,3147,2238,2645,-1.644287109375,0.9908447265625,-0.7154541015625
20.621,356,3147,2089,2507,-1.7113037109375,0.4639892578125,-0.60546875
20.643,347,3147,1819,2156,-1.4813232421875,0.2403564453125,-0.36181640625
20.643,345,3147,1610,1951,-1.125732421875,0.3011474609375,-0.1119384765625
20.660,342,3147,1426,1748,-0.7686767578125,0.400634765625,0.0791015625
20.666,331,3147,1317,1199,-0.5198974609375,0.4400634765625,0.115478515625
20.673,327,3147,1294,907,-0.425537109375,0.4075927734375,0.027587890625
20.681,327,3147,1243,720,-0.483642578125,0.2830810546875,-0.03271484375
20.694,318,3147,1148,373,-0.63623046875,0.0958251953125,-0.038818359375
20.703,321,3010,1074,356,-0.768310546875,-0.0723876953125,-0.115478515625
20.718,321,2622,1010,349,-0.8175048828125,-0.1082763671875,-0.24609375
20.725,321,2391,905,346,-0.7908935546875,0.0101318359375,-0.31689453125
20.744,316,2186,897,346,-0.77392578125,0.1488037109375,-0.3021240234375
20.745,316,1922,842,327,-0.7760009765625,0.204345703125,-0.214111328125
20.755,317,1826,841,346,-0.7266845703125,0.1971435546875,-0.091796875
20.766,315,1843,815,344,-0.659912109375,0.2353515625,0.0108642578125
20.774,316,1931,871,342,-0.625732421875,0.3736572265625,0.061767578125
20.780,316,2226,905,344,-0.608642578125,0.508544921875,0.03662109375
20.794,316,2419,987,345,-0.61279296875,0.531494140625,-0.0625
20.802,318,2555,1014,346,-0.6610107421875,0.4520263671875,-0.1796875
20.810,317,2677,1078,347,-0.7188720703125,0.3260498046875,-0.249267578125
20.824,316,3006,1129,346,-0.7513427734375,0.2003173828125,-0.2525634765625
20.834,318,3147,1198,348,-0.7645263671875,0.09375,-0.2032470703125
20.851,318,3147,1215,385,-0.755126953125,0.034912109375,-0.130859375
20.854,324,3147,1236,859,-0.73291015625,0.0885009765625,-0.0810546875
20.862,318,3147,1292,1151,-0.7283935546875,0.2149658203125,-0.0723876953125
20.877,324,3147,1316,1415,-0.7147216796875,0.3262939453125,-0.0579833984375
20.884,328,3147,1492,1790,-0.6309814453125,0.3707275390625,-0.028076171875
20.893,332,3147,1704,2074,-0.5164794921875,0.3458251953125,-0.0037841796875
20.900,336,3147,1905,2316,-0.4444580078125,0.337646484375,0.0565185546875
20.922,348,3147,2308,2567,-0.3992919921875,0.3770751953125,0.1265869140625
20.922,354,3147,2498,2716,-0.393310546875,0.454833984375,0.1253662109375
20.930,360,3147,2620,2902,-0.486083984375,0.607421875,0.0242919921875
20.962,361,3147,2713,3070,-0.7255859375,0.8690185546875,-0.2183837890625
20.963,364,3147,2746,3140,-1.1434326171875,1.115966796875,-0.653076171875
20.963,365,3147,2703,3147,-1.660400390625,1.106689453125,-1.083984375
20.980,364,3147,2679,3147,-2.1358642578125,0.799560546875,-1.1295166015625
20.982,369,3147,2727,3147,-2.3709716796875,0.2972412109375,-0.718994140625
20.990,369,3147,2715,3147,-1.9376220703125,-0.2037353515625,-0.110107421875
21.004,364,3147,2627,3143,-1.155517578125,-0.0770263671875,0.3662109375
21.012,364,3147,2612,3121,-0.771240234375,0.6427001953125,0.372802734375
21.024,363,3147,2584,3062,-0.825927734375,1.1259765625,-0.0015869140625
21.053,359,3147,2479,2885,-1.22119140625,1.00830078125,-0.3336181640625
21.053,342,3147,2415,2788,-1.65234375,0.4967041015625,-0.4627685546875
21.053,338,3147,2254,2619,-1.75244140625,0.100341796875,-0.434326171875
21.070,348,3147,2063,2440,-1.5570068359375,0.031982421875,-0.3115234375
21.072,347,3147,1881,2319,-1.232421875,0.1422119140625,-0.1376953125
21.085,345,3147,1664,2186,-0.877685546875,0.300537109375,0.0352783203125
21.093,336,3147,1464,1792,-0.55712890625,0.4710693359375,0.1307373046875
21.102,332,3147,1411,1527,-0.3836669921875,0.6170654296875,0.0745849609375
21.110,330,3147,1330,1188,-0.3836669921875,0.6170654296875,0.0745849609375
21.126,323,3147,1281,598,-0.57177734375,0.493408203125,-0.208984375
21.151,323,3147,1239,354,-0.757568359375,0.1903076171875,-0.33935546875
21.155,323,3033,1206,351,-0.757568359375,0.1903076171875,-0.33935546875
21.155,318,2519,1198,348,-0.907470703125,-0.1573486328125,-0.4287109375
21.164,318,2337,1175,348,-0.9110107421875,-0.0394287109375,-0.34814453125
21.170,318,2032,1115,345,-0.9110107421875,-0.0394287109375,-0.34814453125
21.184,317,1869,1024,343,-0.7337646484375,0.1419677734375,-0.111328125
21.197,316,1757,1009,336,-0.659423828125,0.205810546875,0.0018310546875
21.200,316,1733,1009,344,-0.659423828125,0.205810546875,0.0018310546875
21.213,315,1678,978,344,-0.65966796875,0.5406494140625,0.02197265625
21.229,315,1757,1012,338,-0.659912109375,0.5869140625,-0.0185546875
21.230,300,1855,1055,338,-0.659912109375,0.5869140625,-0.0185546875
21.262,316,2039,1122,342,-0.71435546875,0.347412109375,-0.126953125
21.262,315,2126,1163,344,-0.764404296875,0.22900390625,-0.1634521484375
21.262,300,2240,1198,344,-0.764404296875,0.22900390625,-0.1634521484375
21.274,317,2585,1222,344,-0.8162841796875,0.0667724609375,-0.152099609375
21.282,316,2701,1214,344,-0.8084716796875,0.09619140625,-0.1370849609375
21.295,318,2930,1243,346,-0.8084716796875,0.09619140625,-0.1370849609375
21.306,315,3147,1306,347,-0.872314453125,0.2972412109375,-0.145751953125
21.312,319,3147,1302,377,-0.890869140625,0.28564453125,-0.1673583984375
21.320,318,3147,1312,552,-0.890869140625,0.28564453125,-0.1673583984375
21.334,321,3147,1334,888,-0.764404296875,0.2021484375,-0.11767578125
21.361,323,3147,1380,1156,-0.764404296875,0.2021484375,-0.11767578125
21.361,324,3147,1411,1401,-0.6695556640625,0.344970703125,-0.0126953125
21.364,328,3147,1673,1807,-0.3746337890625,0.3408203125,0.1995849609375
21.372,338,3147,2028,2063,-0.3746337890625,0.3408203125,0.1995849609375
21.380,346,3147,2279,2303,-0.23876953125,0.179443359375,0.26123046875
21.407,354,3147,2527,2713,-0.2269287109375,0.4327392578125,0.072998046875
21.433,360,3147,2599,2833,-0.2269287109375,0.4327392578125,0.072998046875
21.433,361,3147,2674,2942,-0.46630859375,0.7330322265625,-0.2034912109375
21.451,365,3147,2710,3078,-1.2762451171875,1.1507568359375,-0.7265625
21.451,352,3147,2748,3147,-1.2762451171875,1.1507568359375,-0.7265625
21.451,371,3147,2684,3147,-1.665771484375,1.1754150390625,-0.8760986328125
21.463,369,3147,2734,3147,-2.632080078125,0.2491455078125,-0.6163330078125
21.464,369,3147,2756,3105,-2.632080078125,0.2491455078125,-0.6163330078125
21.471,365,3147,2797,3080,-2.1414794921875,-0.4437255859375,-0.0877685546875
21.487,365,3147,2833,3065,-0.8343505859375,0.56005859375,0.2540283203125
21.495,363,3147,2820,3017,-0.8343505859375,0.56005859375,0.2540283203125
21.526,369,3147,2742,2959,-1.15087890625,1.3162841796875,-0.2076416015625
21.526,363,3147,2616,2717,-1.6131591796875,0.64501953125,-0.3885498046875
21.527,363,3147,2493,2587,-1.6131591796875,0.64501953125,-0.3885498046875
21.535,359,3147,2381,2392,-1.4237060546875,0.25830078125,-0.20458984375
21.544,347,3147,1969,1989,-0.87109375,0.403076171875,-0.1124267578125
21.566,345,3147,1808,1798,-0.87109375,0.403076171875,-0.1124267578125
21.567,336,3147,1700,1588,-0.6195068359375,0.4306640625,-0.0755615234375
21.574,333,3147,1584,1079,-0.4556884765625,0.357666015625,-0.043701171875
21.582,328,3147,1536,899,-0.4501953125,0.3074951171875,-0.0572509765625
21.590,329,3147,1500,678,-0.5509033203125,0.271240234375,-0.043212890625
21.604,324,3147,1429,360,-0.67333984375,0.1690673828125,-0.0283203125
21.620,323,2974,1434,356,-0.7884521484375,0.033935546875,-0.0797119140625
21.621,323,2760,1397,356,-0.8426513671875,-0.0103759765625,-0.1536865234375
21.643,321,2541,1345,347,-0.811767578125,0.0648193359375,-0.216796875
21.643,321,2242,1289,348,-0.766357421875,0.15673828125,-0.2530517578125
21.650,316,2221,1251,346,-0.7457275390625,0.193115234375,-0.2244873046875
21.667,318,1837,1211,346,-0.740966796875,0.22265625,-0.15087890625
21.673,317,1860,1228,344,-0.736572265625,0.294921875,-0.0816650390625
21.680,318,1786,1214,346,-0.72900390625,0.3985595703125,-0.038818359375
21.694,317,2024,1264,344,-0.721435546875,0.4776611328125,-0.0247802734375
21.702,318,2316,1271,347,-0.7078857421875,0.4647216796875,-0.031494140625
21.710,318,2424,1317,347,-0.7103271484375,0.3857421875,-0.061279296875
21.724,318,2601,1341,347,-0.7470703125,0.3128662109375,-0.102783203125
21.732,318,2726,1357,346,-0.7845458984375,0.240966796875,-0.13330078125
21.746,319,2843,1386,353,-0.80712890625,0.1705322265625,-0.14794921875
21.757,318,3110,1452,346,-0.8148193359375,0.1336669921875,-0.152099609375
21.773,323,3147,1474,356,-0.7919921875,0.1424560546875,-0.154052734375
21.773,323,3147,1506,487,-0.756103515625,0.1942138671875,-0.1473388671875
21.784,324,3147,1546,865,-0.7354736328125,0.248046875,-0.1319580078125
21.792,327,3147,1547,1120,-0.7252197265625,0.3074951171875,-0.0755615234375
21.800,329,3147,1602,1422,-0.6732177734375,0.350341796875,-0.00048828125
21.814,334,3147,1878,1732,-0.5841064453125,0.3321533203125,0.045654296875
21.822,338,3147,2142,1899,-0.5035400390625,0.27587890625,0.0684814453125
21.830,344,3147,2375,2091,-0.4554443359375,0.2684326171875,0.044677734375
21.844,352,3147,2585,2444,-0.4571533203125,0.3697509765625,-0.009033203125
21.852,359,3147,2668,2590,-0.552490234375,0.528076171875,-0.0933837890625
21.872,360,3147,2765,2701,-0.7437744140625,0.67138671875,-0.213134765625
21.876,361,3147,2823,2850,-0.948486328125,0.8062744140625,-0.31005859375
21.885,365,3147,2866,2912,-1.155029296875,0.91015625,-0.3819580078125
21.891,369,3147,2891,3040,-1.5018310546875,0.8741455078125,-0.486328125
21.907,369,3147,2898,3048,-2.00927734375,0.6407470703125,-0.6082763671875
21.913,370,3147,2905,3028,-2.28369140625,0.277587890625,-0.57421875
21.921,364,3147,2922,2944,-1.817626953125,-0.0394287109375,-0.2642822265625
21.936,365,3147,2833,2792,-1.0841064453125,0.0970458984375,0.107177734375
21.944,365,3147,2676,2785,-0.87939453125,0.626708984375,0.1214599609375
21.951,362,3147,2519,2715,-1.1328125,0.989501953125,-0.1221923828125
21.987,361,3147,2465,2568,-1.5516357421875,0.929443359375,-0.2803955078125
21.988,360,3147,2478,2414,-1.740478515625,0.5738525390625,-0.269287109375
21.989,353,3147,2392,2263,-1.5125732421875,0.2685546875,-0.114501953125
21.995,354,3147,2178,1925,-1.1556396484375,0.2039794921875,0.0216064453125
22.003,346,3147,1920,1750,-0.849365234375,0.3193359375,0.0560302734375
22.011,344,3147,1762,1494,-0.6143798828125,0.4078369140625,0.033935546875
22.025,331,3147,1523,972,-0.5206298828125,0.4075927734375,-0.01123046875
22.033,331,3147,1474,636,-0.5784912109375,0.388671875,-0.05419921875
22.050,328,3147,1371,371,-0.70263671875,0.3316650390625,-0.056640625
22.055,324,2460,1225,361,-0.7960205078125,0.1622314453125,-0.1060791015625
22.065,323,2312,1224,355,-0.8079833984375,-0.0250244140625,-0.2655029296875
22.087,321,2026,1178,354,-0.786865234375,-0.03515625,-0.4112548828125
22.087,319,1801,1089,347,-0.77978515625,0.0838623046875,-0.43359375
22.093,319,1669,1032,344,-0.7489013671875,0.15673828125,-0.3482666015625
22.101,316,1610,978,344,-0.691650390625,0.1929931640625,-0.20458984375
22.115,316,1411,905,333,-0.641357421875,0.3016357421875,-0.05615234375
22.123,315,1456,922,344,-0.610107421875,0.495361328125,0.0350341796875
22.131,316,1516,943,338,-0.600341796875,0.6685791015625,0.0384521484375
22.157,317,1779,1014,338,-0.6075439453125,0.6787109375,-0.0281982421875
22.157,316,1877,1027,338,-0.6400146484375,0.5262451171875,-0.110107421875
22.161,317,1954,1109,342,-0.705322265625,0.353759765625,-0.163818359375
22.178,318,2060,1188,344,-0.76513671875,0.2099609375,-0.1767578125
22.189,318,2395,1201,348,-0.7899169921875,0.0770263671875,-0.1529541015625
22.197,317,2504,1253,346,-0.81787109375,0.017333984375,-0.114013671875
22.205,321,2808,1303,348,-0.86767578125,0.080322265625,-0.09375
22.213,319,2911,1331,351,-0.9063720703125,0.1917724609375,-0.1068115234375
22.221,321,3000,1357,354,-0.92822265625,0.2496337890625,-0.1297607421875
22.235,323,3147,1370,455,-0.923095703125,0.231689453125,-0.1553955078125
22.243,324,3147,1411,632,-0.877685546875,0.2276611328125,-0.1851806640625
22.260,324,3147,1429,793,-0.8095703125,0.272705078125,-0.185546875
22.276,330,3147,1497,1125,-0.7161865234375,0.31787109375,-0.131591796875
22.280,330,3147,1700,1343,-0.61572265625,0.4014892578125,-0.017822265625
22.281,334,3147,2028,1595,-0.5269775390625,0.4974365234375,0.07470703125
22.295,347,3147,2356,1973,-0.4005126953125,0.50732421875,0.10107421875
22.310,352,3147,2516,2206,-0.2939453125,0.4378662109375,0.101318359375
22.311,356,3147,2627,2364,-0.3160400390625,0.3516845703125,0.054931640625
22.327,361,3147,2727,2601,-0.49609375,0.3782958984375,-0.087890625
22.335,364,3147,2754,2721,-0.8040771484375,0.5882568359375,-0.2950439453125
22.341,364,3147,2756,2830,-1.1907958984375,0.843505859375,-0.4156494140625
22.362,364,3147,2830,2965,-1.6414794921875,0.89208984375,-0.3988037109375
22.363,371,3147,2848,3031,-2.055419921875,0.6595458984375,-0.3798828125
22.381,371,3147,2810,3070,-2.055419921875,0.6595458984375,-0.3798828125
22.385,369,3147,2780,2922,-1.88720703125,0.3541259765625,-0.3797607421875
22.393,364,3147,2657,2790,-1.2237548828125,0.4295654296875,-0.2862548828125
22.401,363,3147,2619,2750,-1.2237548828125,0.4295654296875,-0.2862548828125
22.414,361,3147,2437,2668,-0.9161376953125,0.7452392578125,-0.1348876953125
22.423,359,3147,2347,2555,-1.447265625,0.8525390625,-0.216796875
22.431,359,3147,2345,2490,-1.447265625,0.8525390625,-0.216796875
22.445,354,3147,2247,2172,-1.7080078125,0.406494140625,-0.2088623046875
22.457,348,3147,2087,1968,-1.3359375,0.3265380859375,-0.119873046875
22.461,346,3147,1891,1773,-1.3359375,0.3265380859375,-0.119873046875
22.483,338,3147,1574,1313,-0.6112060546875,0.5150146484375,0.0045166015625
22.483,334,3147,1501,944,-0.4744873046875,0.549072265625,-0.060791015625
22.491,329,3147,1453,695,-0.4744873046875,0.549072265625,-0.060791015625
22.505,324,3028,1387,356,-0.6697998046875,0.37548828125,-0.1932373046875
22.513,323,2493,1377,354,-0.802001953125,0.1060791015625,-0.1630859375
22.521,318,1819,1335,356,-0.802001953125,0.1060791015625,-0.1630859375
22.535,321,1578,1243,342,-0.748291015625,-0.1978759765625,-0.1226806640625
22.543,318,1529,1204,346,-0.6627197265625,-0.040283203125,-0.08154296875
22.551,318,1362,1151,344,-0.6627197265625,-0.040283203125,-0.08154296875
22.565,316,1342,1003,337,-0.6256103515625,0.24169921875,-0.0245361328125
22.587,313,1321,959,338,-0.6187744140625,0.2808837890625,-0.001708984375
22.587,315,1362,971,336,-0.6187744140625,0.2808837890625,-0.001708984375
22.595,317,1540,1054,338,-0.6256103515625,0.39697265625,-0.0145263671875
22.603,316,1686,1118,338,-0.6256103515625,0.39697265625,-0.0145263671875
22.611,316,1862,1201,336,-0.6448974609375,0.3546142578125,-0.0615234375
22.626,316,2135,1281,338,-0.7589111328125,0.241455078125,-0.1436767578125
22.633,318,2180,1290,345,-0.7589111328125,0.241455078125,-0.1436767578125
22.648,316,2391,1326,347,-0.800537109375,0.2001953125,-0.1419677734375
22.662,318,2790,1401,347,-0.873779296875,0.200927734375,-0.115234375
22.663,321,2944,1401,347,-0.873779296875,0.200927734375,-0.115234375
22.671,319,3063,1467,352,-0.9229736328125,0.23291015625,-0.125732421875
22.695,321,3147,1504,361,-0.9696044921875,0.2095947265625,-0.0963134765625
22.695,323,3147,1519,469,-0.9696044921875,0.2095947265625,-0.0963134765625
22.701,323,3147,1518,518,-0.9888916015625,0.191162109375,-0.0789794921875
22.715,327,3147,1533,698,-0.9749755859375,0.2037353515625,-0.11181640625
22.723,324,3147,1552,943,-0.9749755859375,0.2037353515625,-0.11181640625
22.731,329,3147,1666,1173,-0.789794921875,0.141357421875,-0.1220703125
22.745,336,3147,2063,1666,-0.248046875,0.243408203125,0.0985107421875
22.753,344,3147,2266,1894,-0.248046875,0.243408203125,0.0985107421875
22.769,347,3147,2467,2141,-0.06591796875,0.3489990234375,0.228271484375
22.798,359,3147,2726,2472,-0.057861328125,0.7783203125,0.108642578125
22.799,361,3147,2801,2585,-0.057861328125,0.7783203125,0.108642578125
22.799,359,3147,2823,2734,-0.4158935546875,0.98095703125,-0.2537841796875
22.805,371,3147,2750,2929,-0.960693359375,1.119873046875,-0.661865234375
22.813,371,3147,2803,2959,-1.6163330078125,1.105712890625,-0.91064453125
22.821,371,3147,2758,2992,-2.3988037109375,0.7081298828125,-0.9130859375
22.835,371,3147,2823,2951,-2.92138671875,0.005615234375,-0.5894775390625
22.843,364,3147,2798,2932,-2.482666015625,-0.54248046875,0.005126953125
22.851,365,3147,2660,2820,-1.338134765625,-0.34912109375,0.482666015625
22.873,363,3147,2503,2648,-0.62548828125,0.5179443359375,0.4530029296875
22.873,364,3147,2492,2636,-0.617431640625,1.0733642578125,0.0684814453125
22.881,363,3147,2481,2569,-0.9765625,0.98681640625,-0.1658935546875
22.902,361,3147,2435,2382,-1.50830078125,0.700439453125,-0.2437744140625
22.905,361,3147,2364,2279,-1.7647705078125,0.5001220703125,-0.2720947265625
22.911,359,3147,2233,2151,-1.5682373046875,0.35302734375,-0.1868896484375
22.925,348,3147,1931,1897,-1.1990966796875,0.2171630859375,-0.047119140625
22.933,347,3147,1820,1750,-0.8453369140625,0.184326171875,0.0330810546875
22.941,342,3147,1774,1555,-0.6400146484375,0.2891845703125,0.0062255859375
22.955,336,3147,1638,1185,-0.6275634765625,0.4266357421875,-0.1044921875
22.969,331,3147,1585,968,-0.7054443359375,0.4891357421875,-0.2303466796875
22.971,330,3147,1521,765,-0.7840576171875,0.43505859375,-0.283203125
22.992,328,3147,1472,363,-0.8267822265625,0.2598876953125,-0.2332763671875
22.993,326,2886,1449,331,-0.843505859375,0.0208740234375,-0.1395263671875
23.003,323,2568,1422,357,-0.8729248046875,-0.1346435546875,-0.0477294921875
23.015,323,2110,1320,354,-0.88427734375,-0.1192626953125,0.02392578125
23.024,321,1868,1253,346,-0.8392333984375,0.010009765625,0.06787109375
23.031,318,1709,1204,348,-0.7725830078125,0.1434326171875,0.0919189453125
23.045,318,1561,1026,344,-0.7235107421875,0.2158203125,0.0902099609375
23.053,318,1582,957,345,-0.7022705078125,0.26220703125,0.0606689453125
23.061,316,1535,907,344,-0.6885986328125,0.337158203125,0.005859375
23.075,317,1676,922,342,-0.666015625,0.428955078125,-0.06396484375
23.115,316,1785,963,344,-0.650146484375,0.4937744140625,-0.1143798828125
23.115,318,1914,1003,310,-0.6435546875,0.48046875,-0.13623046875
23.116,302,2178,1103,338,-0.650146484375,0.400634765625,-0.1708984375
23.116,317,2296,1133,344,-0.6915283203125,0.325927734375,-0.2257080078125
23.121,318,2525,1156,346,-0.7354736328125,0.2603759765625,-0.259765625
23.135,318,2921,1243,346,-0.7576904296875,0.210205078125,-0.2352294921875
23.143,321,3104,1278,353,-0.7779541015625,0.199951171875,-0.1651611328125
23.151,322,3147,1323,382,-0.7833251953125,0.2132568359375,-0.1116943359375
23.165,323,3147,1404,689,-0.7550048828125,0.25,-0.1114501953125
23.173,321,3147,1439,912,-0.7220458984375,0.2930908203125,-0.1444091796875
23.181,327,3147,1494,1143,-0.709716796875,0.3101806640625,-0.1551513671875
23.203,334,3147,1732,1655,-0.6455078125,0.258544921875,-0.1317138671875
23.221,342,3147,2047,1959,-0.513427734375,0.180908203125,-0.027099609375
23.222,346,3147,2254,2205,-0.4000244140625,0.1878662109375,0.1331787109375
23.225,354,3147,2539,2598,-0.3375244140625,0.3687744140625,0.220947265625
23.233,359,3147,2590,2713,-0.3284912109375,0.6361083984375,0.1663818359375
23.241,362,3147,2627,2829,-0.5111083984375,0.856201171875,-0.057861328125
23.255,363,3147,2652,2992,-0.9127197265625,1.0146484375,-0.3572998046875
23.263,364,3147,2766,3035,-1.423828125,1.0479736328125,-0.490234375
23.276,371,3147,2760,3094,-1.98779296875,0.7542724609375,-0.444091796875
23.285,371,3147,2840,3090,-2.3994140625,0.1812744140625,-0.3306884765625
23.301,369,3147,2863,3116,-2.291259765625,-0.2952880859375,-0.1422119140625
23.301,362,3147,2854,3107,-1.5548095703125,-0.32275390625,0.0826416015625
23.329,364,3147,2676,3003,-0.8697509765625,0.29638671875,0.19140625
23.330,365,3147,2711,3024,-0.716064453125,1.01171875,0.021484375
23.331,351,3147,2702,2991,-0.924560546875,1.2279052734375,-0.2197265625
23.345,364,3147,2624,2851,-1.3614501953125,1.03759765625,-0.3338623046875
23.353,361,3147,2565,2698,-1.6925048828125,0.7109375,-0.364990234375
23.361,361,3147,2428,2565,-1.670166015625,0.44091796875,-0.3134765625
23.404,357,3147,2160,2247,-1.4364013671875,0.2779541015625,-0.2122802734375
23.427,351,3147,1912,2039,-1.1468505859375,0.255615234375,-0.1241455078125
23.436,346,3147,1745,1813,-0.8695068359375,0.326171875,-0.0491943359375
23.441,338,3147,1569,1303,-0.6435546875,0.3580322265625,0.0159912109375
23.456,330,3147,1490,1094,-0.531494140625,0.3331298828125,0.03515625
23.456,332,3147,1424,820,-0.5604248046875,0.2681884765625,0.033203125
23.457,327,3147,1280,361,-0.683349609375,0.154296875,0.0240478515625
23.457,323,2837,1213,360,-0.8192138671875,0.02587890625,-0.0408935546875
23.457,323,2463,1159,357,-0.8878173828125,-0.0023193359375,-0.130615234375
23.464,323,1951,976,346,-0.8656005859375,0.1102294921875,-0.1856689453125
23.484,318,1640,865,346,-0.772705078125,0.2291259765625,-0.2230224609375
23.484,321,1497,771,345,-0.6763916015625,0.27587890625,-0.2369384765625
23.497,316,1393,794,338,-0.6304931640625,0.3203125,-0.1912841796875
23.508,315,1283,827,338,-0.6143798828125,0.4127197265625,-0.129150390625
23.515,316,1306,816,338,-0.6143798828125,0.4127197265625,-0.129150390625
23.525,315,1413,879,334,-0.604736328125,0.568359375,-0.0867919921875
23.534,316,1526,913,336,-0.6060791015625,0.515869140625,-0.080322265625
23.541,315,1679,944,342,-0.6060791015625,0.515869140625,-0.080322265625
23.555,312,1894,1010,338,-0.65625,0.3651123046875,-0.0968017578125
23.563,316,1996,1054,342,-0.693359375,0.2830810546875,-0.1259765625
23.571,317,2142,1079,338,-0.693359375,0.2830810546875,-0.1259765625
23.585,318,2703,1134,338,-0.7374267578125,0.145751953125,-0.1448974609375
23.595,318,2827,1160,346,-0.781005859375,0.14697265625,-0.11865234375
23.615,316,3125,1214,347,-0.781005859375,0.14697265625,-0.11865234375
23.615,317,3147,1260,512,-0.8173828125,0.19384765625,-0.138427734375
23.623,321,3147,1306,678,-0.8177490234375,0.2230224609375,-0.195068359375
23.642,322,3147,1341,883,-0.8177490234375,0.2230224609375,-0.195068359375
23.645,324,3147,1391,1211,-0.861572265625,0.302978515625,-0.19970703125
23.653,323,3147,1427,1473,-0.83203125,0.29638671875,-0.0843505859375
23.661,330,3147,1468,1656,-0.83203125,0.29638671875,-0.0843505859375
23.675,333,3147,1733,2080,-0.82666015625,0.2833251953125,0.1690673828125
23.687,338,3147,1848,2266,-0.70263671875,0.289794921875,0.19580078125
23.692,346,3147,1996,2437,-0.70263671875,0.289794921875,0.19580078125
23.756,354,3147,2330,2710,-0.4329833984375,0.295166015625,0.0997314453125
23.756,360,3147,2489,2831,-0.4193115234375,0.3052978515625,0.0135498046875
23.756,363,3147,2581,2990,-0.4193115234375,0.3052978515625,0.0135498046875
23.756,364,3147,2736,3147,-0.9486083984375,0.7579345703125,-0.172607421875
23.756,371,3147,2797,3147,-0.9486083984375,0.7579345703125,-0.172607421875
23.756,361,3147,2811,3147,-1.3922119140625,0.829345703125,-0.3426513671875
23.766,371,3147,2736,3147,-2.137451171875,0.571044921875,-0.6866455078125
23.774,371,3147,2739,3147,-2.137451171875,0.571044921875,-0.6866455078125
23.787,369,3147,2636,3147,-2.167724609375,0.449462890625,-0.64501953125
23.795,364,3147,2601,3115,-1.007080078125,0.2789306640625,0.18994140625
23.811,364,3147,2529,3094,-1.007080078125,0.2789306640625,0.18994140625
23.819,361,3147,2384,2981,-1.0396728515625,0.8282470703125,0.2879638671875
23.827,362,3147,2144,2769,-1.78515625,1.1156005859375,-0.282470703125
23.833,361,3147,2102,2576,-1.78515625,1.1156005859375,-0.282470703125
23.842,360,3147,2048,2382,-1.7506103515625,0.59130859375,-0.3486328125
23.855,348,3147,1929,1920,-1.1064453125,0.155517578125,-0.098876953125
23.863,345,3147,1813,1615,-1.1064453125,0.155517578125,-0.098876953125
23.871,338,3147,1635,1306,-0.77685546875,0.2176513671875,0.02978515625
23.896,332,3147,1397,683,-0.36962890625,0.183349609375,0.099853515625
23.896,328,3147,1320,426,-0.36962890625,0.183349609375,0.099853515625
23.915,324,3053,1306,363,-0.4075927734375,0.1202392578125,0.099853515625
23.917,321,2424,1206,354,-0.641845703125,0.0322265625,0.003173828125
23.930,323,2207,1131,352,-0.641845703125,0.0322265625,0.003173828125
23.931,304,2127,1067,346,-0.6800537109375,0.0908203125,-0.12744140625
23.945,317,1931,975,347,-0.6483154296875,0.1810302734375,-0.237060546875
23.954,319,1900,943,348,-0.5980224609375,0.238037109375,-0.301513671875
23.963,318,1954,923,345,-0.58447265625,0.2694091796875,-0.2911376953125
23.979,318,2111,962,346,-0.6044921875,0.3502197265625,-0.209716796875
23.983,318,2218,975,346,-0.6455078125,0.491455078125,-0.1407470703125
23.999,318,2323,975,346,-0.6986083984375,0.5955810546875,-0.10302734375
24.021,317,2432,1029,344,-0.73779296875,0.58740234375,-0.0684814453125
24.025,317,2624,1050,352,-0.7576904296875,0.4832763671875,-0.0552978515625
24.025,318,2840,1131,348,-0.7581787109375,0.3302001953125,-0.0733642578125
24.035,321,3075,1188,348,-0.760009765625,0.19970703125,-0.1041259765625
24.044,315,3147,1231,351,-0.7880859375,0.1417236328125,-0.135986328125
24.051,318,3147,1274,391,-0.825927734375,0.153564453125,-0.1708984375
24.067,321,3147,1348,650,-0.84326171875,0.2132568359375,-0.1956787109375
24.073,323,3147,1372,816,-0.835693359375,0.2779541015625,-0.216552734375
24.122,323,3147,1382,991,-0.86328125,0.36767578125,-0.2237548828125
24.144,323,3147,1440,1278,-0.894287109375,0.4296875,-0.19189453125
24.144,328,3147,1481,1474,-0.841064453125,0.3843994140625,-0.13720703125
24.144,330,3147,1534,1684,-0.7584228515625,0.316162109375,-0.0633544921875
24.144,334,3147,1854,2068,-0.6953125,0.2855224609375,0.00634765625
24.144,344,3147,2024,2279,-0.6407470703125,0.3035888671875,0.0694580078125
24.144,347,3147,2246,2430,-0.5469970703125,0.2884521484375,0.14990234375
24.155,351,3147,2461,2754,-0.4267578125,0.2711181640625,0.186279296875
24.163,359,3147,2519,2919,-0.3480224609375,0.3721923828125,0.103759765625
24.173,360,3147,2557,3045,-0.4127197265625,0.5302734375,-0.1038818359375
24.185,361,3147,2560,3147,-0.7169189453125,0.67333984375,-0.310791015625
24.199,363,3147,2630,3147,-1.21435546875,0.7178955078125,-0.39453125
24.201,359,3147,2707,3147,-1.7550048828125,0.5509033203125,-0.40234375
24.230,363,3147,2610,3147,-2.1619873046875,0.28955078125,-0.365966796875
24.230,363,3147,2514,3147,-2.282958984375,0.14892578125,-0.275390625
24.231,347,3147,2370,3146,-1.8514404296875,0.0704345703125,-0.1422119140625
24.245,360,3147,2354,3105,-1.1199951171875,0.187255859375,0.09765625
24.253,360,3147,2348,3092,-0.7547607421875,0.598388671875,0.236083984375
24.261,360,3147,2340,3056,-0.9434814453125,1.058837890625,0.0870361328125
24.280,356,3147,2223,2833,-1.389404296875,1.20751953125,-0.1619873046875
24.283,356,3147,2135,2702,-1.63525390625,0.8597412109375,-0.2999267578125
24.291,351,3147,2083,2527,-1.5615234375,0.3709716796875,-0.2569580078125
24.305,347,3147,1894,2228,-1.332763671875,0.1304931640625,-0.16455078125
24.326,345,3147,1786,2018,-1.067626953125,0.1552734375,-0.105712890625
24.329,338,3147,1684,1786,-0.818115234375,0.2398681640625,-0.0537109375
24.339,334,3147,1600,1362,-0.626708984375,0.2691650390625,-0.020751953125
24.343,330,3147,1560,1157,-0.5350341796875,0.2705078125,-0.026123046875
24.353,328,3147,1529,963,-0.540283203125,0.2501220703125,-0.0098876953125
24.365,327,3147,1483,441,-0.6328125,0.1717529296875,0.001953125
24.373,323,3115,1478,360,-0.7635498046875,0.054931640625,-0.0526123046875
24.387,324,2830,1416,359,-0.8455810546875,0.0233154296875,-0.12451171875
24.395,318,2178,1330,352,-0.8707275390625,0.125244140625,-0.1739501953125
24.403,322,2128,1264,349,-0.8638916015625,0.2255859375,-0.1895751953125
24.411,321,1936,1228,346,-0.83447265625,0.2222900390625,-0.156982421875
24.441,315,1656,1067,346,-0.7882080078125,0.209716796875,-0.0882568359375
24.441,319,1739,1041,344,-0.7325439453125,0.29345703125,-0.0372314453125
24.442,316,1719,1000,344,-0.69140625,0.426025390625,-0.03515625
24.455,313,1853,996,344,-0.6734619140625,0.51513671875,-0.0626220703125
24.463,318,2039,1005,346,-0.6627197265625,0.5272216796875,-0.0926513671875
24.471,318,2183,1000,346,-0.6561279296875,0.48681640625,-0.1119384765625
24.485,317,2359,1082,344,-0.6650390625,0.4105224609375,-0.11962890625
24.493,318,2543,1143,345,-0.692138671875,0.30810546875,-0.1168212890625
24.506,318,2741,1204,347,-0.714111328125,0.218017578125,-0.1199951171875
24.535,318,3121,1264,347,-0.7279052734375,0.1966552734375,-0.1243896484375
24.535,304,3147,1316,376,-0.7398681640625,0.214599609375,-0.119140625
24.536,319,3147,1343,577,-0.73828125,0.2117919921875,-0.13330078125
24.545,321,3147,1443,976,-0.7327880859375,0.2052001953125,-0.1588134765625
24.554,326,3147,1480,1283,-0.7308349609375,0.207763671875,-0.1776123046875
24.562,327,3147,1529,1518,-0.6689453125,0.2342529296875,-0.1622314453125
24.575,334,3147,1774,1943,-0.5125732421875,0.27294921875,-0.10205078125
24.583,342,3147,2078,2280,-0.35498046875,0.34423828125,-0.0001220703125
24.591,344,3147,2291,2456,-0.314453125,0.4896240234375,0.0928955078125
24.607,353,3147,2484,2810,-0.3992919921875,0.6312255859375,0.0902099609375
24.614,356,3147,2573,2976,-0.6219482421875,0.7127685546875,-0.0443115234375
24.636,361,3147,2568,3089,-0.6219482421875,0.7127685546875,-0.0443115234375
24.637,365,3147,2703,3143,-1.463623046875,0.7171630859375,-0.458984375
24.643,370,3147,2823,3130,-2.0130615234375,0.4793701171875,-0.5467529296875
24.651,364,3147,2820,3134,-2.0130615234375,0.4793701171875,-0.5467529296875
24.666,369,3147,2813,3136,-2.3829345703125,-0.22607421875,-0.2197265625
24.675,364,3147,2801,3085,-1.5548095703125,-0.1898193359375,0.216796875
24.681,364,3147,2824,3055,-1.5548095703125,-0.1898193359375,0.216796875
24.695,363,3147,2853,3113,-0.6201171875,0.923828125,0.30419921875
24.715,364,3147,2820,3084,-1.0118408203125,1.1505126953125,-0.10986328125
24.715,361,3147,2750,2976,-1.0118408203125,1.1505126953125,-0.10986328125
24.725,360,3147,2527,2782,-1.711181640625,0.4339599609375,-0.5386962890625
24.738,356,3147,2384,2616,-1.59521484375,0.1387939453125,-0.417236328125
24.742,354,3147,2240,2437,-1.59521484375,0.1387939453125,-0.417236328125
24.755,347,3147,1908,2141,-1.0169677734375,0.3050537109375,-0.139892578125
24.763,344,3147,1813,1905,-0.76318359375,0.3858642578125,-0.0537109375
24.771,336,3147,1708,1613,-0.76318359375,0.3858642578125,-0.0537109375
24.788,330,3147,1624,958,-0.5732421875,0.456787109375,-0.0277099609375
24.793,328,3147,1555,713,-0.5853271484375,0.394287109375,0.020751953125
24.802,327,3147,1490,363,-0.5853271484375,0.394287109375,0.020751953125
24.820,323,2534,1397,354,-0.7899169921875,-0.0670166015625,-0.00244140625
24.823,323,2263,1352,354,-0.853759765625,-0.114013671875,-0.101806640625
24.853,321,2032,1321,353,-0.853759765625,-0.114013671875,-0.101806640625
24.854,321,1914,1195,328,-0.7379150390625,0.0501708984375,-0.217041015625
24.854,318,1787,1178,346,-0.7379150390625,0.0501708984375,-0.217041015625
24.861,318,1677,1043,343,-0.7176513671875,0.0921630859375,-0.1947021484375
24.875,316,1611,947,338,-0.7274169921875,0.3343505859375,-0.0830078125
24.883,318,1691,1004,344,-0.7274169921875,0.3343505859375,-0.0830078125
24.891,316,1744,1038,344,-0.7091064453125,0.5238037109375,-0.046875
24.905,315,1948,1050,342,-0.6976318359375,0.6336669921875,-0.1051025390625
24.923,317,2072,1129,344,-0.6976318359375,0.6336669921875,-0.1051025390625
24.923,302,2161,1169,343,-0.7127685546875,0.53564453125,-0.1759033203125
24.942,316,2374,1215,338,-0.7335205078125,0.265380859375,-0.23681640625
24.943,323,2541,1243,334,-0.7335205078125,0.265380859375,-0.23681640625
24.953,321,2851,1283,349,-0.73291015625,0.147705078125,-0.212890625
24.965,318,3115,1336,348,-0.76953125,0.16162109375,-0.11572265625
24.973,327,3147,1382,357,-0.76953125,0.16162109375,-0.11572265625
24.981,321,3147,1428,522,-0.794189453125,0.2733154296875,-0.0963134765625
24.995,321,3147,1490,952,-0.79833984375,0.3885498046875,-0.1243896484375
25.003,324,3147,1529,1233,-0.79833984375,0.3885498046875,-0.1243896484375
25.052,327,3147,1588,1464,-0.7498779296875,0.381591796875,-0.10400390625
25.052,332,3147,1905,1900,-0.4954833984375,0.318115234375,0.0291748046875
25.052,338,3147,2087,2166,-0.4954833984375,0.318115234375,0.0291748046875
25.053,346,3147,2240,2391,-0.3665771484375,0.3074951171875,0.067138671875
25.056,349,3147,2398,2679,-0.365234375,0.692138671875,-0.1231689453125
25.063,359,3147,2376,2840,-0.365234375,0.692138671875,-0.1231689453125
25.071,360,3147,2516,2899,-0.77197265625,0.8704833984375,-0.2698974609375
25.085,364,3147,2534,2928,-1.462646484375,0.82763671875,-0.3204345703125
25.093,363,3147,2484,2920,-2.1934814453125,0.515625,-0.372802734375
25.101,361,3147,2507,2925,-2.636474609375,0.04248046875,-0.476806640625
25.150,361,3147,2502,2872,-2.3570556640625,-0.4854736328125,-0.4066162109375
25.151,361,3147,2492,2853,-1.4102783203125,-0.6739501953125,0.0352783203125
25.151,360,3147,2443,2756,-0.6231689453125,-0.119140625,0.473388671875
25.151,359,3147,2484,2870,-0.4443359375,0.682861328125,0.4482421875
25.153,359,3147,2449,2810,-0.720458984375,1.0264892578125,0.1295166015625
25.162,347,3147,2359,2746,-1.2012939453125,0.84814453125,-0.2052001953125
25.170,356,3147,2296,2695,-1.5206298828125,0.5068359375,-0.4266357421875
25.184,351,3147,2188,2535,-1.529296875,0.313720703125,-0.4715576171875
25.193,347,3147,2105,2428,-1.3597412109375,0.3070068359375,-0.379150390625
25.200,346,3147,1987,2226,-1.1357421875,0.3907470703125,-0.245361328125
25.214,338,3147,1786,1981,-0.9501953125,0.46875,-0.13134765625
25.222,336,3147,1746,1761,-0.8529052734375,0.4739990234375,-0.0582275390625
25.230,332,3147,1666,1503,-0.833984375,0.4151611328125,-0.0303955078125
25.264,329,3147,1569,1000,-0.8580322265625,0.3309326171875,-0.014404296875
25.264,328,3147,1490,840,-0.882568359375,0.2091064453125,0.024169921875
25.264,324,3147,1437,590,-0.89599609375,0.0350341796875,0.0504150390625
25.274,324,2996,1355,356,-0.9322509765625,-0.1212158203125,-0.0015869140625
25.282,323,2665,1306,355,-0.947021484375,-0.1671142578125,-0.0765380859375
25.290,321,2430,1217,356,-0.8919677734375,-0.0855712890625,-0.1024169921875
25.304,314,1960,1151,342,-0.8223876953125,0.0811767578125,-0.0943603515625
25.312,321,1743,1054,347,-0.75390625,0.2581787109375,-0.092529296875
25.325,316,1492,984,344,-0.7086181640625,0.365478515625,-0.109375
25.334,316,1316,883,338,-0.7037353515625,0.38818359375,-0.1219482421875
25.354,313,1341,871,338,-0.6922607421875,0.3809814453125,-0.1243896484375
25.354,316,1397,883,336,-0.641845703125,0.390625,-0.123046875
25.365,316,1598,958,332,-0.5859375,0.4371337890625,-0.1243896484375
25.373,316,1718,992,336,-0.5919189453125,0.5184326171875,-0.1328125
25.381,316,1848,1018,336,-0.64013671875,0.559326171875,-0.1575927734375
25.395,313,2202,1078,342,-0.697265625,0.5247802734375,-0.201171875
25.403,317,2360,1107,338,-0.7354736328125,0.43310546875,-0.2376708984375
25.411,316,2492,1173,346,-0.697509765625,0.2901611328125,-0.2401123046875
25.428,317,2984,1213,346,-0.6273193359375,0.1580810546875,-0.20263671875
25.433,321,3147,1274,371,-0.5977783203125,0.1116943359375,-0.14794921875
25.468,321,3147,1328,607,-0.61279296875,0.2061767578125,-0.094482421875
25.469,321,3147,1422,1083,-0.6590576171875,0.37890625,-0.0831298828125
25.469,328,3147,1468,1443,-0.69775390625,0.4486083984375,-0.1085205078125
25.471,330,3147,1676,1691,-0.61181640625,0.3006591796875,-0.0908203125
25.485,344,3147,2105,2314,-0.4365234375,0.09912109375,-0.013916015625
25.493,346,3147,2306,2486,-0.36572265625,0.150634765625,0.077880859375
25.501,356,3147,2364,2704,-0.41845703125,0.3990478515625,0.10546875
25.515,359,3147,2486,3015,-0.6171875,0.643798828125,0.0330810546875
25.530,360,3147,2507,3105,-0.9747314453125,0.811767578125,-0.1419677734375
25.531,345,3147,2554,3101,-1.3961181640625,0.8709716796875,-0.3587646484375
25.563,361,3147,2700,3087,-1.8475341796875,0.712158203125,-0.557861328125
25.564,363,3147,2635,3112,-2.2696533203125,0.3099365234375,-0.656494140625
25.564,348,3147,2760,3147,-2.3154296875,-0.1290283203125,-0.4449462890625
25.576,360,3147,2750,3147,-1.658203125,-0.26806640625,0.051513671875
25.583,364,3147,2707,3147,-0.897216796875,0.29931640625,0.395751953125
25.591,361,3147,2677,3147,-0.6802978515625,1.158447265625,0.207763671875
25.605,363,3147,2673,3121,-0.8388671875,1.4595947265625,-0.2103271484375
25.613,361,3147,2622,3044,-1.224609375,1.142822265625,-0.414794921875
25.621,360,3147,2510,2908,-1.6226806640625,0.6182861328125,-0.4638671875
25.635,354,3147,2258,2647,-1.7530517578125,0.2578125,-0.4637451171875
25.672,348,3147,2091,2453,-1.6416015625,0.1431884765625,-0.3970947265625
25.672,346,3147,1881,2106,-1.39892578125,0.1552734375,-0.272216796875
25.672,338,3147,1640,1880,-1.39892578125,0.1552734375,-0.272216796875
25.674,330,3147,1416,1370,-0.80859375,0.2374267578125,0.0328369140625
25.689,328,3147,1290,992,-0.5828857421875,0.270751953125,0.10595703125
25.690,324,3147,1222,600,-0.5828857421875,0.270751953125,0.10595703125
25.704,321,2911,1170,355,-0.494873046875,0.1812744140625,0.18603515625
25.712,316,2430,1071,348,-0.631103515625,0.033935546875,0.1336669921875
25.720,318,2178,1010,345,-0.631103515625,0.033935546875,0.1336669921875
25.735,316,1580,858,341,-0.789794921875,-0.0086669921875,-0.17919921875
25.742,316,1373,844,338,-0.7216796875,0.154052734375,-0.31494140625
25.760,316,1333,814,342,-0.7216796875,0.154052734375,-0.31494140625
25.774,313,1396,790,334,-0.655029296875,0.3382568359375,-0.2940673828125
25.775,314,1369,689,318,-0.64013671875,0.32080078125,-0.1871337890625
25.780,315,1417,680,334,-0.64013671875,0.32080078125,-0.1871337890625
25.794,312,1582,766,334,-0.5985107421875,0.352783203125,-0.1298828125
25.802,309,1792,858,338,-0.5723876953125,0.392822265625,-0.1171875
25.810,314,1961,922,338,-0.5723876953125,0.392822265625,-0.1171875
25.824,315,2489,996,343,-0.5767822265625,0.3436279296875,-0.0555419921875
25.838,313,2668,1067,346,-0.611572265625,0.285888671875,-0.0478515625
25.840,315,3000,1093,347,-0.611572265625,0.285888671875,-0.0478515625
25.866,313,3147,1173,458,-0.6943359375,0.2742919921875,-0.06201171875
25.866,318,3147,1201,806,-0.6802978515625,0.213623046875,-0.0582275390625
25.877,321,3147,1224,1083,-0.6802978515625,0.213623046875,-0.0582275390625
25.884,323,3147,1315,1627,-0.7020263671875,0.125,-0.089599609375
25.892,328,3147,1370,1966,-0.7020263671875,0.125,-0.089599609375
25.900,330,3147,1604,2230,-0.6590576171875,0.1434326171875,-0.0152587890625
25.914,346,3147,2180,2633,-0.3463134765625,0.2388916015625,0.266845703125
25.923,351,3147,2314,2842,-0.3463134765625,0.2388916015625,0.266845703125
25.930,356,3147,2442,2965,-0.31005859375,0.33544921875,0.31005859375
25.944,359,3147,2541,3082,-0.8173828125,0.8126220703125,-0.2491455078125
25.956,360,3147,2601,3130,-0.8173828125,0.8126220703125,-0.2491455078125
25.987,362,3147,2630,3127,-1.3201904296875,1.1524658203125,-0.70703125
25.987,364,3147,2587,3147,-2.1229248046875,1.03076171875,-1.012451171875
25.987,347,3147,2616,3147,-2.1229248046875,1.03076171875,-1.012451171875
25.990,364,3147,2651,3147,-2.3873291015625,0.5384521484375,-0.64453125
26.004,364,3147,2699,3147,-1.2275390625,-0.2080078125,0.47412109375
26.012,365,3147,2715,3147,-1.2275390625,-0.2080078125,0.47412109375
26.027,364,3147,2721,3147,-0.8397216796875,0.415771484375,0.3690185546875
26.043,363,3147,2659,3147,-1.413330078125,1.114990234375,-0.4093017578125
26.043,361,3147,2627,3071,-1.413330078125,1.114990234375,-0.4093017578125
26.050,361,3147,2541,2962,-1.5872802734375,0.604248046875,-0.35009765625
26.072,359,3147,2321,2699,-1.3131103515625,0.28466796875,-0.1181640625
26.072,356,3147,2155,2530,-1.3131103515625,0.28466796875,-0.1181640625
26.080,352,3147,1954,2458,-1.08935546875,0.3671875,-0.0888671875
26.094,338,3147,1609,2005,-0.87744140625,0.387451171875,-0.0574951171875
26.102,337,3147,1481,1715,-0.7236328125,0.4058837890625,-0.05810546875
26.110,334,3147,1386,1428,-0.647216796875,0.463623046875,-0.0924072265625
26.124,327,3147,1289,826,-0.6519775390625,0.4854736328125,-0.1607666015625
26.132,327,3147,1251,561,-0.7161865234375,0.386474609375,-0.1739501953125
26.148,323,3147,1182,356,-0.7838134765625,0.15673828125,-0.1065673828125
26.166,319,2306,1043,348,-0.857666015625,-0.068115234375,-0.0804443359375
26.166,302,2170,920,338,-0.90283203125,-0.1500244140625,-0.130126953125
26.170,316,1830,853,346,-0.830078125,-0.0845947265625,-0.1776123046875
26.185,313,1596,646,334,-0.716796875,0.0606689453125,-0.1729736328125
26.199,316,1506,667,336,-0.6722412109375,0.1881103515625,-0.127197265625
26.201,313,1490,572,336,-0.6485595703125,0.26318359375,-0.068115234375
26.215,309,1386,579,334,-0.6121826171875,0.3271484375,-0.0089111328125
26.223,313,1434,591,334,-0.595458984375,0.4017333984375,0.0167236328125
26.231,313,1540,642,336,-0.6090087890625,0.449462890625,-0.01513671875
26.294,310,1785,684,334,-0.623779296875,0.4306640625,-0.078857421875
26.294,314,1920,756,336,-0.640869140625,0.387939453125,-0.144287109375
26.294,310,2080,837,336,-0.681396484375,0.372802734375,-0.1881103515625
26.294,316,2330,900,338,-0.716552734375,0.3414306640625,-0.2066650390625
26.294,315,2529,947,337,-0.7271728515625,0.257568359375,-0.2105712890625
26.294,316,2746,994,338,-0.7388916015625,0.1798095703125,-0.1837158203125
26.305,315,3147,1056,346,-0.7548828125,0.163330078125,-0.1319580078125
26.313,317,3147,1112,434,-0.7633056640625,0.2108154296875,-0.0914306640625
26.321,317,3147,1149,694,-0.7587890625,0.2554931640625,-0.0877685546875
26.335,318,3147,1185,1148,-0.7347412109375,0.2154541015625,-0.134521484375
26.349,323,3147,1281,1492,-0.728759765625,0.1690673828125,-0.1663818359375
26.351,316,3147,1447,1775,-0.69140625,0.1571044921875,-0.1280517578125
26.365,338,3147,2012,2240,-0.5316162109375,0.166748046875,-0.030517578125
26.380,346,3147,2230,2514,-0.357421875,0.27734375,0.108642578125
26.383,351,3147,2375,2726,-0.304443359375,0.4814453125,0.2347412109375
26.395,359,3147,2557,2993,-0.3624267578125,0.6722412109375,0.24755859375
26.412,360,3147,2590,3094,-0.5401611328125,0.768310546875,0.052001953125
26.412,363,3147,2677,3147,-0.839599609375,0.7894287109375,-0.2882080078125
26.425,364,3147,2695,3147,-1.243896484375,0.8564453125,-0.619140625
26.433,364,3147,2717,3147,-1.6943359375,0.971923828125,-0.8294677734375
26.441,364,3147,2769,3147,-2.128662109375,0.9189453125,-0.7447509765625
26.455,364,3147,2810,3147,-2.42578125,0.45751953125,-0.3861083984375
26.484,364,3147,2825,3147,-2.00634765625,-0.2275390625,0.063720703125
26.484,365,3147,2808,3147,-1.1732177734375,-0.2554931640625,0.3648681640625
26.485,364,3147,2798,3147,-0.8846435546875,0.56787109375,0.138671875
26.493,363,3147,2739,3144,-1.1744384765625,1.3343505859375,-0.39892578125
26.501,364,3147,2700,3078,-1.5775146484375,1.291748046875,-0.6744384765625
26.518,361,3147,2567,2813,-1.7027587890625,0.6805419921875,-0.5693359375
26.523,360,3147,2484,2585,-1.5155029296875,0.2777099609375,-0.321044921875
26.531,356,3147,2335,2396,-1.2095947265625,0.287353515625,-0.154052734375
26.545,346,3147,1915,1952,-0.91552734375,0.4134521484375,-0.0582275390625
26.553,338,3147,1613,1664,-0.6588134765625,0.39794921875,0.04541015625
26.561,331,3147,1439,1330,-0.493896484375,0.3072509765625,0.107177734375
26.590,330,3147,1283,797,-0.4991455078125,0.30126953125,0.0596923828125
26.591,310,3147,1198,530,-0.6300048828125,0.308349609375,-0.02197265625
26.591,324,3147,1219,347,-0.774658203125,0.198974609375,-0.0799560546875
26.606,321,2552,1107,346,-0.885498046875,0.013427734375,-0.1463623046875
26.613,317,2098,1043,348,-0.902099609375,-0.090087890625,-0.1993408203125
26.624,316,2063,899,342,-0.82177734375,-0.0322265625,-0.206298828125
26.635,316,1602,740,336,-0.7130126953125,0.0762939453125,-0.191650390625
26.643,316,1440,725,337,-0.6304931640625,0.1624755859375,-0.1549072265625
26.656,313,1415,631,336,-0.6094970703125,0.2646484375,-0.087158203125
26.665,316,1422,625,334,-0.6290283203125,0.396484375,-0.022216796875
26.675,316,1452,667,334,-0.646728515625,0.503662109375,-0.0067138671875
26.694,315,1529,673,336,-0.6568603515625,0.5048828125,-0.041259765625
26.695,314,1783,802,336,-0.6630859375,0.40380859375,-0.084716796875
26.703,315,1894,842,338,-0.6767578125,0.2874755859375,-0.1190185546875
26.711,315,2102,917,342,-0.7119140625,0.2144775390625,-0.1357421875
26.731,314,2222,962,344,-0.751220703125,0.1605224609375,-0.1341552734375
26.733,316,2477,1039,344,-0.7786865234375,0.1103515625,-0.135986328125
26.741,316,2648,1095,348,-0.8145751953125,0.1021728515625,-0.1373291015625
26.758,316,2869,1157,346,-0.8603515625,0.1317138671875,-0.1363525390625
26.763,321,3146,1191,348,-0.8526611328125,0.1343994140625,-0.15234375
26.788,319,3147,1236,466,-0.773193359375,0.10302734375,-0.162353515625
26.788,323,3147,1253,899,-0.7064208984375,0.115234375,-0.1343994140625
26.793,324,3147,1320,1267,-0.65283203125,0.168212890625,-0.0914306640625
26.801,328,3147,1490,1580,-0.5291748046875,0.2216796875,-0.0479736328125
26.815,334,3147,1853,2213,-0.3775634765625,0.310791015625,0.0372314453125
26.823,338,3147,2053,2432,-0.2781982421875,0.41455078125,0.15771484375
26.838,347,3147,2233,2605,-0.2540283203125,0.49169921875,0.2318115234375
26.846,354,3147,2415,2948,-0.375732421875,0.630859375,0.1148681640625
26.863,359,3147,2489,3020,-0.69921875,0.86181640625,-0.23291015625
26.863,361,3147,2534,3126,-1.115966796875,1.0384521484375,-0.5806884765625
26.875,361,3147,2533,3147,-1.5089111328125,1.0975341796875,-0.7305908203125
26.885,363,3147,2605,3126,-1.8231201171875,1.0487060546875,-0.678466796875
26.904,371,3147,2648,3134,-2.10302734375,0.753173828125,-0.4315185546875
26.905,363,3147,2739,3146,-2.2418212890625,0.05810546875,-0.1075439453125
26.913,364,3147,2691,3110,-1.797607421875,-0.6055908203125,0.1951904296875
26.928,363,3147,2660,3085,-1.797607421875,-0.6055908203125,0.1951904296875
26.944,363,3147,2622,3117,-0.9935302734375,0.7908935546875,0.02978515625
26.944,364,3147,2541,3052,-1.3255615234375,1.5745849609375,-0.4283447265625
26.951,361,3147,2465,2944,-1.3255615234375,1.5745849609375,-0.4283447265625
26.965,359,3147,2320,2632,-1.6864013671875,0.6419677734375,-0.37255859375
26.973,356,3147,2186,2440,-1.3944091796875,0.1573486328125,-0.14453125
26.984,348,3147,2018,2247,-1.3944091796875,0.1573486328125,-0.14453125
27.014,342,3147,1627,1662,-0.8775634765625,0.285400390625,-0.0714111328125
27.014,330,3147,1411,1336,-0.7266845703125,0.33447265625,-0.030517578125
27.014,330,3147,1306,952,-0.7266845703125,0.33447265625,-0.030517578125
27.025,323,3147,1216,385,-0.6878662109375,0.13818359375,-0.001220703125
27.033,321,2944,1173,356,-0.7493896484375,0.0269775390625,0.015625
27.051,315,2419,1134,351,-0.7493896484375,0.0269775390625,0.015625
27.055,316,1711,922,346,-0.8319091796875,-0.243408203125,0.0069580078125
27.066,316,1471,750,337,-0.78759765625,-0.1976318359375,-0.037109375
27.071,315,1365,644,342,-0.78759765625,-0.1976318359375,-0.037109375
27.095,315,859,501,331,-0.6031494140625,0.201904296875,-0.1669921875
27.096,315,871,519,336,-0.567138671875,0.3092041015625,-0.1700439453125
27.104,310,858,482,332,-0.567138671875,0.3092041015625,-0.1700439453125
27.115,310,883,485,332,-0.5528564453125,0.3612060546875,-0.137451171875
27.123,313,923,495,334,-0.5528564453125,0.3612060546875,-0.137451171875
27.131,315,951,525,333,-0.5526123046875,0.4365234375,-0.1209716796875
27.145,308,1134,678,338,-0.5811767578125,0.5703125,-0.03271484375
27.169,314,1276,740,338,-0.5811767578125,0.5703125,-0.03271484375
27.169,316,1428,895,336,-0.6058349609375,0.472900390625,-0.0489501953125
27.175,315,1662,959,338,-0.6953125,0.1661376953125,-0.130615234375
27.197,316,2118,1022,344,-0.6953125,0.1661376953125,-0.130615234375
27.197,316,2225,1027,352,-0.7442626953125,0.107177734375,-0.14990234375
27.207,316,2788,1163,347,-0.7264404296875,0.0723876953125,-0.1502685546875
27.214,321,3147,1231,347,-0.7264404296875,0.0723876953125,-0.1502685546875
27.221,321,3147,1251,547,-0.6851806640625,0.0994873046875,-0.130859375
27.235,323,3147,1383,1096,-0.7320556640625,0.2755126953125,-0.1318359375
27.243,328,3147,1540,1474,-0.7320556640625,0.2755126953125,-0.1318359375
27.251,334,3147,1809,1681,-0.578857421875,0.289794921875,-0.1134033203125
27.277,347,3147,2287,2111,-0.3365478515625,0.3302001953125,0.0152587890625
27.277,332,3147,2396,2312,-0.3365478515625,0.3302001953125,0.0152587890625
27.285,359,3147,2516,2505,-0.4656982421875,0.572021484375,0.0546875
27.299,360,3147,2636,2683,-1.194580078125,1.06591796875,-0.2493896484375
27.303,364,3147,2688,2756,-1.194580078125,1.06591796875,-0.2493896484375
27.311,369,3147,2739,2744,-1.6051025390625,1.0794677734375,-0.340087890625
27.325,364,3147,2801,2765,-2.3206787109375,0.529052734375,-0.3128662109375
27.334,364,3147,2769,2733,-2.3206787109375,0.529052734375,-0.3128662109375
27.341,364,3147,2734,2672,-2.0921630859375,-0.0235595703125,-0.102294921875
27.356,361,3147,2688,2598,-1.341796875,-0.255615234375,0.2532958984375
27.400,363,3147,2715,2600,-0.88232421875,0.19091796875,0.31494140625
27.401,354,3147,2638,2530,-1.0723876953125,0.8441162109375,-0.08837890625
27.401,360,3147,2538,2381,-1.5712890625,1.1064453125,-0.5347900390625
27.401,359,3147,2432,2244,-1.8680419921875,0.8404541015625,-0.7127685546875
27.402,349,3147,2253,2050,-1.7110595703125,0.4244384765625,-0.5660400390625
27.415,347,3147,1880,1715,-1.329833984375,0.19921875,-0.289306640625
27.423,342,3147,1599,1483,-0.94873046875,0.1763916015625,-0.0635986328125
27.431,334,3147,1441,1201,-0.626708984375,0.2548828125,0.0968017578125
27.445,328,3147,1276,603,-0.42822265625,0.3477783203125,0.1358642578125
27.453,324,3147,1215,364,-0.4193115234375,0.388671875,0.095458984375
27.461,322,2866,1231,359,-0.5570068359375,0.3033447265625,0.0474853515625
27.484,321,2328,1132,348,-0.72900390625,0.13037109375,-0.046875
27.499,319,2037,1104,347,-0.834716796875,0.0081787109375,-0.1700439453125
27.501,317,1588,1050,346,-0.849853515625,0.0308837890625,-0.240478515625
27.505,316,1056,827,336,-0.823974609375,0.1485595703125,-0.23779296875
27.513,314,975,725,338,-0.791015625,0.24462890625,-0.2059326171875
27.521,315,998,673,337,-0.751708984375,0.28173828125,-0.1533203125
27.535,310,923,614,324,-0.7181396484375,0.309326171875,-0.075927734375
27.543,313,920,541,334,-0.711669921875,0.3619384765625,-0.0086669921875
27.551,313,932,639,332,-0.71533203125,0.3984375,0.00341796875
27.565,310,989,621,331,-0.7056884765625,0.3753662109375,-0.0380859375
27.590,312,1004,644,332,-0.69580078125,0.304931640625,-0.0936279296875
27.613,311,1318,799,332,-0.6815185546875,0.2076416015625,-0.18310546875
27.613,314,1422,883,331,-0.7030029296875,0.233642578125,-0.2088623046875
27.613,316,1568,925,336,-0.7412109375,0.2679443359375,-0.2132568359375
27.625,313,1878,1010,336,-0.7579345703125,0.268310546875,-0.19921875
27.633,316,2184,1043,346,-0.7523193359375,0.242919921875,-0.177734375
27.641,316,2290,1138,338,-0.7340087890625,0.2318115234375,-0.1575927734375
27.655,318,2833,1211,347,-0.710205078125,0.2655029296875,-0.1353759765625
27.663,316,3120,1266,348,-0.6767578125,0.2950439453125,-0.122802734375
27.671,321,3147,1282,513,-0.64501953125,0.2740478515625,-0.1300048828125
27.689,323,3147,1375,1100,-0.64794921875,0.283203125,-0.1014404296875
27.707,329,3147,1548,1447,-0.602294921875,0.3004150390625,-0.020263671875
27.707,331,3147,1750,1759,-0.4593505859375,0.285400390625,0.0694580078125
27.717,342,3147,2170,2161,-0.3846435546875,0.371826171875,0.115234375
27.723,348,3147,2350,2375,-0.4061279296875,0.5166015625,0.0784912109375
27.731,351,3147,2418,2472,-0.5478515625,0.6605224609375,-0.0528564453125
27.745,359,3147,2507,2627,-0.8763427734375,0.796142578125,-0.2806396484375
27.753,363,3147,2610,2727,-1.2593994140625,0.8477783203125,-0.4735107421875
27.762,364,3147,2704,2763,-1.678955078125,0.7574462890625,-0.466064453125
27.783,364,3147,2833,2859,-2.1204833984375,0.3875732421875,-0.32666015625
27.783,369,3147,2941,2899,-2.34130859375,-0.1025390625,-0.138671875
27.810,369,3147,2976,2898,-1.9990234375,-0.3443603515625,0.0609130859375
27.810,382,3147,2844,2824,-1.24853515625,-0.0364990234375,0.218017578125
27.813,364,3147,2807,2797,-0.7769775390625,0.65234375,0.15966796875
27.821,364,3147,2821,2827,-0.7742919921875,1.0579833984375,-0.1160888671875
27.835,360,3147,2785,2735,-1.0927734375,1.0115966796875,-0.30078125
27.843,362,3147,2757,2634,-1.4862060546875,0.7513427734375,-0.3529052734375
27.853,360,3147,2684,2493,-1.568603515625,0.4549560546875,-0.3162841796875
27.865,355,3147,2448,2286,-1.37744140625,0.2313232421875,-0.20068359375
27.873,351,3147,2290,2151,-1.150634765625,0.1607666015625,-0.08349609375
27.887,348,3147,2144,1954,-0.994873046875,0.269775390625,-0.0091552734375
27.909,338,3147,1794,1613,-0.95361328125,0.40966796875,-0.001708984375
27.909,337,3147,1598,1348,-0.980224609375,0.4459228515625,-0.0394287109375
27.919,330,3147,1449,1012,-0.9937744140625,0.392822265625,-0.1229248046875
27.926,328,3147,1248,382,-0.9583740234375,0.2984619140625,-0.20751953125
27.933,323,2840,1148,356,-0.8775634765625,0.128173828125,-0.170654296875
27.942,323,2419,1050,348,-0.8173828125,-0.060791015625,-0.090087890625
27.955,321,1546,879,346,-0.7730712890625,-0.1180419921875,-0.1143798828125
27.963,316,1151,826,336,-0.680908203125,0.0308837890625,-0.19384765625
27.971,313,1029,788,342,-0.5908203125,0.3203125,-0.247314453125
27.987,306,879,625,333,-0.60009765625,0.5599365234375,-0.24365234375
27.993,313,871,590,332,-0.667724609375,0.6116943359375,-0.1689453125
28.016,309,794,614,331,-0.6888427734375,0.48095703125,-0.068115234375
28.016,308,763,654,328,-0.662353515625,0.301513671875,-0.0087890625
28.025,310,757,693,328,-0.62109375,0.181884765625,-0.0101318359375
28.031,310,803,695,332,-0.62109375,0.181884765625,-0.0101318359375
28.045,308,975,644,330,-0.5074462890625,0.0770263671875,-0.11279296875
28.055,313,1073,656,332,-0.4783935546875,0.07470703125,-0.1373291015625
28.061,313,1336,738,334,-0.4783935546875,0.07470703125,-0.1373291015625
28.075,310,1789,973,334,-0.5557861328125,0.2899169921875,-0.086669921875
28.093,316,2249,1093,338,-0.6517333984375,0.3544921875,-0.079833984375
28.093,316,2573,1155,347,-0.6517333984375,0.3544921875,-0.079833984375
28.120,317,2954,1222,343,-0.8372802734375,0.269287109375,-0.1112060546875
28.120,319,3147,1260,353,-0.8504638671875,0.1556396484375,-0.1527099609375
28.122,323,3147,1294,576,-0.8504638671875,0.1556396484375,-0.1527099609375
28.135,327,3147,1443,1260,-0.7747802734375,0.0919189453125,-0.1046142578125
28.143,332,3147,1704,1575,-0.5755615234375,0.147705078125,0.03857421875
28.151,336,3147,1920,1867,-0.5755615234375,0.147705078125,0.03857421875
28.167,347,3147,2263,2233,-0.3641357421875,0.56298828125,0.2275390625
28.173,348,3147,2407,2465,-0.4324951171875,0.752685546875,0.1121826171875
28.181,355,3147,2497,2541,-0.4324951171875,0.752685546875,0.1121826171875
28.195,360,3147,2605,2664,-1.1719970703125,0.9393310546875,-0.46923828125
28.203,362,3147,2626,2795,-1.5784912109375,1.0208740234375,-0.644775390625
28.223,361,3147,2704,2785,-1.5784912109375,1.0208740234375,-0.644775390625
28.230,364,3147,2848,2876,-2.359130859375,0.48291015625,-0.45947265625
28.233,365,3147,2877,2921,-2.098876953125,-0.25341796875,-0.1612548828125
28.241,364,3147,2943,2918,-2.098876953125,-0.25341796875,-0.1612548828125
28.255,364,3147,2821,2750,-0.82421875,0.2161865234375,0.1552734375
28.263,363,3147,2769,2684,-0.82421875,0.2161865234375,0.1552734375
28.271,362,3147,2739,2635,-0.7991943359375,0.8787841796875,-0.1170654296875
28.285,360,3147,2599,2468,-1.4373779296875,0.73193359375,-0.344482421875
28.293,359,3147,2510,2337,-1.4373779296875,0.73193359375,-0.344482421875
28.301,356,3147,2384,2178,-1.7513427734375,0.462646484375,-0.322021484375
28.328,348,3147,2111,1877,-1.34716796875,0.0980224609375,0.007080078125
28.328,346,3147,1933,1689,-1.34716796875,0.0980224609375,0.007080078125
28.332,343,3147,1774,1478,-0.9925537109375,0.0906982421875,0.1671142578125
28.339,336,3147,1655,1148,-0.725341796875,0.1787109375,0.1944580078125
28.353,330,3147,1480,607,-0.64990234375,0.2982177734375,0.08544921875
28.361,328,3147,1404,385,-0.7200927734375,0.4097900390625,-0.0731201171875
28.375,321,2498,1276,351,-0.875,0.3306884765625,-0.1912841796875
28.383,318,2257,1214,351,-0.875,0.3306884765625,-0.1912841796875
28.402,318,1652,1129,348,-0.916015625,0.0677490234375,-0.1890869140625
28.405,316,1320,842,342,-0.7874755859375,-0.1226806640625,-0.122314453125
28.413,316,1199,748,336,-0.7874755859375,-0.1226806640625,-0.122314453125
28.436,316,1038,660,336,-0.6588134765625,0.0274658203125,-0.10791015625
28.437,315,916,607,334,-0.6417236328125,0.4083251953125,-0.059814453125
28.443,313,834,475,333,-0.6417236328125,0.4083251953125,-0.059814453125
28.451,316,803,548,334,-0.701904296875,0.509521484375,-0.0511474609375
28.465,313,739,568,330,-0.7255859375,0.513671875,-0.0682373046875
28.473,310,763,571,329,-0.71630859375,0.4307861328125,-0.10302734375
28.529,308,802,594,330,-0.6917724609375,0.3021240234375,-0.13427734375
28.529,313,944,639,328,-0.6688232421875,0.176025390625,-0.1583251953125
28.529,314,1029,642,332,-0.6585693359375,0.0926513671875,-0.16259765625
28.542,310,1131,737,330,-0.670654296875,0.083984375,-0.142333984375
28.542,312,1439,957,332,-0.701171875,0.1319580078125,-0.1207275390625
28.542,316,1615,1010,336,-0.7303466796875,0.176513671875,-0.1141357421875
28.542,315,1954,1104,336,-0.7545166015625,0.203857421875,-0.1165771484375
28.556,316,2467,1209,337,-0.7952880859375,0.2384033203125,-0.1187744140625
28.563,316,2668,1204,346,-0.85400390625,0.260498046875,-0.1220703125
28.571,317,2881,1231,347,-0.867431640625,0.18701171875,-0.11865234375
28.585,318,3147,1280,499,-0.8157958984375,0.0343017578125,-0.095947265625
28.593,321,3147,1335,879,-0.7596435546875,0.0018310546875,-0.03466796875
28.601,327,3147,1548,1216,-0.6787109375,0.1588134765625,0.050537109375
28.630,334,3147,1849,1865,-0.52734375,0.3743896484375,0.1224365234375
28.631,321,3147,2197,2063,-0.347900390625,0.5394287109375,0.193603515625
28.632,348,3147,2361,2278,-0.189697265625,0.6043701171875,0.24853515625
28.650,355,3147,2535,2561,-0.2100830078125,0.6151123046875,0.2125244140625
28.653,359,3147,2613,2664,-0.5943603515625,0.68310546875,-0.0274658203125
28.661,359,3147,2645,2727,-1.154052734375,0.8326416015625,-0.4122314453125
28.675,361,3147,2659,2859,-1.614501953125,0.9847412109375,-0.7421875
28.683,364,3147,2778,2905,-1.9241943359375,0.93359375,-0.8956298828125
28.692,364,3147,2772,2912,-2.22607421875,0.60302734375,-0.73974609375
28.706,363,3147,2821,2881,-2.2540283203125,0.0821533203125,-0.37158203125
28.716,364,3147,2744,2784,-1.677978515625,-0.2557373046875,-0.0308837890625
28.738,360,3147,2652,2739,-1.0723876953125,0.017822265625,0.0869140625
28.738,361,3147,2576,2739,-0.8975830078125,0.5504150390625,-0.0517578125
28.743,363,3147,2543,2659,-1.15234375,0.8287353515625,-0.1861572265625
28.753,361,3147,2530,2590,-1.5849609375,0.6927490234375,-0.197509765625
28.765,359,3147,2360,2398,-1.69921875,0.39990234375,-0.1075439453125
28.774,354,3147,2143,2284,-1.44287109375,0.325439453125,0.0052490234375
28.781,346,3147,2005,2076,-1.0677490234375,0.40185546875,0.029296875
28.795,334,3147,1636,1647,-0.7685546875,0.455322265625,-0.0013427734375
28.807,333,3147,1492,1422,-0.6488037109375,0.4287109375,-0.0458984375
28.811,330,3147,1422,1096,-0.6845703125,0.375,-0.1357421875
28.828,323,3147,1294,582,-0.7950439453125,0.3466796875,-0.247802734375
28.833,323,3147,1224,361,-0.8731689453125,0.267333984375,-0.25634765625
28.846,318,2703,1146,349,-0.874755859375,0.06591796875,-0.1881103515625
28.860,316,2072,987,334,-0.844482421875,-0.1453857421875,-0.1729736328125
28.863,316,1823,920,345,-0.7860107421875,-0.1937255859375,-0.1622314453125
28.871,318,1643,897,338,-0.70556640625,-0.051025390625,-0.0980224609375
28.885,313,1241,816,334,-0.6866455078125,0.1754150390625,-0.0216064453125
28.893,313,1188,702,336,-0.706787109375,0.3380126953125,0.02978515625
28.912,313,1188,689,332,-0.6881103515625,0.3770751953125,0.0399169921875
28.915,315,1149,679,336,-0.6558837890625,0.36474609375,0.00732421875
28.932,313,1155,702,334,-0.637451171875,0.36572265625,-0.06201171875
28.932,313,1265,748,334,-0.621826171875,0.353271484375,-0.1531982421875
28.945,313,1369,856,334,-0.6297607421875,0.3199462890625,-0.2286376953125
28.956,316,1469,904,334,-0.672119140625,0.298095703125,-0.249267578125
28.969,315,1575,958,334,-0.70947265625,0.26513671875,-0.21240234375
28.975,316,2035,1050,344,-0.7159423828125,0.19091796875,-0.1453857421875
28.983,315,2345,1085,345,-0.7095947265625,0.1243896484375,-0.0740966796875
28.991,316,2492,1118,342,-0.7193603515625,0.1405029296875,-0.0296630859375
29.012,315,3084,1224,344,-0.73828125,0.2208251953125,-0.058837890625
29.013,321,3147,1283,424,-0.742431640625,0.276611328125,-0.1390380859375
29.041,322,3147,1313,711,-0.714599609375,0.265625,-0.17431640625
29.041,323,3147,1341,1026,-0.62939453125,0.1805419921875,-0.151123046875
29.044,328,3147,1704,1598,-0.53515625,0.119140625,-0.0555419921875
29.052,334,3147,1850,1899,-0.483642578125,0.205810546875,0.1263427734375
29.060,344,3147,2089,2133,-0.483642578125,0.205810546875,0.1263427734375
29.080,349,3147,2388,2430,-0.431640625,0.6104736328125,0.305419921875
29.082,373,3147,2486,2519,-0.641845703125,0.7718505859375,0.144775390625
29.090,360,3147,2576,2587,-0.641845703125,0.7718505859375,0.144775390625
29.104,361,3147,2703,2697,-1.6185302734375,0.7471923828125,-0.566162109375
29.113,364,3147,2777,2703,-2.146484375,0.49951171875,-0.81640625
29.120,364,3147,2788,2748,-2.146484375,0.49951171875,-0.81640625
29.145,364,3147,2837,2789,-2.0914306640625,-0.072021484375,-0.3646240234375
29.145,347,3147,2765,2738,-1.27685546875,0.0955810546875,0.127197265625
29.153,363,3147,2608,2683,-1.27685546875,0.0955810546875,0.127197265625
29.164,361,3147,2615,2668,-0.7777099609375,1.029052734375,0.044921875
29.186,361,3147,2593,2587,-1.0947265625,0.962890625,-0.1998291015625
29.187,360,3147,2524,2493,-1.0947265625,0.962890625,-0.1998291015625
29.194,348,3147,2192,2230,-1.658447265625,0.4259033203125,-0.412841796875
29.203,349,3147,2068,2083,-1.47509765625,0.21240234375,-0.31103515625
29.216,346,3147,1874,1912,-1.47509765625,0.21240234375,-0.31103515625
29.224,336,3147,1574,1561,-0.9462890625,0.0355224609375,0.0081787109375
29.233,334,3147,1486,1398,-0.8021240234375,0.150146484375,0.027099609375
29.255,330,3147,1404,1039,-0.8021240234375,0.150146484375,0.027099609375
29.257,324,3147,1249,506,-0.8045654296875,0.4410400390625,-0.20361328125
29.262,322,3147,1160,359,-0.80029296875,0.358154296875,-0.18212890625
29.270,317,2813,1054,354,-0.80029296875,0.358154296875,-0.18212890625
29.294,318,2122,871,346,-0.7845458984375,-0.091796875,-0.1114501953125
29.294,313,1757,815,338,-0.7845458984375,-0.091796875,-0.1114501953125
29.300,316,1590,787,336,-0.7554931640625,-0.1158447265625,-0.1514892578125
29.317,316,1222,710,332,-0.6549072265625,0.2452392578125,-0.117919921875
29.322,315,1173,629,334,-0.6549072265625,0.2452392578125,-0.117919921875
29.350,313,1095,594,334,-0.70751953125,0.3599853515625,-0.0771484375
29.351,308,932,546,329,-0.7369384765625,0.36083984375,-0.030029296875
29.353,310,933,644,328,-0.7369384765625,0.36083984375,-0.030029296875
29.361,306,949,607,332,-0.7222900390625,0.3642578125,-0.0655517578125
29.374,309,1014,642,331,-0.69287109375,0.3580322265625,-0.196533203125
29.391,311,1107,646,333,-0.69287109375,0.3580322265625,-0.196533203125
29.392,313,1153,661,328,-0.6885986328125,0.3179931640625,-0.2222900390625
29.406,312,1351,800,331,-0.724365234375,0.26171875,-0.1734619140625
29.412,313,1478,837,336,-0.724365234375,0.26171875,-0.1734619140625
29.421,315,1659,922,332,-0.7427978515625,0.2191162109375,-0.1387939453125
29.444,314,2244,1029,336,-0.755615234375,0.17578125,-0.1075439453125
29.445,313,2435,1055,334,-0.755615234375,0.17578125,-0.1075439453125
29.455,315,2692,1112,346,-0.7734375,0.224853515625,-0.1072998046875
29.464,319,3147,1196,375,-0.677978515625,0.200927734375,-0.1004638671875
29.472,318,3147,1231,600,-0.677978515625,0.200927734375,-0.1004638671875
29.480,323,3147,1278,936,-0.60595703125,0.1527099609375,-0.090087890625
29.498,327,3147,1450,1535,-0.5462646484375,0.17041015625,-0.04052734375
29.503,332,3147,1715,1789,-0.4765625,0.2449951171875,0.041748046875
29.510,336,3147,1898,2024,-0.45361328125,0.380126953125,0.1114501953125
29.528,347,3147,2217,2400,-0.488037109375,0.5118408203125,0.125244140625
29.540,346,3147,2362,2560,-0.565673828125,0.5560302734375,0.0435791015625
29.554,359,3147,2449,2637,-0.7491455078125,0.5789794921875,-0.103759765625
29.555,349,3147,2567,2759,-1.2940673828125,0.8084716796875,-0.3323974609375
29.563,359,3147,2673,2831,-1.2940673828125,0.8084716796875,-0.3323974609375
29.571,363,3147,2724,2877,-1.633544921875,0.931640625,-0.3572998046875
29.585,363,3147,2832,2962,-2.1507568359375,0.244140625,-0.3255615234375
29.607,370,3147,2870,3003,-2.1507568359375,0.244140625,-0.3255615234375
29.607,379,3147,2854,2954,-1.8701171875,-0.0245361328125,-0.248779296875
29.615,363,3147,2707,2769,-1.2706298828125,0.1212158203125,-0.1478271484375
29.633,362,3147,2722,2842,-0.8707275390625,0.4874267578125,-0.0703125
29.633,363,3147,2704,2789,-0.911376953125,0.6961669921875,-0.1092529296875
29.656,361,3147,2612,2581,-1.2965087890625,0.757080078125,-0.2021484375
29.656,345,3147,2507,2430,-1.7186279296875,0.7401123046875,-0.322998046875
29.672,359,3147,2320,2243,-1.77880859375,0.5850830078125,-0.373291015625
29.675,349,3147,2019,1912,-1.5185546875,0.39111328125,-0.2667236328125
29.683,345,3147,1826,1642,-1.1568603515625,0.272216796875,-0.1102294921875
29.692,338,3147,1678,1341,-0.83642578125,0.277099609375,0.0081787109375
29.716,332,3147,1492,763,-0.641845703125,0.3404541015625,0.08349609375
29.716,328,3147,1388,424,-0.597412109375,0.3883056640625,0.0794677734375
29.735,324,3147,1362,369,-0.6605224609375,0.400634765625,0.020751953125
29.736,318,2463,1262,364,-0.746826171875,0.314697265625,-0.02490234375
29.757,321,1929,1236,343,-0.8209228515625,0.092529296875,-0.0780029296875
29.757,318,1548,1070,334,-0.8511962890625,-0.1417236328125,-0.1280517578125
29.766,315,1280,848,337,-0.8165283203125,-0.1898193359375,-0.13623046875
29.773,313,1146,698,336,-0.740478515625,-0.036865234375,-0.119384765625
29.781,316,1054,646,334,-0.6561279296875,0.1585693359375,-0.1151123046875
29.795,309,963,570,334,-0.6014404296875,0.292236328125,-0.104248046875
29.806,313,951,501,334,-0.578369140625,0.37451171875,-0.0667724609375
29.821,313,975,497,333,-0.564453125,0.4307861328125,-0.0418701171875
29.831,313,1091,571,334,-0.5670166015625,0.4442138671875,-0.049072265625
29.833,313,1201,654,334,-0.5899658203125,0.4140625,-0.0703125
29.863,314,1336,740,336,-0.6239013671875,0.3734130859375,-0.1031494140625
29.864,316,1548,899,334,-0.669189453125,0.3375244140625,-0.1392822265625
29.864,315,1704,906,323,-0.7174072265625,0.2830810546875,-0.1597900390625
29.877,316,1891,1014,338,-0.7545166015625,0.2205810546875,-0.1588134765625
29.886,316,2379,1081,343,-0.768798828125,0.179931640625,-0.145751953125
29.893,316,2601,1183,346,-0.760009765625,0.172119140625,-0.142333984375
29.901,318,2930,1189,351,-0.7529296875,0.2010498046875,-0.15576171875
29.915,321,3147,1239,441,-0.7833251953125,0.2357177734375,-0.1817626953125
29.933,323,3147,1253,630,-0.845458984375,0.26513671875,-0.1812744140625
29.933,327,3147,1294,914,-0.8443603515625,0.2581787109375,-0.1470947265625
30.012,332,3147,1702,1476,-0.749755859375,0.2303466796875,-0.0777587890625
30.012,334,3147,1952,1703,-0.630859375,0.264404296875,0.0364990234375
30.012,346,3147,2202,1996,-0.5133056640625,0.34033203125,0.141357421875
30.012,348,3147,2456,2296,-0.423095703125,0.43212890625,0.209228515625
30.012,356,3147,2560,2490,-0.4140625,0.5321044921875,0.1717529296875
30.012,360,3147,2643,2590,-0.538330078125,0.642333984375,-0.00341796875
30.012,362,3147,2756,2759,-0.8209228515625,0.7938232421875,-0.205322265625
30.013,369,3147,2811,2769,-1.2415771484375,0.9149169921875,-0.313232421875
30.022,363,3147,2897,2758,-1.72021484375,0.76513671875,-0.318603515625
30.039,364,3147,2944,2884,-2.118408203125,0.3397216796875,-0.29638671875
30.043,371,3147,3000,2925,-2.2281494140625,0.0322265625,-0.28466796875
30.062,369,3147,2991,2897,-1.8265380859375,0.044921875,-0.29931640625
30.065,364,3147,2854,2713,-1.1549072265625,0.3736572265625,-0.290283203125
30.073,364,3147,2778,2613,-0.7899169921875,0.7841796875,-0.287353515625
30.082,365,3147,2735,2565,-0.8575439453125,0.8861083984375,-0.2994384765625
30.095,363,3147,2527,2335,-1.245849609375,0.7896728515625,-0.263671875
30.103,363,3147,2409,2247,-1.7545166015625,0.6834716796875,-0.273681640625
30.111,360,3147,2281,2080,-1.9488525390625,0.52392578125,-0.3006591796875
30.125,351,3147,2007,1703,-1.719482421875,0.3818359375,-0.2320556640625
30.145,346,3147,1745,1457,-1.3067626953125,0.2864990234375,-0.112548828125
30.145,321,3147,1453,1109,-0.88427734375,0.1976318359375,0.0123291015625
30.166,328,3147,1209,490,-0.5745849609375,0.174560546875,0.0823974609375
30.166,324,3095,1112,343,-0.4537353515625,0.2283935546875,0.0712890625
30.172,323,2479,1056,359,-0.501220703125,0.240234375,0.048828125
30.185,316,1632,888,344,-0.63671875,0.155029296875,0.010986328125
30.195,315,1283,723,338,-0.739013671875,0.04443359375,-0.087890625
30.201,315,949,631,334,-0.7618408203125,0.03271484375,-0.2091064453125
30.215,314,830,601,334,-0.7088623046875,0.123779296875,-0.27197265625
30.224,314,820,551,331,-0.6279296875,0.209228515625,-0.2869873046875
30.231,310,759,572,334,-0.61083984375,0.2843017578125,-0.2467041015625
30.248,310,721,564,328,-0.6317138671875,0.344970703125,-0.15185546875
30.269,313,711,601,330,-0.6292724609375,0.36767578125,-0.0908203125
30.270,313,723,590,327,-0.6141357421875,0.3814697265625,-0.064697265625
30.275,308,803,625,331,-0.5972900390625,0.3795166015625,-0.04638671875
30.283,310,826,636,328,-0.58837890625,0.362060546875,-0.052978515625
30.291,310,927,644,331,-0.5975341796875,0.3349609375,-0.06884765625
30.307,310,1173,660,328,-0.623779296875,0.285888671875,-0.0845947265625
30.313,313,1424,660,338,-0.6700439453125,0.230712890625,-0.1112060546875
30.321,314,1718,695,336,-0.6700439453125,0.230712890625,-0.1112060546875
30.351,315,2254,772,338,-0.8184814453125,0.2493896484375,-0.1685791015625
30.352,313,2458,840,338,-0.888916015625,0.3031005859375,-0.180908203125
30.352,315,2713,918,310,-0.888916015625,0.3031005859375,-0.180908203125
30.374,315,3121,1001,346,-0.8941650390625,0.3515625,-0.1849365234375
30.377,316,3147,1098,439,-0.8973388671875,0.340576171875,-0.150390625
30.381,318,3147,1157,644,-0.8973388671875,0.340576171875,-0.150390625
30.395,321,3147,1239,1163,-0.7291259765625,0.23486328125,-0.078857421875
30.404,330,3147,1390,1464,-0.574951171875,0.199462890625,-0.00439453125
30.411,334,3147,1636,1779,-0.574951171875,0.199462890625,-0.00439453125
30.425,346,3147,2167,2152,-0.3421630859375,0.2373046875,0.1585693359375
30.433,348,3147,2323,2367,-0.2935791015625,0.3658447265625,0.1624755859375
30.446,354,3147,2407,2514,-0.2935791015625,0.3658447265625,0.1624755859375
30.473,359,3147,2524,2704,-0.7200927734375,0.6522216796875,-0.1331787109375
30.473,360,3147,2627,2793,-1.1370849609375,0.76904296875,-0.410400390625
30.474,363,3147,2700,2837,-1.1370849609375,0.76904296875,-0.410400390625
30.485,363,3147,2741,2919,-1.7760009765625,1.0177001953125,-0.6297607421875
30.494,369,3147,2807,3015,-2.097412109375,0.7677001953125,-0.5010986328125
30.501,365,3147,2850,3051,-2.097412109375,0.7677001953125,-0.5010986328125
30.516,365,3147,2853,3033,-1.6939697265625,-0.209716796875,0.028564453125
30.523,365,3147,2795,2970,-1.6939697265625,-0.209716796875,0.028564453125
30.533,364,3147,2738,2944,-1.06884765625,0.0186767578125,0.20166015625
30.547,364,3147,2727,2887,-1.06103515625,0.9210205078125,-0.213623046875
30.553,363,3147,2724,2808,-1.06103515625,0.9210205078125,-0.213623046875
30.577,363,3147,2664,2699,-1.5126953125,0.88427734375,-0.3641357421875
30.577,363,3147,2379,2361,-1.71240234375,0.39306640625,-0.2769775390625
30.585,359,3147,2178,2128,-1.71240234375,0.39306640625,-0.2769775390625
30.592,351,3147,1925,1957,-1.3707275390625,0.2735595703125,-0.1383056640625
30.605,338,3147,1561,1504,-0.7125244140625,0.3182373046875,0.06689453125
30.613,334,3147,1415,1184,-0.7125244140625,0.3182373046875,0.06689453125
30.621,329,3147,1335,888,-0.581298828125,0.3726806640625,0.077392578125
30.635,324,3147,1251,385,-0.60791015625,0.311767578125,-0.0023193359375
30.654,323,2996,1206,363,-0.60791015625,0.311767578125,-0.0023193359375
30.654,319,2725,1173,352,-0.68994140625,0.174072265625,-0.018798828125
30.677,316,2058,986,345,-0.801025390625,-0.16552734375,-0.1212158203125
30.678,292,1769,887,346,-0.801025390625,-0.16552734375,-0.1212158203125
30.681,315,1719,832,338,-0.758056640625,-0.1109619140625,-0.12646484375
30.695,313,1487,683,338,-0.6463623046875,0.2335205078125,-0.0926513671875
30.704,314,1453,660,342,-0.6463623046875,0.2335205078125,-0.0926513671875
30.711,315,1518,614,338,-0.5711669921875,0.302490234375,-0.064453125
30.725,313,1757,693,338,-0.5078125,0.427001953125,-0.053466796875
30.733,315,1918,763,338,-0.5078125,0.427001953125,-0.053466796875
30.741,315,2161,864,338,-0.53564453125,0.471923828125,-0.079833984375
30.758,309,2620,1000,342,-0.5958251953125,0.431396484375,-0.1014404296875
30.786,316,2856,1032,338,-0.661376953125,0.3394775390625,-0.1185302734375
30.787,316,3056,1091,343,-0.7115478515625,0.2569580078125,-0.1468505859375
30.787,302,3147,1204,535,-0.731689453125,0.1868896484375,-0.156005859375
30.793,318,3147,1318,740,-0.703857421875,0.1265869140625,-0.131591796875
30.801,323,3147,1355,986,-0.6837158203125,0.12353515625,-0.101806640625
30.815,324,3147,1464,1529,-0.707763671875,0.165771484375,-0.08154296875
30.823,331,3147,1711,1733,-0.6669921875,0.15478515625,-0.117431640625
30.833,344,3147,2122,2008,-0.5804443359375,0.162109375,-0.1212158203125
30.845,354,3147,2437,2419,-0.56591796875,0.263916015625,-0.044189453125
30.856,360,3147,2573,2587,-0.58349609375,0.3775634765625,0.0133056640625
30.861,361,3147,2662,2748,-0.617919921875,0.4981689453125,0.045166015625
30.888,363,3147,2876,2891,-0.723876953125,0.633544921875,0.0537109375
30.889,364,3147,2943,2962,-0.922607421875,0.7652587890625,-0.005126953125
30.893,373,3147,3015,3008,-1.2276611328125,0.85986328125,-0.153564453125
30.905,364,3147,3033,3095,-1.59228515625,0.8072509765625,-0.3433837890625
30.913,369,3147,3056,3140,-1.9271240234375,0.602294921875,-0.4949951171875
30.921,371,3147,3072,3141,-2.1033935546875,0.3597412109375,-0.4998779296875
30.935,369,3147,3065,3085,-1.81591796875,0.08251953125,-0.2919921875
30.943,371,3147,2963,3065,-1.163330078125,-0.0130615234375,0.0723876953125
30.958,365,3147,2847,3025,-0.806640625,0.297119140625,0.2322998046875
30.965,369,3147,2833,3040,-0.87060546875,0.7305908203125,0.0169677734375
30.999,371,3147,2793,2991,-1.1593017578125,1.0035400390625,-0.251708984375
30.999,364,3147,2713,2848,-1.5814208984375,0.999267578125,-0.3961181640625
31.000,360,3147,2449,2608,-1.7869873046875,0.757568359375,-0.4068603515625
31.004,361,3147,2222,2430,-1.6353759765625,0.50732421875,-0.29248046875
31.012,355,3147,1961,2217,-1.3125,0.3343505859375,-0.1634521484375
31.025,346,3147,1506,1848,-0.972900390625,0.233154296875,-0.0826416015625
31.033,336,3147,1377,1552,-0.7177734375,0.210693359375,-0.028564453125
31.041,330,3147,1318,1228,-0.6119384765625,0.264892578125,-0.025634765625
31.060,323,3147,1223,736,-0.6358642578125,0.317626953125,-0.065185546875
31.063,323,3147,1183,371,-0.707275390625,0.245849609375,-0.0517578125
31.079,321,2744,1081,336,-0.778564453125,0.0775146484375,-0.0311279296875
31.103,316,2180,943,346,-0.812744140625,-0.0755615234375,-0.126708984375
31.103,317,1846,830,346,-0.78955078125,-0.0919189453125,-0.239013671875
31.103,315,1689,784,338,-0.7210693359375,0.0286865234375,-0.24658203125
31.115,313,1163,675,338,-0.6651611328125,0.148193359375,-0.2069091796875
31.123,313,1189,566,338,-0.6602783203125,0.231689453125,-0.1568603515625
31.131,310,1175,563,342,-0.652099609375,0.3062744140625,-0.091064453125
31.145,314,1155,576,334,-0.6314697265625,0.384521484375,-0.0250244140625
31.153,312,1198,601,334,-0.6162109375,0.437255859375,0.002685546875
31.161,315,1318,594,334,-0.596435546875,0.4205322265625,-0.0284423828125
31.178,313,1561,648,334,-0.58349609375,0.3775634765625,-0.08544921875
31.211,315,1759,799,342,-0.5960693359375,0.3582763671875,-0.12158203125
31.211,316,2012,891,328,-0.6123046875,0.317626953125,-0.1290283203125
31.211,316,2504,1005,347,-0.6207275390625,0.2481689453125,-0.137939453125
31.214,314,2788,1054,338,-0.6478271484375,0.2257080078125,-0.1512451171875
31.222,318,2981,1159,351,-0.6895751953125,0.2515869140625,-0.149658203125
31.235,318,3147,1228,628,-0.709716796875,0.2509765625,-0.154296875
31.243,324,3147,1264,919,-0.7315673828125,0.2347412109375,-0.1778564453125
31.252,327,3147,1330,1290,-0.7708740234375,0.2415771484375,-0.1700439453125
31.265,330,3147,1643,1815,-0.732666015625,0.229248046875,-0.100341796875
31.273,338,3147,1922,2037,-0.609130859375,0.2171630859375,-0.001953125
31.281,346,3147,2153,2233,-0.52392578125,0.293701171875,0.1009521484375
31.299,354,3147,2375,2516,-0.5419921875,0.45361328125,0.1546630859375
31.309,351,3147,2407,2662,-0.7066650390625,0.582763671875,0.052978515625
31.312,356,3147,2417,2840,-1.02587890625,0.636474609375,-0.1876220703125
31.325,359,3147,2498,2939,-1.38671875,0.6732177734375,-0.405029296875
31.333,361,3147,2560,3027,-1.658935546875,0.68896484375,-0.432373046875
31.342,361,3147,2627,3081,-1.761962890625,0.6131591796875,-0.24755859375
31.356,363,3147,2710,3111,-1.673095703125,0.4561767578125,-0.0274658203125
31.368,363,3147,2704,3147,-1.4373779296875,0.343017578125,0.028564453125
31.372,364,3147,2721,3147,-1.1575927734375,0.377197265625,-0.08642578125
31.390,361,3147,2692,3143,-0.96826171875,0.5054931640625,-0.2313232421875
31.407,363,3147,2662,3068,-0.9197998046875,0.581298828125,-0.3011474609375
31.415,364,3147,2662,3003,-0.9404296875,0.5474853515625,-0.2669677734375
31.416,359,3147,2608,2944,-0.9945068359375,0.47607421875,-0.173095703125
31.423,361,3147,2504,2870,-1.13330078125,0.468505859375,-0.1231689453125
31.434,361,3147,2372,2717,-1.13330078125,0.468505859375,-0.1231689453125
31.445,359,3147,2205,2587,-1.235595703125,0.398681640625,-0.0963134765625
31.453,359,3147,2127,2544,-1.0904541015625,0.28759765625,0.0062255859375
31.471,353,3147,2076,2481,-1.0904541015625,0.28759765625,0.0062255859375
31.475,352,3147,1945,2366,-0.7584228515625,0.315185546875,0.0545654296875
31.497,347,3147,1914,2364,-0.69091796875,0.3927001953125,-0.000732421875
31.497,351,3147,1826,2296,-0.69091796875,0.3927001953125,-0.000732421875
31.507,348,3147,1809,2180,-0.7978515625,0.41015625,-0.111572265625
31.513,345,3147,1735,2111,-0.88720703125,0.3653564453125,-0.160400390625
31.521,344,3147,1669,2063,-0.88720703125,0.3653564453125,-0.160400390625
31.535,338,3147,1540,1945,-0.9520263671875,0.2584228515625,-0.1943359375
31.548,334,3147,1477,1865,-0.9227294921875,0.251220703125,-0.1663818359375
31.551,327,3147,1397,1809,-0.9227294921875,0.251220703125,-0.1663818359375
31.572,330,3147,1323,1730,-0.8634033203125,0.36572265625,-0.0888671875
31.574,328,3147,1258,1656,-0.859130859375,0.4010009765625,-0.0712890625
31.587,328,3147,1222,1555,-0.859130859375,0.4010009765625,-0.0712890625
31.602,324,3147,1139,1415,-0.953857421875,0.3963623046875,-0.1142578125
31.604,324,3147,1067,1229,-1.0384521484375,0.3731689453125,-0.173095703125
31.612,323,3147,984,1058,-1.0384521484375,0.3731689453125,-0.173095703125
31.628,323,3147,858,731,-1.0379638671875,0.309326171875,-0.2625732421875
31.633,321,3147,834,543,-0.948486328125,0.279052734375,-0.2589111328125
31.641,321,3147,785,354,-0.948486328125,0.279052734375,-0.2589111328125
31.659,316,2912,757,353,-0.7716064453125,0.2872314453125,-0.212890625
31.664,318,2777,714,346,-0.7716064453125,0.2872314453125,-0.212890625
31.674,318,2579,697,348,-0.7283935546875,0.34716796875,-0.20849609375
31.685,313,2381,660,344,-0.71923828125,0.48876953125,-0.218017578125
31.697,315,2253,654,348,-0.71923828125,0.48876953125,-0.218017578125
31.702,316,2128,578,347,-0.7236328125,0.5257568359375,-0.2222900390625
31.715,316,2068,607,346,-0.74462890625,0.470458984375,-0.212158203125
31.723,316,2048,634,345,-0.74462890625,0.470458984375,-0.212158203125
31.734,315,2001,614,344,-0.7686767578125,0.3837890625,-0.221435546875
31.746,313,2080,582,338,-0.8179931640625,0.2650146484375,-0.2386474609375
31.781,313,2165,614,342,-0.8287353515625,0.2998046875,-0.235107421875
31.781,315,2263,546,338,-0.82177734375,0.37109375,-0.23388671875
31.783,314,2345,566,338,-0.82177734375,0.37109375,-0.23388671875
31.803,314,2407,607,342,-0.8328857421875,0.3541259765625,-0.236328125
31.805,315,2519,571,343,-0.8935546875,0.3408203125,-0.2462158203125
31.814,313,2543,536,338,-0.8935546875,0.3408203125,-0.2462158203125
31.821,313,2601,536,342,-0.9140625,0.3538818359375,-0.2469482421875
31.842,307,2701,485,338,-0.9429931640625,0.4449462890625,-0.2589111328125
31.843,310,2777,400,337,-0.9429931640625,0.4449462890625,-0.2589111328125
31.852,312,2788,411,338,-0.930908203125,0.506103515625,-0.2689208984375
31.865,311,2807,424,336,-0.9119873046875,0.464111328125,-0.239013671875
31.885,312,2797,457,338,-0.9119873046875,0.464111328125,-0.239013671875
31.886,313,2725,466,342,-0.9095458984375,0.43359375,-0.2406005859375
31.908,306,2569,538,336,-0.9051513671875,0.4083251953125,-0.2701416015625
31.909,314,2268,562,322,-0.89404296875,0.352783203125,-0.29833984375
31.912,318,2260,591,336,-0.8726806640625,0.2755126953125,-0.3133544921875
31.925,308,2110,651,334,-0.8438720703125,0.236572265625,-0.375732421875
31.933,310,2130,642,332,-0.8162841796875,0.3074951171875,-0.4669189453125
31.948,313,2041,705,331,-0.8023681640625,0.4427490234375,-0.463623046875
31.955,304,1970,731,332,-0.79931640625,0.50537109375,-0.403076171875
31.964,308,1837,678,334,-0.783447265625,0.49853515625,-0.38330078125
31.972,308,1757,678,332,-0.7713623046875,0.468994140625,-0.3057861328125
31.985,313,1627,785,332,-0.811279296875,0.440673828125,-0.230224609375
32.013,311,1600,829,336,-0.8529052734375,0.46728515625,-0.281005859375
32.013,296,1536,832,334,-0.8251953125,0.51123046875,-0.3323974609375
32.015,313,1401,907,334,-0.78759765625,0.4971923828125,-0.35400390625
32.023,313,1382,951,332,-0.8038330078125,0.478271484375,-0.4022216796875
32.031,312,1377,959,332,-0.83154296875,0.4793701171875,-0.3968505859375
32.045,313,1303,1005,332,-0.849609375,0.435546875,-0.3302001953125
32.057,313,1222,1022,331,-0.8939208984375,0.3665771484375,-0.29638671875
32.061,313,1159,1012,328,-0.9368896484375,0.3394775390625,-0.305419921875
32.082,313,932,1042,331,-0.9422607421875,0.380859375,-0.332763671875
32.083,313,808,1039,330,-0.93359375,0.429443359375,-0.349853515625
32.091,312,687,1055,326,-0.932373046875,0.443115234375,-0.359375
32.116,309,466,1014,325,-0.9298095703125,0.456298828125,-0.3837890625
32.116,310,434,938,327,-0.92626953125,0.4947509765625,-0.4205322265625
32.121,308,463,832,327,-0.93896484375,0.5380859375,-0.4483642578125
32.135,306,487,684,323,-0.9732666015625,0.5712890625,-0.4578857421875
32.144,306,497,651,324,-1.007080078125,0.6029052734375,-0.456298828125
32.151,308,513,648,323,-1.0181884765625,0.6260986328125,-0.450439453125
32.206,299,485,620,323,-1.019775390625,0.62890625,-0.434326171875
32.208,304,473,625,302,-1.0289306640625,0.6226806640625,-0.408447265625
32.208,287,455,644,323,-1.0386962890625,0.6243896484375,-0.3873291015625
32.209,306,433,631,324,-1.0391845703125,0.632080078125,-0.3797607421875
32.209,306,437,632,321,-1.03515625,0.6287841796875,-0.3858642578125
32.227,308,359,639,321,-1.041259765625,0.61767578125,-0.400634765625
32.227,306,390,587,318,-1.058349609375,0.62548828125,-0.41845703125
32.234,304,430,543,319,-1.0679931640625,0.6544189453125,-0.427978515625
32.242,306,424,551,318,-1.0626220703125,0.668212890625,-0.4097900390625
32.255,304,398,594,321,-1.0533447265625,0.637939453125,-0.3577880859375
32.269,304,414,548,321,-1.04638671875,0.571533203125,-0.2896728515625
32.272,301,439,553,321,-1.043212890625,0.510009765625,-0.2310791015625
32.289,306,424,548,321,-1.0428466796875,0.4892578125,-0.200927734375
32.294,302,490,523,319,-1.044677734375,0.501708984375,-0.195068359375
32.319,302,501,545,321,-1.0504150390625,0.518798828125,-0.19384765625
32.319,304,481,533,318,-1.0556640625,0.52490234375,-0.18359375
32.324,302,458,508,321,-1.0543212890625,0.52392578125,-0.163818359375
32.335,298,482,479,319,-1.0430908203125,0.5301513671875,-0.1414794921875
32.345,304,455,526,316,-1.0234375,0.54248046875,-0.11279296875
32.353,306,484,531,318,-0.99462890625,0.5423583984375,-0.0753173828125
32.362,304,497,523,318,-0.9556884765625,0.5186767578125,-0.0413818359375
32.375,302,464,493,316,-0.9075927734375,0.4796142578125,-0.0167236328125
32.393,302,495,509,321,-0.853271484375,0.436279296875,0.005859375
32.393,302,490,470,317,-0.8017578125,0.3929443359375,0.0416259765625
32.420,302,509,466,318,-0.7581787109375,0.3531494140625,0.0927734375
32.420,304,473,454,318,-0.718994140625,0.3260498046875,0.1351318359375
32.422,302,493,440,317,-0.6741943359375,0.3154296875,0.14208984375
32.435,302,482,454,318,-0.6119384765625,0.319580078125,0.1102294921875
32.448,304,490,470,318,-0.53955078125,0.3446044921875,0.0709228515625
32.452,304,482,437,318,-0.48681640625,0.3966064453125,0.0626220703125
32.465,302,465,437,317,-0.470458984375,0.4609375,0.093994140625
32.482,302,470,414,318,-0.477783203125,0.5042724609375,0.14404296875
32.482,304,482,419,317,-0.482177734375,0.5068359375,0.186767578125
32.495,302,514,428,318,-0.4688720703125,0.4791259765625,0.209716796875
32.522,302,485,426,317,-0.4354248046875,0.447265625,0.22265625
32.522,300,497,428,318,-0.399658203125,0.4368896484375,0.2418212890625
32.526,302,514,428,317,-0.386474609375,0.4481201171875,0.26611328125
32.533,302,514,428,316,-0.3746337890625,0.4539794921875,0.2802734375
32.541,304,479,430,318,-0.345703125,0.4498291015625,0.269775390625
32.560,304,481,424,317,-0.322265625,0.4547119140625,0.2467041015625
32.564,300,506,379,322,-0.3236083984375,0.484619140625,0.239990234375
32.572,301,484,402,318,-0.353759765625,0.5440673828125,0.2562255859375
32.597,300,497,385,316,-0.353759765625,0.5440673828125,0.2562255859375
32.597,300,512,371,316,-0.4381103515625,0.666259765625,0.2969970703125
32.603,304,497,371,317,-0.4661865234375,0.6915283203125,0.3046875
32.614,302,537,390,316,-0.4661865234375,0.6915283203125,0.3046875
32.625,302,523,385,318,-0.5145263671875,0.62451171875,0.334228515625
32.637,306,525,370,321,-0.5191650390625,0.552001953125,0.3785400390625
32.641,302,574,373,318,-0.5191650390625,0.552001953125,0.3785400390625
32.654,301,568,376,318,-0.520263671875,0.4747314453125,0.48974609375
32.662,302,564,390,318,-0.54150390625,0.467529296875,0.5228271484375
32.673,302,586,389,321,-0.54150390625,0.467529296875,0.5228271484375
32.684,304,576,376,317,-0.576904296875,0.476806640625,0.5389404296875
32.699,302,575,391,318,-0.576904296875,0.476806640625,0.5389404296875
32.700,301,601,376,317,-0.6004638671875,0.51416015625,0.544189453125
32.714,301,577,382,318,-0.6431884765625,0.621826171875,0.522705078125
32.722,302,591,388,316,-0.6431884765625,0.621826171875,0.522705078125
32.737,302,584,387,318,-0.6514892578125,0.6412353515625,0.508056640625
32.744,302,588,388,318,-0.6566162109375,0.5821533203125,0.511474609375
32.752,302,593,373,318,-0.6566162109375,0.5821533203125,0.511474609375
32.761,302,593,389,318,-0.6622314453125,0.54638671875,0.52734375
32.776,302,604,402,318,-0.6934814453125,0.5462646484375,0.5430908203125
32.786,299,603,400,322,-0.6934814453125,0.5462646484375,0.5430908203125
32.790,302,616,411,318,-0.6995849609375,0.5499267578125,0.53466796875
32.806,302,620,411,316,-0.682373046875,0.5147705078125,0.5299072265625
32.813,302,601,411,318,-0.682373046875,0.5147705078125,0.5299072265625
32.821,304,586,426,318,-0.6690673828125,0.4931640625,0.529541015625
32.847,302,584,400,321,-0.6505126953125,0.516357421875,0.4970703125
32.847,304,574,411,300,-0.6505126953125,0.516357421875,0.4970703125
32.851,302,567,407,318,-0.6549072265625,0.550048828125,0.4686279296875
32.865,302,561,409,317,-0.6861572265625,0.5750732421875,0.4609375
32.873,304,551,404,317,-0.6861572265625,0.5750732421875,0.4609375
32.881,304,553,403,319,-0.6934814453125,0.551513671875,0.4765625
32.930,302,564,401,318,-0.689697265625,0.528076171875,0.4803466796875
32.931,302,546,384,321,-0.6829833984375,0.519775390625,0.464111328125
32.931,300,553,418,321,-0.68017578125,0.5242919921875,0.43310546875
32.931,302,539,424,318,-0.68310546875,0.5328369140625,0.406494140625
32.932,302,523,413,318,-0.6895751953125,0.536865234375,0.3968505859375
32.941,304,533,434,317,-0.694580078125,0.5350341796875,0.3929443359375
32.954,302,548,439,318,-0.6943359375,0.53271484375,0.3785400390625
32.963,302,551,418,318,-0.6910400390625,0.5364990234375,0.3502197265625
32.970,304,541,415,318,-0.6968994140625,0.5533447265625,0.3250732421875
32.984,304,522,424,318,-0.7235107421875,0.58349609375,0.3243408203125
32.993,302,521,423,318,-0.7607421875,0.6109619140625,0.3426513671875
33.036,302,514,416,316,-0.78955078125,0.6141357421875,0.3641357421875
33.037,302,521,391,300,-0.8009033203125,0.5869140625,0.3848876953125
33.037,286,525,418,302,-0.798095703125,0.5465087890625,0.40234375
33.037,301,526,430,316,-0.789794921875,0.5189208984375,0.4090576171875
33.044,304,521,437,318,-0.7890625,0.5142822265625,0.4091796875
33.053,304,525,433,318,-0.802978515625,0.5185546875,0.412353515625
33.061,302,525,431,317,-0.822021484375,0.522705078125,0.4158935546875
33.074,302,532,423,322,-0.8358154296875,0.5404052734375,0.4163818359375
33.083,304,531,424,316,-0.844482421875,0.57666015625,0.4117431640625
33.090,302,531,439,317,-0.8497314453125,0.614013671875,0.399169921875
33.108,302,525,438,318,-0.849609375,0.6334228515625,0.3856201171875
33.135,299,526,413,318,-0.841796875,0.6275634765625,0.381103515625
33.135,302,518,413,318,-0.8336181640625,0.6141357421875,0.3916015625
33.136,302,525,401,317,-0.8370361328125,0.609619140625,0.416748046875
33.143,302,518,390,319,-0.8480224609375,0.5999755859375,0.44140625
33.150,300,519,391,318,-0.853271484375,0.574462890625,0.4449462890625
33.165,300,514,401,317,-0.848388671875,0.549072265625,0.4329833984375
33.173,302,521,388,318,-0.8397216796875,0.548095703125,0.420654296875
33.181,300,523,375,318,-0.831298828125,0.5809326171875,0.4014892578125
33.194,302,531,383,318,-0.826171875,0.6368408203125,0.3746337890625
33.211,302,525,371,318,-0.821533203125,0.6878662109375,0.36083984375
33.211,302,509,388,318,-0.8101806640625,0.712158203125,0.3746337890625
33.249,302,533,418,323,-0.794677734375,0.71240234375,0.41162109375
33.249,304,519,438,318,-0.7750244140625,0.7034912109375,0.4510498046875
33.250,302,525,411,318,-0.7398681640625,0.6602783203125,0.4241943359375
33.255,302,521,426,317,-0.6866455078125,0.5919189453125,0.3800048828125
33.263,302,519,428,318,-0.6768798828125,0.5189208984375,0.4189453125
33.271,302,518,442,318,-0.6556396484375,0.5087890625,0.4522705078125
33.285,302,509,455,316,-0.6065673828125,0.6451416015625,0.4488525390625
33.293,302,525,415,318,-0.6324462890625,0.798095703125,0.4617919921875
33.301,302,512,441,318,-0.672119140625,0.802734375,0.47021484375
33.314,304,512,439,318,-0.6474609375,0.677490234375,0.4664306640625
33.323,302,504,414,317,-0.5848388671875,0.5552978515625,0.474853515625
33.352,302,495,424,316,-0.5394287109375,0.521484375,0.5029296875
33.352,302,495,437,318,-0.5208740234375,0.55419921875,0.5357666015625
33.353,282,479,445,317,-0.5147705078125,0.5858154296875,0.5546875
33.361,302,490,426,318,-0.5118408203125,0.568603515625,0.5533447265625
33.374,302,481,437,316,-0.4913330078125,0.5211181640625,0.53369140625
33.383,304,478,455,316,-0.457763671875,0.4989013671875,0.5025634765625
33.391,302,470,466,316,-0.4508056640625,0.53369140625,0.4776611328125
33.418,304,456,454,318,-0.463623046875,0.622314453125,0.501220703125
33.421,304,484,468,317,-0.4473876953125,0.579833984375,0.529541015625
33.447,302,468,447,318,-0.430908203125,0.52685546875,0.5338134765625
33.448,302,465,473,318,-0.4273681640625,0.5223388671875,0.5150146484375
33.462,302,418,437,323,-0.4332275390625,0.541748046875,0.5054931640625
33.466,289,437,468,316,-0.4420166015625,0.5301513671875,0.5185546875
33.488,302,426,478,316,-0.45263671875,0.5098876953125,0.5177001953125
33.489,302,423,465,318,-0.4683837890625,0.5235595703125,0.490234375
33.495,304,431,486,318,-0.4874267578125,0.56298828125,0.4635009765625
33.502,302,434,484,318,-0.50927734375,0.5911865234375,0.4500732421875
33.518,302,437,491,318,-0.525390625,0.6015625,0.4466552734375
33.524,304,444,497,318,-0.531005859375,0.6094970703125,0.4478759765625
33.545,304,437,495,318,-0.5404052734375,0.6251220703125,0.447998046875
33.552,302,433,497,318,-0.5634765625,0.6337890625,0.45263671875
33.556,304,437,490,318,-0.580810546875,0.61083984375,0.4835205078125
33.563,304,439,485,318,-0.56640625,0.5772705078125,0.5274658203125
33.575,302,430,479,317,-0.5418701171875,0.580078125,0.534912109375
33.584,302,427,498,317,-0.5506591796875,0.623291015625,0.496826171875
33.592,302,393,508,313,-0.59375,0.669189453125,0.44921875
33.601,304,387,501,317,-0.59375,0.669189453125,0.44921875
33.620,302,424,514,318,-0.658935546875,0.7200927734375,0.443359375
33.623,302,433,512,317,-0.6680908203125,0.7230224609375,0.478759765625
33.654,304,430,490,318,-0.6680908203125,0.7230224609375,0.478759765625
33.654,302,428,494,317,-0.6610107421875,0.64794921875,0.516357421875
33.657,304,437,490,316,-0.6519775390625,0.6085205078125,0.5321044921875
33.661,302,439,494,316,-0.6519775390625,0.6085205078125,0.5321044921875
33.674,304,490,487,318,-0.6551513671875,0.6229248046875,0.56103515625
33.687,302,487,487,318,-0.663330078125,0.665771484375,0.5526123046875
33.690,302,484,485,318,-0.663330078125,0.665771484375,0.5526123046875
33.704,302,490,481,318,-0.652587890625,0.692626953125,0.521484375
33.713,302,497,484,321,-0.645263671875,0.7078857421875,0.494384765625
33.721,304,507,481,316,-0.645263671875,0.7078857421875,0.494384765625
33.749,302,508,485,318,-0.63525390625,0.7930908203125,0.437744140625
33.749,304,487,480,318,-0.6396484375,0.821044921875,0.423583984375
33.759,282,499,480,318,-0.6396484375,0.821044921875,0.423583984375
33.765,304,508,466,319,-0.6490478515625,0.7264404296875,0.482421875
33.773,299,519,465,318,-0.6329345703125,0.6724853515625,0.5157470703125
33.781,304,507,440,318,-0.6329345703125,0.6724853515625,0.5157470703125
33.799,302,518,444,318,-0.6392822265625,0.6187744140625,0.586181640625
33.803,302,513,454,318,-0.654541015625,0.6005859375,0.644287109375
33.811,304,519,432,318,-0.654541015625,0.6005859375,0.644287109375
33.825,302,521,400,316,-0.6290283203125,0.552978515625,0.660888671875
33.832,302,514,438,318,-0.6290283203125,0.552978515625,0.660888671875
33.912,302,516,433,318,-0.6204833984375,0.50927734375,0.6239013671875
33.912,301,521,441,318,-0.6287841796875,0.4891357421875,0.570068359375
33.912,299,518,438,318,-0.6287841796875,0.4891357421875,0.570068359375
33.912,302,518,430,318,-0.63427734375,0.49951171875,0.55615234375
33.912,302,484,434,318,-0.6571044921875,0.526123046875,0.5443115234375
33.912,302,497,438,318,-0.6571044921875,0.526123046875,0.5443115234375
33.912,302,485,442,314,-0.6531982421875,0.5130615234375,0.5709228515625
33.914,302,513,423,316,-0.628173828125,0.427978515625,0.6380615234375
33.926,302,497,426,317,-0.628173828125,0.427978515625,0.6380615234375
33.930,302,501,409,317,-0.623291015625,0.4234619140625,0.6334228515625
33.955,302,508,411,317,-0.6241455078125,0.4954833984375,0.6036376953125
33.956,302,495,402,318,-0.6241455078125,0.4954833984375,0.6036376953125
33.960,300,508,409,318,-0.6273193359375,0.519287109375,0.60498046875
33.975,302,518,428,317,-0.6268310546875,0.5142822265625,0.638916015625
33.982,302,514,428,316,-0.6268310546875,0.5142822265625,0.638916015625
33.990,302,519,438,318,-0.6004638671875,0.478759765625,0.6517333984375
34.004,300,517,426,318,-0.5479736328125,0.4404296875,0.6075439453125
