time,compression0,compression1,compression2,compression3,magn_x,magn_y,magn_z,gyro_x,gyro_y,gyro_z,accel_x,accel_y,accel_z
0.001,315,2850,1169,359,-12.0,38.0,7.0,-4.8828125,-14.465331077575684,-0.54931640625,-0.7935791015625,0.25537109375,-0.532958984375
0.002,316,2851,1184,355,-12.0,38.0,7.0,-5.371093273162842,-14.404295921325684,0.2441406100988388,-0.7928466796875,0.253173828125,-0.527099609375
0.009,318,2870,1211,356,-12.0,38.0,7.0,-5.615233898162842,-13.793944358825684,1.2817381620407104,-0.7894287109375,0.2496337890625,-0.522216796875
0.021,318,2861,1222,359,-12.0,38.0,7.0,-5.920409679412842,-12.573241233825684,2.563476324081421,-0.7882080078125,0.241943359375,-0.515625
0.031,316,2876,1241,356,-12.0,38.0,7.0,-6.164550304412842,-10.742186546325684,4.45556640625,-0.787353515625,0.23681640625,-0.507080078125
0.042,318,2886,1241,360,-12.0,38.0,7.0,-6.408690929412842,-8.30078125,6.652831554412842,-0.78173828125,0.240478515625,-0.49267578125
0.047,317,2901,1239,359,-12.0,37.0,6.0,-7.202147960662842,-5.126952648162842,8.97216796875,-0.769775390625,0.24365234375,-0.4681396484375
0.061,319,3000,1266,359,-12.0,37.0,6.0,-8.4228515625,-1.15966796875,11.047362327575684,-0.74609375,0.242431640625,-0.428955078125
0.069,321,3011,1266,360,-12.0,37.0,6.0,-9.8876953125,2.990722417831421,12.878417015075684,-0.702392578125,0.2442626953125,-0.377685546875
0.077,318,3106,1258,362,-12.0,37.0,6.0,-11.413573265075684,7.019042491912842,14.343260765075684,-0.646240234375,0.2470703125,-0.344482421875
0.104,321,3147,1253,497,-12.0,37.0,6.0,-12.512206077575684,10.681151390075684,15.441893577575684,-0.5791015625,0.2484130859375,-0.33984375
0.104,321,3147,1233,766,-12.0,37.0,6.0,-15.258788108825684,13.610838890075684,16.845703125,-0.490478515625,0.2479248046875,-0.3173828125
0.107,316,3147,1223,1038,-12.0,37.0,6.0,-22.155759811401367,14.770506858825684,18.73779296875,-0.3857421875,0.2388916015625,-0.2293701171875
0.128,323,3147,1241,1773,-12.0,37.0,6.0,-31.249998092651367,12.817381858825684,20.324705123901367,-0.2659912109375,0.2249755859375,-0.09521484375
0.129,322,3147,1224,2123,-12.0,37.0,6.0,-38.0859375,5.859374523162842,20.385740280151367,-0.126708984375,0.239990234375,0.01953125
0.145,321,3147,1274,2379,-12.0,37.0,6.0,-43.090816497802734,-9.82666015625,17.51708984375,0.0372314453125,0.3243408203125,0.169677734375
0.151,338,3147,1715,3006,-12.0,35.0,12.0,-53.527828216552734,-37.2314453125,12.268065452575684,0.218017578125,0.3314208984375,0.36181640625
0.159,338,3147,1941,3147,-12.0,35.0,12.0,-62.255855560302734,-69.27490234375,9.6435546875,0.335693359375,0.1905517578125,0.3485107421875
0.167,334,3147,1808,3147,-12.0,35.0,12.0,-49.316402435302734,-86.85301971435547,9.33837890625,0.269775390625,0.0250244140625,-0.13720703125
0.181,343,3147,1943,3147,-12.0,35.0,12.0,-15.686034202575684,-70.61767578125,-2.01416015625,-0.2283935546875,-0.2076416015625,-0.8607177734375
0.189,346,3147,2267,3147,-12.0,35.0,12.0,7.507323741912842,-36.31591796875,-24.719236373901367,-0.9676513671875,0.006591796875,-1.22021484375
0.211,359,3147,2807,3147,-12.0,35.0,12.0,-7.568358898162842,-17.51708984375,-48.461910247802734,-1.4727783203125,0.6600341796875,-1.2933349609375
0.211,447,3147,3147,3147,-12.0,35.0,12.0,-57.006832122802734,-15.808104515075684,-66.2841796875,-1.7315673828125,0.808837890625,-1.204345703125
0.219,731,3147,3147,3147,-12.0,35.0,12.0,-105.95702362060547,-23.132322311401367,-70.1904296875,-2.00634765625,0.6595458984375,-0.78662109375
0.237,689,3147,3147,3147,-12.0,35.0,12.0,-111.20604705810547,-11.596678733825684,-55.114742279052734,-2.7421875,1.189208984375,-1.3231201171875
0.241,799,3147,3147,3147,-9.0,36.0,12.0,-89.96581268310547,24.902341842651367,-39.36767578125,-2.6751708984375,0.595703125,-0.9649658203125
0.250,688,3147,3147,3147,-9.0,36.0,12.0,-66.0400390625,41.870113372802734,-32.3486328125,-1.6053466796875,-0.4466552734375,0.542724609375
0.257,535,3147,3147,3147,-9.0,36.0,12.0,-14.892577171325684,55.541988372802734,-14.465331077575684,-0.875732421875,-0.0833740234375,0.3695068359375
0.271,481,3147,3147,3147,-9.0,36.0,12.0,39.0625,76.72119140625,2.13623046875,-0.5751953125,0.3055419921875,-0.7618408203125
0.279,512,3147,3147,3147,-9.0,36.0,12.0,53.710933685302734,70.3125,-1.220703125,-0.6295166015625,0.5289306640625,-1.5098876953125
0.287,522,3147,3147,3147,-9.0,36.0,12.0,32.40966796875,30.883787155151367,-16.41845703125,-0.791259765625,0.5411376953125,-1.4385986328125
0.320,526,3147,3147,3147,-9.0,36.0,12.0,3.845214605331421,-19.34814453125,-29.907224655151367,-0.9202880859375,0.3861083984375,-1.0067138671875
0.330,537,3147,3147,3147,-9.0,36.0,12.0,-7.202147960662842,-54.016109466552734,-32.958984375,-1.014892578125,0.3402099609375,-0.6326904296875
0.330,525,3147,3147,3147,-9.0,36.0,12.0,-7.202147960662842,-54.016109466552734,-32.958984375,-1.185791015625,0.43994140625,-0.5540771484375
0.376,521,3147,3147,3147,-9.0,36.0,12.0,6.103515148162842,-69.091796875,-24.230955123901367,-1.4869384765625,0.5989990234375,-0.7947998046875
0.377,473,3147,3147,3147,-10.0,35.0,10.0,3.051757574081421,-63.232418060302734,-21.301267623901367,-1.7724609375,0.6385498046875,-1.0234375
0.377,532,3147,3147,3147,-10.0,35.0,10.0,3.051757574081421,-63.232418060302734,-21.301267623901367,-1.8524169921875,0.4844970703125,-0.952880859375
0.377,398,3147,3127,3147,-10.0,35.0,10.0,-23.071287155151367,-50.598140716552734,-13.122557640075684,-1.6878662109375,0.334716796875,-0.7069091796875
0.377,382,3147,3014,3147,-10.0,35.0,10.0,-27.038572311401367,-44.738765716552734,-6.958007335662842,-1.4381103515625,0.3258056640625,-0.5452880859375
0.377,381,3147,2798,3147,-10.0,35.0,10.0,-27.038572311401367,-44.738765716552734,-6.958007335662842,-1.189208984375,0.3580322265625,-0.5047607421875
0.394,371,3147,2555,3147,-10.0,35.0,10.0,-19.1650390625,-23.193357467651367,1.8310545682907104,-0.9302978515625,0.3187255859375,-0.39111328125
0.412,361,3147,2370,3147,-10.0,35.0,10.0,-15.930174827575684,-10.803221702575684,2.25830078125,-0.765625,0.2137451171875,-0.173828125
0.413,346,3147,2330,3147,-10.0,35.0,10.0,-15.930174827575684,-10.803221702575684,2.25830078125,-0.68017578125,0.063720703125,0.015380859375
0.421,345,3147,2190,2419,-10.0,35.0,10.0,-2.990722417831421,3.051757574081421,-9.3994140625,-0.5989990234375,-0.1231689453125,0.0897216796875
0.434,337,3147,1968,1881,-10.0,35.0,10.0,11.047362327575684,5.493163585662842,-15.869139671325684,-0.4912109375,-0.248046875,0.05859375
0.437,332,3147,1770,1228,-11.0,32.0,14.0,11.047362327575684,5.493163585662842,-15.869139671325684,-0.314453125,-0.2755126953125,0.1170654296875
0.451,328,3147,1572,667,-11.0,32.0,14.0,31.982419967651367,-1.5258787870407104,-18.73779296875,-0.145751953125,-0.1900634765625,0.234130859375
0.459,324,3147,1357,384,-11.0,32.0,14.0,33.14208984375,-6.164550304412842,-13.427733421325684,-0.165283203125,0.0186767578125,0.166259765625
0.467,323,2959,1178,371,-11.0,32.0,14.0,33.14208984375,-6.164550304412842,-13.427733421325684,-0.34375,0.2269287109375,-0.075927734375
0.481,319,2645,1117,363,-11.0,32.0,14.0,36.43798828125,-6.958007335662842,-5.737304210662842,-0.4615478515625,0.3192138671875,-0.363525390625
0.489,318,2395,1095,359,-11.0,32.0,14.0,39.306640625,-4.57763671875,-4.8828125,-0.4765625,0.360595703125,-0.5955810546875
0.513,318,2257,1079,359,-11.0,32.0,14.0,39.306640625,-4.57763671875,-4.8828125,-0.4879150390625,0.433349609375,-0.6612548828125
0.513,316,2267,974,348,-11.0,32.0,14.0,35.15625,3.967284917831421,-1.5258787870407104,-0.53857421875,0.4591064453125,-0.5496826171875
0.519,315,2392,976,354,-11.0,32.0,14.0,20.568845748901367,5.554198741912842,-0.54931640625,-0.5966796875,0.4254150390625,-0.3668212890625
0.527,316,2492,1018,356,-11.0,32.0,14.0,20.568845748901367,5.554198741912842,-0.54931640625,-0.6405029296875,0.3919677734375,-0.2408447265625
0.541,314,2793,968,354,-11.0,36.0,17.0,3.601073980331421,0.1220703050494194,1.03759765625,-0.6900634765625,0.3543701171875,-0.2659912109375
0.558,316,2868,977,357,-11.0,36.0,17.0,3.601073980331421,0.1220703050494194,1.03759765625,-0.7396240234375,0.3284912109375,-0.3973388671875
0.558,316,2953,936,359,-11.0,36.0,17.0,6.774901866912842,-1.5869139432907104,0.7934569716453552,-0.7396240234375,0.3284912109375,-0.3973388671875
0.571,314,3066,947,356,-11.0,36.0,17.0,10.498045921325684,0.7934569716453552,0.1220703050494194,-0.76123046875,0.278076171875,-0.4876708984375
0.579,315,3133,918,360,-11.0,36.0,17.0,10.498045921325684,0.7934569716453552,0.1220703050494194,-0.7576904296875,0.237548828125,-0.4093017578125
0.587,316,3147,958,361,-11.0,36.0,17.0,6.286620616912842,2.44140625,-1.03759765625,-0.7576904296875,0.237548828125,-0.4093017578125
0.617,315,3147,1067,409,-11.0,36.0,17.0,-0.0610351525247097,7.324218273162842,1.4648436307907104,-0.7587890625,0.17138671875,-0.333984375
0.617,321,3147,1091,540,-11.0,36.0,17.0,-0.0610351525247097,7.324218273162842,1.4648436307907104,-0.760009765625,0.1583251953125,-0.3564453125
0.619,321,3147,1103,662,-11.0,36.0,17.0,-3.173827886581421,12.023924827575684,6.347655773162842,-0.760009765625,0.1583251953125,-0.3564453125
0.631,321,3147,1214,1054,-9.0,35.0,14.0,-15.624999046325684,24.902341842651367,20.935056686401367,-0.72119140625,0.07763671875,-0.3060302734375
0.641,324,3147,1204,1251,-9.0,35.0,14.0,-15.624999046325684,24.902341842651367,20.935056686401367,-0.6729736328125,-0.014404296875,-0.1917724609375
0.647,332,3147,1351,1417,-9.0,35.0,14.0,-23.498533248901367,32.1044921875,30.273435592651367,-0.6729736328125,-0.014404296875,-0.1917724609375
0.664,336,3147,1638,1973,-9.0,35.0,14.0,-31.494138717651367,27.282712936401367,55.969234466552734,-0.3470458984375,-0.0445556640625,0.1016845703125
0.669,338,3147,1783,2295,-9.0,35.0,14.0,-31.494138717651367,27.282712936401367,55.969234466552734,0.0172119140625,0.17431640625,0.28955078125
0.677,346,3147,1914,2621,-9.0,35.0,14.0,-25.756834030151367,2.868652105331421,59.875484466552734,0.0172119140625,0.17431640625,0.28955078125
0.691,362,3147,2469,3147,-9.0,35.0,14.0,-38.87939453125,-58.959957122802734,21.240232467651367,0.5970458984375,0.75244140625,0.383544921875
0.699,375,3147,2440,3147,-9.0,35.0,14.0,-38.87939453125,-58.959957122802734,21.240232467651367,0.3876953125,0.2030029296875,0.175537109375
0.719,378,3147,2624,3147,-9.0,35.0,14.0,-65.49072265625,-62.805171966552734,8.36181640625,0.3876953125,0.2030029296875,0.175537109375
0.722,387,3147,3147,3147,-9.0,35.0,14.0,8.30078125,-44.494625091552734,-18.37158203125,-0.8997802734375,-0.9210205078125,-0.8604736328125
0.729,509,3147,3147,3147,-9.0,37.0,14.0,8.30078125,-44.494625091552734,-18.37158203125,-1.447265625,0.505126953125,-1.376708984375
0.744,844,3147,3147,3147,-9.0,37.0,14.0,46.813961029052734,-49.316402435302734,-8.6669921875,-1.447265625,0.505126953125,-1.376708984375
0.752,1013,3147,3147,3147,-9.0,37.0,14.0,-57.189937591552734,-54.870601654052734,2.868652105331421,-3.0147705078125,2.431396484375,-2.339111328125
0.775,1067,3147,3147,3147,-9.0,37.0,14.0,-57.189937591552734,-54.870601654052734,2.868652105331421,-3.0147705078125,2.431396484375,-2.339111328125
0.775,1082,3147,3147,3147,-9.0,37.0,14.0,-151.0009765625,-30.334470748901367,-16.54052734375,-3.228759765625,0.9056396484375,-1.4749755859375
0.783,971,3147,3147,3147,-9.0,37.0,14.0,-156.3720703125,-49.682613372802734,-31.616209030151367,-0.7418212890625,-0.47412109375,1.290771484375
0.790,778,3147,3147,3147,-9.0,37.0,14.0,-32.04345703125,-68.78662109375,-12.268065452575684,-0.7418212890625,-0.47412109375,1.290771484375
0.797,735,3147,3147,3147,-9.0,37.0,14.0,94.60448455810547,-21.728513717651367,9.765625,-0.523681640625,0.75048828125,-0.600830078125
0.827,695,3147,3147,3147,-9.0,37.0,14.0,111.57225799560547,15.624999046325684,-6.591796398162842,-1.2174072265625,0.613037109375,-1.573486328125
0.828,625,3147,3147,3147,-9.0,37.0,14.0,42.602535247802734,8.9111328125,-30.395505905151367,-1.2174072265625,0.613037109375,-1.573486328125
0.828,536,3147,3147,3147,-12.0,32.0,20.0,-27.038572311401367,-22.460935592651367,-34.5458984375,-1.5968017578125,0.6995849609375,-1.1439208984375
0.844,378,3147,3147,3147,-12.0,32.0,20.0,-57.373043060302734,-49.011226654052734,-28.747556686401367,-1.965576171875,0.3917236328125,-0.435791015625
0.850,359,3147,3147,3147,-12.0,32.0,20.0,-56.091304779052734,-61.584468841552734,-22.583005905151367,-1.965576171875,0.3917236328125,-0.435791015625
0.863,359,3147,3134,3147,-12.0,32.0,20.0,-37.9638671875,-58.715816497802734,-12.207030296325684,-1.708984375,0.2581787109375,-0.1019287109375
0.874,355,3147,2884,3147,-12.0,32.0,20.0,-17.822265625,-44.982906341552734,-0.7934569716453552,-1.0650634765625,0.551025390625,-0.0240478515625
0.885,352,3147,2769,3147,-12.0,32.0,20.0,-3.112792730331421,-26.794431686401367,2.563476324081421,-1.0650634765625,0.551025390625,-0.0240478515625
0.887,348,3147,2579,3147,-12.0,32.0,20.0,5.859374523162842,-6.469726085662842,-2.929687261581421,-0.799560546875,0.4825439453125,-0.103271484375
0.901,344,3147,2254,3147,-12.0,32.0,20.0,10.192870140075684,14.465331077575684,-10.986327171325684,-0.518310546875,-0.0506591796875,0.0400390625
0.924,338,3147,2133,3118,-12.0,32.0,20.0,11.840819358825684,32.71484375,-14.648436546325684,-0.518310546875,-0.0506591796875,0.0400390625
0.924,332,3147,1891,2757,-12.0,32.0,20.0,15.197752952575684,45.410152435302734,-12.878417015075684,-0.42626953125,-0.3284912109375,0.2188720703125
0.932,329,3147,1474,2117,-14.0,33.0,14.0,28.747556686401367,52.917476654052734,-7.873534679412842,-0.2315673828125,-0.3714599609375,0.0455322265625
0.941,326,3147,1351,1892,-14.0,33.0,14.0,50.048824310302734,52.490230560302734,0.7324218153953552,-0.2315673828125,-0.3714599609375,0.0455322265625
0.948,314,3147,1243,1723,-14.0,33.0,14.0,63.171382904052734,41.015621185302734,10.620116233825684,-0.1370849609375,-0.1302490234375,-0.12451171875
0.963,321,3147,1069,1531,-14.0,33.0,14.0,61.889644622802734,25.512693405151367,17.02880859375,-0.4237060546875,0.52099609375,-0.440185546875
0.970,316,3147,989,1386,-14.0,33.0,14.0,51.696773529052734,12.268065452575684,18.00537109375,-0.4237060546875,0.52099609375,-0.440185546875
0.979,316,3147,957,1331,-14.0,33.0,14.0,37.41455078125,3.784179449081421,12.329100608825684,-0.5118408203125,0.6400146484375,-0.5489501953125
0.997,316,3147,922,1202,-14.0,33.0,14.0,19.8974609375,2.624511480331421,3.723144292831421,-0.617431640625,0.4580078125,-0.4697265625
1.000,315,3147,938,1157,-14.0,33.0,14.0,0.30517578125,5.798339366912842,-2.44140625,-0.617431640625,0.4580078125,-0.4697265625
1.008,316,3147,883,1130,-14.0,33.0,14.0,-15.808104515075684,7.507323741912842,-8.7890625,-0.642822265625,0.3460693359375,-0.3153076171875
1.027,304,3147,913,1103,-11.0,36.0,14.0,-23.803709030151367,6.225585460662842,-16.9677734375,-0.7867431640625,0.3524169921875,-0.1888427734375
1.030,314,3147,933,1063,-11.0,36.0,14.0,-26.123044967651367,3.662109136581421,-22.583005905151367,-0.7867431640625,0.3524169921875,-0.1888427734375
1.039,301,3147,891,992,-11.0,36.0,14.0,-25.573728561401367,2.38037109375,-23.620603561401367,-0.8397216796875,0.3133544921875,-0.17919921875
1.052,310,3147,849,923,-11.0,36.0,14.0,-19.71435546875,4.08935546875,-22.033689498901367,-0.8831787109375,0.2117919921875,-0.2645263671875
1.066,315,3147,859,922,-11.0,36.0,14.0,-9.21630859375,9.70458984375,-18.00537109375,-0.8831787109375,0.2117919921875,-0.2645263671875
1.068,313,3147,854,921,-11.0,36.0,14.0,0.4882812201976776,17.4560546875,-12.207030296325684,-0.8699951171875,0.23828125,-0.30322265625
1.138,315,3147,894,989,-11.0,36.0,14.0,4.94384765625,29.907224655151367,-5.371093273162842,-0.8262939453125,0.224609375,-0.30224609375
1.138,313,3147,887,1014,-11.0,36.0,14.0,3.051757574081421,34.97314453125,-2.990722417831421,-0.7967529296875,0.16943359375,-0.2906494140625
1.150,308,3147,913,1147,-11.0,36.0,14.0,2.563476324081421,41.320796966552734,1.5258787870407104,-0.75,0.1158447265625,-0.2830810546875
1.150,312,3147,936,1266,-8.0,37.0,13.0,3.356933355331421,49.987789154052734,8.36181640625,-0.711181640625,0.0792236328125,-0.2740478515625
1.150,315,3147,955,1386,-8.0,37.0,13.0,3.906249761581421,59.570308685302734,16.29638671875,-0.6893310546875,0.0440673828125,-0.234375
1.150,316,3147,1026,1677,-8.0,37.0,13.0,3.173827886581421,66.58935546875,24.719236373901367,-0.660400390625,0.018798828125,-0.151611328125
1.163,321,3147,1151,1880,-8.0,37.0,13.0,4.2724609375,66.89453125,34.48486328125,-0.5833740234375,0.0728759765625,-0.0869140625
1.168,324,3147,1328,2220,-8.0,37.0,13.0,11.474608421325684,53.833003997802734,42.907711029052734,-0.3685302734375,0.20556640625,-0.0133056640625
1.177,333,3147,1869,2704,-8.0,37.0,13.0,19.8974609375,23.376462936401367,39.12353515625,0.0081787109375,0.3807373046875,0.1136474609375
1.212,338,3147,2093,3077,-8.0,37.0,13.0,16.11328125,-15.502928733825684,15.258788108825684,0.3934326171875,0.6541748046875,0.1715087890625
1.213,352,3147,2366,3147,-8.0,37.0,13.0,-22.033689498901367,-43.395992279052734,-16.90673828125,0.536376953125,0.956787109375,0.1395263671875
1.213,357,3147,2541,3147,-8.0,37.0,13.0,-94.72655487060547,-51.879878997802734,-32.470703125,0.4359130859375,0.6856689453125,0.021728515625
1.241,364,3147,2822,3147,-9.0,35.0,14.0,-84.65575408935547,-44.982906341552734,-56.091304779052734,-0.5511474609375,-1.581787109375,-0.801025390625
1.281,430,3147,3147,3147,-9.0,35.0,14.0,-17.578125,-43.701168060302734,-46.508785247802734,-1.235595703125,-0.3988037109375,-1.03271484375
1.282,814,3147,3147,3147,-9.0,35.0,14.0,5.859374523162842,-48.645015716552734,-12.145995140075684,-1.7755126953125,1.329345703125,-1.2791748046875
1.282,788,3147,3147,3147,-9.0,35.0,14.0,-31.738279342651367,-52.551265716552734,2.0751953125,-2.5372314453125,2.3236083984375,-1.6639404296875
1.283,895,3147,3147,3147,-9.0,35.0,14.0,-105.52977752685547,-16.357421875,-6.164550304412842,-3.314453125,1.6390380859375,-1.8720703125
1.283,853,3147,3147,3147,-9.0,35.0,14.0,-132.6904296875,7.934569835662842,-28.869626998901367,-2.66455078125,-0.548828125,-0.0706787109375
1.283,754,3147,3147,3147,-9.0,35.0,14.0,-49.499507904052734,-5.310058116912842,-26.977537155151367,-1.2838134765625,-0.8223876953125,1.4798583984375
1.299,445,3147,3147,3147,-9.0,35.0,14.0,74.21875,18.49365234375,1.4648436307907104,-0.7039794921875,0.339599609375,0.3055419921875
1.300,424,3147,3147,3147,-9.0,35.0,14.0,131.04248046875,54.321285247802734,2.990722417831421,-0.70654296875,0.6868896484375,-1.3436279296875
1.308,484,3147,3147,3147,-9.0,35.0,14.0,101.01317596435547,52.185054779052734,-15.930174827575684,-0.8785400390625,0.65625,-1.9063720703125
1.336,391,3147,3147,3147,-6.0,35.0,14.0,39.00146484375,16.2353515625,-29.357908248901367,-1.1500244140625,0.7294921875,-1.6890869140625
1.336,373,3147,3144,3147,-6.0,35.0,14.0,-10.437010765075684,-23.071287155151367,-34.0576171875,-1.58740234375,0.75439453125,-1.36767578125
1.339,330,3147,3078,3147,-6.0,35.0,14.0,-40.649410247802734,-46.020503997802734,-34.36279296875,-1.9080810546875,0.5223388671875,-0.886962890625
1.353,363,3147,2930,3147,-6.0,35.0,14.0,-50.842281341552734,-50.292964935302734,-27.587888717651367,-1.9398193359375,0.252197265625,-0.3173828125
1.361,361,3147,2861,3147,-6.0,35.0,14.0,-39.61181640625,-41.625972747802734,-16.357421875,-1.7413330078125,0.109130859375,0.0184326171875
1.374,361,3147,2677,3147,-6.0,35.0,14.0,-14.709471702575684,-27.282712936401367,-4.8828125,-1.4451904296875,0.16748046875,-0.0025634765625
1.383,348,3147,2292,3147,-6.0,35.0,14.0,9.70458984375,-11.901854515075684,4.69970703125,-1.101318359375,0.280029296875,-0.17138671875
1.392,347,3147,2085,3147,-6.0,35.0,14.0,24.108884811401367,2.50244140625,9.765625,-0.816650390625,0.2562255859375,-0.2540283203125
1.400,344,3147,1974,3147,-6.0,35.0,14.0,28.259275436401367,15.502928733825684,9.94873046875,-0.631591796875,0.157958984375,-0.1844482421875
1.414,344,3147,2048,3147,-7.0,35.0,20.0,25.695798873901367,25.634763717651367,6.469726085662842,-0.481201171875,0.024658203125,0.0020751953125
1.467,337,3147,1834,2876,-7.0,35.0,20.0,24.047849655151367,33.50830078125,0.4882812201976776,-0.4027099609375,-0.1805419921875,0.152099609375
1.467,332,3147,1429,2424,-7.0,35.0,20.0,32.2265625,37.53662109375,-2.807616949081421,-0.37158203125,-0.2960205078125,0.1397705078125
1.487,324,3147,1204,1183,-7.0,35.0,20.0,54.748531341552734,-8.30078125,7.019042491912842,-0.4771728515625,0.43359375,-0.462890625
1.487,322,3147,1151,1009,-7.0,35.0,20.0,46.630855560302734,-13.366698265075684,1.9531248807907104,-0.61962890625,0.4439697265625,-0.6041259765625
1.488,318,3147,1132,869,-7.0,35.0,20.0,38.14697265625,-11.596678733825684,-0.30517578125,-0.715576171875,0.3876953125,-0.6455078125
1.502,319,3147,1125,644,-7.0,35.0,20.0,29.846189498901367,-7.080077648162842,1.7700194120407104,-0.734375,0.3203125,-0.5404052734375
1.518,322,3147,1143,552,-8.0,35.0,14.0,20.385740280151367,-4.8828125,1.8310545682907104,-0.727294921875,0.2315673828125,-0.3660888671875
1.518,323,3147,1120,484,-8.0,35.0,14.0,14.770506858825684,-4.5166015625,-0.9765624403953552,-0.77587890625,0.2052001953125,-0.219970703125
1.541,322,3147,1129,359,-8.0,35.0,14.0,14.526366233825684,-4.0283203125,0.1831054538488388,-0.8260498046875,0.2694091796875,-0.1549072265625
1.541,323,3115,1117,356,-8.0,35.0,14.0,16.11328125,-3.417968511581421,5.310058116912842,-0.818115234375,0.3154296875,-0.1627197265625
1.550,322,3104,1169,361,-8.0,35.0,14.0,18.4326171875,-4.33349609375,7.080077648162842,-0.72509765625,0.34716796875,-0.240234375
1.562,323,3147,1132,354,-8.0,35.0,14.0,17.333984375,-10.131834983825684,-0.9765624403953552,-0.6746826171875,0.380615234375,-0.3623046875
1.571,318,3137,1083,359,-8.0,35.0,14.0,9.765625,-13.977049827575684,-14.160155296325684,-0.785400390625,0.32177734375,-0.4200439453125
1.578,321,3110,1115,354,-8.0,35.0,14.0,9.765625,-13.977049827575684,-14.160155296325684,-0.850341796875,0.2279052734375,-0.3988037109375
1.592,321,3121,1071,356,-8.0,35.0,14.0,5.432128429412842,-0.2441406100988388,-10.986327171325684,-0.782958984375,0.1737060546875,-0.366943359375
1.601,322,3147,1083,359,-8.0,35.0,14.0,7.324218273162842,6.530761241912842,-4.638671875,-0.7354736328125,0.1190185546875,-0.337158203125
1.608,316,3147,1104,386,-9.0,33.0,19.0,7.324218273162842,6.530761241912842,-4.638671875,-0.7344970703125,0.0560302734375,-0.2965087890625
1.623,321,3147,1093,593,-9.0,33.0,19.0,4.82177734375,15.991209983825684,6.530761241912842,-0.732666015625,0.029296875,-0.265380859375
1.641,323,3147,1148,826,-9.0,33.0,19.0,0.9155272841453552,21.545408248901367,13.183592796325684,-0.714599609375,0.0628662109375,-0.27880859375
1.641,318,3147,1182,1074,-9.0,33.0,19.0,0.9155272841453552,21.545408248901367,13.183592796325684,-0.70654296875,0.05419921875,-0.288330078125
1.652,319,3147,1269,1480,-9.0,33.0,19.0,-15.563963890075684,30.822751998901367,27.832029342651367,-0.6883544921875,-0.056396484375,-0.197998046875
1.660,323,3147,1348,1770,-9.0,33.0,19.0,-10.803221702575684,32.28759765625,47.912593841552734,-0.563720703125,-0.0941162109375,-0.0518798828125
1.683,323,3147,1453,2085,-9.0,33.0,19.0,-10.803221702575684,32.28759765625,47.912593841552734,-0.2886962890625,0.0860595703125,0.08154296875
1.683,331,3147,1844,2727,-9.0,33.0,19.0,21.667478561401367,-8.11767578125,56.701656341552734,0.0576171875,0.4324951171875,0.1461181640625
1.690,329,3147,2093,3068,-9.0,33.0,19.0,9.82666015625,-38.63525390625,29.418943405151367,0.376220703125,0.9083251953125,0.017333984375
1.698,344,3147,2215,3147,-9.0,33.0,19.0,9.82666015625,-38.63525390625,29.418943405151367,0.545166015625,1.4185791015625,-0.164794921875
1.712,344,3147,2478,3147,-7.0,32.0,14.0,-138.61083984375,-67.7490234375,-18.5546875,0.353759765625,1.13525390625,-0.1761474609375
1.726,359,3147,2758,3147,-7.0,32.0,14.0,-199.09666442871094,-62.011714935302734,-38.6962890625,-0.168212890625,-0.724365234375,-0.2659912109375
1.745,359,3147,3010,3147,-7.0,32.0,14.0,-199.09666442871094,-62.011714935302734,-38.6962890625,-0.8262939453125,-2.1234130859375,-0.35498046875
1.745,432,3147,3147,3147,-7.0,32.0,14.0,-66.5283203125,-45.776363372802734,-50.842281341552734,-1.41357421875,-0.999267578125,-0.36572265625
1.750,710,3147,3147,3147,-7.0,32.0,14.0,-9.765625,-49.377437591552734,-3.112792730331421,-1.87158203125,0.9932861328125,-0.6978759765625
1.758,840,3147,3147,3147,-7.0,32.0,14.0,-9.765625,-49.377437591552734,-3.112792730331421,-2.6773681640625,2.4874267578125,-1.5677490234375
1.772,879,3147,3147,3147,-7.0,32.0,14.0,-64.88037109375,-13.732909202575684,23.803709030151367,-3.33447265625,1.639404296875,-2.001708984375
1.790,933,3147,3147,3147,-7.0,32.0,14.0,-86.30370330810547,-8.36181640625,-3.540038824081421,-2.346435546875,-0.7032470703125,-0.147216796875
1.791,859,3147,3147,3147,-7.0,32.0,14.0,-86.30370330810547,-8.36181640625,-3.540038824081421,-2.346435546875,-0.7032470703125,-0.147216796875
1.802,607,3147,3147,3147,-7.0,32.0,14.0,92.10204315185547,-9.70458984375,12.756346702575684,-0.553955078125,0.7342529296875,-0.063232421875
1.810,605,3147,3147,3147,-5.0,33.0,16.0,92.10204315185547,-9.70458984375,12.756346702575684,-0.830078125,0.8890380859375,-1.408447265625
1.818,630,3147,3147,3147,-5.0,33.0,16.0,118.10301971435547,30.029294967651367,3.112792730331421,-0.830078125,0.8890380859375,-1.408447265625
1.846,600,3147,3147,3147,-5.0,33.0,16.0,-2.563476324081421,0.3662109076976776,-29.907224655151367,-1.5308837890625,0.6512451171875,-1.343017578125
1.847,473,3147,3147,3147,-5.0,33.0,16.0,-2.563476324081421,0.3662109076976776,-29.907224655151367,-1.93212890625,0.64599609375,-1.0313720703125
1.849,379,3147,3147,3147,-5.0,33.0,16.0,-36.68212890625,-31.127927780151367,-27.404783248901367,-1.93212890625,0.64599609375,-1.0313720703125
1.862,363,3147,3082,3147,-5.0,33.0,16.0,-45.776363372802734,-44.433589935302734,-13.183592796325684,-1.906005859375,0.2216796875,-0.0426025390625
1.870,361,3147,2909,3147,-5.0,33.0,16.0,-45.776363372802734,-44.433589935302734,-13.183592796325684,-1.62451171875,0.2286376953125,0.1636962890625
1.885,359,3147,2619,3147,-5.0,33.0,16.0,-28.686521530151367,-27.038572311401367,-3.906249761581421,-1.62451171875,0.2286376953125,0.1636962890625
1.899,348,3147,2321,3147,-5.0,33.0,16.0,13.000487327575684,20.01953125,12.451170921325684,-0.9886474609375,0.3106689453125,-0.0634765625
1.901,346,3147,2170,3147,-5.0,33.0,16.0,13.000487327575684,20.01953125,12.451170921325684,-0.750732421875,0.2529296875,-0.1708984375
1.908,342,3147,2126,3147,-7.0,32.0,13.0,25.512693405151367,39.00146484375,13.793944358825684,-0.750732421875,0.2529296875,-0.1708984375
1.922,332,3147,1925,2787,-7.0,32.0,13.0,35.33935546875,59.692378997802734,2.44140625,-0.3192138671875,-0.2490234375,0.172607421875
1.930,328,3147,1541,2180,-7.0,32.0,13.0,35.33935546875,59.692378997802734,2.44140625,-0.107177734375,-0.538330078125,0.3018798828125
1.949,328,3147,1452,1789,-7.0,32.0,13.0,47.119136810302734,62.866207122802734,-3.906249761581421,-0.107177734375,-0.538330078125,0.3018798828125
1.953,328,3147,1330,1320,-7.0,32.0,13.0,83.98436737060547,42.968746185302734,0.9155272841453552,0.0567626953125,-0.04931640625,-0.1214599609375
1.961,327,3147,1278,1094,-7.0,32.0,13.0,83.98436737060547,42.968746185302734,0.9155272841453552,-0.1834716796875,0.3758544921875,-0.4681396484375
1.970,324,3147,1175,934,-7.0,32.0,13.0,84.71678924560547,19.1650390625,3.234863042831421,-0.1834716796875,0.3758544921875,-0.4681396484375
1.991,321,3147,1108,714,-7.0,32.0,13.0,51.513668060302734,-17.9443359375,-6.347655773162842,-0.669189453125,0.5428466796875,-0.73583984375
1.993,323,3147,1076,629,-7.0,32.0,13.0,51.513668060302734,-17.9443359375,-6.347655773162842,-0.7200927734375,0.531494140625,-0.68896484375
1.998,321,3147,1078,473,-7.0,32.0,13.0,34.5458984375,-19.287109375,-0.7934569716453552,-0.7200927734375,0.531494140625,-0.68896484375
2.012,321,3147,1175,353,-9.0,34.0,17.0,19.04296875,-16.2353515625,4.2724609375,-0.6280517578125,0.29296875,-0.19970703125
2.020,323,3147,1178,351,-9.0,34.0,17.0,1.0986328125,-15.930174827575684,-1.8310545682907104,-0.6280517578125,0.29296875,-0.19970703125
2.028,323,3147,1225,356,-9.0,34.0,17.0,-10.864256858825684,-17.02880859375,-12.084959983825684,-0.6661376953125,0.1798095703125,0.0181884765625
2.052,323,3147,1236,487,-9.0,34.0,17.0,-10.620116233825684,-16.6015625,-16.7236328125,-0.8231201171875,0.2510986328125,-0.0538330078125
2.053,323,3147,1261,539,-9.0,34.0,17.0,-3.540038824081421,-13.671874046325684,-15.869139671325684,-0.8231201171875,0.2510986328125,-0.0538330078125
2.058,323,3147,1236,582,-9.0,34.0,17.0,1.5869139432907104,-8.9111328125,-12.878417015075684,-0.8900146484375,0.275634765625,-0.2081298828125
2.073,323,3147,1189,646,-9.0,34.0,17.0,2.13623046875,-2.746581792831421,-9.21630859375,-0.8804931640625,0.237548828125,-0.3302001953125
2.080,321,3147,1157,653,-9.0,34.0,17.0,-0.1831054538488388,4.5166015625,-6.103515148162842,-0.8804931640625,0.237548828125,-0.3302001953125
2.090,323,3147,1202,703,-9.0,34.0,17.0,-2.990722417831421,12.268065452575684,-4.39453125,-0.8720703125,0.186767578125,-0.28955078125
2.102,323,3147,1206,802,-5.0,32.0,17.0,-4.69970703125,20.202634811401367,-2.929687261581421,-0.8653564453125,0.1033935546875,-0.2410888671875
2.111,322,3147,1184,849,-5.0,32.0,17.0,-4.57763671875,27.709959030151367,-0.2441406100988388,-0.8653564453125,0.1033935546875,-0.2410888671875
2.125,323,3147,1217,922,-5.0,32.0,17.0,-2.25830078125,34.60693359375,4.57763671875,-0.8502197265625,0.0926513671875,-0.270263671875
2.135,321,3147,1184,1089,-5.0,32.0,17.0,1.0986328125,41.320796966552734,11.596678733825684,-0.77001953125,0.0765380859375,-0.304931640625
2.153,321,3147,1185,1229,-5.0,32.0,17.0,2.50244140625,48.034664154052734,20.202634811401367,-0.77001953125,0.0765380859375,-0.304931640625
2.153,323,3147,1183,1393,-5.0,32.0,17.0,0.7324218153953552,53.588863372802734,29.785154342651367,-0.69384765625,0.07763671875,-0.30029296875
2.162,327,3147,1318,1745,-5.0,32.0,17.0,-3.051757574081421,55.969234466552734,39.4287109375,-0.546142578125,0.258056640625,-0.2449951171875
2.170,327,3147,1411,1970,-5.0,32.0,17.0,-8.60595703125,53.405757904052734,47.424312591552734,-0.546142578125,0.258056640625,-0.2449951171875
2.178,328,3147,1533,2233,-5.0,32.0,17.0,-17.39501953125,43.823238372802734,52.307125091552734,-0.409912109375,0.3094482421875,-0.143798828125
2.192,338,3147,1838,2769,-5.0,32.0,17.0,-28.808591842651367,23.925779342651367,50.476070404052734,0.215087890625,0.446044921875,0.149658203125
2.201,338,3147,2132,3126,-9.0,33.0,14.0,-41.076656341552734,-6.591796398162842,36.865234375,0.215087890625,0.446044921875,0.149658203125
2.208,351,3147,2242,3147,-9.0,33.0,14.0,-61.035152435302734,-36.92626953125,14.465331077575684,0.4571533203125,0.7037353515625,0.122314453125
2.222,356,3147,2386,3147,-9.0,33.0,14.0,-93.81102752685547,-53.222652435302734,-5.249022960662842,0.3565673828125,0.555908203125,-0.0076904296875
2.236,356,3147,2481,3147,-9.0,33.0,14.0,-115.41747283935547,-51.513668060302734,-22.888181686401367,-0.0914306640625,-0.43701171875,-0.1898193359375
2.265,348,3147,2700,3147,-9.0,33.0,14.0,-99.18212127685547,-36.376953125,-39.794921875,-0.5711669921875,-1.2816162109375,-0.2969970703125
2.266,361,3147,3092,3147,-9.0,33.0,14.0,-59.082027435302734,-20.935056686401367,-34.423828125,-0.965576171875,-0.6396484375,-0.36279296875
2.267,426,3147,3147,3147,-9.0,33.0,14.0,-29.968259811401367,-15.258788108825684,-3.234863042831421,-1.4525146484375,0.83056640625,-0.7803955078125
2.269,570,3147,3147,3147,-9.0,33.0,14.0,-33.0810546875,-19.59228515625,19.04296875,-2.1368408203125,1.7601318359375,-1.3323974609375
2.282,605,3147,3147,3147,-9.0,33.0,14.0,-67.07763671875,-14.953612327575684,18.5546875,-3.11328125,2.052734375,-2.117431640625
2.295,578,3147,3147,3147,-9.0,33.0,14.0,-99.42626190185547,0.6103515625,-0.4882812201976776,-3.0120849609375,0.4300537109375,-1.311279296875
2.298,548,3147,3147,3147,-5.0,35.0,11.0,-60.913082122802734,-23.193357467651367,-21.606443405151367,-1.615234375,-1.089111328125,1.04736328125
2.312,391,3147,3147,3147,-5.0,35.0,11.0,39.55078125,-32.65380859375,-9.09423828125,-0.7344970703125,-0.21728515625,1.2236328125
2.320,360,3147,3147,3147,-5.0,35.0,11.0,111.63329315185547,12.329100608825684,9.3994140625,-0.7076416015625,0.7471923828125,-0.4876708984375
2.328,362,3147,3147,3147,-5.0,35.0,11.0,110.16844940185547,40.771480560302734,-5.859374523162842,-0.9676513671875,0.7930908203125,-1.561767578125
2.366,418,3147,3147,3147,-5.0,35.0,11.0,62.072750091552734,29.602048873901367,-28.076169967651367,-1.3485107421875,0.666748046875,-1.6502685546875
2.367,362,3147,3147,3147,-5.0,35.0,11.0,16.845703125,-2.0751953125,-32.470703125,-1.89013671875,0.76123046875,-1.4844970703125
2.367,336,3147,3094,3147,-5.0,35.0,11.0,-14.587401390075684,-29.785154342651367,-25.756834030151367,-2.182373046875,0.5484619140625,-1.09033203125
2.373,361,3147,2949,3147,-5.0,35.0,11.0,-32.40966796875,-41.381832122802734,-13.488768577575684,-2.0054931640625,0.1954345703125,-0.450927734375
2.381,356,3147,2828,3147,-5.0,35.0,11.0,-27.343748092651367,-32.77587890625,3.234863042831421,-1.60791015625,0.1065673828125,0.0250244140625
2.389,348,3147,2551,3147,-5.0,35.0,11.0,-5.371093273162842,-11.779784202575684,16.05224609375,-1.241455078125,0.2703857421875,0.0899658203125
2.402,347,3147,2268,3147,-2.0,33.0,16.0,15.808104515075684,10.559081077575684,21.911619186401367,-0.9354248046875,0.4083251953125,-0.0841064453125
2.410,347,3147,2145,3147,-2.0,33.0,16.0,27.099607467651367,26.489255905151367,20.629880905151367,-0.6724853515625,0.3839111328125,-0.1884765625
2.419,338,3147,2226,3147,-2.0,33.0,16.0,30.639646530151367,33.447265625,12.390135765075684,-0.5133056640625,0.2728271484375,-0.1319580078125
2.432,338,3147,1855,2934,-2.0,33.0,16.0,31.677244186401367,30.090330123901367,1.220703125,-0.3726806640625,0.0347900390625,0.0499267578125
2.440,333,3147,1650,2473,-2.0,33.0,16.0,39.61181640625,20.263669967651367,-8.9111328125,-0.233154296875,-0.25,0.113037109375
2.463,330,3147,1627,2028,-2.0,33.0,16.0,57.800289154052734,11.291502952575684,-13.427733421325684,-0.1494140625,-0.2860107421875,-0.0665283203125
2.471,330,3147,1452,1455,-2.0,33.0,16.0,72.8759765625,1.7089842557907104,-12.573241233825684,-0.098876953125,-0.107177734375,-0.294677734375
2.471,327,3147,1390,1231,-2.0,33.0,16.0,73.66943359375,-9.94873046875,-12.390135765075684,-0.2342529296875,0.0943603515625,-0.4453125
2.479,328,3147,1365,1000,-2.0,33.0,16.0,63.293453216552734,-19.8974609375,-12.451170921325684,-0.50244140625,0.2159423828125,-0.4676513671875
2.492,321,3147,1253,688,-8.0,36.0,17.0,52.673336029052734,-22.949216842651367,-8.11767578125,-0.6759033203125,0.248291015625,-0.4296875
2.500,321,3147,1236,562,-8.0,36.0,17.0,49.072261810302734,-17.08984375,2.25830078125,-0.7335205078125,0.306640625,-0.3800048828125
2.508,323,3147,1243,454,-8.0,36.0,17.0,48.095699310302734,-8.6669921875,13.061522483825684,-0.705322265625,0.343017578125,-0.2572021484375
2.523,322,3147,1239,359,-8.0,36.0,17.0,42.663570404052734,-2.990722417831421,17.578125,-0.6605224609375,0.27880859375,-0.0892333984375
2.530,322,3147,1239,359,-8.0,36.0,17.0,35.2783203125,0.2441406100988388,18.37158203125,-0.6405029296875,0.2362060546875,0.02001953125
2.538,323,3147,1236,372,-8.0,36.0,17.0,31.616209030151367,1.9531248807907104,20.01953125,-0.6357421875,0.3218994140625,0.003662109375
2.563,323,3147,1234,468,-8.0,36.0,17.0,30.578611373901367,2.929687261581421,20.812986373901367,-0.65869140625,0.4710693359375,-0.1241455078125
2.563,321,3147,1220,574,-8.0,36.0,17.0,24.414060592651367,3.662109136581421,15.930174827575684,-0.7125244140625,0.537109375,-0.2677001953125
2.581,319,3147,1189,665,-8.0,36.0,17.0,9.6435546875,5.371093273162842,6.408690929412842,-0.752197265625,0.453125,-0.336669921875
2.585,321,3147,1160,797,-8.0,36.0,17.0,-7.019042491912842,10.559081077575684,-2.01416015625,-0.7645263671875,0.3001708984375,-0.3726806640625
2.592,321,3147,1175,864,-9.0,33.0,14.0,-16.29638671875,19.6533203125,-5.981444835662842,-0.7845458984375,0.1954345703125,-0.416015625
2.606,321,3147,1184,899,-9.0,33.0,14.0,-18.98193359375,29.418943405151367,-6.347655773162842,-0.81689453125,0.156005859375,-0.408935546875
2.612,323,3147,1198,999,-9.0,33.0,14.0,-20.812986373901367,36.865234375,-4.82177734375,-0.853515625,0.1529541015625,-0.3548583984375
2.620,323,3147,1222,1014,-9.0,33.0,14.0,-21.301267623901367,41.687007904052734,-2.563476324081421,-0.882568359375,0.1778564453125,-0.3243408203125
2.628,321,3147,1268,1067,-9.0,33.0,14.0,-18.85986328125,44.738765716552734,-0.4272460639476776,-0.8955078125,0.2149658203125,-0.3428955078125
2.642,323,3147,1366,1122,-9.0,33.0,14.0,-15.075682640075684,47.302242279052734,1.3427733182907104,-0.882568359375,0.2340087890625,-0.3798828125
2.668,323,3147,1397,1216,-9.0,33.0,14.0,-12.695311546325684,49.377437591552734,2.929687261581421,-0.831787109375,0.2142333984375,-0.3892822265625
2.668,328,3147,1428,1349,-9.0,33.0,14.0,-14.892577171325684,49.377437591552734,4.94384765625,-0.7388916015625,0.167724609375,-0.3355712890625
2.672,330,3147,1509,1613,-9.0,33.0,14.0,-21.972654342651367,45.959468841552734,8.1787109375,-0.6217041015625,0.1402587890625,-0.2572021484375
2.693,332,3147,1611,1855,-9.0,33.0,14.0,-29.052732467651367,40.344234466552734,13.610838890075684,-0.5234375,0.1866455078125,-0.19384765625
2.694,334,3147,1761,2124,-8.0,36.0,14.0,-33.935546875,29.968259811401367,19.8974609375,-0.364501953125,0.2510986328125,-0.0908203125
2.707,338,3147,2030,2652,-8.0,36.0,14.0,-38.2080078125,10.314940452575684,23.071287155151367,-0.055908203125,0.273681640625,0.0447998046875
2.710,347,3147,2244,3012,-8.0,36.0,14.0,-45.654293060302734,-15.624999046325684,21.667478561401367,0.3072509765625,0.3607177734375,0.107421875
2.719,355,3147,2458,3147,-8.0,36.0,14.0,-45.654293060302734,-15.624999046325684,21.667478561401367,0.6107177734375,0.4801025390625,0.126220703125
2.732,360,3147,2653,3147,-8.0,36.0,14.0,-79.58984375,-58.471675872802734,17.822265625,0.6444091796875,0.259521484375,0.1160888671875
2.740,363,3147,2772,3147,-8.0,36.0,14.0,-69.091796875,-57.250972747802734,3.601073980331421,0.1517333984375,-0.498779296875,-0.16748046875
2.748,363,3147,2965,3147,-8.0,36.0,14.0,-69.091796875,-57.250972747802734,3.601073980331421,-0.640380859375,-0.9866943359375,-0.5140380859375
2.770,409,3147,3147,3147,-8.0,36.0,14.0,7.385253429412842,-44.006343841552734,-32.04345703125,-1.334716796875,-0.25439453125,-0.6534423828125
2.770,684,3147,3147,3147,-8.0,36.0,14.0,7.507323741912842,-51.147457122802734,-9.8876953125,-1.8896484375,1.0335693359375,-0.9520263671875
2.778,706,3147,3147,3147,-8.0,36.0,14.0,7.507323741912842,-51.147457122802734,-9.8876953125,-2.741455078125,2.33203125,-1.847900390625
2.796,822,3147,3147,3147,-7.0,36.0,14.0,-113.28124237060547,-13.916014671325684,5.615233898162842,-3.3590087890625,1.615478515625,-2.1307373046875
2.801,867,3147,3147,3147,-7.0,36.0,14.0,-159.3017578125,-22.094724655151367,-22.583005905151367,-2.3939208984375,-0.7637939453125,0.063232421875
2.820,844,3147,3147,3147,-7.0,36.0,14.0,-159.3017578125,-22.094724655151367,-22.583005905151367,-1.048095703125,-0.797607421875,1.568603515625
2.822,636,3147,3147,3147,-7.0,36.0,14.0,62.988277435302734,-23.620603561401367,13.061522483825684,-0.6783447265625,0.446533203125,0.194580078125
2.833,564,3147,3147,3147,-7.0,36.0,14.0,136.23046875,23.803709030151367,9.8876953125,-0.796875,0.720947265625,-1.4407958984375
2.839,639,3147,3147,3147,-7.0,36.0,14.0,136.23046875,23.803709030151367,9.8876953125,-1.0087890625,0.6865234375,-1.902587890625
2.852,573,3147,3147,3147,-7.0,36.0,14.0,28.259275436401367,-3.417968511581421,-19.8974609375,-1.3729248046875,0.9166259765625,-1.6927490234375
2.869,490,3147,3147,3147,-7.0,36.0,14.0,-30.090330123901367,-37.53662109375,-25.695798873901367,-1.8629150390625,0.981201171875,-1.397216796875
2.870,491,3147,3147,3147,-7.0,36.0,14.0,-30.090330123901367,-37.53662109375,-25.695798873901367,-2.0655517578125,0.6309814453125,-0.7965087890625
2.882,376,3147,3147,3147,-4.0,37.0,16.0,-75.5615234375,-54.626461029052734,-26.794431686401367,-1.912353515625,0.2958984375,-0.0899658203125
2.914,364,3147,3126,3147,-4.0,37.0,16.0,-56.396480560302734,-36.865234375,-19.47021484375,-1.62353515625,0.2381591796875,0.2476806640625
2.914,360,3147,2851,3147,-4.0,37.0,16.0,-56.396480560302734,-36.865234375,-19.47021484375,-1.314208984375,0.3861083984375,0.1168212890625
2.914,354,3147,2507,3147,-4.0,37.0,16.0,1.8310545682907104,17.02880859375,-0.30517578125,-0.9444580078125,0.364013671875,-0.0423583984375
2.920,348,3147,2310,3147,-4.0,37.0,16.0,16.845703125,35.888671875,2.3193359375,-0.614990234375,0.08154296875,0.040283203125
2.934,347,3147,2214,3146,-4.0,37.0,16.0,16.845703125,35.888671875,2.3193359375,-0.614990234375,0.08154296875,0.040283203125
2.942,331,3147,1705,2419,-4.0,37.0,16.0,39.1845703125,56.030269622802734,-2.807616949081421,-0.3564453125,-0.4456787109375,0.3316650390625
2.950,330,3147,1557,1989,-4.0,37.0,16.0,39.1845703125,56.030269622802734,-2.807616949081421,-0.2386474609375,-0.5302734375,0.2373046875
2.971,327,3147,1568,1640,-4.0,37.0,16.0,61.340328216552734,53.588863372802734,-1.15966796875,-0.2386474609375,-0.5302734375,0.2373046875
2.972,327,3147,1377,1051,-4.0,37.0,16.0,101.19628143310547,12.023924827575684,9.94873046875,-0.0084228515625,0.1060791015625,-0.04248046875
2.980,322,3147,1312,835,-8.0,34.0,18.0,101.19628143310547,12.023924827575684,9.94873046875,-0.2003173828125,0.3936767578125,-0.3509521484375
2.989,324,3147,1233,684,-8.0,34.0,18.0,102.47801971435547,-8.1787109375,12.023924827575684,-0.2003173828125,0.3936767578125,-0.3509521484375
3.016,321,3147,1116,480,-8.0,34.0,18.0,79.1015625,-18.61572265625,0.30517578125,-0.6318359375,0.4786376953125,-0.78125
3.017,318,3147,1070,360,-8.0,34.0,18.0,79.1015625,-18.61572265625,0.30517578125,-0.70947265625,0.610595703125,-0.818603515625
3.025,318,3088,1108,359,-8.0,34.0,18.0,57.067867279052734,-14.648436546325684,3.112792730331421,-0.70947265625,0.610595703125,-0.818603515625
3.037,316,2758,1095,354,-8.0,34.0,18.0,1.9531248807907104,-17.2119140625,-10.620116233825684,-0.7138671875,0.3603515625,-0.3251953125
3.044,318,2698,1091,355,-8.0,34.0,18.0,1.9531248807907104,-17.2119140625,-10.620116233825684,-0.74609375,0.160888671875,-0.07373046875
3.049,319,2527,1103,356,-8.0,34.0,18.0,-20.385740280151367,-21.118162155151367,-19.04296875,-0.74609375,0.160888671875,-0.07373046875
3.073,319,2497,1098,354,-8.0,34.0,18.0,-6.774901866912842,-19.59228515625,-13.916014671325684,-0.799072265625,0.2230224609375,-0.1348876953125
3.074,318,2419,1105,327,-8.0,34.0,18.0,-6.774901866912842,-19.59228515625,-13.916014671325684,-0.8134765625,0.2740478515625,-0.26611328125
3.079,321,2486,1101,355,-9.0,33.0,19.0,7.995604991912842,-12.939452171325684,-9.33837890625,-0.8134765625,0.2740478515625,-0.26611328125
3.092,321,2598,1078,355,-9.0,33.0,19.0,13.854979515075684,1.5258787870407104,-2.197265625,-0.7679443359375,0.3685302734375,-0.2960205078125
3.103,321,2657,1104,351,-9.0,33.0,19.0,13.854979515075684,1.5258787870407104,-2.197265625,-0.7449951171875,0.317138671875,-0.248291015625
3.121,317,2803,1078,360,-9.0,33.0,19.0,8.30078125,6.530761241912842,-1.7089842557907104,-0.7449951171875,0.317138671875,-0.248291015625
3.122,319,2989,1067,359,-9.0,33.0,19.0,3.906249761581421,11.230467796325684,-1.9531248807907104,-0.737548828125,0.22216796875,-0.235595703125
3.142,323,3147,1098,463,-9.0,33.0,19.0,0.3662109076976776,14.953612327575684,-0.3662109076976776,-0.6849365234375,0.1197509765625,-0.293701171875
3.146,316,3147,1120,646,-9.0,33.0,19.0,-4.94384765625,13.977049827575684,1.2817381620407104,-0.6849365234375,0.1197509765625,-0.293701171875
3.150,318,3147,1156,802,-9.0,33.0,19.0,-11.047362327575684,12.329100608825684,3.662109136581421,-0.7615966796875,0.047119140625,-0.2786865234375
3.176,318,3147,1199,1101,-9.0,33.0,19.0,-11.352538108825684,16.29638671875,13.854979515075684,-0.7548828125,0.1365966796875,-0.2381591796875
3.176,324,3147,1224,1413,-9.0,33.0,19.0,-5.920409679412842,21.667478561401367,28.625486373901367,-0.7548828125,0.1365966796875,-0.2381591796875
3.178,324,3147,1184,1593,-9.0,34.0,14.0,-3.540038824081421,23.864744186401367,37.4755859375,-0.6854248046875,0.2415771484375,-0.232421875
3.192,328,3147,1440,1941,-9.0,34.0,14.0,-6.896972179412842,24.658201217651367,39.55078125,-0.6177978515625,0.311767578125,-0.2841796875
3.201,332,3147,1547,2213,-9.0,34.0,14.0,-13.610838890075684,24.108884811401367,39.61181640625,-0.6177978515625,0.311767578125,-0.2841796875
3.222,332,3147,1822,2498,-9.0,34.0,14.0,-22.644041061401367,16.7236328125,38.63525390625,-0.45703125,0.32568359375,-0.166748046875
3.222,336,3147,2218,3056,-9.0,34.0,14.0,-30.212400436401367,-0.1220703050494194,31.372068405151367,0.1632080078125,0.5406494140625,0.0625
3.230,346,3147,2582,3147,-9.0,34.0,14.0,-36.4990234375,-24.353025436401367,10.070799827575684,0.1632080078125,0.5406494140625,0.0625
3.237,359,3147,2723,3147,-9.0,34.0,14.0,-59.204097747802734,-45.349117279052734,-23.315427780151367,0.300537109375,0.615234375,-0.0164794921875
3.252,363,3147,2624,3147,-9.0,34.0,14.0,-107.54393768310547,-46.264644622802734,-48.034664154052734,0.0533447265625,0.106201171875,-0.1842041015625
3.259,364,3147,2801,3147,-9.0,34.0,14.0,-139.22119140625,-29.357908248901367,-55.236812591552734,-0.3245849609375,-0.893310546875,-0.26513671875
3.279,373,3147,2950,3147,-9.0,34.0,14.0,-118.34716033935547,-14.404295921325684,-49.194332122802734,-0.588623046875,-1.1966552734375,-0.0736083984375
3.281,378,3147,3147,3147,-7.0,33.0,14.0,-67.7490234375,-9.82666015625,-24.291990280151367,-0.884033203125,-0.2159423828125,0.0447998046875
3.290,567,3147,3147,3147,-7.0,33.0,14.0,-26.245115280151367,-11.230467796325684,9.70458984375,-1.341064453125,1.0806884765625,-0.4017333984375
3.298,745,3147,3147,3147,-7.0,33.0,14.0,-16.05224609375,-15.502928733825684,22.155759811401367,-2.0115966796875,1.770751953125,-1.1444091796875
3.311,778,3147,3147,3147,-7.0,33.0,14.0,-39.97802734375,-7.202147960662842,11.291502952575684,-3.04248046875,2.0479736328125,-2.1751708984375
3.326,739,3147,3147,3147,-7.0,33.0,14.0,-78.9794921875,10.559081077575684,-11.108397483825684,-3.1356201171875,0.4271240234375,-1.568359375
3.327,675,3147,3147,3147,-7.0,33.0,14.0,-64.51416015625,-14.221190452575684,-29.785154342651367,-1.829345703125,-1.172119140625,0.756591796875
3.341,473,3147,3147,3147,-7.0,33.0,14.0,25.207517623901367,-26.184080123901367,-13.610838890075684,-0.866455078125,-0.359130859375,1.08984375
3.350,401,3147,3147,3147,-7.0,33.0,14.0,103.02733612060547,15.197752952575684,9.765625,-0.796875,0.56884765625,-0.5133056640625
3.363,442,3147,3147,3147,-7.0,33.0,14.0,102.47801971435547,38.2080078125,4.33349609375,-1.0181884765625,0.7000732421875,-1.595703125
3.381,487,3147,3147,3147,-6.0,30.0,19.0,51.635738372802734,20.812986373901367,-10.009765625,-1.3201904296875,0.7293701171875,-1.6932373046875
3.381,388,3147,3147,3147,-6.0,30.0,19.0,3.295898199081421,-16.17431640625,-16.2353515625,-1.7607421875,0.921142578125,-1.494384765625
3.387,361,3147,3130,3147,-6.0,30.0,19.0,-27.282712936401367,-46.264644622802734,-19.287109375,-2.087158203125,0.7252197265625,-1.10205078125
3.405,355,3147,2963,3147,-6.0,30.0,19.0,-40.161128997802734,-58.349605560302734,-18.6767578125,-2.060546875,0.337890625,-0.457275390625
3.409,354,3147,2821,3147,-6.0,30.0,19.0,-32.8369140625,-51.208492279052734,-9.58251953125,-1.794189453125,0.2054443359375,0.1107177734375
3.421,347,3147,2571,3147,-6.0,30.0,19.0,-9.6435546875,-31.433103561401367,1.9531248807907104,-1.465576171875,0.3160400390625,0.322998046875
3.431,345,3147,2194,3147,-6.0,30.0,19.0,16.9677734375,-7.568358898162842,10.498045921325684,-1.0609130859375,0.3685302734375,0.267333984375
3.439,338,3147,2102,3147,-6.0,30.0,19.0,37.109375,14.892577171325684,13.122557640075684,-0.6654052734375,0.23291015625,0.1741943359375
3.447,334,3147,2089,3147,-6.0,30.0,19.0,49.865718841552734,34.24072265625,9.70458984375,-0.428466796875,0.1002197265625,0.13134765625
3.461,330,3147,1709,2981,-6.0,30.0,19.0,56.457515716552734,46.874996185302734,3.540038824081421,-0.307373046875,-0.0008544921875,0.0625
3.485,327,3147,1474,2325,-8.0,36.0,12.0,60.302730560302734,50.292964935302734,-4.2724609375,-0.243408203125,-0.190673828125,-0.0693359375
3.486,306,3147,1415,1996,-8.0,36.0,12.0,67.93212890625,43.151851654052734,-10.742186546325684,-0.1697998046875,-0.3642578125,-0.2037353515625
3.492,324,3147,1198,1409,-8.0,36.0,12.0,78.06396484375,26.367185592651367,-11.779784202575684,-0.0963134765625,-0.3525390625,-0.2618408203125
3.499,328,3147,1155,1160,-8.0,36.0,12.0,82.58055877685547,8.9111328125,-7.568358898162842,-0.1990966796875,-0.1396484375,-0.3033447265625
3.507,324,3147,1116,920,-8.0,36.0,12.0,81.23778533935547,-2.50244140625,-1.8920897245407104,-0.442138671875,0.1380615234375,-0.3675537109375
3.524,323,3147,1029,545,-8.0,36.0,12.0,80.01708984375,-6.591796398162842,4.5166015625,-0.635498046875,0.3427734375,-0.451416015625
3.536,321,3147,1001,361,-8.0,36.0,12.0,76.416015625,-4.57763671875,14.465331077575684,-0.7215576171875,0.4906005859375,-0.535888671875
3.537,318,3058,951,354,-8.0,36.0,12.0,62.988277435302734,-3.845214605331421,22.949216842651367,-0.66796875,0.594482421875,-0.5093994140625
3.551,321,2612,1031,348,-8.0,36.0,12.0,37.17041015625,-10.681151390075684,17.822265625,-0.5908203125,0.568359375,-0.351806640625
3.561,321,2541,1056,351,-8.0,36.0,12.0,7.690429210662842,-21.606443405151367,0.4882812201976776,-0.6197509765625,0.4346923828125,-0.1302490234375
3.568,323,2631,1081,351,-9.0,32.0,16.0,-10.192870140075684,-29.479978561401367,-14.038084983825684,-0.712158203125,0.30908203125,0.02783203125
3.588,318,2658,1079,348,-9.0,32.0,16.0,-6.896972179412842,-29.052732467651367,-15.624999046325684,-0.809814453125,0.2578125,0.009033203125
3.589,318,2723,1097,327,-9.0,32.0,16.0,13.000487327575684,-20.874021530151367,-6.164550304412842,-0.841064453125,0.29736328125,-0.144287109375
3.597,321,2760,1071,356,-9.0,32.0,16.0,31.860349655151367,-11.596678733825684,2.807616949081421,-0.8001708984375,0.3526611328125,-0.2811279296875
3.612,318,2886,1045,354,-9.0,32.0,16.0,33.5693359375,-5.0048828125,2.44140625,-0.7738037109375,0.334228515625,-0.318359375
3.621,321,3000,1055,359,-9.0,32.0,16.0,21.728513717651367,1.0986328125,-3.356933355331421,-0.774658203125,0.2479248046875,-0.300048828125
3.627,323,3121,1042,360,-9.0,32.0,16.0,9.94873046875,7.934569835662842,-7.507323741912842,-0.78271484375,0.1693115234375,-0.289306640625
3.643,319,3147,1032,401,-9.0,32.0,16.0,2.807616949081421,14.465331077575684,-7.629394054412842,-0.8018798828125,0.148193359375,-0.3045654296875
3.649,321,3147,1050,590,-9.0,32.0,16.0,-1.3427733182907104,18.9208984375,-4.5166015625,-0.8121337890625,0.148681640625,-0.337158203125
3.657,321,3147,1051,746,-9.0,32.0,16.0,-4.0283203125,20.324705123901367,0.2441406100988388,-0.79296875,0.1348876953125,-0.3603515625
3.671,322,3147,1055,984,-9.0,33.0,13.0,-6.530761241912842,19.6533203125,6.347655773162842,-0.7542724609375,0.117431640625,-0.3621826171875
3.689,321,3147,1112,1122,-9.0,33.0,13.0,-8.9111328125,18.98193359375,12.939452171325684,-0.7208251953125,0.126953125,-0.33837890625
3.692,323,3147,1183,1306,-9.0,33.0,13.0,-10.925292015075684,19.71435546875,18.85986328125,-0.695556640625,0.167236328125,-0.2904052734375
3.702,327,3147,1229,1681,-9.0,33.0,13.0,-12.634276390075684,21.362302780151367,22.888181686401367,-0.6685791015625,0.194580078125,-0.2359619140625
3.711,328,3147,1385,1929,-9.0,33.0,13.0,-14.526366233825684,22.460935592651367,24.841306686401367,-0.619140625,0.1849365234375,-0.1905517578125
3.718,325,3147,1602,2233,-9.0,33.0,13.0,-14.526366233825684,22.460935592651367,24.841306686401367,-0.495849609375,0.153076171875,-0.1221923828125
3.731,328,3147,1878,2792,-9.0,33.0,13.0,-24.414060592651367,7.263183116912842,22.583005905151367,-0.2642822265625,0.1983642578125,-0.016845703125
3.764,333,3147,2035,3064,-9.0,33.0,13.0,-36.7431640625,-9.09423828125,15.808104515075684,0.0084228515625,0.4554443359375,0.0380859375
3.764,346,3147,2176,3147,-9.0,33.0,13.0,-36.7431640625,-9.09423828125,15.808104515075684,0.1986083984375,0.7939453125,0.010009765625
3.764,364,3147,2418,3147,-7.0,35.0,14.0,-100.46385955810547,-28.747556686401367,-15.380858421325684,0.192138671875,0.7376708984375,-0.02099609375
3.770,359,3147,2430,3147,-7.0,35.0,14.0,-144.1650390625,-24.291990280151367,-26.550291061401367,-0.0504150390625,-0.123291015625,-0.08837890625
3.791,359,3147,2578,3147,-7.0,35.0,14.0,-144.1650390625,-24.291990280151367,-26.550291061401367,-0.4254150390625,-1.208740234375,-0.1414794921875
3.791,371,3147,3065,3147,-7.0,35.0,14.0,-100.58592987060547,-13.427733421325684,-37.2314453125,-0.7569580078125,-1.1297607421875,-0.146240234375
3.799,373,3147,3147,3147,-7.0,35.0,14.0,-33.203125,-20.080564498901367,-8.4228515625,-1.1163330078125,0.2762451171875,-0.4962158203125
3.814,604,3147,3147,3147,-7.0,35.0,14.0,-33.203125,-20.080564498901367,-8.4228515625,-1.597900390625,1.4564208984375,-1.155517578125
3.830,777,3147,3147,3147,-7.0,35.0,14.0,-23.742673873901367,-38.330078125,18.798828125,-2.4671630859375,2.21728515625,-1.8558349609375
3.831,869,3147,3147,3147,-7.0,35.0,14.0,-98.69384002685547,-9.3994140625,1.7700194120407104,-3.2864990234375,1.3330078125,-2.0970458984375
3.837,946,3147,3147,3147,-7.0,35.0,14.0,-98.69384002685547,-9.3994140625,1.7700194120407104,-2.466796875,-0.694580078125,-0.1751708984375
3.855,963,3147,3147,3147,-7.0,35.0,14.0,-97.47313690185547,-30.517576217651367,-4.638671875,-0.9794921875,-0.5819091796875,1.5499267578125
3.859,922,3147,3147,3147,-5.0,33.0,19.0,18.1884765625,-10.192870140075684,22.399900436401367,-0.585693359375,0.5465087890625,0.3702392578125
3.868,909,3147,3147,3147,-5.0,33.0,19.0,18.1884765625,-10.192870140075684,22.399900436401367,-0.9005126953125,0.8453369140625,-1.3521728515625
3.901,934,3147,3147,3147,-5.0,33.0,19.0,58.410640716552734,29.357908248901367,-7.080077648162842,-1.2254638671875,0.63525390625,-1.65185546875
3.901,912,3147,3147,3147,-5.0,33.0,19.0,5.126952648162842,-7.934569835662842,-20.324705123901367,-1.4346923828125,0.534423828125,-1.1051025390625
3.902,827,3147,3147,3147,-5.0,33.0,19.0,5.126952648162842,-7.934569835662842,-20.324705123901367,-1.810791015625,0.6588134765625,-0.81787109375
3.912,582,3147,3147,3147,-5.0,33.0,19.0,-37.841796875,-48.706050872802734,-15.869139671325684,-2.092529296875,0.63818359375,-0.5765380859375
3.919,400,3147,3147,3147,-5.0,33.0,19.0,-49.377437591552734,-40.466304779052734,-10.498045921325684,-2.010986328125,0.4869384765625,-0.1644287109375
3.937,371,3147,3147,3147,-5.0,33.0,19.0,-49.377437591552734,-40.466304779052734,-10.498045921325684,-1.753173828125,0.444580078125,0.12646484375
3.941,363,3147,2798,3147,-5.0,33.0,19.0,-26.977537155151367,8.23974609375,-7.995604991912842,-1.44677734375,0.486328125,0.18505859375
3.949,356,3147,2494,3147,-5.0,33.0,19.0,-26.977537155151367,8.23974609375,-7.995604991912842,-1.078369140625,0.389404296875,0.152099609375
3.962,348,3147,2368,3147,-6.0,32.0,15.0,-1.4648436307907104,33.935546875,-6.591796398162842,-1.078369140625,0.389404296875,0.152099609375
3.971,338,3147,1966,3147,-6.0,32.0,15.0,53.649898529052734,69.15283203125,3.417968511581421,-0.57568359375,-0.1416015625,0.02880859375
3.998,337,3147,1949,2978,-6.0,32.0,15.0,53.649898529052734,69.15283203125,3.417968511581421,-0.45556640625,-0.3724365234375,0.097412109375
3.998,330,3147,1504,2514,-6.0,32.0,15.0,73.18115234375,72.021484375,8.30078125,-0.45556640625,-0.3724365234375,0.097412109375
4.002,334,3147,1336,1675,-6.0,32.0,15.0,104.18700408935547,49.011226654052734,17.4560546875,-0.10791015625,-0.510986328125,0.0272216796875
4.010,323,3147,1260,1351,-6.0,32.0,15.0,104.18700408935547,49.011226654052734,17.4560546875,-0.0328369140625,-0.188232421875,-0.1636962890625
4.018,318,3147,1213,864,-6.0,32.0,15.0,120.11717987060547,28.564451217651367,24.353025436401367,-0.0328369140625,-0.188232421875,-0.1636962890625
4.043,317,3147,1146,497,-6.0,32.0,15.0,120.84960174560547,-11.657713890075684,25.878904342651367,-0.4385986328125,0.3602294921875,-0.6177978515625
4.043,317,3147,1076,361,-6.0,32.0,15.0,120.84960174560547,-11.657713890075684,25.878904342651367,-0.5826416015625,0.3377685546875,-0.755859375
4.048,316,3053,1005,356,-6.0,32.0,15.0,111.81639862060547,-24.841306686401367,19.47021484375,-0.5826416015625,0.3377685546875,-0.755859375
4.061,318,2599,1070,344,-11.0,34.0,13.0,67.7490234375,-30.151365280151367,29.357908248901367,-0.5914306640625,0.6553955078125,-0.6024169921875
4.070,321,2456,1137,348,-11.0,34.0,13.0,67.7490234375,-30.151365280151367,29.357908248901367,-0.53466796875,0.67724609375,-0.3494873046875
4.077,318,2379,1198,347,-11.0,34.0,13.0,39.36767578125,-30.334470748901367,25.756834030151367,-0.53466796875,0.67724609375,-0.3494873046875
4.098,319,2494,1248,346,-11.0,34.0,13.0,-18.798828125,-35.09521484375,-8.056640625,-0.7618408203125,0.40966796875,0.0609130859375
4.100,306,2504,1251,349,-11.0,34.0,13.0,-18.798828125,-35.09521484375,-8.056640625,-0.85498046875,0.3641357421875,-0.0205078125
4.107,317,2507,1251,352,-11.0,34.0,13.0,-14.648436546325684,-31.188962936401367,-10.498045921325684,-0.85498046875,0.3641357421875,-0.0205078125
4.121,318,2579,1216,348,-11.0,34.0,13.0,10.009765625,-18.61572265625,-6.591796398162842,-0.82080078125,0.314697265625,-0.25537109375
4.140,316,2668,1224,354,-11.0,34.0,13.0,10.009765625,-18.61572265625,-6.591796398162842,-0.814453125,0.23388671875,-0.272705078125
4.140,316,2717,1231,352,-11.0,34.0,13.0,6.896972179412842,-11.901854515075684,-11.352538108825684,-0.814453125,0.23388671875,-0.272705078125
4.152,317,2935,1211,352,-11.0,34.0,13.0,1.5869139432907104,3.234863042831421,-14.038084983825684,-0.806884765625,0.139404296875,-0.2340087890625
4.159,316,3058,1185,359,-11.0,35.0,17.0,1.5869139432907104,3.234863042831421,-14.038084983825684,-0.7972412109375,0.1234130859375,-0.2196044921875
4.167,318,3147,1155,359,-11.0,35.0,17.0,3.295898199081421,10.681151390075684,-8.9111328125,-0.7972412109375,0.1234130859375,-0.2196044921875
4.181,318,3147,1130,644,-11.0,35.0,17.0,6.042479991912842,17.08984375,-1.15966796875,-0.7259521484375,0.1002197265625,-0.2332763671875
4.200,317,3147,1147,811,-11.0,35.0,17.0,10.986327171325684,22.155759811401367,7.507323741912842,-0.7259521484375,0.1002197265625,-0.2332763671875
4.202,318,3147,1170,1063,-11.0,35.0,17.0,16.90673828125,25.634763717651367,15.747069358825684,-0.675048828125,0.1466064453125,-0.263427734375
4.211,319,3147,1157,1415,-11.0,35.0,17.0,19.83642578125,27.954099655151367,21.911619186401367,-0.607177734375,0.349609375,-0.3345947265625
4.219,321,3147,1160,1595,-11.0,35.0,17.0,15.502928733825684,29.663084030151367,24.291990280151367,-0.607177734375,0.349609375,-0.3345947265625
4.236,321,3147,1189,1826,-11.0,35.0,17.0,2.685546636581421,30.456541061401367,22.033689498901367,-0.6011962890625,0.383544921875,-0.335205078125
4.241,324,3147,1312,2161,-11.0,35.0,17.0,-14.221190452575684,29.357908248901367,16.9677734375,-0.6175537109375,0.2864990234375,-0.2808837890625
4.250,324,3147,1441,2430,-11.0,35.0,17.0,-27.648923873901367,24.719236373901367,12.451170921325684,-0.6175537109375,0.2864990234375,-0.2808837890625
4.264,327,3147,1609,2757,-12.0,34.0,14.0,-36.80419921875,15.258788108825684,9.33837890625,-0.505859375,0.2509765625,-0.1732177734375
4.271,336,3147,1981,3147,-12.0,34.0,14.0,-47.790523529052734,1.2817381620407104,4.45556640625,0.001220703125,0.50390625,0.0086669921875
4.284,349,3147,2218,3147,-12.0,34.0,14.0,-65.49072265625,-18.24951171875,-9.33837890625,0.001220703125,0.50390625,0.0086669921875
4.305,356,3147,2395,3147,-12.0,34.0,14.0,-98.20555877685547,-37.65869140625,-33.203125,0.1158447265625,0.65576171875,-0.038818359375
4.305,361,3147,2580,3147,-12.0,34.0,14.0,-151.3671875,-45.532222747802734,-50.109859466552734,-0.224365234375,-0.97705078125,-0.01220703125
4.309,371,3147,2912,3147,-12.0,34.0,14.0,-184.14305114746094,-44.311519622802734,-50.476070404052734,-0.224365234375,-0.97705078125,-0.01220703125
4.317,376,3147,3147,3147,-12.0,34.0,14.0,-142.333984375,-40.161128997802734,-40.954586029052734,-0.453369140625,-1.5050048828125,0.07421875
4.338,553,3147,3147,3147,-12.0,34.0,14.0,-52.062984466552734,-35.58349609375,-15.319823265075684,-1.386474609375,1.3013916015625,-0.92041015625
4.339,860,3147,3147,3147,-12.0,34.0,14.0,9.3994140625,-36.376953125,14.953612327575684,-1.386474609375,1.3013916015625,-0.92041015625
4.347,995,3147,3147,3147,-12.0,34.0,14.0,6.347655773162842,-42.724605560302734,16.7236328125,-2.0989990234375,1.9854736328125,-1.4276123046875
4.361,1043,3147,3147,3147,-4.0,31.0,16.0,-43.151851654052734,-28.442380905151367,2.929687261581421,-3.0604248046875,0.085205078125,-0.7723388671875
4.369,1018,3147,3147,3147,-4.0,31.0,16.0,-88.19579315185547,1.220703125,-13.610838890075684,-3.0604248046875,0.085205078125,-0.7723388671875
4.377,992,3147,3147,3147,-4.0,31.0,16.0,-63.110347747802734,-11.718749046325684,-15.258788108825684,-1.5386962890625,-1.005615234375,1.3328857421875
4.405,818,3147,3147,3147,-4.0,31.0,16.0,44.189449310302734,-13.122557640075684,7.141112804412842,-0.6619873046875,0.0997314453125,0.919677734375
4.405,797,3147,3147,3147,-4.0,31.0,16.0,128.35693359375,30.334470748901367,12.817381858825684,-0.87158203125,0.708251953125,-1.0230712890625
4.408,835,3147,3147,3147,-4.0,31.0,16.0,105.28563690185547,44.738765716552734,-3.295898199081421,-1.189697265625,0.5072021484375,-1.8365478515625
4.421,786,3147,3147,3147,-4.0,31.0,16.0,28.930662155151367,13.793944358825684,-13.183592796325684,-1.3878173828125,0.41015625,-1.520751953125
4.429,678,3147,3147,3147,-4.0,31.0,16.0,-27.099607467651367,-29.235837936401367,-11.047362327575684,-1.6490478515625,0.640869140625,-1.094482421875
4.437,547,3147,3147,3147,-4.0,31.0,16.0,-52.429195404052734,-55.725093841552734,-7.507323741912842,-1.91259765625,0.7008056640625,-0.7489013671875
4.451,376,3147,3147,3147,-4.0,31.0,16.0,-58.654781341552734,-61.340328216552734,-5.126952648162842,-1.9210205078125,0.55810546875,-0.2490234375
4.459,378,3147,3147,3147,-4.0,31.0,16.0,-48.339839935302734,-48.217769622802734,-3.906249761581421,-1.7227783203125,0.476806640625,0.1416015625
4.467,371,3147,2920,3147,-4.0,31.0,16.0,-26.672361373901367,-23.010251998901367,-4.21142578125,-1.48828125,0.4886474609375,0.233642578125
4.481,361,3147,2440,3147,-4.0,31.0,16.0,-1.8310545682907104,6.042479991912842,-4.2724609375,-1.22021484375,0.501708984375,0.103759765625
4.508,352,3147,2233,3147,-4.0,31.0,16.0,17.51708984375,32.53173828125,-3.601073980331421,-0.8734130859375,0.371826171875,0.012939453125
4.509,347,3147,2083,3147,-4.0,31.0,16.0,29.846189498901367,56.091304779052734,-4.33349609375,-0.6121826171875,0.12353515625,-0.003662109375
4.511,338,3147,1806,2887,-4.0,31.0,16.0,35.94970703125,74.89013671875,-5.249022960662842,-0.4866943359375,-0.094482421875,0.065185546875
4.519,331,3147,1437,2321,-4.0,31.0,16.0,38.330078125,83.80126190185547,-4.82177734375,-0.3778076171875,-0.3438720703125,0.1971435546875
4.527,326,3147,1306,1892,-4.0,31.0,16.0,49.682613372802734,82.45848846435547,-4.8828125,-0.256591796875,-0.520263671875,0.2325439453125
4.549,323,3147,1093,1397,-4.0,31.0,16.0,70.49560546875,68.54248046875,-3.417968511581421,-0.16162109375,-0.3206787109375,0.162353515625
4.550,321,3147,1132,963,-6.0,32.0,18.0,84.16747283935547,43.334957122802734,0.6103515625,-0.1573486328125,0.0859375,-0.027587890625
4.557,321,3147,1022,794,-6.0,32.0,18.0,87.82958221435547,18.310546875,1.15966796875,-0.306884765625,0.283203125,-0.405517578125
4.571,319,3147,996,683,-6.0,32.0,18.0,85.38817596435547,-0.30517578125,-1.2817381620407104,-0.49072265625,0.27392578125,-0.7489013671875
4.579,318,3147,1025,621,-6.0,32.0,18.0,71.59423828125,-14.282225608825684,1.9531248807907104,-0.5841064453125,0.2991943359375,-0.8453369140625
4.587,317,3147,1032,553,-6.0,32.0,18.0,51.635738372802734,-22.216794967651367,12.329100608825684,-0.615478515625,0.4552001953125,-0.7760009765625
4.612,318,3147,1063,385,-6.0,32.0,18.0,32.470703125,-26.550291061401367,16.66259765625,-0.611572265625,0.544921875,-0.5682373046875
4.612,318,3147,1131,362,-6.0,32.0,18.0,9.70458984375,-30.334470748901367,7.568358898162842,-0.632080078125,0.427978515625,-0.27294921875
4.617,318,3147,1156,430,-6.0,32.0,18.0,-12.084959983825684,-32.53173828125,-4.2724609375,-0.675048828125,0.298583984375,-0.0435791015625
4.634,322,3147,1241,601,-6.0,32.0,18.0,-21.484373092651367,-32.71484375,-10.070799827575684,-0.711669921875,0.286865234375,-0.0042724609375
4.640,323,3147,1264,702,-6.0,32.0,18.0,-19.22607421875,-29.968259811401367,-12.573241233825684,-0.7581787109375,0.3006591796875,-0.0928955078125
4.650,323,3147,1278,777,-6.0,32.0,18.0,-13.977049827575684,-23.254392623901367,-14.587401390075684,-0.81494140625,0.29248046875,-0.21142578125
4.661,322,3147,1283,854,-6.0,32.0,18.0,-10.986327171325684,-12.939452171325684,-14.831542015075684,-0.86962890625,0.3057861328125,-0.2930908203125
4.669,321,3147,1267,900,-6.0,32.0,18.0,-13.549803733825684,-2.25830078125,-13.427733421325684,-0.9058837890625,0.3302001953125,-0.26025390625
4.677,323,3147,1294,938,-6.0,32.0,18.0,-20.385740280151367,6.347655773162842,-11.962889671325684,-0.9266357421875,0.2933349609375,-0.1610107421875
4.691,322,3147,1262,1109,-6.0,32.0,18.0,-24.536130905151367,13.488768577575684,-10.803221702575684,-0.939208984375,0.186279296875,-0.104248046875
4.715,321,3147,1228,1223,-6.0,32.0,18.0,-22.399900436401367,19.22607421875,-8.056640625,-0.9327392578125,0.0771484375,-0.106201171875
4.716,321,3147,1233,1278,-6.0,32.0,18.0,-15.686034202575684,23.559568405151367,-1.7700194120407104,-0.90966796875,0.0462646484375,-0.1552734375
4.721,323,3147,1250,1382,-6.0,32.0,18.0,-5.981444835662842,27.465818405151367,7.812499523162842,-0.878173828125,0.10888671875,-0.2471923828125
4.729,323,3147,1236,1472,-6.0,32.0,18.0,3.051757574081421,31.127927780151367,17.27294921875,-0.8363037109375,0.192626953125,-0.328369140625
4.738,324,3147,1225,1602,-6.0,32.0,18.0,6.469726085662842,34.0576171875,23.559568405151367,-0.7841796875,0.246826171875,-0.3402099609375
4.753,324,3147,1219,1798,-8.0,35.0,13.0,3.173827886581421,36.19384765625,26.672361373901367,-0.7236328125,0.263916015625,-0.3052978515625
4.759,324,3147,1258,1920,-8.0,35.0,13.0,-3.112792730331421,36.9873046875,28.076169967651367,-0.662841796875,0.26318359375,-0.2760009765625
4.768,327,3147,1409,2060,-8.0,35.0,13.0,-8.11767578125,35.0341796875,28.991697311401367,-0.5926513671875,0.2794189453125,-0.257568359375
4.781,334,3147,1640,2435,-8.0,35.0,13.0,-11.108397483825684,28.381345748901367,29.235837936401367,-0.468994140625,0.2991943359375,-0.214111328125
4.789,332,3147,1750,2727,-8.0,35.0,13.0,-15.441893577575684,15.869139671325684,25.939939498901367,-0.256103515625,0.2840576171875,-0.075927734375
4.797,338,3147,1877,3000,-8.0,35.0,13.0,-26.550291061401367,-1.15966796875,15.991209983825684,0.0010986328125,0.275634765625,0.10546875
4.827,348,3147,2106,3147,-8.0,35.0,13.0,-50.598140716552734,-18.6767578125,3.295898199081421,0.227294921875,0.36669921875,0.1824951171875
4.828,354,3147,2400,3147,-8.0,35.0,13.0,-87.03612518310547,-34.24072265625,-4.33349609375,0.384765625,0.3123779296875,0.20361328125
4.828,363,3147,2584,3147,-8.0,35.0,13.0,-110.41259002685547,-44.189449310302734,-9.27734375,0.25830078125,-0.10791015625,0.1190185546875
4.841,363,3147,2960,3147,-7.0,32.0,13.0,-90.39305877685547,-41.748043060302734,-21.545408248901367,-0.253173828125,-0.7529296875,-0.180419921875
4.855,371,3147,3147,3147,-7.0,32.0,13.0,-36.2548828125,-33.87451171875,-30.883787155151367,-0.8095703125,-0.736083984375,-0.4599609375
4.857,419,3147,3147,3147,-7.0,32.0,13.0,-36.2548828125,-33.87451171875,-30.883787155151367,-1.3033447265625,0.4122314453125,-0.764404296875
4.871,803,3147,3147,3147,-7.0,32.0,13.0,7.934569835662842,-33.63037109375,7.812499523162842,-1.7611083984375,1.2762451171875,-1.131103515625
4.880,829,3147,3147,3147,-7.0,32.0,13.0,-30.029294967651367,-41.015621185302734,9.1552734375,-2.4786376953125,1.8037109375,-1.518310546875
4.887,890,3147,3147,3147,-7.0,32.0,13.0,-30.029294967651367,-41.015621185302734,9.1552734375,-3.2633056640625,1.3343505859375,-1.7862548828125
4.922,1014,3147,3147,3147,-7.0,32.0,13.0,-105.65184783935547,-12.573241233825684,-10.498045921325684,-2.466064453125,-0.506103515625,-0.1697998046875
4.922,992,3147,3147,3147,-7.0,32.0,13.0,-52.734371185302734,-37.29248046875,-15.930174827575684,-0.974609375,-0.6923828125,1.490234375
4.922,897,3147,3147,3147,-7.0,32.0,13.0,-52.734371185302734,-37.29248046875,-15.930174827575684,-0.689697265625,0.45361328125,0.4581298828125
4.931,799,3147,3147,3147,-7.0,32.0,13.0,97.90038299560547,16.9677734375,-8.97216796875,-1.0,0.7203369140625,-1.1253662109375
4.943,841,3147,3147,3147,-5.0,35.0,16.0,74.15771484375,20.141599655151367,-25.268552780151367,-1.2623291015625,0.5079345703125,-1.488037109375
4.947,800,3147,3147,3147,-5.0,35.0,16.0,74.15771484375,20.141599655151367,-25.268552780151367,-1.600830078125,0.60888671875,-1.18798828125
4.961,673,3147,3147,3147,-5.0,35.0,16.0,-21.972654342651367,-24.475095748901367,-19.287109375,-1.936767578125,0.721435546875,-0.8944091796875
4.970,538,3147,3147,3147,-5.0,35.0,16.0,-44.555660247802734,-33.203125,-15.502928733825684,-1.974853515625,0.50244140625,-0.499755859375
4.977,391,3147,3147,3147,-5.0,35.0,16.0,-44.555660247802734,-33.203125,-15.502928733825684,-1.7908935546875,0.3658447265625,-0.0997314453125
4.992,361,3147,3078,3147,-5.0,35.0,16.0,-39.794921875,-13.366698265075684,-8.36181640625,-1.5877685546875,0.40087890625,0.0947265625
5.000,360,3147,2801,3147,-5.0,35.0,16.0,-22.460935592651367,8.60595703125,-4.150390625,-1.36474609375,0.42578125,0.0355224609375
5.029,356,3147,2532,3147,-5.0,35.0,16.0,-22.460935592651367,8.60595703125,-4.150390625,-1.0301513671875,0.36474609375,-0.047607421875
5.029,344,3147,2078,3147,-5.0,35.0,16.0,15.136717796325684,50.231929779052734,-1.7089842557907104,-0.734375,0.2298583984375,-0.02880859375
5.030,336,3147,1877,3147,-5.0,35.0,16.0,28.930662155151367,63.110347747802734,-5.249022960662842,-0.5758056640625,0.0247802734375,0.0732421875
5.037,330,3147,1682,2930,-3.0,32.0,16.0,28.930662155151367,63.110347747802734,-5.249022960662842,-0.43798828125,-0.293701171875,0.20263671875
5.062,317,3147,1191,2110,-3.0,32.0,16.0,50.903316497802734,52.062984466552734,-8.97216796875,-0.2376708984375,-0.5443115234375,0.247802734375
5.062,317,3147,1067,1744,-3.0,32.0,16.0,69.82421875,32.40966796875,-3.967284917831421,-0.0169677734375,-0.481689453125,0.1951904296875
5.068,314,3147,939,1415,-3.0,32.0,16.0,69.82421875,32.40966796875,-3.967284917831421,0.0391845703125,-0.1556396484375,0.0291748046875
5.082,314,3147,883,1026,-3.0,32.0,16.0,95.21483612060547,0.54931640625,10.681151390075684,-0.18896484375,0.156982421875,-0.2598876953125
5.090,314,3147,846,757,-3.0,32.0,16.0,95.21483612060547,0.54931640625,10.681151390075684,-0.4697265625,0.2899169921875,-0.5283203125
5.098,313,3147,800,603,-3.0,32.0,16.0,100.03661346435547,-1.5258787870407104,10.131834983825684,-0.4697265625,0.2899169921875,-0.5283203125
5.123,308,3147,784,356,-3.0,32.0,16.0,81.72606658935547,2.746581792831421,22.216794967651367,-0.7137451171875,0.6068115234375,-0.8035888671875
5.123,307,3110,803,342,-3.0,32.0,16.0,81.72606658935547,2.746581792831421,22.216794967651367,-0.67236328125,0.6492919921875,-0.697265625
5.133,312,2937,815,344,-3.0,32.0,16.0,59.936519622802734,-0.9765624403953552,26.062009811401367,-0.67236328125,0.6492919921875,-0.697265625
5.142,308,2769,853,345,-10.0,33.0,18.0,1.3427733182907104,-14.160155296325684,3.417968511581421,-0.7137451171875,0.2261962890625,-0.1468505859375
5.150,310,2876,859,345,-10.0,33.0,18.0,1.3427733182907104,-14.160155296325684,3.417968511581421,-0.75537109375,0.1724853515625,0.0177001953125
5.171,313,2952,867,347,-10.0,33.0,18.0,-8.60595703125,-16.05224609375,1.5869139432907104,-0.75537109375,0.1724853515625,0.0177001953125
5.173,310,3031,872,318,-10.0,33.0,18.0,11.718749046325684,-12.573241233825684,9.8876953125,-0.7530517578125,0.3331298828125,-0.142333984375
5.180,314,3107,883,347,-10.0,33.0,18.0,11.718749046325684,-12.573241233825684,9.8876953125,-0.7464599609375,0.4293212890625,-0.296142578125
5.187,309,3095,912,346,-10.0,33.0,18.0,21.545408248901367,-14.099120140075684,5.920409679412842,-0.7464599609375,0.4293212890625,-0.296142578125
5.201,313,3147,938,347,-10.0,33.0,18.0,8.11767578125,-5.371093273162842,-7.690429210662842,-0.8883056640625,0.3045654296875,-0.2869873046875
5.242,313,3147,946,354,-10.0,33.0,18.0,8.11767578125,-5.371093273162842,-7.690429210662842,-0.79931640625,0.253662109375,-0.2515869140625
5.242,308,3147,922,391,-10.0,33.0,18.0,2.44140625,4.8828125,-4.8828125,-0.79931640625,0.253662109375,-0.2515869140625
5.242,313,3147,891,553,-9.0,31.0,21.0,-8.9111328125,17.578125,-4.45556640625,-0.7799072265625,0.15673828125,-0.1923828125
5.242,310,3147,934,725,-9.0,31.0,21.0,-8.9111328125,17.578125,-4.45556640625,-0.8048095703125,0.11865234375,-0.201904296875
5.248,313,3147,923,887,-9.0,31.0,21.0,-14.099120140075684,22.155759811401367,-1.6479490995407104,-0.8048095703125,0.11865234375,-0.201904296875
5.266,314,3147,989,1199,-9.0,31.0,21.0,-20.690916061401367,31.799314498901367,11.352538108825684,-0.805419921875,0.152587890625,-0.26513671875
5.269,314,3147,1029,1387,-9.0,31.0,21.0,-20.690916061401367,31.799314498901367,11.352538108825684,-0.7633056640625,0.1607666015625,-0.2593994140625
5.278,315,3147,1085,1569,-9.0,31.0,21.0,-25.146482467651367,35.46142578125,17.7001953125,-0.7633056640625,0.1607666015625,-0.2593994140625
5.292,319,3147,1214,2030,-9.0,31.0,21.0,-29.846189498901367,35.15625,28.991697311401367,-0.58251953125,0.120361328125,-0.20068359375
5.299,328,3147,1355,2370,-9.0,31.0,21.0,-29.846189498901367,35.15625,28.991697311401367,-0.3656005859375,0.19970703125,-0.09375
5.308,334,3147,1508,2654,-9.0,31.0,21.0,-29.968259811401367,22.705076217651367,31.372068405151367,-0.3656005859375,0.19970703125,-0.09375
5.327,336,3147,1796,3147,-9.0,31.0,21.0,-35.09521484375,0.0,25.634763717651367,0.1654052734375,0.5928955078125,0.0927734375
5.333,348,3147,2005,3147,-9.0,36.0,16.0,-51.818843841552734,-22.338865280151367,12.023924827575684,0.1654052734375,0.5928955078125,0.0927734375
5.337,360,3147,2266,3147,-9.0,36.0,16.0,-84.71678924560547,-37.4755859375,-1.3427733182907104,0.3756103515625,0.5443115234375,0.1173095703125
5.352,364,3147,2525,3147,-9.0,36.0,16.0,-116.21092987060547,-44.677730560302734,-8.544921875,0.017822265625,-0.438720703125,-0.226318359375
5.367,371,3147,2652,3147,-9.0,36.0,16.0,-110.65673065185547,-36.92626953125,-16.66259765625,0.017822265625,-0.438720703125,-0.226318359375
5.368,375,3147,2958,3147,-9.0,36.0,16.0,-63.415523529052734,-21.606443405151367,-31.494138717651367,-0.58447265625,-0.847412109375,-0.483642578125
5.381,467,3147,3147,3147,-9.0,36.0,16.0,-13.793944358825684,-19.10400390625,-32.28759765625,-1.6885986328125,0.974365234375,-0.841552734375
5.391,750,3147,3147,3147,-9.0,36.0,16.0,-0.54931640625,-29.052732467651367,-10.864256858825684,-1.6885986328125,0.974365234375,-0.841552734375
5.397,799,3147,3147,3147,-9.0,36.0,16.0,-24.963376998901367,-40.283199310302734,2.3193359375,-2.236083984375,1.4788818359375,-1.0977783203125
5.411,865,3147,3147,3147,-9.0,36.0,16.0,-66.71142578125,-26.611326217651367,6.225585460662842,-3.0386962890625,0.258056640625,-0.95556640625
5.430,860,3147,3147,3147,-9.0,36.0,16.0,-98.38866424560547,5.920409679412842,5.126952648162842,-3.0386962890625,0.258056640625,-0.95556640625
5.431,833,3147,3147,3147,-8.0,35.0,14.0,-72.20458984375,-10.864256858825684,-2.0751953125,-1.6746826171875,-1.0760498046875,1.06982421875
5.443,643,3147,3147,3147,-8.0,35.0,14.0,18.1884765625,-28.503416061401367,8.544921875,-0.8333740234375,0.6766357421875,-0.6944580078125
5.455,646,3147,3147,3147,-8.0,35.0,14.0,100.15868377685547,3.906249761581421,16.17431640625,-0.8333740234375,0.6766357421875,-0.6944580078125
5.458,695,3147,3147,3147,-8.0,35.0,14.0,108.52050018310547,21.179197311401367,0.6713866591453552,-1.07763671875,0.7237548828125,-1.6624755859375
5.472,630,3147,3147,3147,-8.0,35.0,14.0,59.997554779052734,0.30517578125,-13.854979515075684,-1.7664794921875,0.95263671875,-1.2894287109375
5.480,509,3147,3147,3147,-8.0,35.0,14.0,5.859374523162842,-33.447265625,-17.76123046875,-1.7664794921875,0.95263671875,-1.2894287109375
5.488,403,3147,3147,3147,-8.0,35.0,14.0,-33.0810546875,-58.349605560302734,-21.606443405151367,-2.0006103515625,0.7584228515625,-0.888671875
5.503,371,3147,3126,3147,-8.0,35.0,14.0,-51.635738372802734,-67.3828125,-25.329587936401367,-1.5770263671875,0.2940673828125,0.207275390625
5.510,370,3147,2989,3147,-8.0,35.0,14.0,-49.255367279052734,-56.213375091552734,-21.240232467651367,-1.5770263671875,0.2940673828125,0.207275390625
5.532,361,3147,2744,3147,-8.0,35.0,14.0,-33.5693359375,-30.212400436401367,-14.770506858825684,-1.31640625,0.4263916015625,0.3236083984375
5.532,344,3147,2316,3147,-4.0,32.0,16.0,-14.221190452575684,3.295898199081421,-10.375975608825684,-0.748779296875,0.411865234375,0.0782470703125
5.540,349,3147,2155,3147,-4.0,32.0,16.0,2.563476324081421,36.19384765625,-7.324218273162842,-0.748779296875,0.411865234375,0.0782470703125
5.549,344,3147,1912,3147,-4.0,32.0,16.0,16.4794921875,64.94140625,-7.629394054412842,-0.6064453125,0.1455078125,0.138671875
5.569,327,3147,1440,2769,-4.0,32.0,16.0,29.296873092651367,84.41161346435547,-9.3994140625,-0.4534912109375,-0.4962158203125,0.3985595703125
5.571,304,3147,1222,2340,-4.0,32.0,16.0,46.936031341552734,88.43993377685547,-8.6669921875,-0.4534912109375,-0.4962158203125,0.3985595703125
5.578,316,3147,1122,1989,-4.0,32.0,16.0,73.18115234375,76.84326171875,-3.295898199081421,-0.2720947265625,-0.568603515625,0.316162109375
5.592,315,3147,975,1506,-4.0,32.0,16.0,95.33690643310547,52.124019622802734,8.23974609375,-0.0203857421875,-0.0552978515625,-0.080322265625
5.601,313,3147,978,1335,-4.0,32.0,16.0,107.48290252685547,25.207517623901367,20.935056686401367,-0.0203857421875,-0.0552978515625,-0.080322265625
5.608,314,3147,891,1214,-4.0,32.0,16.0,120.17821502685547,11.901854515075684,26.245115280151367,-0.27880859375,0.121337890625,-0.4368896484375
5.636,312,3147,837,1057,-10.0,35.0,14.0,126.28173065185547,10.925292015075684,29.968259811401367,-0.6585693359375,0.5518798828125,-0.9180908203125
5.637,313,3147,871,1018,-10.0,35.0,14.0,115.11229705810547,10.620116233825684,41.503902435302734,-0.6585693359375,0.5518798828125,-0.9180908203125
5.639,314,3147,837,917,-10.0,35.0,14.0,92.22411346435547,6.164550304412842,47.302242279052734,-0.6546630859375,0.794921875,-0.9525146484375
5.648,316,3147,846,858,-10.0,35.0,14.0,56.884761810302734,-1.220703125,33.14208984375,-0.656005859375,0.67138671875,-0.7523193359375
5.666,314,3147,834,826,-10.0,35.0,14.0,15.014647483825684,-7.202147960662842,11.230467796325684,-0.7088623046875,0.3270263671875,-0.389892578125
5.676,316,3147,874,874,-10.0,35.0,14.0,-9.94873046875,-10.803221702575684,0.6103515625,-0.7451171875,0.1639404296875,-0.0792236328125
5.678,316,3147,894,895,-10.0,35.0,14.0,-7.385253429412842,-13.610838890075684,1.2817381620407104,-0.7711181640625,0.216552734375,0.0267333984375
5.691,316,3147,922,846,-10.0,35.0,14.0,8.36181640625,-15.869139671325684,1.4648436307907104,-0.8369140625,0.2843017578125,-0.0703125
5.700,317,3147,907,829,-10.0,35.0,14.0,20.01953125,-16.4794921875,-1.3427733182907104,-0.903564453125,0.324462890625,-0.2569580078125
5.707,318,3147,897,757,-10.0,35.0,14.0,21.667478561401367,-15.136717796325684,-3.601073980331421,-0.913818359375,0.3544921875,-0.392578125
5.739,318,3147,907,730,-8.0,35.0,18.0,14.221190452575684,-12.451170921325684,-5.676269054412842,-0.8839111328125,0.3345947265625,-0.41259765625
5.740,318,3147,907,746,-8.0,35.0,18.0,3.784179449081421,-8.7890625,-9.033203125,-0.8514404296875,0.2611083984375,-0.357421875
5.740,308,3147,944,802,-8.0,35.0,18.0,-3.601073980331421,-4.150390625,-11.901854515075684,-0.837890625,0.1998291015625,-0.294189453125
5.752,318,3147,938,912,-8.0,35.0,18.0,-8.1787109375,0.8544921278953552,-11.718749046325684,-0.8372802734375,0.17724609375,-0.2464599609375
5.759,318,3147,971,987,-8.0,35.0,18.0,-12.023924827575684,5.371093273162842,-8.36181640625,-0.830322265625,0.1654052734375,-0.2205810546875
5.782,318,3147,1025,1095,-8.0,35.0,18.0,-13.854979515075684,9.3994140625,-2.990722417831421,-0.81005859375,0.1531982421875,-0.2279052734375
5.783,321,3147,972,1279,-8.0,35.0,18.0,-13.305663108825684,13.122557640075684,3.234863042831421,-0.77978515625,0.149658203125,-0.255126953125
5.790,317,3147,992,1424,-8.0,35.0,18.0,-12.573241233825684,17.27294921875,9.765625,-0.7412109375,0.1651611328125,-0.2783203125
5.798,323,3147,1004,1555,-8.0,35.0,18.0,-13.671874046325684,22.216794967651367,16.9677734375,-0.68505859375,0.1898193359375,-0.2691650390625
5.812,321,3147,1004,1847,-8.0,35.0,18.0,-18.49365234375,26.367185592651367,24.536130905151367,-0.61181640625,0.1854248046875,-0.2039794921875
5.820,323,3147,1132,2076,-9.0,34.0,14.0,-24.475095748901367,27.404783248901367,31.738279342651367,-0.542236328125,0.141357421875,-0.1041259765625
5.843,327,3147,1310,2334,-9.0,34.0,14.0,-22.888181686401367,22.583005905151367,37.7197265625,-0.4439697265625,0.1295166015625,0.001220703125
5.843,336,3147,1798,2901,-9.0,34.0,14.0,-11.047362327575684,6.347655773162842,36.92626953125,-0.21484375,0.2333984375,0.1102294921875
5.849,349,3147,2080,3147,-9.0,34.0,14.0,-3.295898199081421,-23.010251998901367,18.61572265625,0.165771484375,0.484375,0.1212158203125
5.857,354,3147,2299,3147,-9.0,34.0,14.0,-24.719236373901367,-51.330562591552734,-14.221190452575684,0.4676513671875,0.74462890625,-0.01513671875
5.881,364,3147,2541,3147,-9.0,34.0,14.0,-87.52440643310547,-59.387203216552734,-35.58349609375,0.4583740234375,0.5472412109375,-0.06201171875
5.881,364,3147,2557,3147,-9.0,34.0,14.0,-142.15087890625,-41.381832122802734,-33.63037109375,0.0859375,-0.2808837890625,-0.15185546875
5.887,371,3147,2769,3147,-9.0,34.0,14.0,-126.52587127685547,-13.000487327575684,-29.296873092651367,-0.52587890625,-0.893798828125,-0.33935546875
5.901,387,3147,3147,3147,-9.0,34.0,14.0,-70.73974609375,-4.7607421875,-26.306150436401367,-1.1026611328125,-0.4345703125,-0.4962158203125
5.909,525,3147,3147,3147,-9.0,34.0,14.0,-39.794921875,-19.6533203125,-9.1552734375,-1.567626953125,0.6856689453125,-0.8853759765625
5.917,700,3147,3147,3147,-8.0,31.0,19.0,-51.086421966552734,-35.70556640625,9.94873046875,-1.9237060546875,1.205322265625,-1.1138916015625
5.942,906,3147,3147,3147,-8.0,31.0,19.0,-78.0029296875,-40.832515716552734,13.916014671325684,-2.5155029296875,1.580078125,-1.2235107421875
5.943,947,3147,3147,3147,-8.0,31.0,19.0,-113.40331268310547,-16.4794921875,19.59228515625,-3.203369140625,1.2574462890625,-1.3975830078125
5.954,1010,3147,3147,3147,-8.0,31.0,19.0,-126.89208221435547,-2.197265625,12.573241233825684,-2.566162109375,-0.5599365234375,-0.13232421875
5.964,959,3147,3147,3147,-8.0,31.0,19.0,-64.5751953125,-25.329587936401367,-2.929687261581421,-1.1611328125,-0.9464111328125,1.307861328125
5.969,905,3147,3147,3147,-8.0,31.0,19.0,27.465818405151367,-16.54052734375,4.33349609375,-0.6116943359375,0.408203125,0.5479736328125
5.992,860,3147,3147,3147,-8.0,31.0,19.0,69.4580078125,25.451658248901367,1.4648436307907104,-0.8275146484375,1.0567626953125,-0.9422607421875
5.992,868,3147,3147,3147,-8.0,31.0,19.0,47.851558685302734,37.841796875,-26.550291061401367,-1.2227783203125,0.841552734375,-1.40283203125
6.001,820,3147,3147,3147,-8.0,31.0,19.0,1.03759765625,14.770506858825684,-46.020503997802734,-1.5914306640625,0.6651611328125,-1.1597900390625
6.007,765,3147,3147,3147,-8.0,31.0,19.0,1.03759765625,14.770506858825684,-46.020503997802734,-1.8797607421875,0.5804443359375,-0.881103515625
6.021,551,3147,3147,3147,-6.0,33.0,18.0,-46.569820404052734,-31.860349655151367,-29.846189498901367,-1.8883056640625,0.4154052734375,-0.5286865234375
6.043,419,3147,3147,3147,-6.0,33.0,18.0,-40.161128997802734,-39.12353515625,-20.690916061401367,-1.6732177734375,0.3419189453125,-0.146728515625
6.044,382,3147,3147,3147,-6.0,33.0,18.0,-40.161128997802734,-39.12353515625,-20.690916061401367,-1.461181640625,0.389892578125,0.031494140625
6.052,378,3147,2834,3147,-6.0,33.0,18.0,-13.793944358825684,-13.244627952575684,-4.33349609375,-1.3065185546875,0.4422607421875,-0.014892578125
6.059,357,3147,2608,3147,-6.0,33.0,18.0,0.9765624403953552,9.21630859375,3.479003667831421,-1.08740234375,0.3836669921875,-0.076904296875
6.067,342,3147,2394,3147,-6.0,33.0,18.0,0.9765624403953552,9.21630859375,3.479003667831421,-0.8570556640625,0.2191162109375,-0.030517578125
6.092,344,3147,2026,3147,-6.0,33.0,18.0,31.799314498901367,50.720211029052734,6.774901866912842,-0.7264404296875,0.004638671875,0.105712890625
6.092,334,3147,1732,3015,-6.0,33.0,18.0,42.419429779052734,62.011714935302734,2.624511480331421,-0.6400146484375,-0.2413330078125,0.2296142578125
6.099,330,3147,1490,2676,-6.0,33.0,18.0,42.419429779052734,62.011714935302734,2.624511480331421,-0.520263671875,-0.415283203125,0.2261962890625
6.112,316,3147,1149,2119,-6.0,33.0,18.0,73.54736328125,54.260250091552734,2.563476324081421,-0.3302001953125,-0.3515625,0.175537109375
6.120,315,3147,1078,1743,-6.0,33.0,18.0,85.44921112060547,31.616209030151367,10.070799827575684,-0.08154296875,-0.058837890625,0.150390625
6.127,315,3147,1067,1541,-6.0,33.0,18.0,85.44921112060547,31.616209030151367,10.070799827575684,0.0140380859375,0.205078125,-0.0069580078125
6.148,313,3147,887,1125,-6.0,33.0,18.0,96.43553924560547,-13.671874046325684,-1.4648436307907104,-0.2205810546875,0.288818359375,-0.3492431640625
6.150,312,3147,888,959,-6.0,33.0,18.0,100.89110565185547,-13.488768577575684,-12.268065452575684,-0.5458984375,0.28662109375,-0.6304931640625
6.158,313,3147,883,793,-6.0,33.0,18.0,100.89110565185547,-13.488768577575684,-12.268065452575684,-0.7030029296875,0.3480224609375,-0.697509765625
6.172,313,3147,832,675,-6.0,33.0,18.0,75.74462890625,1.3427733182907104,18.798828125,-0.6973876953125,0.5123291015625,-0.662109375
6.188,313,3147,832,562,-6.0,33.0,18.0,58.288570404052734,0.1220703050494194,28.076169967651367,-0.63916015625,0.5845947265625,-0.5953369140625
6.188,299,3147,816,525,-6.0,33.0,18.0,58.288570404052734,0.1220703050494194,28.076169967651367,-0.6656494140625,0.4521484375,-0.450439453125
6.202,316,3147,874,522,-6.0,33.0,18.0,-3.356933355331421,-16.17431640625,4.21142578125,-0.750244140625,0.274169921875,-0.243896484375
6.210,314,3147,887,519,-9.0,33.0,20.0,-20.385740280151367,-20.141599655151367,-0.0610351525247097,-0.798095703125,0.1881103515625,-0.0975341796875
6.219,316,3147,900,536,-9.0,33.0,20.0,-20.385740280151367,-20.141599655151367,-0.0610351525247097,-0.82373046875,0.189453125,-0.0968017578125
6.251,314,3147,922,571,-9.0,33.0,20.0,4.21142578125,-14.282225608825684,5.0048828125,-0.85546875,0.262451171875,-0.210205078125
6.252,310,3147,894,551,-9.0,33.0,20.0,18.37158203125,-8.30078125,6.652831554412842,-0.869873046875,0.3802490234375,-0.312744140625
6.252,313,3147,899,561,-9.0,33.0,20.0,18.37158203125,-8.30078125,6.652831554412842,-0.85400390625,0.4483642578125,-0.335693359375
6.262,313,3147,947,562,-9.0,33.0,20.0,9.033203125,-0.8544921278953552,-1.3427733182907104,-0.8291015625,0.3985595703125,-0.316162109375
6.271,315,3147,951,667,-9.0,33.0,20.0,-3.234863042831421,3.112792730331421,-7.202147960662842,-0.8150634765625,0.2861328125,-0.2841796875
6.293,313,3147,951,740,-9.0,33.0,20.0,-3.234863042831421,3.112792730331421,-7.202147960662842,-0.8115234375,0.1903076171875,-0.2479248046875
6.293,313,3147,946,933,-9.0,33.0,20.0,-19.775390625,8.85009765625,-7.202147960662842,-0.80859375,0.136962890625,-0.229248046875
6.305,313,3147,975,1051,-9.0,33.0,20.0,-22.644041061401367,9.3994140625,-1.4038084745407104,-0.8006591796875,0.135009765625,-0.239990234375
6.309,315,3147,973,1206,-9.0,32.0,21.0,-22.644041061401367,9.3994140625,-1.4038084745407104,-0.786865234375,0.1663818359375,-0.2593994140625
6.322,313,3147,1000,1456,-9.0,32.0,21.0,-25.146482467651367,8.60595703125,12.451170921325684,-0.7703857421875,0.19677734375,-0.254638671875
6.330,313,3147,1009,1608,-9.0,32.0,21.0,-25.146482467651367,8.60595703125,12.451170921325684,-0.7376708984375,0.201171875,-0.209716796875
6.354,317,3147,1071,1773,-9.0,32.0,21.0,-27.526853561401367,9.521484375,19.47021484375,-0.7376708984375,0.201171875,-0.209716796875
6.355,317,3147,1163,2085,-9.0,32.0,21.0,-30.029294967651367,16.357421875,31.860349655151367,-0.603759765625,0.1600341796875,-0.0985107421875
6.361,327,3147,1390,2412,-9.0,32.0,21.0,-30.029294967651367,16.357421875,31.860349655151367,-0.4688720703125,0.190185546875,-0.067138671875
6.369,328,3147,1687,2652,-9.0,32.0,21.0,-27.282712936401367,15.319823265075684,35.2783203125,-0.4688720703125,0.190185546875,-0.067138671875
6.384,334,3147,2139,3147,-9.0,32.0,21.0,-19.71435546875,-25.878904342651367,14.282225608825684,0.12353515625,0.4033203125,0.15966796875
6.391,337,3147,2308,3147,-9.0,32.0,21.0,-19.71435546875,-25.878904342651367,14.282225608825684,0.3931884765625,0.4542236328125,0.1826171875
6.413,346,3147,2580,3147,-9.0,32.0,21.0,-31.494138717651367,-51.513668060302734,-10.742186546325684,0.3931884765625,0.4542236328125,0.1826171875
6.413,355,3147,2657,3147,-7.0,34.0,18.0,-87.03612518310547,-43.273921966552734,-17.15087890625,0.0518798828125,-0.2257080078125,-0.02392578125
6.421,361,3147,2741,3147,-7.0,34.0,18.0,-87.03612518310547,-43.273921966552734,-17.15087890625,-0.537353515625,-0.8333740234375,-0.20947265625
6.428,370,3147,2990,3147,-7.0,34.0,18.0,-70.4345703125,-19.287109375,-13.977049827575684,-0.537353515625,-0.8333740234375,-0.20947265625
6.456,481,3147,3147,3147,-7.0,34.0,18.0,-1.2817381620407104,-18.310546875,10.131834983825684,-1.48583984375,0.631591796875,-0.7236328125
6.456,632,3147,3147,3147,-7.0,34.0,18.0,-1.2817381620407104,-18.310546875,10.131834983825684,-1.8453369140625,1.4732666015625,-1.2940673828125
6.459,963,3147,3147,3147,-7.0,34.0,18.0,-8.11767578125,-33.14208984375,31.127927780151367,-1.8453369140625,1.4732666015625,-1.2940673828125
6.473,1004,3147,3147,3147,-7.0,34.0,18.0,-101.50145721435547,-32.04345703125,16.845703125,-3.2037353515625,1.5450439453125,-1.7745361328125
6.480,1117,3147,3147,3147,-7.0,34.0,18.0,-101.50145721435547,-32.04345703125,16.845703125,-2.489501953125,-0.6951904296875,-0.0609130859375
6.495,1096,3147,3147,3147,-7.0,34.0,18.0,-139.83154296875,-34.36279296875,-4.2724609375,-2.489501953125,-0.6951904296875,-0.0609130859375
6.502,972,3147,3147,3147,-7.0,34.0,21.0,41.809078216552734,-55.480953216552734,-7.507323741912842,-0.6759033203125,-0.01123046875,1.0523681640625
6.524,920,3147,3147,3147,-7.0,34.0,21.0,41.809078216552734,-55.480953216552734,-7.507323741912842,-0.88330078125,0.86376953125,-0.6693115234375
6.524,900,3147,3147,3147,-7.0,34.0,21.0,116.51610565185547,1.7700194120407104,6.469726085662842,-0.88330078125,0.86376953125,-0.6693115234375
6.533,897,3147,3147,3147,-7.0,34.0,21.0,34.7900390625,25.451658248901367,-17.39501953125,-1.541015625,0.8746337890625,-1.138427734375
6.559,844,3147,3147,3147,-7.0,34.0,21.0,34.7900390625,25.451658248901367,-17.39501953125,-1.8046875,0.84814453125,-0.918212890625
6.559,765,3147,3147,3147,-7.0,34.0,21.0,-28.991697311401367,6.286620616912842,-22.277830123901367,-1.8046875,0.84814453125,-0.918212890625
6.563,644,3147,3147,3147,-7.0,34.0,21.0,-61.950679779052734,-11.230467796325684,-24.230955123901367,-1.6622314453125,0.3443603515625,-0.227783203125
6.570,506,3147,3147,3147,-7.0,34.0,21.0,-61.889644622802734,-26.733396530151367,-24.047849655151367,-1.6622314453125,0.3443603515625,-0.227783203125
6.579,390,3147,3147,3147,-7.0,34.0,21.0,-43.395992279052734,-31.860349655151367,-17.578125,-1.427978515625,0.3218994140625,0.049560546875
6.596,373,3147,2797,3147,-7.0,34.0,21.0,-20.874021530151367,-24.230955123901367,-8.30078125,-1.01220703125,0.5281982421875,0.0054931640625
6.601,371,3147,2514,3147,-7.0,30.0,27.0,0.7324218153953552,-8.11767578125,-1.8310545682907104,-1.01220703125,0.5281982421875,0.0054931640625
6.608,363,3147,2296,3147,-7.0,30.0,27.0,17.51708984375,10.803221702575684,-1.5869139432907104,-0.79345703125,0.5167236328125,-0.046142578125
6.631,359,3147,2058,3147,-7.0,30.0,27.0,26.306150436401367,27.282712936401367,-8.544921875,-0.639404296875,-0.0704345703125,0.1234130859375
6.632,348,3147,1922,3147,-7.0,30.0,27.0,30.883787155151367,38.26904296875,-17.333984375,-0.639404296875,-0.0704345703125,0.1234130859375
6.639,336,3147,1557,2952,-7.0,30.0,27.0,38.14697265625,42.053218841552734,-20.080564498901367,-0.572265625,-0.3544921875,0.1690673828125
6.660,327,3147,1330,2456,-7.0,30.0,27.0,50.964351654052734,40.161128997802734,-13.854979515075684,-0.1842041015625,-0.34130859375,0.1488037109375
6.661,326,3147,1237,2223,-7.0,30.0,27.0,64.51416015625,32.71484375,-1.7700194120407104,-0.1842041015625,-0.34130859375,0.1488037109375
6.669,323,3147,1178,1959,-7.0,30.0,27.0,72.32666015625,21.118162155151367,10.375975608825684,-0.1060791015625,-0.139892578125,0.13916015625
6.683,321,3147,1024,1691,-7.0,30.0,27.0,77.94189453125,13.854979515075684,17.4560546875,-0.5089111328125,0.254638671875,-0.2763671875
6.691,319,3147,1025,1602,-7.0,30.0,27.0,87.58544158935547,14.648436546325684,16.845703125,-0.5089111328125,0.254638671875,-0.2763671875
6.718,318,3147,1014,1529,-9.0,30.0,21.0,91.55272674560547,20.080564498901367,15.930174827575684,-0.662353515625,0.3387451171875,-0.4852294921875
6.718,323,3147,977,1380,-9.0,30.0,21.0,84.28954315185547,28.259275436401367,22.888181686401367,-0.754638671875,0.5404052734375,-0.575927734375
6.731,318,3147,1024,1328,-9.0,30.0,21.0,69.580078125,32.1044921875,30.090330123901367,-0.754638671875,0.5404052734375,-0.575927734375
6.743,321,3147,1004,1255,-9.0,30.0,21.0,46.264644622802734,28.137205123901367,27.832029342651367,-0.671875,0.498046875,-0.4332275390625
6.751,321,3147,1022,1224,-9.0,30.0,21.0,19.22607421875,16.845703125,15.563963890075684,-0.765380859375,0.38232421875,-0.17236328125
6.760,318,3147,1025,1137,-9.0,30.0,21.0,-3.845214605331421,3.601073980331421,-1.8920897245407104,-0.765380859375,0.38232421875,-0.17236328125
6.761,316,3147,1024,1116,-9.0,30.0,21.0,-11.108397483825684,-0.54931640625,-9.27734375,-0.9193115234375,0.2557373046875,-0.077880859375
6.773,316,3147,1014,1163,-9.0,30.0,21.0,4.7607421875,3.601073980331421,-0.9765624403953552,-0.8597412109375,0.368408203125,-0.24755859375
6.783,319,3147,1012,1160,-9.0,30.0,21.0,28.320310592651367,9.765625,9.27734375,-0.8597412109375,0.368408203125,-0.24755859375
6.788,321,3147,1025,1162,-9.0,30.0,21.0,39.9169921875,13.671874046325684,11.596678733825684,-0.826416015625,0.4425048828125,-0.3468017578125
6.802,318,3147,992,1258,-11.0,31.0,19.0,35.33935546875,14.343260765075684,6.530761241912842,-0.8060302734375,0.4197998046875,-0.3729248046875
6.810,318,3147,1001,1326,-11.0,31.0,19.0,23.620603561401367,13.671874046325684,-0.1831054538488388,-0.78564453125,0.3172607421875,-0.3712158203125
6.818,316,3147,1047,1399,-11.0,31.0,19.0,14.221190452575684,13.671874046325684,-3.662109136581421,-0.7691650390625,0.20263671875,-0.3724365234375
6.838,317,3147,1025,1499,-11.0,31.0,19.0,8.6669921875,14.160155296325684,-2.3193359375,-0.7392578125,0.1419677734375,-0.362548828125
6.840,318,3147,996,1584,-11.0,31.0,19.0,3.051757574081421,14.526366233825684,1.4648436307907104,-0.724365234375,0.1224365234375,-0.3167724609375
6.864,317,3147,1022,1689,-11.0,31.0,19.0,-2.0751953125,17.02880859375,6.652831554412842,-0.7366943359375,0.12255859375,-0.252685546875
6.866,321,3147,976,1900,-11.0,31.0,19.0,-2.746581792831421,22.094724655151367,13.549803733825684,-0.7095947265625,0.1536865234375,-0.2086181640625
6.870,313,3147,991,2014,-11.0,31.0,19.0,-2.563476324081421,26.672361373901367,19.4091796875,-0.6536865234375,0.1829833984375,-0.1805419921875
6.879,316,3147,1042,2156,-11.0,31.0,19.0,-5.737304210662842,29.113767623901367,22.827146530151367,-0.5986328125,0.2171630859375,-0.1485595703125
6.899,324,3147,1202,2610,-11.0,31.0,19.0,-9.09423828125,25.146482467651367,23.620603561401367,-0.4959716796875,0.270263671875,-0.0992431640625
6.900,331,3147,1454,2879,-12.0,32.0,14.0,-9.521484375,8.9111328125,18.24951171875,-0.3197021484375,0.345947265625,-0.0123291015625
6.909,343,3147,1861,3147,-12.0,32.0,14.0,-12.207030296325684,-17.08984375,4.69970703125,-0.022216796875,0.4892578125,0.099609375
6.922,362,3147,2541,3147,-12.0,32.0,14.0,-30.578611373901367,-47.241207122802734,-16.17431640625,0.3931884765625,0.7650146484375,0.10986328125
6.930,351,3147,2757,3147,-12.0,32.0,14.0,-86.66991424560547,-67.32177734375,-38.330078125,0.58349609375,0.9716796875,-0.01953125
6.945,371,3147,2698,3147,-12.0,32.0,14.0,-172.66844177246094,-60.180660247802734,-46.203609466552734,0.3065185546875,0.267578125,-0.100830078125
6.959,374,3147,2978,3147,-12.0,32.0,14.0,-198.60838317871094,-30.944822311401367,-49.560543060302734,-0.3143310546875,-1.3936767578125,-0.15283203125
6.968,383,3147,3147,3147,-12.0,32.0,14.0,-123.65721893310547,-6.103515148162842,-50.964351654052734,-0.96337890625,-1.7169189453125,-0.21875
6.969,411,3147,3147,3147,-12.0,32.0,14.0,-39.48974609375,-7.629394054412842,-21.789548873901367,-1.436767578125,0.093994140625,-0.4501953125
6.982,801,3147,3147,3147,-12.0,32.0,14.0,-14.648436546325684,-26.184080123901367,15.747069358825684,-1.9132080078125,1.7227783203125,-1.0418701171875
6.990,835,3147,3147,3147,-12.0,32.0,14.0,-39.0625,-33.8134765625,27.099607467651367,-2.8223876953125,2.5927734375,-1.97216796875
7.006,871,3147,3147,3147,-6.0,34.0,20.0,-85.44921112060547,-8.9111328125,15.747069358825684,-3.3131103515625,1.25537109375,-1.8482666015625
7.013,867,3147,3147,3147,-6.0,34.0,20.0,-93.68895721435547,-21.911619186401367,-11.718749046325684,-2.1707763671875,-1.106689453125,0.4927978515625
7.020,744,3147,3147,3147,-6.0,34.0,20.0,-19.287109375,-53.894039154052734,-14.526366233825684,-0.9031982421875,-0.8438720703125,1.7457275390625
7.028,638,3147,3147,3147,-6.0,34.0,20.0,86.12059783935547,-14.892577171325684,7.141112804412842,-0.780029296875,0.4835205078125,0.275634765625
7.042,653,3147,3147,3147,-6.0,34.0,20.0,126.03759002685547,38.51318359375,5.859374523162842,-1.0731201171875,0.8408203125,-1.2076416015625
7.050,682,3147,3147,3147,-6.0,34.0,20.0,79.833984375,47.302242279052734,-10.620116233825684,-1.3402099609375,0.74853515625,-1.5406494140625
7.068,661,3147,3147,3147,-6.0,34.0,20.0,8.23974609375,23.498533248901367,-17.2119140625,-1.677001953125,0.9703369140625,-1.4400634765625
7.072,464,3147,3147,3147,-6.0,34.0,20.0,-46.142574310302734,-4.150390625,-18.1884765625,-1.94189453125,0.943603515625,-1.1796875
7.080,361,3147,3147,3147,-6.0,34.0,20.0,-72.08251953125,-23.803709030151367,-23.315427780151367,-1.888671875,0.4744873046875,-0.5772705078125
7.090,360,3147,3147,3147,-6.0,34.0,20.0,-68.05419921875,-28.747556686401367,-22.827146530151367,-1.666748046875,0.2503662109375,-0.0001220703125
7.108,351,3147,2858,3147,-4.0,35.0,17.0,-42.297359466552734,-19.59228515625,-13.854979515075684,-1.4517822265625,0.3541259765625,0.2025146484375
7.111,345,3147,2567,3147,-4.0,35.0,17.0,-7.446288585662842,-2.3193359375,-4.39453125,-1.2159423828125,0.4364013671875,0.0650634765625
7.119,337,3147,2320,3147,-4.0,35.0,17.0,23.620603561401367,16.29638671875,2.746581792831421,-0.9156494140625,0.39453125,-0.0791015625
7.134,330,3147,1900,3147,-4.0,35.0,17.0,45.288082122802734,33.14208984375,4.94384765625,-0.6773681640625,0.2364501953125,-0.0758056640625
7.149,328,3147,1730,3147,-4.0,35.0,17.0,58.837886810302734,47.851558685302734,0.8544921278953552,-0.5279541015625,-0.04931640625,0.0479736328125
7.175,321,3147,1386,2801,-4.0,35.0,17.0,65.673828125,58.227535247802734,-3.601073980331421,-0.3831787109375,-0.4266357421875,0.2706298828125
7.176,317,3147,1146,2144,-4.0,35.0,17.0,70.80078125,61.157222747802734,-0.54931640625,-0.19140625,-0.708740234375,0.5208740234375
7.179,316,3147,1045,1809,-4.0,35.0,17.0,80.44432830810547,53.771968841552734,13.549803733825684,0.0013427734375,-0.6417236328125,0.647705078125
7.181,316,3147,923,1514,-4.0,35.0,17.0,97.71727752685547,39.00146484375,32.2265625,0.0120849609375,-0.1988525390625,0.44140625
7.195,313,3147,849,1201,-10.0,32.0,20.0,127.44139862060547,26.184080123901367,40.527339935302734,-0.2333984375,0.2880859375,-0.1065673828125
7.201,310,3147,853,1157,-10.0,32.0,20.0,155.09033203125,19.34814453125,33.3251953125,-0.5274658203125,0.5645751953125,-0.704345703125
7.210,308,3147,855,1026,-10.0,32.0,20.0,147.27783203125,16.17431640625,26.000974655151367,-0.6634521484375,0.69287109375,-1.0362548828125
7.222,309,3147,840,853,-10.0,32.0,20.0,102.41698455810547,15.686034202575684,27.343748092651367,-0.6290283203125,0.7210693359375,-1.035888671875
7.230,312,3147,841,774,-10.0,32.0,20.0,47.729488372802734,15.747069358825684,25.695798873901367,-0.568359375,0.6304931640625,-0.826904296875
7.238,313,3147,895,759,-10.0,32.0,20.0,1.8310545682907104,14.709471702575684,14.526366233825684,-0.635009765625,0.465576171875,-0.5355224609375
7.253,313,3147,895,803,-10.0,32.0,20.0,-27.587888717651367,11.413573265075684,2.685546636581421,-0.75439453125,0.30322265625,-0.220458984375
7.273,311,3147,905,816,-10.0,32.0,20.0,-35.7666015625,4.8828125,-2.868652105331421,-0.821533203125,0.191162109375,-0.0208740234375
7.274,309,3147,927,799,-10.0,32.0,20.0,-35.7666015625,4.8828125,-2.868652105331421,-0.869140625,0.1773681640625,-0.0745849609375
7.292,315,3147,951,749,-10.0,32.0,20.0,6.103515148162842,-1.7700194120407104,-3.356933355331421,-0.8841552734375,0.253173828125,-0.2662353515625
7.295,313,3147,974,753,-11.0,32.0,17.0,23.803709030151367,0.6103515625,-1.9531248807907104,-0.8516845703125,0.3160400390625,-0.39111328125
7.299,315,3147,991,803,-11.0,32.0,17.0,23.803709030151367,0.6103515625,-1.9531248807907104,-0.8076171875,0.3055419921875,-0.3944091796875
7.313,313,3147,939,935,-11.0,32.0,17.0,20.690916061401367,7.629394054412842,-0.9155272841453552,-0.77392578125,0.25830078125,-0.3525390625
7.320,318,3147,933,1004,-11.0,32.0,17.0,16.6015625,11.596678733825684,0.0610351525247097,-0.766357421875,0.245849609375,-0.3353271484375
7.328,318,3147,944,1079,-11.0,32.0,17.0,16.6015625,11.596678733825684,0.0610351525247097,-0.7657470703125,0.25634765625,-0.32763671875
7.342,321,3147,936,1290,-11.0,32.0,17.0,5.981444835662842,18.24951171875,5.676269054412842,-0.7449951171875,0.2421875,-0.30322265625
7.350,317,3147,971,1344,-11.0,32.0,17.0,-0.9765624403953552,20.935056686401367,8.85009765625,-0.711669921875,0.228271484375,-0.2864990234375
7.377,316,3147,999,1478,-11.0,32.0,17.0,-0.9765624403953552,20.935056686401367,8.85009765625,-0.6884765625,0.252685546875,-0.306884765625
7.379,317,3147,971,1739,-11.0,32.0,17.0,-8.30078125,26.855466842651367,12.329100608825684,-0.6787109375,0.2880859375,-0.32958984375
7.387,302,3147,1039,1844,-11.0,32.0,17.0,-13.122557640075684,28.564451217651367,12.512206077575684,-0.6661376953125,0.2822265625,-0.296630859375
7.390,316,3147,1050,2048,-12.0,36.0,18.0,-13.122557640075684,28.564451217651367,12.512206077575684,-0.646484375,0.2430419921875,-0.215087890625
7.400,321,3147,1125,2246,-12.0,36.0,18.0,-19.8974609375,29.113767623901367,13.305663108825684,-0.646484375,0.2430419921875,-0.215087890625
7.423,324,3147,1377,2557,-12.0,36.0,18.0,-23.742673873901367,20.263669967651367,17.15087890625,-0.4091796875,0.274169921875,-0.0606689453125
7.423,324,3147,1675,2840,-12.0,36.0,18.0,-23.742673873901367,20.263669967651367,17.15087890625,-0.1483154296875,0.4178466796875,-0.0653076171875
7.428,333,3147,1904,3147,-12.0,36.0,18.0,-24.536130905151367,3.234863042831421,10.070799827575684,-0.1483154296875,0.4178466796875,-0.0653076171875
7.441,359,3147,2417,3147,-12.0,36.0,18.0,-81.54296112060547,-42.480464935302734,-34.5458984375,0.1016845703125,0.843505859375,-0.1727294921875
7.449,364,3147,2716,3147,-12.0,36.0,18.0,-81.54296112060547,-42.480464935302734,-34.5458984375,-0.0740966796875,0.3370361328125,-0.1820068359375
7.457,371,3147,2788,3147,-12.0,36.0,18.0,-146.17919921875,-53.527828216552734,-50.598140716552734,-0.0740966796875,0.3370361328125,-0.1820068359375
7.481,373,3147,2765,3147,-12.0,36.0,18.0,-147.39990234375,-30.761716842651367,-50.964351654052734,-0.778564453125,-1.3753662109375,0.023193359375
7.482,376,3147,2881,3147,-12.0,36.0,18.0,-147.39990234375,-30.761716842651367,-50.964351654052734,-1.0399169921875,-0.336181640625,0.0426025390625
7.488,383,3147,3112,3147,-5.0,33.0,18.0,-71.4111328125,-8.4228515625,-25.573728561401367,-1.0399169921875,-0.336181640625,0.0426025390625
7.501,401,3147,3147,3147,-5.0,33.0,18.0,-5.798339366912842,-4.21142578125,29.235837936401367,-1.558349609375,1.2474365234375,-0.7493896484375
7.517,562,3147,3147,3147,-5.0,33.0,18.0,-5.798339366912842,-4.21142578125,29.235837936401367,-1.9508056640625,1.2401123046875,-1.2586669921875
7.519,708,3147,3147,3147,-5.0,33.0,18.0,-5.798339366912842,-8.97216796875,22.277830123901367,-1.9508056640625,1.2401123046875,-1.2586669921875
7.531,645,3147,3147,3147,-5.0,33.0,18.0,-37.109375,0.0610351525247097,-3.112792730331421,-2.87890625,0.5665283203125,-0.9434814453125
7.539,654,3147,3147,3147,-5.0,33.0,18.0,-37.109375,0.0610351525247097,-3.112792730331421,-1.78125,-0.6251220703125,0.71484375
7.547,553,3147,3147,3147,-5.0,33.0,18.0,-33.26416015625,-4.638671875,-8.544921875,-1.78125,-0.6251220703125,0.71484375
7.561,508,3147,3147,3147,-5.0,33.0,18.0,88.68407440185547,30.334470748901367,19.1650390625,-0.796142578125,0.6927490234375,-0.8575439453125
7.589,518,3147,3147,3147,-5.0,33.0,18.0,88.68407440185547,30.334470748901367,19.1650390625,-1.0250244140625,0.775146484375,-1.765380859375
7.590,521,3147,3147,3147,-5.0,33.0,18.0,85.32714080810547,32.958984375,3.112792730331421,-1.0250244140625,0.775146484375,-1.765380859375
7.591,490,3147,3147,3147,-5.0,33.0,17.0,27.587888717651367,2.197265625,-19.4091796875,-1.7406005859375,0.5885009765625,-1.1646728515625
7.599,390,3147,3147,3147,-5.0,33.0,17.0,-33.14208984375,-37.41455078125,-25.512693405151367,-1.7406005859375,0.5885009765625,-1.1646728515625
7.608,385,3147,3147,3147,-5.0,33.0,17.0,-67.7490234375,-59.631343841552734,-18.85986328125,-1.956787109375,0.529296875,-0.72216796875
7.622,387,3147,3144,3147,-5.0,33.0,17.0,-77.08740234375,-60.791011810302734,-9.521484375,-1.6048583984375,0.417236328125,-0.031494140625
7.629,382,3147,3079,3147,-5.0,33.0,17.0,-65.185546875,-46.447750091552734,-3.845214605331421,-1.6048583984375,0.417236328125,-0.031494140625
7.644,371,3147,2955,3147,-5.0,33.0,17.0,-40.161128997802734,-22.766111373901367,-3.234863042831421,-1.3819580078125,0.5267333984375,-0.0015869140625
7.652,363,3147,2544,3147,-5.0,33.0,17.0,-14.953612327575684,3.051757574081421,-5.065917491912842,-0.832763671875,0.4835205078125,-0.0526123046875
7.659,359,3147,2356,3147,-5.0,33.0,17.0,4.69970703125,27.404783248901367,-7.995604991912842,-0.832763671875,0.4835205078125,-0.0526123046875
7.682,359,3147,2160,3147,-5.0,33.0,17.0,22.216794967651367,50.354000091552734,-12.390135765075684,-0.63525390625,0.1973876953125,0.019775390625
7.689,336,3147,1652,2872,-7.0,35.0,14.0,39.61181640625,69.88525390625,-15.258788108825684,-0.5802001953125,-0.468994140625,0.32568359375
7.690,331,3147,1399,2445,-7.0,35.0,14.0,54.748531341552734,79.7119140625,-12.878417015075684,-0.5802001953125,-0.468994140625,0.32568359375
7.698,325,3147,1312,2072,-7.0,35.0,14.0,72.93701171875,74.40185546875,-3.662109136581421,-0.394775390625,-0.7144775390625,0.51904296875
7.713,323,3147,1146,1440,-7.0,35.0,14.0,98.93798065185547,52.124019622802734,13.244627952575684,-0.0479736328125,-0.237060546875,0.1591796875
7.723,321,3147,1050,1014,-7.0,35.0,14.0,129.5166015625,22.460935592651367,32.65380859375,-0.0479736328125,-0.237060546875,0.1591796875
7.728,321,3147,1004,794,-7.0,35.0,14.0,163.94041442871094,2.746581792831421,44.433589935302734,-0.2698974609375,0.11376953125,-0.3896484375
7.741,317,3147,976,371,-7.0,35.0,14.0,187.68309020996094,-3.234863042831421,48.950191497802734,-0.5948486328125,0.5926513671875,-1.0699462890625
7.756,318,3018,963,355,-7.0,35.0,14.0,179.50437927246094,-3.112792730331421,55.725093841552734,-0.5948486328125,0.5926513671875,-1.0699462890625
7.757,318,2821,944,356,-7.0,35.0,14.0,140.80810546875,-3.601073980331421,56.884761810302734,-0.490234375,0.8355712890625,-1.07568359375
7.785,321,2407,938,348,-7.0,35.0,14.0,84.41161346435547,-6.896972179412842,38.26904296875,-0.60302734375,0.5843505859375,-0.5498046875
7.786,321,2348,923,354,-10.0,33.0,17.0,24.230955123901367,-10.864256858825684,9.6435546875,-0.60302734375,0.5843505859375,-0.5498046875
7.788,306,2306,951,347,-10.0,33.0,17.0,-19.04296875,-15.197752952575684,-10.681151390075684,-0.6912841796875,0.3155517578125,-0.2374267578125
7.801,321,2192,913,348,-10.0,33.0,17.0,-32.16552734375,-19.34814453125,-19.6533203125,-0.71337890625,0.2059326171875,-0.1297607421875
7.809,321,2083,1004,348,-10.0,33.0,17.0,-23.620603561401367,-20.446775436401367,-21.850584030151367,-0.7508544921875,0.214599609375,-0.213134765625
7.824,318,1973,992,351,-10.0,33.0,17.0,-8.7890625,-18.12744140625,-19.287109375,-0.7764892578125,0.259765625,-0.3243408203125
7.831,319,2115,1042,346,-10.0,33.0,17.0,2.685546636581421,-13.854979515075684,-14.953612327575684,-0.765380859375,0.30126953125,-0.3533935546875
7.840,321,2183,1056,348,-10.0,33.0,17.0,7.263183116912842,-8.23974609375,-11.596678733825684,-0.755859375,0.3310546875,-0.3040771484375
7.848,321,2374,1031,349,-10.0,33.0,17.0,6.713866710662842,-1.5258787870407104,-9.09423828125,-0.75,0.31494140625,-0.24560546875
7.862,318,2599,1005,351,-10.0,33.0,17.0,3.845214605331421,6.530761241912842,-5.798339366912842,-0.743408203125,0.2437744140625,-0.2283935546875
7.870,317,2887,1014,354,-10.0,33.0,17.0,-1.4648436307907104,16.11328125,-0.7324218153953552,-0.7481689453125,0.179443359375,-0.2225341796875
7.887,317,3147,1018,354,-10.0,33.0,14.0,-9.27734375,25.268552780151367,5.920409679412842,-0.7486572265625,0.15869140625,-0.2113037109375
7.891,316,3147,1031,513,-10.0,33.0,14.0,-14.892577171325684,32.5927734375,13.244627952575684,-0.7352294921875,0.166259765625,-0.24462890625
7.902,316,3147,1039,683,-10.0,33.0,14.0,-14.160155296325684,38.2080078125,20.080564498901367,-0.724609375,0.1866455078125,-0.3248291015625
7.910,316,3147,991,890,-10.0,33.0,14.0,-8.7890625,41.320796966552734,25.268552780151367,-0.717529296875,0.2298583984375,-0.38330078125
7.928,317,3147,947,1271,-10.0,33.0,14.0,-3.906249761581421,39.1845703125,27.404783248901367,-0.65576171875,0.3231201171875,-0.396484375
7.929,305,3147,966,1494,-10.0,33.0,14.0,-4.57763671875,27.282712936401367,22.644041061401367,-0.596435546875,0.3980712890625,-0.3807373046875
7.937,318,3147,1053,1813,-10.0,33.0,14.0,-12.390135765075684,12.817381858825684,14.770506858825684,-0.606689453125,0.3760986328125,-0.317138671875
7.951,321,3147,1129,2268,-10.0,33.0,14.0,-20.263669967651367,0.7934569716453552,15.380858421325684,-0.5491943359375,0.3216552734375,-0.21484375
7.959,328,3147,1320,2679,-10.0,33.0,14.0,-22.460935592651367,-12.817381858825684,22.827146530151367,-0.3905029296875,0.32470703125,-0.092041015625
7.968,332,3147,1722,3056,-10.0,33.0,14.0,-22.460935592651367,-34.0576171875,21.667478561401367,-0.06005859375,0.4642333984375,0.05078125
7.990,361,3147,2544,3147,-11.0,32.0,19.0,-36.56005859375,-70.556640625,-6.896972179412842,0.3870849609375,0.8189697265625,0.087158203125
7.990,344,3147,2879,3147,-11.0,32.0,19.0,-89.41649627685547,-106.50634002685547,-59.936519622802734,0.42529296875,1.01025390625,-0.0408935546875
7.997,349,3147,2803,3147,-11.0,32.0,19.0,-178.58885192871094,-118.65233612060547,-103.02733612060547,-0.02978515625,-0.1263427734375,-0.0860595703125
8.013,359,3147,2881,3147,-11.0,32.0,19.0,-223.32762145996094,-102.90526580810547,-106.99462127685547,-0.532958984375,-1.94091796875,0.0118408203125
8.030,373,3147,3147,3147,-11.0,32.0,19.0,-162.71971130371094,-65.73486328125,-66.58935546875,-0.942626953125,-1.6417236328125,-0.0604248046875
8.033,398,3147,3147,3147,-11.0,32.0,19.0,-72.81494140625,-28.015134811401367,-4.45556640625,-1.4097900390625,0.5753173828125,-0.5126953125
8.042,787,3147,3147,3147,-11.0,32.0,19.0,-43.640132904052734,-10.742186546325684,29.602048873901367,-1.9417724609375,2.02587890625,-1.010498046875
8.049,787,3147,3147,3147,-11.0,32.0,19.0,-65.85693359375,-0.3662109076976776,20.446775436401367,-2.8128662109375,2.53857421875,-1.685546875
8.057,784,3147,3147,3147,-11.0,32.0,19.0,-92.83446502685547,27.465818405151367,-5.310058116912842,-3.29833984375,0.9989013671875,-1.419189453125
8.071,765,3147,3147,3147,-7.0,36.0,18.0,-75.439453125,22.277830123901367,-21.301267623901367,-2.1444091796875,-0.9134521484375,0.5533447265625
8.095,604,3147,3147,3147,-7.0,36.0,18.0,19.04296875,5.187987804412842,-8.72802734375,-0.920654296875,-0.3531494140625,1.02490234375
8.095,498,3147,3147,3147,-7.0,36.0,18.0,124.38964080810547,28.198240280151367,6.591796398162842,-0.7957763671875,0.5748291015625,-0.57861328125
8.102,552,3147,3147,3147,-7.0,36.0,18.0,144.59228515625,39.1845703125,-1.6479490995407104,-0.983642578125,0.637451171875,-1.6856689453125
8.118,533,3147,3147,3147,-7.0,36.0,18.0,88.80614471435547,18.00537109375,-13.488768577575684,-1.2301025390625,0.6099853515625,-1.7984619140625
8.119,457,3147,3147,3147,-7.0,36.0,18.0,20.202634811401367,-17.51708984375,-18.06640625,-1.5684814453125,0.8424072265625,-1.5439453125
8.132,373,3147,3147,3147,-7.0,36.0,18.0,-34.0576171875,-46.264644622802734,-22.033689498901367,-1.872802734375,0.766357421875,-1.135986328125
8.139,373,3147,3147,3147,-7.0,36.0,18.0,-67.68798828125,-59.020992279052734,-24.658201217651367,-1.9091796875,0.434814453125,-0.529541015625
8.148,369,3147,3133,3147,-7.0,36.0,18.0,-71.83837890625,-57.067867279052734,-22.827146530151367,-1.733642578125,0.218505859375,-0.02490234375
8.161,364,3147,3015,3147,-7.0,36.0,18.0,-51.025386810302734,-45.227046966552734,-18.4326171875,-1.536376953125,0.2811279296875,0.095947265625
8.169,361,3147,2848,3147,-5.0,33.0,19.0,-23.193357467651367,-29.113767623901367,-13.244627952575684,-1.361328125,0.5159912109375,-0.1005859375
8.177,356,3147,2630,3147,-5.0,33.0,19.0,-2.807616949081421,-14.099120140075684,-9.94873046875,-1.09375,0.581298828125,-0.2254638671875
8.194,351,3147,2356,3147,-5.0,33.0,19.0,9.33837890625,-1.9531248807907104,-13.488768577575684,-0.781982421875,0.315185546875,-0.1219482421875
8.199,351,3147,2210,2927,-5.0,33.0,19.0,21.423337936401367,10.375975608825684,-22.827146530151367,-0.6025390625,-0.030029296875,-0.010498046875
8.207,344,3147,1978,1949,-5.0,33.0,19.0,35.7666015625,21.179197311401367,-30.456541061401367,-0.5599365234375,-0.30029296875,0.0244140625
8.233,328,3147,1733,360,-5.0,33.0,19.0,50.903316497802734,27.587888717651367,-32.04345703125,-0.5338134765625,-0.44384765625,0.0164794921875
8.233,328,2230,1555,351,-5.0,33.0,19.0,63.537593841552734,27.893064498901367,-25.207517623901367,-0.43408203125,-0.404541015625,0.0782470703125
8.237,325,1085,1422,344,-5.0,33.0,19.0,66.89453125,20.202634811401367,-12.023924827575684,-0.346923828125,-0.290283203125,0.283447265625
8.252,322,517,1243,323,-5.0,33.0,19.0,70.80078125,14.343260765075684,1.6479490995407104,-0.359375,-0.2918701171875,0.322021484375
8.260,318,418,1251,317,-5.0,33.0,19.0,95.70311737060547,20.202634811401367,13.671874046325684,-0.425537109375,-0.33203125,0.0528564453125
8.268,314,328,1064,316,-10.0,33.0,16.0,95.70311737060547,20.202634811401367,13.671874046325684,-0.50146484375,-0.2012939453125,-0.192138671875
8.296,310,378,936,317,-10.0,33.0,16.0,168.39598083496094,42.663570404052734,44.738765716552734,-0.5426025390625,0.039306640625,-0.2418212890625
8.297,307,344,828,318,-10.0,33.0,16.0,186.03514099121094,41.625972747802734,52.978511810302734,-0.514404296875,0.2723388671875,-0.2647705078125
8.300,308,360,879,314,-10.0,33.0,16.0,186.03514099121094,41.625972747802734,52.978511810302734,-0.409423828125,0.534912109375,-0.4173583984375
8.312,310,346,890,317,-10.0,33.0,16.0,168.82322692871094,16.2353515625,27.038572311401367,-0.2763671875,0.8250732421875,-0.5838623046875
8.330,310,316,894,316,-10.0,33.0,16.0,115.96678924560547,-5.371093273162842,-8.544921875,-0.3162841796875,0.998291015625,-0.5894775390625
8.338,310,359,895,316,-10.0,33.0,16.0,115.96678924560547,-5.371093273162842,-8.544921875,-0.5885009765625,0.993408203125,-0.5052490234375
8.341,309,359,946,318,-10.0,33.0,16.0,3.173827886581421,-25.512693405151367,-44.555660247802734,-0.8214111328125,0.9027099609375,-0.501708984375
8.349,313,369,975,321,-10.0,33.0,16.0,-19.83642578125,-24.658201217651367,-33.935546875,-0.8314208984375,0.779541015625,-0.543212890625
8.357,313,413,1003,317,-10.0,33.0,16.0,-19.83642578125,-24.658201217651367,-33.935546875,-0.712890625,0.605224609375,-0.47998046875
8.371,316,454,1107,321,-10.0,32.0,15.0,-66.34521484375,-24.658201217651367,-23.498533248901367,-0.62646484375,0.3818359375,-0.313720703125
8.379,318,540,1241,324,-10.0,32.0,15.0,-83.86229705810547,-22.644041061401367,-21.789548873901367,-0.61572265625,0.1483154296875,-0.1812744140625
8.402,321,654,1370,321,-10.0,32.0,15.0,-83.86229705810547,-22.644041061401367,-21.789548873901367,-0.6434326171875,-0.0452880859375,-0.14990234375
8.402,321,912,1411,334,-10.0,32.0,15.0,-62.316890716552734,-7.385253429412842,-5.859374523162842,-0.6744384765625,-0.165283203125,-0.1468505859375
8.409,323,1478,1399,337,-10.0,32.0,15.0,-42.297359466552734,1.8310545682907104,5.432128429412842,-0.6912841796875,-0.2464599609375,-0.115234375
8.418,323,2268,1395,346,-10.0,32.0,15.0,-42.297359466552734,1.8310545682907104,5.432128429412842,-0.71142578125,-0.293212890625,-0.1025390625
8.431,328,3147,1440,359,-10.0,32.0,15.0,-12.268065452575684,20.629880905151367,26.733396530151367,-0.7882080078125,-0.208740234375,-0.1900634765625
8.446,328,3147,1445,739,-10.0,32.0,15.0,0.9765624403953552,30.944822311401367,36.92626953125,-0.9129638671875,0.0230712890625,-0.3441162109375
8.456,328,3147,1415,1178,-10.0,32.0,15.0,0.9765624403953552,30.944822311401367,36.92626953125,-0.981201171875,0.2349853515625,-0.426513671875
8.462,326,3147,1387,1860,-11.0,31.0,14.0,-7.751464366912842,36.9873046875,47.973628997802734,-0.923828125,0.2679443359375,-0.3741455078125
8.469,329,3147,1463,2210,-11.0,31.0,14.0,-21.850584030151367,28.564451217651367,46.691890716552734,-0.7940673828125,0.165283203125,-0.2391357421875
8.478,330,3147,1564,2601,-11.0,31.0,14.0,-21.850584030151367,28.564451217651367,46.691890716552734,-0.6287841796875,0.1212158203125,-0.05615234375
8.500,346,3147,1855,3147,-11.0,31.0,14.0,-15.502928733825684,-11.169432640075684,24.658201217651367,-0.3370361328125,0.27197265625,0.109375
8.501,346,3147,2195,3147,-11.0,31.0,14.0,-15.502928733825684,-11.169432640075684,24.658201217651367,0.098876953125,0.7032470703125,0.0894775390625
8.507,360,3147,2657,3147,-11.0,31.0,14.0,-16.4794921875,-37.78076171875,3.051757574081421,0.098876953125,0.7032470703125,0.0894775390625
8.528,364,3147,3076,3147,-11.0,31.0,14.0,-141.54052734375,-67.32177734375,-40.710445404052734,0.185302734375,0.642578125,-0.33984375
8.530,372,3147,3071,3147,-11.0,31.0,14.0,-141.54052734375,-67.32177734375,-40.710445404052734,-0.1356201171875,-1.1900634765625,-0.0400390625
8.556,375,3147,3106,3147,-11.0,31.0,14.0,-205.99363708496094,-62.927242279052734,-48.767086029052734,-0.1356201171875,-1.1900634765625,-0.0400390625
8.557,414,3147,3147,3147,-11.0,31.0,14.0,-92.22411346435547,-13.061522483825684,-7.812499523162842,-1.0472412109375,-0.4691162109375,0.1279296875
8.567,603,3147,3147,3147,-6.0,32.0,11.0,-92.22411346435547,-13.061522483825684,-7.812499523162842,-1.72119140625,1.3634033203125,-0.7215576171875
8.567,934,3147,3147,3147,-6.0,32.0,11.0,-27.343748092651367,4.39453125,28.930662155151367,-1.72119140625,1.3634033203125,-0.7215576171875
8.607,963,3147,3147,3147,-6.0,32.0,11.0,-73.1201171875,23.986814498901367,23.559568405151367,-2.5548095703125,-0.486572265625,-0.6513671875
8.607,748,3147,3147,3147,-6.0,32.0,11.0,-109.98534393310547,17.578125,-5.432128429412842,-2.5548095703125,-0.486572265625,-0.6513671875
8.611,628,3147,3147,3147,-6.0,32.0,11.0,52.062984466552734,-10.437010765075684,2.44140625,-0.633544921875,0.4110107421875,0.404541015625
8.621,579,3147,3147,3147,-6.0,32.0,11.0,52.062984466552734,-10.437010765075684,2.44140625,-0.813232421875,0.910888671875,-1.068115234375
8.627,631,3147,3147,3147,-6.0,32.0,11.0,126.77001190185547,37.17041015625,4.45556640625,-0.813232421875,0.910888671875,-1.068115234375
8.660,654,3147,3147,3147,-6.0,32.0,11.0,28.686521530151367,23.925779342651367,-23.925779342651367,-1.41943359375,0.703369140625,-1.4501953125
8.661,614,3147,3147,3147,-6.0,32.0,11.0,28.686521530151367,23.925779342651367,-23.925779342651367,-1.7838134765625,0.7301025390625,-1.2340087890625
8.661,495,3147,3147,3147,-6.0,30.0,22.0,-25.756834030151367,-7.995604991912842,-24.658201217651367,-1.7838134765625,0.7301025390625,-1.2340087890625
8.671,363,3147,3147,3147,-6.0,30.0,22.0,-61.035152435302734,-42.846675872802734,-20.080564498901367,-1.8267822265625,0.089599609375,-0.275390625
8.679,364,3147,3147,3147,-6.0,30.0,22.0,-61.035152435302734,-42.846675872802734,-20.080564498901367,-1.6107177734375,0.1641845703125,0.0322265625
8.687,362,3147,3147,3147,-6.0,30.0,22.0,-46.691890716552734,-40.649410247802734,-8.9111328125,-1.6107177734375,0.1641845703125,0.0322265625
8.706,359,3147,2843,3147,-6.0,30.0,22.0,-3.784179449081421,-12.634276390075684,5.126952648162842,-1.2164306640625,0.5089111328125,-0.114990234375
8.709,353,3147,2601,3147,-6.0,30.0,22.0,-3.784179449081421,-12.634276390075684,5.126952648162842,-0.92138671875,0.4229736328125,-0.0924072265625
8.717,348,3147,2460,3147,-6.0,30.0,22.0,9.21630859375,3.479003667831421,4.8828125,-0.92138671875,0.4229736328125,-0.0924072265625
8.732,338,3147,2161,3147,-6.0,30.0,22.0,21.484373092651367,18.49365234375,0.2441406100988388,-0.4678955078125,0.02783203125,0.110595703125
8.746,334,3147,1891,2973,-6.0,30.0,22.0,35.21728515625,31.433103561401367,-7.995604991912842,-0.4678955078125,0.02783203125,0.110595703125
8.755,327,3147,1693,2354,-6.0,30.0,22.0,46.081539154052734,37.78076171875,-16.4794921875,-0.3392333984375,-0.2188720703125,0.1328125
8.775,326,3147,1616,1811,-7.0,33.0,17.0,54.687496185302734,38.14697265625,-19.4091796875,-0.128173828125,-0.317138671875,0.21142578125
8.780,324,3147,1541,1478,-7.0,33.0,17.0,60.424800872802734,30.944822311401367,-13.549803733825684,-0.128173828125,-0.317138671875,0.21142578125
8.785,323,3147,1494,1131,-7.0,33.0,17.0,60.607906341552734,16.357421875,-4.69970703125,-0.125,-0.075927734375,0.2506103515625
8.811,327,3147,1443,710,-7.0,33.0,17.0,78.0029296875,5.249022960662842,-4.2724609375,-0.579345703125,0.2442626953125,-0.484130859375
8.812,310,3147,1401,579,-7.0,33.0,17.0,75.37841796875,8.97216796875,-3.173827886581421,-0.7281494140625,0.4437255859375,-0.7139892578125
8.821,327,3147,1398,351,-7.0,33.0,17.0,53.039546966552734,9.6435546875,3.112792730331421,-0.6766357421875,0.5706787109375,-0.6256103515625
8.832,330,2957,1422,356,-7.0,33.0,17.0,27.343748092651367,6.103515148162842,5.0048828125,-0.6766357421875,0.5706787109375,-0.6256103515625
8.845,328,2847,1463,351,-7.0,33.0,17.0,4.69970703125,0.4272460639476776,-0.1220703050494194,-0.6856689453125,0.461181640625,-0.44775390625
8.851,324,2985,1490,348,-7.0,33.0,17.0,-15.380858421325684,-5.493163585662842,-5.371093273162842,-0.6964111328125,0.1900634765625,-0.010498046875
8.866,324,3059,1504,353,-8.0,32.0,17.0,-23.864744186401367,-10.864256858825684,-6.774901866912842,-0.6964111328125,0.1900634765625,-0.010498046875
8.868,325,3113,1529,353,-8.0,32.0,17.0,-14.526366233825684,-18.310546875,-8.1787109375,-0.6982421875,0.1875,-0.025146484375
8.883,330,3118,1504,353,-8.0,32.0,17.0,0.8544921278953552,-23.681638717651367,-11.474608421325684,-0.9603271484375,0.1817626953125,-0.22216796875
8.890,327,3079,1501,357,-8.0,32.0,17.0,10.437010765075684,-18.9208984375,-8.97216796875,-0.9603271484375,0.1817626953125,-0.22216796875
8.912,327,3099,1492,356,-8.0,32.0,17.0,15.441893577575684,-8.30078125,-0.3662109076976776,-0.9296875,0.2158203125,-0.2689208984375
8.913,327,3147,1453,354,-8.0,32.0,17.0,17.2119140625,0.30517578125,5.065917491912842,-0.8970947265625,0.2042236328125,-0.282958984375
8.920,328,3147,1447,361,-8.0,32.0,17.0,15.808104515075684,6.042479991912842,6.042479991912842,-0.8970947265625,0.2042236328125,-0.282958984375
8.935,328,3147,1437,465,-8.0,32.0,17.0,13.732909202575684,10.742186546325684,7.873534679412842,-0.86328125,0.14306640625,-0.2510986328125
8.942,324,3147,1372,631,-8.0,32.0,17.0,12.695311546325684,14.953612327575684,12.268065452575684,-0.8116455078125,0.1123046875,-0.2265625
8.952,328,3147,1386,808,-8.0,32.0,17.0,12.329100608825684,17.9443359375,17.9443359375,-0.76708984375,0.11962890625,-0.2294921875
8.962,327,3147,1372,1000,-9.0,33.0,18.0,12.329100608825684,20.080564498901367,24.169919967651367,-0.721923828125,0.1473388671875,-0.2510986328125
9.015,317,3147,1330,1419,-9.0,33.0,18.0,10.742186546325684,21.606443405151367,30.883787155151367,-0.672119140625,0.159912109375,-0.257568359375
9.015,323,3147,1323,1643,-9.0,33.0,18.0,6.713866710662842,22.277830123901367,37.4755859375,-0.6094970703125,0.12353515625,-0.2305908203125
9.016,323,3147,1353,2024,-9.0,33.0,18.0,2.563476324081421,22.033689498901367,42.602535247802734,-0.5439453125,0.07421875,-0.17822265625
9.016,327,3147,1437,2559,-9.0,33.0,18.0,-0.4882812201976776,18.12744140625,45.043941497802734,-0.4761962890625,0.081298828125,-0.0859375
9.016,334,3147,1596,3042,-9.0,33.0,18.0,-1.7700194120407104,5.249022960662842,42.724605560302734,-0.323974609375,0.1680908203125,0.0439453125
9.017,346,3147,1954,3147,-9.0,33.0,18.0,-2.0751953125,-17.08984375,30.822751998901367,0.0164794921875,0.3856201171875,0.129150390625
9.031,365,3147,2704,3147,-9.0,33.0,18.0,-15.747069358825684,-43.762203216552734,6.286620616912842,0.4500732421875,0.8486328125,0.00537109375
9.040,355,3147,3084,3147,-9.0,33.0,18.0,-75.5615234375,-56.945796966552734,-19.34814453125,0.5081787109375,1.2418212890625,-0.2335205078125
9.056,371,3147,3147,3147,-9.0,33.0,18.0,-180.78611755371094,-46.936031341552734,-26.672361373901367,0.1092529296875,0.4146728515625,-0.1610107421875
9.061,375,3147,3147,3147,-4.0,31.0,17.0,-232.72703552246094,-28.137205123901367,-32.5927734375,-0.4298095703125,-1.4444580078125,0.066650390625
9.074,490,3147,3147,3147,-4.0,31.0,17.0,-167.72459411621094,-10.742186546325684,-43.090816497802734,-0.927978515625,-1.7230224609375,0.0572509765625
9.078,644,3147,3147,3147,-4.0,31.0,17.0,-76.0498046875,-5.737304210662842,-22.460935592651367,-1.353271484375,0.1865234375,-0.3507080078125
9.091,978,3147,3147,3147,-4.0,31.0,17.0,-48.522945404052734,-13.122557640075684,14.648436546325684,-1.927978515625,1.7703857421875,-1.052978515625
9.118,1000,3147,3147,3147,-4.0,31.0,17.0,-74.15771484375,-7.507323741912842,31.860349655151367,-2.9212646484375,2.5089111328125,-2.0433349609375
9.119,1032,3147,3147,3147,-4.0,31.0,17.0,-113.09813690185547,27.465818405151367,29.052732467651367,-3.2935791015625,1.1617431640625,-1.952392578125
9.124,1020,3147,3147,3147,-4.0,31.0,17.0,-104.00389862060547,10.009765625,-2.929687261581421,-1.9578857421875,-1.0694580078125,0.4715576171875
9.129,860,3147,3147,3147,-4.0,31.0,17.0,-26.489255905151367,-35.0341796875,-21.362302780151367,-0.677001953125,-0.755859375,1.8572998046875
9.138,725,3147,3147,3147,-4.0,31.0,17.0,59.448238372802734,-1.8920897245407104,-1.7089842557907104,-0.707763671875,0.514892578125,0.446533203125
9.157,738,3147,3147,3147,-5.0,34.0,19.0,102.23387908935547,46.813961029052734,1.03759765625,-1.09033203125,1.018310546875,-1.1416015625
9.160,767,3147,3147,3147,-5.0,34.0,19.0,88.62303924560547,44.799800872802734,-22.460935592651367,-1.361328125,0.985107421875,-1.63916015625
9.167,774,3147,3147,3147,-5.0,34.0,19.0,39.48974609375,11.962889671325684,-40.527339935302734,-1.69677734375,0.88525390625,-1.568359375
9.181,700,3147,3147,3147,-5.0,34.0,19.0,-16.11328125,-20.568845748901367,-42.175289154052734,-1.938720703125,0.6793212890625,-1.2275390625
9.190,656,3147,3147,3147,-5.0,34.0,19.0,-50.354000091552734,-43.457027435302734,-39.4287109375,-1.869384765625,0.27197265625,-0.616455078125
9.197,601,3147,3147,3147,-5.0,34.0,19.0,-53.283687591552734,-50.476070404052734,-30.883787155151367,-1.6610107421875,0.0679931640625,-0.0732421875
9.222,376,3147,3147,3147,-5.0,34.0,19.0,-35.15625,-43.518062591552734,-14.831542015075684,-1.4521484375,0.1943359375,0.144775390625
9.224,372,3147,3051,3147,-5.0,34.0,19.0,-7.873534679412842,-30.517576217651367,-2.13623046875,-1.191650390625,0.3704833984375,0.0643310546875
9.227,364,3147,2864,3147,-5.0,34.0,19.0,17.51708984375,-16.845703125,3.417968511581421,-0.91015625,0.394287109375,-0.0633544921875
9.241,357,3147,2507,3147,-5.0,34.0,19.0,33.02001953125,-3.295898199081421,4.5166015625,-0.6934814453125,0.2718505859375,-0.0479736328125
9.249,354,3147,2330,3147,-4.0,32.0,17.0,39.55078125,9.94873046875,0.1831054538488388,-0.5118408203125,0.1180419921875,0.0968017578125
9.258,348,3147,2100,2750,-4.0,32.0,17.0,43.701168060302734,20.507810592651367,-11.413573265075684,-0.37353515625,-0.10693359375,0.24951171875
9.273,338,3147,1811,1861,-4.0,32.0,17.0,52.429195404052734,29.235837936401367,-23.437498092651367,-0.29833984375,-0.255126953125,0.276123046875
9.286,334,3147,1745,1521,-4.0,32.0,17.0,61.279293060302734,34.48486328125,-24.902341842651367,-0.22021484375,-0.15576171875,0.253662109375
9.288,331,3147,1627,1093,-4.0,32.0,17.0,59.692378997802734,30.212400436401367,-18.61572265625,-0.197509765625,0.0587158203125,0.3109130859375
9.301,327,3147,1476,506,-4.0,32.0,17.0,54.382320404052734,20.324705123901367,-16.7236328125,-0.3299560546875,0.1265869140625,0.2137451171875
9.312,324,3147,1409,359,-4.0,32.0,17.0,62.011714935302734,15.075682640075684,-19.8974609375,-0.520751953125,0.065185546875,-0.1676025390625
9.320,323,3105,1383,359,-4.0,32.0,17.0,72.32666015625,14.343260765075684,-19.6533203125,-0.628173828125,0.0992431640625,-0.4896240234375
9.334,324,2736,1282,354,-4.0,32.0,17.0,65.12451171875,14.526366233825684,-13.061522483825684,-0.71435546875,0.1893310546875,-0.5185546875
9.339,322,2585,1234,359,-4.0,32.0,17.0,52.185054779052734,19.22607421875,-0.30517578125,-0.84033203125,0.215576171875,-0.4093017578125
9.350,326,2465,1224,356,-7.0,32.0,20.0,52.612300872802734,26.611326217651367,18.06640625,-0.8919677734375,0.2274169921875,-0.3582763671875
9.361,323,2128,1217,345,-7.0,32.0,20.0,60.913082122802734,29.785154342651367,37.65869140625,-0.8714599609375,0.2506103515625,-0.3333740234375
9.370,316,2073,1236,345,-7.0,32.0,20.0,68.115234375,27.343748092651367,54.016109466552734,-0.8316650390625,0.261962890625,-0.267333984375
9.378,323,1996,1220,338,-7.0,32.0,20.0,76.416015625,20.141599655151367,62.683101654052734,-0.765625,0.275146484375,-0.2078857421875
9.395,321,1908,1160,334,-7.0,32.0,20.0,88.07372283935547,11.413573265075684,60.668941497802734,-0.724853515625,0.3074951171875,-0.245849609375
9.400,321,1789,1201,343,-7.0,32.0,20.0,97.29003143310547,4.82177734375,51.391597747802734,-0.7197265625,0.4093017578125,-0.3992919921875
9.423,323,1823,1222,344,-7.0,32.0,20.0,97.29003143310547,4.82177734375,51.391597747802734,-0.666259765625,0.49658203125,-0.5455322265625
9.423,308,1927,1255,337,-7.0,32.0,20.0,63.171382904052734,-14.770506858825684,12.634276390075684,-0.7308349609375,0.4044189453125,-0.52099609375
9.429,316,2161,1289,346,-7.0,32.0,20.0,30.212400436401367,-14.038084983825684,-3.051757574081421,-0.83837890625,0.2412109375,-0.3914794921875
9.438,316,2388,1308,348,-7.0,32.0,20.0,30.212400436401367,-14.038084983825684,-3.051757574081421,-0.7879638671875,0.2176513671875,-0.319580078125
9.452,316,2891,1316,352,-9.0,31.0,16.0,-2.44140625,-9.3994140625,-5.554198741912842,-0.633544921875,0.3291015625,-0.3458251953125
9.466,318,3147,1294,355,-9.0,31.0,16.0,-34.7900390625,-21.911619186401367,-24.780271530151367,-0.5623779296875,0.2691650390625,-0.3292236328125
9.468,318,3147,1283,466,-9.0,31.0,16.0,-34.7900390625,-21.911619186401367,-24.780271530151367,-0.815673828125,-0.0213623046875,-0.1468505859375
9.481,319,3147,1204,853,-9.0,31.0,16.0,-65.24658203125,-9.21630859375,-14.282225608825684,-0.9747314453125,-0.10107421875,-0.047119140625
9.490,317,3147,1160,1138,-9.0,31.0,16.0,-19.04296875,4.69970703125,24.475095748901367,-0.7630615234375,0.14794921875,-0.1883544921875
9.501,318,3147,1146,1386,-9.0,31.0,16.0,-19.04296875,4.69970703125,24.475095748901367,-0.5892333984375,0.3831787109375,-0.324951171875
9.527,316,3147,1217,1824,-9.0,31.0,16.0,-2.868652105331421,6.225585460662842,31.738279342651367,-0.6090087890625,0.35888671875,-0.2850341796875
9.528,319,3147,1276,2115,-9.0,31.0,16.0,-23.559568405151367,-1.220703125,17.02880859375,-0.60791015625,0.1510009765625,-0.1578369140625
9.529,306,3147,1280,2443,-9.0,31.0,16.0,-23.559568405151367,-1.220703125,17.02880859375,-0.4703369140625,0.046630859375,-0.0516357421875
9.542,319,3147,1440,3085,-9.0,33.0,21.0,-24.047849655151367,-33.02001953125,-13.732909202575684,-0.2669677734375,0.266357421875,0.0137939453125
9.549,330,3147,1686,3147,-9.0,33.0,21.0,-34.3017578125,-47.241207122802734,-31.433103561401367,-0.0665283203125,0.6837158203125,0.04345703125
9.558,334,3147,2047,3147,-9.0,33.0,21.0,-34.3017578125,-47.241207122802734,-31.433103561401367,0.1280517578125,0.90966796875,0.040283203125
9.572,348,3147,2769,3147,-9.0,33.0,21.0,-151.55029296875,-51.635738372802734,-34.0576171875,0.160888671875,0.6746826171875,-0.0379638671875
9.579,359,3147,2888,3147,-9.0,33.0,21.0,-212.89060974121094,-43.457027435302734,-20.935056686401367,-0.01171875,-0.3399658203125,-0.1185302734375
9.588,363,3147,2925,3147,-9.0,33.0,21.0,-212.89060974121094,-43.457027435302734,-20.935056686401367,-0.361572265625,-1.52734375,-0.1729736328125
9.607,375,3147,3137,3147,-9.0,33.0,21.0,-158.203125,-13.977049827575684,-24.536130905151367,-0.8411865234375,-0.990966796875,-0.280029296875
9.610,424,3147,3147,3147,-9.0,33.0,21.0,-114.07469940185547,-10.925292015075684,-9.3994140625,-1.426513671875,0.899658203125,-0.6495361328125
9.628,746,3147,3147,3147,-9.0,33.0,21.0,-114.07469940185547,-10.925292015075684,-9.3994140625,-2.1651611328125,1.77392578125,-1.052734375
9.632,846,3147,3147,3147,-9.0,33.0,21.0,-115.84471893310547,-24.169919967651367,6.286620616912842,-3.127685546875,2.0206298828125,-1.417236328125
9.640,918,3147,3147,3147,-1.0,31.0,19.0,-115.84471893310547,-24.169919967651367,6.286620616912842,-3.28955078125,0.7125244140625,-1.035400390625
9.650,963,3147,3147,3147,-1.0,31.0,19.0,-104.43114471435547,-3.356933355331421,4.45556640625,-3.28955078125,0.7125244140625,-1.035400390625
9.677,894,3147,3147,3147,-1.0,31.0,19.0,18.6767578125,-42.175289154052734,-27.404783248901367,-0.6141357421875,-0.2852783203125,1.528564453125
9.677,777,3147,3147,3147,-1.0,31.0,19.0,18.6767578125,-42.175289154052734,-27.404783248901367,-0.711669921875,0.6798095703125,0.3114013671875
9.677,678,3147,3147,3147,-1.0,31.0,19.0,77.33154296875,-12.573241233825684,-16.11328125,-0.711669921875,0.6798095703125,0.3114013671875
9.692,654,3147,3147,3147,-1.0,31.0,19.0,60.546871185302734,39.24560546875,-30.700681686401367,-1.54296875,0.6859130859375,-1.1749267578125
9.699,632,3147,3147,3147,-1.0,31.0,19.0,60.546871185302734,39.24560546875,-30.700681686401367,-1.9765625,0.6673583984375,-1.16455078125
9.732,562,3147,3147,3147,-1.0,31.0,19.0,16.29638671875,28.015134811401367,-29.052732467651367,-1.9765625,0.6673583984375,-1.16455078125
9.732,415,3147,3147,3147,-1.0,31.0,19.0,-39.9169921875,-8.7890625,-9.765625,-2.0074462890625,0.1961669921875,-0.3814697265625
9.732,391,3147,3147,3147,-1.0,31.0,19.0,-39.9169921875,-8.7890625,-9.765625,-1.72998046875,0.11328125,0.0361328125
9.738,401,3147,3045,3147,-2.0,33.0,24.0,-35.15625,-14.770506858825684,-0.6103515625,-1.72998046875,0.11328125,0.0361328125
9.753,411,3147,2601,3147,-2.0,33.0,24.0,17.39501953125,4.0283203125,16.357421875,-1.208984375,0.405029296875,-0.090576171875
9.760,430,3147,2337,3147,-2.0,33.0,24.0,17.39501953125,4.0283203125,16.357421875,-0.901123046875,0.46533203125,-0.226806640625
9.770,419,3147,2141,3147,-2.0,33.0,24.0,38.63525390625,13.122557640075684,22.460935592651367,-0.901123046875,0.46533203125,-0.226806640625
9.784,401,3147,1815,3147,-2.0,33.0,24.0,56.213375091552734,19.71435546875,7.568358898162842,-0.427734375,0.017822265625,-0.0150146484375
9.791,401,3147,1580,2492,-2.0,33.0,24.0,56.213375091552734,19.71435546875,7.568358898162842,-0.24365234375,-0.3284912109375,0.168212890625
9.798,390,3147,1506,2030,-2.0,33.0,24.0,62.499996185302734,20.385740280151367,-8.36181640625,-0.24365234375,-0.3284912109375,0.168212890625
9.812,533,3147,1278,1202,-2.0,33.0,24.0,75.5615234375,15.014647483825684,-13.488768577575684,-0.06689453125,-0.2376708984375,0.4263916015625
9.835,360,3147,1387,815,-2.0,33.0,24.0,75.5615234375,15.014647483825684,-13.488768577575684,-0.17529296875,-0.0076904296875,0.3270263671875
9.835,348,3147,1369,518,-2.0,33.0,24.0,77.81982421875,7.995604991912842,-5.737304210662842,-0.17529296875,-0.0076904296875,0.3270263671875
9.844,561,3039,1195,359,-4.0,33.0,28.0,101.68456268310547,5.187987804412842,-9.09423828125,-0.5050048828125,0.2288818359375,-0.5218505859375
9.850,461,2716,1233,344,-4.0,33.0,28.0,101.68456268310547,5.187987804412842,-9.09423828125,-0.5050048828125,0.2288818359375,-0.5218505859375
9.858,516,2407,1134,346,-4.0,33.0,28.0,90.88134002685547,3.051757574081421,-10.986327171325684,-0.6260986328125,0.4451904296875,-0.662109375
9.874,620,2074,1022,334,-4.0,33.0,28.0,62.866207122802734,1.8310545682907104,-5.371093273162842,-0.692626953125,0.664794921875,-0.5841064453125
9.880,442,1892,1222,344,-4.0,33.0,28.0,32.28759765625,-2.3193359375,-2.44140625,-0.692626953125,0.664794921875,-0.5841064453125
9.887,418,1908,1287,346,-4.0,33.0,28.0,2.746581792831421,-9.82666015625,-6.164550304412842,-0.7388916015625,0.4583740234375,-0.3428955078125
9.901,408,2026,1330,344,-4.0,33.0,28.0,-18.85986328125,-15.808104515075684,-9.27734375,-0.827880859375,0.037109375,0.12109375
9.909,407,2124,1346,347,-4.0,33.0,28.0,-20.751951217651367,-17.76123046875,-7.324218273162842,-0.827880859375,0.037109375,0.12109375
9.918,409,2228,1323,347,-4.0,33.0,28.0,-3.051757574081421,-15.869139671325684,-2.38037109375,-0.84326171875,0.0372314453125,0.1170654296875
9.936,411,2489,1274,347,-5.0,31.0,19.0,21.240232467651367,-12.023924827575684,3.295898199081421,-0.8338623046875,0.293212890625,-0.1693115234375
9.939,481,2651,1149,347,-5.0,31.0,19.0,35.70556640625,-10.131834983825684,6.164550304412842,-0.8338623046875,0.293212890625,-0.1693115234375
9.948,348,2762,1330,355,-5.0,31.0,19.0,35.64453125,-5.981444835662842,7.507323741912842,-0.8934326171875,0.2862548828125,-0.196044921875
9.963,332,3061,1328,359,-5.0,31.0,19.0,30.883787155151367,2.685546636581421,11.535643577575684,-0.7979736328125,0.21826171875,-0.2178955078125
9.978,337,3147,1317,364,-5.0,31.0,19.0,27.587888717651367,10.375975608825684,15.502928733825684,-0.7979736328125,0.21826171875,-0.2178955078125
9.978,332,3147,1326,501,-5.0,31.0,19.0,22.583005905151367,15.869139671325684,17.333984375,-0.8023681640625,0.2091064453125,-0.2305908203125
9.992,540,3147,1310,725,-5.0,31.0,19.0,15.441893577575684,19.1650390625,19.83642578125,-0.8087158203125,0.18701171875,-0.2337646484375
9.999,338,3147,1331,925,-5.0,31.0,19.0,8.9111328125,20.996091842651367,24.108884811401367,-0.8087158203125,0.18701171875,-0.2337646484375
10.010,352,3147,1341,1122,-5.0,31.0,19.0,4.8828125,22.094724655151367,29.113767623901367,-0.7818603515625,0.189453125,-0.2322998046875
10.043,401,3147,1336,1636,-5.0,31.0,19.0,2.38037109375,21.545408248901367,33.447265625,-0.68994140625,0.08935546875,-0.198486328125
10.043,347,3147,1401,1948,-12.0,30.0,11.0,0.30517578125,19.6533203125,36.56005859375,-0.68994140625,0.08935546875,-0.198486328125
10.043,383,3147,1369,2247,-12.0,30.0,11.0,-3.784179449081421,18.5546875,39.1845703125,-0.6292724609375,0.0350341796875,-0.1405029296875
10.051,454,3147,1524,2829,-12.0,30.0,11.0,-8.72802734375,15.930174827575684,40.466304779052734,-0.3226318359375,0.2899169921875,-0.076904296875
10.060,406,3147,1837,3147,-12.0,30.0,11.0,-12.878417015075684,5.798339366912842,34.85107421875,-0.3226318359375,0.2899169921875,-0.076904296875
10.068,378,3147,2243,3147,-12.0,30.0,11.0,-26.794431686401367,-15.502928733825684,17.76123046875,-0.078857421875,0.6358642578125,-0.033935546875
10.081,391,3147,2652,3147,-12.0,30.0,11.0,-65.24658203125,-43.395992279052734,-6.103515148162842,0.1741943359375,0.78759765625,0.0089111328125
10.089,465,3147,2930,3147,-12.0,30.0,11.0,-125.91551971435547,-58.837886810302734,-19.04296875,0.250244140625,0.479248046875,-0.0048828125
10.097,378,3147,3032,3147,-12.0,30.0,11.0,-172.72947692871094,-52.001949310302734,-11.169432640075684,0.10546875,-0.2353515625,0.020751953125
10.112,401,3147,3126,3147,-12.0,30.0,11.0,-157.8369140625,-32.16552734375,-8.72802734375,-0.2874755859375,-1.0975341796875,0.0611572265625
10.121,402,3147,3147,3147,-12.0,30.0,11.0,-91.24755096435547,-14.343260765075684,-17.333984375,-0.8134765625,-0.860107421875,-0.0289306640625
10.145,593,3147,3147,3147,-3.0,30.0,22.0,-42.907711029052734,-12.268065452575684,-6.164550304412842,-1.3482666015625,0.7598876953125,-0.4449462890625
10.145,971,3147,3147,3147,-3.0,30.0,22.0,-51.086421966552734,-20.507810592651367,10.131834983825684,-1.9068603515625,1.7781982421875,-1.0789794921875
10.150,1000,3147,3147,3147,-3.0,30.0,22.0,-82.21434783935547,-25.207517623901367,4.69970703125,-2.754638671875,2.164794921875,-1.5274658203125
10.160,1054,3147,3147,3147,-3.0,30.0,22.0,-114.92919158935547,-13.061522483825684,3.173827886581421,-3.404541015625,1.2581787109375,-1.2919921875
10.171,932,3147,3147,3147,-3.0,30.0,22.0,-102.47801971435547,-18.24951171875,-8.4228515625,-2.4686279296875,-0.8653564453125,0.377197265625
10.181,765,3147,3147,3147,-3.0,30.0,22.0,-8.6669921875,-46.691890716552734,-24.658201217651367,-1.016357421875,-0.92236328125,1.5443115234375
10.187,713,3147,3147,3147,-3.0,30.0,22.0,91.06444549560547,-33.50830078125,-11.169432640075684,-0.6929931640625,0.5245361328125,0.5150146484375
10.201,755,3147,3147,3147,-3.0,30.0,22.0,125.91551971435547,8.36181640625,-3.845214605331421,-1.008544921875,1.0677490234375,-0.8477783203125
10.209,778,3147,3147,3147,-3.0,30.0,22.0,91.67479705810547,26.794431686401367,-15.808104515075684,-1.482177734375,0.956298828125,-1.349609375
10.218,744,3147,3147,3147,-3.0,30.0,22.0,24.780271530151367,18.85986328125,-22.216794967651367,-1.93359375,0.8232421875,-1.2471923828125
10.252,591,3147,3147,3147,-4.0,33.0,24.0,-31.921384811401367,-1.4038084745407104,-17.822265625,-2.061767578125,0.5552978515625,-0.8563232421875
10.253,485,3147,3147,3147,-4.0,33.0,24.0,-54.687496185302734,-20.874021530151367,-13.732909202575684,-1.8509521484375,0.244873046875,-0.3624267578125
10.253,381,3147,3147,3147,-4.0,33.0,24.0,-48.034664154052734,-29.663084030151367,-9.3994140625,-1.55615234375,0.147216796875,0.036865234375
10.261,369,3147,2922,3147,-4.0,33.0,24.0,-30.090330123901367,-26.367185592651367,-0.9155272841453552,-1.34619140625,0.237060546875,0.1895751953125
10.270,363,3147,2742,3147,-4.0,33.0,24.0,-7.629394054412842,-12.939452171325684,7.507323741912842,-1.138427734375,0.357421875,0.0830078125
10.282,361,3147,2562,3147,-4.0,33.0,24.0,14.892577171325684,4.150390625,11.962889671325684,-0.890625,0.404296875,-0.0614013671875
10.292,371,3147,2254,3147,-4.0,33.0,24.0,28.076169967651367,18.9208984375,10.742186546325684,-0.6929931640625,0.3287353515625,-0.0496826171875
10.300,356,3147,2019,3147,-4.0,33.0,24.0,31.372068405151367,30.761716842651367,2.807616949081421,-0.5340576171875,0.1192626953125,0.066650390625
10.307,338,3147,1807,2769,-4.0,33.0,24.0,33.5693359375,38.87939453125,-11.352538108825684,-0.3916015625,-0.203125,0.2059326171875
10.321,338,3147,1653,1954,-5.0,30.0,22.0,42.053218841552734,42.846675872802734,-25.024412155151367,-0.2952880859375,-0.3673095703125,0.2681884765625
10.354,336,3147,1524,1501,-5.0,30.0,22.0,50.415035247802734,41.015621185302734,-28.198240280151367,-0.258056640625,-0.1971435546875,0.3194580078125
10.355,331,3147,1416,1009,-5.0,30.0,22.0,50.781246185302734,30.334470748901367,-23.742673873901367,-0.3048095703125,0.064208984375,0.3553466796875
10.357,328,3147,1387,372,-5.0,30.0,22.0,54.382320404052734,19.10400390625,-23.254392623901367,-0.427001953125,0.1641845703125,0.0804443359375
10.360,324,2949,1386,356,-5.0,30.0,22.0,66.58935546875,14.160155296325684,-28.625486373901367,-0.5684814453125,0.1895751953125,-0.3780517578125
10.367,326,2613,1333,347,-5.0,30.0,22.0,69.51904296875,7.995604991912842,-31.066892623901367,-0.6220703125,0.23828125,-0.5943603515625
10.387,321,1966,1201,346,-5.0,30.0,22.0,56.884761810302734,1.4648436307907104,-24.414060592651367,-0.6136474609375,0.3201904296875,-0.580322265625
10.389,323,1838,1202,345,-5.0,30.0,22.0,40.527339935302734,-0.6103515625,-11.291502952575684,-0.640625,0.4312744140625,-0.5137939453125
10.397,318,1801,1206,342,-5.0,30.0,22.0,25.268552780151367,-2.807616949081421,-0.3662109076976776,-0.6942138671875,0.4537353515625,-0.3905029296875
10.411,323,1838,1262,338,-5.0,30.0,22.0,10.009765625,-6.835937023162842,4.638671875,-0.7513427734375,0.350341796875,-0.2103271484375
10.419,323,1914,1283,342,-5.0,31.0,20.0,-0.4882812201976776,-10.070799827575684,7.324218273162842,-0.7706298828125,0.2266845703125,-0.0452880859375
10.428,324,2041,1282,343,-5.0,31.0,20.0,-1.15966796875,-10.986327171325684,8.9111328125,-0.7589111328125,0.1539306640625,0.03662109375
10.446,323,2356,1280,346,-5.0,31.0,20.0,7.568358898162842,-8.30078125,9.46044921875,-0.7724609375,0.1510009765625,0.0078125
10.449,324,2525,1283,347,-5.0,31.0,20.0,21.423337936401367,-1.3427733182907104,11.474608421325684,-0.8154296875,0.234130859375,-0.096435546875
10.465,318,2659,1283,348,-5.0,31.0,20.0,32.958984375,6.713866710662842,15.624999046325684,-0.8411865234375,0.340576171875,-0.171875
10.472,323,3003,1266,347,-5.0,31.0,20.0,36.9873046875,11.901854515075684,18.24951171875,-0.8387451171875,0.368896484375,-0.1773681640625
10.487,323,3147,1276,361,-5.0,31.0,20.0,35.0341796875,15.014647483825684,17.76123046875,-0.834228515625,0.31298828125,-0.17529296875
10.488,323,3147,1268,533,-5.0,31.0,20.0,30.883787155151367,17.7001953125,16.4794921875,-0.837158203125,0.2489013671875,-0.1947021484375
10.501,323,3147,1261,806,-5.0,31.0,20.0,25.634763717651367,19.53125,16.78466796875,-0.842529296875,0.225341796875,-0.1971435546875
10.510,318,3147,1268,934,-5.0,31.0,20.0,20.080564498901367,20.202634811401367,19.4091796875,-0.832275390625,0.220703125,-0.2044677734375
10.517,318,3147,1289,1104,-7.0,31.0,15.0,15.441893577575684,19.8974609375,23.315427780151367,-0.7987060546875,0.2054443359375,-0.2230224609375
10.531,329,3147,1323,1390,-7.0,31.0,15.0,11.901854515075684,18.85986328125,27.282712936401367,-0.764404296875,0.171142578125,-0.2347412109375
10.549,331,3147,1294,1600,-7.0,31.0,15.0,8.056640625,18.9208984375,31.921384811401367,-0.7501220703125,0.1282958984375,-0.2496337890625
10.549,346,3147,1318,1854,-7.0,31.0,15.0,8.056640625,18.9208984375,31.921384811401367,-0.7347412109375,0.0738525390625,-0.241943359375
10.565,371,3147,1317,2364,-7.0,31.0,15.0,-6.286620616912842,23.864744186401367,43.762203216552734,-0.675048828125,0.0123291015625,-0.19775390625
10.573,1366,3147,315,1289,-7.0,31.0,15.0,-13.305663108825684,25.634763717651367,48.645015716552734,-0.5699462890625,0.029296875,-0.1131591796875
10.579,378,3147,1492,3027,-7.0,31.0,15.0,-13.305663108825684,25.634763717651367,48.645015716552734,-0.4210205078125,0.228515625,-0.017333984375
10.591,525,3147,1811,3147,-7.0,31.0,15.0,-22.705076217651367,2.807616949081421,35.94970703125,-0.09033203125,0.5699462890625,0.0784912109375
10.600,352,3147,2492,3147,-7.0,31.0,15.0,-39.12353515625,-30.334470748901367,3.417968511581421,0.3094482421875,0.8104248046875,0.1129150390625
10.607,431,3147,2810,3147,-7.0,31.0,15.0,-39.12353515625,-30.334470748901367,3.417968511581421,0.3145751953125,0.64794921875,0.0467529296875
10.621,1320,3147,2142,3147,-5.0,31.0,23.0,-137.75634765625,-50.048824310302734,-38.39111328125,0.011474609375,-0.1817626953125,0.0198974609375
10.629,506,3147,2929,3147,-5.0,31.0,23.0,-145.08056640625,-41.381832122802734,-35.888671875,-0.345458984375,-1.2576904296875,-0.0135498046875
10.653,705,3147,2880,3147,-5.0,31.0,23.0,-145.08056640625,-41.381832122802734,-35.888671875,-0.7799072265625,-1.0030517578125,-0.224609375
10.653,579,3147,3147,3147,-5.0,31.0,23.0,-32.89794921875,-33.63037109375,-4.57763671875,-1.333740234375,0.710205078125,-0.8555908203125
10.660,1746,3147,3147,3147,-5.0,31.0,23.0,-38.330078125,-37.53662109375,19.53125,-1.9619140625,1.8790283203125,-1.49658203125
10.671,910,3147,3147,3147,-5.0,31.0,23.0,-38.330078125,-37.53662109375,19.53125,-2.843017578125,2.41796875,-1.6075439453125
10.683,1054,3147,3147,3147,-5.0,31.0,23.0,-167.17527770996094,-28.503416061401367,25.695798873901367,-3.31591796875,1.1754150390625,-0.8634033203125
10.702,1067,3147,3147,3147,-5.0,31.0,23.0,-162.65867614746094,-27.770994186401367,8.7890625,-2.202392578125,-1.01220703125,1.11376953125
10.702,1000,3147,3147,3147,-5.0,31.0,23.0,-162.65867614746094,-27.770994186401367,8.7890625,-0.906982421875,-0.817138671875,1.9478759765625
10.711,746,3147,3147,3147,-5.0,31.0,23.0,78.0029296875,-9.21630859375,1.5258787870407104,-0.7568359375,0.4879150390625,0.4495849609375
10.719,678,3147,3147,3147,-5.0,32.0,20.0,136.65771484375,25.573728561401367,-0.54931640625,-1.075439453125,0.9530029296875,-1.0601806640625
10.728,734,3147,3147,3147,-5.0,32.0,20.0,136.65771484375,25.573728561401367,-0.54931640625,-1.375732421875,0.850341796875,-1.4556884765625
10.759,737,3147,3147,3147,-5.0,32.0,20.0,50.720211029052734,4.45556640625,-24.780271530151367,-1.678955078125,0.831298828125,-1.26953125
10.759,695,3147,3147,3147,-5.0,32.0,20.0,-10.314940452575684,-18.9208984375,-22.888181686401367,-1.906005859375,0.7232666015625,-0.9112548828125
10.760,625,3147,3147,3147,-5.0,32.0,20.0,-10.314940452575684,-18.9208984375,-22.888181686401367,-1.906005859375,0.7232666015625,-0.9112548828125
10.779,495,3147,3147,3147,-5.0,32.0,20.0,-56.884761810302734,-38.87939453125,-17.2119140625,-1.6973876953125,0.2567138671875,0.045654296875
10.780,379,3147,3147,3147,-5.0,32.0,20.0,-56.884761810302734,-38.87939453125,-17.2119140625,-1.5113525390625,0.245361328125,0.2679443359375
10.801,373,3147,3126,3147,-5.0,32.0,20.0,-49.194332122802734,-29.418943405151367,-11.047362327575684,-1.5113525390625,0.245361328125,0.2679443359375
10.802,361,3147,2726,3147,-5.0,32.0,20.0,-6.225585460662842,10.009765625,4.0283203125,-1.0521240234375,0.43994140625,0.1807861328125
10.809,365,3147,2489,3147,-5.0,32.0,20.0,-6.225585460662842,10.009765625,4.0283203125,-0.7869873046875,0.4193115234375,0.081298828125
10.817,361,3147,2273,3147,-3.0,28.0,22.0,13.793944358825684,34.11865234375,9.765625,-0.7869873046875,0.4193115234375,0.081298828125
10.831,336,3147,1850,3147,-3.0,28.0,22.0,38.6962890625,67.3828125,0.4272460639476776,-0.456787109375,-0.232421875,0.26318359375
10.839,336,3147,1730,2643,-3.0,28.0,22.0,38.6962890625,67.3828125,0.4272460639476776,-0.292236328125,-0.5723876953125,0.4083251953125
10.858,334,3147,1700,2343,-3.0,28.0,22.0,56.396480560302734,70.556640625,-7.507323741912842,-0.292236328125,-0.5723876953125,0.4083251953125
10.861,333,3147,1609,1704,-3.0,28.0,22.0,94.17723846435547,54.565425872802734,-4.5166015625,-0.1619873046875,-0.0277099609375,0.2998046875
10.869,328,3147,1561,1138,-3.0,28.0,22.0,94.17723846435547,54.565425872802734,-4.5166015625,-0.2982177734375,0.3057861328125,-0.023681640625
10.886,329,3147,1456,800,-3.0,28.0,22.0,98.51073455810547,40.10009765625,-2.807616949081421,-0.2982177734375,0.3057861328125,-0.023681640625
10.891,324,3147,1294,431,-3.0,28.0,22.0,78.55224609375,22.644041061401367,-14.343260765075684,-0.53125,0.2838134765625,-0.8045654296875
10.901,323,3147,1184,357,-3.0,28.0,22.0,78.55224609375,22.644041061401367,-14.343260765075684,-0.5897216796875,0.2711181640625,-0.8121337890625
10.910,321,3064,1125,354,-3.0,28.0,22.0,55.053707122802734,20.446775436401367,-13.305663108825684,-0.5897216796875,0.2711181640625,-0.8121337890625
10.921,321,2582,1122,345,-4.0,33.0,20.0,21.057126998901367,17.822265625,0.54931640625,-0.739501953125,0.626953125,-0.5277099609375
10.930,324,2507,1145,347,-4.0,33.0,20.0,21.057126998901367,17.822265625,0.54931640625,-0.772705078125,0.462890625,-0.27294921875
10.938,322,2424,1146,346,-4.0,33.0,20.0,0.1220703050494194,7.141112804412842,-3.601073980331421,-0.772705078125,0.462890625,-0.27294921875
10.958,321,2544,1201,344,-4.0,33.0,20.0,-20.629880905151367,-10.009765625,-8.544921875,-0.78466796875,0.2027587890625,0.0841064453125
10.960,317,2662,1162,346,-4.0,33.0,20.0,-20.629880905151367,-10.009765625,-8.544921875,-0.785400390625,0.226806640625,0.024658203125
10.967,316,2787,1204,348,-4.0,33.0,20.0,-7.019042491912842,-10.375975608825684,-5.737304210662842,-0.785400390625,0.226806640625,0.024658203125
10.982,316,2877,1228,346,-4.0,33.0,20.0,11.657713890075684,-4.94384765625,-2.25830078125,-0.851806640625,0.3485107421875,-0.2381591796875
10.991,318,3000,1223,348,-4.0,33.0,20.0,24.047849655151367,2.13623046875,1.7089842557907104,-0.851806640625,0.3485107421875,-0.2381591796875
11.008,321,3136,1248,351,-4.0,33.0,20.0,25.329587936401367,7.263183116912842,4.638671875,-0.8516845703125,0.347412109375,-0.2388916015625
11.012,324,3147,1199,411,-7.0,32.0,19.0,18.98193359375,11.413573265075684,6.652831554412842,-0.8009033203125,0.1839599609375,-0.181640625
11.023,330,3147,1175,571,-7.0,32.0,19.0,11.840819358825684,16.54052734375,9.3994140625,-0.8009033203125,0.1839599609375,-0.181640625
11.028,331,3147,1173,684,-7.0,32.0,19.0,8.23974609375,22.399900436401367,13.793944358825684,-0.7855224609375,0.1190185546875,-0.1683349609375
11.041,328,3147,1243,845,-7.0,32.0,19.0,7.995604991912842,28.503416061401367,19.775390625,-0.8065185546875,0.16552734375,-0.2216796875
11.064,332,3147,1266,1056,-7.0,32.0,19.0,7.934569835662842,33.99658203125,26.916501998901367,-0.8065185546875,0.16552734375,-0.2216796875
11.064,332,3147,1294,1145,-7.0,32.0,19.0,5.249022960662842,38.14697265625,33.69140625,-0.8070068359375,0.21630859375,-0.233642578125
11.072,336,3147,1313,1646,-7.0,32.0,19.0,-6.591796398162842,44.006343841552734,42.846675872802734,-0.69921875,0.1712646484375,-0.15673828125
11.080,561,3147,998,1798,-7.0,32.0,19.0,-6.591796398162842,44.006343841552734,42.846675872802734,-0.5718994140625,0.136962890625,-0.0989990234375
11.089,388,3147,816,917,-7.0,32.0,19.0,-10.314940452575684,43.395992279052734,44.128414154052734,-0.5718994140625,0.136962890625,-0.0989990234375
11.103,359,3147,1733,2955,-7.0,32.0,19.0,-9.09423828125,37.353515625,40.222164154052734,-0.2335205078125,0.3878173828125,-0.0997314453125
11.110,365,3147,2063,3147,-6.0,34.0,15.0,-5.187987804412842,21.484373092651367,28.747556686401367,-0.2335205078125,0.3878173828125,-0.0997314453125
11.118,411,3147,2258,3147,-6.0,34.0,15.0,-13.671874046325684,-8.30078125,7.324218273162842,0.0433349609375,0.6455078125,-0.094482421875
11.136,428,3147,2598,3147,-6.0,34.0,15.0,-52.978511810302734,-40.649410247802734,-17.27294921875,0.448974609375,0.2672119140625,0.0496826171875
11.141,952,3147,1974,3147,-6.0,34.0,15.0,-113.34227752685547,-55.175777435302734,-28.564451217651367,0.448974609375,0.2672119140625,0.0496826171875
11.215,387,3147,2827,3147,-6.0,34.0,15.0,-147.94921875,-45.959468841552734,-24.658201217651367,0.2357177734375,-0.2303466796875,0.0262451171875
11.215,385,3147,3147,3147,-6.0,34.0,15.0,-119.87303924560547,-24.780271530151367,-27.954099655151367,-1.097900390625,-0.3809814453125,-0.251708984375
11.215,519,3147,3147,3147,-6.0,34.0,15.0,-56.579586029052734,-11.718749046325684,-37.53662109375,-1.097900390625,-0.3809814453125,-0.251708984375
11.215,739,3147,3147,3147,-6.0,34.0,15.0,-21.789548873901367,-14.160155296325684,-26.916501998901367,-1.703369140625,0.956787109375,-0.729248046875
11.215,1050,3147,3147,3147,-6.0,34.0,15.0,-39.1845703125,-20.690916061401367,-10.681151390075684,-2.7293701171875,1.6536865234375,-1.4757080078125
11.215,1985,3147,2207,3147,-6.0,34.0,15.0,-76.66015625,-26.062009811401367,-10.253905296325684,-2.7293701171875,1.6536865234375,-1.4757080078125
11.215,1091,3147,3147,3147,-4.0,32.0,16.0,-106.81151580810547,-21.484373092651367,-3.051757574081421,-3.2852783203125,1.0189208984375,-1.1024169921875
11.222,934,3147,3147,3147,-4.0,32.0,16.0,-97.04589080810547,-21.484373092651367,5.798339366912842,-1.3675537109375,-0.801025390625,1.230712890625
11.230,895,3147,3147,3147,-4.0,32.0,16.0,-10.437010765075684,-34.66796875,8.6669921875,-1.3675537109375,-0.801025390625,1.230712890625
11.240,814,3147,3147,3147,-4.0,32.0,16.0,100.95214080810547,-29.052732467651367,12.390135765075684,-0.89111328125,0.3409423828125,0.1351318359375
11.268,871,3147,3147,3147,-4.0,32.0,16.0,144.47021484375,-14.221190452575684,4.69970703125,-1.47216796875,0.9755859375,-1.501953125
11.269,894,3147,3147,3147,-4.0,32.0,16.0,108.58153533935547,-17.4560546875,-7.080077648162842,-1.47216796875,0.9755859375,-1.501953125
11.269,871,3147,3147,3147,-4.0,32.0,16.0,44.616695404052734,-36.7431640625,-11.413573265075684,-1.860595703125,1.03662109375,-1.3095703125
11.282,693,3147,3147,3147,-4.0,32.0,16.0,-10.437010765075684,-58.593746185302734,-12.329100608825684,-1.7249755859375,0.4481201171875,-0.310791015625
11.291,614,3147,3147,3147,-4.0,32.0,16.0,-41.076656341552734,-69.03076171875,-14.038084983825684,-1.7249755859375,0.4481201171875,-0.310791015625
11.299,490,3147,3147,3147,-4.0,32.0,16.0,-43.273921966552734,-62.316890716552734,-13.610838890075684,-1.4547119140625,0.3380126953125,0.146728515625
11.315,359,3147,2997,3147,-4.0,30.0,20.0,-29.052732467651367,-41.809078216552734,-10.986327171325684,-1.25244140625,0.4130859375,0.3123779296875
11.320,351,3147,2728,3147,-4.0,30.0,20.0,-11.108397483825684,-13.061522483825684,-6.286620616912842,-1.027099609375,0.4779052734375,0.2261962890625
11.328,347,3147,2458,3147,-4.0,30.0,20.0,3.662109136581421,17.76123046875,-1.4648436307907104,-0.809326171875,0.393310546875,0.0938720703125
11.342,338,3147,2110,3147,-4.0,30.0,20.0,12.084959983825684,44.128414154052734,0.6713866591453552,-0.6923828125,0.1495361328125,0.062255859375
11.351,332,3147,1781,2874,-4.0,30.0,20.0,16.4794921875,60.363765716552734,-1.03759765625,-0.58837890625,-0.234619140625,0.1298828125
11.368,328,3147,1656,2220,-4.0,30.0,20.0,26.733396530151367,65.4296875,-5.615233898162842,-0.49755859375,-0.537353515625,0.2191162109375
11.372,328,3147,1557,1265,-4.0,30.0,20.0,46.508785247802734,59.143062591552734,-7.202147960662842,-0.4134521484375,-0.50146484375,0.2557373046875
11.381,323,3147,1521,673,-4.0,30.0,20.0,63.903804779052734,39.85595703125,-4.21142578125,-0.3033447265625,-0.179443359375,0.2762451171875
11.391,323,3137,1474,359,-4.0,30.0,20.0,74.21875,14.221190452575684,-2.746581792831421,-0.2791748046875,0.1541748046875,0.1202392578125
11.423,322,2162,1397,348,-5.0,30.0,17.0,88.37889862060547,-3.845214605331421,-8.36181640625,-0.375244140625,0.2369384765625,-0.336669921875
11.423,318,1676,1308,344,-5.0,30.0,17.0,100.95214080810547,-10.192870140075684,-17.02880859375,-0.51171875,0.19482421875,-0.7286376953125
11.423,317,1294,1201,345,-5.0,30.0,17.0,94.97069549560547,-10.620116233825684,-16.78466796875,-0.6092529296875,0.3028564453125,-0.803955078125
11.434,316,749,1043,324,-5.0,30.0,17.0,75.01220703125,-8.4228515625,-7.446288585662842,-0.6339111328125,0.537841796875,-0.676513671875
11.440,314,757,1063,328,-5.0,30.0,17.0,53.527828216552734,-8.056640625,-2.807616949081421,-0.6407470703125,0.66162109375,-0.451416015625
11.448,315,706,1083,327,-5.0,30.0,17.0,32.40966796875,-10.986327171325684,-7.751464366912842,-0.677978515625,0.55419921875,-0.1771240234375
11.475,315,735,1251,327,-5.0,30.0,17.0,15.319823265075684,-13.732909202575684,-12.390135765075684,-0.699951171875,0.354248046875,0.0667724609375
11.475,316,818,1260,330,-5.0,30.0,17.0,10.620116233825684,-14.770506858825684,-9.21630859375,-0.6781005859375,0.2340087890625,0.1839599609375
11.478,321,1031,1294,334,-5.0,30.0,17.0,20.080564498901367,-13.671874046325684,-0.30517578125,-0.650390625,0.20947265625,0.155517578125
11.494,332,1306,1289,334,-5.0,30.0,17.0,36.2548828125,-7.995604991912842,10.803221702575684,-0.6463623046875,0.2255859375,0.0205078125
11.501,334,1640,1321,338,-9.0,30.0,17.0,51.879878997802734,2.38037109375,22.399900436401367,-0.6412353515625,0.2841796875,-0.1417236328125
11.512,332,2024,1330,343,-9.0,30.0,17.0,58.288570404052734,13.122557640075684,30.212400436401367,-0.62744140625,0.39111328125,-0.250244140625
11.523,336,2677,1357,349,-9.0,30.0,17.0,47.546382904052734,17.9443359375,28.442380905151367,-0.5606689453125,0.515625,-0.32861328125
11.532,334,3056,1331,351,-9.0,30.0,17.0,17.9443359375,10.192870140075684,8.72802734375,-0.57373046875,0.493408203125,-0.364501953125
11.539,336,3147,1335,361,-9.0,30.0,17.0,-21.057126998901367,2.563476324081421,-17.2119140625,-0.84423828125,0.2806396484375,-0.2896728515625
11.552,334,3147,1357,679,-9.0,30.0,17.0,-43.823238372802734,6.347655773162842,-20.507810592651367,-1.0616455078125,0.124755859375,-0.2003173828125
11.570,336,3147,1397,951,-9.0,30.0,17.0,-40.893550872802734,11.840819358825684,-4.45556640625,-1.017333984375,0.1029052734375,-0.191650390625
11.576,336,3147,1428,1145,-9.0,30.0,17.0,-29.052732467651367,15.869139671325684,11.291502952575684,-0.9384765625,0.1142578125,-0.21484375
11.586,334,3147,1416,1514,-9.0,30.0,17.0,-19.83642578125,20.141599655151367,22.888181686401367,-0.90771484375,0.12841796875,-0.249267578125
11.591,336,3147,1424,1775,-9.0,30.0,17.0,-14.526366233825684,22.521970748901367,30.395505905151367,-0.8516845703125,0.142822265625,-0.281982421875
11.599,336,3147,1409,1996,-6.0,32.0,22.0,-13.977049827575684,22.277830123901367,33.203125,-0.7713623046875,0.147216796875,-0.2816162109375
11.615,338,3147,1452,2484,-6.0,32.0,22.0,-18.12744140625,20.935056686401367,33.02001953125,-0.69921875,0.20703125,-0.248779296875
11.620,356,3147,1390,2769,-6.0,32.0,22.0,-26.794431686401367,17.63916015625,30.151365280151367,-0.6031494140625,0.3255615234375,-0.186279296875
11.633,401,3147,1474,3042,-6.0,32.0,22.0,-38.63525390625,8.1787109375,21.362302780151367,-0.4320068359375,0.4141845703125,-0.105712890625
11.642,424,3147,2194,3147,-6.0,32.0,22.0,-53.405757904052734,-10.681151390075684,2.868652105331421,-0.1864013671875,0.5045166015625,-0.0206298828125
11.650,426,3147,2753,3147,-6.0,32.0,22.0,-82.82469940185547,-37.59765625,-26.794431686401367,0.0570068359375,0.6119384765625,0.0230712890625
11.658,607,3147,3072,3147,-6.0,32.0,22.0,-146.3623046875,-52.917476654052734,-49.499507904052734,0.09521484375,0.29443359375,0.05419921875
11.676,417,3147,3147,3147,-6.0,32.0,22.0,-206.66502380371094,-44.128414154052734,-45.288082122802734,0.0296630859375,-0.70654296875,0.2110595703125
11.681,378,3147,3147,3147,-6.0,32.0,22.0,-184.02098083496094,-21.972654342651367,-33.203125,-0.0439453125,-1.40625,0.359619140625
11.688,858,3147,2530,3147,-6.0,32.0,22.0,-91.36962127685547,-4.82177734375,-24.108884811401367,-0.389404296875,-0.708740234375,0.167236328125
11.703,632,3147,3147,3147,-5.0,29.0,22.0,-16.90673828125,-7.019042491912842,-7.873534679412842,-1.091796875,0.9505615234375,-0.5914306640625
11.719,944,3147,3147,3147,-5.0,29.0,22.0,-10.742186546325684,-25.573728561401367,5.920409679412842,-1.947021484375,1.9122314453125,-1.40576171875
11.719,963,3147,3147,3147,-5.0,29.0,22.0,-50.659175872802734,-39.4287109375,12.634276390075684,-2.993408203125,2.3465576171875,-1.864501953125
11.736,1082,3147,3147,3147,-5.0,29.0,22.0,-100.40282440185547,-22.705076217651367,25.024412155151367,-3.4156494140625,1.0509033203125,-1.2755126953125
11.740,1078,3147,3147,3147,-5.0,29.0,22.0,-95.70311737060547,-25.573728561401367,12.573241233825684,-2.228271484375,-1.155029296875,0.917236328125
11.749,853,3147,3147,3147,-5.0,29.0,22.0,-2.0751953125,-44.067378997802734,-3.295898199081421,-1.0235595703125,-0.969970703125,1.9212646484375
11.781,689,3147,3147,3147,-5.0,29.0,22.0,107.84911346435547,-17.39501953125,10.437010765075684,-0.84033203125,0.3709716796875,0.5400390625
11.781,684,3147,3147,3147,-5.0,29.0,22.0,156.43310546875,21.606443405151367,12.512206077575684,-1.0264892578125,1.0263671875,-0.98193359375
11.781,713,3147,3147,3147,-5.0,29.0,22.0,123.47411346435547,32.16552734375,-3.051757574081421,-1.24462890625,1.0557861328125,-1.549560546875
11.792,712,3147,3147,3147,-2.0,29.0,17.0,48.095699310302734,13.977049827575684,-16.7236328125,-1.4969482421875,1.0556640625,-1.486328125
11.801,654,3147,3147,3147,-2.0,29.0,17.0,-21.850584030151367,-13.122557640075684,-23.559568405151367,-1.7781982421875,0.8626708984375,-1.138916015625
11.823,645,3147,3147,3147,-2.0,29.0,17.0,-21.850584030151367,-13.122557640075684,-23.559568405151367,-1.8304443359375,0.4625244140625,-0.5252685546875
11.823,580,3147,3147,3147,-2.0,29.0,17.0,-76.96533203125,-44.250484466552734,-24.658201217651367,-1.670166015625,0.243896484375,0.0396728515625
11.830,493,3147,3147,3147,-2.0,29.0,17.0,-65.00244140625,-37.59765625,-20.202634811401367,-1.4764404296875,0.256591796875,0.2864990234375
11.844,388,3147,3147,3147,-2.0,29.0,17.0,-65.00244140625,-37.59765625,-20.202634811401367,-1.36474609375,0.357666015625,0.2408447265625
11.852,389,3147,2949,3147,-2.0,29.0,17.0,-21.972654342651367,3.356933355331421,-6.713866710662842,-1.201904296875,0.4549560546875,0.11376953125
11.861,383,3147,2710,3147,-2.0,29.0,17.0,-4.69970703125,22.949216842651367,-0.1831054538488388,-0.91943359375,0.3831787109375,0.0703125
11.881,372,3147,2507,3147,-2.0,29.0,17.0,-4.69970703125,22.949216842651367,-0.1831054538488388,-0.678955078125,0.1507568359375,0.1024169921875
11.883,364,3147,2246,2807,-2.0,29.0,17.0,30.761716842651367,45.043941497802734,-6.347655773162842,-0.513671875,-0.1563720703125,0.154541015625
11.891,359,3147,2065,2203,-3.0,32.0,15.0,53.588863372802734,49.621578216552734,-11.779784202575684,-0.4007568359375,-0.4117431640625,0.166748046875
11.899,351,3147,1957,1650,-3.0,32.0,15.0,53.588863372802734,49.621578216552734,-11.779784202575684,-0.3397216796875,-0.39013671875,0.1239013671875
11.912,347,3147,1837,809,-3.0,32.0,15.0,90.63719940185547,49.865718841552734,-5.493163585662842,-0.2884521484375,-0.1212158203125,0.1588134765625
11.928,344,3147,1744,377,-3.0,32.0,15.0,88.56200408935547,41.503902435302734,3.295898199081421,-0.288818359375,0.103271484375,0.1904296875
11.929,338,2689,1640,354,-3.0,32.0,15.0,88.56200408935547,41.503902435302734,3.295898199081421,-0.3802490234375,0.15087890625,-0.0421142578125
11.949,347,2247,1608,346,-3.0,32.0,15.0,83.19091033935547,34.36279296875,-0.0610351525247097,-0.52734375,0.144775390625,-0.395751953125
11.951,344,1880,1529,347,-3.0,32.0,15.0,78.30810546875,35.15625,-2.624511480331421,-0.6466064453125,0.1754150390625,-0.5343017578125
11.959,348,1735,1455,343,-3.0,32.0,15.0,78.30810546875,35.15625,-2.624511480331421,-0.702392578125,0.271484375,-0.4775390625
11.984,344,1209,1365,333,-3.0,32.0,15.0,64.75830078125,33.3251953125,10.742186546325684,-0.71533203125,0.410888671875,-0.4293212890625
11.984,328,998,1361,328,-3.0,32.0,15.0,64.02587890625,31.494138717651367,15.624999046325684,-0.7137451171875,0.503173828125,-0.39990234375
11.989,337,923,1330,330,-6.0,33.0,19.0,64.02587890625,31.494138717651367,15.624999046325684,-0.7347412109375,0.488525390625,-0.3023681640625
12.002,572,947,1224,328,-6.0,33.0,19.0,45.166011810302734,25.146482467651367,15.014647483825684,-0.77001953125,0.425537109375,-0.1663818359375
12.011,484,991,1386,332,-6.0,33.0,19.0,38.14697265625,21.423337936401367,15.075682640075684,-0.7725830078125,0.3863525390625,-0.0814208984375
12.025,413,962,1366,330,-6.0,33.0,19.0,38.14697265625,21.423337936401367,15.075682640075684,-0.7725830078125,0.3863525390625,-0.0814208984375
12.032,338,1101,1413,332,-6.0,33.0,19.0,39.1845703125,13.305663108825684,10.620116233825684,-0.7388916015625,0.3685302734375,-0.2430419921875
12.041,338,1143,1401,332,-6.0,33.0,19.0,39.1845703125,13.305663108825684,10.620116233825684,-0.734130859375,0.3631591796875,-0.3306884765625
12.048,328,1253,1382,334,-6.0,33.0,19.0,35.5224609375,12.512206077575684,7.080077648162842,-0.734130859375,0.3631591796875,-0.3306884765625
12.062,324,1650,1355,342,-6.0,33.0,19.0,13.000487327575684,15.747069358825684,4.39453125,-0.684326171875,0.23583984375,-0.3497314453125
12.075,319,1974,1306,338,-6.0,33.0,19.0,13.000487327575684,15.747069358825684,4.39453125,-0.6015625,0.1944580078125,-0.32080078125
12.085,317,2443,1264,346,-6.0,33.0,19.0,0.2441406100988388,13.061522483825684,3.051757574081421,-0.6015625,0.1944580078125,-0.32080078125
12.093,321,3147,1241,347,-6.0,32.0,17.0,-27.526853561401367,4.08935546875,-6.225585460662842,-0.8499755859375,0.1285400390625,-0.21875
12.100,344,3147,1234,512,-6.0,32.0,17.0,-27.526853561401367,4.08935546875,-6.225585460662842,-0.911865234375,0.182861328125,-0.255126953125
12.108,334,3147,1239,834,-6.0,32.0,17.0,-27.832029342651367,11.657713890075684,7.812499523162842,-0.911865234375,0.182861328125,-0.255126953125
12.128,346,3147,1269,1231,-6.0,32.0,17.0,-25.207517623901367,15.747069358825684,30.273435592651367,-0.7423095703125,0.3074951171875,-0.33447265625
12.130,324,3147,1303,1584,-6.0,32.0,17.0,-25.207517623901367,15.747069358825684,30.273435592651367,-0.735107421875,0.2352294921875,-0.2960205078125
12.141,431,3147,1267,1922,-6.0,32.0,17.0,-35.15625,14.099120140075684,30.090330123901367,-0.735107421875,0.2352294921875,-0.2960205078125
12.153,401,3147,1445,2530,-6.0,32.0,17.0,-46.691890716552734,6.225585460662842,28.625486373901367,-0.625732421875,0.1239013671875,-0.062255859375
12.164,519,3147,1732,2973,-6.0,32.0,17.0,-46.691890716552734,6.225585460662842,28.625486373901367,-0.241455078125,0.2017822265625,0.0848388671875
12.189,439,3147,2087,3147,-6.0,32.0,17.0,-43.884273529052734,-18.37158203125,15.075682640075684,-0.241455078125,0.2017822265625,0.0848388671875
12.190,418,3147,2561,3147,-3.0,32.0,23.0,-92.46825408935547,-81.05467987060547,-55.786128997802734,0.3009033203125,0.587890625,0.0057373046875
12.191,437,3147,2563,3147,-3.0,32.0,23.0,-92.46825408935547,-81.05467987060547,-55.786128997802734,0.24560546875,0.0372314453125,0.1212158203125
12.198,1199,3147,527,1131,-3.0,32.0,23.0,-169.49461364746094,-76.5380859375,-46.142574310302734,0.24560546875,0.0372314453125,0.1212158203125
12.213,704,3147,2710,3147,-3.0,32.0,23.0,-114.74608612060547,-21.667478561401367,-2.3193359375,-0.634521484375,-0.99072265625,0.3807373046875
12.220,1399,3147,458,3147,-3.0,32.0,23.0,-114.74608612060547,-21.667478561401367,-2.3193359375,-1.3045654296875,-0.02783203125,-0.134765625
12.228,1373,3147,2368,3147,-3.0,32.0,23.0,-18.6767578125,-4.57763671875,-1.4038084745407104,-1.3045654296875,-0.02783203125,-0.134765625
12.242,526,3147,3147,3147,-3.0,32.0,23.0,18.73779296875,-12.268065452575684,14.099120140075684,-2.2081298828125,1.6397705078125,-1.6339111328125
12.250,785,3147,3147,3147,-3.0,32.0,23.0,-9.09423828125,-23.315427780151367,27.526853561401367,-2.2081298828125,1.6397705078125,-1.6339111328125
12.269,849,3147,3147,3147,-3.0,32.0,23.0,-48.645015716552734,-24.353025436401367,23.559568405151367,-2.8162841796875,1.7799072265625,-1.4876708984375
12.272,579,3147,3147,3147,-3.0,32.0,23.0,-78.61328125,-16.9677734375,18.00537109375,-2.32080078125,-0.6173095703125,0.801025390625
12.293,406,3147,3147,3147,-2.0,32.0,18.0,-62.438961029052734,-19.04296875,4.39453125,-2.32080078125,-0.6173095703125,0.801025390625
12.293,400,3147,3147,3147,-2.0,32.0,18.0,25.573728561401367,-21.240232467651367,-11.718749046325684,-1.233154296875,-0.5400390625,0.9228515625
12.298,404,3147,3147,3147,-2.0,32.0,18.0,110.22948455810547,-5.859374523162842,-15.136717796325684,-0.876708984375,0.3841552734375,-0.22802734375
12.313,411,3147,3147,3147,-2.0,32.0,18.0,126.09862518310547,5.981444835662842,-18.12744140625,-1.4560546875,0.97412109375,-1.4586181640625
12.320,418,3147,3147,3147,-2.0,32.0,18.0,86.60887908935547,-0.4272460639476776,-23.559568405151367,-1.4560546875,0.97412109375,-1.4586181640625
12.335,419,3147,3147,3147,-2.0,32.0,18.0,33.75244140625,-20.141599655151367,-26.550291061401367,-1.87255859375,0.969970703125,-1.2161865234375
12.342,388,3147,3066,3147,-2.0,32.0,18.0,-7.019042491912842,-43.579097747802734,-26.062009811401367,-1.716552734375,0.2950439453125,-0.244873046875
12.350,382,3147,2919,3147,-2.0,32.0,18.0,-23.254392623901367,-57.861324310302734,-23.437498092651367,-1.716552734375,0.2950439453125,-0.244873046875
12.358,364,3147,2795,3147,-2.0,32.0,18.0,-15.258788108825684,-56.762691497802734,-17.2119140625,-1.438232421875,0.1500244140625,0.1097412109375
12.404,359,3147,2334,3147,-2.0,32.0,18.0,4.2724609375,-42.907711029052734,-8.6669921875,-1.2791748046875,0.256591796875,0.1964111328125
12.404,357,3147,2320,3147,-4.0,30.0,20.0,21.728513717651367,-20.080564498901367,0.0610351525247097,-1.126708984375,0.4622802734375,0.05810546875
12.404,348,3147,2072,3147,-4.0,30.0,20.0,29.235837936401367,7.751464366912842,7.385253429412842,-0.906494140625,0.5614013671875,-0.089111328125
12.405,344,3147,1822,3147,-4.0,30.0,20.0,24.719236373901367,33.63037109375,8.85009765625,-0.6763916015625,0.404296875,-0.0902099609375
12.410,329,3147,1580,3147,-4.0,30.0,20.0,13.366698265075684,52.490230560302734,2.50244140625,-0.515869140625,0.1055908203125,0.05126953125
12.418,332,3147,1546,3051,-4.0,30.0,20.0,5.249022960662842,60.913082122802734,-9.94873046875,-0.4486083984375,-0.220458984375,0.2357177734375
12.434,330,3147,1584,2129,-4.0,30.0,20.0,12.023924827575684,55.297847747802734,-23.498533248901367,-0.3829345703125,-0.4178466796875,0.2962646484375
12.440,330,3147,1560,1548,-4.0,30.0,20.0,31.616209030151367,36.19384765625,-30.883787155151367,-0.327392578125,-0.3035888671875,0.259765625
12.448,328,3147,1533,978,-4.0,30.0,20.0,49.011226654052734,12.451170921325684,-28.137205123901367,-0.3853759765625,-0.0137939453125,0.1129150390625
12.461,327,3147,1521,497,-4.0,30.0,20.0,61.889644622802734,-4.7607421875,-20.385740280151367,-0.473876953125,0.0699462890625,-0.2076416015625
12.470,324,3104,1456,363,-4.0,30.0,20.0,75.8056640625,-11.291502952575684,-15.014647483825684,-0.555908203125,-0.0379638671875,-0.5098876953125
12.501,323,2744,1416,356,-7.0,30.0,21.0,87.89061737060547,-9.765625,-8.544921875,-0.60498046875,0.0626220703125,-0.6138916015625
12.502,325,2030,1462,344,-7.0,30.0,21.0,92.95653533935547,-7.629394054412842,-3.173827886581421,-0.62158203125,0.3670654296875,-0.5614013671875
12.502,310,1762,1428,323,-7.0,30.0,21.0,85.32714080810547,-5.981444835662842,-4.0283203125,-0.698974609375,0.515380859375,-0.44677734375
12.507,334,1348,1463,343,-7.0,30.0,21.0,62.438961029052734,-2.624511480331421,-2.807616949081421,-0.7686767578125,0.4356689453125,-0.2547607421875
12.522,323,1209,1490,338,-7.0,30.0,21.0,33.935546875,0.9155272841453552,5.920409679412842,-0.7657470703125,0.298828125,-0.066650390625
12.536,336,1336,1499,338,-7.0,30.0,21.0,13.244627952575684,3.356933355331421,18.06640625,-0.7108154296875,0.2303466796875,0.0374755859375
12.538,327,1541,1506,338,-7.0,30.0,21.0,7.263183116912842,2.990722417831421,26.916501998901367,-0.6075439453125,0.322265625,0.03369140625
12.551,323,1703,1499,344,-7.0,30.0,21.0,11.413573265075684,-5.0048828125,20.812986373901367,-0.4959716796875,0.4747314453125,-0.0858154296875
12.559,323,1936,1509,346,-7.0,30.0,21.0,9.94873046875,-12.451170921325684,-3.051757574081421,-0.6436767578125,0.4989013671875,-0.1470947265625
12.569,324,2178,1527,347,-7.0,30.0,21.0,2.807616949081421,-5.432128429412842,-17.39501953125,-0.8751220703125,0.434326171875,-0.1285400390625
12.600,323,2568,1506,346,-6.0,32.0,20.0,0.2441406100988388,8.23974609375,-9.521484375,-0.8428955078125,0.411865234375,-0.154541015625
12.601,321,2842,1498,353,-6.0,32.0,20.0,-3.112792730331421,16.41845703125,-1.7700194120407104,-0.7310791015625,0.4022216796875,-0.224365234375
12.602,322,3061,1518,351,-6.0,32.0,20.0,-13.854979515075684,18.4326171875,-4.57763671875,-0.7603759765625,0.280517578125,-0.24755859375
12.611,323,3147,1503,546,-6.0,32.0,20.0,-23.559568405151367,21.606443405151367,-3.784179449081421,-0.8802490234375,0.1085205078125,-0.2174072265625
12.621,323,3147,1529,813,-6.0,32.0,20.0,-22.399900436401367,28.259275436401367,8.9111328125,-0.9002685546875,0.0333251953125,-0.2135009765625
12.627,321,3147,1472,1056,-6.0,32.0,20.0,-17.39501953125,33.3251953125,22.888181686401367,-0.8392333984375,0.036376953125,-0.2244873046875
12.641,321,3147,1413,1588,-6.0,32.0,20.0,-17.15087890625,35.2783203125,32.04345703125,-0.787109375,0.024658203125,-0.2255859375
12.649,334,3147,1390,1877,-6.0,32.0,20.0,-19.53125,35.70556640625,38.2080078125,-0.737548828125,-0.012939453125,-0.2164306640625
12.658,333,3147,1367,2131,-6.0,32.0,20.0,-20.324705123901367,35.94970703125,42.419429779052734,-0.682373046875,-0.0145263671875,-0.18505859375
12.672,344,3147,1468,2738,-9.0,32.0,22.0,-19.287109375,35.46142578125,43.212886810302734,-0.60400390625,0.078857421875,-0.1363525390625
12.680,409,3147,1577,3085,-9.0,32.0,22.0,-18.00537109375,24.047849655151367,35.15625,-0.427001953125,0.2952880859375,-0.0537109375
12.702,416,3147,1820,3147,-9.0,32.0,22.0,-21.118162155151367,-5.0048828125,11.413573265075684,-0.0931396484375,0.5389404296875,0.0123291015625
12.702,402,3147,2621,3147,-9.0,32.0,22.0,-47.241207122802734,-40.161128997802734,-21.911619186401367,0.2447509765625,0.797119140625,-0.0404052734375
12.713,430,3147,2973,3147,-9.0,32.0,22.0,-119.62889862060547,-60.913082122802734,-38.818359375,0.330810546875,0.7713623046875,-0.012939453125
12.717,2333,3147,501,3147,-9.0,32.0,22.0,-195.73973083496094,-62.377925872802734,-26.306150436401367,0.2705078125,-0.019775390625,0.212158203125
12.732,904,3147,2638,3147,-9.0,32.0,22.0,-184.20408630371094,-46.752925872802734,-17.27294921875,-0.0478515625,-1.103515625,0.2366943359375
12.741,1229,3147,2560,3147,-9.0,32.0,22.0,-95.70311737060547,-22.644041061401367,-23.010251998901367,-0.65625,-0.9571533203125,-0.1162109375
12.748,963,3147,2978,3147,-9.0,32.0,22.0,-30.456541061401367,-12.512206077575684,-12.634276390075684,-1.371337890625,0.6287841796875,-0.77587890625
12.761,1050,3147,2502,3147,-9.0,32.0,22.0,-38.330078125,-20.385740280151367,6.652831554412842,-2.1259765625,1.73876953125,-1.3740234375
12.770,1067,3147,3147,3147,-1.0,33.0,17.0,-88.07372283935547,-24.780271530151367,17.15087890625,-3.0394287109375,2.2716064453125,-1.6654052734375
12.778,1398,3147,678,1548,-1.0,33.0,17.0,-140.7470703125,-5.249022960662842,25.207517623901367,-3.4005126953125,0.9862060546875,-1.1805419921875
12.807,1065,3147,3147,3147,-1.0,33.0,17.0,-135.986328125,-14.953612327575684,10.620116233825684,-2.2064208984375,-1.116455078125,0.777587890625
12.807,1278,3147,1184,3147,-1.0,33.0,17.0,-41.381832122802734,-43.518062591552734,-5.798339366912842,-0.8853759765625,-0.734619140625,1.78955078125
12.808,753,3147,3147,3147,-1.0,33.0,17.0,-41.381832122802734,-43.518062591552734,-5.798339366912842,-0.72900390625,0.516845703125,0.44970703125
12.828,710,3147,3147,3147,-1.0,33.0,17.0,123.77928924560547,26.855466842651367,-11.535643577575684,-1.0439453125,0.855224609375,-0.918212890625
12.830,3147,3147,3147,3147,-1.0,33.0,17.0,90.02684783935547,42.663570404052734,-20.874021530151367,-1.3150634765625,0.781494140625,-1.247314453125
12.839,714,3147,3147,3147,-1.0,33.0,17.0,90.02684783935547,42.663570404052734,-20.874021530151367,-1.6187744140625,0.802001953125,-1.1566162109375
12.852,620,3147,3147,3147,-1.0,33.0,17.0,-21.484373092651367,8.4228515625,-15.991209983825684,-1.789794921875,0.6600341796875,-0.935791015625
12.859,507,3147,3147,3147,-1.0,33.0,17.0,-39.61181640625,-20.01953125,-10.375975608825684,-1.645751953125,0.3453369140625,-0.4923095703125
12.867,495,3147,3147,3147,-1.0,32.0,21.0,-39.61181640625,-20.01953125,-10.375975608825684,-1.399169921875,0.1595458984375,-0.0537109375
12.881,548,3147,2886,3147,-1.0,32.0,21.0,-13.549803733825684,-40.0390625,7.202147960662842,-1.2569580078125,0.21826171875,0.1531982421875
12.909,532,3147,2713,3147,-1.0,32.0,21.0,8.1787109375,-28.442380905151367,11.657713890075684,-1.194091796875,0.3936767578125,0.1419677734375
12.910,510,3147,2497,3147,-1.0,32.0,21.0,8.1787109375,-28.442380905151367,11.657713890075684,-1.1124267578125,0.622314453125,0.01318359375
12.911,456,3147,2254,3147,-1.0,32.0,21.0,28.381345748901367,9.46044921875,8.36181640625,-0.97119140625,0.676513671875,-0.0836181640625
12.919,428,3147,2194,3147,-1.0,32.0,21.0,26.489255905151367,26.611326217651367,1.4648436307907104,-0.824462890625,0.417236328125,-0.0150146484375
12.927,418,3147,2133,3147,-1.0,32.0,21.0,26.489255905151367,26.611326217651367,1.4648436307907104,-0.7012939453125,0.01416015625,0.1842041015625
12.945,404,3147,1865,3147,-1.0,32.0,21.0,34.66796875,43.273921966552734,-15.136717796325684,-0.5628662109375,-0.28564453125,0.334716796875
12.950,388,3147,1766,3147,-1.0,32.0,21.0,49.499507904052734,41.076656341552734,-18.85986328125,-0.4459228515625,-0.2789306640625,0.225830078125
12.957,372,3147,1689,3027,-1.0,32.0,21.0,49.499507904052734,41.076656341552734,-18.85986328125,-0.3775634765625,-0.0445556640625,-0.0648193359375
12.971,342,3147,1529,2364,-4.0,35.0,19.0,59.753414154052734,20.507810592651367,-18.61572265625,-0.3658447265625,0.1419677734375,-0.239501953125
12.979,334,3147,1440,2080,-4.0,35.0,19.0,47.607418060302734,10.009765625,-17.88330078125,-0.4267578125,0.136962890625,-0.3106689453125
13.015,328,3147,1318,1890,-4.0,35.0,19.0,47.607418060302734,10.009765625,-17.88330078125,-0.5244140625,0.0284423828125,-0.4593505859375
13.016,323,3147,1211,1521,-4.0,35.0,19.0,43.945308685302734,12.939452171325684,-12.390135765075684,-0.6318359375,0.0556640625,-0.582763671875
13.017,322,3147,1157,1317,-4.0,35.0,19.0,44.677730560302734,11.718749046325684,-9.70458984375,-0.74267578125,0.2366943359375,-0.5430908203125
13.017,311,3147,1175,1116,-4.0,35.0,19.0,44.677730560302734,11.718749046325684,-9.70458984375,-0.835693359375,0.34765625,-0.40185546875
13.036,321,3147,1170,705,-4.0,35.0,19.0,26.306150436401367,0.6713866591453552,-9.33837890625,-0.860107421875,0.315185546875,-0.272705078125
13.040,321,3147,1138,364,-4.0,35.0,19.0,26.306150436401367,0.6713866591453552,-9.33837890625,-0.833251953125,0.2711181640625,-0.168701171875
13.050,321,2877,1122,348,-4.0,35.0,19.0,15.014647483825684,-1.0986328125,-7.751464366912842,-0.833251953125,0.2711181640625,-0.168701171875
13.062,318,2467,1159,346,-4.0,35.0,19.0,0.0610351525247097,-0.8544921278953552,0.4272460639476776,-0.7432861328125,0.2828369140625,0.0028076171875
13.070,321,2310,1148,347,-5.0,31.0,18.0,0.0610351525247097,-0.8544921278953552,0.4272460639476776,-0.7066650390625,0.3128662109375,0.0224609375
13.078,321,2233,1148,346,-5.0,31.0,18.0,3.234863042831421,-0.0610351525247097,2.746581792831421,-0.7066650390625,0.3128662109375,0.0224609375
13.092,317,2407,1137,344,-5.0,31.0,18.0,20.690916061401367,-2.624511480331421,-5.798339366912842,-0.6981201171875,0.5531005859375,-0.1031494140625
13.109,321,2541,1137,346,-5.0,31.0,18.0,20.690916061401367,-2.624511480331421,-5.798339366912842,-0.862060546875,0.481689453125,-0.0802001953125
13.109,323,2716,1146,360,-5.0,31.0,18.0,17.578125,2.38037109375,-9.3994140625,-0.862060546875,0.481689453125,-0.0802001953125
13.121,324,3115,1148,347,-5.0,31.0,18.0,18.49365234375,26.611326217651367,8.85009765625,-0.72314453125,0.34033203125,-0.1302490234375
13.132,323,3147,1100,390,-5.0,31.0,18.0,18.49365234375,26.611326217651367,8.85009765625,-0.700927734375,0.2861328125,-0.191162109375
13.138,322,3147,1091,628,-5.0,31.0,18.0,17.822265625,35.21728515625,14.404295921325684,-0.700927734375,0.2861328125,-0.191162109375
13.151,319,3147,955,987,-5.0,31.0,18.0,5.126952648162842,44.677730560302734,23.315427780151367,-0.6866455078125,0.0662841796875,-0.2177734375
13.163,316,3147,806,1264,-3.0,31.0,14.0,5.126952648162842,44.677730560302734,23.315427780151367,-0.6624755859375,-0.021728515625,-0.1942138671875
13.168,318,3147,788,1527,-3.0,31.0,14.0,1.9531248807907104,48.828121185302734,28.442380905151367,-0.6624755859375,-0.021728515625,-0.1942138671875
13.182,309,3147,660,2144,-3.0,31.0,14.0,-1.2817381620407104,55.236812591552734,45.227046966552734,-0.5611572265625,0.1005859375,-0.1708984375
13.190,315,3147,695,2541,-3.0,31.0,14.0,-1.2817381620407104,55.236812591552734,45.227046966552734,-0.4600830078125,0.232177734375,-0.17578125
13.214,338,3147,841,2941,-3.0,31.0,14.0,-3.662109136581421,51.757808685302734,53.283687591552734,-0.4600830078125,0.232177734375,-0.17578125
13.214,418,3147,986,3147,-3.0,31.0,14.0,-10.498045921325684,-1.5258787870407104,42.541500091552734,-0.11181640625,0.7398681640625,-0.1318359375
13.220,466,3147,1669,3147,-3.0,31.0,14.0,-10.498045921325684,-1.5258787870407104,42.541500091552734,0.315185546875,0.987060546875,0.076416015625
13.252,417,3147,1759,3147,-3.0,31.0,14.0,-38.26904296875,-60.913082122802734,6.835937023162842,0.315185546875,0.987060546875,0.076416015625
13.252,411,3147,2821,3147,-3.0,31.0,14.0,-176.33055114746094,-118.65233612060547,-78.30810546875,0.258056640625,-0.5909423828125,-0.1378173828125
13.252,414,3147,2784,3147,-3.0,31.0,14.0,-176.33055114746094,-118.65233612060547,-78.30810546875,-0.3759765625,-1.7880859375,-0.4276123046875
13.257,404,3147,3056,3147,-4.0,30.0,17.0,-170.04393005371094,-71.1669921875,-78.369140625,-0.3759765625,-1.7880859375,-0.4276123046875
13.276,578,3147,3147,3147,-4.0,30.0,17.0,-90.08788299560547,-19.1650390625,-50.720211029052734,-1.6416015625,1.0335693359375,-0.7236328125
13.280,934,3147,3147,3147,-4.0,30.0,17.0,-44.250484466552734,-6.164550304412842,-6.530761241912842,-1.6416015625,1.0335693359375,-0.7236328125
13.288,895,3147,1276,3147,-4.0,30.0,17.0,-72.57080078125,-19.775390625,19.47021484375,-2.25732421875,1.9344482421875,-0.9615478515625
13.315,1043,3147,3147,3147,-4.0,30.0,17.0,-124.57274627685547,-11.291502952575684,34.36279296875,-3.130859375,0.2974853515625,-0.7427978515625
13.316,1064,3147,3147,3147,-4.0,30.0,17.0,-163.75730895996094,18.37158203125,36.92626953125,-3.130859375,0.2974853515625,-0.7427978515625
13.318,951,3147,3147,3147,-4.0,30.0,17.0,-130.7373046875,-1.3427733182907104,10.803221702575684,-1.6778564453125,-1.093994140625,1.375
13.334,3147,3147,660,1610,-4.0,30.0,17.0,-5.126952648162842,-28.503416061401367,-7.202147960662842,-0.8934326171875,0.5548095703125,-0.2808837890625
13.340,3027,3147,481,3147,-4.0,30.0,17.0,121.21581268310547,-7.568358898162842,-11.657713890075684,-0.8934326171875,0.5548095703125,-0.2808837890625
13.356,707,3147,3147,3147,-4.0,30.0,17.0,166.38182067871094,7.507323741912842,-23.254392623901367,-1.0897216796875,0.7940673828125,-1.3114013671875
13.362,1945,3147,2445,3147,-3.0,32.0,18.0,129.638671875,-2.25830078125,-33.02001953125,-1.6644287109375,0.8953857421875,-1.2481689453125
13.370,1718,3147,2057,3147,-3.0,32.0,18.0,64.94140625,-21.423337936401367,-32.65380859375,-1.6644287109375,0.8953857421875,-1.2481689453125
13.378,2330,3147,1079,1589,-3.0,32.0,18.0,7.385253429412842,-39.97802734375,-28.503416061401367,-1.9373779296875,0.69140625,-0.9010009765625
13.392,2713,3147,348,802,-3.0,32.0,18.0,-30.700681686401367,-53.161617279052734,-24.536130905151367,-1.6556396484375,0.244140625,0.1453857421875
13.400,582,3147,3121,3147,-3.0,32.0,18.0,-40.771480560302734,-53.283687591552734,-19.8974609375,-1.6556396484375,0.244140625,0.1453857421875
13.417,532,3147,2991,3147,-3.0,32.0,18.0,-29.052732467651367,-40.588375091552734,-15.686034202575684,-1.4703369140625,0.2547607421875,0.30029296875
13.421,478,3147,2612,3147,-3.0,32.0,18.0,-8.85009765625,-20.01953125,-10.742186546325684,-1.034912109375,0.5030517578125,0.0830078125
13.429,433,3147,2463,3147,-3.0,32.0,18.0,9.58251953125,5.737304210662842,-2.50244140625,-1.034912109375,0.5030517578125,0.0830078125
13.440,425,3147,2228,3147,-3.0,32.0,18.0,19.22607421875,32.958984375,3.662109136581421,-0.7913818359375,0.44775390625,0.063720703125
13.457,411,3147,1973,3147,-3.0,32.0,18.0,23.315427780151367,55.419918060302734,1.7700194120407104,-0.424072265625,-0.385498046875,0.384033203125
13.460,401,3147,1691,2921,-4.0,31.0,17.0,32.958984375,68.05419921875,-5.859374523162842,-0.424072265625,-0.385498046875,0.384033203125
13.468,797,3147,1178,1905,-4.0,31.0,17.0,56.091304779052734,71.044921875,-12.878417015075684,-0.2763671875,-0.6787109375,0.428955078125
13.481,360,3147,1437,1914,-4.0,31.0,17.0,84.83885955810547,66.34521484375,-12.145995140075684,-0.165771484375,-0.491943359375,0.3162841796875
13.490,349,3147,1369,1416,-4.0,31.0,17.0,99.18212127685547,53.283687591552734,-4.5166015625,-0.141357421875,-0.0198974609375,0.16650390625
13.501,788,3147,962,1116,-4.0,31.0,17.0,96.67967987060547,38.818359375,1.4038084745407104,-0.265869140625,0.30224609375,-0.1351318359375
13.516,1018,3147,433,707,-4.0,31.0,17.0,90.33202362060547,31.738279342651367,0.1220703050494194,-0.4256591796875,0.3052978515625,-0.57177734375
13.524,548,3147,844,827,-4.0,31.0,17.0,80.56639862060547,28.625486373901367,-3.845214605331421,-0.5118408203125,0.298095703125,-0.86669921875
13.528,473,3147,883,723,-4.0,31.0,17.0,62.194820404052734,23.742673873901367,-4.21142578125,-0.5826416015625,0.51611328125,-0.91650390625
13.557,424,3147,891,564,-4.0,31.0,17.0,37.90283203125,16.2353515625,-5.065917491912842,-0.6845703125,0.6923828125,-0.7855224609375
13.557,398,3147,951,411,-4.0,31.0,17.0,10.498045921325684,7.019042491912842,-9.82666015625,-0.76318359375,0.557373046875,-0.5447998046875
13.558,383,3147,969,398,-5.0,30.0,19.0,-16.90673828125,-2.38037109375,-14.160155296325684,-0.7979736328125,0.2908935546875,-0.2593994140625
13.571,329,3147,1091,409,-5.0,30.0,19.0,-35.7666015625,-10.620116233825684,-13.977049827575684,-0.8187255859375,0.1324462890625,-0.015869140625
13.580,324,3147,1098,430,-5.0,30.0,19.0,-39.12353515625,-16.11328125,-10.131834983825684,-0.8453369140625,0.1043701171875,0.0985107421875
13.587,330,3147,1079,426,-5.0,30.0,19.0,-26.428220748901367,-15.869139671325684,-5.432128429412842,-0.882568359375,0.16455078125,0.0311279296875
13.601,348,3147,1091,473,-5.0,30.0,19.0,-5.249022960662842,-9.33837890625,-0.2441406100988388,-0.9039306640625,0.2657470703125,-0.1348876953125
13.621,347,3147,1103,549,-5.0,30.0,19.0,12.084959983825684,-0.9155272841453552,4.150390625,-0.8935546875,0.3446044921875,-0.22802734375
13.621,344,3147,1105,589,-5.0,30.0,19.0,17.63916015625,4.21142578125,5.859374523162842,-0.8653564453125,0.35302734375,-0.2139892578125
13.632,337,3147,1125,673,-5.0,30.0,19.0,15.319823265075684,6.408690929412842,5.676269054412842,-0.8343505859375,0.29736328125,-0.183349609375
13.639,345,3147,1151,763,-5.0,30.0,19.0,13.122557640075684,8.7890625,5.798339366912842,-0.80859375,0.2366943359375,-0.1820068359375
13.661,351,3147,1167,844,-5.0,30.0,19.0,12.695311546325684,11.535643577575684,7.507323741912842,-0.7943115234375,0.1876220703125,-0.203125
13.662,433,3147,1042,1018,-4.0,34.0,16.0,11.779784202575684,14.282225608825684,11.779784202575684,-0.798095703125,0.14501953125,-0.2244873046875
13.683,364,3147,1134,1229,-4.0,34.0,16.0,9.70458984375,17.9443359375,18.61572265625,-0.8023681640625,0.126708984375,-0.24755859375
13.691,846,3147,310,1292,-4.0,34.0,16.0,6.042479991912842,22.766111373901367,26.855466842651367,-0.7850341796875,0.139892578125,-0.255859375
13.726,625,3147,757,1681,-4.0,34.0,16.0,0.2441406100988388,27.221677780151367,34.85107421875,-0.7325439453125,0.14599609375,-0.2200927734375
13.726,354,3147,1026,2110,-4.0,34.0,16.0,-6.347655773162842,29.663084030151367,41.687007904052734,-0.63134765625,0.0958251953125,-0.1239013671875
13.727,1117,3147,313,2463,-4.0,34.0,16.0,-9.21630859375,29.602048873901367,47.668453216552734,-0.516845703125,0.0084228515625,-0.0186767578125
13.727,398,3147,1312,3147,-4.0,34.0,16.0,-2.563476324081421,25.390623092651367,54.626461029052734,-0.3970947265625,0.0140380859375,0.0655517578125
13.730,816,3147,1267,3147,-4.0,34.0,16.0,10.009765625,6.774901866912842,56.457515716552734,-0.089599609375,0.2255859375,0.15087890625
13.738,454,3147,1781,3147,-4.0,34.0,16.0,12.145995140075684,-29.846189498901367,37.04833984375,0.392333984375,0.6539306640625,0.143310546875
13.760,454,3147,2484,3147,-3.0,32.0,20.0,-18.4326171875,-62.072750091552734,1.03759765625,0.6539306640625,0.990478515625,-0.01171875
13.768,505,3147,2601,3147,-3.0,32.0,20.0,-84.47264862060547,-74.76806640625,-22.644041061401367,0.451904296875,0.590576171875,-0.18603515625
13.769,644,3147,2407,3147,-3.0,32.0,20.0,-131.89697265625,-68.29833984375,-30.273435592651367,-0.1905517578125,-0.8203125,-0.323974609375
13.781,631,3147,2932,3147,-3.0,32.0,20.0,-109.00878143310547,-44.799800872802734,-31.921384811401367,-0.972412109375,-1.5321044921875,-0.43115234375
13.789,598,3147,3147,3147,-3.0,32.0,20.0,-56.701656341552734,-27.160642623901367,-13.244627952575684,-1.5556640625,-0.2078857421875,-0.5672607421875
13.797,2527,3147,2207,2867,-3.0,32.0,20.0,-47.180171966552734,-31.127927780151367,19.10400390625,-1.890380859375,1.4217529296875,-0.8814697265625
13.827,2007,3147,869,666,-3.0,32.0,20.0,-86.18163299560547,-42.114253997802734,32.65380859375,-2.482421875,2.3076171875,-1.404541015625
13.828,3147,3147,508,3147,-3.0,32.0,20.0,-151.7333984375,-28.381345748901367,40.710445404052734,-3.263671875,1.7618408203125,-1.560302734375
13.828,1024,3147,3147,3147,-3.0,32.0,20.0,-177.30711364746094,-19.71435546875,25.390623092651367,-2.60498046875,-0.41357421875,0.1993408203125
13.841,1503,3147,2188,3147,-3.0,32.0,20.0,-91.97997283935547,-36.92626953125,-10.742186546325684,-1.16845703125,-1.085205078125,1.95849609375
13.849,3147,3147,766,1544,-5.0,32.0,22.0,42.358394622802734,-18.61572265625,-14.831542015075684,-0.695556640625,0.063232421875,1.1016845703125
13.858,1440,3147,2435,3147,-5.0,32.0,22.0,125.18309783935547,26.611326217651367,-7.934569835662842,-0.896484375,0.7578125,-0.6693115234375
13.873,2900,3147,895,3147,-5.0,32.0,22.0,125.18309783935547,42.053218841552734,-14.282225608825684,-1.193603515625,0.862548828125,-1.49365234375
13.880,1472,3147,2788,3147,-5.0,32.0,22.0,73.3642578125,22.277830123901367,-21.301267623901367,-1.4644775390625,0.9329833984375,-1.4774169921875
13.888,2630,3147,879,3147,-5.0,32.0,22.0,15.991209983825684,-8.056640625,-22.827146530151367,-1.7686767578125,0.9444580078125,-1.2110595703125
13.901,632,3147,3129,3147,-5.0,32.0,22.0,-27.526853561401367,-31.921384811401367,-23.071287155151367,-1.904052734375,0.6104736328125,-0.726318359375
13.910,654,3147,3105,3147,-5.0,32.0,22.0,-49.133296966552734,-42.785640716552734,-20.385740280151367,-1.8123779296875,0.28759765625,-0.1785888671875
13.930,1683,3147,2000,3147,-5.0,32.0,22.0,-48.095699310302734,-38.63525390625,-13.183592796325684,-1.637939453125,0.2491455078125,0.1402587890625
13.931,889,3147,2421,3147,-5.0,32.0,22.0,-32.1044921875,-22.766111373901367,-4.82177734375,-1.48095703125,0.3419189453125,0.1468505859375
13.944,868,3147,2203,3147,-5.0,32.0,22.0,-11.108397483825684,-1.7700194120407104,3.967284917831421,-1.248046875,0.4251708984375,0.017578125
13.952,864,3147,2021,3147,-2.0,30.0,21.0,-11.108397483825684,-1.7700194120407104,3.967284917831421,-0.9249267578125,0.4041748046875,-0.028564453125
13.961,861,3147,1878,3147,-2.0,30.0,21.0,17.08984375,31.127927780151367,13.305663108825684,-0.6505126953125,0.22998046875,0.0533447265625
13.977,808,3147,1789,3147,-2.0,30.0,21.0,26.000974655151367,42.419429779052734,5.310058116912842,-0.421142578125,-0.073974609375,0.228759765625
13.978,697,3147,1646,2867,-2.0,30.0,21.0,26.000974655151367,42.419429779052734,5.310058116912842,-0.2281494140625,-0.400390625,0.371826171875
13.991,679,3147,1546,2217,-2.0,30.0,21.0,59.204097747802734,52.978511810302734,-21.362302780151367,-0.1475830078125,-0.4063720703125,0.3095703125
14.001,654,3147,1494,1695,-2.0,30.0,21.0,73.8525390625,49.865718841552734,-21.667478561401367,-0.1754150390625,-0.0343017578125,0.1551513671875
14.008,631,3147,1433,1382,-2.0,30.0,21.0,73.8525390625,49.865718841552734,-21.667478561401367,-0.2867431640625,0.295166015625,-0.013916015625
14.032,1198,3147,710,673,-2.0,30.0,21.0,73.05908203125,18.49365234375,-25.878904342651367,-0.4794921875,0.330810546875,-0.2843017578125
14.032,1183,3147,713,481,-2.0,30.0,21.0,68.54248046875,5.981444835662842,-33.63037109375,-0.667236328125,0.267578125,-0.537841796875
14.038,1129,3147,738,329,-2.0,30.0,21.0,68.54248046875,5.981444835662842,-33.63037109375,-0.707275390625,0.23681640625,-0.5855712890625
14.054,1025,2691,710,323,-4.0,32.0,20.0,39.85595703125,-1.220703125,-18.49365234375,-0.666259765625,0.2640380859375,-0.455078125
14.083,962,2388,730,321,-4.0,32.0,20.0,31.249998092651367,1.8310545682907104,-8.11767578125,-0.6787109375,0.3594970703125,-0.299072265625
14.086,933,2172,730,323,-4.0,32.0,20.0,31.249998092651367,1.8310545682907104,-8.11767578125,-0.7298583984375,0.38134765625,-0.1685791015625
14.086,1065,1905,561,317,-4.0,32.0,20.0,20.080564498901367,2.563476324081421,-5.065917491912842,-0.797119140625,0.3121337890625,-0.0645751953125
14.090,1209,1908,461,314,-4.0,32.0,20.0,16.41845703125,2.868652105331421,-3.479003667831421,-0.8497314453125,0.285400390625,-0.02294921875
14.098,466,1862,1198,334,-4.0,32.0,20.0,16.41845703125,2.868652105331421,-3.479003667831421,-0.845703125,0.3011474609375,-0.05517578125
14.111,573,2063,1065,333,-4.0,32.0,20.0,29.907224655151367,9.8876953125,6.652831554412842,-0.8118896484375,0.31787109375,-0.1514892578125
14.125,506,2105,1120,334,-4.0,32.0,20.0,36.80419921875,10.559081077575684,7.324218273162842,-0.7073974609375,0.3758544921875,-0.279052734375
14.134,470,2218,1163,338,-4.0,32.0,20.0,36.80419921875,10.559081077575684,7.324218273162842,-0.68896484375,0.3990478515625,-0.3292236328125
14.142,679,2503,962,330,-4.0,33.0,14.0,17.9443359375,-3.967284917831421,-7.507323741912842,-0.82177734375,0.301513671875,-0.2908935546875
14.153,510,2683,1104,336,-4.0,33.0,14.0,8.1787109375,-1.4648436307907104,-5.310058116912842,-0.86474609375,0.200927734375,-0.2574462890625
14.157,546,2879,1067,334,-4.0,33.0,14.0,8.1787109375,-1.4648436307907104,-5.310058116912842,-0.811279296875,0.1575927734375,-0.24951171875
14.189,937,3147,328,308,-4.0,33.0,14.0,6.469726085662842,8.97216796875,11.352538108825684,-0.770751953125,0.11865234375,-0.24462890625
14.189,1282,3147,318,371,-4.0,33.0,14.0,6.469726085662842,8.97216796875,11.352538108825684,-0.7623291015625,0.0943603515625,-0.2291259765625
14.190,1316,3147,414,548,-4.0,33.0,14.0,6.347655773162842,12.451170921325684,18.49365234375,-0.7623291015625,0.0943603515625,-0.2291259765625
14.201,720,3147,1184,1224,-4.0,33.0,14.0,4.39453125,22.277830123901367,37.7197265625,-0.727294921875,0.166748046875,-0.173828125
14.210,1013,3147,531,1369,-4.0,33.0,14.0,4.39453125,22.277830123901367,37.7197265625,-0.6722412109375,0.1494140625,-0.1153564453125
14.217,1157,3147,644,1824,-4.0,33.0,14.0,0.30517578125,26.489255905151367,47.424312591552734,-0.6722412109375,0.1494140625,-0.1153564453125
14.239,371,3147,321,832,-4.0,33.0,14.0,-0.54931640625,28.381345748901367,58.898921966552734,-0.4803466796875,0.1295166015625,-0.0726318359375
14.241,424,3147,1176,1034,-12.0,34.0,18.0,-0.54931640625,28.381345748901367,58.898921966552734,-0.35791015625,0.3453369140625,-0.0841064453125
14.248,334,3147,1636,3147,-12.0,34.0,18.0,4.08935546875,18.1884765625,55.114742279052734,-0.35791015625,0.3453369140625,-0.0841064453125
14.263,361,3147,2374,3147,-12.0,34.0,18.0,-37.59765625,-40.527339935302734,11.230467796325684,0.4063720703125,0.962890625,-0.1026611328125
14.276,498,3147,2787,3147,-12.0,34.0,18.0,-37.59765625,-40.527339935302734,11.230467796325684,0.47412109375,0.8726806640625,-0.1505126953125
14.278,2754,3147,1229,3147,-12.0,34.0,18.0,-122.86376190185547,-63.110347747802734,-19.34814453125,0.47412109375,0.8726806640625,-0.1505126953125
14.298,713,3147,2798,3147,-12.0,34.0,18.0,-198.97459411621094,-44.738765716552734,-46.630855560302734,-0.5614013671875,-1.5604248046875,-0.1915283203125
14.300,951,3147,2472,3147,-12.0,34.0,18.0,-198.97459411621094,-44.738765716552734,-46.630855560302734,-1.1392822265625,-1.3419189453125,-0.4371337890625
14.308,989,3147,2874,3147,-12.0,34.0,18.0,-100.76903533935547,-29.663084030151367,-45.837398529052734,-1.1392822265625,-1.3419189453125,-0.4371337890625
14.321,1651,3147,2320,3147,-12.0,34.0,18.0,-34.3017578125,-54.016109466552734,23.925779342651367,-1.997802734375,1.7529296875,-1.0592041015625
14.339,947,3147,3147,3147,-12.0,34.0,18.0,-34.3017578125,-54.016109466552734,23.925779342651367,-2.746826171875,2.3619384765625,-1.1776123046875
14.339,1014,3147,3147,3147,-1.0,32.0,19.0,-83.12987518310547,-62.561031341552734,33.5693359375,-2.746826171875,2.3619384765625,-1.1776123046875
14.351,1108,3147,3147,3147,-1.0,32.0,19.0,-127.80760955810547,-44.677730560302734,19.83642578125,-2.3648681640625,-0.69873046875,0.6434326171875
14.361,1034,3147,3147,3147,-1.0,32.0,19.0,-127.80760955810547,-44.677730560302734,19.83642578125,-0.8892822265625,-1.0523681640625,1.775634765625
14.375,830,3147,3147,3147,-1.0,32.0,19.0,-38.63525390625,-54.809566497802734,-11.169432640075684,-0.8892822265625,-1.0523681640625,1.775634765625
14.381,631,3147,3147,3147,-1.0,32.0,19.0,127.99071502685547,24.658201217651367,4.21142578125,-1.0196533203125,0.845947265625,-0.6583251953125
14.390,674,3147,3147,3147,-1.0,32.0,19.0,127.99071502685547,24.658201217651367,4.21142578125,-1.4453125,0.9578857421875,-1.40576171875
14.406,682,3147,3147,3147,-1.0,32.0,19.0,131.591796875,35.400390625,-3.723144292831421,-1.4453125,0.9578857421875,-1.40576171875
14.412,642,3147,3147,3147,-1.0,32.0,19.0,92.40721893310547,8.11767578125,-14.343260765075684,-1.9356689453125,0.957275390625,-1.276123046875
14.420,591,3147,3147,3147,-1.0,32.0,19.0,32.8369140625,-28.930662155151367,-18.4326171875,-1.9356689453125,0.957275390625,-1.276123046875
14.440,561,3147,3147,3147,-1.0,32.0,19.0,-18.12744140625,-58.410640716552734,-22.827146530151367,-1.813720703125,0.57373046875,-0.698486328125
14.441,567,3147,3092,3147,-1.0,30.0,24.0,-40.466304779052734,-70.61767578125,-25.451658248901367,-1.359619140625,0.2039794921875,0.31689453125
14.449,555,3147,2965,3147,-1.0,30.0,24.0,-37.353515625,-62.683101654052734,-20.263669967651367,-1.359619140625,0.2039794921875,0.31689453125
14.460,536,3147,2765,3147,-1.0,30.0,24.0,-19.4091796875,-40.954586029052734,-10.620116233825684,-1.162353515625,0.3931884765625,0.3677978515625
14.471,490,3147,2498,3147,-1.0,30.0,24.0,-0.8544921278953552,-12.390135765075684,-2.3193359375,-0.6884765625,0.449951171875,0.237548828125
14.481,470,3147,2419,3147,-1.0,30.0,24.0,5.676269054412842,16.54052734375,0.2441406100988388,-0.6884765625,0.449951171875,0.237548828125
14.487,458,3147,2348,3147,-1.0,30.0,24.0,4.638671875,40.954586029052734,-3.479003667831421,-0.5516357421875,0.0550537109375,0.3760986328125
14.508,428,3147,2068,3147,-1.0,30.0,24.0,8.85009765625,55.786128997802734,-10.192870140075684,-0.3912353515625,-0.5628662109375,0.4345703125
14.516,414,3147,1943,2955,-1.0,30.0,24.0,26.855466842651367,62.499996185302734,-16.845703125,-0.3912353515625,-0.5628662109375,0.4345703125
14.518,401,3147,1899,2610,-1.0,30.0,24.0,52.062984466552734,65.36865234375,-14.831542015075684,-0.4481201171875,-0.18359375,0.038818359375
14.545,385,3147,1837,2007,-7.0,30.0,18.0,64.39208984375,58.105464935302734,-7.263183116912842,-0.539306640625,0.4769287109375,-0.2750244140625
14.545,376,3147,1739,1588,-7.0,30.0,18.0,59.020992279052734,37.2314453125,-10.925292015075684,-0.539306640625,0.4769287109375,-0.2750244140625
14.548,406,3147,1557,1148,-7.0,30.0,18.0,46.569820404052734,13.427733421325684,-26.550291061401367,-0.6240234375,0.260498046875,-0.28564453125
14.562,480,3147,1383,661,-7.0,30.0,18.0,37.109375,0.0,-37.109375,-0.6668701171875,-0.1156005859375,-0.481201171875
14.571,462,3147,1303,378,-7.0,30.0,18.0,36.1328125,-1.3427733182907104,-32.16552734375,-0.6668701171875,-0.1156005859375,-0.481201171875
14.585,413,2916,1292,348,-7.0,30.0,18.0,42.968746185302734,3.356933355331421,-17.15087890625,-0.675537109375,0.0108642578125,-0.435791015625
14.592,385,2153,1170,346,-7.0,30.0,18.0,51.208492279052734,7.812499523162842,-2.807616949081421,-0.70068359375,0.3656005859375,-0.201904296875
14.600,373,1821,1115,338,-7.0,30.0,18.0,53.771968841552734,8.7890625,3.784179449081421,-0.70068359375,0.3656005859375,-0.201904296875
14.612,370,1634,1097,334,-7.0,30.0,18.0,49.804683685302734,8.30078125,4.150390625,-0.7113037109375,0.4111328125,-0.09375
14.627,371,1664,1156,338,-7.0,30.0,18.0,44.860836029052734,9.521484375,5.371093273162842,-0.7366943359375,0.4656982421875,-0.026611328125
14.648,461,1808,1095,334,-5.0,29.0,22.0,42.541500091552734,12.145995140075684,7.751464366912842,-0.75,0.5325927734375,-0.0162353515625
14.648,479,1837,1005,336,-5.0,29.0,22.0,40.893550872802734,14.770506858825684,7.873534679412842,-0.7569580078125,0.5679931640625,-0.0662841796875
14.651,398,2104,1159,338,-5.0,29.0,22.0,36.0107421875,17.27294921875,6.347655773162842,-0.7635498046875,0.5447998046875,-0.1815185546875
14.660,375,2246,1149,338,-5.0,29.0,22.0,26.611326217651367,19.1650390625,5.0048828125,-0.7711181640625,0.4744873046875,-0.2850341796875
14.670,497,2409,1010,342,-5.0,29.0,22.0,14.892577171325684,18.9208984375,4.82177734375,-0.7828369140625,0.3900146484375,-0.3004150390625
14.687,740,2724,868,327,-5.0,29.0,22.0,5.0048828125,17.7001953125,6.591796398162842,-0.7999267578125,0.3134765625,-0.272216796875
14.690,409,2961,922,332,-5.0,29.0,22.0,-0.1220703050494194,16.9677734375,9.8876953125,-0.814208984375,0.248291015625,-0.23193359375
14.698,735,3147,1038,332,-5.0,29.0,22.0,-1.0986328125,17.08984375,13.610838890075684,-0.810546875,0.1822509765625,-0.1895751953125
14.718,337,3147,1373,594,-5.0,29.0,22.0,0.3662109076976776,18.9208984375,17.333984375,-0.794921875,0.1214599609375,-0.1820068359375
14.720,349,3147,1357,815,-5.0,29.0,22.0,1.7089842557907104,21.240232467651367,20.568845748901367,-0.73876953125,0.1373291015625,-0.217529296875
14.728,406,3147,1153,1054,-7.0,35.0,21.0,-3.479003667831421,20.568845748901367,21.362302780151367,-0.7152099609375,0.1820068359375,-0.2152099609375
14.749,523,3147,1085,1483,-7.0,35.0,21.0,-14.465331077575684,22.460935592651367,24.841306686401367,-0.72314453125,0.1617431640625,-0.1697998046875
14.750,334,3147,1095,1761,-7.0,35.0,21.0,-22.338865280151367,31.066892623901367,35.15625,-0.643310546875,0.1290283203125,-0.1400146484375
14.758,697,3147,973,2080,-7.0,35.0,21.0,-24.169919967651367,41.320796966552734,45.959468841552734,-0.5355224609375,0.1156005859375,-0.102294921875
14.772,337,3147,1312,2818,-7.0,35.0,21.0,-22.705076217651367,48.950191497802734,53.344722747802734,-0.479736328125,0.1368408203125,-0.060791015625
14.780,607,3147,1005,2909,-7.0,35.0,21.0,-21.057126998901367,46.020503997802734,56.884761810302734,-0.35498046875,0.2347412109375,0.0020751953125
14.788,1627,3147,321,514,-7.0,35.0,21.0,-22.033689498901367,24.291990280151367,51.391597747802734,0.025634765625,0.4754638671875,0.07373046875
14.802,1083,3147,2032,2912,-7.0,35.0,21.0,-42.480464935302734,-13.000487327575684,22.766111373901367,0.4493408203125,0.9656982421875,-0.01318359375
14.810,519,3147,3082,3147,-7.0,35.0,21.0,-121.70409393310547,-46.997066497802734,-22.888181686401367,0.3636474609375,0.9793701171875,-0.1219482421875
14.817,1411,3147,424,1874,-7.0,35.0,21.0,-222.47312927246094,-59.692378997802734,-57.373043060302734,-0.1458740234375,-0.4486083984375,-0.0499267578125
14.831,2608,3147,1213,3147,-1.0,32.0,20.0,-216.36961364746094,-46.020503997802734,-71.6552734375,-0.6788330078125,-1.823486328125,-0.1273193359375
14.854,1905,3147,1757,3147,-1.0,32.0,20.0,-101.98973846435547,-26.245115280151367,-56.274410247802734,-1.1513671875,-1.037109375,-0.5457763671875
14.855,2309,3147,861,2936,-1.0,32.0,20.0,-22.583005905151367,-26.062009811401367,-14.648436546325684,-1.6114501953125,1.0301513671875,-1.14306640625
14.861,3147,3147,1289,3147,-1.0,32.0,20.0,-46.508785247802734,-40.832515716552734,13.488768577575684,-2.125244140625,2.18310546875,-1.4173583984375
14.869,957,3147,3147,3147,-1.0,32.0,20.0,-114.50194549560547,-48.522945404052734,17.76123046875,-2.9608154296875,2.5390625,-1.2779541015625
14.880,1012,3147,3147,3147,-1.0,32.0,20.0,-164.42869567871094,-35.58349609375,19.1650390625,-3.2684326171875,1.0450439453125,-0.4168701171875
14.891,1017,3147,3147,3147,-1.0,32.0,20.0,-130.0048828125,-39.6728515625,-1.4648436307907104,-2.0513916015625,-1.1793212890625,1.3157958984375
14.900,899,3147,3147,3147,-1.0,32.0,20.0,-6.469726085662842,-48.034664154052734,-19.8974609375,-0.8299560546875,-0.8966064453125,1.7398681640625
14.908,778,3147,3147,3147,-1.0,32.0,20.0,105.95702362060547,-12.084959983825684,-6.896972179412842,-0.728515625,0.4107666015625,0.2435302734375
14.921,806,3147,3147,3147,-1.0,32.0,20.0,149.84130859375,25.390623092651367,-3.417968511581421,-1.1175537109375,0.9591064453125,-1.16162109375
14.933,827,3147,3147,3147,-2.0,32.0,20.0,126.09862518310547,20.812986373901367,-15.686034202575684,-1.479736328125,0.98291015625,-1.571044921875
14.956,912,3147,3147,3147,-2.0,32.0,20.0,65.7958984375,-10.803221702575684,-23.376462936401367,-1.774658203125,0.9769287109375,-1.408447265625
14.956,837,3147,3147,3147,-2.0,32.0,20.0,6.652831554412842,-43.151851654052734,-24.291990280151367,-1.9388427734375,0.837646484375,-1.01806640625
14.966,805,3147,3147,3147,-2.0,32.0,20.0,-30.029294967651367,-65.185546875,-25.756834030151367,-1.8499755859375,0.5501708984375,-0.4598388671875
14.967,725,3147,3147,3147,-2.0,32.0,20.0,-42.419429779052734,-71.1669921875,-25.878904342651367,-1.6484375,0.3233642578125,0.0262451171875
14.988,646,3147,3115,3147,-2.0,32.0,20.0,-36.376953125,-61.767574310302734,-22.583005905151367,-1.434814453125,0.2569580078125,0.289794921875
14.990,683,3147,2919,3147,-2.0,32.0,20.0,-17.08984375,-40.527339935302734,-16.90673828125,-1.193359375,0.3863525390625,0.3311767578125
14.998,730,3147,2648,3147,-2.0,32.0,20.0,4.57763671875,-12.145995140075684,-10.375975608825684,-0.9013671875,0.4884033203125,0.3052978515625
15.011,763,3147,2280,3147,-2.0,32.0,20.0,20.935056686401367,14.648436546325684,-9.09423828125,-0.630859375,0.3341064453125,0.3199462890625
15.020,473,3147,2381,3101,-2.0,30.0,24.0,34.11865234375,35.58349609375,-14.221190452575684,-0.4571533203125,0.0303955078125,0.328857421875
15.028,387,3147,2203,2662,-2.0,30.0,24.0,47.363277435302734,49.560543060302734,-18.98193359375,-0.3592529296875,-0.3106689453125,0.32177734375
15.054,374,3147,2001,1951,-2.0,30.0,24.0,65.85693359375,57.495113372802734,-18.49365234375,-0.315673828125,-0.477783203125,0.258056640625
15.055,371,3147,1945,1638,-2.0,30.0,24.0,85.08300018310547,57.922359466552734,-11.047362327575684,-0.288818359375,-0.2779541015625,0.181640625
15.060,371,3147,1852,1274,-2.0,30.0,24.0,93.50585174560547,46.569820404052734,-3.356933355331421,-0.2918701171875,0.0435791015625,0.1279296875
15.078,364,3147,1700,711,-2.0,30.0,24.0,95.45897674560547,29.907224655151367,-5.737304210662842,-0.3895263671875,0.1578369140625,-0.0367431640625
15.080,359,3147,1676,371,-2.0,30.0,24.0,96.67967987060547,18.12744140625,-14.892577171325684,-0.548583984375,0.1563720703125,-0.3167724609375
15.088,359,3053,1666,360,-2.0,30.0,24.0,96.67967987060547,18.12744140625,-14.892577171325684,-0.6661376953125,0.205322265625,-0.5101318359375
15.101,359,2683,1428,348,-2.0,30.0,24.0,72.69287109375,12.329100608825684,-10.070799827575684,-0.6856689453125,0.2203369140625,-0.480712890625
15.110,332,2519,1390,348,-2.0,30.0,24.0,58.654781341552734,13.610838890075684,-0.8544921278953552,-0.680908203125,0.2193603515625,-0.3394775390625
15.117,333,2330,1336,344,-5.0,32.0,20.0,58.654781341552734,13.610838890075684,-0.8544921278953552,-0.7259521484375,0.32080078125,-0.2646484375
15.131,354,2231,1260,344,-5.0,32.0,20.0,53.894039154052734,20.507810592651367,14.221190452575684,-0.761474609375,0.4427490234375,-0.2308349609375
15.160,356,2223,1287,346,-5.0,32.0,20.0,47.119136810302734,20.324705123901367,18.12744140625,-0.762451171875,0.4849853515625,-0.1566162109375
15.161,352,2469,1260,346,-5.0,32.0,20.0,47.119136810302734,20.324705123901367,18.12744140625,-0.7489013671875,0.4566650390625,-0.090087890625
15.162,347,2557,1236,343,-5.0,32.0,20.0,31.982419967651367,15.869139671325684,17.9443359375,-0.7454833984375,0.4228515625,-0.1153564453125
15.169,327,2668,1241,347,-5.0,32.0,20.0,31.738279342651367,16.17431640625,14.038084983825684,-0.764892578125,0.4351806640625,-0.229736328125
15.180,330,2843,1231,347,-5.0,32.0,20.0,31.738279342651367,16.17431640625,14.038084983825684,-0.783935546875,0.4537353515625,-0.343994140625
15.199,348,3028,1266,347,-5.0,32.0,20.0,22.705076217651367,18.73779296875,5.737304210662842,-0.7862548828125,0.421875,-0.3876953125
15.200,353,3147,1320,346,-5.0,32.0,20.0,9.033203125,18.73779296875,3.173827886581421,-0.7530517578125,0.3450927734375,-0.3695068359375
15.208,360,3147,1303,518,-5.0,32.0,20.0,9.033203125,18.73779296875,3.173827886581421,-0.69091796875,0.2423095703125,-0.32080078125
15.221,338,3147,1336,767,-2.0,35.0,17.0,-18.61572265625,9.27734375,-2.624511480331421,-0.732421875,0.12158203125,-0.252197265625
15.230,348,3147,1366,1013,-2.0,35.0,17.0,-25.085447311401367,9.521484375,3.173827886581421,-0.823974609375,0.0462646484375,-0.1962890625
15.237,327,3147,1357,1213,-2.0,35.0,17.0,-25.085447311401367,9.521484375,3.173827886581421,-0.8026123046875,0.0611572265625,-0.1839599609375
15.269,342,3147,1189,1602,-2.0,35.0,17.0,-21.240232467651367,20.812986373901367,35.58349609375,-0.72900390625,0.099365234375,-0.1993408203125
15.270,1167,3147,856,493,-2.0,35.0,17.0,-24.475095748901367,25.878904342651367,45.959468841552734,-0.6767578125,0.0819091796875,-0.21142578125
15.270,1148,3147,464,418,-2.0,35.0,17.0,-24.475095748901367,25.878904342651367,45.959468841552734,-0.65087890625,0.048828125,-0.1678466796875
15.288,378,3147,1377,2840,-2.0,35.0,17.0,-33.26416015625,31.799314498901367,59.753414154052734,-0.5982666015625,0.102783203125,-0.0640869140625
15.290,761,3147,1642,3147,-2.0,35.0,17.0,-31.677244186401367,21.118162155151367,61.950679779052734,-0.3955078125,0.24755859375,0.0733642578125
15.308,374,3147,2087,3147,-2.0,35.0,17.0,-31.677244186401367,21.118162155151367,61.950679779052734,0.1094970703125,0.5399169921875,0.237548828125
15.312,694,3147,2630,3147,-2.0,35.0,17.0,-51.269527435302734,-48.339839935302734,9.70458984375,0.591552734375,1.076171875,0.258544921875
15.321,1083,3147,579,3147,-5.0,33.0,22.0,-130.37109375,-72.69287109375,-29.785154342651367,0.463623046875,1.1075439453125,0.029541015625
15.332,470,3147,3147,3147,-5.0,33.0,22.0,-130.37109375,-72.69287109375,-29.785154342651367,-0.08740234375,-0.3121337890625,-0.2037353515625
15.342,578,3147,3147,3147,-5.0,33.0,22.0,-182.31199645996094,-61.279293060302734,-49.072261810302734,-0.7703857421875,-1.5804443359375,-0.511962890625
15.370,744,3147,3147,3147,-5.0,33.0,22.0,-81.11571502685547,-48.217769622802734,-36.62109375,-1.4439697265625,-0.7618408203125,-0.9158935546875
15.371,898,3147,3147,3147,-5.0,33.0,22.0,-81.11571502685547,-48.217769622802734,-36.62109375,-1.854248046875,0.9725341796875,-1.0592041015625
15.372,1129,3147,3147,3147,-5.0,33.0,22.0,-75.25634765625,-59.814449310302734,21.057126998901367,-2.1480712890625,1.8399658203125,-0.777099609375
15.382,1207,3147,3147,3147,-5.0,33.0,22.0,-113.52538299560547,-65.73486328125,21.179197311401367,-2.835205078125,2.1817626953125,-0.398681640625
15.389,1258,3147,3147,3147,-5.0,33.0,22.0,-113.52538299560547,-65.73486328125,21.179197311401367,-3.215576171875,0.9444580078125,-0.0908203125
15.402,1251,3147,3147,3147,-5.0,33.0,22.0,-81.35985565185547,-50.964351654052734,0.4272460639476776,-2.1585693359375,-0.937255859375,0.6971435546875
15.416,1213,3147,3147,3147,-5.0,33.0,22.0,18.1884765625,-51.818843841552734,-8.6669921875,-0.8548583984375,-0.5106201171875,1.0423583984375
15.418,1173,3147,3147,3147,-1.0,30.0,15.0,18.1884765625,-51.818843841552734,-8.6669921875,-0.8548583984375,-0.5106201171875,1.0423583984375
15.433,1151,3147,3147,3147,-1.0,30.0,15.0,109.55809783935547,4.39453125,-16.845703125,-1.0296630859375,1.06640625,-0.72802734375
15.441,1160,3147,3147,3147,-1.0,30.0,15.0,109.55809783935547,4.39453125,-16.845703125,-1.478271484375,0.76025390625,-0.9886474609375
15.468,1163,3147,3147,3147,-1.0,30.0,15.0,65.673828125,15.808104515075684,-35.58349609375,-1.478271484375,0.76025390625,-0.9886474609375
15.468,1138,3147,3147,3147,-1.0,30.0,15.0,-21.728513717651367,-16.4794921875,-25.634763717651367,-1.829345703125,0.582275390625,-0.614013671875
15.471,1103,3147,3147,3147,-1.0,30.0,15.0,-21.728513717651367,-16.4794921875,-25.634763717651367,-1.648681640625,0.508056640625,-0.275390625
15.479,1045,3147,3147,3147,-1.0,30.0,15.0,-30.822751998901367,-31.799314498901367,-18.00537109375,-1.648681640625,0.508056640625,-0.275390625
15.493,859,3147,3147,3147,-1.0,30.0,15.0,-19.59228515625,-27.160642623901367,-14.099120140075684,-1.3109130859375,0.2984619140625,0.2080078125
15.505,750,3147,3147,3147,-1.0,30.0,15.0,-19.59228515625,-27.160642623901367,-14.099120140075684,-1.2012939453125,0.314453125,0.2391357421875
15.509,578,3147,3147,3147,-1.0,30.0,15.0,-4.8828125,-9.70458984375,-8.60595703125,-1.2012939453125,0.314453125,0.2391357421875
15.529,406,3147,3078,3147,-1.0,29.0,22.0,26.611326217651367,36.1328125,10.986327171325684,-0.8184814453125,0.298095703125,0.2479248046875
15.531,398,3147,2820,3147,-1.0,29.0,22.0,26.611326217651367,36.1328125,10.986327171325684,-0.7117919921875,0.0882568359375,0.2852783203125
15.539,399,3147,2651,3147,-1.0,29.0,22.0,38.39111328125,60.058589935302734,15.258788108825684,-0.7117919921875,0.0882568359375,0.2852783203125
15.572,388,3147,2268,2989,-1.0,29.0,22.0,75.01220703125,83.37401580810547,9.58251953125,-0.5093994140625,-0.3037109375,0.249755859375
15.572,387,3147,2100,2516,-1.0,29.0,22.0,75.01220703125,83.37401580810547,9.58251953125,-0.4024658203125,-0.0987548828125,0.0185546875
15.573,380,3147,2012,2176,-1.0,29.0,22.0,100.40282440185547,72.265625,0.7324218153953552,-0.4024658203125,-0.0987548828125,0.0185546875
15.582,371,3147,1852,1501,-1.0,29.0,22.0,97.53417205810547,24.169919967651367,-13.488768577575684,-0.3494873046875,0.490478515625,-0.207275390625
15.591,361,3147,1770,1185,-1.0,29.0,22.0,97.53417205810547,24.169919967651367,-13.488768577575684,-0.412353515625,0.23291015625,-0.168701171875
15.606,359,3147,1715,1012,-1.0,29.0,22.0,65.97900390625,5.432128429412842,-21.118162155151367,-0.412353515625,0.23291015625,-0.168701171875
15.612,359,3147,1634,888,-8.0,29.0,19.0,53.771968841552734,12.084959983825684,-19.34814453125,-0.6002197265625,-0.060546875,-0.521240234375
15.620,356,3147,1550,769,-8.0,29.0,19.0,53.771968841552734,12.084959983825684,-19.34814453125,-0.7509765625,0.210693359375,-0.5382080078125
15.628,354,3147,1492,597,-8.0,29.0,19.0,56.945796966552734,20.812986373901367,-8.056640625,-0.7509765625,0.210693359375,-0.5382080078125
15.642,346,3147,1369,442,-8.0,29.0,19.0,47.607418060302734,22.521970748901367,3.051757574081421,-0.8446044921875,0.4107666015625,-0.244873046875
15.651,347,3147,1355,377,-8.0,29.0,19.0,31.677244186401367,18.4326171875,8.23974609375,-0.8446044921875,0.4107666015625,-0.244873046875
15.677,338,3147,1278,363,-8.0,29.0,19.0,16.7236328125,13.488768577575684,10.070799827575684,-0.8221435546875,0.31884765625,-0.1309814453125
15.677,344,3147,1243,487,-8.0,29.0,19.0,7.385253429412842,10.803221702575684,14.282225608825684,-0.6650390625,0.2950439453125,0.017822265625
15.681,336,3147,1215,631,-8.0,29.0,19.0,5.737304210662842,10.498045921325684,20.01953125,-0.6650390625,0.2950439453125,0.017822265625
15.689,338,3147,1184,720,-8.0,29.0,19.0,9.6435546875,9.58251953125,19.775390625,-0.5709228515625,0.4376220703125,-0.02392578125
15.709,338,3147,1134,905,-8.0,29.0,19.0,12.145995140075684,9.82666015625,9.58251953125,-0.807861328125,0.584716796875,-0.22412109375
15.710,344,3147,1129,1042,-4.0,33.0,17.0,9.58251953125,15.991209983825684,0.9155272841453552,-0.807861328125,0.584716796875,-0.22412109375
15.719,332,3147,1082,1163,-4.0,33.0,17.0,3.479003667831421,23.559568405151367,1.2817381620407104,-0.802001953125,0.5115966796875,-0.25341796875
15.732,324,3147,951,1362,-4.0,33.0,17.0,-4.2724609375,28.076169967651367,3.967284917831421,-0.7440185546875,0.2349853515625,-0.25634765625
15.742,328,3147,906,1477,-4.0,33.0,17.0,-9.8876953125,30.944822311401367,5.676269054412842,-0.7440185546875,0.2349853515625,-0.25634765625
15.754,328,3147,912,1627,-4.0,33.0,17.0,-11.901854515075684,33.203125,9.521484375,-0.7681884765625,0.1251220703125,-0.2547607421875
15.772,323,3147,801,1891,-4.0,33.0,17.0,-11.840819358825684,35.2783203125,17.39501953125,-0.7647705078125,0.111328125,-0.21826171875
15.772,316,3147,750,2024,-4.0,33.0,17.0,-11.108397483825684,37.53662109375,27.343748092651367,-0.7647705078125,0.111328125,-0.21826171875
15.785,310,3147,740,2213,-4.0,33.0,17.0,-9.3994140625,40.710445404052734,36.19384765625,-0.7481689453125,0.1568603515625,-0.210205078125
15.794,324,3147,625,2611,-4.0,33.0,17.0,-6.774901866912842,44.860836029052734,42.663570404052734,-0.6988525390625,0.341064453125,-0.183349609375
15.808,312,3147,647,2872,-4.0,33.0,17.0,-5.249022960662842,48.034664154052734,47.912593841552734,-0.6988525390625,0.341064453125,-0.183349609375
15.810,330,3147,790,3140,-6.0,33.0,16.0,-7.263183116912842,46.325679779052734,51.513668060302734,-0.545166015625,0.404052734375,-0.0909423828125
15.823,342,3147,1373,3147,-6.0,33.0,16.0,-9.33837890625,36.07177734375,50.659175872802734,0.0797119140625,0.7027587890625,0.1041259765625
15.830,373,3147,2068,3147,-6.0,33.0,16.0,-10.131834983825684,10.131834983825684,39.00146484375,0.0797119140625,0.7027587890625,0.1041259765625
15.838,624,3147,2593,3147,-6.0,33.0,16.0,-33.447265625,-30.334470748901367,5.493163585662842,0.3704833984375,1.040771484375,0.1527099609375
15.852,2968,3147,323,490,-6.0,33.0,16.0,-115.90575408935547,-58.654781341552734,-39.00146484375,-0.3206787109375,-1.0718994140625,-0.2159423828125
15.874,438,3147,3093,3147,-6.0,33.0,16.0,-205.74949645996094,-54.199214935302734,-66.162109375,-0.3206787109375,-1.0718994140625,-0.2159423828125
15.874,814,3147,3147,3147,-6.0,33.0,16.0,-188.35447692871094,-29.724119186401367,-63.964839935302734,-0.7672119140625,-1.9627685546875,-0.383544921875
15.890,591,3147,3147,3147,-6.0,33.0,16.0,-83.92333221435547,-16.54052734375,-34.0576171875,-1.018798828125,-0.89501953125,-0.4193115234375
15.891,1330,3147,2197,3147,-6.0,33.0,16.0,-15.747069358825684,-23.803709030151367,4.82177734375,-1.267333984375,0.9805908203125,-0.6751708984375
15.900,938,3147,3147,3147,-6.0,33.0,16.0,-27.832029342651367,-34.912109375,23.742673873901367,-1.7493896484375,2.2646484375,-1.2249755859375
15.914,1027,3147,3147,3147,-4.0,32.0,16.0,-82.45848846435547,-35.64453125,23.071287155151367,-2.818359375,2.80419921875,-1.7742919921875
15.920,1108,3147,3147,3147,-4.0,32.0,16.0,-142.27294921875,-26.123044967651367,9.765625,-3.1513671875,1.02490234375,-1.0709228515625
15.929,1067,3147,3147,3147,-4.0,32.0,16.0,-127.92967987060547,-49.377437591552734,-17.333984375,-1.8665771484375,-1.038330078125,1.016357421875
15.943,971,3147,3147,3147,-4.0,32.0,16.0,-13.916014671325684,-74.0966796875,-19.6533203125,-0.77880859375,-0.562255859375,1.5028076171875
15.950,968,3147,3147,3147,-4.0,32.0,16.0,99.18212127685547,-48.645015716552734,-1.7089842557907104,-0.7144775390625,0.509033203125,0.0567626953125
15.958,976,3147,3147,3147,-4.0,32.0,16.0,133.1787109375,-19.10400390625,-6.774901866912842,-0.9844970703125,0.9217529296875,-0.992431640625
15.980,958,3147,3147,3147,-4.0,32.0,16.0,88.80614471435547,-15.380858421325684,-26.123044967651367,-1.21337890625,0.7772216796875,-1.0955810546875
15.981,949,3147,3147,3147,-4.0,32.0,16.0,24.597166061401367,-30.517576217651367,-37.841796875,-1.406494140625,0.6903076171875,-0.8499755859375
16.041,952,3147,3147,3147,-4.0,32.0,16.0,-14.343260765075684,-48.034664154052734,-38.39111328125,-1.6605224609375,0.761962890625,-0.6373291015625
16.041,830,3147,3147,3147,-3.0,27.0,19.0,-31.921384811401367,-57.556148529052734,-36.2548828125,-1.822021484375,0.7255859375,-0.4107666015625
16.041,711,3147,3147,3147,-3.0,27.0,19.0,-41.259761810302734,-57.189937591552734,-34.1796875,-1.7764892578125,0.5543212890625,-0.1297607421875
16.041,658,3147,3147,3147,-3.0,27.0,19.0,-43.212886810302734,-47.241207122802734,-30.273435592651367,-1.625244140625,0.3865966796875,0.0885009765625
16.041,453,3147,3147,3147,-3.0,27.0,19.0,-34.3017578125,-31.311033248901367,-24.291990280151367,-1.4637451171875,0.2728271484375,0.197509765625
16.042,431,3147,3017,3147,-3.0,27.0,19.0,-15.258788108825684,-11.169432640075684,-14.526366233825684,-1.239013671875,0.321533203125,0.2374267578125
16.048,434,3147,2765,3147,-3.0,27.0,19.0,5.737304210662842,11.962889671325684,-1.5869139432907104,-0.913330078125,0.3880615234375,0.307861328125
16.079,427,3147,2278,3147,-3.0,27.0,19.0,23.986814498901367,35.33935546875,5.676269054412842,-0.6048583984375,0.2364501953125,0.447265625
16.080,401,3147,2005,3147,-3.0,27.0,19.0,42.724605560302734,55.786128997802734,5.065917491912842,-0.43310546875,-0.044677734375,0.5120849609375
16.080,376,3147,1681,3147,-3.0,27.0,19.0,65.7958984375,69.4580078125,2.01416015625,-0.3914794921875,-0.2696533203125,0.4000244140625
16.093,360,3147,1440,2771,-3.0,27.0,19.0,90.27098846435547,74.15771484375,0.1220703050494194,-0.4088134765625,-0.2786865234375,0.1402587890625
16.105,348,3147,1241,2432,-4.0,31.0,21.0,107.23876190185547,67.9931640625,2.25830078125,-0.3857421875,-0.044921875,-0.1080322265625
16.110,338,3147,1097,2113,-4.0,31.0,21.0,106.07909393310547,48.156734466552734,3.356933355331421,-0.2943115234375,0.174560546875,-0.1351318359375
16.122,324,3147,797,1733,-4.0,31.0,21.0,88.74510955810547,21.728513717651367,-3.051757574081421,-0.2474365234375,0.125,-0.1087646484375
16.131,321,3147,778,1648,-4.0,31.0,21.0,76.171875,5.981444835662842,-12.084959983825684,-0.3291015625,-0.0562744140625,-0.310791015625
16.139,327,3147,788,1608,-4.0,31.0,21.0,77.5146484375,9.27734375,-12.878417015075684,-0.5614013671875,-0.051025390625,-0.5770263671875
16.152,315,3147,725,1501,-4.0,31.0,21.0,78.7353515625,24.108884811401367,2.38037109375,-0.8055419921875,0.2109375,-0.6533203125
16.161,315,3147,642,1440,-4.0,31.0,21.0,68.359375,35.09521484375,25.878904342651367,-0.862060546875,0.48095703125,-0.52294921875
16.182,313,3147,654,1303,-4.0,31.0,21.0,49.621578216552734,35.0341796875,39.12353515625,-0.751953125,0.5733642578125,-0.378662109375
16.183,315,3147,644,1175,-4.0,31.0,21.0,28.442380905151367,23.498533248901367,34.11865234375,-0.6351318359375,0.5753173828125,-0.2919921875
16.190,310,3147,644,1204,-4.0,31.0,21.0,7.019042491912842,6.958007335662842,16.357421875,-0.66650390625,0.5283203125,-0.1859130859375
16.221,310,3147,619,1287,-5.0,32.0,19.0,-8.72802734375,-3.051757574081421,1.03759765625,-0.730712890625,0.4522705078125,-0.08544921875
16.222,313,3147,634,1366,-5.0,32.0,19.0,-11.840819358825684,-4.08935546875,-5.0048828125,-0.743896484375,0.438232421875,-0.08544921875
16.223,308,3147,629,1409,-5.0,32.0,19.0,-6.469726085662842,1.5258787870407104,-6.591796398162842,-0.8092041015625,0.4515380859375,-0.171630859375
16.229,316,3147,591,1454,-5.0,32.0,19.0,0.7324218153953552,10.559081077575684,-4.08935546875,-0.8564453125,0.4229736328125,-0.2274169921875
16.242,313,3147,579,1550,-5.0,32.0,19.0,6.103515148162842,18.49365234375,1.03759765625,-0.8192138671875,0.3609619140625,-0.2080078125
16.251,313,3147,607,1569,-5.0,32.0,19.0,7.507323741912842,23.315427780151367,5.065917491912842,-0.7607421875,0.28076171875,-0.1717529296875
16.258,308,3147,624,1646,-5.0,32.0,19.0,7.568358898162842,27.099607467651367,7.995604991912842,-0.735595703125,0.1947021484375,-0.185546875
16.284,313,3147,620,1750,-5.0,32.0,19.0,9.033203125,32.53173828125,11.901854515075684,-0.7509765625,0.1488037109375,-0.2275390625
16.285,600,3147,309,401,-5.0,32.0,19.0,8.7890625,40.405269622802734,18.12744140625,-0.77783203125,0.150146484375,-0.23828125
16.289,343,3147,562,1931,-5.0,32.0,19.0,3.051757574081421,49.438472747802734,25.085447311401367,-0.7921142578125,0.15576171875,-0.181884765625
16.303,327,3147,389,484,-7.0,33.0,17.0,-8.11767578125,56.701656341552734,30.822751998901367,-0.7567138671875,0.15869140625,-0.0767822265625
16.332,561,3147,346,2186,-7.0,33.0,17.0,-17.63916015625,59.020992279052734,34.7900390625,-0.6375732421875,0.205322265625,-0.0157470703125
16.332,766,3147,337,371,-7.0,33.0,17.0,-16.29638671875,52.429195404052734,34.48486328125,-0.446533203125,0.364990234375,-0.038818359375
16.333,324,3147,917,3008,-7.0,33.0,17.0,-16.29638671875,52.429195404052734,34.48486328125,-0.2696533203125,0.701171875,-0.11376953125
16.342,361,3147,1428,3147,-7.0,33.0,17.0,-15.014647483825684,2.746581792831421,-2.624511480331421,-0.0843505859375,1.038818359375,-0.1146240234375
16.350,364,3147,1989,3147,-7.0,33.0,17.0,-74.64599609375,-30.578611373901367,-35.0341796875,0.19873046875,1.119384765625,-0.0421142578125
16.358,980,3147,2238,3147,-7.0,33.0,17.0,-74.64599609375,-30.578611373901367,-35.0341796875,0.396728515625,0.5616455078125,0.0765380859375
16.398,1643,3147,1899,3147,-7.0,33.0,17.0,-268.06640625,-41.259761810302734,-46.325679779052734,0.2847900390625,-0.798583984375,0.0367431640625
16.399,644,3147,2733,3147,-7.0,33.0,17.0,-193.72557067871094,-8.544921875,-44.189449310302734,-0.3453369140625,-1.835205078125,-0.4747314453125
16.401,692,3147,2940,3147,-7.0,33.0,17.0,-193.72557067871094,-8.544921875,-44.189449310302734,-1.04052734375,-1.1058349609375,-0.889404296875
16.402,722,3147,3147,3147,-1.0,33.0,19.0,34.5458984375,-14.221190452575684,-29.418943405151367,-1.3541259765625,0.6123046875,-0.93994140625
16.414,826,3147,3147,3147,-1.0,33.0,19.0,1.220703125,-39.36767578125,-7.263183116912842,-1.60107421875,1.56982421875,-0.9678955078125
16.431,927,3147,3147,3147,-1.0,33.0,19.0,1.220703125,-39.36767578125,-7.263183116912842,-2.0728759765625,1.6947021484375,-0.834716796875
16.432,922,3147,3147,3147,-1.0,33.0,19.0,-99.97557830810547,-33.447265625,16.90673828125,-2.973876953125,1.77294921875,-0.8326416015625
16.443,891,3147,3147,3147,-1.0,33.0,19.0,-114.37987518310547,-10.375975608825684,22.460935592651367,-2.8890380859375,0.465087890625,-0.05810546875
16.448,944,3147,3147,3147,-1.0,33.0,19.0,-114.37987518310547,-10.375975608825684,22.460935592651367,-2.8890380859375,0.465087890625,-0.05810546875
16.462,2162,3147,2630,3147,-1.0,33.0,19.0,36.1328125,-8.85009765625,4.21142578125,-0.648681640625,0.0684814453125,0.73828125
16.470,1732,3147,1351,3147,-1.0,33.0,19.0,36.1328125,-8.85009765625,4.21142578125,-0.744384765625,0.8089599609375,-0.8941650390625
16.492,951,3147,3147,3147,-1.0,33.0,19.0,106.87255096435547,22.399900436401367,-1.3427733182907104,-0.744384765625,0.8089599609375,-0.8941650390625
16.492,1499,3147,3147,3147,-1.0,32.0,18.0,30.273435592651367,1.4038084745407104,-36.9873046875,-1.3126220703125,0.6097412109375,-1.169677734375
16.500,894,3147,3147,3147,-1.0,32.0,18.0,30.273435592651367,1.4038084745407104,-36.9873046875,-1.6207275390625,0.5689697265625,-0.737060546875
16.508,3147,3147,2428,3147,-1.0,32.0,18.0,-25.573728561401367,-26.550291061401367,-35.888671875,-1.6207275390625,0.5689697265625,-0.737060546875
16.543,598,3147,3147,3147,-1.0,32.0,18.0,-59.875484466552734,-46.386714935302734,-15.014647483825684,-1.923583984375,0.602294921875,-0.3629150390625
16.544,518,3147,3147,3147,-1.0,32.0,18.0,-59.875484466552734,-46.386714935302734,-15.014647483825684,-1.784423828125,0.4979248046875,-0.2127685546875
16.544,400,3147,3147,3147,-1.0,32.0,18.0,-63.232418060302734,-41.259761810302734,-8.36181640625,-1.784423828125,0.4979248046875,-0.2127685546875
16.552,376,3147,3090,3147,-1.0,32.0,18.0,-41.564937591552734,-17.15087890625,1.7700194120407104,-1.34912109375,0.479736328125,-0.0845947265625
16.560,438,3147,2760,3147,-1.0,32.0,18.0,-41.564937591552734,-17.15087890625,1.7700194120407104,-1.037841796875,0.4072265625,0.106201171875
16.598,801,3147,2263,3147,-1.0,32.0,18.0,-19.34814453125,-3.601073980331421,11.169432640075684,-1.037841796875,0.4072265625,0.106201171875
16.599,1948,3147,1516,3147,-1.0,32.0,18.0,38.330078125,28.259275436401367,21.240232467651367,-0.4580078125,-0.176025390625,0.5279541015625
16.599,1880,3147,318,715,-1.0,31.0,16.0,38.330078125,28.259275436401367,21.240232467651367,-0.375732421875,-0.370361328125,0.4774169921875
16.599,1580,3147,1070,2973,-1.0,31.0,16.0,70.068359375,45.410152435302734,19.71435546875,-0.375732421875,-0.370361328125,0.4774169921875
16.614,1391,3147,313,375,-1.0,31.0,16.0,115.53954315185547,50.964351654052734,12.329100608825684,-0.3499755859375,0.0032958984375,0.0732421875
16.623,1222,3147,466,1331,-1.0,31.0,16.0,115.53954315185547,50.964351654052734,12.329100608825684,-0.3729248046875,0.3145751953125,-0.0404052734375
16.638,1024,3147,316,418,-1.0,31.0,16.0,115.78368377685547,39.00146484375,10.253905296325684,-0.3729248046875,0.3145751953125,-0.0404052734375
16.642,933,3147,334,470,-1.0,31.0,16.0,88.50096893310547,9.6435546875,-1.5258787870407104,-0.3529052734375,0.1204833984375,-0.2236328125
16.655,607,3147,603,1278,-1.0,31.0,16.0,88.50096893310547,9.6435546875,-1.5258787870407104,-0.421630859375,0.02001953125,-0.5361328125
16.658,579,3147,601,1211,-1.0,31.0,16.0,82.51952362060547,7.812499523162842,-7.446288585662842,-0.421630859375,0.02001953125,-0.5361328125
16.671,765,3147,315,416,-1.0,31.0,16.0,75.25634765625,10.314940452575684,-6.713866710662842,-0.7989501953125,0.4718017578125,-0.71923828125
16.689,754,3147,315,386,-1.0,31.0,16.0,58.532711029052734,10.986327171325684,1.3427733182907104,-0.7989501953125,0.4718017578125,-0.71923828125
16.695,799,3147,313,364,-7.0,33.0,16.0,34.72900390625,5.615233898162842,8.30078125,-0.8614501953125,0.59130859375,-0.557861328125
16.701,735,3147,400,481,-7.0,33.0,16.0,10.192870140075684,-4.08935546875,6.164550304412842,-0.8575439453125,0.3179931640625,-0.2757568359375
16.710,830,3147,315,326,-7.0,33.0,16.0,-9.1552734375,-12.329100608825684,0.6713866591453552,-0.8575439453125,0.3179931640625,-0.2757568359375
16.718,855,3147,315,316,-7.0,33.0,16.0,-18.5546875,-17.76123046875,-0.54931640625,-0.85302734375,0.245361328125,-0.1492919921875
16.733,853,3147,314,308,-7.0,33.0,16.0,-5.065917491912842,-18.61572265625,1.6479490995407104,-0.7706298828125,0.3055419921875,-0.0904541015625
16.748,838,3147,315,317,-7.0,33.0,16.0,-5.065917491912842,-18.61572265625,1.6479490995407104,-0.752197265625,0.42333984375,-0.1619873046875
16.749,827,3147,315,327,-7.0,33.0,16.0,6.164550304412842,-13.610838890075684,2.25830078125,-0.752197265625,0.42333984375,-0.1619873046875
16.767,806,3147,313,354,-7.0,33.0,16.0,7.446288585662842,-2.38037109375,2.624511480331421,-0.7098388671875,0.556396484375,-0.231689453125
16.771,765,3147,316,385,-7.0,33.0,16.0,7.446288585662842,-2.38037109375,2.624511480331421,-0.6915283203125,0.48974609375,-0.2008056640625
16.779,548,3147,568,894,-7.0,33.0,16.0,-1.2817381620407104,2.25830078125,2.44140625,-0.6915283203125,0.48974609375,-0.2008056640625
16.797,404,3147,625,1156,-5.0,31.0,19.0,-8.60595703125,6.774901866912842,2.990722417831421,-0.709716796875,0.268798828125,-0.153076171875
16.801,378,3147,631,1340,-5.0,31.0,19.0,-11.108397483825684,11.840819358825684,5.0048828125,-0.709716796875,0.268798828125,-0.153076171875
16.809,526,3147,539,1439,-5.0,31.0,19.0,-11.352538108825684,17.15087890625,8.544921875,-0.728515625,0.2088623046875,-0.1492919921875
16.823,317,3147,711,1800,-5.0,31.0,19.0,-11.413573265075684,23.010251998901367,13.610838890075684,-0.7545166015625,0.2396240234375,-0.2127685546875
16.831,328,3147,735,1913,-5.0,31.0,19.0,-10.803221702575684,29.602048873901367,19.95849609375,-0.7545166015625,0.2396240234375,-0.2127685546875
16.839,694,3147,315,324,-5.0,31.0,19.0,-10.192870140075684,35.888671875,27.221677780151367,-0.719482421875,0.228271484375,-0.2188720703125
16.852,354,3147,310,342,-5.0,31.0,19.0,-10.925292015075684,40.344234466552734,34.66796875,-0.54736328125,0.1109619140625,-0.0799560546875
16.861,693,3147,371,762,-5.0,31.0,19.0,-11.169432640075684,43.029781341552734,41.687007904052734,-0.54736328125,0.1109619140625,-0.0799560546875
16.869,1125,3147,748,2943,-5.0,31.0,19.0,-9.3994140625,40.161128997802734,45.898433685302734,-0.4425048828125,0.236083984375,0.056396484375
16.883,456,3147,1943,3147,-8.0,30.0,19.0,-6.958007335662842,18.5546875,37.90283203125,0.4295654296875,0.9688720703125,0.1968994140625
16.899,2437,3147,2521,3147,-8.0,30.0,19.0,-9.09423828125,-25.878904342651367,3.295898199081421,0.4295654296875,0.9688720703125,0.1968994140625
16.900,391,3147,3105,3147,-8.0,30.0,19.0,-42.114253997802734,-70.6787109375,-50.415035247802734,0.7708740234375,1.31689453125,-0.136474609375
16.912,660,3147,3137,3147,-8.0,30.0,19.0,-122.68065643310547,-88.62303924560547,-80.68846893310547,-0.10888671875,-0.8115234375,-0.5780029296875
16.921,872,3147,2695,3147,-8.0,30.0,19.0,-182.55613708496094,-72.20458984375,-77.69775390625,-0.10888671875,-0.8115234375,-0.5780029296875
16.936,932,3147,3147,3147,-8.0,30.0,19.0,-153.076171875,-32.65380859375,-72.08251953125,-1.0511474609375,-1.45703125,-0.552490234375
16.942,1116,3147,3147,3147,-8.0,30.0,19.0,-91.43065643310547,-9.33837890625,-61.401363372802734,-2.0919189453125,0.8192138671875,-0.4337158203125
16.954,1715,3147,1853,3147,-8.0,30.0,19.0,-73.42529296875,-20.629880905151367,-41.137691497802734,-2.0919189453125,0.8192138671875,-0.4337158203125
16.959,1278,3147,2891,3147,-8.0,30.0,19.0,-85.93749237060547,-40.344234466552734,-22.766111373901367,-2.451416015625,1.511962890625,-0.6048583984375
16.973,1338,3147,3147,3147,-8.0,30.0,19.0,-95.33690643310547,-44.006343841552734,1.4648436307907104,-2.897705078125,0.31884765625,-0.4476318359375
16.981,1343,3147,3147,3147,0.0,31.0,22.0,-96.61864471435547,-35.94970703125,15.258788108825684,-2.897705078125,0.31884765625,-0.4476318359375
17.000,2418,3147,371,3147,0.0,31.0,22.0,-53.710933685302734,-41.931148529052734,7.934569835662842,-1.5443115234375,-0.8084716796875,0.7962646484375
17.003,1201,3147,3147,3147,0.0,31.0,22.0,27.404783248901367,-36.19384765625,3.051757574081421,-0.6904296875,0.038818359375,0.927978515625
17.011,3147,3147,408,673,0.0,31.0,22.0,81.72606658935547,-3.662109136581421,-6.530761241912842,-0.8948974609375,0.571533203125,-0.1300048828125
17.019,1184,3147,3147,3147,0.0,31.0,22.0,87.28026580810547,12.878417015075684,-21.972654342651367,-1.3333740234375,0.449951171875,-0.918212890625
17.042,1175,3147,3147,3147,0.0,31.0,22.0,58.654781341552734,0.9765624403953552,-22.338865280151367,-1.5672607421875,0.494140625,-1.0487060546875
17.043,3147,3147,2024,3147,0.0,31.0,22.0,21.606443405151367,-19.6533203125,-9.09423828125,-1.725830078125,0.7841796875,-0.92578125
17.049,3147,3147,356,465,0.0,31.0,22.0,-11.413573265075684,-34.97314453125,-0.4882812201976776,-1.75634765625,0.8358154296875,-0.6949462890625
17.062,2007,3147,508,3147,0.0,31.0,22.0,-36.31591796875,-41.870113372802734,-1.9531248807907104,-1.632568359375,0.677490234375,-0.335693359375
17.071,1920,3147,2249,3147,0.0,31.0,22.0,-47.851558685302734,-38.6962890625,-5.310058116912842,-1.4747314453125,0.517333984375,0.0023193359375
17.078,1189,3147,2809,3147,0.0,31.0,21.0,-42.785640716552734,-26.916501998901367,-7.446288585662842,-1.3292236328125,0.4088134765625,0.1763916015625
17.106,3121,3147,348,3147,0.0,31.0,21.0,-26.245115280151367,-9.82666015625,-4.21142578125,-1.156982421875,0.4259033203125,0.188232421875
17.107,2736,3147,1178,3147,0.0,31.0,21.0,-8.056640625,9.521484375,5.493163585662842,-0.9400634765625,0.430908203125,0.188232421875
17.109,1316,3147,647,3147,0.0,31.0,21.0,10.070799827575684,28.686521530151367,13.183592796325684,-0.7481689453125,0.2333984375,0.251953125
17.123,1243,3147,1874,3147,0.0,31.0,21.0,31.066892623901367,46.081539154052734,15.014647483825684,-0.610595703125,-0.0335693359375,0.34375
17.140,433,3147,2008,3147,0.0,31.0,21.0,52.062984466552734,56.457515716552734,13.000487327575684,-0.4788818359375,-0.2562255859375,0.407470703125
17.140,413,3147,1785,2853,0.0,31.0,21.0,73.3642578125,58.837886810302734,8.30078125,-0.392822265625,-0.3040771484375,0.3284912109375
17.152,400,3147,1584,2268,0.0,31.0,21.0,91.97997283935547,56.518550872802734,5.065917491912842,-0.39404296875,-0.0654296875,0.15283203125
17.168,383,3147,1393,1929,0.0,31.0,21.0,99.42626190185547,48.095699310302734,5.615233898162842,-0.4078369140625,0.18798828125,0.0540771484375
17.169,379,3147,1116,1553,0.0,31.0,21.0,100.09764862060547,34.85107421875,4.0283203125,-0.41015625,0.1668701171875,-0.0057373046875
17.182,330,3147,932,1178,-6.0,33.0,15.0,100.76903533935547,25.451658248901367,-0.7934569716453552,-0.4366455078125,0.030029296875,-0.20068359375
17.205,324,3147,813,1051,-6.0,33.0,15.0,98.63280487060547,23.864744186401367,-1.3427733182907104,-0.465576171875,-0.0030517578125,-0.4940185546875
17.205,321,3147,689,923,-6.0,33.0,15.0,91.97997283935547,27.709959030151367,4.08935546875,-0.548583984375,0.1181640625,-0.6861572265625
17.219,321,3147,630,749,-6.0,33.0,15.0,79.833984375,32.8369140625,13.061522483825684,-0.697021484375,0.349853515625,-0.670654296875
17.221,313,3147,537,537,-6.0,33.0,15.0,62.316890716552734,34.912109375,21.850584030151367,-0.80322265625,0.513916015625,-0.548583984375
17.229,318,3147,531,416,-6.0,33.0,15.0,44.189449310302734,33.75244140625,26.977537155151367,-0.817626953125,0.546875,-0.4652099609375
17.238,342,3147,536,346,-6.0,33.0,15.0,28.503416061401367,26.916501998901367,27.587888717651367,-0.8148193359375,0.5347900390625,-0.3455810546875
17.251,334,2842,548,338,-6.0,33.0,15.0,17.9443359375,18.61572265625,24.414060592651367,-0.86376953125,0.4251708984375,-0.1365966796875
17.259,316,2880,569,343,-6.0,33.0,15.0,18.85986328125,13.061522483825684,22.460935592651367,-0.765625,0.318359375,-0.0101318359375
17.274,323,2943,573,346,-6.0,33.0,15.0,32.04345703125,3.234863042831421,16.9677734375,-0.6134033203125,0.3673095703125,-0.065185546875
17.281,330,3147,598,347,-5.0,32.0,14.0,46.020503997802734,-6.347655773162842,4.2724609375,-0.66455078125,0.4688720703125,-0.2266845703125
17.289,318,3147,605,414,-5.0,32.0,14.0,50.170894622802734,-7.446288585662842,-3.784179449081421,-0.7681884765625,0.5311279296875,-0.37548828125
17.307,318,3147,590,525,-5.0,32.0,14.0,42.907711029052734,-3.234863042831421,-2.38037109375,-0.752197265625,0.557861328125,-0.4456787109375
17.311,321,3147,625,739,-5.0,32.0,14.0,25.573728561401367,-0.6103515625,-2.197265625,-0.684814453125,0.51611328125,-0.422119140625
17.320,318,3147,607,906,-5.0,32.0,14.0,2.38037109375,-0.1220703050494194,-7.324218273162842,-0.71240234375,0.3740234375,-0.3154296875
17.331,316,3147,607,1039,-5.0,32.0,14.0,-15.502928733825684,1.3427733182907104,-8.056640625,-0.759033203125,0.211181640625,-0.2061767578125
17.348,316,3147,630,1348,-5.0,32.0,14.0,-19.71435546875,4.5166015625,-1.03759765625,-0.7437744140625,0.126220703125,-0.18115234375
17.350,321,3147,605,1543,-5.0,32.0,14.0,-14.282225608825684,10.070799827575684,9.521484375,-0.7130126953125,0.1392822265625,-0.217529296875
17.358,328,3147,564,1700,-5.0,32.0,14.0,-14.282225608825684,10.070799827575684,9.521484375,-0.6854248046875,0.19775390625,-0.240966796875
17.371,338,3147,527,2028,-4.0,35.0,17.0,-8.60595703125,20.263669967651367,26.611326217651367,-0.6417236328125,0.236572265625,-0.224365234375
17.381,682,3147,538,2167,-4.0,35.0,17.0,-9.94873046875,21.545408248901367,29.785154342651367,-0.5853271484375,0.2554931640625,-0.187744140625
17.387,669,3147,661,2456,-4.0,35.0,17.0,-9.94873046875,21.545408248901367,29.785154342651367,-0.502685546875,0.326171875,-0.1595458984375
17.414,1014,3147,582,2610,-4.0,35.0,17.0,-10.498045921325684,-0.54931640625,15.624999046325684,-0.3543701171875,0.4776611328125,-0.1046142578125
17.414,553,3147,1160,3147,-4.0,35.0,17.0,-32.53173828125,-32.28759765625,-10.803221702575684,-0.2088623046875,0.719482421875,-0.024658203125
17.418,431,3147,1929,3147,-4.0,35.0,17.0,-32.53173828125,-32.28759765625,-10.803221702575684,-0.07763671875,0.97607421875,-0.013427734375
17.456,1341,3147,942,3147,-4.0,35.0,17.0,-209.59471130371094,-87.21923065185547,-53.161617279052734,0.138916015625,0.5518798828125,0.06298828125
17.456,1610,3147,2638,3147,-4.0,35.0,17.0,-290.83251953125,-83.92333221435547,-48.156734466552734,0.30712890625,-0.6326904296875,0.140869140625
17.456,1146,3147,2673,3147,-4.0,35.0,17.0,-290.83251953125,-83.92333221435547,-48.156734466552734,0.0245361328125,-1.403564453125,-0.052001953125
17.462,481,3147,3147,3147,-4.0,35.0,17.0,-117.79784393310547,-1.6479490995407104,-36.2548828125,-0.70068359375,-0.8358154296875,-0.30859375
17.470,514,3147,3147,3147,0.0,32.0,20.0,-34.7900390625,4.82177734375,-21.301267623901367,-1.3812255859375,0.5631103515625,-0.4573974609375
17.477,683,3147,3147,3147,0.0,32.0,20.0,-34.7900390625,4.82177734375,-21.301267623901367,-1.91455078125,1.4443359375,-0.6368408203125
17.491,1043,3147,3147,3147,0.0,32.0,20.0,-42.663570404052734,-35.94970703125,8.23974609375,-2.622314453125,1.77734375,-0.7117919921875
17.516,1039,3147,3147,3147,0.0,32.0,20.0,-49.743648529052734,-33.5693359375,17.15087890625,-3.3388671875,1.5477294921875,-0.6475830078125
17.516,3147,3147,575,2052,0.0,32.0,20.0,-49.743648529052734,-33.5693359375,17.15087890625,-2.7620849609375,-0.0479736328125,0.2099609375
17.522,2001,3147,3135,3147,0.0,32.0,20.0,18.798828125,-3.967284917831421,10.864256858825684,-1.29931640625,-0.7821044921875,1.072998046875
17.529,841,3147,3147,3147,0.0,32.0,20.0,90.20995330810547,19.47021484375,5.798339366912842,-0.667236328125,0.1856689453125,0.3192138671875
17.537,827,3147,3147,3147,0.0,32.0,20.0,90.20995330810547,19.47021484375,5.798339366912842,-0.853515625,0.7476806640625,-0.87060546875
17.559,2072,3147,2160,3147,0.0,32.0,20.0,70.49560546875,53.527828216552734,-11.230467796325684,-1.20849609375,0.706787109375,-1.2203369140625
17.560,818,3147,3147,3147,0.0,32.0,20.0,20.996091842651367,28.747556686401367,-18.5546875,-1.436279296875,0.6363525390625,-1.003662109375
17.568,3147,3147,1346,3147,0.0,36.0,12.0,20.996091842651367,28.747556686401367,-18.5546875,-1.6546630859375,0.697998046875,-0.801513671875
17.581,1383,3147,1635,3130,0.0,36.0,12.0,-27.526853561401367,-21.484373092651367,-14.282225608825684,-1.8226318359375,0.7132568359375,-0.6279296875
17.595,2093,3147,2257,3147,0.0,36.0,12.0,-27.526853561401367,-21.484373092651367,-14.282225608825684,-1.77880859375,0.6065673828125,-0.333251953125
17.598,1411,3147,2757,3147,0.0,36.0,12.0,-38.51318359375,-30.639646530151367,-10.681151390075684,-1.77880859375,0.6065673828125,-0.333251953125
17.614,473,3147,3147,3147,0.0,36.0,12.0,-26.855466842651367,-21.972654342651367,-4.21142578125,-1.453369140625,0.4329833984375,0.073974609375
17.620,473,3147,2974,3147,0.0,36.0,12.0,-26.855466842651367,-21.972654342651367,-4.21142578125,-1.30078125,0.5230712890625,0.074462890625
17.627,497,3147,2647,3147,0.0,36.0,12.0,-0.4882812201976776,-10.986327171325684,-2.44140625,-1.30078125,0.5230712890625,0.074462890625
17.643,418,3147,2379,3147,0.0,36.0,12.0,46.081539154052734,12.329100608825684,3.723144292831421,-0.8494873046875,0.3712158203125,0.03173828125
17.655,372,3147,2141,3147,0.0,36.0,12.0,46.081539154052734,12.329100608825684,3.723144292831421,-0.652587890625,-0.01220703125,0.1219482421875
17.658,354,3147,1943,3147,0.0,36.0,12.0,66.46728515625,20.202634811401367,1.7089842557907104,-0.652587890625,-0.01220703125,0.1219482421875
17.671,361,3147,1548,3147,-2.0,33.0,18.0,113.95262908935547,25.451658248901367,-5.371093273162842,-0.3995361328125,-0.4669189453125,0.1988525390625
17.680,399,3147,1476,2954,-2.0,33.0,18.0,113.95262908935547,25.451658248901367,-5.371093273162842,-0.3592529296875,-0.3275146484375,0.053955078125
17.688,346,3147,1422,2652,-2.0,33.0,18.0,138.97705078125,25.207517623901367,-3.173827886581421,-0.3592529296875,-0.3275146484375,0.053955078125
17.719,330,3147,1349,2058,-2.0,33.0,18.0,140.44189453125,9.94873046875,14.404295921325684,-0.207275390625,0.1549072265625,-0.124755859375
17.719,342,3147,1352,1806,-2.0,33.0,18.0,140.44189453125,9.94873046875,14.404295921325684,-0.2630615234375,0.21484375,-0.3466796875
17.719,324,3147,1336,1713,-2.0,33.0,18.0,118.71337127685547,2.0751953125,18.1884765625,-0.2630615234375,0.21484375,-0.3466796875
17.732,325,3147,1251,1397,-2.0,33.0,18.0,85.26610565185547,4.82177734375,2.197265625,-0.6920166015625,0.55224609375,-0.831787109375
17.742,319,3147,1266,1125,-2.0,33.0,18.0,85.26610565185547,4.82177734375,2.197265625,-0.834716796875,0.674072265625,-0.739013671875
17.755,323,3147,1236,931,-2.0,33.0,18.0,55.603023529052734,7.873534679412842,-2.01416015625,-0.834716796875,0.674072265625,-0.739013671875
17.761,324,3147,1213,354,-6.0,31.0,16.0,-16.357421875,5.126952648162842,-12.145995140075684,-0.8369140625,0.23583984375,-0.1395263671875
17.770,329,3048,1209,352,-6.0,31.0,16.0,-16.357421875,5.126952648162842,-12.145995140075684,-0.7840576171875,0.1329345703125,0.1002197265625
17.782,329,2993,1215,351,-6.0,31.0,16.0,-28.686521530151367,5.371093273162842,-12.390135765075684,-0.7840576171875,0.1329345703125,0.1002197265625
17.792,328,2925,1189,348,-6.0,31.0,16.0,-0.9155272841453552,8.1787109375,-5.126952648162842,-0.687255859375,0.1671142578125,0.1243896484375
17.823,326,2831,1201,348,-6.0,31.0,16.0,-0.9155272841453552,8.1787109375,-5.126952648162842,-0.687255859375,0.1671142578125,0.1243896484375
17.824,327,2827,1172,351,-6.0,31.0,16.0,21.423337936401367,12.207030296325684,-0.9155272841453552,-0.7410888671875,0.374267578125,-0.068603515625
17.824,326,3144,1134,349,-6.0,31.0,16.0,33.63037109375,16.7236328125,3.479003667831421,-0.8050537109375,0.6484375,-0.3056640625
17.830,328,3147,1125,388,-6.0,31.0,16.0,29.602048873901367,20.263669967651367,5.798339366912842,-0.8050537109375,0.6484375,-0.3056640625
17.838,324,3147,1063,590,-6.0,31.0,16.0,15.502928733825684,22.827146530151367,5.554198741912842,-0.7379150390625,0.505126953125,-0.310302734375
17.860,323,3147,1013,856,-6.0,31.0,16.0,2.990722417831421,23.864744186401367,5.065917491912842,-0.5810546875,0.309326171875,-0.2869873046875
17.862,325,3147,978,1107,-5.0,33.0,17.0,-5.981444835662842,18.24951171875,2.38037109375,-0.5810546875,0.309326171875,-0.2869873046875
17.868,330,3147,920,1323,-5.0,33.0,17.0,-15.197752952575684,10.986327171325684,-2.563476324081421,-0.6839599609375,0.17041015625,-0.215087890625
17.881,323,3147,883,1681,-5.0,33.0,17.0,-16.90673828125,13.366698265075684,2.990722417831421,-0.734375,0.134765625,-0.2325439453125
17.894,377,3147,860,1882,-5.0,33.0,17.0,-8.11767578125,20.446775436401367,18.4326171875,-0.734375,0.134765625,-0.2325439453125
17.898,332,3147,933,2100,-5.0,33.0,17.0,0.0610351525247097,23.376462936401367,29.113767623901367,-0.6724853515625,0.2784423828125,-0.249755859375
17.924,1053,3147,842,2364,-5.0,33.0,17.0,3.845214605331421,20.568845748901367,31.677244186401367,-0.6015625,0.3734130859375,-0.2330322265625
17.925,454,3147,975,2823,-5.0,33.0,17.0,6.469726085662842,11.840819358825684,27.648923873901367,-0.6015625,0.3734130859375,-0.2330322265625
17.928,1253,3147,318,404,-5.0,33.0,17.0,8.544921875,-3.906249761581421,15.624999046325684,-0.485595703125,0.3480224609375,-0.1531982421875
17.942,1148,3147,1043,3147,-5.0,33.0,17.0,4.7607421875,-24.047849655151367,-7.507323741912842,-0.2481689453125,0.7222900390625,-0.2879638671875
17.952,452,3147,2207,3147,-5.0,33.0,17.0,-19.83642578125,-44.250484466552734,-35.2783203125,-0.2481689453125,0.7222900390625,-0.2879638671875
17.963,1466,3147,1013,3147,-2.0,30.0,24.0,-90.39305877685547,-65.24658203125,-53.710933685302734,-0.2264404296875,0.9677734375,-0.4205322265625
17.973,1480,3147,2807,3147,-2.0,30.0,24.0,-203.18601989746094,-81.54296112060547,-48.095699310302734,-0.3389892578125,-0.9058837890625,-0.066162109375
17.980,1700,3147,3015,3147,-2.0,30.0,24.0,-280.6396484375,-81.60399627685547,-23.376462936401367,-0.3389892578125,-0.9058837890625,-0.066162109375
17.988,653,3147,1676,1018,-2.0,30.0,24.0,-250.24412536621094,-56.396480560302734,-8.60595703125,-0.46875,-1.58642578125,0.06103515625
18.007,540,3147,3147,3147,-2.0,30.0,24.0,-153.6865234375,-25.146482467651367,-7.507323741912842,-1.067626953125,0.4312744140625,-0.0723876953125
18.033,644,3147,3147,3147,-2.0,30.0,24.0,-78.91845703125,-18.6767578125,-1.7089842557907104,-1.067626953125,0.4312744140625,-0.0723876953125
18.033,802,3147,3147,3147,-2.0,30.0,24.0,-50.598140716552734,-34.0576171875,12.451170921325684,-1.38623046875,1.3927001953125,-0.422607421875
18.034,1066,3147,3147,3147,-2.0,30.0,24.0,-39.00146484375,-55.969234466552734,16.4794921875,-1.8519287109375,1.5712890625,-0.6263427734375
18.040,1097,3147,3147,3147,-2.0,30.0,24.0,-23.803709030151367,-72.57080078125,4.33349609375,-2.682373046875,1.7066650390625,-0.5450439453125
18.048,1122,3147,3147,3147,-2.0,30.0,24.0,-21.057126998901367,-67.32177734375,0.3662109076976776,-3.04931640625,0.948486328125,-0.2127685546875
18.065,974,3147,3147,3147,0.0,32.0,14.0,-0.6713866591453552,-49.316402435302734,-4.08935546875,-2.0987548828125,-0.4678955078125,0.427490234375
18.070,963,3147,3147,3147,0.0,32.0,14.0,54.199214935302734,-30.517576217651367,-9.70458984375,-0.9876708984375,-0.3228759765625,0.4874267578125
18.078,968,3147,3147,3147,0.0,32.0,14.0,78.7353515625,-2.868652105331421,-5.249022960662842,-0.7364501953125,0.5047607421875,-0.289306640625
18.092,966,3147,3147,3147,0.0,32.0,14.0,51.513668060302734,16.7236328125,-9.46044921875,-1.0341796875,0.7550048828125,-0.8004150390625
18.100,958,3147,3147,3147,0.0,32.0,14.0,9.46044921875,12.084959983825684,-21.728513717651367,-1.3756103515625,0.6014404296875,-0.7322998046875
18.108,949,3147,3147,3147,0.0,32.0,14.0,-13.793944358825684,-7.751464366912842,-28.381345748901367,-1.5977783203125,0.465087890625,-0.5245361328125
18.136,906,3147,3147,3147,0.0,32.0,14.0,-12.939452171325684,-26.916501998901367,-24.841306686401367,-1.760986328125,0.4664306640625,-0.4512939453125
18.136,842,3147,3147,3147,0.0,32.0,14.0,-6.958007335662842,-38.14697265625,-13.977049827575684,-1.7662353515625,0.52197265625,-0.3511962890625
18.138,784,3147,3147,3147,0.0,32.0,14.0,-6.958007335662842,-40.771480560302734,-2.563476324081421,-1.605712890625,0.552001953125,-0.13916015625
18.152,640,3147,3147,3147,0.0,32.0,14.0,-7.507323741912842,-33.5693359375,2.44140625,-1.42822265625,0.5147705078125,0.0916748046875
18.167,470,3147,3147,3147,0.0,30.0,19.0,-1.3427733182907104,-18.49365234375,1.7089842557907104,-1.3160400390625,0.4676513671875,0.2286376953125
18.168,371,3147,3120,3147,0.0,30.0,19.0,10.559081077575684,1.4038084745407104,2.01416015625,-1.2255859375,0.529541015625,0.2059326171875
18.182,361,3147,2615,3147,0.0,30.0,19.0,21.057126998901367,22.216794967651367,6.835937023162842,-1.0672607421875,0.5439453125,0.17236328125
18.190,354,3147,2374,3147,0.0,30.0,19.0,30.151365280151367,39.4287109375,9.6435546875,-0.8560791015625,0.2760009765625,0.2264404296875
18.198,353,3147,2091,3147,0.0,30.0,19.0,46.386714935302734,50.415035247802734,5.798339366912842,-0.65283203125,-0.075439453125,0.245361328125
18.212,336,3147,1691,3147,0.0,30.0,19.0,71.1669921875,52.551265716552734,-1.3427733182907104,-0.4591064453125,-0.3028564453125,0.181640625
18.237,338,3147,1628,3143,0.0,30.0,19.0,98.14452362060547,47.607418060302734,-7.324218273162842,-0.3587646484375,-0.299072265625,0.0155029296875
18.237,331,3147,1610,2758,0.0,30.0,19.0,116.69921112060547,38.51318359375,-9.3994140625,-0.3245849609375,-0.08642578125,-0.1781005859375
18.242,331,3147,1681,2086,0.0,30.0,19.0,115.90575408935547,22.766111373901367,-9.6435546875,-0.283935546875,0.1258544921875,-0.202392578125
18.254,329,3147,1624,1730,0.0,30.0,19.0,99.85350799560547,5.615233898162842,-10.681151390075684,-0.341064453125,0.213623046875,-0.207275390625
18.261,330,3147,1610,1553,-4.0,31.0,16.0,86.30370330810547,-2.25830078125,-11.962889671325684,-0.4652099609375,0.1966552734375,-0.3995361328125
18.271,324,3147,1540,1306,-4.0,31.0,16.0,80.01708984375,-1.7700194120407104,-12.512206077575684,-0.5858154296875,0.269775390625,-0.611328125
18.280,328,3147,1480,1163,-4.0,31.0,16.0,70.25146484375,-1.220703125,-12.207030296325684,-0.7003173828125,0.5079345703125,-0.6456298828125
18.288,325,3147,1464,912,-4.0,31.0,16.0,50.170894622802734,-6.958007335662842,-16.41845703125,-0.7769775390625,0.582275390625,-0.4901123046875
18.302,323,3147,1464,646,-4.0,31.0,16.0,24.475095748901367,-15.441893577575684,-25.268552780151367,-0.8238525390625,0.380126953125,-0.271484375
18.310,324,3147,1524,582,-4.0,31.0,16.0,3.906249761581421,-20.080564498901367,-28.198240280151367,-0.82177734375,0.1890869140625,-0.0791015625
18.346,323,3147,1533,493,-4.0,31.0,16.0,-3.784179449081421,-20.996091842651367,-23.437498092651367,-0.78271484375,0.1627197265625,0.0419921875
18.348,327,3147,1552,458,-4.0,31.0,16.0,0.0610351525247097,-20.141599655151367,-18.24951171875,-0.769775390625,0.2225341796875,0.070068359375
18.348,323,3147,1561,455,-4.0,31.0,16.0,7.934569835662842,-17.7001953125,-15.686034202575684,-0.80078125,0.296875,0.0299072265625
18.348,315,3147,1534,442,-4.0,31.0,16.0,13.671874046325684,-12.756346702575684,-13.732909202575684,-0.8453369140625,0.3677978515625,-0.0352783203125
18.363,323,3147,1499,579,-4.0,30.0,22.0,14.221190452575684,-5.981444835662842,-10.986327171325684,-0.8612060546875,0.3936767578125,-0.070556640625
18.373,323,3147,1463,673,-4.0,30.0,22.0,8.9111328125,0.1220703050494194,-7.751464366912842,-0.83740234375,0.3280029296875,-0.064208984375
18.378,322,3147,1427,757,-4.0,30.0,22.0,2.197265625,5.676269054412842,-3.906249761581421,-0.8017578125,0.2110595703125,-0.063232421875
18.392,321,3147,1381,917,-4.0,30.0,22.0,-0.9155272841453552,12.207030296325684,1.15966796875,-0.779296875,0.130615234375,-0.082763671875
18.401,323,3147,1355,1137,-4.0,30.0,22.0,-1.0986328125,18.37158203125,7.568358898162842,-0.74365234375,0.1240234375,-0.108642578125
18.408,323,3147,1268,1302,-4.0,30.0,22.0,-1.9531248807907104,22.094724655151367,13.366698265075684,-0.72509765625,0.1475830078125,-0.121337890625
18.436,321,3147,1182,1675,-4.0,30.0,22.0,-4.82177734375,26.184080123901367,19.4091796875,-0.744140625,0.13671875,-0.118896484375
18.436,316,3147,1145,1969,-4.0,30.0,22.0,-6.347655773162842,32.65380859375,29.113767623901367,-0.708740234375,0.1217041015625,-0.1192626953125
18.438,321,3147,1074,2242,-4.0,30.0,22.0,-4.7607421875,38.87939453125,39.97802734375,-0.6121826171875,0.1168212890625,-0.1068115234375
18.457,432,3147,949,2703,-3.0,30.0,22.0,-1.7089842557907104,43.151851654052734,47.424312591552734,-0.5428466796875,0.1199951171875,-0.07470703125
18.460,351,3147,922,3084,-3.0,30.0,22.0,1.03759765625,44.067378997802734,51.879878997802734,-0.5052490234375,0.2181396484375,-0.033935546875
18.475,418,3147,774,3147,-3.0,30.0,22.0,2.13623046875,34.36279296875,50.109859466552734,-0.3642578125,0.3807373046875,0.0289306640625
18.482,620,3147,1191,3147,-3.0,30.0,22.0,1.7700194120407104,4.638671875,30.578611373901367,-0.0162353515625,0.54736328125,0.1142578125
18.490,406,3147,2119,3147,-3.0,30.0,22.0,-10.803221702575684,-37.41455078125,-11.901854515075684,0.369873046875,0.8702392578125,0.084228515625
18.498,482,3147,2514,3147,-3.0,30.0,22.0,-10.803221702575684,-37.41455078125,-11.901854515075684,0.42822265625,1.0625,-0.156982421875
18.512,735,3147,2418,3147,-3.0,30.0,22.0,-179.13816833496094,-65.673828125,-58.166500091552734,0.193359375,0.1038818359375,-0.35595703125
18.520,484,3147,3102,3147,-3.0,30.0,22.0,-242.73680114746094,-43.457027435302734,-51.330562591552734,-0.2603759765625,-1.404296875,-0.646728515625
18.536,497,3147,3147,3147,-3.0,30.0,22.0,-242.73680114746094,-43.457027435302734,-51.330562591552734,-0.964111328125,-1.229248046875,-1.0235595703125
18.542,887,3147,3147,3147,-3.0,30.0,22.0,-135.1318359375,-26.428220748901367,-37.9638671875,-1.72314453125,0.776611328125,-1.2431640625
18.552,959,3147,3147,3147,1.0,30.0,19.0,-138.85498046875,-57.006832122802734,-14.831542015075684,-2.57470703125,2.3773193359375,-1.10009765625
18.560,883,3147,3147,3147,1.0,30.0,19.0,-138.85498046875,-57.006832122802734,-14.831542015075684,-3.4783935546875,2.443603515625,-0.8660888671875
18.584,1125,3147,3147,3147,1.0,30.0,19.0,-232.42185974121094,-63.476558685302734,19.10400390625,-3.1390380859375,0.3001708984375,0.0567626953125
18.584,1226,3147,2984,3147,1.0,30.0,19.0,-170.83738708496094,-65.0634765625,6.164550304412842,-1.531494140625,-1.4404296875,1.7532958984375
18.588,1078,3147,3147,3147,1.0,30.0,19.0,-170.83738708496094,-65.0634765625,6.164550304412842,-0.5513916015625,-0.540283203125,1.93505859375
18.617,888,3147,3147,3147,1.0,30.0,19.0,88.01268768310547,-17.27294921875,25.878904342651367,-0.73583984375,0.635498046875,0.565185546875
18.617,790,3147,3147,3147,1.0,30.0,19.0,139.7705078125,21.118162155151367,0.4882812201976776,-1.1939697265625,0.8934326171875,-0.523681640625
18.621,815,3147,3147,3147,1.0,30.0,19.0,139.7705078125,21.118162155151367,0.4882812201976776,-1.4046630859375,0.7681884765625,-0.8968505859375
18.641,829,3147,3147,3147,1.0,30.0,19.0,89.66063690185547,9.521484375,-36.80419921875,-1.5660400390625,0.783447265625,-0.9552001953125
18.642,808,3147,3147,3147,1.0,30.0,19.0,33.3251953125,-0.8544921278953552,-24.658201217651367,-1.62451171875,0.747802734375,-0.7415771484375
18.664,792,3147,3147,3147,-1.0,28.0,25.0,33.3251953125,-0.8544921278953552,-24.658201217651367,-1.4990234375,0.5509033203125,-0.2542724609375
18.664,682,3147,3147,3147,-1.0,28.0,25.0,-29.174802780151367,-1.2817381620407104,-12.451170921325684,-1.3187255859375,0.260498046875,0.18798828125
18.687,568,3147,3147,3147,-1.0,28.0,25.0,-25.634763717651367,13.671874046325684,-7.934569835662842,-1.207763671875,0.07470703125,0.346435546875
18.688,473,3147,3147,3147,-1.0,28.0,25.0,-25.634763717651367,13.671874046325684,-7.934569835662842,-1.1744384765625,0.135009765625,0.2952880859375
18.692,442,3147,2961,3147,-1.0,28.0,25.0,0.3662109076976776,50.659175872802734,13.977049827575684,-1.10302734375,0.319091796875,0.1883544921875
18.700,433,3147,2765,3147,-1.0,28.0,25.0,9.21630859375,61.645503997802734,21.423337936401367,-0.9603271484375,0.377685546875,0.105224609375
18.711,411,3147,2605,3147,-1.0,28.0,25.0,9.21630859375,61.645503997802734,21.423337936401367,-0.9603271484375,0.377685546875,0.105224609375
18.722,375,3147,2301,3147,-1.0,28.0,25.0,37.841796875,67.07763671875,8.4228515625,-0.7213134765625,0.20166015625,0.0501708984375
18.745,373,3147,2207,3147,-1.0,28.0,25.0,37.841796875,67.07763671875,8.4228515625,-0.669189453125,0.0726318359375,0.044921875
18.746,371,3147,2063,3147,-1.0,28.0,25.0,57.312007904052734,61.950679779052734,-3.601073980331421,-0.669189453125,0.0726318359375,0.044921875
18.752,361,3147,1830,3147,-2.0,31.0,19.0,95.52001190185547,44.799800872802734,-17.51708984375,-0.672607421875,0.0150146484375,-0.1424560546875
18.770,359,3147,1785,3106,-2.0,31.0,19.0,95.52001190185547,44.799800872802734,-17.51708984375,-0.5880126953125,0.0328369140625,-0.2093505859375
18.770,359,3147,1703,2748,-2.0,31.0,19.0,104.37010955810547,33.26416015625,-16.41845703125,-0.5880126953125,0.0328369140625,-0.2093505859375
18.782,338,3147,1464,2091,-2.0,31.0,19.0,93.62792205810547,6.652831554412842,-10.620116233825684,-0.567138671875,-0.029296875,-0.1055908203125
18.796,338,3147,1409,1908,-2.0,31.0,19.0,93.62792205810547,6.652831554412842,-10.620116233825684,-0.668212890625,-0.0030517578125,-0.225341796875
18.798,338,3147,1338,1627,-2.0,31.0,19.0,87.89061737060547,1.4038084745407104,-3.356933355331421,-0.668212890625,-0.0030517578125,-0.225341796875
18.812,334,3147,1191,1236,-2.0,31.0,19.0,94.72655487060547,12.023924827575684,12.939452171325684,-0.799560546875,0.228759765625,-0.54345703125
18.820,336,3147,1116,1012,-2.0,31.0,19.0,94.72655487060547,12.023924827575684,12.939452171325684,-0.832275390625,0.3970947265625,-0.4947509765625
18.845,328,3147,1050,787,-2.0,31.0,19.0,87.70751190185547,16.41845703125,16.90673828125,-0.832275390625,0.3970947265625,-0.4947509765625
18.845,327,3147,963,373,-5.0,32.0,21.0,58.471675872802734,13.610838890075684,11.535643577575684,-0.7662353515625,0.376708984375,-0.2601318359375
18.850,327,2880,932,348,-5.0,32.0,21.0,58.471675872802734,13.610838890075684,11.535643577575684,-0.734130859375,0.389404296875,-0.1837158203125
18.858,328,2527,949,346,-5.0,32.0,21.0,51.391597747802734,9.58251953125,4.7607421875,-0.734130859375,0.389404296875,-0.1837158203125
18.873,332,2320,890,334,-5.0,32.0,21.0,36.2548828125,9.521484375,-1.5869139432907104,-0.88525390625,0.2957763671875,-0.0218505859375
18.887,336,2190,820,342,-5.0,32.0,21.0,36.2548828125,9.521484375,-1.5869139432907104,-0.828125,0.2398681640625,-0.0516357421875
18.888,324,2127,815,338,-5.0,32.0,21.0,31.066892623901367,14.099120140075684,11.657713890075684,-0.828125,0.2398681640625,-0.0516357421875
18.910,344,2308,797,338,-5.0,32.0,21.0,40.283199310302734,16.11328125,31.066892623901367,-0.6448974609375,0.3616943359375,-0.2796630859375
18.910,317,2507,853,344,-5.0,32.0,21.0,40.283199310302734,16.11328125,31.066892623901367,-0.560546875,0.4100341796875,-0.3720703125
18.948,318,2721,844,345,-5.0,32.0,21.0,37.04833984375,5.981444835662842,19.10400390625,-0.560546875,0.4100341796875,-0.3720703125
18.982,375,3126,785,342,-5.0,32.0,21.0,15.319823265075684,-6.286620616912842,-5.371093273162842,-0.8310546875,0.11572265625,-0.24853515625
18.982,322,3147,813,411,-5.0,33.0,22.0,-8.6669921875,-7.324218273162842,-16.41845703125,-0.8310546875,0.11572265625,-0.24853515625
18.982,311,3147,802,632,-5.0,33.0,22.0,-17.76123046875,0.30517578125,-5.493163585662842,-0.8399658203125,0.1168212890625,-0.21044921875
18.982,315,3147,700,1000,-5.0,33.0,22.0,-17.7001953125,8.97216796875,12.512206077575684,-0.6649169921875,0.21484375,-0.21044921875
18.982,310,3147,689,1268,-5.0,33.0,22.0,-19.53125,14.038084983825684,25.634763717651367,-0.6649169921875,0.21484375,-0.21044921875
18.987,313,3147,680,1599,-5.0,33.0,22.0,-23.620603561401367,17.39501953125,33.935546875,-0.6326904296875,0.202880859375,-0.19921875
18.993,315,3147,643,2337,-5.0,33.0,22.0,-24.169919967651367,21.179197311401367,42.602535247802734,-0.5150146484375,0.2037353515625,-0.0369873046875
19.000,317,3147,632,2722,-5.0,33.0,22.0,-18.1884765625,25.329587936401367,52.612300872802734,-0.5150146484375,0.2037353515625,-0.0369873046875
19.009,343,3147,748,3065,-5.0,33.0,22.0,-7.202147960662842,27.954099655151367,59.997554779052734,-0.44189453125,0.26416015625,0.0198974609375
19.022,939,3147,334,2993,-5.0,33.0,22.0,7.507323741912842,17.88330078125,57.678218841552734,0.0936279296875,0.6317138671875,0.1265869140625
19.030,521,3147,1173,3147,-5.0,33.0,22.0,20.202634811401367,-22.705076217651367,27.587888717651367,0.0936279296875,0.6317138671875,0.1265869140625
19.052,636,3147,1447,3147,-4.0,30.0,20.0,1.8310545682907104,-69.03076171875,-27.465818405151367,0.3333740234375,1.0128173828125,-0.038818359375
19.053,636,3147,2691,3147,-4.0,30.0,20.0,-101.68456268310547,-86.48680877685547,-58.776851654052734,0.0738525390625,-0.1756591796875,-0.2222900390625
19.060,490,3147,2927,3147,-4.0,30.0,20.0,-247.00926208496094,-85.51024627685547,-47.058101654052734,0.0738525390625,-0.1756591796875,-0.2222900390625
19.068,497,3147,3048,3147,-4.0,30.0,20.0,-272.88818359375,-62.866207122802734,-40.222164154052734,-0.502685546875,-1.609375,-0.5919189453125
19.096,640,3147,3147,3147,-4.0,30.0,20.0,-166.50389099121094,-33.02001953125,-44.738765716552734,-1.8538818359375,0.6068115234375,-0.862060546875
19.096,957,3147,3147,3147,-4.0,30.0,20.0,-81.05467987060547,-35.58349609375,-24.841306686401367,-1.8538818359375,0.6068115234375,-0.862060546875
19.098,1050,3147,3147,3147,-4.0,30.0,20.0,-87.82958221435547,-57.128902435302734,6.042479991912842,-2.365478515625,1.8133544921875,-0.657958984375
19.112,1173,3147,3147,3147,-4.0,30.0,20.0,-133.30078125,-65.91796875,27.832029342651367,-3.2403564453125,0.896484375,-0.200927734375
19.120,1260,3147,3147,3147,-4.0,30.0,20.0,-160.58349609375,-51.513668060302734,40.466304779052734,-3.2403564453125,0.896484375,-0.200927734375
19.133,1236,3147,3147,3147,-4.0,30.0,20.0,-107.91014862060547,-50.903316497802734,18.9208984375,-1.8955078125,-1.2052001953125,1.1385498046875
19.152,1064,3147,3147,3147,0.0,30.0,22.0,10.986327171325684,-52.062984466552734,-4.39453125,-0.66943359375,0.4898681640625,0.4671630859375
19.152,964,3147,3147,3147,0.0,30.0,22.0,87.76854705810547,-7.080077648162842,5.859374523162842,-0.66943359375,0.4898681640625,0.4671630859375
19.158,918,3147,3147,3147,0.0,30.0,22.0,95.82518768310547,41.137691497802734,8.544921875,-1.162109375,0.889892578125,-0.6221923828125
19.174,858,3147,3147,3147,0.0,30.0,22.0,70.86181640625,44.982906341552734,-5.065917491912842,-1.5567626953125,0.8197021484375,-1.0325927734375
19.194,813,3147,3147,3147,0.0,30.0,22.0,36.376953125,18.1884765625,-12.329100608825684,-1.81494140625,0.8402099609375,-1.07763671875
19.195,772,3147,3147,3147,0.0,30.0,22.0,4.21142578125,-12.145995140075684,-9.70458984375,-1.9163818359375,0.8460693359375,-0.895263671875
19.202,673,3147,3147,3147,0.0,30.0,22.0,-16.9677734375,-35.82763671875,-9.27734375,-1.7747802734375,0.667236328125,-0.45458984375
19.210,567,3147,3147,3147,0.0,30.0,22.0,-26.123044967651367,-45.837398529052734,-12.023924827575684,-1.5479736328125,0.4515380859375,0.0062255859375
19.218,642,3147,3035,3147,0.0,30.0,22.0,-22.094724655151367,-40.893550872802734,-13.488768577575684,-1.391357421875,0.360107421875,0.2431640625
19.232,1243,3147,2105,3147,0.0,31.0,21.0,-5.798339366912842,-25.878904342651367,-11.901854515075684,-1.273193359375,0.4722900390625,0.22021484375
19.256,1056,3147,2068,3147,0.0,31.0,21.0,11.413573265075684,-8.11767578125,-7.263183116912842,-1.0850830078125,0.547607421875,0.1612548828125
19.257,849,3147,2176,3147,0.0,31.0,21.0,24.902341842651367,7.812499523162842,-5.859374523162842,-0.872802734375,0.3272705078125,0.1922607421875
19.262,739,3147,1907,3147,0.0,31.0,21.0,40.527339935302734,22.338865280151367,-10.681151390075684,-0.7110595703125,0.0010986328125,0.228515625
19.273,411,3147,1800,2569,0.0,31.0,21.0,60.241695404052734,33.99658203125,-17.333984375,-0.5804443359375,-0.2802734375,0.229736328125
19.278,418,3147,1669,1981,0.0,31.0,21.0,83.55712127685547,42.358394622802734,-22.888181686401367,-0.4681396484375,-0.437744140625,0.1744384765625
19.299,376,3147,1560,978,0.0,31.0,21.0,101.86766815185547,46.447750091552734,-23.010251998901367,-0.3778076171875,-0.3607177734375,0.177978515625
19.300,348,3147,1323,347,0.0,31.0,21.0,104.55321502685547,41.015621185302734,-15.502928733825684,-0.303955078125,-0.2249755859375,0.372802734375
19.308,348,2541,1076,344,0.0,31.0,21.0,104.91942596435547,33.0810546875,-9.94873046875,-0.304931640625,-0.2457275390625,0.428955078125
19.322,359,1348,842,324,0.0,31.0,21.0,123.16893768310547,36.1328125,-11.596678733825684,-0.42529296875,-0.238037109375,0.0791015625
19.330,376,971,682,330,-5.0,32.0,23.0,150.634765625,43.884273529052734,-11.169432640075684,-0.5350341796875,0.037353515625,-0.349609375
19.338,330,867,500,324,-5.0,32.0,23.0,159.11865234375,43.395992279052734,-4.08935546875,-0.502197265625,0.466796875,-0.54736328125
19.358,326,695,439,321,-5.0,32.0,23.0,136.71875,38.330078125,3.906249761581421,-0.4820556640625,0.7501220703125,-0.571044921875
19.360,314,617,414,318,-5.0,32.0,23.0,97.41210174560547,36.4990234375,4.82177734375,-0.61279296875,0.691162109375,-0.5333251953125
19.368,321,567,464,321,-5.0,32.0,23.0,61.767574310302734,37.29248046875,0.4272460639476776,-0.752685546875,0.3974609375,-0.4622802734375
19.385,328,607,481,318,-5.0,32.0,23.0,40.0390625,37.9638671875,0.4272460639476776,-0.8055419921875,0.1702880859375,-0.362548828125
19.405,330,661,360,316,-5.0,32.0,23.0,30.273435592651367,36.31591796875,6.164550304412842,-0.8043212890625,0.1224365234375,-0.236328125
19.405,400,601,359,313,-5.0,32.0,23.0,28.015134811401367,31.433103561401367,12.451170921325684,-0.794189453125,0.154541015625,-0.1217041015625
19.411,315,780,555,323,-5.0,32.0,23.0,33.38623046875,26.245115280151367,16.2353515625,-0.792236328125,0.197021484375,-0.080810546875
19.419,400,913,486,318,-5.0,32.0,23.0,46.874996185302734,23.376462936401367,18.6767578125,-0.7994384765625,0.28076171875,-0.13818359375
19.428,586,1039,310,306,-6.0,31.0,20.0,61.279293060302734,22.888181686401367,23.071287155151367,-0.8050537109375,0.4207763671875,-0.2459716796875
19.458,390,1437,442,314,-6.0,31.0,20.0,67.2607421875,23.010251998901367,28.991697311401367,-0.7860107421875,0.5667724609375,-0.3406982421875
19.462,401,1608,497,323,-6.0,31.0,20.0,59.936519622802734,21.606443405151367,31.372068405151367,-0.7379150390625,0.638916015625,-0.3824462890625
19.462,559,2156,378,313,-6.0,31.0,20.0,41.564937591552734,17.76123046875,26.428220748901367,-0.6837158203125,0.6083984375,-0.3734130859375
19.472,400,2702,546,328,-6.0,31.0,20.0,19.287109375,13.549803733825684,17.333984375,-0.65087890625,0.5440673828125,-0.360595703125
19.481,426,2963,495,321,-6.0,31.0,20.0,0.0610351525247097,10.803221702575684,9.70458984375,-0.640869140625,0.4927978515625,-0.37060546875
19.495,437,3147,495,416,-6.0,31.0,20.0,-14.587401390075684,8.60595703125,5.310058116912842,-0.6307373046875,0.3963623046875,-0.3671875
19.502,313,3147,642,912,-6.0,31.0,20.0,-28.137205123901367,5.920409679412842,4.69970703125,-0.6346435546875,0.2232666015625,-0.3193359375
19.511,313,3147,733,1306,-6.0,31.0,20.0,-40.161128997802734,4.21142578125,9.8876953125,-0.671630859375,0.0654296875,-0.252685546875
19.519,310,3147,763,1664,-6.0,31.0,20.0,-45.471187591552734,4.2724609375,20.507810592651367,-0.6939697265625,0.0072021484375,-0.207275390625
19.531,658,3147,859,2202,-8.0,30.0,17.0,-43.273921966552734,5.432128429412842,32.470703125,-0.663818359375,0.0316162109375,-0.2037353515625
19.540,348,3147,800,2580,-8.0,30.0,17.0,-37.9638671875,5.615233898162842,38.9404296875,-0.5836181640625,0.0938720703125,-0.2103271484375
19.562,401,3147,841,2424,-8.0,30.0,17.0,-36.19384765625,-1.5258787870407104,31.616209030151367,-0.4056396484375,0.236572265625,-0.1776123046875
19.564,338,3147,1861,3147,-8.0,30.0,17.0,-52.978511810302734,-21.789548873901367,4.150390625,-0.0513916015625,0.470458984375,-0.1187744140625
19.570,378,3147,1160,3147,-8.0,30.0,17.0,-111.38915252685547,-44.616695404052734,-32.2265625,0.1859130859375,0.717529296875,-0.1396484375
19.584,658,3147,2233,3147,-8.0,30.0,17.0,-211.85301208496094,-55.541988372802734,-44.616695404052734,0.1611328125,0.45654296875,-0.0408935546875
19.592,433,3147,2993,3147,-8.0,30.0,17.0,-280.029296875,-57.495113372802734,-31.249998092651367,0.025146484375,-0.683837890625,0.268310546875
19.601,644,3147,2848,3147,-8.0,30.0,17.0,-229.06492614746094,-46.325679779052734,-27.526853561401367,-0.4163818359375,-1.3519287109375,0.400634765625
19.608,1813,3147,2341,3147,-8.0,30.0,17.0,-106.44530487060547,-31.738279342651367,-33.50830078125,-1.0634765625,-0.51171875,0.20263671875
19.622,543,3147,3147,3147,-1.0,33.0,19.0,-29.907224655151367,-32.470703125,-25.512693405151367,-1.592041015625,0.8922119140625,-0.3182373046875
19.630,753,3147,3147,3147,-1.0,33.0,19.0,-24.414060592651367,-35.15625,-7.202147960662842,-2.328857421875,1.8226318359375,-0.9310302734375
19.638,3147,3147,1239,3147,-1.0,33.0,19.0,-24.414060592651367,-35.15625,-7.202147960662842,-3.373046875,2.049072265625,-1.358154296875
19.663,840,3147,3147,3147,-1.0,33.0,19.0,-79.65087890625,-10.803221702575684,41.564937591552734,-3.1240234375,0.28271484375,-0.512451171875
19.664,706,3147,3147,3147,-1.0,33.0,19.0,-23.071287155151367,-22.827146530151367,15.319823265075684,-1.5703125,-1.1689453125,1.111572265625
19.668,3147,3147,1735,3147,-1.0,33.0,19.0,-23.071287155151367,-22.827146530151367,15.319823265075684,-0.6484375,-0.075439453125,1.0595703125
19.682,848,3147,2810,3147,-1.0,33.0,19.0,108.94774627685547,27.893064498901367,6.835937023162842,-0.7581787109375,0.9412841796875,-0.3365478515625
19.690,998,3147,2760,3147,-1.0,33.0,19.0,89.66063690185547,52.978511810302734,-4.94384765625,-1.173583984375,0.9442138671875,-1.22607421875
19.704,684,3147,3015,3147,-1.0,33.0,19.0,89.66063690185547,52.978511810302734,-4.94384765625,-1.49169921875,0.755126953125,-1.3016357421875
19.712,495,3147,3147,3147,-1.0,33.0,19.0,5.371093273162842,3.479003667831421,-23.925779342651367,-1.82470703125,0.8505859375,-1.181640625
19.724,442,3147,3147,3147,-2.0,32.0,20.0,-24.963376998901367,-22.033689498901367,-19.95849609375,-2.013671875,0.83642578125,-0.9478759765625
19.728,430,3147,3147,3147,-2.0,32.0,20.0,-24.963376998901367,-22.033689498901367,-19.95849609375,-1.919189453125,0.5316162109375,-0.47900390625
19.742,419,3147,3147,3147,-2.0,32.0,20.0,-52.429195404052734,-40.527339935302734,-18.5546875,-1.7119140625,0.2967529296875,-0.0477294921875
19.766,418,3147,2973,3147,-2.0,32.0,20.0,-48.217769622802734,-28.747556686401367,-12.329100608825684,-1.5458984375,0.374755859375,0.0908203125
19.767,406,3147,2820,3147,-2.0,32.0,20.0,-48.217769622802734,-28.747556686401367,-12.329100608825684,-1.3310546875,0.5894775390625,0.0166015625
19.772,402,3147,2503,3147,-2.0,32.0,20.0,-31.433103561401367,11.840819358825684,2.197265625,-0.992431640625,0.5546875,0.0540771484375
19.780,388,3147,2306,2407,-2.0,32.0,20.0,-25.878904342651367,29.479978561401367,2.01416015625,-0.68505859375,0.2198486328125,0.2222900390625
19.789,418,3147,1922,1703,-2.0,32.0,20.0,-25.878904342651367,29.479978561401367,2.01416015625,-0.4600830078125,-0.2076416015625,0.328369140625
19.812,371,3147,1636,416,-2.0,32.0,20.0,15.441893577575684,63.842769622802734,-10.009765625,-0.308349609375,-0.47802734375,0.2689208984375
19.813,364,2692,1523,352,-2.0,32.0,20.0,43.395992279052734,76.171875,-11.291502952575684,-0.240234375,-0.388916015625,0.1907958984375
19.819,356,2115,1387,342,0.0,31.0,20.0,43.395992279052734,76.171875,-11.291502952575684,-0.175048828125,-0.189453125,0.3187255859375
19.832,342,1185,1041,328,0.0,31.0,20.0,47.851558685302734,69.9462890625,1.8310545682907104,-0.19580078125,-0.091064453125,0.3299560546875
19.841,325,705,808,324,0.0,31.0,20.0,56.274410247802734,66.650390625,0.1831054538488388,-0.357177734375,0.007568359375,0.02685546875
19.848,343,605,772,323,0.0,31.0,20.0,56.274410247802734,66.650390625,0.1831054538488388,-0.357177734375,0.007568359375,0.02685546875
19.869,346,490,588,323,0.0,31.0,20.0,82.94676971435547,41.198726654052734,-3.723144292831421,-0.4112548828125,0.1781005859375,-0.39306640625
19.870,318,411,620,299,0.0,31.0,20.0,82.94676971435547,41.198726654052734,-3.723144292831421,-0.3702392578125,0.3111572265625,-0.3577880859375
19.878,322,439,679,318,0.0,31.0,20.0,90.08788299560547,20.324705123901367,4.5166015625,-0.3702392578125,0.3111572265625,-0.3577880859375
19.891,321,433,749,317,0.0,31.0,20.0,113.52538299560547,6.774901866912842,6.469726085662842,-0.6458740234375,0.586181640625,-0.4130859375
19.900,324,457,806,323,0.0,31.0,20.0,113.52538299560547,6.774901866912842,6.469726085662842,-0.752685546875,0.5997314453125,-0.404296875
19.909,324,437,864,321,0.0,31.0,20.0,105.28563690185547,1.15966796875,-10.192870140075684,-0.752685546875,0.5997314453125,-0.404296875
19.922,327,473,939,321,-4.0,32.0,15.0,34.3017578125,-12.451170921325684,-24.963376998901367,-0.882080078125,0.5318603515625,-0.24560546875
19.936,328,561,973,316,-4.0,32.0,15.0,34.3017578125,-12.451170921325684,-24.963376998901367,-0.873291015625,0.42236328125,-0.2135009765625
19.938,328,512,980,318,-4.0,32.0,15.0,5.126952648162842,-13.977049827575684,-21.484373092651367,-0.873291015625,0.42236328125,-0.2135009765625
19.952,331,728,1024,324,-4.0,32.0,15.0,-7.995604991912842,-12.817381858825684,-10.375975608825684,-0.76025390625,0.28466796875,-0.2227783203125
19.972,330,767,1039,321,-4.0,32.0,15.0,-7.995604991912842,-12.817381858825684,-10.375975608825684,-0.731689453125,0.2174072265625,-0.2518310546875
19.972,332,1079,1064,328,-4.0,32.0,15.0,-5.249022960662842,-12.268065452575684,-6.347655773162842,-0.731689453125,0.2174072265625,-0.2518310546875
19.982,334,1877,1085,336,-4.0,32.0,15.0,-4.39453125,-6.103515148162842,4.39453125,-0.7325439453125,0.0928955078125,-0.2818603515625
19.990,334,2179,1078,344,-4.0,32.0,15.0,-4.39453125,-6.103515148162842,4.39453125,-0.7291259765625,0.0885009765625,-0.2962646484375
19.998,334,2772,1125,334,-4.0,32.0,15.0,-4.39453125,-0.9765624403953552,12.145995140075684,-0.7291259765625,0.0885009765625,-0.2962646484375
20.012,336,3147,1085,571,-4.0,32.0,15.0,-6.347655773162842,6.652831554412842,26.367185592651367,-0.7781982421875,0.227783203125,-0.3367919921875
20.020,336,3147,1081,922,-5.0,33.0,14.0,-6.347655773162842,6.652831554412842,26.367185592651367,-0.8387451171875,0.3028564453125,-0.343994140625
20.035,403,3147,1066,1134,-5.0,33.0,14.0,-12.573241233825684,9.33837890625,33.3251953125,-0.8387451171875,0.3028564453125,-0.343994140625
20.049,411,3147,1050,1629,-5.0,33.0,14.0,-32.16552734375,15.258788108825684,46.691890716552734,-0.90673828125,0.2802734375,-0.297607421875
20.050,466,3147,1067,2030,-5.0,33.0,14.0,-32.16552734375,15.258788108825684,46.691890716552734,-0.810302734375,0.1483154296875,-0.2305908203125
20.076,774,3147,1278,2507,-5.0,33.0,14.0,-40.954586029052734,14.709471702575684,50.048824310302734,-0.810302734375,0.1483154296875,-0.2305908203125
20.076,1386,3147,332,378,-5.0,33.0,14.0,-47.790523529052734,3.662109136581421,46.997066497802734,-0.245361328125,-0.0396728515625,0.1400146484375
20.082,1934,3147,330,587,-5.0,33.0,14.0,-55.969234466552734,-22.033689498901367,33.75244140625,-0.245361328125,-0.0396728515625,0.1400146484375
20.088,788,3147,2007,3147,-5.0,33.0,14.0,-76.171875,-54.077144622802734,11.413573265075684,0.1639404296875,0.274658203125,0.1708984375
20.111,1904,3147,1343,579,-5.0,33.0,14.0,-126.83104705810547,-69.27490234375,-5.676269054412842,0.38427734375,0.779541015625,0.099853515625
20.111,431,3147,2990,3147,-5.0,33.0,14.0,-194.82420349121094,-63.476558685302734,-5.249022960662842,0.38427734375,0.779541015625,0.099853515625
20.118,980,3147,2591,3147,0.0,32.0,19.0,-213.62303161621094,-47.180171966552734,-8.7890625,0.0589599609375,-0.0052490234375,0.0828857421875
20.132,700,3147,3147,3147,0.0,32.0,19.0,-159.72900390625,-25.695798873901367,-32.2265625,-1.3917236328125,-0.680908203125,-0.38134765625
20.140,808,3147,3147,3147,0.0,32.0,19.0,-95.76415252685547,-18.61572265625,-47.546382904052734,-1.3917236328125,-0.680908203125,-0.38134765625
20.213,816,3147,3147,3147,0.0,32.0,19.0,-76.11083984375,-30.822751998901367,-33.14208984375,-1.7568359375,0.50732421875,-0.515869140625
20.214,1012,3147,3147,3147,0.0,32.0,19.0,-97.77831268310547,-39.36767578125,-3.479003667831421,-2.8978271484375,1.834716796875,-0.8280029296875
20.214,1045,3147,3147,3147,0.0,32.0,19.0,-121.70409393310547,-37.9638671875,18.24951171875,-2.8978271484375,1.834716796875,-0.8280029296875
20.214,1067,3147,3147,3147,0.0,32.0,19.0,-120.72753143310547,-37.78076171875,26.489255905151367,-3.314697265625,1.21923828125,-0.4205322265625
20.214,2507,3147,2864,3147,0.0,32.0,19.0,-71.83837890625,-44.189449310302734,10.375975608825684,-1.140625,-0.564453125,0.853271484375
20.214,1362,3147,1091,1739,0.0,32.0,19.0,31.494138717651367,-51.147457122802734,-22.155759811401367,-1.140625,-0.564453125,0.853271484375
20.214,1271,3147,2916,3147,0.0,29.0,18.0,112.85399627685547,-37.29248046875,-35.21728515625,-0.6624755859375,0.392578125,0.240478515625
20.224,1010,3147,3147,3147,0.0,29.0,18.0,120.23925018310547,-7.080077648162842,-32.71484375,-1.7672119140625,0.9324951171875,-1.07421875
20.230,1104,3147,3102,3147,0.0,29.0,18.0,79.28466796875,8.7890625,-28.808591842651367,-1.7672119140625,0.9324951171875,-1.07421875
20.238,1085,3147,3114,3147,0.0,29.0,18.0,20.263669967651367,4.2724609375,-17.7001953125,-2.115234375,0.8184814453125,-0.9847412109375
20.264,867,3147,3147,3147,0.0,29.0,18.0,-28.808591842651367,-8.60595703125,-3.601073980331421,-1.65576171875,0.511474609375,-0.14404296875
20.264,782,3147,3147,3147,0.0,29.0,18.0,-49.377437591552734,-19.53125,1.220703125,-1.65576171875,0.511474609375,-0.14404296875
20.278,605,3147,3147,3147,0.0,29.0,18.0,-42.358394622802734,-22.949216842651367,-4.150390625,-1.372802734375,0.2545166015625,0.183349609375
20.281,927,3147,2560,3147,0.0,29.0,18.0,-21.911619186401367,-15.197752952575684,-5.493163585662842,-0.8878173828125,0.29541015625,0.259033203125
20.290,630,3147,2748,3147,0.0,29.0,18.0,-3.051757574081421,1.4648436307907104,5.676269054412842,-0.8878173828125,0.29541015625,0.259033203125
20.300,750,3147,2320,3147,0.0,29.0,18.0,13.916014671325684,19.4091796875,16.54052734375,-0.6754150390625,0.2767333984375,0.265380859375
20.318,966,3147,1503,2627,1.0,29.0,24.0,36.1328125,33.63037109375,14.709471702575684,-0.5738525390625,0.114990234375,0.276611328125
20.320,654,3147,1788,2981,1.0,29.0,24.0,61.340328216552734,40.832515716552734,3.479003667831421,-0.5242919921875,-0.109375,0.28662109375
20.328,580,3147,1669,2627,1.0,29.0,24.0,87.64647674560547,42.541500091552734,-10.009765625,-0.52587890625,-0.217529296875,0.1689453125
20.342,404,3147,1722,2111,1.0,29.0,24.0,109.00878143310547,40.832515716552734,-17.88330078125,-0.5560302734375,-0.0621337890625,-0.0504150390625
20.350,1076,3147,963,1616,1.0,29.0,24.0,114.86815643310547,27.404783248901367,-18.310546875,-0.501220703125,0.1572265625,-0.0682373046875
20.363,404,3147,1428,1483,1.0,29.0,24.0,110.10741424560547,3.723144292831421,-19.71435546875,-0.3994140625,0.17333984375,0.0595703125
20.381,376,3147,1308,1003,1.0,29.0,24.0,106.44530487060547,-12.390135765075684,-25.756834030151367,-0.383056640625,0.041015625,0.0447998046875
20.381,362,3147,1201,879,1.0,29.0,24.0,106.26219940185547,-13.488768577575684,-27.038572311401367,-0.437744140625,-0.030029296875,-0.1259765625
20.388,363,3147,1103,678,1.0,29.0,24.0,108.58153533935547,-4.5166015625,-16.54052734375,-0.508056640625,0.0487060546875,-0.2928466796875
20.403,347,3147,973,576,1.0,29.0,24.0,111.57225799560547,7.568358898162842,-0.3662109076976776,-0.60791015625,0.2530517578125,-0.3720703125
20.417,509,3147,694,591,-2.0,31.0,24.0,109.13085174560547,16.357421875,13.305663108825684,-0.7113037109375,0.454345703125,-0.39013671875
20.418,572,3147,702,497,-2.0,31.0,24.0,95.21483612060547,19.04296875,20.141599655151367,-0.7840576171875,0.5318603515625,-0.3641357421875
20.431,531,3147,801,470,-2.0,31.0,24.0,71.59423828125,18.61572265625,22.888181686401367,-0.823974609375,0.4915771484375,-0.29931640625
20.440,376,3147,653,521,-2.0,31.0,24.0,47.058101654052734,18.12744140625,26.245115280151367,-0.8179931640625,0.384765625,-0.1885986328125
20.448,352,3147,959,644,-2.0,31.0,24.0,30.151365280151367,18.73779296875,29.663084030151367,-0.7945556640625,0.2647705078125,-0.0655517578125
20.487,356,3147,932,894,-2.0,31.0,24.0,33.63037109375,26.550291061401367,34.97314453125,-0.729248046875,0.3955078125,-0.1717529296875
20.487,377,3147,891,975,-2.0,31.0,24.0,40.527339935302734,19.8974609375,23.620603561401367,-0.610107421875,0.5914306640625,-0.3741455078125
20.492,374,3147,827,1117,-2.0,31.0,24.0,23.925779342651367,7.751464366912842,-6.652831554412842,-0.7349853515625,0.5377197265625,-0.4197998046875
20.500,390,3147,800,1185,-2.0,31.0,24.0,-7.385253429412842,7.019042491912842,-25.695798873901367,-0.9449462890625,0.3118896484375,-0.3250732421875
20.508,401,3147,774,1224,-5.0,31.0,17.0,-25.512693405151367,13.793944358825684,-18.06640625,-0.9375,0.1632080078125,-0.2613525390625
20.523,445,3147,739,1428,-5.0,31.0,17.0,-27.343748092651367,21.484373092651367,-1.7089842557907104,-0.8626708984375,0.1676025390625,-0.2518310546875
20.530,387,3147,739,1622,-5.0,31.0,17.0,-25.024412155151367,27.465818405151367,11.230467796325684,-0.8397216796875,0.1875,-0.246826171875
20.538,354,3147,682,1796,-5.0,31.0,17.0,-25.146482467651367,31.066892623901367,21.484373092651367,-0.83154296875,0.137939453125,-0.21240234375
20.552,354,3147,631,2102,-5.0,31.0,17.0,-25.207517623901367,32.5927734375,32.3486328125,-0.76611328125,0.072509765625,-0.165771484375
20.560,359,3147,586,2356,-5.0,31.0,17.0,-23.681638717651367,31.982419967651367,42.724605560302734,-0.6484375,0.0704345703125,-0.1297607421875
20.568,600,3147,313,601,-5.0,31.0,17.0,-21.667478561401367,29.785154342651367,50.476070404052734,-0.523193359375,0.152099609375,-0.1143798828125
20.589,383,3147,561,669,-5.0,31.0,17.0,-18.9208984375,26.794431686401367,54.382320404052734,-0.4444580078125,0.302734375,-0.1270751953125
20.590,313,3147,808,3147,-5.0,31.0,17.0,-15.197752952575684,18.85986328125,54.931636810302734,-0.3348388671875,0.4903564453125,-0.135009765625
20.598,318,3147,858,3147,-5.0,31.0,17.0,-10.803221702575684,-10.803221702575684,41.625972747802734,-0.009033203125,0.7210693359375,-0.0789794921875
20.612,600,3147,2018,3147,-5.0,31.0,20.0,-25.512693405151367,-54.016109466552734,0.1220703050494194,0.3504638671875,1.060791015625,-0.202880859375
20.625,2384,3147,1122,3147,-5.0,31.0,20.0,-117.49266815185547,-74.15771484375,-48.706050872802734,0.301513671875,1.136962890625,-0.3792724609375
20.628,1271,3147,2448,3147,-5.0,31.0,20.0,-267.88330078125,-69.580078125,-74.52392578125,-0.0321044921875,-0.00390625,-0.2152099609375
20.642,651,3147,2859,3147,-5.0,31.0,20.0,-323.3642272949219,-47.302242279052734,-87.95165252685547,-0.431884765625,-1.7879638671875,-0.1063232421875
20.655,1843,3147,347,2407,-5.0,31.0,20.0,-237.73191833496094,-20.507810592651367,-82.82469940185547,-0.86962890625,-1.9893798828125,-0.14501953125
20.661,2477,3147,1163,3147,-5.0,31.0,20.0,-132.01904296875,-16.9677734375,-38.51318359375,-1.272705078125,-0.09423828125,-0.249267578125
20.695,1043,3147,2880,3147,-5.0,31.0,20.0,-102.96630096435547,-31.738279342651367,14.770506858825684,-1.72802734375,1.8446044921875,-0.5042724609375
20.697,647,3147,2085,3147,-5.0,31.0,20.0,-128.662109375,-39.55078125,36.1328125,-2.63623046875,2.861083984375,-0.7969970703125
20.697,1588,3147,628,2068,-5.0,31.0,20.0,-163.75730895996094,-24.414060592651367,38.2080078125,-3.2974853515625,1.898193359375,-0.5989990234375
20.702,1112,3147,2507,3147,0.0,31.0,26.0,-152.099609375,-5.676269054412842,12.512206077575684,-2.3521728515625,-0.575927734375,0.7427978515625
20.710,1816,3147,1843,3147,0.0,31.0,26.0,-49.133296966552734,2.990722417831421,-24.047849655151367,-1.011962890625,-1.199462890625,1.5736083984375
20.725,844,3147,3055,3147,0.0,31.0,26.0,59.143062591552734,30.883787155151367,-20.263669967651367,-0.736572265625,-0.0797119140625,0.55517578125
20.732,1057,3147,2593,3147,0.0,31.0,26.0,103.14940643310547,62.133785247802734,-5.981444835662842,-1.0882568359375,0.7694091796875,-0.833984375
20.740,625,3147,3104,3147,0.0,31.0,26.0,92.71239471435547,54.626461029052734,-11.962889671325684,-1.4151611328125,0.964111328125,-1.3397216796875
20.748,2943,3147,1433,3147,0.0,31.0,26.0,49.194332122802734,20.385740280151367,-24.047849655151367,-1.5992431640625,0.9566650390625,-1.1627197265625
20.762,669,3147,3079,3147,0.0,31.0,26.0,2.01416015625,-11.474608421325684,-28.625486373901367,-1.7427978515625,0.8946533203125,-0.8157958984375
20.770,513,3147,3147,3147,0.0,31.0,26.0,-26.916501998901367,-30.334470748901367,-29.724119186401367,-1.7618408203125,0.69775390625,-0.3887939453125
20.794,3064,3147,855,2133,0.0,31.0,26.0,-26.916501998901367,-30.334470748901367,-29.724119186401367,-1.6510009765625,0.469482421875,0.0264892578125
20.794,2918,3147,361,748,0.0,31.0,26.0,-26.977537155151367,-29.418943405151367,-29.418943405151367,-1.491455078125,0.2977294921875,0.2452392578125
20.800,1093,3147,2176,3147,4.0,30.0,17.0,-4.69970703125,-16.6015625,-27.709959030151367,-1.3551025390625,0.23779296875,0.2349853515625
20.808,738,3147,2319,3147,4.0,30.0,17.0,-4.69970703125,-16.6015625,-27.709959030151367,-1.2135009765625,0.3590087890625,0.127197265625
20.822,493,3147,2220,3147,4.0,30.0,17.0,48.583980560302734,9.70458984375,-11.108397483825684,-0.998779296875,0.451416015625,0.0980224609375
20.836,2037,3147,316,2576,4.0,30.0,17.0,66.10107421875,19.22607421875,-6.835937023162842,-0.7532958984375,0.2930908203125,0.1707763671875
20.838,1065,3147,1022,3147,4.0,30.0,17.0,66.10107421875,19.22607421875,-6.835937023162842,-0.552978515625,-0.0076904296875,0.2530517578125
20.851,1271,3147,458,1382,4.0,30.0,17.0,103.63768768310547,32.77587890625,-19.6533203125,-0.4317626953125,-0.3123779296875,0.2664794921875
20.860,793,3147,913,2375,4.0,30.0,17.0,122.80272674560547,38.51318359375,-21.118162155151367,-0.40869140625,-0.3807373046875,0.123291015625
20.868,1182,3147,359,614,4.0,30.0,17.0,122.80272674560547,38.51318359375,-21.118162155151367,-0.3897705078125,-0.1839599609375,0.025390625
20.897,455,3147,835,1641,4.0,30.0,17.0,132.14111328125,29.052732467651367,-5.737304210662842,-0.342041015625,-0.0430908203125,0.0989990234375
20.897,561,3147,648,1225,4.0,30.0,17.0,122.49755096435547,15.075682640075684,-4.638671875,-0.365234375,-0.0523681640625,0.05029296875
20.898,508,3147,657,858,-1.0,32.0,17.0,122.49755096435547,15.075682640075684,-4.638671875,-0.45849609375,-0.055419921875,-0.2054443359375
20.911,346,3147,827,561,-1.0,32.0,17.0,114.62401580810547,11.535643577575684,-0.0610351525247097,-0.5557861328125,0.02392578125,-0.43310546875
20.935,486,3147,642,371,-1.0,32.0,17.0,109.13085174560547,18.85986328125,11.047362327575684,-0.619873046875,0.216796875,-0.51025390625
20.937,540,3073,603,330,-1.0,32.0,17.0,109.13085174560547,18.85986328125,11.047362327575684,-0.6851806640625,0.47900390625,-0.5008544921875
20.942,494,2844,567,321,-1.0,32.0,17.0,79.9560546875,17.9443359375,22.583005905151367,-0.784912109375,0.61474609375,-0.488525390625
20.950,688,2527,632,334,-1.0,32.0,17.0,58.776851654052734,14.099120140075684,17.822265625,-0.9322509765625,0.560791015625,-0.4556884765625
20.958,766,2348,652,313,-1.0,32.0,17.0,58.776851654052734,14.099120140075684,17.822265625,-1.0130615234375,0.417236328125,-0.330810546875
20.972,348,2178,849,334,-1.0,32.0,17.0,28.686521530151367,17.51708984375,32.5927734375,-0.87548828125,0.2969970703125,-0.1466064453125
21.002,346,2167,788,332,-1.0,32.0,17.0,32.958984375,14.221190452575684,40.832515716552734,-0.6904296875,0.2685546875,-0.033935546875
21.002,334,2290,842,336,-1.0,32.0,17.0,32.958984375,14.221190452575684,40.832515716552734,-0.6904296875,0.2685546875,-0.033935546875
21.003,780,2472,313,309,-6.0,32.0,17.0,60.058589935302734,6.591796398162842,32.1044921875,-0.7288818359375,0.4337158203125,-0.2296142578125
21.010,721,2599,513,318,-6.0,32.0,17.0,60.058589935302734,6.591796398162842,32.1044921875,-0.748046875,0.5001220703125,-0.3243408203125
21.018,346,2807,830,342,-6.0,32.0,17.0,62.133785247802734,6.408690929412842,26.000974655151367,-0.748046875,0.5001220703125,-0.3243408203125
21.035,723,3147,363,313,-6.0,32.0,17.0,29.907224655151367,11.657713890075684,13.305663108825684,-0.7178955078125,0.31787109375,-0.34130859375
21.040,548,3147,468,406,-6.0,32.0,17.0,29.907224655151367,11.657713890075684,13.305663108825684,-0.5211181640625,0.3011474609375,-0.3563232421875
21.048,673,3147,390,509,-6.0,32.0,17.0,12.084959983825684,8.85009765625,10.620116233825684,-0.5211181640625,0.3011474609375,-0.3563232421875
21.062,433,3147,481,975,-6.0,32.0,17.0,-31.433103561401367,-12.145995140075684,-24.597166061401367,-0.805908203125,0.0745849609375,-0.216796875
21.070,569,3147,428,1160,-6.0,32.0,17.0,-31.433103561401367,-12.145995140075684,-24.597166061401367,-0.968017578125,-0.0009765625,-0.1246337890625
21.078,423,3147,578,1447,-6.0,32.0,17.0,-39.73388671875,-2.01416015625,-8.85009765625,-0.968017578125,-0.0009765625,-0.1246337890625
21.097,319,3147,590,2137,-5.0,34.0,20.0,-6.286620616912842,13.549803733825684,50.048824310302734,-0.608642578125,0.2060546875,-0.1358642578125
21.100,316,3147,600,2472,-5.0,34.0,20.0,-6.286620616912842,13.549803733825684,50.048824310302734,-0.5323486328125,0.1783447265625,-0.0906982421875
21.114,632,3147,310,405,-5.0,34.0,20.0,2.0751953125,9.58251953125,50.598140716552734,-0.5323486328125,0.1783447265625,-0.0906982421875
21.122,354,3147,361,3147,-5.0,34.0,20.0,27.282712936401367,-33.99658203125,13.671874046325684,-0.1536865234375,0.3338623046875,-0.01171875
21.137,313,3147,859,3147,-5.0,34.0,20.0,27.282712936401367,-33.99658203125,13.671874046325684,0.2017822265625,0.7301025390625,-0.1156005859375
21.138,316,3147,1151,3147,-5.0,34.0,20.0,30.334470748901367,-70.3125,-31.005857467651367,0.2017822265625,0.7301025390625,-0.1156005859375
21.152,1533,3147,345,726,-5.0,34.0,20.0,-190.97898864746094,-64.0869140625,-70.73974609375,0.0123291015625,1.07373046875,-0.37939453125
21.160,497,3147,2258,3147,-5.0,34.0,20.0,-190.97898864746094,-64.0869140625,-70.73974609375,-0.02001953125,-0.58203125,-0.158447265625
21.168,428,3147,2710,3147,-5.0,34.0,20.0,-340.0878601074219,-64.39208984375,-46.630855560302734,-0.02001953125,-0.58203125,-0.158447265625
21.182,920,3147,2710,3147,-5.0,34.0,20.0,-216.79685974121094,-43.823238372802734,-31.555173873901367,-1.0859375,-1.215087890625,-0.2899169921875
21.199,426,3147,3099,3147,1.0,32.0,17.0,-216.79685974121094,-43.823238372802734,-31.555173873901367,-1.862060546875,0.9901123046875,-0.53955078125
21.199,658,3147,3147,3147,1.0,32.0,17.0,-114.13573455810547,-49.377437591552734,-8.23974609375,-1.862060546875,0.9901123046875,-0.53955078125
21.220,1584,3147,3147,3147,1.0,32.0,17.0,-102.17284393310547,-70.73974609375,16.6015625,-3.3619384765625,2.10595703125,-0.8953857421875
21.235,707,3147,3147,3147,1.0,32.0,17.0,-145.751953125,-63.293453216552734,37.90283203125,-3.3619384765625,2.10595703125,-0.8953857421875
21.236,745,3147,3147,3147,1.0,32.0,17.0,-154.35791015625,-36.43798828125,21.057126998901367,-2.5400390625,-0.2705078125,0.34130859375
21.242,521,3147,3147,3147,1.0,32.0,17.0,-55.969234466552734,-34.48486328125,-30.151365280151367,-0.7547607421875,-0.099609375,0.9940185546875
21.250,519,3147,3120,3147,1.0,32.0,17.0,74.15771484375,-29.296873092651367,-49.682613372802734,-0.7547607421875,-0.099609375,0.9940185546875
21.258,586,3147,3017,3147,1.0,32.0,17.0,141.05224609375,-6.225585460662842,-48.278804779052734,-0.9910888671875,0.5509033203125,-0.3828125
21.273,400,3147,3147,3147,1.0,32.0,17.0,136.16943359375,2.868652105331421,-42.541500091552734,-1.720947265625,0.8031005859375,-1.076904296875
21.280,426,3147,3147,3147,1.0,32.0,17.0,83.00780487060547,-2.868652105331421,-24.291990280151367,-1.720947265625,0.8031005859375,-1.076904296875
21.301,447,3147,3147,3147,1.0,29.0,22.0,19.6533203125,-13.000487327575684,-8.9111328125,-1.87939453125,0.9129638671875,-0.8397216796875
21.302,428,3147,3147,3147,1.0,29.0,22.0,-25.146482467651367,-21.667478561401367,-7.568358898162842,-1.6141357421875,0.410888671875,0.0255126953125
21.310,409,3147,3143,3147,1.0,29.0,22.0,-43.640132904052734,-24.597166061401367,-11.413573265075684,-1.6141357421875,0.410888671875,0.0255126953125
21.325,401,3147,3053,3147,1.0,29.0,22.0,-39.85595703125,-19.6533203125,-13.610838890075684,-1.4273681640625,0.2293701171875,0.29833984375
21.332,388,3147,2736,3147,1.0,29.0,22.0,-21.484373092651367,-7.019042491912842,-12.634276390075684,-1.1107177734375,0.4124755859375,0.208984375
21.343,378,3147,2539,3147,1.0,29.0,22.0,1.2817381620407104,9.3994140625,-7.141112804412842,-1.1107177734375,0.4124755859375,0.208984375
21.348,374,3147,2344,3147,1.0,29.0,22.0,18.73779296875,22.644041061401367,-2.13623046875,-0.88134765625,0.490966796875,0.126953125
21.362,345,3147,2098,3147,1.0,29.0,22.0,31.494138717651367,30.151365280151367,-6.347655773162842,-0.5250244140625,-0.0499267578125,0.2425537109375
21.370,390,3147,1855,2962,1.0,29.0,22.0,44.921871185302734,33.0810546875,-17.39501953125,-0.5250244140625,-0.0499267578125,0.2425537109375
21.378,411,3147,1656,2432,1.0,29.0,22.0,61.523433685302734,32.8369140625,-26.977537155151367,-0.4161376953125,-0.364013671875,0.2950439453125
21.407,411,3147,1580,1748,1.0,28.0,19.0,83.49608612060547,34.912109375,-29.296873092651367,-0.3914794921875,-0.125,0.1416015625
21.408,385,3147,1543,1387,1.0,28.0,19.0,101.50145721435547,36.9873046875,-22.644041061401367,-0.3914794921875,-0.125,0.1416015625
21.408,364,3147,1422,1173,1.0,28.0,19.0,102.29491424560547,33.203125,-12.573241233825684,-0.38525390625,0.0748291015625,0.1751708984375
21.430,361,3147,1323,675,1.0,28.0,19.0,92.95653533935547,28.869626998901367,-6.408690929412842,-0.408935546875,-0.0244140625,0.142822265625
21.440,345,3147,1330,506,1.0,28.0,19.0,87.89061737060547,29.724119186401367,-3.417968511581421,-0.4708251953125,-0.0841064453125,-0.0216064453125
21.440,342,3147,1308,379,1.0,28.0,19.0,88.56200408935547,35.0341796875,1.5258787870407104,-0.5399169921875,0.083740234375,-0.2734375
21.452,331,3147,1149,346,1.0,28.0,19.0,87.15819549560547,39.0625,6.835937023162842,-0.5938720703125,0.3016357421875,-0.4732666015625
21.460,328,3147,1034,348,1.0,28.0,19.0,75.927734375,37.53662109375,8.4228515625,-0.687744140625,0.4173583984375,-0.519287109375
21.468,327,3086,996,346,1.0,28.0,19.0,53.955074310302734,34.36279296875,10.192870140075684,-0.8067626953125,0.43115234375,-0.447509765625
21.482,327,2887,977,344,-3.0,31.0,21.0,29.296873092651367,31.860349655151367,15.197752952575684,-0.8697509765625,0.4217529296875,-0.3408203125
21.506,334,3006,951,347,-3.0,31.0,21.0,10.803221702575684,27.648923873901367,17.51708984375,-0.885986328125,0.3975830078125,-0.2086181640625
21.507,331,3003,957,346,-3.0,31.0,21.0,2.13623046875,17.15087890625,11.962889671325684,-0.796630859375,0.365478515625,-0.1065673828125
21.512,332,3042,984,344,-3.0,31.0,21.0,1.3427733182907104,2.807616949081421,-1.2817381620407104,-0.836669921875,0.33154296875,-0.0867919921875
21.520,328,3061,986,347,-3.0,31.0,21.0,3.906249761581421,-1.8920897245407104,-9.94873046875,-0.9996337890625,0.30859375,-0.1318359375
21.544,332,3098,980,347,-3.0,31.0,21.0,10.009765625,3.295898199081421,-5.920409679412842,-0.986328125,0.337890625,-0.2103271484375
21.544,347,3147,1009,316,-3.0,31.0,21.0,17.578125,8.056640625,0.8544921278953552,-0.900634765625,0.35009765625,-0.257080078125
21.550,334,3147,1039,372,-3.0,31.0,21.0,20.751951217651367,9.09423828125,3.173827886581421,-0.8353271484375,0.2813720703125,-0.2530517578125
21.558,328,3147,1039,437,-3.0,31.0,21.0,19.8974609375,8.23974609375,3.417968511581421,-0.8018798828125,0.1878662109375,-0.23486328125
21.572,329,3147,984,666,-3.0,31.0,21.0,18.798828125,8.23974609375,5.432128429412842,-0.7991943359375,0.1436767578125,-0.23876953125
21.580,327,3147,1004,814,-4.0,29.0,25.0,17.7001953125,10.192870140075684,10.498045921325684,-0.8094482421875,0.1455078125,-0.247802734375
21.588,317,3147,978,944,-4.0,29.0,25.0,15.258788108825684,12.939452171325684,17.51708984375,-0.8128662109375,0.154541015625,-0.235595703125
21.612,313,3147,907,1260,-4.0,29.0,25.0,11.108397483825684,16.54052734375,25.085447311401367,-0.8056640625,0.1654052734375,-0.218994140625
21.613,310,3147,874,1529,-4.0,29.0,25.0,5.615233898162842,21.545408248901367,33.26416015625,-0.792724609375,0.1839599609375,-0.2020263671875
21.618,314,3147,779,1770,-4.0,29.0,25.0,-1.15966796875,26.428220748901367,42.114253997802734,-0.7691650390625,0.1837158203125,-0.156005859375
21.632,323,3147,765,2218,-4.0,29.0,25.0,-8.36181640625,29.602048873901367,50.415035247802734,-0.6949462890625,0.1390380859375,-0.07373046875
21.648,334,3147,684,2683,-4.0,29.0,25.0,-12.939452171325684,31.066892623901367,57.434078216552734,-0.5462646484375,0.088623046875,0.01708984375
21.649,316,3147,818,3061,-4.0,29.0,25.0,-11.108397483825684,33.935546875,63.171382904052734,-0.39404296875,0.1551513671875,0.0179443359375
21.663,1148,3147,354,1312,-4.0,29.0,25.0,-4.82177734375,36.7431640625,68.66455078125,-0.2762451171875,0.3570556640625,-0.05517578125
21.671,371,3147,1588,3147,-4.0,29.0,25.0,-3.845214605331421,11.047362327575684,64.3310546875,0.162109375,0.6043701171875,0.056884765625
21.679,391,3147,2041,2186,-4.0,33.0,20.0,-33.02001953125,-53.588863372802734,21.484373092651367,0.7667236328125,0.978515625,0.130126953125
21.693,479,3147,2018,1009,-4.0,33.0,20.0,-132.75146484375,-92.83446502685547,-38.63525390625,0.6949462890625,0.9857177734375,-0.0074462890625
21.712,382,3147,3147,3147,-4.0,33.0,20.0,-245.36131286621094,-78.857421875,-61.462398529052734,0.1551513671875,-0.2015380859375,-0.081298828125
21.713,431,3147,3147,3147,-4.0,33.0,20.0,-238.64744567871094,-46.325679779052734,-62.927242279052734,-0.5999755859375,-1.4495849609375,-0.3427734375
21.724,539,3147,3147,3147,-4.0,33.0,20.0,-139.83154296875,-20.507810592651367,-54.321285247802734,-1.5302734375,-0.9027099609375,-0.7547607421875
21.731,788,3147,3147,3147,-4.0,33.0,20.0,-93.68895721435547,-17.02880859375,-18.00537109375,-2.19287109375,0.8818359375,-0.8739013671875
21.739,890,3147,3147,3147,-4.0,33.0,20.0,-130.7373046875,-24.230955123901367,21.118162155151367,-2.7027587890625,2.035400390625,-0.718017578125
21.754,944,3147,3147,3147,-4.0,33.0,20.0,-168.76219177246094,-22.338865280151367,41.564937591552734,-3.33544921875,2.1993408203125,-0.6270751953125
21.761,971,3147,3147,3147,-4.0,33.0,20.0,-165.77146911621094,-15.808104515075684,37.2314453125,-3.061279296875,0.4228515625,0.209716796875
21.769,2310,3147,464,3147,-4.0,33.0,20.0,-88.07372283935547,-22.155759811401367,3.784179449081421,-1.666259765625,-1.235107421875,1.4390869140625
21.783,607,3147,3147,3147,-2.0,31.0,22.0,42.419429779052734,-14.709471702575684,-15.563963890075684,-0.78271484375,-0.4727783203125,1.1260986328125
21.791,484,3147,3147,3147,-2.0,31.0,22.0,133.85009765625,16.29638671875,-10.253905296325684,-0.8017578125,0.592041015625,-0.177734375
21.814,490,3147,3147,3147,-2.0,31.0,22.0,152.89306640625,32.65380859375,-13.549803733825684,-1.1236572265625,0.9639892578125,-1.0037841796875
21.815,497,3147,3147,3147,-2.0,31.0,22.0,112.30467987060547,25.085447311401367,-20.507810592651367,-1.4813232421875,1.0079345703125,-1.2127685546875
21.821,463,3147,3147,3147,-2.0,31.0,22.0,48.400875091552734,6.958007335662842,-21.362302780151367,-1.774169921875,0.9835205078125,-1.11376953125
21.829,430,3147,3147,3147,-2.0,31.0,22.0,-7.568358898162842,-10.009765625,-20.141599655151367,-1.8402099609375,0.7110595703125,-0.7684326171875
21.843,401,3147,3147,3147,-2.0,31.0,22.0,-40.649410247802734,-19.83642578125,-19.287109375,-1.672607421875,0.3516845703125,-0.275634765625
21.854,416,3147,3107,3147,-2.0,31.0,22.0,-48.461910247802734,-18.24951171875,-15.686034202575684,-1.4635009765625,0.18505859375,0.1126708984375
21.859,402,3147,2976,3147,-2.0,31.0,22.0,-39.73388671875,-5.187987804412842,-9.521484375,-1.3427734375,0.22216796875,0.2445068359375
21.873,388,3147,2636,3147,1.0,29.0,22.0,-24.353025436401367,14.648436546325684,-0.3662109076976776,-1.219482421875,0.398193359375,0.1854248046875
21.881,373,3147,2458,3147,1.0,29.0,22.0,-9.6435546875,32.89794921875,9.8876953125,-1.000732421875,0.5023193359375,0.1209716796875
21.889,375,3147,2328,3147,1.0,29.0,22.0,7.080077648162842,45.898433685302734,12.023924827575684,-0.7933349609375,0.365478515625,0.1187744140625
21.917,360,3147,1838,3147,1.0,29.0,22.0,29.907224655151367,54.382320404052734,3.540038824081421,-0.6805419921875,0.120361328125,0.186767578125
21.917,348,3147,1545,3147,1.0,29.0,22.0,52.246089935302734,55.908199310302734,-9.1552734375,-0.564208984375,-0.2037353515625,0.260498046875
21.919,351,3147,1550,2699,1.0,29.0,22.0,75.13427734375,52.490230560302734,-19.95849609375,-0.46142578125,-0.408203125,0.1614990234375
21.933,346,3147,1501,1954,1.0,29.0,22.0,98.93798065185547,43.640132904052734,-23.803709030151367,-0.426025390625,-0.213623046875,-0.01025390625
21.941,338,3147,1429,1282,1.0,29.0,22.0,111.51122283935547,21.179197311401367,-23.498533248901367,-0.38720703125,0.1168212890625,-0.0228271484375
21.949,337,3147,1294,630,1.0,29.0,22.0,112.54882049560547,-8.48388671875,-28.137205123901367,-0.38525390625,0.17138671875,-0.0111083984375
21.964,334,2953,1185,352,1.0,29.0,22.0,114.44091033935547,-25.939939498901367,-34.3017578125,-0.446533203125,0.0030517578125,-0.217041015625
21.971,331,2645,1138,349,0.0,32.0,22.0,121.15477752685547,-24.169919967651367,-30.822751998901367,-0.530517578125,-0.0650634765625,-0.5150146484375
21.979,328,2379,1070,346,0.0,32.0,22.0,126.03759002685547,-12.145995140075684,-17.822265625,-0.6492919921875,0.1190185546875,-0.6575927734375
21.992,328,1904,1004,338,0.0,32.0,22.0,119.93407440185547,-2.01416015625,-1.8920897245407104,-0.7515869140625,0.42626953125,-0.5968017578125
22.001,327,1613,1020,336,0.0,32.0,22.0,99.42626190185547,-1.15966796875,9.6435546875,-0.75439453125,0.60107421875,-0.41845703125
22.020,324,1529,1010,336,0.0,32.0,22.0,99.42626190185547,-1.15966796875,9.6435546875,-0.6563720703125,0.576416015625,-0.2391357421875
22.023,328,1543,1132,336,0.0,32.0,22.0,32.2265625,-22.277830123901367,2.44140625,-0.6004638671875,0.4345703125,-0.080078125
22.031,327,1648,1097,337,0.0,32.0,22.0,2.868652105331421,-33.69140625,-13.244627952575684,-0.7003173828125,0.248046875,0.0496826171875
22.046,323,1869,1054,342,0.0,32.0,22.0,2.868652105331421,-33.69140625,-13.244627952575684,-0.8509521484375,0.1488037109375,0.075927734375
22.080,328,2155,1024,338,0.0,32.0,22.0,-1.15966796875,-20.568845748901367,-13.854979515075684,-0.9132080078125,0.232421875,-0.0118408203125
22.080,324,2284,1003,338,0.0,32.0,22.0,17.51708984375,-5.371093273162842,1.4038084745407104,-0.865966796875,0.40283203125,-0.141357421875
22.080,322,2481,949,345,-2.0,29.0,24.0,17.51708984375,-5.371093273162842,1.4038084745407104,-0.8052978515625,0.469482421875,-0.2088623046875
22.086,322,2840,921,344,-2.0,29.0,24.0,23.803709030151367,6.469726085662842,12.329100608825684,-0.7861328125,0.3800048828125,-0.1968994140625
22.091,322,3040,922,344,-2.0,29.0,24.0,12.329100608825684,6.347655773162842,12.268065452575684,-0.7816162109375,0.2362060546875,-0.170654296875
22.104,321,3147,871,390,-2.0,29.0,24.0,12.329100608825684,6.347655773162842,12.268065452575684,-0.782958984375,0.1416015625,-0.1845703125
22.122,321,3147,846,725,-2.0,29.0,24.0,4.39453125,10.253905296325684,21.911619186401367,-0.7952880859375,0.117919921875,-0.2293701171875
22.122,318,3147,815,964,-2.0,29.0,24.0,3.173827886581421,13.549803733825684,30.822751998901367,-0.808349609375,0.1275634765625,-0.24755859375
22.129,316,3147,837,1199,-2.0,29.0,24.0,3.173827886581421,13.549803733825684,30.822751998901367,-0.8048095703125,0.1129150390625,-0.203369140625
22.143,313,3147,739,1770,-2.0,29.0,24.0,-10.559081077575684,16.9677734375,48.583980560302734,-0.7747802734375,0.0533447265625,-0.1318359375
22.152,310,3147,723,2024,-2.0,29.0,24.0,-14.038084983825684,18.37158203125,56.640621185302734,-0.719482421875,0.0135498046875,-0.0887451171875
22.162,313,3147,661,2359,-2.0,29.0,24.0,-14.038084983825684,18.37158203125,56.640621185302734,-0.6351318359375,0.062744140625,-0.093505859375
22.181,324,3147,506,2916,-9.0,32.0,19.0,-3.173827886581421,28.808591842651367,71.10595703125,-0.5447998046875,0.231201171875,-0.153076171875
22.182,365,3147,490,1413,-9.0,32.0,19.0,0.6103515625,33.02001953125,73.3642578125,-0.418701171875,0.493408203125,-0.1876220703125
22.189,499,3147,732,3147,-9.0,32.0,19.0,0.6103515625,33.02001953125,73.3642578125,-0.267578125,0.6807861328125,-0.103515625
22.203,372,3147,1588,3147,-9.0,32.0,19.0,-21.545408248901367,1.220703125,58.776851654052734,0.039794921875,0.863037109375,0.121337890625
22.225,1129,3147,1497,3147,-9.0,32.0,19.0,-53.405757904052734,-47.973628997802734,19.22607421875,0.45751953125,1.158447265625,0.084716796875
22.225,1065,3147,2217,3147,-9.0,32.0,19.0,-53.405757904052734,-47.973628997802734,19.22607421875,0.2567138671875,0.5059814453125,-0.1566162109375
22.233,590,3147,3143,3147,-9.0,32.0,19.0,-289.794921875,-47.668453216552734,-77.2705078125,-0.362060546875,-1.2828369140625,-0.2431640625
22.241,473,3147,3147,3147,-9.0,32.0,19.0,-289.794921875,-47.668453216552734,-77.2705078125,-0.8023681640625,-2.004150390625,-0.2901611328125
22.249,638,3147,3020,3147,-9.0,32.0,19.0,-284.85107421875,-12.451170921325684,-72.57080078125,-0.8023681640625,-2.004150390625,-0.2901611328125
22.270,1413,3147,363,3147,-9.0,32.0,19.0,-107.05565643310547,-5.737304210662842,11.169432640075684,-1.70654296875,1.5657958984375,-0.6171875
22.271,720,3147,3147,3147,0.0,30.0,20.0,-107.05565643310547,-5.737304210662842,11.169432640075684,-2.5758056640625,2.9312744140625,-0.811279296875
22.287,3147,3147,322,445,0.0,30.0,20.0,-121.09374237060547,-19.6533203125,36.1328125,-2.5758056640625,2.9312744140625,-0.811279296875
22.293,2481,3147,816,418,0.0,30.0,20.0,-163.33006286621094,-6.835937023162842,15.075682640075684,-2.5870361328125,-0.474609375,0.5465087890625
22.301,2753,3147,787,2505,0.0,30.0,20.0,-163.33006286621094,-6.835937023162842,15.075682640075684,-1.02783203125,-1.1480712890625,1.634521484375
22.309,853,3147,2965,3147,0.0,30.0,20.0,-65.12451171875,-15.075682640075684,-15.808104515075684,-1.02783203125,-1.1480712890625,1.634521484375
22.326,2240,3147,1541,3147,0.0,30.0,20.0,142.9443359375,40.405269622802734,-3.967284917831421,-0.8916015625,1.001220703125,-0.5882568359375
22.331,883,3147,2818,3147,0.0,30.0,20.0,142.9443359375,40.405269622802734,-3.967284917831421,-1.251708984375,0.955078125,-1.235107421875
22.339,1189,3147,2463,3147,0.0,30.0,20.0,131.7138671875,47.851558685302734,-26.428220748901367,-1.251708984375,0.955078125,-1.235107421875
22.353,864,3147,2785,3147,0.0,30.0,20.0,12.512206077575684,-3.112792730331421,-37.353515625,-1.854736328125,0.83837890625,-1.13818359375
22.366,808,3147,2813,3147,0.0,30.0,20.0,12.512206077575684,-3.112792730331421,-37.353515625,-1.855224609375,0.58984375,-0.6524658203125
22.369,466,3147,3143,3147,0.0,31.0,19.0,-30.517576217651367,-32.2265625,-33.02001953125,-1.855224609375,0.58984375,-0.6524658203125
22.390,1790,3147,1289,3147,0.0,31.0,19.0,-46.142574310302734,-50.170894622802734,-27.832029342651367,-1.4793701171875,0.1981201171875,0.1971435546875
22.393,2803,3147,321,419,0.0,31.0,19.0,-46.142574310302734,-50.170894622802734,-27.832029342651367,-1.37646484375,0.2403564453125,0.240966796875
22.400,2674,3147,316,1039,0.0,31.0,19.0,-25.390623092651367,-38.39111328125,-23.620603561401367,-1.37646484375,0.2403564453125,0.240966796875
22.474,2379,3147,569,426,0.0,31.0,19.0,22.094724655151367,-2.38037109375,-8.1787109375,-0.955322265625,0.4161376953125,0.1739501953125
22.475,902,3147,1584,3147,0.0,31.0,19.0,22.094724655151367,-2.38037109375,-8.1787109375,-0.71923828125,0.233642578125,0.2117919921875
22.475,2001,3147,654,1888,0.0,31.0,19.0,38.26904296875,13.732909202575684,-7.202147960662842,-0.71923828125,0.233642578125,0.2117919921875
22.475,533,3147,1341,3128,0.0,31.0,19.0,67.138671875,37.353515625,-15.380858421325684,-0.4615478515625,-0.209228515625,0.2176513671875
22.475,470,3147,1120,2677,0.0,31.0,19.0,67.138671875,37.353515625,-15.380858421325684,-0.3955078125,-0.3341064453125,0.14794921875
22.475,413,3147,1053,2306,0.0,31.0,19.0,77.1484375,40.466304779052734,-15.991209983825684,-0.3955078125,-0.3341064453125,0.14794921875
22.475,401,3147,902,1700,-2.0,30.0,19.0,88.07372283935547,38.39111328125,-10.925292015075684,-0.348876953125,0.1475830078125,0.02197265625
22.481,390,3147,873,1422,-2.0,30.0,19.0,92.16307830810547,26.733396530151367,-5.249022960662842,-0.348876953125,0.1475830078125,0.02197265625
22.499,378,3147,811,1155,-2.0,30.0,19.0,83.98436737060547,6.103515148162842,-10.925292015075684,-0.3533935546875,0.162109375,-0.0010986328125
22.505,687,3147,420,360,-2.0,30.0,19.0,72.93701171875,-11.962889671325684,-25.268552780151367,-0.5986328125,-0.027099609375,-0.22021484375
22.512,612,3147,548,372,-2.0,30.0,19.0,69.4580078125,-15.747069358825684,-29.479978561401367,-0.5986328125,-0.027099609375,-0.22021484375
22.533,568,3126,567,328,-2.0,30.0,19.0,75.37841796875,-7.568358898162842,-18.12744140625,-0.6527099609375,0.1640625,-0.3958740234375
22.533,578,2927,577,324,-2.0,30.0,19.0,80.81053924560547,1.0986328125,-4.7607421875,-0.6929931640625,0.5560302734375,-0.4290771484375
22.541,572,2716,574,324,-2.0,30.0,19.0,71.96044921875,3.845214605331421,1.4648436307907104,-0.6929931640625,0.5560302734375,-0.4290771484375
22.549,580,2700,582,328,-2.0,30.0,19.0,48.156734466552734,1.4038084745407104,3.479003667831421,-0.74853515625,0.5948486328125,-0.2530517578125
22.573,607,2984,614,325,-4.0,30.0,20.0,23.742673873901367,-3.234863042831421,4.8828125,-0.806640625,0.4281005859375,0.028564453125
22.574,572,3147,651,330,-4.0,30.0,20.0,10.681151390075684,-7.019042491912842,4.08935546875,-0.806640625,0.4281005859375,0.028564453125
22.579,527,3147,617,359,-4.0,30.0,20.0,9.46044921875,-7.507323741912842,0.6713866591453552,-0.806396484375,0.3436279296875,0.007080078125
22.599,551,3147,607,512,-4.0,30.0,20.0,14.282225608825684,-3.906249761581421,-1.15966796875,-0.83154296875,0.3836669921875,-0.2034912109375
22.601,525,3147,654,628,-4.0,30.0,20.0,19.47021484375,2.3193359375,1.2817381620407104,-0.83154296875,0.3836669921875,-0.2034912109375
22.609,497,3147,689,739,-4.0,30.0,20.0,20.202634811401367,6.591796398162842,5.187987804412842,-0.804443359375,0.3533935546875,-0.226806640625
22.633,433,3147,723,1108,-4.0,30.0,20.0,16.17431640625,7.385253429412842,7.873534679412842,-0.767578125,0.1519775390625,-0.160400390625
22.634,426,3147,713,1239,-4.0,30.0,20.0,11.901854515075684,7.568358898162842,10.925292015075684,-0.767578125,0.1519775390625,-0.160400390625
22.639,419,3147,746,1462,-4.0,30.0,20.0,9.94873046875,9.09423828125,16.66259765625,-0.766845703125,0.1119384765625,-0.1724853515625
22.653,513,3147,644,1650,-4.0,30.0,20.0,9.33837890625,12.023924827575684,24.963376998901367,-0.71533203125,0.1385498046875,-0.1920166015625
22.661,430,3147,586,1943,-3.0,30.0,19.0,7.202147960662842,14.343260765075684,33.69140625,-0.71533203125,0.1385498046875,-0.1920166015625
22.676,454,3147,598,2298,-3.0,30.0,19.0,3.845214605331421,15.563963890075684,41.748043060302734,-0.6553955078125,0.1470947265625,-0.1494140625
22.683,355,3147,607,2868,-3.0,30.0,19.0,2.44140625,18.49365234375,49.316402435302734,-0.587158203125,0.1700439453125,-0.129150390625
22.691,346,3147,478,1718,-3.0,30.0,19.0,5.065917491912842,25.268552780151367,56.030269622802734,-0.53125,0.2359619140625,-0.142333984375
22.708,601,3147,332,976,-3.0,30.0,19.0,8.48388671875,31.555173873901367,60.485836029052734,-0.420166015625,0.3603515625,-0.0767822265625
22.713,687,3147,816,3147,-3.0,30.0,19.0,7.141112804412842,20.080564498901367,54.626461029052734,-0.0406494140625,0.6103515625,0.0638427734375
22.740,525,3147,793,493,-3.0,30.0,19.0,-10.131834983825684,-27.526853561401367,15.502928733825684,0.3455810546875,1.1636962890625,0.1624755859375
22.740,360,3147,1915,3147,-3.0,30.0,19.0,-85.93749237060547,-73.54736328125,-48.339839935302734,0.199462890625,1.410400390625,-0.0137939453125
22.743,447,3147,3147,3147,-3.0,30.0,19.0,-237.91502380371094,-78.857421875,-78.79638671875,-0.16845703125,0.075927734375,-0.2548828125
22.751,497,3147,3147,3147,-3.0,30.0,19.0,-330.2001647949219,-47.424312591552734,-67.7490234375,-0.4417724609375,-1.779296875,-0.4635009765625
22.762,517,3147,3147,3147,0.0,33.0,21.0,-266.11328125,-2.868652105331421,-43.762203216552734,-0.8714599609375,-1.8436279296875,-0.6734619140625
22.776,473,3147,2727,3147,0.0,33.0,21.0,-158.8134765625,16.29638671875,-11.413573265075684,-1.5206298828125,-0.2149658203125,-0.6083984375
22.785,607,3147,3147,3147,0.0,33.0,21.0,-121.76512908935547,6.347655773162842,24.658201217651367,-2.1026611328125,1.55078125,-0.296875
22.790,579,3147,3147,3147,0.0,33.0,21.0,-136.65771484375,-7.995604991912842,44.189449310302734,-2.7066650390625,2.1356201171875,0.0587158203125
22.800,1050,3147,2886,3147,0.0,33.0,21.0,-130.79833984375,-7.446288585662842,40.771480560302734,-3.2523193359375,1.5135498046875,0.074951171875
22.813,1063,3147,2842,3147,0.0,33.0,21.0,-85.26610565185547,3.479003667831421,25.573728561401367,-2.570068359375,-0.0361328125,0.446533203125
22.820,748,3147,3065,3147,0.0,33.0,21.0,4.5166015625,10.437010765075684,6.408690929412842,-1.1512451171875,-0.6827392578125,0.9443359375
22.838,499,3147,3147,3147,0.0,33.0,21.0,98.02245330810547,22.521970748901367,-4.08935546875,-0.628173828125,0.171875,0.3409423828125
22.842,1575,3147,2266,3147,0.0,33.0,21.0,131.89697265625,36.56005859375,-12.939452171325684,-0.8980712890625,0.6636962890625,-0.6435546875
22.850,438,3147,3147,3147,0.0,33.0,21.0,112.18260955810547,32.958984375,-23.742673873901367,-1.262939453125,0.7547607421875,-1.0736083984375
22.861,430,3147,3147,3147,1.0,30.0,22.0,65.91796875,13.977049827575684,-26.428220748901367,-1.5501708984375,0.800048828125,-1.0357666015625
22.878,426,3147,3147,3147,1.0,30.0,22.0,17.2119140625,-6.408690929412842,-22.583005905151367,-1.7906494140625,0.744873046875,-0.825927734375
22.880,420,3147,3114,3147,1.0,30.0,22.0,-18.61572265625,-20.202634811401367,-16.357421875,-1.8695068359375,0.5494384765625,-0.5089111328125
22.888,388,3147,3089,3147,1.0,30.0,22.0,-36.376953125,-26.428220748901367,-9.3994140625,-1.738525390625,0.3096923828125,-0.1529541015625
22.902,411,3147,2872,3147,1.0,30.0,22.0,-35.58349609375,-22.949216842651367,-2.13623046875,-1.538818359375,0.175048828125,0.086669921875
22.910,401,3147,2704,3147,1.0,30.0,22.0,-21.850584030151367,-10.070799827575684,5.0048828125,-1.3638916015625,0.22705078125,0.1739501953125
22.922,391,3147,2507,3147,1.0,30.0,22.0,-5.798339366912842,8.6669921875,13.366698265075684,-1.1749267578125,0.4395751953125,0.1722412109375
22.941,382,3147,2102,3147,1.0,30.0,22.0,4.7607421875,27.038572311401367,20.874021530151367,-0.920654296875,0.5159912109375,0.1944580078125
22.941,371,3147,1809,3147,1.0,30.0,22.0,14.587401390075684,40.893550872802734,20.202634811401367,-0.6904296875,0.3017578125,0.2406005859375
22.948,406,3147,1536,3147,1.0,30.0,22.0,32.04345703125,50.842281341552734,11.291502952575684,-0.575439453125,0.0592041015625,0.2174072265625
22.965,370,3147,1303,3147,0.0,30.0,15.0,53.588863372802734,55.480953216552734,0.6103515625,-0.52294921875,-0.0860595703125,0.1181640625
22.972,354,3147,1104,3147,0.0,30.0,15.0,74.76806640625,52.734371185302734,-8.6669921875,-0.5006103515625,-0.139892578125,-0.0601806640625
22.980,337,3147,1063,2909,0.0,30.0,15.0,95.45897674560547,42.907711029052734,-14.526366233825684,-0.4942626953125,-0.0396728515625,-0.265869140625
22.992,336,3147,1061,2247,0.0,30.0,15.0,107.29979705810547,24.353025436401367,-16.4794921875,-0.4151611328125,0.1121826171875,-0.281005859375
23.003,332,3147,1070,2010,0.0,30.0,15.0,102.53905487060547,-0.54931640625,-19.04296875,-0.352294921875,0.0810546875,-0.1287841796875
23.008,330,3147,1050,1754,0.0,30.0,15.0,90.82030487060547,-18.24951171875,-22.155759811401367,-0.4573974609375,-0.035400390625,-0.0758056640625
23.025,327,3147,1034,1399,0.0,30.0,15.0,86.30370330810547,-20.385740280151367,-18.798828125,-0.6307373046875,0.0377197265625,-0.1893310546875
23.034,324,3147,947,1243,0.0,30.0,15.0,89.78270721435547,-12.084959983825684,-9.6435546875,-0.730712890625,0.277099609375,-0.35400390625
23.045,327,3147,890,990,0.0,30.0,15.0,89.78270721435547,-12.084959983825684,-9.6435546875,-0.7510986328125,0.469970703125,-0.3968505859375
23.052,324,3147,860,588,-4.0,32.0,24.0,79.1015625,-0.6103515625,-2.990722417831421,-0.770751953125,0.4925537109375,-0.287109375
23.060,327,3147,859,414,-4.0,32.0,24.0,61.401363372802734,0.54931640625,-3.051757574081421,-0.78662109375,0.4248046875,-0.127685546875
23.068,327,3147,922,354,-4.0,32.0,24.0,61.401363372802734,0.54931640625,-3.051757574081421,-0.7723388671875,0.40673828125,-0.016845703125
23.084,328,3147,917,345,-4.0,32.0,24.0,44.128414154052734,0.3662109076976776,3.356933355331421,-0.717041015625,0.4388427734375,-0.022216796875
23.090,329,3147,962,346,-4.0,32.0,24.0,43.457027435302734,-4.57763671875,0.0,-0.68310546875,0.4669189453125,-0.096435546875
23.098,330,3147,980,348,-4.0,32.0,24.0,43.457027435302734,-4.57763671875,0.0,-0.7615966796875,0.4547119140625,-0.1610107421875
23.112,328,3147,959,404,-4.0,32.0,24.0,25.085447311401367,-9.94873046875,-13.610838890075684,-0.8514404296875,0.4212646484375,-0.199462890625
23.120,332,3147,986,540,-4.0,32.0,24.0,13.854979515075684,-5.981444835662842,-11.352538108825684,-0.861328125,0.3748779296875,-0.2147216796875
23.151,330,3147,959,634,-4.0,32.0,24.0,13.854979515075684,-5.981444835662842,-11.352538108825684,-0.829833984375,0.2998046875,-0.2127685546875
23.151,327,3147,917,803,-4.0,32.0,24.0,2.624511480331421,-0.3662109076976776,-2.3193359375,-0.8031005859375,0.2091064453125,-0.2001953125
23.152,326,3147,952,939,-4.0,30.0,22.0,1.8310545682907104,-0.3662109076976776,1.9531248807907104,-0.79052734375,0.1226806640625,-0.189453125
23.164,326,3147,978,1104,-4.0,30.0,22.0,1.8310545682907104,-0.3662109076976776,1.9531248807907104,-0.7899169921875,0.0751953125,-0.1878662109375
23.196,323,3147,860,1440,-4.0,30.0,22.0,6.103515148162842,4.39453125,15.563963890075684,-0.8017578125,0.0869140625,-0.2034912109375
23.197,324,3147,883,1678,-4.0,30.0,22.0,8.6669921875,9.3994140625,25.024412155151367,-0.8076171875,0.1357421875,-0.2210693359375
23.197,336,3147,867,1860,-4.0,30.0,22.0,8.6669921875,9.3994140625,25.024412155151367,-0.7825927734375,0.1807861328125,-0.232177734375
23.203,332,3147,761,2284,-4.0,30.0,22.0,2.624511480331421,18.1884765625,40.710445404052734,-0.706298828125,0.1942138671875,-0.2237548828125
23.211,328,3147,684,2565,-4.0,30.0,22.0,-5.554198741912842,21.179197311401367,46.630855560302734,-0.5791015625,0.1685791015625,-0.190185546875
23.219,428,3147,571,2936,-4.0,30.0,22.0,-5.554198741912842,21.179197311401367,46.630855560302734,-0.4505615234375,0.16064453125,-0.1451416015625
23.251,330,3147,308,533,-4.0,30.0,22.0,-11.047362327575684,26.123044967651367,57.861324310302734,-0.2667236328125,0.2281494140625,-0.040283203125
23.251,539,3147,642,3147,-4.0,30.0,22.0,-7.995604991912842,10.803221702575684,53.405757904052734,0.08935546875,0.3985595703125,0.122802734375
23.251,347,3147,815,3147,-9.0,32.0,18.0,-7.995604991912842,10.803221702575684,53.405757904052734,0.396240234375,0.829833984375,0.1787109375
23.263,360,3147,323,2798,-9.0,32.0,18.0,-63.171382904052734,-51.147457122802734,-9.94873046875,0.3248291015625,1.2972412109375,-0.06201171875
23.271,603,3147,2428,3147,-9.0,32.0,18.0,-189.63621520996094,-58.349605560302734,-30.273435592651367,-0.0418701171875,0.5306396484375,-0.202392578125
23.287,1183,3147,2266,3147,-9.0,32.0,18.0,-189.63621520996094,-58.349605560302734,-30.273435592651367,-0.6209716796875,-1.1591796875,-0.25341796875
23.293,430,3147,3147,3147,-9.0,32.0,18.0,-255.24900817871094,-15.136717796325684,-46.691890716552734,-1.2183837890625,-1.535400390625,-0.47705078125
23.301,431,3147,3071,3147,-9.0,32.0,18.0,-160.88865661621094,7.324218273162842,-29.846189498901367,-1.639892578125,-0.3143310546875,-0.497314453125
23.309,559,3147,3147,3147,-9.0,32.0,18.0,-160.88865661621094,7.324218273162842,-29.846189498901367,-1.952392578125,1.1517333984375,-0.355224609375
23.323,1085,3147,2946,3147,-9.0,32.0,18.0,-126.70897674560547,-1.4038084745407104,33.38623046875,-2.44921875,1.8150634765625,-0.2412109375
23.331,980,3147,3020,3147,-9.0,32.0,18.0,-123.53514862060547,2.746581792831421,51.147457122802734,-3.1297607421875,1.57861328125,-0.25048828125
23.358,744,3147,3147,3147,-9.0,32.0,18.0,-123.53514862060547,2.746581792831421,51.147457122802734,-2.704833984375,0.1788330078125,0.306884765625
23.359,3147,3147,1278,3147,0.0,33.0,16.0,13.183592796325684,6.530761241912842,25.634763717651367,-1.3074951171875,-0.6861572265625,1.01806640625
23.361,2562,3147,437,1289,0.0,33.0,16.0,113.34227752685547,20.751951217651367,12.451170921325684,-0.6021728515625,0.1480712890625,0.528076171875
23.369,496,3147,3025,3147,0.0,33.0,16.0,113.34227752685547,20.751951217651367,12.451170921325684,-0.6021728515625,0.1480712890625,0.528076171875
23.389,447,3147,2988,3147,0.0,33.0,16.0,134.94873046875,60.974117279052734,-11.413573265075684,-1.0753173828125,1.1092529296875,-0.9810791015625
23.391,432,3147,3006,3147,0.0,33.0,16.0,134.94873046875,60.974117279052734,-11.413573265075684,-1.4058837890625,0.953857421875,-1.138671875
23.399,479,3147,2953,3147,0.0,33.0,16.0,88.13475799560547,47.424312591552734,-34.66796875,-1.4058837890625,0.953857421875,-1.138671875
23.414,496,3147,2851,3147,0.0,33.0,16.0,-16.4794921875,3.417968511581421,-34.97314453125,-1.9141845703125,0.5667724609375,-0.9052734375
23.421,507,3147,2725,3147,0.0,33.0,16.0,-16.4794921875,3.417968511581421,-34.97314453125,-1.8714599609375,0.4332275390625,-0.50830078125
23.429,568,3147,2551,3147,0.0,33.0,16.0,-48.278804779052734,-9.46044921875,-20.507810592651367,-1.8714599609375,0.4332275390625,-0.50830078125
23.456,605,3147,2333,3147,2.0,34.0,15.0,-52.856441497802734,-6.774901866912842,-7.141112804412842,-1.42041015625,0.23779296875,0.0430908203125
23.456,542,3147,2156,3147,2.0,34.0,15.0,-52.856441497802734,-6.774901866912842,-7.141112804412842,-1.1817626953125,0.4365234375,0.0572509765625
23.459,533,3147,1943,3147,2.0,34.0,15.0,-39.97802734375,8.9111328125,1.220703125,-1.1817626953125,0.4365234375,0.0572509765625
23.475,625,3147,1497,3147,2.0,34.0,15.0,-21.301267623901367,40.344234466552734,9.521484375,-0.6783447265625,0.355712890625,0.1722412109375
23.481,1541,3147,317,418,2.0,34.0,15.0,-21.301267623901367,40.344234466552734,9.521484375,-0.5699462890625,0.0377197265625,0.2025146484375
23.493,1331,3147,323,467,2.0,34.0,15.0,2.624511480331421,49.560543060302734,0.6713866591453552,-0.5699462890625,0.0377197265625,0.2025146484375
23.503,431,3147,938,3118,2.0,34.0,15.0,63.964839935302734,46.569820404052734,-12.817381858825684,-0.3997802734375,-0.4033203125,0.118896484375
23.511,359,3147,976,2875,2.0,34.0,15.0,63.964839935302734,46.569820404052734,-12.817381858825684,-0.4014892578125,-0.2001953125,-0.032470703125
23.519,929,3147,782,2409,2.0,34.0,15.0,87.46337127685547,40.10009765625,-10.620116233825684,-0.4014892578125,-0.2001953125,-0.032470703125
23.533,917,3147,315,423,2.0,34.0,15.0,92.52928924560547,10.681151390075684,-5.859374523162842,-0.361328125,0.1376953125,-0.030029296875
23.560,589,3147,644,1468,-1.0,33.0,16.0,92.52928924560547,10.681151390075684,-5.859374523162842,-0.51318359375,0.134033203125,-0.2308349609375
23.561,751,3147,481,1097,-1.0,33.0,16.0,88.01268768310547,-0.4882812201976776,-9.033203125,-0.51318359375,0.134033203125,-0.2308349609375
23.563,835,3147,385,899,-1.0,33.0,16.0,74.5849609375,-1.15966796875,-3.234863042831421,-0.68310546875,0.3076171875,-0.5572509765625
23.571,576,3147,545,923,-1.0,33.0,16.0,74.5849609375,-1.15966796875,-3.234863042831421,-0.744384765625,0.5313720703125,-0.56396484375
23.579,465,3147,519,739,-1.0,33.0,16.0,66.162109375,2.44140625,0.7934569716453552,-0.744384765625,0.5313720703125,-0.56396484375
23.596,365,3147,596,378,-1.0,33.0,16.0,53.161617279052734,2.929687261581421,1.03759765625,-0.754150390625,0.4981689453125,-0.3502197265625
23.601,364,3072,601,344,-1.0,33.0,16.0,33.447265625,-2.50244140625,-3.601073980331421,-0.754150390625,0.4981689453125,-0.3502197265625
23.609,364,2830,607,336,-1.0,33.0,16.0,14.099120140075684,-11.718749046325684,-10.070799827575684,-0.7623291015625,0.34521484375,-0.1673583984375
23.623,356,2505,620,334,-1.0,33.0,16.0,3.356933355331421,-17.76123046875,-13.122557640075684,-0.8848876953125,0.1837158203125,0.0360107421875
23.631,359,2372,631,334,-1.0,33.0,16.0,6.347655773162842,-17.39501953125,-9.94873046875,-0.8848876953125,0.1837158203125,0.0360107421875
23.639,354,2263,625,338,-1.0,32.0,11.0,22.155759811401367,-13.488768577575684,-4.33349609375,-0.8466796875,0.240478515625,-0.0328369140625
23.664,349,2306,631,334,-1.0,32.0,11.0,39.36767578125,-6.408690929412842,-0.6103515625,-0.831787109375,0.408447265625,-0.2991943359375
23.665,348,2292,661,334,-1.0,32.0,11.0,42.907711029052734,-0.0610351525247097,2.38037109375,-0.831787109375,0.408447265625,-0.2991943359375
23.669,356,2507,721,334,-1.0,32.0,11.0,31.982419967651367,1.8310545682907104,5.981444835662842,-0.7880859375,0.39404296875,-0.2847900390625
23.683,346,2792,691,336,-1.0,32.0,11.0,18.12744140625,2.38037109375,9.27734375,-0.7108154296875,0.2371826171875,-0.207275390625
23.698,344,3011,669,338,-1.0,32.0,11.0,9.94873046875,5.371093273162842,12.512206077575684,-0.7108154296875,0.2371826171875,-0.207275390625
23.699,315,3147,652,342,-1.0,32.0,11.0,6.835937023162842,11.291502952575684,17.578125,-0.703369140625,0.2357177734375,-0.2191162109375
23.712,323,3147,603,652,-1.0,32.0,11.0,4.08935546875,17.4560546875,24.841306686401367,-0.6920166015625,0.21533203125,-0.23583984375
23.721,334,3147,561,1005,-1.0,32.0,11.0,-0.1831054538488388,21.789548873901367,32.77587890625,-0.6920166015625,0.21533203125,-0.23583984375
23.729,332,3147,427,1393,-1.0,32.0,11.0,-4.21142578125,25.268552780151367,40.771480560302734,-0.6732177734375,0.1390380859375,-0.2176513671875
23.742,346,3147,336,480,0.0,31.0,17.0,-8.23974609375,28.198240280151367,49.011226654052734,-0.47900390625,0.06982421875,-0.073486328125
23.761,330,3147,323,2375,0.0,31.0,17.0,-13.732909202575684,29.113767623901367,56.823726654052734,-0.47900390625,0.06982421875,-0.073486328125
23.761,315,3147,308,361,0.0,31.0,17.0,-18.24951171875,26.367185592651367,62.499996185302734,-0.29736328125,0.1719970703125,0.0086669921875
23.773,1056,3147,830,1404,0.0,31.0,17.0,-14.343260765075684,13.610838890075684,63.964839935302734,0.4822998046875,0.6197509765625,0.261962890625
23.782,844,3147,1231,3147,0.0,31.0,17.0,2.25830078125,-32.8369140625,48.645015716552734,0.4822998046875,0.6197509765625,0.261962890625
23.789,465,3147,324,623,0.0,31.0,17.0,0.1220703050494194,-93.26171112060547,-3.112792730331421,1.0133056640625,1.1536865234375,0.006591796875
23.803,416,3147,3147,3147,0.0,31.0,17.0,-104.55321502685547,-117.18749237060547,-57.250972747802734,-0.0682373046875,-0.5284423828125,-0.4989013671875
23.811,441,3147,3147,3147,0.0,31.0,17.0,-244.81199645996094,-108.15428924560547,-79.65087890625,-0.0682373046875,-0.5284423828125,-0.4989013671875
23.819,656,3147,3147,3147,0.0,31.0,17.0,-238.83055114746094,-80.01708984375,-84.89989471435547,-1.2586669921875,-1.6396484375,-0.715576171875
23.833,937,3147,2968,3147,0.0,30.0,17.0,-130.859375,-58.044429779052734,-62.011714935302734,-2.1387939453125,-0.5186767578125,-0.85009765625
23.841,3147,3147,3147,3147,0.0,30.0,17.0,-87.58544158935547,-68.115234375,-14.831542015075684,-2.569580078125,1.205322265625,-0.65283203125
23.864,3147,3147,936,3147,0.0,30.0,17.0,-125.24413299560547,-81.54296112060547,31.005857467651367,-3.1461181640625,2.4754638671875,-0.839111328125
23.865,1199,3147,3147,3147,0.0,30.0,17.0,-180.29783630371094,-64.208984375,63.781734466552734,-3.2764892578125,1.3292236328125,-0.6387939453125
23.877,3147,3147,562,3147,0.0,30.0,17.0,-154.23583984375,-61.096187591552734,35.400390625,-2.01123046875,-1.0350341796875,1.06494140625
23.879,1241,3147,3147,3147,0.0,30.0,17.0,-28.564451217651367,-66.22314453125,-14.465331077575684,-0.738037109375,-0.9150390625,1.9609375
23.893,3147,3147,1278,3147,0.0,30.0,17.0,81.11571502685547,-13.427733421325684,-18.4326171875,-0.625244140625,0.32373046875,0.9024658203125
23.902,2532,3147,1549,3147,0.0,30.0,17.0,126.83104705810547,51.696773529052734,-16.05224609375,-1.014892578125,0.7279052734375,-0.3834228515625
23.909,2728,3147,1267,3147,0.0,30.0,17.0,116.45507049560547,71.83837890625,-19.22607421875,-1.3614501953125,0.6826171875,-0.96728515625
23.923,2514,3147,1146,3147,0.0,30.0,17.0,65.185546875,60.791011810302734,-8.1787109375,-1.677978515625,0.9637451171875,-1.09716796875
23.931,2851,3147,1085,3147,1.0,32.0,15.0,5.126952648162842,42.419429779052734,3.784179449081421,-1.8856201171875,1.15478515625,-0.99462890625
23.939,2785,3147,1078,3147,1.0,32.0,15.0,-39.1845703125,24.353025436401367,-1.4648436307907104,-1.8399658203125,0.8648681640625,-0.615966796875
23.965,2472,3147,1064,3147,1.0,32.0,15.0,-60.729976654052734,13.427733421325684,-11.779784202575684,-1.670654296875,0.419677734375,-0.1705322265625
23.965,2319,3147,1326,3147,1.0,32.0,15.0,-58.898921966552734,14.038084983825684,-12.023924827575684,-1.5140380859375,0.2034912109375,0.0799560546875
23.969,561,3147,2788,3147,1.0,32.0,15.0,-36.43798828125,21.850584030151367,-2.38037109375,-1.33935546875,0.298095703125,0.12353515625
23.989,537,3147,2348,3147,1.0,32.0,15.0,-7.446288585662842,30.639646530151367,11.474608421325684,-1.086669921875,0.4027099609375,0.14208984375
23.995,536,3147,2142,3147,1.0,32.0,15.0,22.705076217651367,37.29248046875,19.71435546875,-0.8126220703125,0.3038330078125,0.154296875
24.009,491,3147,1891,3147,1.0,32.0,15.0,58.227535247802734,39.48974609375,13.671874046325684,-0.609375,0.147216796875,0.1011962890625
24.013,433,3147,1430,2578,1.0,32.0,15.0,92.65135955810547,31.677244186401367,-5.0048828125,-0.451416015625,-0.0697021484375,0.0618896484375
24.021,423,3147,1323,2155,1.0,32.0,15.0,120.30028533935547,17.08984375,-26.184080123901367,-0.3558349609375,-0.27587890625,0.0377197265625
24.029,400,3147,1260,1775,0.0,35.0,16.0,137.75634765625,5.432128429412842,-34.85107421875,-0.3140869140625,-0.2430419921875,0.0667724609375
24.043,363,3147,947,1112,0.0,35.0,16.0,137.5732421875,-2.929687261581421,-27.587888717651367,-0.245849609375,-0.0908203125,0.2210693359375
24.067,336,3147,883,748,0.0,35.0,16.0,127.62450408935547,-5.798339366912842,-18.00537109375,-0.253173828125,-0.048583984375,0.27490234375
24.068,346,3147,841,347,0.0,35.0,16.0,125.67137908935547,1.4648436307907104,-13.427733421325684,-0.386962890625,-0.0086669921875,0.0135498046875
24.073,327,2565,731,346,0.0,35.0,16.0,131.77490234375,11.596678733825684,-10.131834983825684,-0.525146484375,0.1612548828125,-0.352294921875
24.081,328,2368,725,346,0.0,35.0,16.0,129.57763671875,17.76123046875,-7.202147960662842,-0.62890625,0.3802490234375,-0.53662109375
24.106,324,2155,693,334,0.0,35.0,16.0,109.55809783935547,21.118162155151367,-4.7607421875,-0.715087890625,0.545166015625,-0.5372314453125
24.106,321,1848,601,313,0.0,35.0,16.0,78.857421875,21.606443405151367,-1.8920897245407104,-0.7496337890625,0.6260986328125,-0.49853515625
24.111,316,1540,616,334,0.0,35.0,16.0,48.645015716552734,17.39501953125,-1.8920897245407104,-0.7900390625,0.5885009765625,-0.4266357421875
24.119,323,1318,629,330,0.0,35.0,16.0,23.925779342651367,12.695311546325684,-3.845214605331421,-0.886962890625,0.4185791015625,-0.2738037109375
24.133,319,1071,625,323,-2.0,33.0,21.0,9.521484375,10.986327171325684,-1.7700194120407104,-0.89306640625,0.213623046875,-0.117919921875
24.141,318,1037,614,324,-2.0,33.0,21.0,9.6435546875,9.8876953125,1.3427733182907104,-0.788330078125,0.1192626953125,-0.053466796875
24.149,316,968,639,324,-2.0,33.0,21.0,20.01953125,7.690429210662842,-1.4648436307907104,-0.7271728515625,0.17138671875,-0.0955810546875
24.169,322,1120,650,327,-2.0,33.0,21.0,31.616209030151367,6.103515148162842,-7.873534679412842,-0.7742919921875,0.310302734375,-0.2010498046875
24.171,326,1280,639,328,-2.0,33.0,21.0,37.59765625,6.958007335662842,-10.131834983825684,-0.824462890625,0.4498291015625,-0.3094482421875
24.179,327,1453,636,330,-2.0,33.0,21.0,34.24072265625,7.812499523162842,-7.507323741912842,-0.787109375,0.5096435546875,-0.3779296875
24.212,327,1929,636,331,-2.0,33.0,21.0,20.568845748901367,6.408690929412842,-4.7607421875,-0.72021484375,0.4495849609375,-0.3763427734375
24.216,328,2306,631,338,-2.0,33.0,21.0,1.7700194120407104,3.417968511581421,-3.234863042831421,-0.691650390625,0.3140869140625,-0.317626953125
24.216,324,2568,619,334,-2.0,33.0,21.0,-12.390135765075684,2.0751953125,0.4272460639476776,-0.7218017578125,0.220947265625,-0.2598876953125
24.223,323,3147,614,337,-3.0,33.0,17.0,-17.27294921875,4.0283203125,9.1552734375,-0.767822265625,0.2100830078125,-0.2412109375
24.231,323,3147,598,585,-3.0,33.0,17.0,-16.05224609375,6.774901866912842,20.629880905151367,-0.7550048828125,0.201416015625,-0.2547607421875
24.239,321,3147,593,858,-3.0,33.0,17.0,-14.953612327575684,7.568358898162842,29.968259811401367,-0.696044921875,0.143798828125,-0.2767333984375
24.253,355,3147,351,465,-3.0,33.0,17.0,-16.90673828125,7.141112804412842,36.92626953125,-0.6539306640625,0.0936279296875,-0.267333984375
24.272,465,3147,308,506,-3.0,33.0,17.0,-18.73779296875,6.835937023162842,44.799800872802734,-0.6202392578125,0.126220703125,-0.1800537109375
24.273,307,3147,313,2060,-3.0,33.0,17.0,-14.404295921325684,6.591796398162842,51.940914154052734,-0.528564453125,0.2261962890625,-0.0897216796875
24.283,407,3147,306,417,-3.0,33.0,17.0,-3.967284917831421,0.0610351525247097,48.706050872802734,-0.34375,0.351806640625,-0.0460205078125
24.291,579,3147,426,2334,-3.0,33.0,17.0,7.446288585662842,-19.83642578125,26.245115280151367,-0.092529296875,0.5859375,-0.0128173828125
24.307,736,3147,499,3000,-3.0,33.0,17.0,7.446288585662842,-19.83642578125,26.245115280151367,0.11669921875,0.9569091796875,-0.1229248046875
24.324,1524,3147,1536,3147,-3.0,33.0,17.0,-61.279293060302734,-49.560543060302734,-44.982906341552734,0.23388671875,1.26806640625,-0.37255859375
24.325,2359,3147,1236,3147,0.0,31.0,17.0,-229.49217224121094,-50.415035247802734,-51.513668060302734,0.3197021484375,0.700439453125,-0.097412109375
24.329,1846,3147,968,3147,0.0,31.0,17.0,-229.49217224121094,-50.415035247802734,-51.513668060302734,0.089599609375,-1.04833984375,0.3206787109375
24.343,1117,3147,2308,3147,0.0,31.0,17.0,-335.8764343261719,-27.587888717651367,-67.32177734375,-0.682373046875,-2.1412353515625,0.13232421875
24.351,1024,3147,2456,3147,0.0,31.0,17.0,-170.71531677246094,2.38037109375,-66.5283203125,-1.500732421875,-1.177978515625,-0.2083740234375
24.376,820,3147,2793,3147,0.0,31.0,17.0,-170.71531677246094,2.38037109375,-66.5283203125,-1.9940185546875,0.756103515625,-0.5968017578125
24.376,2240,3147,721,3147,0.0,31.0,17.0,-29.541013717651367,-9.033203125,5.554198741912842,-2.493896484375,2.102783203125,-0.9486083984375
24.381,1100,3147,3047,3147,0.0,31.0,17.0,-64.0869140625,-11.840819358825684,37.4755859375,-3.2816162109375,2.2418212890625,-1.22412109375
24.389,1183,3147,2863,3147,0.0,31.0,17.0,-64.0869140625,-11.840819358825684,37.4755859375,-2.938720703125,0.3074951171875,-0.22509765625
24.403,3147,3147,469,3147,0.0,31.0,17.0,-12.573241233825684,-20.263669967651367,11.840819358825684,-1.4271240234375,-1.2154541015625,1.3555908203125
24.419,1018,3147,364,1172,0.0,31.0,17.0,102.47801971435547,-16.11328125,-10.742186546325684,-0.7701416015625,-0.4029541015625,0.91162109375
24.420,533,3147,3147,3147,0.0,33.0,17.0,102.47801971435547,-16.11328125,-10.742186546325684,-0.9495849609375,0.6243896484375,-0.5030517578125
24.433,1224,3147,2127,3147,0.0,33.0,17.0,131.8359375,28.564451217651367,-2.624511480331421,-1.1646728515625,0.9990234375,-1.1337890625
24.441,2399,3147,1904,3147,0.0,33.0,17.0,68.4814453125,13.488768577575684,-11.657713890075684,-1.337646484375,0.9774169921875,-1.121337890625
24.449,490,3147,3147,3147,0.0,33.0,17.0,68.4814453125,13.488768577575684,-11.657713890075684,-1.6070556640625,0.9215087890625,-1.005859375
24.477,521,3147,3146,3147,0.0,33.0,17.0,-48.217769622802734,-17.9443359375,-22.705076217651367,-1.8187255859375,0.7294921875,-0.76025390625
24.477,521,3147,3121,3147,0.0,33.0,17.0,-71.35009765625,-27.526853561401367,-25.085447311401367,-1.772705078125,0.40185546875,-0.318115234375
24.479,519,3147,3045,3147,0.0,33.0,17.0,-71.35009765625,-27.526853561401367,-25.085447311401367,-1.593017578125,0.2005615234375,0.05517578125
24.493,485,3147,2898,3147,0.0,33.0,17.0,-51.025386810302734,-17.08984375,-15.258788108825684,-1.4053955078125,0.2000732421875,0.2001953125
24.501,473,3147,2741,3147,0.0,33.0,17.0,-22.399900436401367,0.0610351525247097,-7.324218273162842,-1.2242431640625,0.3511962890625,0.1387939453125
24.522,445,3147,2552,3147,0.0,33.0,17.0,-22.399900436401367,0.0610351525247097,-7.324218273162842,-1.2242431640625,0.3511962890625,0.1387939453125
24.524,442,3147,2207,3147,1.0,33.0,17.0,7.080077648162842,32.2265625,7.812499523162842,-0.7733154296875,0.379150390625,0.0782470703125
24.531,482,3147,1785,3147,1.0,33.0,17.0,7.080077648162842,32.2265625,7.812499523162842,-0.6387939453125,0.0421142578125,0.173095703125
24.540,617,3147,1488,3147,1.0,33.0,17.0,10.131834983825684,42.663570404052734,6.591796398162842,-0.6387939453125,0.0421142578125,0.173095703125
24.553,1342,3147,782,2361,1.0,33.0,17.0,39.12353515625,51.330562591552734,-3.784179449081421,-0.489990234375,-0.4390869140625,0.127197265625
24.561,601,3147,1091,2217,1.0,33.0,17.0,39.12353515625,51.330562591552734,-3.784179449081421,-0.468505859375,-0.2462158203125,-0.06201171875
24.578,416,3147,1107,1900,1.0,33.0,17.0,63.720699310302734,49.560543060302734,-4.08935546875,-0.468505859375,-0.2462158203125,-0.06201171875
24.583,1050,3147,314,383,1.0,33.0,17.0,72.32666015625,19.83642578125,-0.30517578125,-0.3624267578125,0.115478515625,-0.0665283203125
24.591,991,3147,311,342,1.0,33.0,17.0,72.32666015625,19.83642578125,-0.30517578125,-0.47216796875,0.0885009765625,-0.1722412109375
24.601,1004,3147,314,336,1.0,33.0,17.0,65.00244140625,4.69970703125,-2.868652105331421,-0.47216796875,0.0885009765625,-0.1722412109375
24.626,865,3147,484,512,2.0,32.0,20.0,68.115234375,-3.662109136581421,3.295898199081421,-0.5819091796875,0.0997314453125,-0.4461669921875
24.627,453,3147,625,414,2.0,32.0,20.0,68.115234375,-3.662109136581421,3.295898199081421,-0.614501953125,0.3507080078125,-0.437744140625
24.629,404,3147,575,338,2.0,32.0,20.0,85.69335174560547,-9.033203125,11.169432640075684,-0.614501953125,0.3507080078125,-0.437744140625
24.643,497,2813,461,324,2.0,32.0,20.0,69.7021484375,-6.042479991912842,3.845214605331421,-0.90625,0.5054931640625,-0.3848876953125
24.653,514,2624,437,323,2.0,32.0,20.0,69.7021484375,-6.042479991912842,3.845214605331421,-0.8212890625,0.3682861328125,-0.1322021484375
24.659,433,2486,543,332,2.0,32.0,20.0,25.634763717651367,-12.817381858825684,1.5869139432907104,-0.8212890625,0.3682861328125,-0.1322021484375
24.680,373,2467,603,334,2.0,32.0,20.0,6.713866710662842,-21.118162155151367,2.01416015625,-0.697998046875,0.3603515625,0.08935546875
24.681,372,2576,598,334,2.0,32.0,20.0,6.713866710662842,-21.118162155151367,2.01416015625,-0.7177734375,0.4678955078125,-0.0496826171875
24.689,363,2748,593,336,2.0,32.0,20.0,21.301267623901367,-17.2119140625,0.8544921278953552,-0.7177734375,0.4678955078125,-0.0496826171875
24.704,362,3000,601,336,2.0,32.0,20.0,20.568845748901367,-3.723144292831421,2.868652105331421,-0.770751953125,0.549072265625,-0.272216796875
24.718,363,3147,605,342,-1.0,34.0,16.0,20.568845748901367,-3.723144292831421,2.868652105331421,-0.752197265625,0.4288330078125,-0.226318359375
24.719,362,3147,585,354,-1.0,34.0,16.0,7.629394054412842,1.0986328125,5.920409679412842,-0.752197265625,0.4288330078125,-0.226318359375
24.733,359,3147,594,648,-1.0,34.0,16.0,-1.220703125,5.737304210662842,9.8876953125,-0.7255859375,0.13671875,-0.1590576171875
24.741,360,3147,614,785,-1.0,34.0,16.0,-3.112792730331421,10.253905296325684,15.197752952575684,-0.7255859375,0.13671875,-0.1590576171875
24.749,351,3147,561,964,-1.0,34.0,16.0,-1.5258787870407104,14.282225608825684,21.545408248901367,-0.7218017578125,0.036376953125,-0.1859130859375
24.765,330,3147,513,1328,-1.0,34.0,16.0,0.30517578125,19.34814453125,29.907224655151367,-0.7626953125,0.0972900390625,-0.2427978515625
24.784,328,3147,418,1666,-1.0,34.0,16.0,-0.6103515625,26.611326217651367,41.381832122802734,-0.7626953125,0.0972900390625,-0.2427978515625
24.786,322,3147,391,1973,-1.0,34.0,16.0,-5.493163585662842,33.02001953125,54.199214935302734,-0.7293701171875,0.1593017578125,-0.1800537109375
24.793,351,3147,402,441,-1.0,34.0,16.0,-10.131834983825684,35.94970703125,64.02587890625,-0.577880859375,0.1268310546875,-0.0462646484375
24.801,387,3147,625,3147,-1.0,34.0,16.0,-8.60595703125,37.04833984375,69.64111328125,-0.577880859375,0.1268310546875,-0.0462646484375
24.811,338,3147,1027,3147,-2.0,32.0,19.0,-2.685546636581421,33.63037109375,74.15771484375,-0.4599609375,0.2413330078125,0.0157470703125
24.824,402,3147,1882,3147,-2.0,32.0,19.0,1.4648436307907104,3.356933355331421,68.66455078125,0.564697265625,1.2646484375,0.21875
24.837,973,3147,562,620,-2.0,32.0,19.0,-15.380858421325684,-57.006832122802734,28.503416061401367,0.564697265625,1.2646484375,0.21875
24.839,424,3147,2997,3147,-2.0,32.0,19.0,-106.99462127685547,-100.34178924560547,-31.066892623901367,0.6922607421875,1.2408447265625,0.1783447265625
24.853,415,3147,3136,3147,-2.0,32.0,19.0,-237.36570739746094,-103.69872283935547,-64.02587890625,-0.314697265625,-1.7501220703125,-0.2183837890625
24.861,437,3147,3147,3147,-2.0,32.0,19.0,-236.87742614746094,-75.13427734375,-75.927734375,-0.314697265625,-1.7501220703125,-0.2183837890625
24.869,548,3147,3147,3147,-2.0,32.0,19.0,-100.21971893310547,-42.846675872802734,-73.73046875,-1.261474609375,-1.2454833984375,-0.843994140625
24.888,923,3147,3147,3147,-2.0,32.0,19.0,-6.469726085662842,-42.907711029052734,-42.907711029052734,-2.6246337890625,2.276611328125,-1.0745849609375
24.891,905,3147,3147,3147,-2.0,32.0,19.0,-33.203125,-62.744136810302734,-3.417968511581421,-2.6246337890625,2.276611328125,-1.0745849609375
24.899,975,3147,3147,3147,-2.0,32.0,19.0,-113.15917205810547,-66.71142578125,28.198240280151367,-3.44287109375,2.541259765625,-0.897705078125
24.914,1020,3147,3147,3147,1.0,32.0,19.0,-154.23583984375,-50.537105560302734,32.16552734375,-1.457275390625,-1.3096923828125,1.4678955078125
24.923,959,3147,3147,3147,1.0,32.0,19.0,-75.1953125,-55.603023529052734,-7.751464366912842,-1.457275390625,-1.3096923828125,1.4678955078125
24.929,837,3147,3147,3147,1.0,32.0,19.0,64.02587890625,-53.039546966552734,-36.0107421875,-0.6168212890625,-0.3929443359375,1.309326171875
24.943,754,3147,3147,3147,1.0,32.0,19.0,133.85009765625,-9.21630859375,-32.40966796875,-0.728515625,0.6824951171875,0.0245361328125
24.951,785,3147,3147,3147,1.0,32.0,19.0,128.23486328125,22.583005905151367,-32.28759765625,-1.11279296875,0.779052734375,-0.81103515625
24.959,818,3147,3147,3147,1.0,32.0,19.0,83.31298065185547,22.094724655151367,-29.357908248901367,-1.4957275390625,0.7286376953125,-1.0198974609375
24.992,793,3147,3147,3147,1.0,32.0,19.0,31.066892623901367,7.019042491912842,-17.63916015625,-1.8067626953125,0.896728515625,-0.9691162109375
24.993,765,3147,3147,3147,1.0,32.0,19.0,-8.9111328125,-12.329100608825684,-13.671874046325684,-1.8270263671875,0.8248291015625,-0.6905517578125
24.993,725,3147,3147,3147,1.0,32.0,19.0,-29.785154342651367,-27.404783248901367,-19.6533203125,-1.6278076171875,0.47314453125,-0.2435302734375
25.003,625,3147,3147,3147,1.0,32.0,19.0,-33.87451171875,-29.174802780151367,-20.935056686401367,-1.4542236328125,0.178955078125,0.1395263671875
25.011,495,3147,3147,3147,0.0,29.0,21.0,-23.681638717651367,-18.73779296875,-12.451170921325684,-1.34716796875,0.0670166015625,0.3206787109375
25.021,438,3147,3120,3147,0.0,29.0,21.0,-1.9531248807907104,-0.54931640625,1.4038084745407104,-1.1866455078125,0.1722412109375,0.3177490234375
25.033,454,3147,2692,3147,0.0,29.0,21.0,19.287109375,20.874021530151367,16.357421875,-0.9534912109375,0.3834228515625,0.2452392578125
25.041,478,3147,2507,3147,0.0,29.0,21.0,28.930662155151367,39.4287109375,24.414060592651367,-0.740234375,0.409912109375,0.2010498046875
25.049,466,3147,2394,3147,0.0,29.0,21.0,31.982419967651367,50.476070404052734,19.8974609375,-0.6009521484375,0.239501953125,0.1754150390625
25.063,438,3147,2135,3147,0.0,29.0,21.0,38.9404296875,52.124019622802734,5.676269054412842,-0.51416015625,0.01171875,0.1224365234375
25.071,424,3147,2005,3147,0.0,29.0,21.0,50.537105560302734,46.691890716552734,-10.925292015075684,-0.4967041015625,-0.1114501953125,-0.0374755859375
25.091,419,3147,1890,2840,0.0,29.0,21.0,60.363765716552734,38.9404296875,-20.446775436401367,-0.511474609375,-0.007568359375,-0.247802734375
25.093,396,3147,1826,2254,0.0,29.0,21.0,60.913082122802734,27.282712936401367,-22.521970748901367,-0.47412109375,0.1395263671875,-0.261962890625
25.104,414,3147,1709,1920,0.0,29.0,21.0,52.917476654052734,11.108397483825684,-26.062009811401367,-0.47607421875,0.147705078125,-0.0897216796875
25.109,455,3147,1585,1591,1.0,29.0,20.0,43.334957122802734,-1.0986328125,-31.372068405151367,-0.5631103515625,0.0921630859375,0.0
25.123,406,3147,1469,1155,1.0,29.0,20.0,38.57421875,-3.112792730331421,-31.616209030151367,-0.65771484375,0.0615234375,-0.113525390625
25.131,377,3147,1341,898,1.0,29.0,20.0,40.954586029052734,2.624511480331421,-24.108884811401367,-0.72021484375,0.0919189453125,-0.30712890625
25.139,364,3147,1233,660,1.0,29.0,20.0,45.349117279052734,9.1552734375,-12.634276390075684,-0.7532958984375,0.1861572265625,-0.3978271484375
25.155,359,3147,1149,356,1.0,29.0,20.0,44.616695404052734,11.230467796325684,-3.723144292831421,-0.767578125,0.269775390625,-0.357421875
25.161,354,2985,1038,348,1.0,29.0,20.0,38.4521484375,9.765625,0.9155272841453552,-0.7659912109375,0.28076171875,-0.26025390625
25.169,373,2627,920,348,1.0,29.0,20.0,31.982419967651367,8.7890625,4.08935546875,-0.7545166015625,0.285888671875,-0.1431884765625
25.192,364,2228,888,344,1.0,29.0,20.0,28.625486373901367,8.97216796875,7.446288585662842,-0.727783203125,0.320556640625,-0.0030517578125
25.193,363,2293,853,348,1.0,29.0,20.0,28.259275436401367,10.498045921325684,9.6435546875,-0.6990966796875,0.3306884765625,0.10009765625
25.199,364,2432,830,346,1.0,29.0,20.0,30.883787155151367,14.709471702575684,10.742186546325684,-0.700927734375,0.3759765625,0.1004638671875
25.219,360,2722,853,346,-1.0,30.0,17.0,34.85107421875,19.1650390625,11.047362327575684,-0.7479248046875,0.508544921875,0.025634765625
25.221,362,2874,849,347,-1.0,30.0,17.0,34.66796875,21.850584030151367,10.742186546325684,-0.8101806640625,0.600341796875,-0.0753173828125
25.235,356,3071,864,348,-1.0,30.0,17.0,26.977537155151367,23.315427780151367,11.047362327575684,-0.829833984375,0.55908203125,-0.1551513671875
25.243,363,3147,859,353,-1.0,30.0,17.0,14.770506858825684,24.902341842651367,11.901854515075684,-0.8157958984375,0.4500732421875,-0.2093505859375
25.251,344,3147,899,512,-1.0,30.0,17.0,3.356933355331421,27.587888717651367,12.878417015075684,-0.80859375,0.3531494140625,-0.251220703125
25.261,342,3147,922,600,-1.0,30.0,17.0,-6.286620616912842,29.785154342651367,14.160155296325684,-0.8050537109375,0.2587890625,-0.2655029296875
25.273,359,3147,890,826,-1.0,30.0,17.0,-13.793944358825684,31.127927780151367,15.747069358825684,-0.8128662109375,0.164306640625,-0.2528076171875
25.297,361,3147,895,917,-1.0,30.0,17.0,-17.39501953125,34.11865234375,19.22607421875,-0.833984375,0.1236572265625,-0.2401123046875
25.297,344,3147,887,1071,-1.0,30.0,17.0,-19.10400390625,38.818359375,25.329587936401367,-0.8424072265625,0.13671875,-0.2303466796875
25.303,344,3147,774,1469,-4.0,30.0,16.0,-21.606443405151367,42.785640716552734,32.8369140625,-0.82373046875,0.1356201171875,-0.2152099609375
25.311,363,3147,689,1650,-4.0,30.0,16.0,-24.414060592651367,45.104976654052734,40.283199310302734,-0.7850341796875,0.0963134765625,-0.19921875
25.319,360,3147,673,1927,-4.0,30.0,16.0,-25.329587936401367,44.921871185302734,47.302242279052734,-0.722412109375,0.04736328125,-0.163330078125
25.335,351,3147,694,2527,-4.0,30.0,16.0,-22.216794967651367,41.748043060302734,54.199214935302734,-0.6319580078125,0.0533447265625,-0.1246337890625
25.341,338,3147,871,2929,-4.0,30.0,16.0,-15.319823265075684,36.2548828125,60.729976654052734,-0.5380859375,0.170654296875,-0.096435546875
25.349,481,3147,1070,3147,-4.0,30.0,16.0,-8.36181640625,21.362302780151367,62.622066497802734,-0.291015625,0.340087890625,-0.00048828125
25.370,1126,3147,1582,3147,-4.0,30.0,16.0,-8.056640625,-13.549803733825684,45.410152435302734,0.249755859375,0.524169921875,0.1688232421875
25.371,586,3147,2347,3147,-4.0,30.0,16.0,-30.090330123901367,-55.786128997802734,6.408690929412842,0.6923828125,0.6981201171875,0.1876220703125
25.400,472,3147,2950,3147,-4.0,30.0,16.0,-88.62303924560547,-83.98436737060547,-23.559568405151367,0.6734619140625,0.4483642578125,0.0020751953125
25.401,439,3147,3039,3147,-4.0,30.0,16.0,-139.46533203125,-95.27587127685547,-31.188962936401367,0.11328125,-0.6107177734375,-0.2264404296875
25.401,564,3147,3040,3147,-2.0,31.0,17.0,-106.07909393310547,-92.22411346435547,-36.80419921875,-0.88525390625,-1.1990966796875,-0.6087646484375
25.411,631,3147,3147,3147,-2.0,31.0,17.0,-20.629880905151367,-89.90477752685547,-35.09521484375,-1.8194580078125,0.09814453125,-1.1307373046875
25.423,920,3147,3147,3147,-2.0,31.0,17.0,-2.624511480331421,-106.14012908935547,-19.04296875,-2.31494140625,1.7620849609375,-1.2760009765625
25.448,1050,3147,3147,3147,-2.0,31.0,17.0,-65.5517578125,-130.31005859375,-11.108397483825684,-2.8048095703125,2.322998046875,-0.8466796875
25.448,1107,3147,3147,3147,-2.0,31.0,17.0,-65.5517578125,-130.31005859375,-11.108397483825684,-3.404541015625,1.6873779296875,-0.34521484375
25.453,1214,3147,3147,3147,-2.0,31.0,17.0,-118.59130096435547,-128.84521484375,-7.934569835662842,-2.68896484375,-0.3089599609375,0.5908203125
25.468,1173,3147,3147,3147,-2.0,31.0,17.0,-11.413573265075684,-119.01854705810547,-27.954099655151367,-1.103271484375,-1.0230712890625,1.4625244140625
25.475,1117,3147,3147,3147,-2.0,31.0,17.0,-11.413573265075684,-119.01854705810547,-27.954099655151367,-0.4732666015625,0.3038330078125,1.000244140625
25.483,1050,3147,3147,3147,-2.0,31.0,17.0,141.54052734375,-35.64453125,-40.832515716552734,-0.7166748046875,1.030517578125,0.03857421875
25.501,1050,3147,3147,3147,-2.0,31.0,17.0,99.06005096435547,4.8828125,-51.513668060302734,-1.2293701171875,0.779052734375,-0.419921875
25.501,1054,3147,3147,3147,0.0,29.0,18.0,99.06005096435547,4.8828125,-51.513668060302734,-1.7235107421875,0.490234375,-0.50439453125
25.513,1031,3147,3147,3147,0.0,29.0,18.0,-7.873534679412842,25.146482467651367,-35.15625,-1.994140625,0.53515625,-0.4847412109375
25.523,1003,3147,3147,3147,0.0,29.0,18.0,-19.6533203125,17.333984375,-19.287109375,-1.9422607421875,0.59375,-0.365966796875
25.529,966,3147,3147,3147,0.0,29.0,18.0,-19.6533203125,17.333984375,-19.287109375,-1.702392578125,0.461181640625,-0.1612548828125
25.543,899,3147,3147,3147,0.0,29.0,18.0,-18.310546875,9.94873046875,-5.737304210662842,-1.4569091796875,0.277587890625,0.0430908203125
25.554,786,3147,3147,3147,0.0,29.0,18.0,-18.37158203125,20.324705123901367,0.9765624403953552,-1.23828125,0.2442626953125,0.1605224609375
25.559,591,3147,3147,3147,0.0,29.0,18.0,-18.37158203125,20.324705123901367,0.9765624403953552,-0.964599609375,0.3253173828125,0.19921875
25.573,425,3147,3064,3147,0.0,29.0,18.0,-19.83642578125,56.152339935302734,17.02880859375,-0.682373046875,0.2991943359375,0.2481689453125
25.582,427,3147,2869,3147,0.0,29.0,18.0,-11.047362327575684,65.185546875,13.427733421325684,-0.5120849609375,0.1212158203125,0.298583984375
25.603,416,3147,2660,3147,0.0,29.0,18.0,-11.047362327575684,65.185546875,13.427733421325684,-0.4075927734375,-0.0594482421875,0.2918701171875
25.603,391,3147,2286,3147,-2.0,29.0,17.0,57.189937591552734,50.476070404052734,-14.099120140075684,-0.372802734375,-0.1004638671875,0.1434326171875
25.611,391,3147,2178,2997,-2.0,29.0,17.0,87.46337127685547,37.4755859375,-24.108884811401367,-0.4161376953125,0.072509765625,-0.135986328125
25.619,382,3147,2105,2668,-2.0,29.0,17.0,87.46337127685547,37.4755859375,-24.108884811401367,-0.44580078125,0.3052978515625,-0.3175048828125
25.639,371,3147,1957,2065,-2.0,29.0,17.0,78.369140625,10.864256858825684,-26.306150436401367,-0.4852294921875,0.322998046875,-0.273681640625
25.641,371,3147,1837,1912,-2.0,29.0,17.0,78.369140625,10.864256858825684,-26.306150436401367,-0.5804443359375,0.1351318359375,-0.1298828125
25.649,360,3147,1781,1718,-2.0,29.0,17.0,54.199214935302734,0.2441406100988388,-28.564451217651367,-0.5804443359375,0.1351318359375,-0.1298828125
25.667,347,3147,1604,1399,-2.0,29.0,17.0,35.2783203125,2.25830078125,-22.583005905151367,-0.7662353515625,0.052001953125,-0.0535888671875
25.671,338,3147,1533,1251,-2.0,29.0,17.0,35.2783203125,2.25830078125,-22.583005905151367,-0.786865234375,0.1026611328125,-0.10693359375
25.679,346,3147,1462,1111,-2.0,29.0,17.0,42.358394622802734,10.009765625,-12.268065452575684,-0.786865234375,0.1026611328125,-0.10693359375
25.706,338,3147,1231,944,0.0,31.0,21.0,58.776851654052734,21.484373092651367,2.624511480331421,-0.8050537109375,0.123779296875,-0.13525390625
25.706,337,3147,1173,899,0.0,31.0,21.0,58.776851654052734,21.484373092651367,2.624511480331421,-0.8167724609375,0.20361328125,-0.1337890625
25.710,342,3147,1091,702,0.0,31.0,21.0,59.814449310302734,21.423337936401367,8.1787109375,-0.8167724609375,0.20361328125,-0.1337890625
25.723,332,3147,1018,675,0.0,31.0,21.0,53.405757904052734,20.263669967651367,19.287109375,-0.7657470703125,0.34423828125,-0.1812744140625
25.731,330,3147,963,673,0.0,31.0,21.0,53.405757904052734,20.263669967651367,19.287109375,-0.7183837890625,0.4559326171875,-0.193359375
25.748,336,3147,939,766,0.0,31.0,21.0,45.959468841552734,22.949216842651367,22.094724655151367,-0.7183837890625,0.4559326171875,-0.193359375
25.753,346,3147,938,934,0.0,31.0,21.0,12.695311546325684,31.738279342651367,17.76123046875,-0.7352294921875,0.513427734375,-0.20654296875
25.763,354,3147,934,998,0.0,31.0,21.0,12.695311546325684,31.738279342651367,17.76123046875,-0.75146484375,0.4661865234375,-0.21044921875
25.769,337,3147,959,1051,0.0,31.0,21.0,-3.417968511581421,37.353515625,15.380858421325684,-0.75146484375,0.4661865234375,-0.21044921875
25.783,344,3147,907,1213,0.0,31.0,21.0,-25.146482467651367,44.006343841552734,9.46044921875,-0.8223876953125,0.3062744140625,-0.1812744140625
25.810,327,3147,906,1320,-1.0,31.0,23.0,-25.146482467651367,44.006343841552734,9.46044921875,-0.8602294921875,0.183349609375,-0.170654296875
25.811,328,3147,868,1401,-1.0,31.0,23.0,-32.3486328125,46.752925872802734,9.70458984375,-0.8602294921875,0.183349609375,-0.170654296875
25.813,324,3147,849,1545,-1.0,31.0,23.0,-31.738279342651367,54.992671966552734,21.789548873901367,-0.9097900390625,0.0560302734375,-0.1727294921875
25.821,336,3147,749,1629,-1.0,31.0,23.0,-31.738279342651367,54.992671966552734,21.789548873901367,-0.8956298828125,0.067626953125,-0.1800537109375
25.831,334,3147,658,1739,-1.0,31.0,23.0,-27.587888717651367,57.495113372802734,30.456541061401367,-0.8956298828125,0.067626953125,-0.1800537109375
25.849,333,3147,598,2014,-1.0,31.0,23.0,-21.972654342651367,60.546871185302734,45.898433685302734,-0.7376708984375,0.230224609375,-0.225830078125
25.851,323,3147,619,2372,-1.0,31.0,23.0,-21.972654342651367,60.546871185302734,45.898433685302734,-0.5723876953125,0.2342529296875,-0.1959228515625
25.860,312,3147,607,2780,-1.0,31.0,23.0,-24.902341842651367,53.710933685302734,47.058101654052734,-0.5723876953125,0.2342529296875,-0.1959228515625
25.872,601,3147,733,3147,-1.0,31.0,23.0,-28.198240280151367,44.250484466552734,47.607418060302734,-0.2138671875,0.2105712890625,0.154052734375
25.881,1151,3147,317,1361,-1.0,31.0,23.0,-18.1884765625,32.1044921875,53.039546966552734,-0.2138671875,0.2105712890625,0.154052734375
25.891,651,3147,1441,3147,-5.0,34.0,14.0,8.544921875,2.3193359375,51.757808685302734,0.2069091796875,0.37744140625,0.3758544921875
25.913,1204,3147,1850,3147,-5.0,34.0,14.0,33.50830078125,-46.020503997802734,24.536130905151367,1.0513916015625,1.069580078125,-0.014404296875
25.914,2925,3147,342,568,-5.0,34.0,14.0,11.718749046325684,-83.92333221435547,-24.780271530151367,1.0513916015625,1.069580078125,-0.014404296875
25.919,2963,3147,840,3147,-5.0,34.0,14.0,-80.32225799560547,-95.39794158935547,-59.997554779052734,0.351318359375,0.367919921875,-0.6024169921875
25.933,2308,3147,3147,3147,-5.0,34.0,14.0,-150.57373046875,-92.52928924560547,-70.9228515625,-1.7835693359375,-1.4195556640625,-1.3436279296875
25.941,912,3147,3147,3147,-5.0,34.0,14.0,-113.22020721435547,-91.73583221435547,-62.988277435302734,-1.7835693359375,-1.4195556640625,-1.3436279296875
25.951,1156,3147,377,469,-5.0,34.0,14.0,-51.879878997802734,-104.49217987060547,-29.174802780151367,-2.2197265625,0.4468994140625,-1.072998046875
25.963,1260,3147,3028,3147,-5.0,34.0,14.0,-71.1669921875,-119.01854705810547,12.878417015075684,-3.426025390625,2.3326416015625,-0.944091796875
25.971,1330,3147,3147,3147,-5.0,34.0,14.0,-165.28318786621094,-110.10741424560547,53.039546966552734,-3.426025390625,2.3326416015625,-0.944091796875
25.979,1373,3147,3147,3147,-5.0,34.0,14.0,-211.12059020996094,-101.19628143310547,43.884273529052734,-2.5751953125,-0.193115234375,0.070556640625
25.993,1312,3147,3147,3147,-1.0,29.0,21.0,-96.37450408935547,-124.20653533935547,-6.591796398162842,-0.3541259765625,0.318603515625,1.5714111328125
26.011,1266,3147,3147,3147,-1.0,29.0,21.0,80.93260955810547,-117.98094940185547,-19.95849609375,-0.3541259765625,0.318603515625,1.5714111328125
26.013,1243,3147,1949,3147,-1.0,29.0,21.0,177.85643005371094,-61.279293060302734,-24.841306686401367,-0.5592041015625,1.300537109375,0.29541015625
26.023,1255,3147,3147,3147,-1.0,29.0,21.0,163.69627380371094,-9.8876953125,-48.217769622802734,-1.529052734375,0.5596923828125,-0.7108154296875
26.031,1759,3147,1038,1031,-1.0,29.0,21.0,84.96092987060547,10.803221702575684,-58.654781341552734,-1.529052734375,0.5596923828125,-0.7108154296875
26.048,1251,3147,2818,3147,-1.0,29.0,21.0,10.742186546325684,7.019042491912842,-48.706050872802734,-1.8812255859375,0.467529296875,-0.800048828125
26.053,1209,3147,3147,3147,-1.0,29.0,21.0,-36.865234375,-3.784179449081421,-31.005857467651367,-1.8345947265625,0.539794921875,-0.270751953125
26.072,1091,3147,3147,3147,-1.0,29.0,21.0,-62.072750091552734,-15.441893577575684,-18.00537109375,-1.8345947265625,0.539794921875,-0.270751953125
26.073,1172,3147,3147,3147,-1.0,29.0,21.0,-70.86181640625,-18.4326171875,-12.390135765075684,-1.58447265625,0.2861328125,0.192138671875
26.084,859,3147,3147,3147,0.0,27.0,20.0,-63.049312591552734,-6.164550304412842,-6.713866710662842,-1.3829345703125,0.0972900390625,0.4755859375
26.092,683,3147,3147,3147,0.0,27.0,20.0,-39.794921875,17.9443359375,4.7607421875,-1.1719970703125,0.1494140625,0.5679931640625
26.123,947,3147,2712,3147,0.0,27.0,20.0,-10.864256858825684,45.166011810302734,19.83642578125,-0.9268798828125,0.28466796875,0.562255859375
26.124,578,3147,2741,3147,0.0,27.0,20.0,18.49365234375,65.3076171875,27.404783248901367,-0.7510986328125,0.2235107421875,0.481689453125
26.124,521,3147,2407,3147,0.0,27.0,20.0,52.856441497802734,72.021484375,22.888181686401367,-0.7056884765625,0.0792236328125,0.2969970703125
26.129,625,3147,2111,3147,0.0,27.0,20.0,90.45409393310547,63.537593841552734,12.878417015075684,-0.6944580078125,-0.071044921875,0.0723876953125
26.150,485,3147,1895,2167,0.0,27.0,20.0,122.61962127685547,47.607418060302734,5.249022960662842,-0.630859375,-0.1551513671875,-0.1683349609375
26.151,551,3147,1781,1774,0.0,27.0,20.0,140.380859375,31.249998092651367,4.21142578125,-0.44677734375,-0.0848388671875,-0.2835693359375
26.159,1079,3147,1157,1280,0.0,27.0,20.0,131.04248046875,13.122557640075684,4.150390625,-0.2164306640625,0.0501708984375,-0.14111328125
26.173,438,3147,1583,723,0.0,27.0,20.0,97.96141815185547,-1.4038084745407104,-1.4648436307907104,-0.1502685546875,0.091796875,0.00537109375
26.181,441,3147,1494,363,-5.0,29.0,24.0,72.08251953125,-1.7089842557907104,-11.230467796325684,-0.287109375,0.04638671875,-0.164794921875
26.189,411,2943,1369,357,-5.0,29.0,24.0,71.47216796875,10.864256858825684,-18.9208984375,-0.530517578125,0.1517333984375,-0.486328125
26.222,385,2194,1224,345,-5.0,29.0,24.0,77.20947265625,24.475095748901367,-18.5546875,-0.757080078125,0.397216796875,-0.61181640625
26.222,359,1794,1109,347,-5.0,29.0,24.0,68.4814453125,33.14208984375,-10.803221702575684,-0.8807373046875,0.5474853515625,-0.525390625
26.223,348,1251,927,334,-5.0,29.0,24.0,48.034664154052734,36.56005859375,-1.8310545682907104,-0.921875,0.5084228515625,-0.359619140625
26.233,337,867,814,329,-5.0,29.0,24.0,26.977537155151367,34.1796875,4.82177734375,-0.9332275390625,0.330078125,-0.1563720703125
26.242,323,766,841,324,-5.0,29.0,24.0,13.610838890075684,28.808591842651367,13.549803733825684,-0.909423828125,0.1363525390625,0.0469970703125
26.257,323,666,775,328,-5.0,29.0,24.0,16.66259765625,22.277830123901367,24.475095748901367,-0.708740234375,0.115966796875,0.125244140625
26.258,334,728,748,328,-5.0,29.0,24.0,34.97314453125,6.164550304412842,17.2119140625,-0.42578125,0.2757568359375,0.0299072265625
26.272,342,739,780,324,-5.0,29.0,24.0,44.555660247802734,-8.4228515625,-18.98193359375,-0.528076171875,0.3697509765625,-0.0728759765625
26.280,342,832,806,330,-5.0,29.0,22.0,35.33935546875,-5.249022960662842,-47.119136810302734,-0.8482666015625,0.3759765625,-0.114501953125
26.288,344,992,813,327,-5.0,29.0,22.0,21.911619186401367,5.798339366912842,-40.405269622802734,-0.90625,0.4293212890625,-0.157958984375
26.302,342,1313,803,328,-5.0,29.0,22.0,11.291502952575684,14.282225608825684,-18.798828125,-0.77392578125,0.4964599609375,-0.1998291015625
26.328,342,1766,816,334,-5.0,29.0,22.0,1.7700194120407104,17.4560546875,-3.723144292831421,-0.6734619140625,0.4754638671875,-0.22265625
26.329,338,2258,794,334,-5.0,29.0,22.0,-6.225585460662842,17.08984375,2.685546636581421,-0.6591796875,0.3564453125,-0.2020263671875
26.332,331,3017,691,345,-5.0,29.0,22.0,-8.9111328125,17.822265625,7.812499523162842,-0.6826171875,0.2548828125,-0.168212890625
26.345,327,3147,631,546,-5.0,29.0,22.0,-6.225585460662842,22.827146530151367,16.7236328125,-0.7103271484375,0.26953125,-0.193115234375
26.359,324,3147,585,820,-5.0,29.0,22.0,-5.737304210662842,28.442380905151367,26.611326217651367,-0.6947021484375,0.3292236328125,-0.2711181640625
26.362,323,3147,586,1343,-5.0,29.0,22.0,-14.404295921325684,29.479978561401367,32.04345703125,-0.650390625,0.3330078125,-0.3292236328125
26.370,324,3147,625,1592,-5.0,29.0,22.0,-29.541013717651367,26.855466842651367,34.11865234375,-0.6341552734375,0.29443359375,-0.3074951171875
26.378,328,3147,587,1852,-5.0,31.0,17.0,-40.771480560302734,24.658201217651367,37.65869140625,-0.6556396484375,0.2762451171875,-0.22265625
26.392,434,3147,551,2136,-5.0,31.0,17.0,-38.57421875,23.803709030151367,43.090816497802734,-0.66162109375,0.3231201171875,-0.1514892578125
26.400,493,3147,728,2442,-5.0,31.0,17.0,-21.789548873901367,16.6015625,41.076656341552734,-0.490966796875,0.4571533203125,-0.1224365234375
26.475,348,3147,737,3117,-5.0,31.0,17.0,1.3427733182907104,-16.2353515625,10.498045921325684,-0.0594482421875,0.7261962890625,-0.041748046875
26.476,411,3147,1715,3147,-5.0,31.0,17.0,5.554198741912842,-67.7490234375,-54.138179779052734,0.129150390625,1.00537109375,-0.15283203125
26.476,462,3147,2379,3147,-5.0,31.0,17.0,-77.0263671875,-93.62792205810547,-98.69384002685547,-0.10009765625,0.516845703125,-0.332275390625
26.476,1820,3147,1467,3147,-5.0,31.0,17.0,-77.0263671875,-93.62792205810547,-98.69384002685547,0.00537109375,-0.7391357421875,-0.0897216796875
26.476,442,3147,3147,3147,-5.0,31.0,17.0,-348.5107116699219,-72.1435546875,-30.761716842651367,0.1339111328125,-1.6497802734375,0.1058349609375
26.476,1395,3147,2560,3147,-5.0,31.0,17.0,-261.8408203125,-43.518062591552734,-21.484373092651367,-0.3919677734375,-1.4654541015625,-0.0115966796875
26.476,442,3147,3147,3147,-5.0,31.0,17.0,-261.8408203125,-43.518062591552734,-21.484373092651367,-1.29296875,0.0250244140625,-0.2593994140625
26.482,780,3147,3147,3147,1.0,28.0,21.0,-32.53173828125,-59.265132904052734,-20.690916061401367,-2.127197265625,1.546875,-0.4583740234375
26.492,897,3147,3147,3147,1.0,28.0,21.0,-35.888671875,-75.74462890625,3.906249761581421,-3.001953125,2.3848876953125,-0.3367919921875
26.498,2941,3147,3147,3147,1.0,28.0,21.0,-35.888671875,-75.74462890625,3.906249761581421,-3.4176025390625,1.2125244140625,-0.151123046875
26.524,887,3147,3147,3147,1.0,28.0,21.0,-1.8920897245407104,-30.822751998901367,38.818359375,-2.1019287109375,-0.9801025390625,0.74658203125
26.524,853,3147,3147,3147,1.0,28.0,21.0,118.46923065185547,-18.98193359375,6.530761241912842,-0.6910400390625,-0.7276611328125,1.231201171875
26.528,829,3147,3147,3147,1.0,28.0,21.0,118.46923065185547,-18.98193359375,6.530761241912842,-0.71533203125,0.80126953125,0.0960693359375
26.542,811,3147,3147,3147,1.0,28.0,21.0,160.5224609375,32.16552734375,-21.179197311401367,-1.0694580078125,1.1807861328125,-0.9263916015625
26.550,799,3147,3147,3147,1.0,28.0,21.0,59.020992279052734,23.132322311401367,-26.550291061401367,-1.2825927734375,0.765625,-1.1185302734375
26.574,788,3147,3147,3147,1.0,28.0,21.0,59.020992279052734,23.132322311401367,-26.550291061401367,-1.4652099609375,0.5318603515625,-0.87939453125
26.574,713,3147,3147,3147,2.0,29.0,23.0,-62.377925872802734,-22.277830123901367,-27.221677780151367,-1.6773681640625,0.4788818359375,-0.617431640625
26.580,653,3147,3147,3147,2.0,29.0,23.0,-67.0166015625,-39.73388671875,-28.198240280151367,-1.8260498046875,0.4608154296875,-0.331787109375
26.588,579,3147,3147,3147,2.0,29.0,23.0,-67.0166015625,-39.73388671875,-28.198240280151367,-1.7738037109375,0.3341064453125,0.0343017578125
26.602,634,3147,3147,3147,2.0,29.0,23.0,-54.016109466552734,-42.236324310302734,-16.78466796875,-1.612060546875,0.197021484375,0.2867431640625
26.610,616,3147,3147,3147,2.0,29.0,23.0,-34.5458984375,-25.756834030151367,-7.751464366912842,-1.42041015625,0.155029296875,0.369140625
26.634,588,3147,3059,3147,2.0,29.0,23.0,-34.5458984375,-25.756834030151367,-7.751464366912842,-1.1990966796875,0.2259521484375,0.3665771484375
26.634,794,3147,1989,3147,2.0,29.0,23.0,15.319823265075684,21.789548873901367,12.390135765075684,-0.9736328125,0.3555908203125,0.32861328125
26.653,545,3147,2568,3147,2.0,29.0,23.0,27.343748092651367,47.302242279052734,22.155759811401367,-0.794921875,0.32666015625,0.315185546875
26.653,513,3147,2349,3147,2.0,29.0,23.0,27.343748092651367,47.302242279052734,22.155759811401367,-0.693603515625,0.093017578125,0.3343505859375
26.664,409,3147,2141,3147,2.0,29.0,23.0,45.471187591552734,79.345703125,21.972654342651367,-0.6304931640625,-0.10791015625,0.32470703125
26.670,382,3147,2030,2989,-2.0,29.0,22.0,45.471187591552734,79.345703125,21.972654342651367,-0.568115234375,-0.1939697265625,0.23583984375
26.681,385,3147,1813,2484,-2.0,29.0,22.0,68.54248046875,77.33154296875,12.023924827575684,-0.568115234375,-0.1939697265625,0.23583984375
26.692,460,3147,1713,1819,-2.0,29.0,22.0,115.47850799560547,47.790523529052734,-5.432128429412842,-0.475830078125,0.148193359375,-0.1942138671875
26.700,426,3147,1739,1561,-2.0,29.0,22.0,115.47850799560547,47.790523529052734,-5.432128429412842,-0.3677978515625,0.25634765625,-0.203125
26.708,385,3147,1704,1172,-2.0,29.0,22.0,105.83495330810547,26.123044967651367,-7.019042491912842,-0.3677978515625,0.25634765625,-0.203125
26.730,363,3147,1648,842,-2.0,29.0,22.0,55.480953216552734,7.324218273162842,-10.253905296325684,-0.428466796875,0.0672607421875,-0.3861083984375
26.730,359,3147,1503,853,-2.0,29.0,22.0,55.480953216552734,7.324218273162842,-10.253905296325684,-0.5714111328125,0.1585693359375,-0.6265869140625
26.738,338,3147,1483,733,-2.0,29.0,22.0,49.743648529052734,16.9677734375,-8.72802734375,-0.5714111328125,0.1585693359375,-0.6265869140625
26.752,342,3147,1323,456,-2.0,29.0,22.0,32.1044921875,25.756834030151367,0.6103515625,-0.8651123046875,0.5462646484375,-0.502197265625
26.760,338,3147,1278,359,-2.0,29.0,22.0,32.1044921875,25.756834030151367,0.6103515625,-0.90234375,0.501953125,-0.3074951171875
26.773,337,2851,1229,355,-2.0,30.0,20.0,10.253905296325684,19.22607421875,2.197265625,-0.90234375,0.501953125,-0.3074951171875
26.782,348,2364,1126,347,-2.0,30.0,20.0,-20.751951217651367,2.929687261581421,-5.0048828125,-0.75,0.263671875,0.0123291015625
26.793,328,2136,1134,347,-2.0,30.0,20.0,-20.751951217651367,2.929687261581421,-5.0048828125,-0.643798828125,0.2540283203125,0.144775390625
26.798,329,2085,1136,346,-2.0,30.0,20.0,-14.648436546325684,-8.30078125,-10.803221702575684,-0.643798828125,0.2540283203125,0.144775390625
26.812,324,2161,1091,342,-2.0,30.0,20.0,14.465331077575684,-4.39453125,-19.6533203125,-0.87109375,0.3453369140625,-0.027099609375
26.832,328,2244,1050,346,-2.0,30.0,20.0,14.465331077575684,-4.39453125,-19.6533203125,-0.8729248046875,0.37060546875,-0.091796875
26.833,323,2375,1025,342,-2.0,30.0,20.0,9.58251953125,5.859374523162842,-13.122557640075684,-0.8729248046875,0.37060546875,-0.091796875
26.842,323,2610,1034,344,-2.0,30.0,20.0,-3.540038824081421,15.441893577575684,1.4038084745407104,-0.80126953125,0.2686767578125,-0.0853271484375
26.850,327,2717,1034,345,-2.0,30.0,20.0,-3.540038824081421,15.441893577575684,1.4038084745407104,-0.8031005859375,0.1920166015625,-0.1197509765625
26.869,323,2912,1037,344,-2.0,30.0,20.0,-4.7607421875,19.287109375,5.676269054412842,-0.8031005859375,0.1920166015625,-0.1197509765625
26.872,328,3147,934,383,-5.0,32.0,21.0,-5.371093273162842,26.977537155151367,14.953612327575684,-0.82470703125,0.1630859375,-0.1978759765625
26.880,328,3147,894,582,-5.0,32.0,21.0,-5.371093273162842,26.977537155151367,14.953612327575684,-0.8104248046875,0.171630859375,-0.2513427734375
26.888,324,3147,849,801,-5.0,32.0,21.0,-9.1552734375,29.968259811401367,21.606443405151367,-0.8104248046875,0.171630859375,-0.2513427734375
26.906,318,3147,765,1264,-5.0,32.0,21.0,-15.747069358825684,31.616209030151367,30.090330123901367,-0.736572265625,0.1507568359375,-0.212158203125
26.910,316,3147,737,1634,-5.0,32.0,21.0,-23.803709030151367,32.40966796875,40.10009765625,-0.736572265625,0.1507568359375,-0.212158203125
26.943,315,3147,691,2063,-5.0,32.0,21.0,-30.090330123901367,33.63037109375,51.086421966552734,-0.6536865234375,0.0767822265625,-0.1600341796875
26.943,315,3147,693,2897,-5.0,32.0,21.0,-30.456541061401367,35.21728515625,61.584468841552734,-0.3953857421875,0.0205078125,-0.03173828125
26.944,513,3147,905,2813,-5.0,32.0,21.0,-23.803709030151367,35.94970703125,68.78662109375,-0.3953857421875,0.0205078125,-0.03173828125
26.948,525,3147,1255,3147,-5.0,32.0,21.0,-10.498045921325684,29.602048873901367,70.4345703125,-0.1683349609375,0.2061767578125,0.0628662109375
26.975,430,3147,2231,3147,-2.0,32.0,19.0,11.108397483825684,-13.488768577575684,48.583980560302734,0.6138916015625,1.2186279296875,-0.097900390625
26.976,582,3147,740,3147,-2.0,32.0,19.0,13.854979515075684,-74.3408203125,-8.85009765625,0.6138916015625,1.2186279296875,-0.097900390625
26.979,2599,3147,2991,3147,-2.0,32.0,19.0,-88.68407440185547,-101.31835174560547,-50.964351654052734,0.357177734375,0.76171875,-0.397705078125
26.992,607,3147,3147,3147,-2.0,32.0,19.0,-229.43113708496094,-103.51561737060547,-49.011226654052734,-0.9375,-1.521728515625,-0.6356201171875
27.000,815,3147,3147,3147,-2.0,32.0,19.0,-218.68894958496094,-91.00341033935547,-41.564937591552734,-0.9375,-1.521728515625,-0.6356201171875
27.008,893,3147,3147,3147,-2.0,32.0,19.0,-102.05077362060547,-80.50536346435547,-38.4521484375,-1.689453125,-0.0958251953125,-0.956787109375
27.037,1014,3147,3147,3147,-2.0,32.0,19.0,-58.105464935302734,-95.64208221435547,-29.724119186401367,-2.49267578125,2.1864013671875,-0.3831787109375
27.037,1095,3147,3147,3147,-2.0,32.0,19.0,-104.91942596435547,-122.31444549560547,-23.071287155151367,-2.49267578125,2.1864013671875,-0.3831787109375
27.038,1178,3147,3147,3147,-2.0,32.0,19.0,-145.81298828125,-129.08935546875,-13.793944358825684,-3.121337890625,1.8017578125,0.1363525390625
27.052,1261,3147,3147,3147,-2.0,32.0,19.0,-136.16943359375,-111.75536346435547,-12.878417015075684,-1.3165283203125,-1.1773681640625,1.4769287109375
27.060,1248,3147,3147,3147,0.0,29.0,26.0,-50.781246185302734,-87.46337127685547,-28.930662155151367,-1.3165283203125,-1.1773681640625,1.4769287109375
27.082,1191,3147,3147,3147,0.0,29.0,26.0,71.35009765625,-46.691890716552734,-39.0625,-0.6165771484375,-0.114013671875,1.1746826171875
27.083,1931,3147,1920,3147,0.0,29.0,26.0,123.29100799560547,1.8310545682907104,-42.358394622802734,-1.4451904296875,0.481689453125,-0.3724365234375
27.090,3147,3147,1160,3147,0.0,29.0,26.0,91.43065643310547,30.273435592651367,-42.663570404052734,-1.4451904296875,0.481689453125,-0.3724365234375
27.098,1081,3147,3147,3147,0.0,29.0,26.0,37.4755859375,35.46142578125,-30.639646530151367,-1.8912353515625,0.3350830078125,-0.4930419921875
27.112,1004,3147,3147,3147,0.0,29.0,26.0,0.2441406100988388,28.198240280151367,-11.047362327575684,-2.038330078125,0.449951171875,-0.462890625
27.120,937,3147,3147,3147,0.0,29.0,26.0,-20.01953125,20.446775436401367,4.7607421875,-1.8485107421875,0.5164794921875,-0.322509765625
27.139,1204,3147,2891,3147,0.0,29.0,26.0,-28.564451217651367,17.4560546875,13.427733421325684,-1.5076904296875,0.400390625,0.01220703125
27.142,1093,3147,2722,3147,0.0,29.0,26.0,-24.108884811401367,22.460935592651367,16.6015625,-1.224365234375,0.2305908203125,0.3218994140625
27.150,927,3147,2739,3147,0.0,29.0,26.0,-5.187987804412842,36.92626953125,19.83642578125,-1.0819091796875,0.318359375,0.3665771484375
27.158,829,3147,2645,3147,1.0,30.0,25.0,18.37158203125,53.894039154052734,25.451658248901367,-0.9561767578125,0.5404052734375,0.26416015625
27.187,963,3147,2218,3147,1.0,30.0,25.0,37.53662109375,62.377925872802734,24.414060592651367,-0.7418212890625,0.4686279296875,0.2177734375
27.187,1569,3147,1098,2471,1.0,30.0,25.0,56.945796966552734,60.791011810302734,10.803221702575684,-0.5723876953125,0.208740234375,0.1717529296875
27.188,482,3147,2484,3147,1.0,30.0,25.0,79.40673828125,54.016109466552734,-7.263183116912842,-0.54150390625,0.0455322265625,0.045166015625
27.202,441,3147,2298,2676,1.0,30.0,25.0,97.22899627685547,43.823238372802734,-22.216794967651367,-0.60595703125,0.0035400390625,-0.1539306640625
27.210,416,3147,2190,2165,1.0,30.0,25.0,102.90526580810547,33.3251953125,-30.090330123901367,-0.6871337890625,0.07568359375,-0.36328125
27.218,402,3147,2139,1735,1.0,30.0,25.0,91.85790252685547,23.864744186401367,-29.418943405151367,-0.712890625,0.1861572265625,-0.414306640625
27.245,382,3147,2080,872,1.0,30.0,25.0,64.39208984375,13.488768577575684,-25.085447311401367,-0.667724609375,0.140380859375,-0.210693359375
27.245,389,3147,1974,398,1.0,30.0,25.0,37.2314453125,4.57763671875,-23.132322311401367,-0.6207275390625,-0.0697021484375,0.078857421875
27.248,442,2973,1801,361,1.0,30.0,25.0,29.296873092651367,2.685546636581421,-22.277830123901367,-0.6278076171875,-0.2191162109375,0.185791015625
27.264,407,2419,1744,348,-1.0,29.0,16.0,42.175289154052734,9.70458984375,-17.578125,-0.6817626953125,-0.1995849609375,0.0550537109375
27.285,404,2150,1656,348,-1.0,29.0,16.0,63.049312591552734,20.629880905151367,-8.36181640625,-0.7694091796875,-0.0440673828125,-0.14794921875
27.285,400,1925,1582,348,-1.0,29.0,16.0,76.47705078125,27.954099655151367,2.38037109375,-0.822509765625,0.1422119140625,-0.2716064453125
27.292,372,1283,1331,336,-1.0,29.0,16.0,75.0732421875,29.418943405151367,10.498045921325684,-0.783935546875,0.26611328125,-0.3006591796875
27.301,363,1043,1129,344,-1.0,29.0,16.0,62.194820404052734,29.907224655151367,15.686034202575684,-0.7041015625,0.3104248046875,-0.275146484375
27.308,347,923,912,328,-1.0,29.0,16.0,45.593257904052734,33.75244140625,20.874021530151367,-0.6468505859375,0.326171875,-0.200927734375
27.345,363,989,840,328,-1.0,29.0,16.0,31.066892623901367,39.1845703125,26.489255905151367,-0.5849609375,0.3818359375,-0.1187744140625
27.345,351,1323,778,310,-1.0,29.0,16.0,20.385740280151367,36.376953125,23.864744186401367,-0.4952392578125,0.4893798828125,-0.04931640625
27.345,354,1687,786,334,-1.0,29.0,16.0,9.33837890625,24.780271530151367,7.629394054412842,-0.6099853515625,0.51806640625,0.0303955078125
27.356,356,2228,780,336,-1.0,29.0,16.0,2.0751953125,19.83642578125,-2.197265625,-0.8331298828125,0.5078125,0.0341796875
27.360,387,2581,785,342,-3.0,29.0,18.0,6.713866710662842,24.597166061401367,7.751464366912842,-0.8372802734375,0.5858154296875,-0.0947265625
27.369,401,2867,778,342,-3.0,29.0,18.0,13.977049827575684,29.052732467651367,20.263669967651367,-0.7467041015625,0.635009765625,-0.24072265625
27.393,414,3147,865,342,-3.0,29.0,18.0,12.329100608825684,28.686521530151367,23.925779342651367,-0.7120361328125,0.5771484375,-0.30322265625
27.393,376,3147,874,479,-3.0,29.0,18.0,2.13623046875,25.878904342651367,23.437498092651367,-0.706787109375,0.455810546875,-0.29150390625
27.399,373,3147,840,636,-3.0,29.0,18.0,-10.192870140075684,24.597166061401367,23.925779342651367,-0.700439453125,0.326416015625,-0.258544921875
27.413,834,3147,318,391,-3.0,29.0,18.0,-20.01953125,27.099607467651367,26.367185592651367,-0.721435546875,0.2158203125,-0.2388916015625
27.421,840,3147,317,428,-3.0,29.0,18.0,-26.184080123901367,32.8369140625,31.799314498901367,-0.761474609375,0.135986328125,-0.2149658203125
27.447,778,3147,317,468,-3.0,29.0,18.0,-29.052732467651367,39.73388671875,40.771480560302734,-0.7701416015625,0.076171875,-0.1644287109375
27.447,423,3147,456,1700,-3.0,29.0,18.0,-30.334470748901367,45.776363372802734,51.391597747802734,-0.723876953125,0.008056640625,-0.1231689453125
27.451,562,3147,310,473,-3.0,29.0,18.0,-30.761716842651367,51.574703216552734,61.035152435302734,-0.660400390625,-0.0184326171875,-0.1221923828125
27.459,546,3147,377,737,-7.0,30.0,20.0,-28.503416061401367,57.495113372802734,69.03076171875,-0.5728759765625,0.0509033203125,-0.132080078125
27.473,414,3147,1014,3147,-7.0,30.0,20.0,-23.437498092651367,59.448238372802734,72.6318359375,-0.42578125,0.199951171875,-0.0745849609375
27.484,920,3147,1541,3147,-7.0,30.0,20.0,-20.935056686401367,39.9169921875,64.02587890625,-0.0242919921875,0.492431640625,0.118896484375
27.489,1416,3147,316,408,-7.0,30.0,20.0,-32.77587890625,-6.591796398162842,27.954099655151367,0.411865234375,1.1724853515625,0.1365966796875
27.503,2936,3147,1912,785,-7.0,30.0,20.0,-107.54393768310547,-43.945308685302734,-29.357908248901367,0.3287353515625,1.253662109375,-0.16162109375
27.511,537,3147,2981,3147,-7.0,30.0,20.0,-244.56785583496094,-56.335445404052734,-72.93701171875,-0.1763916015625,-0.467529296875,-0.4228515625
27.519,794,3147,2847,3147,-7.0,30.0,20.0,-281.005859375,-48.095699310302734,-84.41161346435547,-0.7674560546875,-2.0020751953125,-0.5504150390625
27.549,767,3147,3075,3147,-7.0,30.0,20.0,-161.07176208496094,-31.677244186401367,-61.279293060302734,-1.3172607421875,-1.2628173828125,-0.516357421875
27.550,654,3147,3147,3147,-7.0,30.0,20.0,-46.936031341552734,-33.203125,-18.1884765625,-1.7330322265625,0.67724609375,-0.427490234375
27.550,793,3147,3147,3147,-7.0,30.0,20.0,-37.90283203125,-47.912593841552734,13.305663108825684,-2.07568359375,1.9615478515625,-0.457275390625
27.563,1741,3147,2295,3147,-5.0,34.0,12.0,-80.078125,-53.894039154052734,25.878904342651367,-2.840087890625,2.5787353515625,-0.6651611328125
27.571,3147,3147,419,1611,-5.0,34.0,12.0,-107.84911346435547,-41.870113372802734,28.991697311401367,-3.0987548828125,1.198974609375,-0.3187255859375
27.593,3147,3147,1397,3147,-5.0,34.0,12.0,-62.988277435302734,-43.151851654052734,3.479003667831421,-1.9039306640625,-0.954345703125,0.8980712890625
27.594,3147,3147,2727,3147,-5.0,34.0,12.0,48.706050872802734,-40.710445404052734,-21.057126998901367,-0.845458984375,-0.6888427734375,1.1051025390625
27.605,3147,3147,968,1987,-5.0,34.0,12.0,130.7373046875,-6.958007335662842,-15.075682640075684,-0.7774658203125,0.4453125,-0.005615234375
27.609,3147,3147,486,1604,-5.0,34.0,12.0,145.1416015625,15.991209983825684,-12.329100608825684,-1.075439453125,0.8363037109375,-0.8236083984375
27.623,1369,3147,2104,3147,-5.0,34.0,12.0,110.53466033935547,9.70458984375,-17.15087890625,-1.3970947265625,0.772705078125,-0.948486328125
27.631,3147,3147,359,644,-5.0,34.0,12.0,61.523433685302734,-6.835937023162842,-17.7001953125,-1.6995849609375,0.835693359375,-0.8671875
27.650,3147,3147,832,3032,-5.0,34.0,12.0,18.798828125,-20.080564498901367,-15.014647483825684,-1.885009765625,0.8916015625,-0.7587890625
27.653,3147,3147,811,3147,0.0,33.0,17.0,-13.977049827575684,-29.296873092651367,-14.770506858825684,-1.8177490234375,0.7039794921875,-0.473388671875
27.661,2563,3147,988,3147,0.0,33.0,17.0,-31.616209030151367,-32.28759765625,-15.869139671325684,-1.6083984375,0.456298828125,-0.099365234375
27.669,2613,3147,1004,3147,0.0,33.0,17.0,-31.860349655151367,-25.939939498901367,-15.441893577575684,-1.3988037109375,0.29931640625,0.1580810546875
27.683,536,3147,2795,3147,0.0,33.0,17.0,-18.73779296875,-9.033203125,-10.314940452575684,-1.2393798828125,0.3497314453125,0.1627197265625
27.698,2203,3147,654,3147,0.0,33.0,17.0,-3.112792730331421,13.366698265075684,0.8544921278953552,-1.0513916015625,0.4971923828125,0.057861328125
27.699,2424,3147,317,387,0.0,33.0,17.0,-3.112792730331421,13.366698265075684,0.8544921278953552,-0.8175048828125,0.4173583984375,0.04833984375
27.713,1323,3147,1357,2909,0.0,33.0,17.0,14.831542015075684,41.198726654052734,6.469726085662842,-0.6380615234375,0.0992431640625,0.1505126953125
27.721,594,3147,1931,2929,0.0,33.0,17.0,29.113767623901367,44.128414154052734,-2.929687261581421,-0.4990234375,-0.260498046875,0.2352294921875
27.729,572,3147,1646,2414,0.0,33.0,17.0,29.113767623901367,44.128414154052734,-2.929687261581421,-0.4122314453125,-0.416259765625,0.1641845703125
27.757,538,3147,1611,1666,0.0,33.0,17.0,70.12939453125,37.78076171875,-10.314940452575684,-0.36328125,-0.2225341796875,0.0323486328125
27.757,497,3147,1615,1262,0.0,30.0,18.0,80.38329315185547,21.606443405151367,-7.385253429412842,-0.2894287109375,0.0804443359375,0.0489501953125
27.759,1703,3147,318,351,0.0,30.0,18.0,80.38329315185547,21.606443405151367,-7.385253429412842,-0.302001953125,0.1864013671875,0.1082763671875
27.773,1622,3147,363,391,0.0,30.0,18.0,81.54296112060547,-10.253905296325684,-13.916014671325684,-0.4146728515625,0.1324462890625,-0.048583984375
27.782,946,3147,1003,334,0.0,30.0,18.0,88.92821502685547,-4.45556640625,-12.207030296325684,-0.51416015625,0.1422119140625,-0.34228515625
27.794,746,3147,1085,342,0.0,30.0,18.0,88.92821502685547,-4.45556640625,-12.207030296325684,-0.59619140625,0.3380126953125,-0.5081787109375
27.806,601,2954,1018,346,0.0,30.0,18.0,77.69775390625,15.991209983825684,4.57763671875,-0.673095703125,0.587158203125,-0.4837646484375
27.817,585,2818,975,344,0.0,30.0,18.0,49.804683685302734,16.2353515625,5.920409679412842,-0.730224609375,0.658447265625,-0.371826171875
27.819,598,2698,943,338,0.0,30.0,18.0,49.804683685302734,16.2353515625,5.920409679412842,-0.7996826171875,0.5335693359375,-0.244140625
27.833,631,2448,897,331,0.0,30.0,18.0,-10.070799827575684,-0.4882812201976776,-8.72802734375,-0.8719482421875,0.36328125,-0.124755859375
27.856,616,2428,846,334,0.0,30.0,18.0,-20.324705123901367,-7.324218273162842,-12.573241233825684,-0.8636474609375,0.256103515625,-0.0596923828125
27.857,603,2391,835,332,-2.0,34.0,20.0,-20.324705123901367,-7.324218273162842,-12.573241233825684,-0.8043212890625,0.251708984375,-0.047607421875
27.863,576,2424,785,332,-2.0,34.0,20.0,-4.0283203125,-15.136717796325684,-17.2119140625,-0.8580322265625,0.2733154296875,-0.0728759765625
27.871,569,2561,772,332,-2.0,34.0,20.0,7.263183116912842,-6.713866710662842,-11.352538108825684,-0.906005859375,0.317626953125,-0.1175537109375
27.879,588,2691,755,330,-2.0,34.0,20.0,7.263183116912842,-6.713866710662842,-11.352538108825684,-0.8070068359375,0.4117431640625,-0.1436767578125
27.893,404,3024,913,346,-2.0,34.0,20.0,17.2119140625,11.291502952575684,10.253905296325684,-0.7030029296875,0.437744140625,-0.154296875
27.901,504,3147,858,345,-2.0,34.0,20.0,12.512206077575684,13.427733421325684,12.329100608825684,-0.671875,0.3653564453125,-0.1632080078125
27.909,531,3147,684,424,-2.0,34.0,20.0,12.512206077575684,13.427733421325684,12.329100608825684,-0.671875,0.3653564453125,-0.1632080078125
27.926,974,3147,315,346,-2.0,34.0,20.0,-2.50244140625,14.465331077575684,14.953612327575684,-0.652587890625,0.2337646484375,-0.2197265625
27.932,987,3147,314,351,-2.0,34.0,20.0,-2.50244140625,14.465331077575684,14.953612327575684,-0.752197265625,0.162841796875,-0.1806640625
27.939,958,3147,794,963,-2.0,34.0,20.0,-12.268065452575684,13.427733421325684,15.808104515075684,-0.752197265625,0.162841796875,-0.1806640625
27.959,854,3147,314,411,-4.0,30.0,22.0,-11.779784202575684,25.451658248901367,38.26904296875,-0.80712890625,0.150390625,-0.1317138671875
27.961,790,3147,310,371,-4.0,30.0,22.0,-11.779784202575684,25.451658248901367,38.26904296875,-0.69580078125,0.1392822265625,-0.1099853515625
27.969,484,3147,710,1985,-4.0,30.0,22.0,-9.21630859375,32.2265625,51.391597747802734,-0.69580078125,0.1392822265625,-0.1099853515625
27.983,363,3147,427,568,-4.0,30.0,22.0,-3.662109136581421,28.320310592651367,63.110347747802734,-0.353515625,0.0439453125,-0.0028076171875
27.997,1050,3147,506,1854,-4.0,30.0,22.0,-3.662109136581421,28.320310592651367,63.110347747802734,-0.1092529296875,0.2335205078125,0.0430908203125
27.999,400,3147,1599,3147,-4.0,30.0,22.0,13.793944358825684,9.521484375,55.236812591552734,-0.1092529296875,0.2335205078125,0.0430908203125
28.012,705,3147,2647,3147,-4.0,30.0,22.0,-10.925292015075684,-43.151851654052734,-6.225585460662842,0.445068359375,1.340576171875,-0.243896484375
28.021,849,3147,3094,3147,-4.0,30.0,22.0,-10.925292015075684,-43.151851654052734,-6.225585460662842,0.294921875,0.89794921875,-0.288818359375
28.038,2930,3147,2505,3147,-4.0,30.0,22.0,-144.71435546875,-58.044429779052734,-38.9404296875,0.294921875,0.89794921875,-0.288818359375
28.043,2608,3147,855,2758,-1.0,33.0,20.0,-236.20603942871094,-58.715816497802734,-58.105464935302734,-0.996826171875,-1.8736572265625,-0.280029296875
28.064,3147,3147,346,571,-1.0,33.0,20.0,-236.20603942871094,-58.715816497802734,-58.105464935302734,-1.5921630859375,-0.515869140625,-0.60107421875
28.064,3147,3147,346,2993,-1.0,33.0,20.0,-98.44969940185547,-46.752925872802734,-29.968259811401367,-1.5921630859375,-0.515869140625,-0.60107421875
28.073,895,3147,3147,3147,-1.0,33.0,20.0,-78.2470703125,-63.232418060302734,25.207517623901367,-2.2135009765625,2.3077392578125,-0.459228515625
28.083,947,3147,3147,3147,-1.0,33.0,20.0,-78.2470703125,-63.232418060302734,25.207517623901367,-2.9573974609375,2.4351806640625,-0.115478515625
28.090,963,3147,3147,3147,-1.0,33.0,20.0,-125.42723846435547,-63.842769622802734,20.812986373901367,-2.9573974609375,2.4351806640625,-0.115478515625
28.103,1000,3147,3147,3147,-1.0,33.0,20.0,-43.762203216552734,-47.424312591552734,-27.893064498901367,-1.7161865234375,-1.260009765625,1.1424560546875
28.111,891,3147,3147,3147,-1.0,33.0,20.0,-43.762203216552734,-47.424312591552734,-27.893064498901367,-0.86328125,-0.7476806640625,0.9544677734375
28.119,778,3147,3147,3147,-1.0,33.0,20.0,93.13964080810547,-33.99658203125,-42.175289154052734,-0.86328125,-0.7476806640625,0.9544677734375
28.145,794,3147,3147,3147,-1.0,33.0,20.0,181.88475036621094,-3.051757574081421,-27.038572311401367,-1.3406982421875,0.76220703125,-0.886474609375
28.145,813,3147,3147,3147,-2.0,29.0,19.0,185.72996520996094,13.305663108825684,-11.230467796325684,-1.3406982421875,0.76220703125,-0.886474609375
28.164,816,3147,3147,3147,-2.0,29.0,19.0,133.544921875,6.896972179412842,-2.197265625,-1.6331787109375,0.9716796875,-1.1343994140625
28.164,763,3147,3147,3147,-2.0,29.0,19.0,58.410640716552734,-11.047362327575684,0.6103515625,-1.5921630859375,0.9229736328125,-0.7152099609375
28.171,730,3147,3147,3147,-2.0,29.0,19.0,-11.291502952575684,-31.738279342651367,-4.57763671875,-1.5921630859375,0.9229736328125,-0.7152099609375
28.179,671,3147,3147,3147,-2.0,29.0,19.0,-53.283687591552734,-46.386714935302734,-15.197752952575684,-1.382568359375,0.555419921875,-0.2069091796875
28.193,502,3147,3147,3147,-2.0,29.0,19.0,-63.171382904052734,-48.828121185302734,-23.864744186401367,-1.1326904296875,0.20654296875,0.4041748046875
28.203,454,3147,3147,3147,-2.0,29.0,19.0,-49.316402435302734,-37.53662109375,-26.489255905151367,-1.1326904296875,0.20654296875,0.4041748046875
28.209,447,3147,3012,3147,-2.0,29.0,19.0,-23.193357467651367,-14.404295921325684,-21.545408248901367,-1.080810546875,0.3709716796875,0.3621826171875
28.223,437,3147,2668,3147,-2.0,29.0,19.0,-0.30517578125,10.864256858825684,-12.634276390075684,-0.8731689453125,0.314208984375,0.3043212890625
28.231,430,3147,2530,3147,-2.0,29.0,19.0,14.221190452575684,28.503416061401367,-8.9111328125,-0.8731689453125,0.314208984375,0.3043212890625
28.245,428,3147,2317,3147,0.0,29.0,25.0,29.785154342651367,37.90283203125,-10.620116233825684,-0.7880859375,0.068359375,0.2694091796875
28.268,416,3147,1983,3147,0.0,29.0,25.0,50.598140716552734,40.222164154052734,-11.535643577575684,-0.5784912109375,-0.1458740234375,0.0423583984375
28.268,414,3147,1798,2746,0.0,29.0,25.0,72.509765625,35.70556640625,-10.925292015075684,-0.5784912109375,-0.1458740234375,0.0423583984375
28.269,404,3147,1730,2133,0.0,29.0,25.0,91.85790252685547,28.564451217651367,-9.58251953125,-0.4774169921875,-0.095947265625,-0.074951171875
28.283,400,3147,1595,1632,0.0,29.0,25.0,101.86766815185547,22.033689498901367,-6.408690929412842,-0.3323974609375,0.180419921875,0.001220703125
28.296,393,3147,1476,1428,0.0,29.0,25.0,93.93309783935547,14.465331077575684,-3.723144292831421,-0.3323974609375,0.180419921875,0.001220703125
28.306,387,3147,1348,1202,0.0,29.0,25.0,74.03564453125,7.995604991912842,-4.33349609375,-0.3555908203125,0.0872802734375,0.095458984375
28.313,408,3147,1175,1041,0.0,29.0,25.0,60.974117279052734,9.33837890625,-4.45556640625,-0.6258544921875,0.092041015625,-0.2952880859375
28.321,423,3147,1092,1031,0.0,29.0,25.0,63.537593841552734,18.6767578125,0.2441406100988388,-0.6258544921875,0.092041015625,-0.2952880859375
28.329,414,3147,1001,991,0.0,29.0,25.0,68.115234375,25.817869186401367,5.187987804412842,-0.701416015625,0.3236083984375,-0.465576171875
28.350,388,3147,865,944,-4.0,30.0,16.0,55.419918060302734,21.789548873901367,0.6103515625,-0.9307861328125,0.4146728515625,-0.252197265625
28.370,386,3147,802,891,-4.0,30.0,16.0,23.925779342651367,14.526366233825684,-9.1552734375,-0.9307861328125,0.4146728515625,-0.252197265625
28.372,406,3147,788,797,-4.0,30.0,16.0,-4.57763671875,14.221190452575684,-9.1552734375,-0.99169921875,0.279052734375,-0.090087890625
28.373,423,3147,744,707,-4.0,30.0,16.0,-13.671874046325684,17.88330078125,-1.3427733182907104,-0.913330078125,0.2701416015625,-0.0255126953125
28.381,423,3147,725,702,-4.0,30.0,16.0,-10.742186546325684,19.59228515625,2.563476324081421,-0.81494140625,0.35302734375,-0.0196533203125
28.390,431,3147,693,723,-4.0,30.0,16.0,-6.591796398162842,18.85986328125,1.15966796875,-0.770263671875,0.40625,-0.0233154296875
28.410,490,3147,582,808,-4.0,30.0,16.0,-0.2441406100988388,20.324705123901367,1.4648436307907104,-0.77099609375,0.420654296875,-0.0347900390625
28.411,468,3147,567,897,-4.0,30.0,16.0,11.840819358825684,25.817869186401367,7.080077648162842,-0.774658203125,0.444091796875,-0.081787109375
28.419,464,3147,547,1013,-4.0,30.0,16.0,24.108884811401367,31.372068405151367,13.732909202575684,-0.7606201171875,0.4637451171875,-0.144775390625
28.433,445,3147,514,1145,-2.0,32.0,24.0,27.832029342651367,33.203125,16.7236328125,-0.7418212890625,0.443115234375,-0.1959228515625
28.441,371,3147,526,1213,-2.0,32.0,24.0,21.911619186401367,32.40966796875,15.319823265075684,-0.7332763671875,0.363037109375,-0.2308349609375
28.449,468,3147,463,1287,-2.0,32.0,24.0,10.498045921325684,31.921384811401367,12.207030296325684,-0.72705078125,0.2640380859375,-0.27734375
28.474,430,3147,393,1326,-2.0,32.0,24.0,-6.164550304412842,34.24072265625,11.108397483825684,-0.766845703125,0.172607421875,-0.2847900390625
28.474,344,3147,411,1575,-2.0,32.0,24.0,-23.498533248901367,38.75732421875,16.66259765625,-0.8385009765625,0.089111328125,-0.21044921875
28.483,359,3147,375,1634,-2.0,32.0,24.0,-30.151365280151367,43.823238372802734,28.686521530151367,-0.843017578125,0.0653076171875,-0.1402587890625
28.493,359,3147,332,1973,-2.0,32.0,24.0,-24.291990280151367,48.400875091552734,41.198726654052734,-0.7559814453125,0.1334228515625,-0.1402587890625
28.509,317,3147,319,2266,-2.0,32.0,24.0,-13.061522483825684,51.025386810302734,49.194332122802734,-0.62548828125,0.2823486328125,-0.219482421875
28.510,330,3147,337,2458,-2.0,32.0,24.0,-4.33349609375,49.865718841552734,51.208492279052734,-0.5123291015625,0.431396484375,-0.3072509765625
28.518,305,3147,404,3143,-2.0,32.0,24.0,-1.2817381620407104,46.020503997802734,50.048824310302734,-0.4447021484375,0.4788818359375,-0.2996826171875
28.533,694,3147,721,3147,-5.0,32.0,18.0,-2.746581792831421,33.02001953125,46.752925872802734,-0.263427734375,0.40576171875,-0.0692138671875
28.540,1413,3147,904,3147,-5.0,32.0,18.0,-1.7700194120407104,-15.136717796325684,25.634763717651367,0.12939453125,0.5416259765625,0.3856201171875
28.548,495,3147,2161,3147,-5.0,32.0,18.0,-11.047362327575684,-67.87109375,-24.047849655151367,0.3699951171875,1.1815185546875,0.1673583984375
28.574,932,3147,1801,3147,-5.0,32.0,18.0,-125.24413299560547,-79.58984375,-65.91796875,0.26171875,0.9473876953125,-0.288330078125
28.574,702,3147,2638,3147,-5.0,32.0,18.0,-279.052734375,-79.28466796875,-74.951171875,0.035400390625,-0.9117431640625,-0.2989501953125
28.578,540,3147,2863,3147,-5.0,32.0,18.0,-245.60545349121094,-73.73046875,-74.70703125,-0.4437255859375,-1.961181640625,-0.5462646484375
28.598,536,3147,3147,3147,-5.0,32.0,18.0,-81.60399627685547,-66.95556640625,-63.598628997802734,-1.2412109375,-0.7293701171875,-0.8046875
28.603,765,3147,3147,3147,-5.0,32.0,18.0,-5.065917491912842,-77.45361328125,-32.40966796875,-2.0198974609375,1.3118896484375,-0.830322265625
28.614,883,3147,3147,3147,-5.0,32.0,18.0,-49.621578216552734,-91.49169158935547,-5.187987804412842,-2.7569580078125,2.4417724609375,-0.47705078125
28.622,920,3147,3147,3147,-5.0,32.0,18.0,-111.81639862060547,-88.80614471435547,11.047362327575684,-3.4395751953125,2.04736328125,-0.12451171875
28.630,922,3147,3147,3147,-2.0,28.0,23.0,-107.29979705810547,-69.7021484375,6.835937023162842,-2.7958984375,-0.1968994140625,0.6929931640625
28.638,803,3147,3147,3147,-2.0,28.0,23.0,-0.54931640625,-53.894039154052734,-14.526366233825684,-1.0911865234375,-1.38916015625,1.7177734375
28.652,598,3147,3147,3147,-2.0,28.0,23.0,133.7890625,-14.038084983825684,-14.953612327575684,-0.47705078125,-0.1024169921875,1.1214599609375
28.680,532,3147,3147,3147,-2.0,28.0,23.0,180.90818786621094,41.748043060302734,-2.685546636581421,-0.89404296875,0.81494140625,-0.3450927734375
28.680,506,3147,3147,3147,-2.0,28.0,23.0,141.2353515625,58.105464935302734,-2.807616949081421,-1.2750244140625,0.743896484375,-1.1312255859375
28.682,508,3147,3147,3147,-2.0,28.0,23.0,71.4111328125,39.9169921875,-5.310058116912842,-1.490234375,0.709228515625,-1.1983642578125
28.690,516,3147,3147,3147,-2.0,28.0,23.0,9.27734375,13.977049827575684,-3.906249761581421,-1.673095703125,0.8994140625,-1.0068359375
28.698,514,3147,3147,3147,-2.0,28.0,23.0,-36.80419921875,-7.385253429412842,-6.408690929412842,-1.72900390625,0.839111328125,-0.6644287109375
28.715,508,3147,3147,3147,-2.0,28.0,23.0,-63.232418060302734,-21.057126998901367,-12.634276390075684,-1.60986328125,0.548095703125,-0.2142333984375
28.720,480,3147,3147,3147,-2.0,28.0,23.0,-68.115234375,-22.094724655151367,-16.7236328125,-1.45263671875,0.314208984375,0.1278076171875
28.748,426,3147,3147,3147,-1.0,26.0,24.0,-68.115234375,-22.094724655151367,-16.7236328125,-1.3321533203125,0.2708740234375,0.26708984375
28.752,425,3147,2939,3147,-1.0,26.0,24.0,-35.7666015625,7.507323741912842,-10.620116233825684,-1.23583984375,0.3909912109375,0.2384033203125
28.758,414,3147,2654,3147,-1.0,26.0,24.0,-16.41845703125,26.367185592651367,-1.8920897245407104,-1.1025390625,0.517822265625,0.1622314453125
28.763,430,3147,2391,3147,-1.0,26.0,24.0,-16.41845703125,26.367185592651367,-1.8920897245407104,-0.902587890625,0.3668212890625,0.1810302734375
28.786,488,3147,2014,3147,-1.0,26.0,24.0,5.371093273162842,49.316402435302734,7.812499523162842,-0.7232666015625,0.032958984375,0.2628173828125
28.786,410,3147,1920,3147,-1.0,26.0,24.0,25.573728561401367,52.185054779052734,5.798339366912842,-0.567138671875,-0.1982421875,0.2926025390625
28.789,408,3147,1727,3147,-1.0,26.0,24.0,25.573728561401367,52.185054779052734,5.798339366912842,-0.4381103515625,-0.2359619140625,0.2115478515625
28.802,409,3147,1437,2799,-1.0,26.0,24.0,85.81542205810547,41.564937591552734,-4.39453125,-0.4129638671875,-0.0538330078125,-0.0133056640625
28.824,364,3147,1318,2465,-1.0,26.0,24.0,102.35594940185547,36.19384765625,-5.737304210662842,-0.4456787109375,0.2861328125,-0.2696533203125
28.825,360,3147,1188,2113,-1.0,26.0,24.0,102.35594940185547,36.19384765625,-5.737304210662842,-0.43212890625,0.4417724609375,-0.2928466796875
28.832,357,3147,1012,1575,-1.0,32.0,14.0,48.706050872802734,17.39501953125,-9.521484375,-0.431396484375,0.2589111328125,-0.11376953125
28.840,383,3147,975,1429,-1.0,32.0,14.0,21.362302780151367,10.314940452575684,-16.41845703125,-0.5123291015625,0.033935546875,-0.1041259765625
28.848,363,3147,897,1340,-1.0,32.0,14.0,21.362302780151367,10.314940452575684,-16.41845703125,-0.6348876953125,0.023681640625,-0.322998046875
28.862,361,3147,858,1118,-1.0,32.0,14.0,34.24072265625,19.4091796875,-14.648436546325684,-0.7694091796875,0.21728515625,-0.487060546875
28.885,359,3147,808,1014,-1.0,32.0,14.0,35.09521484375,19.47021484375,-10.620116233825684,-0.87451171875,0.4278564453125,-0.473876953125
28.885,348,3147,757,912,-1.0,32.0,14.0,35.09521484375,19.47021484375,-10.620116233825684,-0.9058837890625,0.4703369140625,-0.3609619140625
28.892,336,3147,638,654,-1.0,32.0,14.0,4.638671875,6.835937023162842,-9.82666015625,-0.884765625,0.35400390625,-0.2359619140625
28.902,332,3147,575,441,-1.0,32.0,14.0,-6.103515148162842,2.807616949081421,-8.72802734375,-0.8544921875,0.24462890625,-0.1456298828125
28.911,334,3147,559,345,-1.0,32.0,14.0,-6.103515148162842,2.807616949081421,-8.72802734375,-0.830810546875,0.2154541015625,-0.072021484375
28.923,316,3147,487,344,-1.0,27.0,27.0,-5.859374523162842,1.6479490995407104,-0.3662109076976776,-0.817626953125,0.2198486328125,-0.0084228515625
28.933,317,3147,442,346,-1.0,27.0,27.0,-0.6103515625,2.38037109375,3.051757574081421,-0.6929931640625,0.27978515625,-0.0106201171875
28.938,315,3147,456,338,-1.0,27.0,27.0,-0.6103515625,2.38037109375,3.051757574081421,-0.6929931640625,0.27978515625,-0.0106201171875
28.952,316,3147,437,352,-1.0,27.0,27.0,4.57763671875,-2.38037109375,-3.051757574081421,-0.8406982421875,0.34521484375,-0.0445556640625
28.963,316,3147,427,531,-1.0,27.0,27.0,4.57763671875,-2.38037109375,-3.051757574081421,-0.87646484375,0.314697265625,-0.0457763671875
28.990,317,3147,425,651,-1.0,27.0,27.0,3.356933355331421,6.225585460662842,5.0048828125,-0.87646484375,0.314697265625,-0.0457763671875
28.991,315,3147,406,932,-1.0,27.0,27.0,5.920409679412842,24.047849655151367,26.733396530151367,-0.710693359375,0.3074951171875,-0.1455078125
28.991,312,3147,411,1081,-1.0,27.0,27.0,5.920409679412842,24.047849655151367,26.733396530151367,-0.7066650390625,0.2225341796875,-0.169677734375
28.998,313,3147,404,1328,-1.0,27.0,27.0,3.479003667831421,27.770994186401367,31.982419967651367,-0.7066650390625,0.2225341796875,-0.169677734375
29.020,313,3147,411,1744,-1.0,27.0,27.0,-1.03759765625,38.02490234375,48.889156341552734,-0.65087890625,0.0867919921875,-0.1507568359375
29.020,315,3147,409,2061,-3.0,30.0,17.0,-1.03759765625,38.02490234375,48.889156341552734,-0.578857421875,0.12646484375,-0.1246337890625
29.028,306,3147,382,2384,-3.0,30.0,17.0,-1.8310545682907104,43.334957122802734,58.776851654052734,-0.578857421875,0.12646484375,-0.1246337890625
29.046,327,3147,426,2921,-3.0,30.0,17.0,5.432128429412842,43.579097747802734,66.7724609375,-0.3955078125,0.3836669921875,-0.1468505859375
29.050,354,3147,765,3147,-3.0,30.0,17.0,5.432128429412842,43.579097747802734,66.7724609375,-0.29443359375,0.4998779296875,-0.1163330078125
29.058,369,3147,1236,3147,-3.0,30.0,17.0,9.3994140625,34.97314453125,63.476558685302734,-0.29443359375,0.4998779296875,-0.1163330078125
29.087,656,3147,2479,3147,-3.0,30.0,17.0,-17.822265625,-50.109859466552734,-7.751464366912842,0.3492431640625,1.52783203125,-0.1685791015625
29.087,963,3147,2421,3147,-3.0,30.0,17.0,-17.822265625,-50.109859466552734,-7.751464366912842,0.1295166015625,1.0579833984375,-0.3070068359375
29.097,465,3147,351,3019,-3.0,30.0,17.0,-158.0810546875,-64.0869140625,-60.424800872802734,0.1295166015625,1.0579833984375,-0.3070068359375
29.102,963,3147,1732,3147,-3.0,30.0,17.0,-276.91650390625,-27.648923873901367,-70.00732421875,-0.638427734375,-1.9326171875,-0.0936279296875
29.110,1508,3147,2554,3147,-3.0,30.0,17.0,-276.91650390625,-27.648923873901367,-70.00732421875,-1.2037353515625,-1.260009765625,-0.3558349609375
29.127,966,3147,2899,3147,0.0,33.0,17.0,-91.61376190185547,-23.864744186401367,-68.05419921875,-1.2037353515625,-1.260009765625,-0.3558349609375
29.132,707,3147,2409,3147,0.0,33.0,17.0,35.15625,-87.70751190185547,-11.596678733825684,-1.95361328125,1.926025390625,-0.8056640625
29.140,837,3147,3147,3147,0.0,33.0,17.0,35.15625,-87.70751190185547,-11.596678733825684,-2.837646484375,2.6405029296875,-0.834228515625
29.148,853,3147,3147,3147,0.0,33.0,17.0,-11.413573265075684,-100.76903533935547,6.530761241912842,-2.837646484375,2.6405029296875,-0.834228515625
29.162,986,3147,968,3147,0.0,33.0,17.0,-46.752925872802734,-96.19139862060547,8.23974609375,-2.1004638671875,-0.80419921875,0.79296875
29.183,853,3147,3147,3147,0.0,33.0,17.0,-20.01953125,-88.86717987060547,-17.02880859375,-2.1004638671875,-0.80419921875,0.79296875
29.188,815,3147,3147,3147,0.0,33.0,17.0,78.43017578125,-77.392578125,-45.532222747802734,-0.83935546875,-1.057373046875,1.1827392578125
29.193,815,3147,3147,3147,0.0,33.0,17.0,143.37158203125,-35.70556640625,-32.65380859375,-1.0804443359375,0.8472900390625,-0.6746826171875
29.203,830,3147,3147,3147,0.0,33.0,17.0,123.47411346435547,10.375975608825684,-14.343260765075684,-1.0804443359375,0.8472900390625,-0.6746826171875
29.209,822,3147,3147,3147,0.0,33.0,17.0,64.3310546875,20.263669967651367,-14.709471702575684,-1.4632568359375,0.60205078125,-0.8770751953125
29.227,815,3147,3147,3147,-1.0,29.0,25.0,7.568358898162842,6.042479991912842,-12.634276390075684,-1.857666015625,0.654541015625,-0.5484619140625
29.230,788,3147,3147,3147,-1.0,29.0,25.0,-31.799314498901367,-8.36181640625,-1.6479490995407104,-1.857666015625,0.654541015625,-0.5484619140625
29.238,746,3147,3147,3147,-1.0,29.0,25.0,-53.344722747802734,-17.02880859375,5.798339366912842,-1.8226318359375,0.661376953125,-0.3218994140625
29.252,1043,3147,2853,3147,-1.0,29.0,25.0,-61.462398529052734,-19.83642578125,5.737304210662842,-1.534912109375,0.3604736328125,0.0777587890625
29.260,1054,3147,2798,3147,-1.0,29.0,25.0,-61.523433685302734,-15.991209983825684,4.33349609375,-1.534912109375,0.3604736328125,0.0777587890625
29.271,830,3147,2750,3147,-1.0,29.0,25.0,-53.100582122802734,-7.873534679412842,6.225585460662842,-1.4195556640625,0.3858642578125,0.1427001953125
29.290,563,3147,2627,3147,-1.0,29.0,25.0,-36.31591796875,2.807616949081421,11.718749046325684,-0.95947265625,0.4007568359375,0.212646484375
29.291,746,3147,2404,3147,-1.0,29.0,25.0,-15.258788108825684,11.779784202575684,14.282225608825684,-0.95947265625,0.4007568359375,0.212646484375
29.298,406,3147,2344,3147,-1.0,29.0,25.0,10.925292015075684,16.845703125,8.11767578125,-0.7406005859375,0.13818359375,0.259765625
29.313,371,3147,1819,2516,0.0,30.0,20.0,41.259761810302734,20.324705123901367,-1.03759765625,-0.4893798828125,-0.202880859375,0.1146240234375
29.321,391,3147,1580,1820,0.0,30.0,20.0,67.2607421875,20.935056686401367,-9.27734375,-0.4893798828125,-0.202880859375,0.1146240234375
29.329,372,3147,1467,1427,0.0,30.0,20.0,85.99852752685547,19.47021484375,-15.075682640075684,-0.41552734375,-0.243408203125,0.048828125
29.342,336,3147,1148,598,0.0,30.0,20.0,94.29930877685547,16.357421875,-13.305663108825684,-0.2559814453125,0.0543212890625,0.3017578125
29.350,346,2818,1014,356,0.0,30.0,20.0,88.98925018310547,6.408690929412842,-9.765625,-0.2559814453125,0.0543212890625,0.3017578125
29.358,344,2396,899,348,0.0,30.0,20.0,84.77782440185547,-3.356933355331421,-14.587401390075684,-0.261474609375,-0.0472412109375,0.294921875
29.372,327,1927,806,338,0.0,30.0,20.0,98.20555877685547,0.2441406100988388,-20.568845748901367,-0.4024658203125,-0.080322265625,-0.078857421875
29.392,316,1521,673,338,0.0,30.0,20.0,117.85887908935547,11.291502952575684,-17.08984375,-0.5460205078125,0.1666259765625,-0.472412109375
29.393,313,1251,488,336,0.0,30.0,20.0,116.39403533935547,19.04296875,-7.934569835662842,-0.6275634765625,0.560302734375,-0.637451171875
29.402,306,1108,442,332,0.0,30.0,20.0,83.55712127685547,21.240232467651367,-1.2817381620407104,-0.6622314453125,0.82958984375,-0.6011962890625
29.415,308,934,473,330,-2.0,31.0,23.0,34.60693359375,18.310546875,-2.38037109375,-0.7030029296875,0.8221435546875,-0.440673828125
29.418,307,872,438,323,-2.0,31.0,23.0,-9.033203125,14.831542015075684,-7.385253429412842,-0.8031005859375,0.591064453125,-0.2431640625
29.432,306,746,427,325,-2.0,31.0,23.0,-34.72900390625,13.977049827575684,-8.1787109375,-0.8759765625,0.2762451171875,-0.0548095703125
29.440,306,806,402,330,-2.0,31.0,23.0,-40.283199310302734,12.145995140075684,-5.0048828125,-0.759521484375,0.056640625,0.0863037109375
29.448,306,949,401,330,-2.0,31.0,23.0,-29.663084030151367,2.563476324081421,-6.469726085662842,-0.641845703125,0.015380859375,0.153076171875
29.462,308,1312,456,331,-2.0,31.0,23.0,-13.244627952575684,-4.69970703125,-11.291502952575684,-0.76806640625,0.0557861328125,0.1378173828125
29.470,310,1656,501,332,-2.0,31.0,23.0,2.01416015625,0.8544921278953552,-5.187987804412842,-0.849365234375,0.16845703125,0.0582275390625
29.499,316,2108,513,333,-2.0,31.0,23.0,15.747069358825684,9.94873046875,10.070799827575684,-0.7281494140625,0.3443603515625,-0.0330810546875
29.499,316,2780,539,336,-2.0,31.0,23.0,24.047849655151367,15.502928733825684,19.22607421875,-0.6368408203125,0.462646484375,-0.114990234375
29.500,315,3020,562,343,-2.0,31.0,23.0,23.254392623901367,17.578125,20.446775436401367,-0.6611328125,0.4869384765625,-0.1640625
29.508,316,3147,540,475,-4.0,31.0,20.0,16.29638671875,18.98193359375,21.789548873901367,-0.695068359375,0.4488525390625,-0.175537109375
29.533,316,3147,578,1081,-4.0,31.0,20.0,9.21630859375,21.484373092651367,26.062009811401367,-0.6676025390625,0.379638671875,-0.1807861328125
29.533,313,3147,605,1501,-4.0,31.0,20.0,3.234863042831421,24.169919967651367,30.273435592651367,-0.622314453125,0.3157958984375,-0.1883544921875
29.538,383,3147,539,1730,-4.0,31.0,20.0,-3.906249761581421,23.925779342651367,32.958984375,-0.5848388671875,0.2681884765625,-0.15576171875
29.552,426,3147,644,2316,-4.0,31.0,20.0,-9.33837890625,20.935056686401367,34.0576171875,-0.541259765625,0.2266845703125,-0.081787109375
29.560,1005,3147,310,2624,-4.0,31.0,20.0,-7.019042491912842,16.90673828125,31.677244186401367,-0.4656982421875,0.21923828125,-0.0374755859375
29.568,1302,3147,324,536,-4.0,31.0,20.0,6.774901866912842,4.39453125,16.41845703125,-0.248779296875,0.3494873046875,-0.0592041015625
29.600,428,3147,2386,3147,-4.0,31.0,20.0,16.2353515625,-15.319823265075684,-22.888181686401367,-0.11865234375,0.7989501953125,-0.2303466796875
29.600,2797,3147,2492,3147,-4.0,31.0,20.0,-37.41455078125,-24.780271530151367,-60.974117279052734,-0.2711181640625,1.3978271484375,-0.558837890625
29.600,540,3147,2959,723,-4.0,31.0,20.0,-196.41111755371094,-35.82763671875,-61.340328216552734,-0.3292236328125,0.88818359375,-0.477783203125
29.612,1216,3147,2308,3147,2.0,30.0,24.0,-337.0361022949219,-53.405757904052734,-48.889156341552734,-0.16748046875,-0.8262939453125,-0.217529296875
29.634,2287,3147,1653,3147,2.0,30.0,24.0,-305.6640625,-46.630855560302734,-59.387203216552734,-0.3328857421875,-1.7650146484375,-0.3612060546875
29.635,1704,3147,2322,3147,2.0,30.0,24.0,-173.64500427246094,-31.249998092651367,-68.90869140625,-0.9404296875,-1.1014404296875,-0.387451171875
29.643,1634,3147,2519,3147,2.0,30.0,24.0,-94.78759002685547,-33.14208984375,-49.377437591552734,-1.594482421875,0.3206787109375,-0.22265625
29.651,1153,3147,3147,3147,2.0,30.0,24.0,-98.75487518310547,-36.7431640625,-10.192870140075684,-2.1278076171875,1.29833984375,-0.0087890625
29.659,1085,3147,3147,3147,2.0,30.0,24.0,-115.66161346435547,-36.2548828125,21.667478561401367,-2.5863037109375,1.189453125,0.390869140625
29.673,1157,3147,3147,3147,2.0,30.0,24.0,-81.05467987060547,-34.24072265625,34.423828125,-3.021240234375,0.7791748046875,0.618408203125
29.699,1189,3147,376,2104,2.0,30.0,24.0,-8.48388671875,-24.291990280151367,34.85107421875,-2.6578369140625,0.1004638671875,0.5106201171875
29.699,1173,3147,3147,3147,2.0,30.0,24.0,70.49560546875,-8.1787109375,21.972654342651367,-1.4569091796875,-0.3785400390625,0.4293212890625
29.703,1069,3147,3147,3147,2.0,30.0,22.0,123.90135955810547,12.329100608825684,9.70458984375,-0.7711181640625,0.18505859375,0.12353515625
29.711,1039,3147,3147,3147,2.0,30.0,22.0,117.30956268310547,33.935546875,3.784179449081421,-0.9051513671875,0.717041015625,-0.5364990234375
29.724,1050,3147,3147,3147,2.0,30.0,22.0,79.2236328125,30.456541061401367,-10.803221702575684,-1.2064208984375,0.801513671875,-0.860107421875
29.739,1042,3147,3147,3147,2.0,30.0,22.0,47.119136810302734,-2.746581792831421,-29.602048873901367,-1.4490966796875,0.775390625,-0.7010498046875
29.741,1009,3147,3147,3147,2.0,30.0,22.0,19.04296875,-32.2265625,-39.12353515625,-1.6641845703125,0.616455078125,-0.473876953125
29.749,994,3147,3147,3147,2.0,30.0,22.0,-2.990722417831421,-42.297359466552734,-35.2783203125,-1.7791748046875,0.4036865234375,-0.275634765625
29.763,922,3147,3147,3147,2.0,30.0,22.0,-13.244627952575684,-40.10009765625,-22.705076217651367,-1.7449951171875,0.33203125,-0.0601806640625
29.771,869,3147,3147,3147,2.0,30.0,22.0,-17.7001953125,-30.700681686401367,-9.58251953125,-1.5894775390625,0.3323974609375,0.1138916015625
29.779,818,3147,3147,3147,2.0,30.0,22.0,-17.9443359375,-15.380858421325684,-0.6103515625,-1.3814697265625,0.2822265625,0.2608642578125
29.807,603,3147,3147,3147,2.0,30.0,22.0,-11.047362327575684,5.432128429412842,6.286620616912842,-1.2044677734375,0.2752685546875,0.3629150390625
29.807,389,3147,3147,3147,2.0,28.0,19.0,-1.03759765625,29.235837936401367,16.2353515625,-1.05322265625,0.3387451171875,0.3876953125
29.809,373,3147,2992,3147,2.0,28.0,19.0,6.835937023162842,50.537105560302734,27.099607467651367,-0.88818359375,0.28466796875,0.35986328125
29.824,364,3147,2571,3147,2.0,28.0,19.0,16.357421875,67.07763671875,31.005857467651367,-0.7513427734375,0.1551513671875,0.25732421875
29.841,360,3147,2328,3147,2.0,28.0,19.0,33.14208984375,75.927734375,24.353025436401367,-0.656005859375,0.0562744140625,0.121826171875
29.841,348,3147,2111,3147,2.0,28.0,19.0,56.152339935302734,71.044921875,9.3994140625,-0.5908203125,-0.0496826171875,0.0035400390625
29.853,338,3147,1739,2820,2.0,28.0,19.0,79.58984375,55.541988372802734,-5.187987804412842,-0.560791015625,-0.0560302734375,-0.1666259765625
29.861,336,3147,1588,2386,2.0,28.0,19.0,90.14891815185547,38.51318359375,-9.82666015625,-0.498779296875,0.1082763671875,-0.3292236328125
29.869,333,3147,1467,2085,2.0,28.0,19.0,77.57568359375,21.240232467651367,-7.446288585662842,-0.3751220703125,0.1688232421875,-0.2857666015625
29.883,330,3147,1292,1721,2.0,28.0,19.0,55.053707122802734,6.408690929412842,-8.11767578125,-0.310302734375,-0.0152587890625,-0.1124267578125
29.906,326,3147,1108,1653,2.0,28.0,19.0,47.302242279052734,4.57763671875,-9.521484375,-0.4189453125,-0.118896484375,-0.1304931640625
29.906,321,3147,943,1568,0.0,31.0,19.0,58.654781341552734,16.11328125,-4.150390625,-0.6448974609375,0.0758056640625,-0.3192138671875
29.913,317,3147,732,1330,0.0,31.0,19.0,69.3359375,26.672361373901367,6.530761241912842,-0.8170166015625,0.3897705078125,-0.4061279296875
29.921,313,3147,607,1213,0.0,31.0,19.0,65.24658203125,27.465818405151367,14.587401390075684,-0.8485107421875,0.5439453125,-0.32373046875
29.929,308,3147,527,1079,0.0,31.0,19.0,53.039546966552734,22.460935592651367,15.136717796325684,-0.8052978515625,0.4781494140625,-0.197265625
29.950,309,3147,442,853,0.0,31.0,19.0,43.090816497802734,17.822265625,13.183592796325684,-0.7568359375,0.3809814453125,-0.1168212890625
29.951,309,3147,481,894,0.0,31.0,19.0,35.5224609375,14.831542015075684,14.831542015075684,-0.701416015625,0.3592529296875,-0.0621337890625
29.959,310,3147,460,946,0.0,31.0,19.0,35.5224609375,14.831542015075684,14.831542015075684,-0.6575927734375,0.34619140625,-0.014892578125
29.973,308,3147,468,1100,0.0,31.0,19.0,18.798828125,13.244627952575684,18.49365234375,-0.672119140625,0.3165283203125,0.002197265625
29.981,310,3147,523,1243,0.0,31.0,19.0,13.305663108825684,15.075682640075684,17.63916015625,-0.722900390625,0.3153076171875,-0.0401611328125
29.989,308,3147,483,1323,0.0,31.0,19.0,13.305663108825684,15.075682640075684,17.63916015625,-0.75537109375,0.374267578125,-0.094482421875
30.007,306,3147,430,1490,-2.0,32.0,23.0,10.620116233825684,14.465331077575684,11.840819358825684,-0.6788330078125,0.417724609375,-0.153564453125
30.011,307,3147,454,1555,-2.0,32.0,23.0,-2.3193359375,8.97216796875,-1.6479490995407104,-0.7689208984375,0.3284912109375,-0.149169921875
30.019,309,3147,431,1569,-2.0,32.0,23.0,-2.3193359375,8.97216796875,-1.6479490995407104,-0.997802734375,0.17236328125,-0.089599609375
30.043,321,3147,411,1611,-2.0,32.0,23.0,-14.709471702575684,30.761716842651367,15.563963890075684,-0.9893798828125,0.126220703125,-0.1043701171875
30.044,327,3147,426,1624,-2.0,32.0,23.0,-1.3427733182907104,46.020503997802734,37.04833984375,-0.885009765625,0.1900634765625,-0.1695556640625
30.062,316,3147,426,1697,-2.0,32.0,23.0,-1.3427733182907104,46.020503997802734,37.04833984375,-0.837890625,0.2386474609375,-0.216552734375
30.063,311,3147,428,1987,-2.0,32.0,23.0,5.065917491912842,65.61279296875,56.762691497802734,-0.800048828125,0.217529296875,-0.1956787109375
30.071,316,3147,382,2228,-2.0,32.0,23.0,-4.150390625,69.580078125,63.110347747802734,-0.6859130859375,0.149169921875,-0.1217041015625
30.079,360,3147,362,2194,-2.0,32.0,23.0,-4.150390625,69.580078125,63.110347747802734,-0.5166015625,0.123779296875,-0.043701171875
30.112,346,3147,651,3126,-2.0,32.0,23.0,-13.854979515075684,65.00244140625,74.52392578125,-0.3033447265625,0.191650390625,0.0269775390625
30.112,1067,3147,405,2233,-7.0,35.0,18.0,-10.070799827575684,40.283199310302734,65.12451171875,0.04150390625,0.369140625,0.1485595703125
30.112,678,3147,731,2868,-7.0,35.0,18.0,-10.070799827575684,40.283199310302734,65.12451171875,0.468505859375,0.764404296875,0.1826171875
30.124,648,3147,2464,3147,-7.0,35.0,18.0,-40.588375091552734,-27.221677780151367,-18.49365234375,0.695556640625,1.1488037109375,-0.0662841796875
30.131,437,3147,2953,3147,-7.0,35.0,18.0,-138.00048828125,-29.418943405151367,-56.091304779052734,0.4476318359375,0.6173095703125,-0.3123779296875
30.148,400,3147,3147,3147,-7.0,35.0,18.0,-138.00048828125,-29.418943405151367,-56.091304779052734,-0.310546875,-0.7060546875,-0.57470703125
30.153,586,3147,3147,3147,-7.0,35.0,18.0,-162.96385192871094,-2.3193359375,-85.63231658935547,-1.166748046875,-1.1685791015625,-0.8388671875
30.161,748,3147,3147,3147,-7.0,35.0,18.0,-74.40185546875,-6.164550304412842,-69.4580078125,-1.5877685546875,-0.023193359375,-0.6966552734375
30.172,887,3147,3147,3147,-7.0,35.0,18.0,-74.40185546875,-6.164550304412842,-69.4580078125,-1.6693115234375,1.371826171875,-0.4635009765625
30.183,1185,3147,3147,3147,-7.0,35.0,18.0,-119.50682830810547,-35.400390625,-18.798828125,-2.04541015625,1.8387451171875,-0.5496826171875
30.191,1184,3147,3147,3147,-7.0,35.0,18.0,-119.50682830810547,-35.400390625,-18.798828125,-2.9482421875,2.0738525390625,-0.7767333984375
30.211,3147,3147,731,3147,0.0,30.0,14.0,-165.16111755371094,-20.751951217651367,-7.629394054412842,-2.9482421875,2.0738525390625,-0.7767333984375
30.213,1266,3147,3147,3147,0.0,30.0,14.0,-96.43553924560547,-16.66259765625,-9.8876953125,-1.992919921875,-1.2801513671875,1.1043701171875
30.221,1198,3147,3147,3147,0.0,30.0,14.0,-96.43553924560547,-16.66259765625,-9.8876953125,-1.068359375,-0.991943359375,1.24609375
30.229,1058,3147,3147,3147,0.0,30.0,14.0,44.982906341552734,-21.545408248901367,-27.160642623901367,-1.068359375,-0.991943359375,1.24609375
30.252,986,3147,3147,3147,0.0,30.0,14.0,146.91162109375,53.527828216552734,0.1220703050494194,-1.39697265625,0.6868896484375,-1.1456298828125
30.252,1004,3147,3147,3147,0.0,30.0,14.0,146.91162109375,53.527828216552734,0.1220703050494194,-1.5992431640625,0.90283203125,-1.45703125
30.267,1005,3147,3147,3147,0.0,30.0,14.0,119.07958221435547,37.04833984375,1.7700194120407104,-1.5992431640625,0.90283203125,-1.45703125
30.273,974,3147,3147,3147,0.0,30.0,14.0,0.7324218153953552,-27.587888717651367,8.11767578125,-1.8729248046875,1.1241455078125,-1.165283203125
30.285,934,3147,3147,3147,0.0,30.0,14.0,0.7324218153953552,-27.587888717651367,8.11767578125,-1.781982421875,0.72509765625,-0.6588134765625
30.289,865,3147,3147,3147,0.0,30.0,14.0,-44.616695404052734,-50.231929779052734,2.563476324081421,-1.781982421875,0.72509765625,-0.6588134765625
30.314,601,3147,3120,3147,0.0,32.0,19.0,-51.513668060302734,-60.729976654052734,0.8544921278953552,-1.3931884765625,0.265625,0.15185546875
30.314,1358,3147,2080,3147,0.0,32.0,19.0,-51.513668060302734,-60.729976654052734,0.8544921278953552,-1.0980224609375,0.3961181640625,0.2445068359375
30.319,2781,3147,2739,3147,0.0,32.0,19.0,-24.047849655151367,-51.147457122802734,9.21630859375,-1.0980224609375,0.3961181640625,0.2445068359375
30.333,867,3147,2075,3147,0.0,32.0,19.0,32.470703125,-22.277830123901367,4.5166015625,-0.5491943359375,0.1529541015625,0.33251953125
30.348,497,3147,2035,3018,0.0,32.0,19.0,32.470703125,-22.277830123901367,4.5166015625,-0.3837890625,-0.0771484375,0.2574462890625
30.352,405,3147,1892,2354,0.0,32.0,19.0,54.260250091552734,-5.187987804412842,-7.202147960662842,-0.3837890625,-0.0771484375,0.2574462890625
30.363,377,3147,1584,1521,0.0,32.0,19.0,88.62303924560547,15.563963890075684,-26.184080123901367,-0.2562255859375,-0.191162109375,0.1007080078125
30.373,401,3147,1357,998,0.0,32.0,19.0,88.62303924560547,15.563963890075684,-26.184080123901367,-0.2037353515625,-0.093994140625,0.242919921875
30.379,441,3147,1109,442,0.0,32.0,19.0,86.18163299560547,10.742186546325684,-24.780271530151367,-0.2037353515625,-0.093994140625,0.242919921875
30.398,348,2492,1132,349,-1.0,32.0,19.0,83.67919158935547,-15.502928733825684,-33.38623046875,-0.2896728515625,-0.0616455078125,0.0078125
30.416,338,2161,1155,351,-1.0,32.0,19.0,83.67919158935547,-15.502928733825684,-33.38623046875,-0.4937744140625,0.093505859375,-0.2928466796875
30.416,327,1954,1013,346,-1.0,32.0,19.0,98.51073455810547,-19.83642578125,-40.649410247802734,-0.4937744140625,0.093505859375,-0.2928466796875
30.423,324,1572,922,337,-1.0,32.0,19.0,110.22948455810547,-19.775390625,-35.94970703125,-0.7550048828125,0.7021484375,-0.4873046875
30.431,321,1323,998,338,-1.0,32.0,19.0,113.89159393310547,-15.991209983825684,-22.583005905151367,-0.7550048828125,0.7021484375,-0.4873046875
30.439,323,1191,988,334,-1.0,32.0,19.0,98.14452362060547,-9.521484375,-12.878417015075684,-0.858642578125,0.835693359375,-0.5467529296875
30.455,323,1038,1067,334,-1.0,32.0,19.0,59.265132904052734,-8.97216796875,-10.681151390075684,-0.8829345703125,0.37158203125,-0.24462890625
30.461,318,976,1078,332,-1.0,32.0,19.0,18.98193359375,-12.817381858825684,-9.8876953125,-0.8829345703125,0.37158203125,-0.24462890625
30.469,321,1012,1065,334,-1.0,32.0,19.0,2.01416015625,-16.17431640625,-5.126952648162842,-0.804931640625,0.0989990234375,-0.011474609375
30.483,323,1359,1091,336,-1.0,32.0,19.0,14.709471702575684,-17.88330078125,2.38037109375,-0.675537109375,0.093017578125,0.0948486328125
30.491,321,1673,1115,344,-3.0,31.0,18.0,42.297359466552734,-16.845703125,10.437010765075684,-0.675537109375,0.093017578125,0.0948486328125
30.499,321,2021,1116,348,-3.0,31.0,18.0,65.185546875,-13.244627952575684,19.04296875,-0.68359375,0.298828125,-0.0250244140625
30.517,323,2504,1129,347,-3.0,31.0,18.0,73.30322265625,-8.056640625,26.428220748901367,-0.6708984375,0.478759765625,-0.216796875
30.522,323,2781,1081,348,-3.0,31.0,18.0,67.3828125,-1.8310545682907104,30.517576217651367,-0.6708984375,0.478759765625,-0.216796875
30.529,321,3147,1078,351,-3.0,31.0,18.0,52.795406341552734,4.08935546875,31.799314498901367,-0.628173828125,0.4674072265625,-0.262939453125
30.543,323,3147,1115,642,-3.0,31.0,18.0,31.433103561401367,1.7700194120407104,26.977537155151367,-0.60205078125,0.369140625,-0.2489013671875
30.558,323,3147,1031,774,-3.0,31.0,18.0,-1.9531248807907104,-9.1552734375,10.070799827575684,-0.60205078125,0.369140625,-0.2489013671875
30.559,318,3147,966,1010,-3.0,31.0,18.0,-35.7666015625,-11.962889671325684,-0.7324218153953552,-0.8892822265625,0.2178955078125,-0.1053466796875
30.574,318,3147,910,1386,-3.0,31.0,18.0,-47.119136810302734,-1.4038084745407104,11.962889671325684,-0.951904296875,0.201416015625,-0.1182861328125
30.587,318,3147,852,1689,-3.0,31.0,18.0,-39.24560546875,13.061522483825684,32.958984375,-0.951904296875,0.201416015625,-0.1182861328125
30.589,316,3147,827,2047,-4.0,32.0,22.0,-31.982419967651367,24.658201217651367,46.020503997802734,-0.947998046875,0.16064453125,-0.17578125
30.603,310,3147,790,2679,-4.0,32.0,22.0,-32.470703125,32.16552734375,53.344722747802734,-0.7222900390625,0.029052734375,-0.099365234375
30.623,315,3147,787,2990,-4.0,32.0,22.0,-31.860349655151367,37.59765625,61.706539154052734,-0.7222900390625,0.029052734375,-0.099365234375
30.623,315,3147,774,3147,-4.0,32.0,22.0,-25.146482467651367,40.893550872802734,67.68798828125,-0.4755859375,0.16455078125,-0.048095703125
30.633,1220,3147,1253,3147,-4.0,32.0,22.0,-17.578125,35.0341796875,61.401363372802734,-0.2481689453125,0.4119873046875,0.018798828125
30.643,707,3147,1643,3147,-4.0,32.0,22.0,-18.6767578125,7.507323741912842,32.1044921875,-0.033203125,0.8167724609375,0.034912109375
30.650,2543,3147,347,3147,-4.0,32.0,22.0,-46.874996185302734,-36.31591796875,-20.568845748901367,-0.0416259765625,1.3614501953125,-0.0263671875
30.663,3147,3147,3040,3147,-4.0,32.0,22.0,-129.82177734375,-71.83837890625,-71.83837890625,-0.2139892578125,0.945068359375,-0.0885009765625
30.671,632,3147,3147,3147,-4.0,32.0,22.0,-240.60057067871094,-76.84326171875,-91.91893768310547,-0.2864990234375,-0.6339111328125,-0.3062744140625
30.679,1848,3147,2754,3147,-4.0,32.0,22.0,-270.93505859375,-47.485347747802734,-79.4677734375,-0.3211669921875,-1.60546875,-0.56787109375
30.695,739,3147,3147,3147,0.0,30.0,19.0,-185.60789489746094,-17.2119140625,-52.368160247802734,-0.6551513671875,-1.0450439453125,-0.56298828125
30.701,813,3147,3147,3147,0.0,30.0,19.0,-97.83934783935547,-15.563963890075684,-24.658201217651367,-1.2615966796875,0.3861083984375,-0.3978271484375
30.724,927,3147,3147,3147,0.0,30.0,19.0,-95.45897674560547,-31.311033248901367,1.9531248807907104,-1.783203125,1.528076171875,-0.2235107421875
30.725,1085,3147,3147,3147,0.0,30.0,19.0,-129.5166015625,-40.344234466552734,20.568845748901367,-2.4404296875,1.7943115234375,0.0894775390625
30.735,1178,3147,3147,3147,0.0,30.0,19.0,-126.15966033935547,-34.423828125,27.465818405151367,-3.1875,1.4764404296875,0.36083984375
30.739,1185,3147,3147,3147,0.0,30.0,19.0,-81.54296112060547,-16.78466796875,25.207517623901367,-2.7838134765625,0.129150390625,0.636962890625
30.754,998,3147,3147,3147,0.0,30.0,19.0,4.57763671875,-1.8920897245407104,11.169432640075684,-1.3768310546875,-0.75634765625,0.9625244140625
30.764,958,3147,3147,3147,0.0,30.0,19.0,94.72655487060547,15.869139671325684,-0.4882812201976776,-0.684326171875,0.0064697265625,0.4423828125
30.769,1488,3147,530,3147,0.0,30.0,19.0,126.52587127685547,37.109375,-5.371093273162842,-0.8740234375,0.598388671875,-0.593994140625
30.783,959,3147,3147,3147,1.0,29.0,22.0,112.48778533935547,28.808591842651367,-13.977049827575684,-1.2191162109375,0.6610107421875,-1.0894775390625
30.791,2698,3147,2174,3147,1.0,29.0,22.0,80.93260955810547,-5.187987804412842,-20.385740280151367,-1.4700927734375,0.637451171875,-1.03173828125
30.800,1156,3147,3125,3147,1.0,29.0,22.0,44.616695404052734,-36.62109375,-18.00537109375,-1.66357421875,0.64892578125,-0.7779541015625
30.825,910,3147,3147,3147,1.0,29.0,22.0,13.916014671325684,-54.870601654052734,-10.498045921325684,-1.7991943359375,0.644287109375,-0.4652099609375
30.825,1213,3147,2881,3147,1.0,29.0,22.0,-8.544921875,-61.523433685302734,-2.807616949081421,-1.7774658203125,0.529296875,-0.119384765625
30.829,1122,3147,2983,3147,1.0,29.0,22.0,-20.996091842651367,-57.861324310302734,3.540038824081421,-1.6324462890625,0.409912109375,0.1395263671875
30.849,705,3147,3147,3147,1.0,29.0,22.0,-21.240232467651367,-43.823238372802734,8.85009765625,-1.4871826171875,0.3887939453125,0.2716064453125
30.851,646,3147,3147,3147,1.0,29.0,22.0,-11.657713890075684,-24.047849655151367,12.939452171325684,-1.3580322265625,0.4425048828125,0.31201171875
30.865,497,3147,3147,3147,1.0,29.0,22.0,0.7934569716453552,-3.601073980331421,17.27294921875,-1.16552734375,0.5523681640625,0.2808837890625
30.873,754,3147,2777,3147,1.0,29.0,22.0,7.934569835662842,15.563963890075684,21.789548873901367,-0.90380859375,0.559326171875,0.2401123046875
30.881,1148,3147,750,464,1.0,30.0,21.0,9.033203125,33.14208984375,22.399900436401367,-0.6666259765625,0.3377685546875,0.230712890625
30.889,2306,3147,631,2676,1.0,30.0,21.0,11.962889671325684,48.645015716552734,16.4794921875,-0.5035400390625,0.0482177734375,0.25048828125
30.906,578,3147,1996,3147,1.0,30.0,21.0,22.399900436401367,58.715816497802734,4.57763671875,-0.4027099609375,-0.1617431640625,0.2464599609375
30.929,1948,3147,334,1892,1.0,30.0,21.0,41.320796966552734,62.011714935302734,-9.94873046875,-0.3905029296875,-0.159912109375,0.1268310546875
30.930,454,3147,1686,2319,1.0,30.0,21.0,62.133785247802734,56.457515716552734,-21.545408248901367,-0.439453125,0.0760498046875,-0.030029296875
30.933,614,3147,1220,1632,1.0,30.0,21.0,74.40185546875,35.94970703125,-29.846189498901367,-0.4600830078125,0.246337890625,-0.056884765625
30.941,400,3147,1580,1413,1.0,30.0,21.0,77.392578125,7.934569835662842,-36.68212890625,-0.4881591796875,0.155517578125,-0.0345458984375
30.951,347,3147,1506,1148,1.0,30.0,21.0,76.171875,-8.7890625,-36.92626953125,-0.5574951171875,0.01123046875,-0.1668701171875
30.969,404,3147,1348,978,1.0,30.0,21.0,77.20947265625,-8.85009765625,-25.695798873901367,-0.61474609375,-0.01806640625,-0.4041748046875
30.971,338,3147,1340,842,1.0,30.0,21.0,83.31298065185547,-1.9531248807907104,-8.11767578125,-0.664306640625,0.12744140625,-0.5460205078125
30.979,328,3147,1251,767,-1.0,30.0,21.0,84.35057830810547,2.38037109375,6.958007335662842,-0.7193603515625,0.40869140625,-0.506103515625
30.993,328,3147,1153,527,-1.0,30.0,21.0,69.39697265625,0.30517578125,12.390135765075684,-0.7442626953125,0.603515625,-0.3421630859375
31.001,326,3147,1067,360,-1.0,30.0,21.0,43.212886810302734,-5.310058116912842,7.873534679412842,-0.7548828125,0.582275390625,-0.162841796875
31.012,327,3035,1078,356,-1.0,30.0,21.0,20.080564498901367,-9.1552734375,1.0986328125,-0.7738037109375,0.4468994140625,-0.029541015625
31.032,323,2899,1066,353,-1.0,30.0,21.0,9.3994140625,-9.3994140625,-1.3427733182907104,-0.7757568359375,0.3277587890625,0.0601806640625
31.032,326,2973,1043,354,-1.0,30.0,21.0,10.009765625,-6.896972179412842,0.6103515625,-0.755859375,0.27392578125,0.1104736328125
31.039,324,3072,1055,354,-1.0,30.0,21.0,15.014647483825684,-2.38037109375,4.45556640625,-0.7301025390625,0.3006591796875,0.102783203125
31.053,325,3147,973,543,-1.0,30.0,21.0,19.6533203125,3.173827886581421,7.568358898162842,-0.736328125,0.3712158203125,0.0550537109375
31.061,324,3147,923,683,-1.0,30.0,21.0,20.996091842651367,10.131834983825684,9.94873046875,-0.7757568359375,0.40771484375,-0.0225830078125
31.071,324,3147,920,835,-1.0,30.0,21.0,15.686034202575684,15.808104515075684,12.329100608825684,-0.703857421875,0.40087890625,-0.1190185546875
31.083,321,3147,829,1189,-1.0,30.0,26.0,-0.54931640625,15.319823265075684,9.8876953125,-0.6588134765625,0.29541015625,-0.1387939453125
31.091,321,3147,762,1369,-1.0,30.0,26.0,-19.8974609375,18.1884765625,9.94873046875,-0.75732421875,0.0877685546875,-0.0775146484375
31.099,318,3147,734,1693,-1.0,30.0,26.0,-19.8974609375,18.1884765625,9.94873046875,-0.735595703125,-0.0191650390625,-0.040283203125
31.136,315,3147,735,2180,-1.0,30.0,26.0,-15.136717796325684,42.175289154052734,51.025386810302734,-0.5791015625,0.0250244140625,-0.064697265625
31.136,305,3147,774,2593,-1.0,30.0,26.0,-4.39453125,47.851558685302734,68.78662109375,-0.455810546875,0.112548828125,-0.08447265625
31.136,328,3147,841,2968,-1.0,30.0,26.0,-4.39453125,47.851558685302734,68.78662109375,-0.3616943359375,0.218505859375,-0.0421142578125
31.143,423,3147,1683,3147,-1.0,30.0,26.0,8.72802734375,33.69140625,70.86181640625,-0.184814453125,0.365966796875,0.0621337890625
31.151,922,3147,409,2746,-1.0,30.0,26.0,10.375975608825684,5.676269054412842,41.625972747802734,0.1334228515625,0.621337890625,0.1658935546875
31.159,2710,3147,2445,3147,-1.0,30.0,26.0,10.375975608825684,5.676269054412842,41.625972747802734,0.4227294921875,0.958984375,0.1329345703125
31.173,485,3147,3147,3147,0.0,30.0,17.0,-150.634765625,-34.85107421875,-37.4755859375,0.4642333984375,0.712646484375,0.0001220703125
31.186,548,3147,3147,3147,0.0,30.0,17.0,-233.76463317871094,-32.71484375,-56.213375091552734,0.0228271484375,-0.4422607421875,-0.32666015625
31.189,661,3147,3147,3147,0.0,30.0,17.0,-233.76463317871094,-32.71484375,-56.213375091552734,-0.8658447265625,-1.2135009765625,-0.769775390625
31.203,856,3147,3147,3147,0.0,30.0,17.0,-50.048824310302734,-37.29248046875,-62.072750091552734,-1.6488037109375,-0.3045654296875,-0.9256591796875
31.211,986,3147,3147,3147,0.0,30.0,17.0,-25.512693405151367,-55.908199310302734,-22.399900436401367,-1.9833984375,1.18017578125,-0.739990234375
31.237,1283,3147,952,3147,0.0,30.0,17.0,-25.512693405151367,-55.908199310302734,-22.399900436401367,-2.261474609375,1.725341796875,-0.3255615234375
31.238,1172,3147,3147,3147,0.0,30.0,17.0,-128.2958984375,-62.255855560302734,19.83642578125,-2.9720458984375,2.01611328125,-0.052734375
31.241,1283,3147,3147,3147,0.0,30.0,17.0,-134.94873046875,-43.395992279052734,24.475095748901367,-2.9208984375,0.7435302734375,0.359375
31.249,1323,3147,3147,3147,0.0,30.0,17.0,-134.94873046875,-43.395992279052734,24.475095748901367,-1.5626220703125,-1.0201416015625,1.2666015625
31.264,1282,3147,3147,3147,0.0,30.0,17.0,16.41845703125,-5.798339366912842,-2.807616949081421,-0.687255859375,-0.5234375,1.1634521484375
31.278,1268,3147,3147,3147,0.0,28.0,18.0,87.09716033935547,39.794921875,2.0751953125,-0.8280029296875,0.53564453125,-0.14990234375
31.279,1264,3147,3147,3147,0.0,28.0,18.0,87.09716033935547,39.794921875,2.0751953125,-1.1842041015625,0.9361572265625,-1.0025634765625
31.299,1260,3147,3147,3147,0.0,28.0,18.0,53.466793060302734,36.31591796875,-19.04296875,-1.375244140625,0.8404541015625,-0.9974365234375
31.301,1243,3147,3147,3147,0.0,28.0,18.0,5.554198741912842,5.065917491912842,-27.954099655151367,-1.4737548828125,0.6893310546875,-0.6947021484375
31.309,1236,3147,3147,3147,0.0,28.0,18.0,5.554198741912842,5.065917491912842,-27.954099655151367,-1.6083984375,0.684814453125,-0.4107666015625
31.339,1202,3147,3147,3147,0.0,28.0,18.0,-32.40966796875,-26.916501998901367,-23.681638717651367,-1.6837158203125,0.6683349609375,-0.1424560546875
31.340,1118,3147,3147,3147,0.0,28.0,18.0,-32.40966796875,-26.916501998901367,-23.681638717651367,-1.6827392578125,0.5672607421875,0.0723876953125
31.340,1095,3147,3147,3147,0.0,28.0,18.0,-35.58349609375,-28.076169967651367,-22.277830123901367,-1.6827392578125,0.5672607421875,0.0723876953125
31.353,922,3147,3147,3147,0.0,28.0,18.0,-23.498533248901367,-8.544921875,-17.63916015625,-1.5672607421875,0.30224609375,0.2373046875
31.361,749,3147,3147,3147,0.0,28.0,18.0,-23.498533248901367,-8.544921875,-17.63916015625,-1.409423828125,0.373046875,0.2039794921875
31.369,561,3147,3147,3147,1.0,32.0,24.0,-2.807616949081421,5.187987804412842,-10.803221702575684,-1.409423828125,0.373046875,0.2039794921875
31.383,418,3147,3063,3147,1.0,32.0,24.0,32.71484375,26.855466842651367,6.103515148162842,-0.861572265625,0.2344970703125,0.202880859375
31.391,407,3147,2788,3147,1.0,32.0,24.0,32.71484375,26.855466842651367,6.103515148162842,-0.657470703125,0.0252685546875,0.2052001953125
31.399,406,3147,2503,3048,1.0,32.0,24.0,53.039546966552734,33.50830078125,3.417968511581421,-0.657470703125,0.0252685546875,0.2052001953125
31.413,388,3147,2049,1973,1.0,32.0,24.0,95.15380096435547,39.24560546875,-13.671874046325684,-0.433349609375,-0.176025390625,0.0213623046875
31.421,383,3147,1840,1359,1.0,32.0,24.0,95.15380096435547,39.24560546875,-13.671874046325684,-0.42138671875,-0.0648193359375,-0.056884765625
31.441,386,3147,1629,763,1.0,32.0,24.0,110.47362518310547,35.94970703125,-19.47021484375,-0.42138671875,-0.0648193359375,-0.056884765625
31.443,363,2608,1399,351,1.0,32.0,24.0,107.60497283935547,0.9765624403953552,-20.935056686401367,-0.3388671875,0.0421142578125,0.16796875
31.451,351,2175,1320,349,1.0,32.0,24.0,107.60497283935547,0.9765624403953552,-20.935056686401367,-0.317626953125,-0.1600341796875,-0.022216796875
31.462,346,1953,1294,347,1.0,32.0,24.0,106.99462127685547,-8.23974609375,-25.268552780151367,-0.317626953125,-0.1600341796875,-0.022216796875
31.481,334,1456,1003,338,-3.0,30.0,19.0,131.9580078125,5.554198741912842,-7.507323741912842,-0.53564453125,0.1279296875,-0.640380859375
31.482,325,1268,721,338,-3.0,30.0,19.0,131.9580078125,5.554198741912842,-7.507323741912842,-0.552734375,0.6134033203125,-0.6551513671875
31.489,324,1199,678,336,-3.0,30.0,19.0,119.62889862060547,2.13623046875,7.873534679412842,-0.552734375,0.6134033203125,-0.6551513671875
31.503,321,1490,698,334,-3.0,30.0,19.0,25.573728561401367,-17.7001953125,-1.7089842557907104,-0.56982421875,0.844970703125,-0.329833984375
31.511,321,1643,725,338,-3.0,30.0,19.0,25.573728561401367,-17.7001953125,-1.7089842557907104,-0.686279296875,0.5419921875,-0.0911865234375
31.524,319,1899,726,337,-3.0,30.0,19.0,-27.221677780151367,-23.315427780151367,-11.901854515075684,-0.686279296875,0.5419921875,-0.0911865234375
31.545,318,2412,630,342,-3.0,30.0,19.0,-61.279293060302734,-22.399900436401367,-6.896972179412842,-0.7728271484375,0.0057373046875,0.3037109375
31.545,315,2821,592,345,-3.0,30.0,19.0,-61.279293060302734,-22.399900436401367,-6.896972179412842,-0.7728271484375,0.0057373046875,0.3037109375
31.549,316,3095,600,346,-3.0,30.0,19.0,-37.04833984375,-11.657713890075684,4.57763671875,-0.73974609375,0.060302734375,0.2449951171875
31.564,316,3147,590,669,-1.0,28.0,20.0,-4.39453125,3.540038824081421,17.27294921875,-0.68017578125,0.53515625,-0.0543212890625
31.579,316,3147,568,963,-1.0,28.0,20.0,15.808104515075684,15.869139671325684,25.878904342651367,-0.68017578125,0.53515625,-0.0543212890625
31.579,316,3147,543,1173,-1.0,28.0,20.0,19.1650390625,23.864744186401367,27.648923873901367,-0.674072265625,0.5467529296875,-0.1126708984375
31.593,316,3147,532,1743,-1.0,28.0,20.0,13.732909202575684,29.846189498901367,24.414060592651367,-0.7015380859375,0.1942138671875,-0.172607421875
31.601,314,3147,508,2089,-1.0,28.0,20.0,5.920409679412842,33.0810546875,19.53125,-0.7015380859375,0.1942138671875,-0.172607421875
31.609,313,3147,497,2359,-1.0,28.0,20.0,-2.0751953125,31.005857467651367,16.845703125,-0.73974609375,0.0992431640625,-0.163330078125
31.623,315,3147,497,2726,-1.0,28.0,20.0,-5.981444835662842,26.123044967651367,19.775390625,-0.923095703125,0.4796142578125,-0.2337646484375
31.655,316,3147,523,2973,-1.0,28.0,20.0,-1.4038084745407104,23.925779342651367,27.587888717651367,-0.923095703125,0.4796142578125,-0.2337646484375
31.655,296,3147,510,3073,-1.0,28.0,20.0,4.33349609375,23.742673873901367,31.311033248901367,-1.0146484375,0.7264404296875,-0.26611328125
31.655,323,3147,683,3147,-1.0,28.0,20.0,-2.0751953125,22.766111373901367,26.000974655151367,-1.21826171875,0.60693359375,-0.095703125
31.661,328,3147,794,3147,-1.0,33.0,19.0,-20.629880905151367,21.240232467651367,16.357421875,-1.21826171875,0.60693359375,-0.095703125
31.669,333,3147,937,3147,-1.0,33.0,19.0,-40.344234466552734,19.8974609375,6.652831554412842,-1.2196044921875,0.2615966796875,-0.004638671875
31.686,351,3147,1323,3147,-1.0,33.0,19.0,-51.635738372802734,19.10400390625,-0.3662109076976776,-0.956787109375,-0.100830078125,-0.1986083984375
31.691,361,3147,1527,3147,-1.0,33.0,19.0,-52.734371185302734,16.78466796875,-5.0048828125,-0.956787109375,-0.100830078125,-0.1986083984375
31.699,364,3147,1623,3147,-1.0,33.0,19.0,-56.457515716552734,14.892577171325684,-8.97216796875,-0.969482421875,0.0628662109375,-0.42431640625
31.713,369,3147,1640,3147,-1.0,33.0,19.0,-73.3642578125,16.41845703125,-6.286620616912842,-1.224853515625,0.2633056640625,-0.3280029296875
31.721,365,3147,1634,3147,-1.0,33.0,19.0,-85.81542205810547,19.53125,7.995604991912842,-1.224853515625,0.2633056640625,-0.3280029296875
31.729,361,3147,1506,3147,-1.0,33.0,19.0,-75.50048828125,22.949216842651367,24.780271530151367,-1.238037109375,0.397216796875,-0.180419921875
31.749,359,3147,1361,3147,-1.0,33.0,19.0,-53.405757904052734,24.108884811401367,32.470703125,-0.971923828125,0.335693359375,0.123291015625
31.759,356,3147,1366,3147,-1.0,33.0,19.0,-32.04345703125,22.399900436401367,31.005857467651367,-0.971923828125,0.335693359375,0.123291015625
31.760,354,3147,1393,3147,-2.0,32.0,21.0,-9.3994140625,21.850584030151367,27.343748092651367,-0.815673828125,0.366455078125,0.1005859375
31.773,359,3147,1387,3147,-2.0,32.0,21.0,10.437010765075684,23.376462936401367,24.658201217651367,-0.7662353515625,0.51416015625,-0.0692138671875
31.790,360,3147,1377,3147,-2.0,32.0,21.0,18.00537109375,22.644041061401367,19.71435546875,-0.8079833984375,0.5487060546875,-0.187744140625
31.790,357,3147,1336,3147,-2.0,32.0,21.0,18.24951171875,18.24951171875,12.207030296325684,-0.885986328125,0.438720703125,-0.21484375
31.803,348,3147,1276,3147,-2.0,32.0,21.0,20.690916061401367,14.038084983825684,6.286620616912842,-0.944580078125,0.335693359375,-0.2222900390625
31.811,354,3147,1262,3147,-2.0,32.0,21.0,24.047849655151367,11.657713890075684,4.7607421875,-0.9564208984375,0.314697265625,-0.229736328125
31.819,351,3147,1243,3147,-2.0,32.0,21.0,24.475095748901367,9.94873046875,5.859374523162842,-0.9425048828125,0.355224609375,-0.245849609375
31.851,347,3147,1222,3147,-2.0,32.0,21.0,22.094724655151367,7.812499523162842,6.347655773162842,-0.9248046875,0.4066162109375,-0.267578125
31.852,347,3147,1149,3147,-2.0,32.0,21.0,18.1884765625,4.82177734375,4.638671875,-0.908447265625,0.4285888671875,-0.2728271484375
31.852,328,3147,1111,3147,-2.0,32.0,21.0,13.549803733825684,1.5258787870407104,1.4648436307907104,-0.9017333984375,0.4102783203125,-0.25341796875
31.877,338,3147,1091,3147,-1.0,28.0,20.0,8.6669921875,-1.0986328125,-1.15966796875,-0.9078369140625,0.3697509765625,-0.219482421875
31.878,345,3147,1104,3147,-1.0,28.0,20.0,4.8828125,-2.563476324081421,-2.197265625,-0.91796875,0.340576171875,-0.1904296875
31.887,345,3147,1067,3147,-1.0,28.0,20.0,3.051757574081421,-3.112792730331421,-1.7700194120407104,-0.9229736328125,0.34033203125,-0.1783447265625
31.893,338,3147,1014,3147,-1.0,28.0,20.0,2.868652105331421,-3.356933355331421,-1.03759765625,-0.918701171875,0.36181640625,-0.173095703125
31.901,338,3147,1000,3147,-1.0,28.0,20.0,3.234863042831421,-3.479003667831421,-0.8544921278953552,-0.90576171875,0.38720703125,-0.1650390625
31.909,338,3147,1038,3147,-1.0,28.0,20.0,3.967284917831421,-2.990722417831421,-1.5869139432907104,-0.8953857421875,0.4033203125,-0.155517578125
31.923,338,3147,1005,3147,-1.0,28.0,20.0,4.7607421875,-1.4648436307907104,-2.868652105331421,-0.90966796875,0.4178466796875,-0.1573486328125
31.932,342,3147,1031,3147,-1.0,28.0,20.0,5.126952648162842,1.220703125,-3.906249761581421,-0.9383544921875,0.423828125,-0.1756591796875
31.952,338,3147,1001,3147,-1.0,28.0,20.0,4.94384765625,4.0283203125,-4.45556640625,-0.95458984375,0.39501953125,-0.1944580078125
31.953,321,3147,1012,3147,-1.0,28.0,20.0,4.8828125,5.249022960662842,-4.2724609375,-0.955322265625,0.3525390625,-0.19873046875
31.961,338,3147,971,3147,-2.0,30.0,18.0,5.676269054412842,5.0048828125,-3.295898199081421,-0.9442138671875,0.34033203125,-0.201904296875
31.979,336,3147,1005,3147,-2.0,30.0,18.0,7.690429210662842,4.21142578125,-2.0751953125,-0.9249267578125,0.36328125,-0.2132568359375
31.983,336,3147,1012,3147,-2.0,30.0,18.0,9.8876953125,3.112792730331421,-1.8310545682907104,-0.9085693359375,0.3924560546875,-0.2208251953125
31.993,334,3147,963,3147,-2.0,30.0,18.0,10.681151390075684,1.8310545682907104,-2.807616949081421,-0.90185546875,0.4014892578125,-0.2152099609375
31.999,334,3147,959,3147,-2.0,30.0,18.0,9.765625,0.9765624403953552,-4.33349609375,-0.8995361328125,0.389404296875,-0.198974609375
32.013,330,3147,947,3147,-2.0,30.0,18.0,8.4228515625,1.15966796875,-5.676269054412842,-0.89794921875,0.374267578125,-0.1849365234375
32.021,332,3147,871,3147,-2.0,30.0,18.0,7.873534679412842,2.0751953125,-6.652831554412842,-0.895263671875,0.367919921875,-0.178466796875
32.030,330,3147,835,3147,-2.0,30.0,18.0,7.934569835662842,3.173827886581421,-7.202147960662842,-0.8935546875,0.365966796875,-0.1778564453125
32.054,332,3147,871,3147,-2.0,30.0,18.0,8.30078125,4.08935546875,-7.507323741912842,-0.8935546875,0.3607177734375,-0.180908203125
32.054,316,3147,894,3147,-2.0,30.0,18.0,8.97216796875,4.69970703125,-7.507323741912842,-0.895751953125,0.35205078125,-0.18505859375
32.059,330,3147,882,3147,-4.0,33.0,19.0,9.70458984375,5.126952648162842,-7.324218273162842,-0.9013671875,0.3441162109375,-0.1903076171875
32.096,328,3147,846,3114,-4.0,33.0,19.0,10.070799827575684,5.554198741912842,-6.774901866912842,-0.90771484375,0.34130859375,-0.193115234375
32.096,327,3147,806,3034,-4.0,33.0,19.0,10.070799827575684,5.981444835662842,-5.981444835662842,-0.91162109375,0.34423828125,-0.191650390625
32.097,327,3147,784,2954,-4.0,33.0,19.0,10.192870140075684,6.652831554412842,-5.065917491912842,-0.9156494140625,0.351806640625,-0.1932373046875
32.103,327,3147,780,2820,-4.0,33.0,19.0,11.047362327575684,7.446288585662842,-4.21142578125,-0.9180908203125,0.3553466796875,-0.198486328125
32.111,324,3147,757,2671,-4.0,33.0,19.0,12.145995140075684,8.30078125,-3.662109136581421,-0.9146728515625,0.3489990234375,-0.2003173828125
32.119,319,3147,723,2657,-4.0,33.0,19.0,13.183592796325684,8.9111328125,-3.234863042831421,-0.905517578125,0.337890625,-0.1983642578125
32.133,321,3147,689,2563,-4.0,33.0,19.0,14.282225608825684,9.33837890625,-2.685546636581421,-0.8955078125,0.328369140625,-0.1964111328125
32.157,321,3147,661,2527,-4.0,33.0,19.0,15.686034202575684,9.521484375,-2.197265625,-0.88623046875,0.3192138671875,-0.198974609375
32.158,318,3147,617,2421,-4.0,33.0,19.0,17.08984375,9.21630859375,-1.7700194120407104,-0.878173828125,0.3118896484375,-0.199462890625
32.163,316,3147,547,2379,-8.0,33.0,19.0,18.06640625,8.544921875,-1.8310545682907104,-0.880126953125,0.29736328125,-0.185546875
32.171,315,3147,532,2367,-8.0,33.0,19.0,19.4091796875,8.48388671875,-2.50244140625,-0.919189453125,0.2889404296875,-0.1959228515625
32.189,313,3147,506,2337,-8.0,33.0,19.0,20.629880905151367,9.3994140625,-2.25830078125,-0.9625244140625,0.3172607421875,-0.2308349609375
32.210,316,3147,527,2309,-8.0,33.0,19.0,19.83642578125,10.131834983825684,-0.6713866591453552,-0.963623046875,0.359619140625,-0.254150390625
32.210,299,3147,546,2280,-8.0,33.0,19.0,16.54052734375,10.009765625,-0.1220703050494194,-0.9442138671875,0.3673095703125,-0.2652587890625
32.210,313,3147,525,2254,-8.0,33.0,19.0,11.657713890075684,8.85009765625,-1.6479490995407104,-0.9278564453125,0.3297119140625,-0.254150390625
32.223,315,3147,561,2221,-8.0,33.0,19.0,7.629394054412842,7.019042491912842,-3.784179449081421,-0.9193115234375,0.293701171875,-0.2332763671875
32.231,315,3147,553,2217,-8.0,33.0,19.0,6.958007335662842,5.187987804412842,-5.065917491912842,-0.9083251953125,0.3009033203125,-0.2298583984375
32.239,316,3147,574,2135,-8.0,33.0,19.0,6.958007335662842,5.187987804412842,-5.065917491912842,-0.89599609375,0.3394775390625,-0.247802734375
32.253,316,3147,577,2021,-3.0,32.0,14.0,12.329100608825684,1.6479490995407104,-6.835937023162842,-0.8900146484375,0.370361328125,-0.2720947265625
32.261,315,3147,572,1952,-3.0,32.0,14.0,13.854979515075684,0.0,-8.6669921875,-0.8890380859375,0.373779296875,-0.286865234375
32.269,316,3147,582,1838,-3.0,32.0,14.0,13.854979515075684,0.0,-8.6669921875,-0.8892822265625,0.359619140625,-0.2789306640625
32.290,316,3147,621,1622,-3.0,32.0,14.0,9.82666015625,-1.6479490995407104,-12.512206077575684,-0.8909912109375,0.3389892578125,-0.2452392578125
32.291,316,3147,627,1502,-3.0,32.0,14.0,6.835937023162842,-1.4038084745407104,-13.244627952575684,-0.8985595703125,0.3160400390625,-0.205322265625
32.300,316,3147,625,1326,-3.0,32.0,14.0,6.835937023162842,-1.4038084745407104,-13.244627952575684,-0.91357421875,0.3017578125,-0.1883544921875
32.313,316,3147,645,1153,-3.0,32.0,14.0,8.7890625,1.4648436307907104,-12.084959983825684,-0.9261474609375,0.3013916015625,-0.2001953125
32.321,316,3147,623,1018,-3.0,32.0,14.0,11.474608421325684,3.479003667831421,-10.925292015075684,-0.9295654296875,0.305908203125,-0.2266845703125
32.329,313,3147,607,775,-3.0,32.0,14.0,11.474608421325684,3.479003667831421,-10.925292015075684,-0.926513671875,0.3046875,-0.243408203125
32.343,317,3147,644,569,-3.0,32.0,14.0,11.230467796325684,7.080077648162842,-8.85009765625,-0.918701171875,0.293212890625,-0.23486328125
32.361,316,3147,625,479,-5.0,30.0,14.0,10.314940452575684,8.23974609375,-7.629394054412842,-0.908447265625,0.279296875,-0.2137451171875
32.361,315,3147,601,345,-5.0,30.0,14.0,10.314940452575684,8.23974609375,-7.629394054412842,-0.89892578125,0.2698974609375,-0.2052001953125
32.373,314,2769,564,334,-5.0,30.0,14.0,13.549803733825684,11.779784202575684,-4.150390625,-0.891845703125,0.260498046875,-0.217529296875
32.383,312,2543,571,334,-5.0,30.0,14.0,16.2353515625,13.854979515075684,-2.929687261581421,-0.8861083984375,0.260009765625,-0.2388916015625
32.391,314,2417,555,336,-5.0,30.0,14.0,16.2353515625,13.854979515075684,-2.929687261581421,-0.8790283203125,0.2794189453125,-0.2591552734375
32.410,310,2037,553,332,-5.0,30.0,14.0,17.4560546875,17.333984375,-0.4272460639476776,-0.8695068359375,0.3167724609375,-0.288818359375
32.411,315,1882,562,323,-5.0,30.0,14.0,15.502928733825684,18.85986328125,1.03759765625,-0.8641357421875,0.3536376953125,-0.3162841796875
32.425,315,1623,551,334,-5.0,30.0,14.0,15.502928733825684,18.85986328125,1.03759765625,-0.872314453125,0.366455078125,-0.323486328125
32.433,308,1233,518,323,-5.0,30.0,14.0,9.82666015625,17.4560546875,0.30517578125,-0.8951416015625,0.354736328125,-0.3193359375
32.441,310,1024,487,332,-5.0,30.0,14.0,9.033203125,16.11328125,-0.9765624403953552,-0.916259765625,0.3372802734375,-0.3101806640625
32.465,313,827,484,316,-5.0,35.0,15.0,9.033203125,16.11328125,-0.9765624403953552,-0.916259765625,0.3372802734375,-0.3101806640625
32.465,296,586,455,324,-5.0,35.0,15.0,10.864256858825684,15.380858421325684,-2.50244140625,-0.9278564453125,0.2847900390625,-0.3116455078125
32.471,306,501,404,318,-5.0,35.0,15.0,10.864256858825684,15.380858421325684,-2.50244140625,-0.932861328125,0.2640380859375,-0.3167724609375
32.479,306,465,406,322,-5.0,35.0,15.0,13.427733421325684,16.7236328125,-2.44140625,-0.932861328125,0.2640380859375,-0.3167724609375
32.510,304,390,357,316,-5.0,35.0,15.0,22.277830123901367,20.751951217651367,0.1831054538488388,-0.9599609375,0.274658203125,-0.3272705078125
32.512,300,409,349,319,-5.0,35.0,15.0,22.277830123901367,20.751951217651367,0.1831054538488388,-0.975830078125,0.2841796875,-0.3404541015625
32.513,301,361,326,323,-5.0,35.0,15.0,26.855466842651367,23.437498092651367,1.4038084745407104,-0.975830078125,0.2841796875,-0.3404541015625
32.523,300,439,327,318,-5.0,35.0,15.0,29.113767623901367,27.648923873901367,4.0283203125,-0.978759765625,0.2939453125,-0.375732421875
32.537,300,406,318,317,-5.0,35.0,15.0,29.113767623901367,27.648923873901367,4.0283203125,-0.9720458984375,0.28125,-0.3935546875
32.539,300,404,318,316,-5.0,35.0,15.0,28.320310592651367,29.479978561401367,5.187987804412842,-0.9720458984375,0.28125,-0.3935546875
32.568,302,416,323,318,-7.0,34.0,16.0,25.634763717651367,33.63037109375,6.225585460662842,-0.9849853515625,0.295166015625,-0.4083251953125
32.569,300,364,327,316,-7.0,34.0,16.0,25.634763717651367,33.63037109375,6.225585460662842,-0.987548828125,0.30712890625,-0.4169921875
32.569,286,410,328,316,-7.0,34.0,16.0,22.216794967651367,34.11865234375,7.080077648162842,-0.987548828125,0.30712890625,-0.4169921875
32.583,304,481,334,316,-7.0,34.0,16.0,15.624999046325684,36.0107421875,9.33837890625,-0.9708251953125,0.300537109375,-0.411376953125
32.592,302,518,323,321,-7.0,34.0,16.0,15.624999046325684,36.0107421875,9.33837890625,-0.9517822265625,0.2874755859375,-0.4132080078125
32.613,302,536,323,316,-7.0,34.0,16.0,13.610838890075684,36.4990234375,9.1552734375,-0.9517822265625,0.2874755859375,-0.4132080078125
32.615,282,328,345,318,-7.0,34.0,16.0,10.681151390075684,34.5458984375,7.995604991912842,-0.884033203125,0.244873046875,-0.4188232421875
32.621,301,376,327,316,-7.0,34.0,16.0,10.681151390075684,34.5458984375,7.995604991912842,-0.83544921875,0.1868896484375,-0.4285888671875
32.629,300,375,318,317,-7.0,34.0,16.0,12.878417015075684,36.865234375,6.530761241912842,-0.83544921875,0.1868896484375,-0.4285888671875
32.643,302,371,352,316,-5.0,36.0,14.0,33.447265625,50.659175872802734,-1.7700194120407104,-0.8448486328125,0.1141357421875,-0.455322265625
32.651,302,385,348,317,-5.0,36.0,14.0,33.447265625,50.659175872802734,-1.7700194120407104,-0.8675537109375,0.1273193359375,-0.4647216796875
32.668,300,390,344,317,-5.0,36.0,14.0,44.250484466552734,50.659175872802734,-6.042479991912842,-0.8675537109375,0.1273193359375,-0.4647216796875
32.673,300,398,364,317,-5.0,36.0,14.0,48.706050872802734,45.166011810302734,-9.033203125,-0.8582763671875,0.177734375,-0.4315185546875
32.718,302,391,353,316,-5.0,36.0,14.0,48.217769622802734,40.832515716552734,-10.742186546325684,-0.8582763671875,0.177734375,-0.4315185546875
32.723,302,391,343,316,-5.0,36.0,14.0,46.569820404052734,39.1845703125,-12.512206077575684,-0.8653564453125,0.1971435546875,-0.414794921875
32.735,306,390,390,316,-5.0,36.0,14.0,46.203609466552734,38.51318359375,-14.953612327575684,-0.8736572265625,0.2166748046875,-0.41943359375
32.739,302,390,356,299,-5.0,36.0,14.0,46.813961029052734,37.4755859375,-17.39501953125,-0.8736572265625,0.2166748046875,-0.41943359375
32.739,304,390,364,316,-5.0,36.0,14.0,47.180171966552734,35.888671875,-19.22607421875,-0.8741455078125,0.230712890625,-0.4154052734375
32.739,304,402,375,316,-5.0,36.0,14.0,45.593257904052734,33.203125,-20.324705123901367,-0.8753662109375,0.2501220703125,-0.4046630859375
32.743,304,402,388,316,-7.0,35.0,12.0,41.259761810302734,30.273435592651367,-21.118162155151367,-0.892333984375,0.3165283203125,-0.4329833984375
32.755,300,388,356,316,-7.0,35.0,12.0,31.982419967651367,26.489255905151367,-22.216794967651367,-0.892333984375,0.3165283203125,-0.4329833984375
32.774,304,403,383,316,-7.0,35.0,12.0,16.29638671875,20.935056686401367,-24.353025436401367,-0.9066162109375,0.33447265625,-0.4476318359375
32.774,304,376,386,316,-7.0,35.0,12.0,-4.0283203125,14.587401390075684,-27.648923873901367,-0.9083251953125,0.288818359375,-0.460205078125
32.780,304,373,375,316,-7.0,35.0,12.0,-26.611326217651367,8.48388671875,-31.188962936401367,-0.9083251953125,0.288818359375,-0.460205078125
32.788,304,349,402,318,-7.0,35.0,12.0,-48.278804779052734,3.479003667831421,-34.3017578125,-0.9005126953125,0.25390625,-0.4522705078125
32.809,302,364,403,316,-7.0,35.0,12.0,-66.34521484375,0.0,-36.9873046875,-0.8935546875,0.22021484375,-0.4366455078125
32.810,302,356,388,316,-7.0,35.0,12.0,-78.55224609375,-1.5869139432907104,-39.36767578125,-0.889892578125,0.1905517578125,-0.42138671875
32.824,302,371,390,321,-7.0,35.0,12.0,-85.08300018310547,-1.6479490995407104,-41.748043060302734,-0.8870849609375,0.1685791015625,-0.4097900390625
32.832,299,371,390,316,-7.0,35.0,12.0,-88.25682830810547,-1.0986328125,-44.250484466552734,-0.8780517578125,0.151611328125,-0.3966064453125
32.840,306,364,374,318,-2.0,35.0,12.0,-90.63719940185547,-0.54931640625,-46.936031341552734,-0.85986328125,0.1343994140625,-0.3773193359375
32.848,304,371,403,316,-2.0,35.0,12.0,-93.50585174560547,0.1831054538488388,-49.621578216552734,-0.8460693359375,0.120361328125,-0.354248046875
32.878,304,378,413,315,-2.0,35.0,12.0,-96.06932830810547,1.4038084745407104,-52.246089935302734,-0.8485107421875,0.1192626953125,-0.3363037109375
32.878,304,479,390,318,-2.0,35.0,12.0,-97.77831268310547,2.868652105331421,-54.809566497802734,-0.8582763671875,0.131591796875,-0.33837890625
32.879,282,484,401,318,-2.0,35.0,12.0,-99.73143768310547,4.33349609375,-57.067867279052734,-0.865234375,0.14892578125,-0.3604736328125
32.892,304,501,390,317,-2.0,35.0,12.0,-103.63768768310547,5.859374523162842,-59.143062591552734,-0.8726806640625,0.1619873046875,-0.38623046875
32.901,306,391,390,316,-2.0,35.0,12.0,-110.10741424560547,6.835937023162842,-61.584468841552734,-0.8885498046875,0.1649169921875,-0.4022216796875
32.913,304,385,388,316,-2.0,35.0,12.0,-117.91991424560547,6.408690929412842,-64.51416015625,-0.9058837890625,0.1531982421875,-0.3997802734375
32.929,304,404,403,316,-2.0,35.0,12.0,-126.28173065185547,3.906249761581421,-67.2607421875,-0.9117431640625,0.1275634765625,-0.3699951171875
32.930,304,407,400,316,-2.0,35.0,12.0,-133.85009765625,0.0610351525247097,-69.3359375,-0.9017333984375,0.09765625,-0.31103515625
32.939,306,402,404,316,3.0,35.0,9.0,-138.18359375,-2.807616949081421,-70.37353515625,-0.8807373046875,0.076416015625,-0.2490234375
32.952,304,390,407,316,3.0,35.0,9.0,-136.962890625,-1.9531248807907104,-70.73974609375,-0.8690185546875,0.0675048828125,-0.2296142578125
32.977,304,406,383,316,3.0,35.0,9.0,-129.8828125,3.601073980331421,-71.35009765625,-0.8834228515625,0.0667724609375,-0.2677001953125
32.977,305,411,387,316,3.0,35.0,9.0,-118.28612518310547,11.779784202575684,-72.3876953125,-0.9200439453125,0.0718994140625,-0.332763671875
32.988,306,391,391,316,3.0,35.0,9.0,-104.55321502685547,19.71435546875,-72.998046875,-0.9622802734375,0.0833740234375,-0.387451171875
32.990,304,401,406,317,3.0,35.0,9.0,-91.30858612060547,25.939939498901367,-73.42529296875,-0.9952392578125,0.095947265625,-0.4124755859375
32.998,306,411,390,316,3.0,35.0,9.0,-81.84813690185547,29.602048873901367,-74.462890625,-1.0111083984375,0.0970458984375,-0.4061279296875
33.015,306,419,390,317,3.0,35.0,9.0,-77.880859375,31.005857467651367,-75.8056640625,-1.0152587890625,0.0782470703125,-0.380126953125
33.020,304,427,423,318,3.0,35.0,9.0,-76.2939453125,32.40966796875,-77.33154296875,-1.026611328125,0.0338134765625,-0.3544921875
33.028,305,416,416,316,3.0,35.0,9.0,-71.59423828125,35.58349609375,-79.40673828125,-1.0592041015625,-0.033203125,-0.3460693359375
33.042,308,426,388,316,8.0,33.0,7.0,-61.279293060302734,39.9169921875,-81.60399627685547,-1.1004638671875,-0.09765625,-0.3494873046875
33.050,308,428,418,317,8.0,33.0,7.0,-47.058101654052734,43.884273529052734,-83.12987518310547,-1.1273193359375,-0.13623046875,-0.3507080078125
33.058,304,430,391,316,8.0,33.0,7.0,-31.860349655151367,46.691890716552734,-83.98436737060547,-1.1319580078125,-0.1529541015625,-0.34326171875
33.079,304,437,414,317,8.0,33.0,7.0,-16.845703125,48.278804779052734,-85.51024627685547,-1.126953125,-0.16796875,-0.3302001953125
33.080,302,439,411,316,8.0,33.0,7.0,-1.6479490995407104,48.950191497802734,-88.92821502685547,-1.1341552734375,-0.1962890625,-0.3165283203125
33.088,308,423,433,316,8.0,33.0,7.0,13.610838890075684,48.645015716552734,-94.11620330810547,-1.159423828125,-0.2376708984375,-0.3048095703125
33.106,305,418,407,316,8.0,33.0,7.0,28.808591842651367,46.936031341552734,-100.03661346435547,-1.192626953125,-0.28466796875,-0.3023681640625
33.118,304,424,401,316,8.0,33.0,7.0,44.189449310302734,44.494625091552734,-105.83495330810547,-1.2230224609375,-0.33251953125,-0.31494140625
33.119,306,409,391,317,8.0,33.0,7.0,59.753414154052734,42.236324310302734,-111.32811737060547,-1.24658203125,-0.3739013671875,-0.334228515625
33.132,305,407,403,316,13.0,32.0,6.0,75.37841796875,40.527339935302734,-116.82128143310547,-1.269287109375,-0.3941650390625,-0.341552734375
33.145,306,404,433,316,13.0,32.0,6.0,90.27098846435547,39.0625,-122.25341033935547,-1.295654296875,-0.3809814453125,-0.3262939453125
33.148,308,401,442,316,13.0,32.0,6.0,102.78319549560547,36.92626953125,-127.38036346435547,-1.318603515625,-0.3387451171875,-0.296875
33.162,308,400,444,316,13.0,32.0,6.0,112.48778533935547,34.11865234375,-133.056640625,-1.3389892578125,-0.284423828125,-0.275634765625
33.183,306,399,430,317,13.0,32.0,6.0,120.05614471435547,31.188962936401367,-140.2587890625,-1.3682861328125,-0.2296142578125,-0.2735595703125
33.183,306,401,434,300,13.0,32.0,6.0,125.48827362060547,27.709959030151367,-148.92578125,-1.4036865234375,-0.177001953125,-0.283935546875
33.192,304,401,419,316,13.0,32.0,6.0,127.44139862060547,22.460935592651367,-157.71484375,-1.425048828125,-0.121337890625,-0.30126953125
33.200,306,400,424,316,13.0,32.0,6.0,124.93895721435547,15.197752952575684,-165.71043395996094,-1.4178466796875,-0.0582275390625,-0.3243408203125
33.222,305,401,416,316,13.0,32.0,6.0,117.61473846435547,6.835937023162842,-173.15672302246094,-1.390380859375,0.00537109375,-0.3482666015625
33.222,292,408,428,300,13.0,32.0,6.0,105.46874237060547,-1.4648436307907104,-180.96922302246094,-1.3607177734375,0.0592041015625,-0.363525390625
33.230,306,385,431,316,17.0,26.0,8.0,88.50096893310547,-9.33837890625,-189.14793395996094,-1.3330078125,0.0977783203125,-0.370361328125
33.238,307,383,424,317,17.0,26.0,8.0,67.2607421875,-16.54052734375,-197.14353942871094,-1.3045654296875,0.1199951171875,-0.3775634765625
33.252,306,388,374,316,17.0,26.0,8.0,42.968746185302734,-22.766111373901367,-204.46775817871094,-1.2705078125,0.129638671875,-0.3885498046875
33.260,302,391,347,318,17.0,26.0,8.0,15.563963890075684,-29.541013717651367,-211.12059020996094,-1.2171630859375,0.1387939453125,-0.3948974609375
33.285,304,402,388,316,17.0,26.0,8.0,15.563963890075684,-29.541013717651367,-211.12059020996094,-1.1396484375,0.1513671875,-0.3988037109375
33.286,304,409,364,316,17.0,26.0,8.0,-43.395992279052734,-45.471187591552734,-220.45896911621094,-1.0499267578125,0.1591796875,-0.4149169921875
33.290,305,391,372,316,17.0,26.0,8.0,-69.4580078125,-51.147457122802734,-222.90037536621094,-0.967529296875,0.1593017578125,-0.44580078125
33.298,305,404,364,316,17.0,26.0,8.0,-69.4580078125,-51.147457122802734,-222.90037536621094,-0.9010009765625,0.15673828125,-0.481201171875
33.329,302,401,332,316,17.0,26.0,8.0,-112.91503143310547,-59.326168060302734,-222.71726989746094,-0.839599609375,0.155029296875,-0.5074462890625
33.329,302,402,333,317,17.0,26.0,8.0,-131.65283203125,-63.476558685302734,-219.36033630371094,-0.773681640625,0.1495361328125,-0.52392578125
33.329,304,406,330,316,28.0,15.0,3.0,-131.65283203125,-63.476558685302734,-219.36033630371094,-0.7093505859375,0.134033203125,-0.536376953125
33.342,302,383,323,316,28.0,15.0,3.0,-161.31590270996094,-68.9697265625,-207.15330505371094,-0.6534423828125,0.1085205078125,-0.548095703125
33.355,302,396,327,316,28.0,15.0,3.0,-171.26463317871094,-70.25146484375,-199.15769958496094,-0.6103515625,0.0760498046875,-0.556884765625
33.358,304,413,330,316,28.0,15.0,3.0,-171.26463317871094,-70.25146484375,-199.15769958496094,-0.5787353515625,0.038330078125,-0.559326171875
33.388,302,408,327,316,28.0,15.0,3.0,-181.94578552246094,-72.81494140625,-181.39646911621094,-0.550048828125,-0.004150390625,-0.557861328125
33.389,302,417,328,316,28.0,15.0,3.0,-183.77684020996094,-74.76806640625,-172.18016052246094,-0.5174560546875,-0.05029296875,-0.555419921875
33.389,300,411,307,298,28.0,15.0,3.0,-183.77684020996094,-74.76806640625,-172.18016052246094,-0.484619140625,-0.10302734375,-0.5498046875
33.402,302,400,327,317,28.0,15.0,3.0,-178.46678161621094,-76.59912109375,-154.35791015625,-0.4652099609375,-0.1612548828125,-0.5362548828125
33.410,300,416,327,318,28.0,15.0,3.0,-169.12840270996094,-75.439453125,-145.32470703125,-0.4649658203125,-0.2152099609375,-0.5120849609375
33.428,304,414,328,316,28.0,15.0,3.0,-169.12840270996094,-75.439453125,-145.32470703125,-0.474365234375,-0.257568359375,-0.480712890625
33.439,301,408,330,317,32.0,5.0,-2.0,-132.26318359375,-70.00732421875,-122.68065643310547,-0.4786376953125,-0.283203125,-0.4588623046875
33.441,302,411,334,316,32.0,5.0,-2.0,-104.30907440185547,-66.34521484375,-107.97118377685547,-0.4703369140625,-0.288818359375,-0.45751953125
33.448,302,411,336,316,32.0,5.0,-2.0,-104.30907440185547,-66.34521484375,-107.97118377685547,-0.4520263671875,-0.2781982421875,-0.4681396484375
33.464,304,418,334,316,32.0,5.0,-2.0,-42.663570404052734,-58.654781341552734,-76.2939453125,-0.429931640625,-0.260498046875,-0.4830322265625
33.489,302,423,334,316,32.0,5.0,-2.0,-15.869139671325684,-56.640621185302734,-61.218257904052734,-0.408935546875,-0.2427978515625,-0.500244140625
33.489,304,416,334,316,32.0,5.0,-2.0,-15.869139671325684,-56.640621185302734,-61.218257904052734,-0.408935546875,-0.2427978515625,-0.500244140625
33.492,302,438,328,316,32.0,5.0,-2.0,20.385740280151367,-56.823726654052734,-32.470703125,-0.37451171875,-0.2325439453125,-0.5294189453125
33.500,304,419,328,316,32.0,5.0,-2.0,20.385740280151367,-56.823726654052734,-32.470703125,-0.3753662109375,-0.2470703125,-0.546630859375
33.510,302,437,328,316,32.0,5.0,-2.0,31.249998092651367,-57.250972747802734,-18.9208984375,-0.3753662109375,-0.2470703125,-0.546630859375
33.529,302,416,328,317,31.0,4.0,-4.0,45.837398529052734,-55.725093841552734,7.934569835662842,-0.4251708984375,-0.2987060546875,-0.5771484375
33.530,281,439,337,317,31.0,4.0,-4.0,45.837398529052734,-55.725093841552734,7.934569835662842,-0.4456787109375,-0.33349609375,-0.572021484375
33.538,302,425,344,316,31.0,4.0,-4.0,48.706050872802734,-54.626461029052734,20.568845748901367,-0.4456787109375,-0.33349609375,-0.572021484375
33.552,304,426,347,316,31.0,4.0,-4.0,44.006343841552734,-54.626461029052734,40.893550872802734,-0.458740234375,-0.41259765625,-0.5489501953125
33.561,302,430,347,316,31.0,4.0,-4.0,44.006343841552734,-54.626461029052734,40.893550872802734,-0.4774169921875,-0.4520263671875,-0.5439453125
33.571,302,437,356,313,31.0,4.0,-4.0,38.02490234375,-54.504390716552734,49.011226654052734,-0.4774169921875,-0.4520263671875,-0.5439453125
33.592,302,437,348,318,31.0,4.0,-4.0,22.521970748901367,-53.161617279052734,62.561031341552734,-0.5396728515625,-0.5137939453125,-0.5101318359375
33.592,302,435,354,316,31.0,4.0,-4.0,22.521970748901367,-53.161617279052734,62.561031341552734,-0.5421142578125,-0.532958984375,-0.4873046875
33.598,302,431,348,316,31.0,4.0,-4.0,15.563963890075684,-53.039546966552734,67.3828125,-0.5421142578125,-0.532958984375,-0.4873046875
33.612,304,431,356,316,31.0,4.0,-4.0,6.347655773162842,-52.795406341552734,70.9228515625,-0.5059814453125,-0.5738525390625,-0.491455078125
33.622,304,430,352,316,29.0,7.0,-2.0,6.347655773162842,-52.795406341552734,70.9228515625,-0.51513671875,-0.5892333984375,-0.5050048828125
33.631,302,426,354,316,29.0,7.0,-2.0,-0.2441406100988388,-52.185054779052734,69.27490234375,-0.51513671875,-0.5892333984375,-0.5050048828125
33.642,304,431,359,322,29.0,7.0,-2.0,-19.775390625,-52.062984466552734,66.40625,-0.575927734375,-0.586669921875,-0.525634765625
33.651,304,442,356,316,29.0,7.0,-2.0,-19.775390625,-52.062984466552734,66.40625,-0.6014404296875,-0.570068359375,-0.5478515625
33.664,304,426,353,316,29.0,7.0,-2.0,-27.282712936401367,-52.185054779052734,67.32177734375,-0.6014404296875,-0.570068359375,-0.5478515625
33.694,302,426,361,316,29.0,7.0,-2.0,-37.90283203125,-51.940914154052734,70.1904296875,-0.628662109375,-0.5438232421875,-0.60595703125
33.694,286,437,327,299,29.0,7.0,-2.0,-37.90283203125,-51.940914154052734,70.1904296875,-0.6265869140625,-0.5413818359375,-0.60888671875
33.694,302,418,328,316,29.0,7.0,-2.0,-44.860836029052734,-51.940914154052734,71.83837890625,-0.6265869140625,-0.5413818359375,-0.60888671875
33.702,302,438,346,316,29.0,7.0,-2.0,-52.978511810302734,-51.513668060302734,73.54736328125,-0.6136474609375,-0.51953125,-0.56591796875
33.710,302,439,346,316,29.0,7.0,-2.0,-60.607906341552734,-50.354000091552734,75.13427734375,-0.6136474609375,-0.51953125,-0.56591796875
33.718,304,446,355,316,28.0,14.0,-3.0,-65.97900390625,-48.095699310302734,76.59912109375,-0.6148681640625,-0.4923095703125,-0.55615234375
33.734,304,430,347,317,28.0,14.0,-3.0,-68.84765625,-45.104976654052734,78.0029296875,-0.6383056640625,-0.43310546875,-0.575927734375
33.742,302,442,347,316,28.0,14.0,-3.0,-70.556640625,-41.809078216552734,79.28466796875,-0.6383056640625,-0.43310546875,-0.575927734375
33.748,302,440,351,321,28.0,14.0,-3.0,-72.32666015625,-38.57421875,80.2001953125,-0.6436767578125,-0.4112548828125,-0.5823974609375
33.762,302,433,347,317,28.0,14.0,-3.0,-74.5849609375,-35.70556640625,80.87157440185547,-0.630615234375,-0.3592529296875,-0.5623779296875
33.800,304,439,347,316,28.0,14.0,-3.0,-77.1484375,-33.447265625,81.23778533935547,-0.630615234375,-0.3592529296875,-0.5623779296875
33.803,302,416,347,316,28.0,14.0,-3.0,-79.28466796875,-31.921384811401367,80.87157440185547,-0.6162109375,-0.3349609375,-0.542236328125
33.803,302,414,345,316,28.0,14.0,-3.0,-80.38329315185547,-30.883787155151367,79.52880859375,-0.599609375,-0.306640625,-0.5078125
33.803,304,425,346,296,28.0,14.0,-3.0,-80.38329315185547,-30.151365280151367,77.5146484375,-0.599609375,-0.306640625,-0.5078125
33.808,302,419,343,316,28.0,14.0,-3.0,-79.7119140625,-29.602048873901367,75.50048828125,-0.599365234375,-0.2940673828125,-0.491455078125
33.837,302,423,356,316,28.0,21.0,-5.0,-78.55224609375,-29.235837936401367,73.54736328125,-0.5972900390625,-0.248291015625,-0.4447021484375
33.837,304,426,355,316,28.0,21.0,-5.0,-76.66015625,-29.235837936401367,71.35009765625,-0.5972900390625,-0.248291015625,-0.4447021484375
33.838,302,428,356,317,28.0,21.0,-5.0,-74.03564453125,-29.602048873901367,68.2373046875,-0.5927734375,-0.216064453125,-0.42431640625
33.853,304,439,359,316,28.0,21.0,-5.0,-71.59423828125,-30.456541061401367,63.903804779052734,-0.611572265625,-0.162841796875,-0.3968505859375
33.860,304,440,359,318,28.0,21.0,-5.0,-69.82421875,-31.799314498901367,58.410640716552734,-0.611572265625,-0.162841796875,-0.3968505859375
33.868,302,438,363,316,28.0,21.0,-5.0,-68.29833984375,-33.38623046875,52.124019622802734,-0.6610107421875,-0.147216796875,-0.390380859375
33.903,304,439,369,316,28.0,21.0,-5.0,-66.650390625,-35.5224609375,45.715328216552734,-0.8262939453125,-0.1109619140625,-0.3868408203125
33.903,304,438,363,321,28.0,21.0,-5.0,-65.12451171875,-38.2080078125,39.48974609375,-0.8262939453125,-0.1109619140625,-0.3868408203125
33.903,304,424,336,318,28.0,21.0,-5.0,-64.697265625,-42.358394622802734,32.958984375,-0.9259033203125,-0.0791015625,-0.37646484375
33.912,302,455,356,317,26.0,16.0,-14.0,-64.88037109375,-48.522945404052734,25.512693405151367,-1.099365234375,-0.0401611328125,-0.3809814453125
33.920,302,442,357,315,26.0,16.0,-14.0,-63.720699310302734,-55.114742279052734,17.15087890625,-1.099365234375,-0.0401611328125,-0.3809814453125
33.941,304,461,359,318,26.0,16.0,-14.0,-62.072750091552734,-61.584468841552734,8.85009765625,-1.1473388671875,-0.0250244140625,-0.3892822265625
33.943,302,454,346,316,26.0,16.0,-14.0,-61.279293060302734,-68.2373046875,1.03759765625,-1.1683349609375,-0.0052490234375,-0.3934326171875
33.950,304,441,360,318,26.0,16.0,-14.0,-61.645503997802734,-74.89013671875,-6.164550304412842,-1.1690673828125,0.01708984375,-0.3958740234375
33.958,302,454,360,316,26.0,16.0,-14.0,-62.866207122802734,-81.23778533935547,-13.061522483825684,-1.164306640625,0.037353515625,-0.397705078125
33.972,302,439,352,317,26.0,16.0,-14.0,-64.453125,-86.97509002685547,-19.59228515625,-1.1654052734375,0.053466796875,-0.3992919921875
33.980,300,456,346,316,26.0,16.0,-14.0,-66.46728515625,-91.91893768310547,-25.085447311401367,-1.1761474609375,0.064453125,-0.3992919921875
34.003,301,468,348,323,26.0,16.0,-14.0,-69.03076171875,-95.33690643310547,-28.930662155151367,-1.205078125,0.067138671875,-0.3995361328125
