time,compression0,compression1,compression2,compression3,magn_x,magn_y,magn_z,gyro_x,gyro_y,gyro_z,accel_x,accel_y,accel_z
0.003,310,780,437,328,4.0,36.0,7.0,2.13623046875,0.30517578125,-6.591796398162842,-0.843505859375,0.48095703125,-0.047119140625
0.012,313,780,437,330,4.0,36.0,7.0,2.624511480331421,0.6713866591453552,-7.690429210662842,-0.841552734375,0.481201171875,-0.04296875
0.040,313,865,420,329,4.0,36.0,7.0,3.417968511581421,0.9155272841453552,-8.48388671875,-0.8499755859375,0.47705078125,-0.06640625
0.041,315,874,418,333,5.0,38.0,7.0,5.0048828125,0.9155272841453552,-8.60595703125,-0.8499755859375,0.47705078125,-0.06640625
0.041,313,939,401,310,5.0,38.0,7.0,7.263183116912842,0.54931640625,-7.995604991912842,-0.852783203125,0.475341796875,-0.0848388671875
0.055,313,1038,411,334,5.0,38.0,7.0,9.46044921875,-0.0610351525247097,-7.385253429412842,-0.8663330078125,0.4796142578125,-0.09326171875
0.063,313,1056,423,332,5.0,38.0,7.0,11.230467796325684,-0.7934569716453552,-7.263183116912842,-0.8663330078125,0.4796142578125,-0.09326171875
0.072,314,1079,426,332,5.0,38.0,7.0,12.207030296325684,-1.4648436307907104,-7.629394054412842,-0.870849609375,0.5042724609375,-0.092529296875
0.100,313,1207,404,332,5.0,38.0,7.0,11.657713890075684,-1.8310545682907104,-8.544921875,-0.8629150390625,0.5556640625,-0.0794677734375
0.101,313,1236,424,330,5.0,38.0,7.0,9.46044921875,-1.7700194120407104,-10.131834983825684,-0.8629150390625,0.5556640625,-0.0794677734375
0.101,314,1241,387,308,5.0,38.0,7.0,6.835937023162842,-1.5869139432907104,-12.084959983825684,-0.8575439453125,0.564697265625,-0.080078125
0.110,315,1267,406,334,5.0,38.0,7.0,4.94384765625,-1.6479490995407104,-13.977049827575684,-0.8526611328125,0.5506591796875,-0.07763671875
0.124,314,1220,402,332,5.0,38.0,7.0,4.7607421875,-1.9531248807907104,-15.686034202575684,-0.854736328125,0.5272216796875,-0.075439453125
0.149,313,1228,407,336,3.0,36.0,10.0,6.164550304412842,-2.38037109375,-17.15087890625,-0.863525390625,0.51806640625,-0.0809326171875
0.150,314,1175,378,330,3.0,36.0,10.0,7.507323741912842,-2.624511480331421,-18.12744140625,-0.87060546875,0.5177001953125,-0.086669921875
0.156,318,1198,373,332,3.0,36.0,10.0,6.835937023162842,-2.624511480331421,-18.98193359375,-0.8731689453125,0.5152587890625,-0.0899658203125
0.162,316,1234,363,334,3.0,36.0,10.0,4.2724609375,-2.3193359375,-19.8974609375,-0.870849609375,0.5107421875,-0.0943603515625
0.172,315,1198,351,332,3.0,36.0,10.0,0.54931640625,-1.8920897245407104,-20.812986373901367,-0.8665771484375,0.49462890625,-0.0960693359375
0.184,315,1173,347,332,3.0,36.0,10.0,-3.112792730331421,-1.6479490995407104,-21.606443405151367,-0.8685302734375,0.4664306640625,-0.0927734375
0.204,316,1185,343,334,3.0,36.0,10.0,-4.7607421875,-1.7700194120407104,-21.789548873901367,-0.8763427734375,0.4423828125,-0.08984375
0.204,315,1156,338,332,3.0,36.0,10.0,-3.662109136581421,-2.25830078125,-20.996091842651367,-0.8834228515625,0.425537109375,-0.088623046875
0.216,315,1137,338,330,3.0,36.0,10.0,-1.0986328125,-2.929687261581421,-19.6533203125,-0.8885498046875,0.417724609375,-0.0860595703125
0.222,315,1111,348,332,3.0,36.0,10.0,0.9765624403953552,-3.479003667831421,-18.5546875,-0.8900146484375,0.4205322265625,-0.083740234375
0.241,315,1120,330,330,8.0,37.0,7.0,1.7089842557907104,-3.906249761581421,-17.578125,-0.8873291015625,0.42578125,-0.0821533203125
0.259,313,1188,328,328,8.0,37.0,7.0,1.03759765625,-4.21142578125,-16.54052734375,-0.8829345703125,0.4296875,-0.07958984375
0.259,313,1173,328,327,8.0,37.0,7.0,-0.1831054538488388,-4.57763671875,-15.502928733825684,-0.8798828125,0.4295654296875,-0.073486328125
0.264,313,1253,322,324,8.0,37.0,7.0,-0.8544921278953552,-4.8828125,-14.587401390075684,-0.8807373046875,0.4327392578125,-0.06689453125
0.274,314,1220,329,327,8.0,37.0,7.0,-0.7934569716453552,-5.065917491912842,-13.854979515075684,-0.885009765625,0.4443359375,-0.0673828125
0.282,313,1172,330,331,8.0,37.0,7.0,-0.7324218153953552,-5.187987804412842,-13.305663108825684,-0.890380859375,0.451171875,-0.0726318359375
0.297,315,1236,330,322,8.0,37.0,7.0,-0.7324218153953552,-5.432128429412842,-13.000487327575684,-0.89404296875,0.4512939453125,-0.0804443359375
0.306,313,1204,328,328,8.0,37.0,7.0,-0.7934569716453552,-5.676269054412842,-13.061522483825684,-0.8896484375,0.4559326171875,-0.08984375
0.312,313,1162,342,332,8.0,37.0,7.0,-1.7089842557907104,-5.798339366912842,-13.244627952575684,-0.8751220703125,0.461181640625,-0.0965576171875
0.320,315,1224,354,331,8.0,37.0,7.0,-3.540038824081421,-5.859374523162842,-13.488768577575684,-0.8592529296875,0.460205078125,-0.0977783203125
0.344,313,1254,356,330,9.0,35.0,9.0,-5.615233898162842,-5.737304210662842,-13.549803733825684,-0.85205078125,0.4503173828125,-0.0933837890625
0.344,314,1243,356,308,9.0,35.0,9.0,-7.629394054412842,-5.493163585662842,-13.366698265075684,-0.8568115234375,0.435546875,-0.079833984375
0.366,315,1262,344,332,9.0,35.0,9.0,-9.6435546875,-5.187987804412842,-13.305663108825684,-0.872314453125,0.42626953125,-0.0599365234375
0.366,308,1243,344,328,9.0,35.0,9.0,-11.230467796325684,-5.0048828125,-13.549803733825684,-0.89013671875,0.4207763671875,-0.0469970703125
0.373,313,1214,362,334,9.0,35.0,9.0,-11.840819358825684,-4.94384765625,-13.854979515075684,-0.90185546875,0.4139404296875,-0.04443359375
0.385,314,1169,373,332,9.0,35.0,9.0,-11.779784202575684,-5.126952648162842,-14.038084983825684,-0.908935546875,0.4073486328125,-0.0445556640625
0.408,310,1185,385,330,9.0,35.0,9.0,-11.718749046325684,-5.310058116912842,-13.793944358825684,-0.912353515625,0.40234375,-0.0439453125
0.408,315,1156,371,329,9.0,35.0,9.0,-12.329100608825684,-5.432128429412842,-12.939452171325684,-0.9091796875,0.393310546875,-0.0384521484375
0.411,313,1184,376,332,9.0,35.0,9.0,-13.610838890075684,-5.187987804412842,-11.840819358825684,-0.901611328125,0.3765869140625,-0.030029296875
0.425,314,1251,374,332,8.0,34.0,8.0,-15.014647483825684,-4.7607421875,-10.681151390075684,-0.889404296875,0.3592529296875,-0.0289306640625
0.447,315,1239,370,334,8.0,34.0,8.0,-15.319823265075684,-4.57763671875,-9.765625,-0.875732421875,0.3599853515625,-0.0377197265625
0.447,313,1248,371,332,8.0,34.0,8.0,-14.526366233825684,-4.69970703125,-9.21630859375,-0.8699951171875,0.384033203125,-0.05078125
0.455,313,1258,359,332,8.0,34.0,8.0,-13.427733421325684,-4.94384765625,-9.033203125,-0.8697509765625,0.4107666015625,-0.061279296875
0.466,310,1228,371,332,8.0,34.0,8.0,-13.000487327575684,-5.310058116912842,-9.09423828125,-0.8707275390625,0.43212890625,-0.0653076171875
0.476,313,1183,348,328,8.0,34.0,8.0,-13.610838890075684,-5.798339366912842,-9.82666015625,-0.875244140625,0.4493408203125,-0.05908203125
0.490,313,1216,360,332,8.0,34.0,8.0,-16.05224609375,-6.347655773162842,-11.352538108825684,-0.8846435546875,0.44677734375,-0.041259765625
0.513,314,1250,354,331,8.0,34.0,8.0,-19.04296875,-6.896972179412842,-13.122557640075684,-0.897705078125,0.4168701171875,-0.0245361328125
0.513,299,1264,354,330,8.0,34.0,8.0,-20.080564498901367,-7.629394054412842,-14.038084983825684,-0.9056396484375,0.3790283203125,-0.0203857421875
0.518,314,1265,348,332,8.0,34.0,8.0,-18.24951171875,-8.30078125,-13.793944358825684,-0.9031982421875,0.3570556640625,-0.0228271484375
0.539,316,1336,347,332,9.0,32.0,7.0,-15.075682640075684,-8.72802734375,-12.939452171325684,-0.8956298828125,0.3536376953125,-0.02685546875
0.548,314,1338,348,334,9.0,32.0,7.0,-12.634276390075684,-8.97216796875,-12.268065452575684,-0.8909912109375,0.3603515625,-0.0296630859375
0.553,315,1343,371,334,9.0,32.0,7.0,-12.207030296325684,-9.27734375,-12.329100608825684,-0.8929443359375,0.3695068359375,-0.0269775390625
0.564,315,1413,364,336,9.0,32.0,7.0,-13.427733421325684,-9.6435546875,-12.817381858825684,-0.8990478515625,0.3724365234375,-0.0230712890625
0.578,316,1422,375,336,9.0,32.0,7.0,-14.587401390075684,-10.192870140075684,-12.695311546325684,-0.905517578125,0.3670654296875,-0.0250244140625
0.579,316,1464,344,330,9.0,32.0,7.0,-14.160155296325684,-10.986327171325684,-11.718749046325684,-0.9002685546875,0.36376953125,-0.03466796875
0.588,315,1557,347,334,9.0,32.0,7.0,-12.939452171325684,-11.962889671325684,-10.314940452575684,-0.8756103515625,0.3641357421875,-0.038818359375
0.591,317,1561,346,334,9.0,32.0,7.0,-12.939452171325684,-11.962889671325684,-10.314940452575684,-0.8560791015625,0.36572265625,-0.0272216796875
0.613,317,1695,347,332,9.0,32.0,7.0,-14.282225608825684,-13.244627952575684,-8.60595703125,-0.8594970703125,0.3731689453125,-0.0108642578125
0.613,316,1762,348,338,9.0,32.0,7.0,-17.88330078125,-13.366698265075684,-7.263183116912842,-0.8697509765625,0.37841796875,0.000732421875
0.621,316,1743,387,342,10.0,34.0,9.0,-17.88330078125,-13.366698265075684,-7.263183116912842,-0.8734130859375,0.3668212890625,0.0001220703125
0.635,316,1895,411,336,10.0,34.0,9.0,-27.587888717651367,-12.329100608825684,-1.4038084745407104,-0.878662109375,0.3531494140625,-0.017578125
0.649,310,2100,402,338,10.0,34.0,9.0,-32.04345703125,-11.840819358825684,3.295898199081421,-0.888916015625,0.3499755859375,-0.0472412109375
0.651,318,2142,426,343,10.0,34.0,9.0,-32.04345703125,-11.840819358825684,3.295898199081421,-0.905517578125,0.3341064453125,-0.054931640625
0.666,321,2334,430,342,10.0,34.0,9.0,-47.424312591552734,-10.253905296325684,16.845703125,-0.9189453125,0.280517578125,-0.0318603515625
0.679,318,2565,401,344,10.0,34.0,9.0,-56.640621185302734,-8.4228515625,24.902341842651367,-0.89111328125,0.198486328125,0.0167236328125
0.682,307,2887,416,346,10.0,34.0,9.0,-56.640621185302734,-8.4228515625,24.902341842651367,-0.775634765625,0.11962890625,0.0863037109375
0.715,323,3147,441,423,10.0,34.0,9.0,-59.020992279052734,-7.141112804412842,34.11865234375,-0.5723876953125,0.0550537109375,0.1151123046875
0.715,313,3147,385,853,10.0,34.0,9.0,-47.180171966552734,-10.375975608825684,29.541013717651367,-0.3167724609375,0.0394287109375,0.0826416015625
0.715,328,3147,458,1133,10.0,34.0,9.0,-47.180171966552734,-10.375975608825684,29.541013717651367,-0.0123291015625,0.0994873046875,0.056884765625
0.725,334,3147,551,1759,9.0,34.0,15.0,-20.385740280151367,-31.921384811401367,3.479003667831421,0.3258056640625,0.1708984375,0.0716552734375
0.733,344,3147,695,2122,9.0,34.0,15.0,-15.686034202575684,-49.621578216552734,-22.827146530151367,0.6041259765625,0.2205810546875,0.1419677734375
0.752,360,3147,824,2458,9.0,34.0,15.0,-15.686034202575684,-49.621578216552734,-22.827146530151367,0.6727294921875,0.2913818359375,0.221435546875
0.755,399,3147,1231,2868,9.0,34.0,15.0,-19.10400390625,-72.6318359375,-101.86766815185547,0.416748046875,0.52783203125,0.204345703125
0.767,409,3147,1478,3112,9.0,34.0,15.0,-25.817869186401367,-68.4814453125,-127.07518768310547,-0.2154541015625,1.1246337890625,0.113525390625
0.771,424,3147,1748,3147,9.0,34.0,15.0,-25.817869186401367,-68.4814453125,-127.07518768310547,-1.0333251953125,1.756103515625,0.0499267578125
0.787,466,3147,2231,3147,9.0,34.0,15.0,-73.6083984375,-50.109859466552734,-94.72655487060547,-1.766845703125,1.6419677734375,0.1820068359375
0.796,478,3147,2489,3147,9.0,34.0,15.0,-107.84911346435547,-50.354000091552734,-69.091796875,-2.4547119140625,0.47119140625,0.3580322265625
0.818,485,3147,2716,3147,9.0,34.0,15.0,-107.84911346435547,-50.354000091552734,-69.091796875,-3.005126953125,-0.913818359375,0.4942626953125
0.818,481,3147,2808,3147,16.0,29.0,12.0,-86.97509002685547,-37.2314453125,-54.077144622802734,-3.312744140625,-1.1856689453125,0.5428466796875
0.823,480,3147,2612,3147,16.0,29.0,12.0,-86.97509002685547,-37.2314453125,-54.077144622802734,-3.0157470703125,-0.5352783203125,0.178955078125
0.833,479,3147,2430,3147,16.0,29.0,12.0,-17.08984375,-22.460935592651367,-25.207517623901367,-3.0157470703125,-0.5352783203125,0.178955078125
0.840,473,3147,2284,3147,16.0,29.0,12.0,48.645015716552734,-5.371093273162842,12.634276390075684,-1.913330078125,0.1134033203125,-0.2076416015625
0.855,470,3147,2319,3147,16.0,29.0,12.0,34.11865234375,28.747556686401367,-2.50244140625,-0.8450927734375,1.4654541015625,-0.0074462890625
0.864,473,3147,2310,3147,16.0,29.0,12.0,34.11865234375,28.747556686401367,-2.50244140625,-1.418701171875,1.58203125,0.2220458984375
0.873,473,3147,2225,3147,16.0,29.0,12.0,-28.320310592651367,44.860836029052734,-36.68212890625,-1.418701171875,1.58203125,0.2220458984375
0.892,470,3147,1967,3147,16.0,29.0,12.0,-85.57128143310547,39.55078125,-54.931636810302734,-2.3529052734375,0.298828125,0.4393310546875
0.892,462,3147,1716,3072,16.0,29.0,12.0,-85.57128143310547,39.55078125,-54.931636810302734,-2.2384033203125,-0.1051025390625,0.3865966796875
0.900,454,3147,1535,2993,16.0,29.0,12.0,-56.701656341552734,22.216794967651367,-41.992183685302734,-2.2384033203125,-0.1051025390625,0.3865966796875
0.926,419,3147,1222,2557,15.0,30.0,8.0,13.732909202575684,3.723144292831421,-4.21142578125,-1.3638916015625,-0.0677490234375,0.283203125
0.927,390,3147,1031,2287,15.0,30.0,8.0,13.732909202575684,3.723144292831421,-4.21142578125,-1.3638916015625,-0.0677490234375,0.283203125
0.930,376,3147,803,1934,15.0,30.0,8.0,22.583005905151367,8.4228515625,13.916014671325684,-0.9295654296875,0.078369140625,0.326416015625
0.959,354,3147,463,1149,15.0,30.0,8.0,18.00537109375,19.04296875,28.442380905151367,-0.444580078125,-0.04833984375,0.0718994140625
0.959,332,3147,417,779,15.0,30.0,8.0,9.70458984375,32.3486328125,34.11865234375,-0.444580078125,-0.04833984375,0.0718994140625
0.960,327,3147,356,438,15.0,30.0,8.0,3.173827886581421,42.175289154052734,28.259275436401367,-0.4049072265625,-0.239501953125,-0.248779296875
0.975,321,2047,391,337,15.0,30.0,8.0,21.972654342651367,40.588375091552734,8.4228515625,-0.3995361328125,-0.0589599609375,-0.6922607421875
0.983,318,1430,347,344,15.0,30.0,8.0,21.972654342651367,40.588375091552734,8.4228515625,-0.26611328125,0.3602294921875,-0.4820556640625
0.999,318,1237,355,342,15.0,30.0,8.0,41.320796966552734,33.63037109375,8.85009765625,-0.26611328125,0.3602294921875,-0.4820556640625
1.007,315,737,383,330,15.0,30.0,8.0,21.362302780151367,22.155759811401367,-4.08935546875,-0.318115234375,0.5506591796875,0.2034912109375
1.025,315,707,391,336,16.0,29.0,7.0,21.362302780151367,22.155759811401367,-4.08935546875,-0.568115234375,0.470458984375,0.3590087890625
1.025,300,543,414,332,16.0,29.0,7.0,-1.7700194120407104,24.108884811401367,-11.596678733825684,-0.568115234375,0.470458984375,0.3590087890625
1.038,315,536,385,332,16.0,29.0,7.0,-10.559081077575684,26.672361373901367,-9.33837890625,-0.5323486328125,0.1087646484375,0.2166748046875
1.043,315,588,416,332,16.0,29.0,7.0,-8.36181640625,28.625486373901367,-9.70458984375,-0.5323486328125,0.1087646484375,0.2166748046875
1.060,316,624,415,334,16.0,29.0,7.0,-2.624511480331421,27.160642623901367,-16.41845703125,-0.5921630859375,-0.0001220703125,0.2288818359375
1.065,317,645,387,336,16.0,29.0,7.0,7.751464366912842,17.27294921875,-19.47021484375,-0.6358642578125,0.259033203125,0.2718505859375
1.073,316,673,388,336,16.0,29.0,7.0,18.24951171875,4.638671875,-15.686034202575684,-0.6358642578125,0.259033203125,0.2718505859375
1.081,316,687,390,346,16.0,29.0,7.0,17.4560546875,-2.624511480331421,-10.192870140075684,-0.6055908203125,0.326904296875,0.2451171875
1.095,316,1126,414,338,16.0,29.0,7.0,7.324218273162842,-4.69970703125,-5.737304210662842,-0.6939697265625,0.171630859375,0.2728271484375
1.103,318,1258,411,336,16.0,29.0,7.0,0.0610351525247097,-5.310058116912842,-1.03759765625,-0.6939697265625,0.171630859375,0.2728271484375
1.111,318,1590,411,336,15.0,28.0,7.0,-0.1220703050494194,-5.920409679412842,4.21142578125,-0.7750244140625,0.1104736328125,0.236083984375
1.126,319,1798,391,331,15.0,28.0,7.0,3.051757574081421,-6.103515148162842,9.33837890625,-0.8743896484375,0.14404296875,0.0618896484375
1.133,318,1880,401,346,15.0,28.0,7.0,6.713866710662842,-5.920409679412842,13.549803733825684,-0.8743896484375,0.14404296875,0.0618896484375
1.153,321,2041,390,338,15.0,28.0,7.0,9.94873046875,-7.080077648162842,15.808104515075684,-0.8861083984375,0.2520751953125,0.0206298828125
1.161,321,2410,391,338,15.0,28.0,7.0,11.474608421325684,-10.437010765075684,15.075682640075684,-0.869384765625,0.3687744140625,0.0047607421875
1.163,321,2648,441,346,15.0,28.0,7.0,9.765625,-13.977049827575684,11.596678733825684,-0.869384765625,0.3687744140625,0.0047607421875
1.171,321,2922,426,355,15.0,28.0,7.0,5.554198741912842,-16.17431640625,7.934569835662842,-0.8565673828125,0.3272705078125,0.0076904296875
1.185,323,3147,466,354,15.0,28.0,7.0,2.01416015625,-17.578125,7.263183116912842,-0.8099365234375,0.153076171875,0.010009765625
1.193,324,3147,465,484,15.0,28.0,7.0,-0.6103515625,-19.53125,9.6435546875,-0.8099365234375,0.153076171875,0.010009765625
1.201,327,3147,416,714,15.0,28.0,7.0,-0.2441406100988388,-22.827146530151367,12.939452171325684,-0.6922607421875,0.064697265625,0.02197265625
1.228,333,3147,466,1000,18.0,31.0,11.0,5.737304210662842,-27.770994186401367,15.808104515075684,-0.427001953125,-0.024658203125,0.107666015625
1.228,334,3147,470,1264,18.0,31.0,11.0,12.817381858825684,-33.69140625,17.578125,-0.427001953125,-0.024658203125,0.107666015625
1.232,327,3147,540,1529,18.0,31.0,11.0,17.822265625,-38.9404296875,17.15087890625,-0.2784423828125,-0.021484375,0.1732177734375
1.245,356,3147,691,1801,18.0,31.0,11.0,21.606443405151367,-43.395992279052734,12.329100608825684,0.0322265625,0.247314453125,0.2352294921875
1.272,375,3147,813,2063,18.0,31.0,11.0,21.667478561401367,-47.668453216552734,-1.0986328125,0.0322265625,0.247314453125,0.2352294921875
1.272,375,3147,1078,2249,18.0,31.0,11.0,14.099120140075684,-49.743648529052734,-23.376462936401367,-0.092041015625,0.587646484375,0.13818359375
1.275,414,3147,1676,2554,18.0,31.0,11.0,-0.4272460639476776,-44.799800872802734,-42.541500091552734,-0.4388427734375,1.1024169921875,-0.0880126953125
1.283,433,3147,1985,2638,18.0,31.0,11.0,-20.446775436401367,-34.3017578125,-47.668453216552734,-0.9254150390625,1.4810791015625,-0.2225341796875
1.291,439,3147,2150,2700,18.0,31.0,11.0,-47.058101654052734,-27.160642623901367,-42.419429779052734,-1.57958984375,1.332275390625,-0.1239013671875
1.306,456,3147,2364,2807,16.0,30.0,7.0,-79.345703125,-27.709959030151367,-39.97802734375,-2.2178955078125,0.4859619140625,0.17529296875
1.331,462,3147,2484,2898,16.0,30.0,7.0,-102.23387908935547,-28.076169967651367,-48.828121185302734,-2.6689453125,-0.2794189453125,0.45166015625
1.332,456,3147,2464,2911,16.0,30.0,7.0,-93.81102752685547,-18.6767578125,-54.748531341552734,-2.8096923828125,-0.3292236328125,0.5517578125
1.336,445,3147,2168,2668,16.0,30.0,7.0,-58.776851654052734,-3.784179449081421,-45.104976654052734,-2.524658203125,-0.1851806640625,0.40673828125
1.343,442,3147,2144,2664,16.0,30.0,7.0,-23.498533248901367,12.878417015075684,-32.8369140625,-1.7498779296875,-0.0482177734375,0.228759765625
1.361,441,3147,2176,2616,16.0,30.0,7.0,-6.103515148162842,32.53173828125,-31.616209030151367,-1.0670166015625,0.3309326171875,0.23828125
1.368,440,3147,2019,2453,16.0,30.0,7.0,-16.4794921875,49.987789154052734,-35.09521484375,-1.26611328125,0.6265869140625,0.286865234375
1.379,437,3147,1908,2424,16.0,30.0,7.0,-49.133296966552734,57.861324310302734,-29.724119186401367,-2.0091552734375,0.36083984375,0.2584228515625
1.383,415,3147,1709,2333,16.0,30.0,7.0,-67.626953125,52.490230560302734,-11.474608421325684,-2.48828125,-0.1131591796875,0.222900390625
1.395,423,3147,1382,2160,16.0,30.0,7.0,-42.907711029052734,35.888671875,15.624999046325684,-2.412109375,-0.2537841796875,0.2786865234375
1.406,416,3147,1067,1989,16.0,29.0,7.0,7.690429210662842,17.15087890625,42.114253997802734,-1.9791259765625,-0.1263427734375,0.3779296875
1.411,401,3147,802,1801,16.0,29.0,7.0,53.405757904052734,7.080077648162842,59.265132904052734,-1.5006103515625,0.0999755859375,0.3995361328125
1.437,364,3147,493,1384,16.0,29.0,7.0,77.63671875,8.4228515625,65.5517578125,-1.027587890625,0.343505859375,0.3060302734375
1.437,328,3147,441,784,16.0,29.0,7.0,74.462890625,17.88330078125,62.744136810302734,-0.5863037109375,0.44482421875,0.169921875
1.441,332,3147,430,356,16.0,29.0,7.0,48.522945404052734,31.921384811401367,50.720211029052734,-0.28515625,0.2877197265625,-0.000244140625
1.455,323,1948,411,354,16.0,29.0,7.0,18.798828125,46.264644622802734,28.930662155151367,-0.1595458984375,0.05029296875,-0.25634765625
1.470,319,1504,382,344,16.0,29.0,7.0,4.2724609375,55.480953216552734,3.906249761581421,-0.172607421875,0.0128173828125,-0.5570068359375
1.473,321,1213,338,314,16.0,29.0,7.0,4.150390625,56.457515716552734,-11.840819358825684,-0.2484130859375,0.1981201171875,-0.6595458984375
1.489,318,976,342,332,16.0,29.0,7.0,6.286620616912842,49.255367279052734,-12.451170921325684,-0.29150390625,0.4134521484375,-0.4415283203125
1.494,316,803,342,330,16.0,29.0,7.0,1.9531248807907104,37.17041015625,-6.652831554412842,-0.3494873046875,0.42138671875,-0.0921630859375
1.501,315,625,398,330,17.0,31.0,6.0,-8.6669921875,27.648923873901367,-3.295898199081421,-0.5274658203125,0.27734375,0.1661376953125
1.515,313,537,378,330,17.0,31.0,6.0,-14.831542015075684,24.902341842651367,1.4648436307907104,-0.6748046875,0.1920166015625,0.3133544921875
1.542,314,679,371,332,17.0,31.0,6.0,-10.925292015075684,23.376462936401367,9.82666015625,-0.6475830078125,0.21484375,0.3994140625
1.542,316,669,372,328,17.0,31.0,6.0,-3.967284917831421,18.85986328125,12.878417015075684,-0.5211181640625,0.2352294921875,0.3773193359375
1.548,316,561,380,330,17.0,31.0,6.0,0.7934569716453552,13.671874046325684,4.7607421875,-0.4481201171875,0.2008056640625,0.3115234375
1.553,315,586,371,330,17.0,31.0,6.0,7.080077648162842,7.812499523162842,-8.056640625,-0.4573974609375,0.1922607421875,0.277099609375
1.569,315,563,390,328,17.0,31.0,6.0,13.122557640075684,-0.2441406100988388,-17.4560546875,-0.4830322265625,0.237548828125,0.2099609375
1.575,316,777,383,330,17.0,31.0,6.0,10.192870140075684,-6.347655773162842,-21.240232467651367,-0.5391845703125,0.2789306640625,0.1107177734375
1.584,315,890,388,333,17.0,31.0,6.0,-1.5869139432907104,-7.751464366912842,-19.53125,-0.6492919921875,0.2359619140625,0.0445556640625
1.592,316,1339,391,344,17.0,31.0,6.0,-10.681151390075684,-7.873534679412842,-13.122557640075684,-0.75390625,0.1314697265625,0.001708984375
1.605,316,2115,411,345,14.0,28.0,5.0,-8.60595703125,-9.70458984375,-4.638671875,-0.8134765625,0.0645751953125,-0.0198974609375
1.613,316,2530,419,334,14.0,28.0,5.0,1.9531248807907104,-13.366698265075684,2.624511480331421,-0.8394775390625,0.076171875,-0.0037841796875
1.621,318,2704,461,338,14.0,28.0,5.0,14.221190452575684,-18.24951171875,6.896972179412842,-0.8505859375,0.1422119140625,0.0133056640625
1.650,323,3147,387,411,14.0,28.0,5.0,22.583005905151367,-22.949216842651367,8.23974609375,-0.8709716796875,0.215087890625,0.004638671875
1.651,322,3147,400,656,14.0,28.0,5.0,23.925779342651367,-26.916501998901367,7.629394054412842,-0.9217529296875,0.2476806640625,-0.000244140625
1.652,322,3147,465,840,14.0,28.0,5.0,18.6767578125,-30.517576217651367,5.676269054412842,-0.923583984375,0.2105712890625,-0.0126953125
1.673,327,3147,499,1173,14.0,28.0,5.0,11.413573265075684,-33.447265625,3.051757574081421,-0.8209228515625,0.153564453125,-0.04736328125
1.675,330,3147,466,1224,14.0,28.0,5.0,8.60595703125,-35.70556640625,0.6103515625,-0.710205078125,0.1282958984375,-0.0853271484375
1.681,333,3147,484,1529,14.0,28.0,5.0,9.58251953125,-38.57421875,-0.54931640625,-0.6630859375,0.1153564453125,-0.11572265625
1.695,338,3147,546,1676,18.0,28.0,7.0,8.48388671875,-41.992183685302734,-0.1220703050494194,-0.6636962890625,0.09228515625,-0.10009765625
1.703,344,3147,588,1826,18.0,28.0,7.0,3.662109136581421,-45.410152435302734,1.2817381620407104,-0.6590576171875,0.0477294921875,-0.0233154296875
1.716,348,3147,625,1996,18.0,28.0,7.0,-1.03759765625,-47.912593841552734,2.38037109375,-0.6181640625,-0.03369140625,0.061279296875
1.742,364,3147,913,2178,18.0,28.0,7.0,0.0610351525247097,-48.645015716552734,1.9531248807907104,-0.5208740234375,-0.096923828125,0.117919921875
1.745,378,3147,1191,2228,18.0,28.0,7.0,8.72802734375,-48.339839935302734,0.2441406100988388,-0.3150634765625,-0.0386962890625,0.145751953125
1.745,391,3147,1328,2323,18.0,28.0,7.0,8.72802734375,-48.339839935302734,0.2441406100988388,-0.0867919921875,0.1614990234375,0.1768798828125
1.755,416,3147,1574,2778,18.0,28.0,7.0,15.014647483825684,-49.804683685302734,-2.990722417831421,-0.040771484375,0.464111328125,0.3643798828125
1.776,430,3147,1719,3107,18.0,28.0,7.0,2.868652105331421,-52.856441497802734,-3.601073980331421,-0.2198486328125,0.862060546875,0.650634765625
1.778,438,3147,1936,3147,18.0,28.0,7.0,2.868652105331421,-52.856441497802734,-3.601073980331421,-0.694091796875,1.0526123046875,0.7618408203125
1.786,470,3147,2541,3147,18.0,28.0,7.0,-28.320310592651367,-46.997066497802734,-11.718749046325684,-1.6790771484375,0.857421875,0.510986328125
1.793,478,3147,2565,3147,17.0,29.0,9.0,-53.894039154052734,-31.188962936401367,-15.991209983825684,-2.978759765625,0.638427734375,0.2845458984375
1.802,473,3147,2330,3147,17.0,29.0,9.0,-53.894039154052734,-31.188962936401367,-15.991209983825684,-3.5728759765625,0.0791015625,0.030517578125
1.815,468,3147,2144,3147,17.0,29.0,9.0,-49.865718841552734,-23.986814498901367,34.11865234375,-2.53662109375,-0.912109375,-0.1328125
1.840,465,3147,2019,3147,17.0,29.0,9.0,25.878904342651367,-26.184080123901367,46.142574310302734,-1.0184326171875,-0.593017578125,0.2147216796875
1.849,458,3147,1908,3147,17.0,29.0,9.0,25.878904342651367,-26.184080123901367,46.142574310302734,-0.5657958984375,1.0277099609375,0.4700927734375
1.849,438,3147,1808,3147,17.0,29.0,9.0,71.10595703125,19.287109375,18.310546875,-0.9798583984375,1.71826171875,0.46142578125
1.856,445,3147,1693,3147,17.0,29.0,9.0,-28.564451217651367,62.438961029052734,-8.30078125,-1.6898193359375,1.1370849609375,0.34423828125
1.861,441,3147,1506,3147,17.0,29.0,9.0,-28.564451217651367,62.438961029052734,-8.30078125,-2.32275390625,0.345703125,0.193603515625
1.878,424,3147,1173,3140,17.0,29.0,9.0,-90.69823455810547,71.533203125,-19.287109375,-2.5667724609375,0.001220703125,0.13134765625
1.884,411,3147,996,3014,17.0,29.0,9.0,-38.51318359375,41.320796966552734,-0.4882812201976776,-2.3145751953125,0.0771484375,0.1307373046875
1.895,391,3147,872,2859,13.0,29.0,9.0,-38.51318359375,41.320796966552734,-0.4882812201976776,-1.7418212890625,0.166748046875,0.206298828125
1.906,364,3147,632,2479,13.0,29.0,9.0,37.841796875,2.624511480331421,20.996091842651367,-1.15673828125,0.1961669921875,0.3465576171875
1.913,351,3147,519,2263,13.0,29.0,9.0,47.180171966552734,4.08935546875,22.766111373901367,-0.664794921875,0.2633056640625,0.4149169921875
1.922,338,3147,519,1908,13.0,29.0,9.0,47.180171966552734,4.08935546875,22.766111373901367,-0.3297119140625,0.2403564453125,0.2962646484375
1.943,332,3147,376,994,13.0,29.0,9.0,33.26416015625,37.7197265625,8.1787109375,-0.2247314453125,0.0809326171875,0.07373046875
1.943,321,3147,442,642,13.0,29.0,9.0,16.2353515625,54.138179779052734,-7.385253429412842,-0.2532958984375,-0.097900390625,-0.1314697265625
1.955,321,3147,385,347,13.0,29.0,9.0,16.2353515625,54.138179779052734,-7.385253429412842,-0.2532958984375,-0.097900390625,-0.1314697265625
1.965,323,1686,388,338,13.0,29.0,9.0,2.25830078125,55.114742279052734,-20.263669967651367,-0.4246826171875,-0.0306396484375,-0.4493408203125
1.980,319,1294,378,344,13.0,29.0,9.0,2.25830078125,55.114742279052734,-20.263669967651367,-0.4002685546875,0.1998291015625,-0.4151611328125
1.981,318,1163,328,324,13.0,29.0,9.0,5.371093273162842,45.593257904052734,-11.169432640075684,-0.4002685546875,0.1998291015625,-0.4151611328125
1.995,317,614,374,328,14.0,30.0,7.0,7.934569835662842,25.268552780151367,-1.220703125,-0.3634033203125,0.365234375,0.036865234375
2.004,316,518,373,336,14.0,30.0,7.0,7.934569835662842,25.268552780151367,-1.220703125,-0.490234375,0.4249267578125,0.25439453125
2.012,315,494,372,329,14.0,30.0,7.0,5.859374523162842,22.338865280151367,-5.432128429412842,-0.490234375,0.4249267578125,0.25439453125
2.025,316,639,391,331,14.0,30.0,7.0,8.056640625,18.798828125,-4.39453125,-0.535400390625,0.5462646484375,0.5185546875
2.054,316,669,385,328,14.0,30.0,7.0,8.056640625,18.798828125,-4.39453125,-0.5546875,0.403564453125,0.4869384765625
2.054,316,766,334,327,14.0,30.0,7.0,1.5869139432907104,14.343260765075684,-8.6669921875,-0.5546875,0.403564453125,0.4869384765625
2.062,317,944,385,332,14.0,30.0,7.0,-19.59228515625,5.310058116912842,-25.634763717651367,-0.7037353515625,0.078125,0.127685546875
2.063,316,1070,398,334,14.0,30.0,7.0,-19.59228515625,5.310058116912842,-25.634763717651367,-0.7784423828125,0.038330078125,-0.051025390625
2.081,316,1306,402,338,14.0,30.0,7.0,-24.475095748901367,2.990722417831421,-25.878904342651367,-0.7784423828125,0.038330078125,-0.051025390625
2.085,319,1604,400,331,15.0,29.0,13.0,-17.578125,-2.868652105331421,-9.6435546875,-0.853271484375,0.0020751953125,-0.111572265625
2.094,318,1983,419,330,15.0,29.0,13.0,-17.578125,-2.868652105331421,-9.6435546875,-0.8720703125,0.0389404296875,-0.0394287109375
2.102,318,2362,411,342,15.0,29.0,13.0,-5.432128429412842,-6.774901866912842,0.0,-0.8720703125,0.0389404296875,-0.0394287109375
2.115,321,2763,430,336,15.0,29.0,13.0,13.916014671325684,-12.756346702575684,11.840819358825684,-0.8570556640625,0.141845703125,0.04443359375
2.123,323,2954,481,338,15.0,29.0,13.0,13.916014671325684,-12.756346702575684,11.840819358825684,-0.8416748046875,0.196533203125,0.0440673828125
2.151,323,3147,464,346,15.0,29.0,13.0,15.808104515075684,-13.854979515075684,12.207030296325684,-0.8416748046875,0.196533203125,0.0440673828125
2.151,323,3147,416,478,15.0,29.0,13.0,8.9111328125,-17.578125,7.751464366912842,-0.7423095703125,0.245849609375,0.0494384765625
2.154,323,3147,478,669,15.0,29.0,13.0,8.9111328125,-17.578125,7.751464366912842,-0.679443359375,0.2376708984375,0.0382080078125
2.172,328,3147,470,874,15.0,29.0,13.0,3.662109136581421,-19.775390625,5.859374523162842,-0.679443359375,0.2376708984375,0.0382080078125
2.188,332,3147,482,1175,15.0,29.0,13.0,-0.8544921278953552,-21.850584030151367,5.187987804412842,-0.603271484375,0.095947265625,0.0479736328125
2.189,342,3147,473,1454,18.0,32.0,5.0,-4.150390625,-25.329587936401367,5.493163585662842,-0.603271484375,0.095947265625,0.0479736328125
2.192,347,3147,546,1656,18.0,32.0,5.0,-2.807616949081421,-30.761716842651367,6.652831554412842,-0.488037109375,0.0045166015625,0.0458984375
2.205,359,3147,739,1959,18.0,32.0,5.0,4.69970703125,-37.2314453125,7.324218273162842,-0.1669921875,0.040771484375,0.05078125
2.214,370,3147,968,2128,18.0,32.0,5.0,12.512206077575684,-43.029781341552734,5.126952648162842,-0.1669921875,0.040771484375,0.05078125
2.222,387,3147,1010,2230,18.0,32.0,5.0,13.183592796325684,-45.532222747802734,-3.112792730331421,-0.0694580078125,0.1947021484375,0.0701904296875
2.251,414,3147,1287,2543,18.0,32.0,5.0,4.7607421875,-42.419429779052734,-18.61572265625,-0.3502197265625,0.775390625,0.31494140625
2.253,428,3147,1504,2703,18.0,32.0,5.0,-11.108397483825684,-34.5458984375,-36.92626953125,-0.3502197265625,0.775390625,0.31494140625
2.254,440,3147,1868,2991,18.0,32.0,5.0,-31.372068405151367,-26.184080123901367,-48.278804779052734,-0.72607421875,1.1611328125,0.5601806640625
2.265,467,3147,2166,3147,18.0,32.0,5.0,-51.879878997802734,-21.911619186401367,-47.302242279052734,-1.8814697265625,0.3897705078125,0.437255859375
2.289,473,3147,2376,3147,18.0,32.0,5.0,-69.51904296875,-18.49365234375,-46.081539154052734,-1.8814697265625,0.3897705078125,0.437255859375
2.290,478,3147,2532,3147,18.0,30.0,4.0,-79.28466796875,-8.48388671875,-50.598140716552734,-2.7166748046875,-0.3104248046875,0.0936279296875
2.296,473,3147,2194,3147,18.0,30.0,4.0,-65.673828125,-1.220703125,-42.053218841552734,-3.0478515625,-0.59130859375,-0.164306640625
2.304,472,3147,2087,3147,18.0,30.0,4.0,-20.080564498901367,-5.920409679412842,-10.559081077575684,-3.0478515625,-0.59130859375,-0.164306640625
2.312,473,3147,2028,3147,18.0,30.0,4.0,37.90283203125,-11.047362327575684,23.925779342651367,-1.820556640625,-0.53564453125,-0.0426025390625
2.325,468,3147,1954,3147,18.0,30.0,4.0,74.21875,-4.8828125,39.61181640625,-1.2423095703125,0.845703125,0.4686279296875
2.333,465,3147,1838,3147,18.0,30.0,4.0,64.208984375,14.282225608825684,37.7197265625,-1.2423095703125,0.845703125,0.4686279296875
2.347,462,3147,1637,3147,18.0,30.0,4.0,14.953612327575684,37.4755859375,30.517576217651367,-1.88916015625,0.9342041015625,0.3994140625
2.355,446,3147,1216,3147,18.0,30.0,4.0,-27.709959030151367,48.522945404052734,28.625486373901367,-2.24560546875,0.2574462890625,0.19482421875
2.363,437,3147,998,3010,18.0,30.0,4.0,-28.686521530151367,41.442867279052734,35.15625,-2.24560546875,0.2574462890625,0.19482421875
2.372,424,3147,811,2833,18.0,30.0,4.0,1.3427733182907104,25.512693405151367,43.762203216552734,-1.9635009765625,0.205810546875,0.1859130859375
2.396,382,3147,567,2428,15.0,27.0,7.0,32.71484375,12.695311546325684,48.278804779052734,-1.2266845703125,0.2008056640625,0.2393798828125
2.396,361,3147,508,2186,15.0,27.0,7.0,51.025386810302734,8.30078125,49.011226654052734,-1.2266845703125,0.2008056640625,0.2393798828125
2.402,348,3147,455,1890,15.0,27.0,7.0,56.579586029052734,11.352538108825684,49.194332122802734,-0.7978515625,0.2918701171875,0.2103271484375
2.415,328,3147,456,1085,15.0,27.0,7.0,51.208492279052734,21.606443405151367,43.945308685302734,-0.4124755859375,0.3388671875,0.077880859375
2.423,326,3147,372,584,15.0,27.0,7.0,34.85107421875,37.109375,27.099607467651367,-0.203857421875,0.321533203125,-0.1190185546875
2.432,324,2769,338,331,15.0,27.0,7.0,11.474608421325684,51.696773529052734,3.845214605331421,-0.150390625,0.244140625,-0.36181640625
2.456,321,1292,346,336,15.0,27.0,7.0,-4.82177734375,61.157222747802734,-12.390135765075684,-0.212890625,0.303466796875,-0.5013427734375
2.459,321,1029,304,314,15.0,27.0,7.0,-9.33837890625,60.974117279052734,-15.869139671325684,-0.2579345703125,0.392333984375,-0.4185791015625
2.461,315,721,324,334,15.0,27.0,7.0,-12.695311546325684,50.903316497802734,-14.892577171325684,-0.3271484375,0.2620849609375,-0.2061767578125
2.475,314,607,369,328,15.0,27.0,7.0,-13.732909202575684,38.818359375,-14.709471702575684,-0.5108642578125,0.109619140625,-0.015625
2.503,314,524,334,330,15.0,32.0,4.0,-6.042479991912842,30.273435592651367,-10.498045921325684,-0.6522216796875,0.099365234375,0.12646484375
2.504,314,416,371,328,15.0,32.0,4.0,6.774901866912842,24.719236373901367,-2.3193359375,-0.640380859375,0.1766357421875,0.25927734375
2.506,315,442,373,329,15.0,32.0,4.0,16.9677734375,21.911619186401367,0.1220703050494194,-0.6004638671875,0.2083740234375,0.3033447265625
2.514,315,430,383,332,15.0,32.0,4.0,21.606443405151367,20.568845748901367,-5.920409679412842,-0.62939453125,0.22314453125,0.3338623046875
2.523,309,426,384,332,15.0,32.0,4.0,21.362302780151367,14.892577171325684,-12.695311546325684,-0.6553955078125,0.291015625,0.40380859375
2.535,314,499,383,330,15.0,32.0,4.0,14.831542015075684,4.7607421875,-15.380858421325684,-0.6334228515625,0.3572998046875,0.3966064453125
2.559,312,500,373,328,15.0,32.0,4.0,2.13623046875,-2.685546636581421,-15.502928733825684,-0.6153564453125,0.343505859375,0.31884765625
2.563,313,406,371,331,15.0,32.0,4.0,-12.878417015075684,-6.103515148162842,-14.221190452575684,-0.62451171875,0.2515869140625,0.226318359375
2.565,313,526,376,327,15.0,32.0,4.0,-24.353025436401367,-8.1787109375,-11.413573265075684,-0.6292724609375,0.160888671875,0.134521484375
2.574,315,751,385,336,15.0,32.0,4.0,-28.808591842651367,-9.6435546875,-8.4228515625,-0.63037109375,0.107177734375,0.0426025390625
2.581,316,1167,378,331,15.0,31.0,7.0,-25.756834030151367,-10.498045921325684,-7.080077648162842,-0.665771484375,0.0870361328125,-0.05615234375
2.596,316,1920,402,334,15.0,31.0,7.0,-15.624999046325684,-11.169432640075684,-6.896972179412842,-0.7696533203125,0.1170654296875,-0.148193359375
2.604,317,2212,424,332,15.0,31.0,7.0,-2.13623046875,-12.084959983825684,-4.8828125,-0.89501953125,0.1998291015625,-0.18017578125
2.617,317,2465,364,346,15.0,31.0,7.0,8.23974609375,-14.587401390075684,0.0,-0.944580078125,0.2825927734375,-0.147705078125
2.625,317,3114,382,336,15.0,31.0,7.0,12.268065452575684,-18.6767578125,4.638671875,-0.9132080078125,0.3194580078125,-0.0867919921875
2.633,321,3147,428,475,15.0,31.0,7.0,11.596678733825684,-23.010251998901367,5.615233898162842,-0.8848876953125,0.3094482421875,-0.022216796875
2.641,323,3147,464,673,15.0,31.0,7.0,9.033203125,-26.184080123901367,3.295898199081421,-0.9130859375,0.251708984375,0.018798828125
2.660,323,3147,455,927,15.0,31.0,7.0,5.371093273162842,-27.832029342651367,0.6103515625,-0.93994140625,0.1527099609375,0.0223388671875
2.663,324,3147,473,1155,15.0,31.0,7.0,0.54931640625,-28.381345748901367,-0.0610351525247097,-0.875244140625,0.0634765625,-0.002197265625
2.674,327,3147,472,1312,15.0,31.0,7.0,-1.5869139432907104,-28.686521530151367,2.197265625,-0.7723388671875,0.020263671875,-0.0362548828125
2.706,331,3147,444,1709,18.0,33.0,7.0,1.9531248807907104,-29.541013717651367,6.530761241912842,-0.736572265625,0.037841796875,-0.050048828125
2.710,336,3147,523,1820,18.0,33.0,7.0,8.60595703125,-31.372068405151367,10.864256858825684,-0.7086181640625,0.1009521484375,-0.00244140625
2.710,347,3147,518,2012,18.0,33.0,7.0,12.939452171325684,-33.69140625,12.939452171325684,-0.5665283203125,0.1058349609375,0.08447265625
2.717,361,3147,674,2230,18.0,33.0,7.0,10.742186546325684,-35.5224609375,10.925292015075684,-0.35498046875,0.0341796875,0.18505859375
2.728,371,3147,1014,2344,18.0,33.0,7.0,3.662109136581421,-36.31591796875,4.8828125,-0.144287109375,-0.0245361328125,0.2958984375
2.732,385,3147,1276,2478,18.0,33.0,7.0,-1.8310545682907104,-35.2783203125,-4.82177734375,0.0250244140625,0.032958984375,0.3631591796875
2.745,418,3147,1478,2820,18.0,33.0,7.0,-3.906249761581421,-33.14208984375,-18.73779296875,0.0697021484375,0.294189453125,0.4097900390625
2.766,430,3147,1627,3064,18.0,33.0,7.0,-7.446288585662842,-32.5927734375,-34.97314453125,-0.1475830078125,0.7298583984375,0.4981689453125
2.766,454,3147,1806,3147,18.0,33.0,7.0,-16.66259765625,-33.63037109375,-45.166011810302734,-0.64013671875,1.2073974609375,0.588134765625
2.776,466,3147,2093,3147,18.0,30.0,10.0,-32.28759765625,-32.8369140625,-41.687007904052734,-1.4305419921875,1.2203369140625,0.3636474609375
2.783,473,3147,2223,3147,18.0,30.0,10.0,-53.527828216552734,-23.559568405151367,-29.724119186401367,-2.376220703125,0.51806640625,-0.1453857421875
2.798,479,3147,2340,3147,18.0,30.0,10.0,-72.6318359375,-12.084959983825684,-17.02880859375,-3.0499267578125,-0.352294921875,-0.3837890625
2.812,475,3147,2080,3147,18.0,30.0,10.0,-65.673828125,-11.962889671325684,2.13623046875,-3.327392578125,-0.7310791015625,-0.241455078125
2.814,473,3147,1861,3147,18.0,30.0,10.0,-23.315427780151367,-20.935056686401367,32.89794921875,-2.749267578125,-0.6722412109375,0.0045166015625
2.822,473,3147,1847,3147,18.0,30.0,10.0,34.97314453125,-24.169919967651367,54.809566497802734,-1.4625244140625,-0.180908203125,0.283447265625
2.841,470,3147,1770,3147,18.0,30.0,10.0,72.93701171875,-11.291502952575684,47.790523529052734,-0.7830810546875,0.92626953125,0.483154296875
2.843,470,3147,1719,3147,18.0,30.0,10.0,49.377437591552734,14.953612327575684,23.315427780151367,-1.1588134765625,1.5955810546875,0.441650390625
2.867,466,3147,1627,3147,18.0,30.0,10.0,-22.644041061401367,39.73388671875,3.967284917831421,-1.8765869140625,1.0777587890625,0.3267822265625
2.868,462,3147,1371,3147,18.0,30.0,10.0,-66.58935546875,46.142574310302734,1.4648436307907104,-2.249267578125,0.234375,0.2530517578125
2.873,447,3147,1160,3147,15.0,30.0,5.0,-45.959468841552734,34.11865234375,13.244627952575684,-2.19580078125,-0.081298828125,0.1820068359375
2.881,437,3147,1009,3147,15.0,30.0,5.0,-45.959468841552734,34.11865234375,13.244627952575684,-1.89208984375,0.03076171875,0.1614990234375
2.904,409,3147,849,2936,15.0,30.0,5.0,30.761716842651367,5.615233898162842,36.865234375,-1.508056640625,0.1468505859375,0.187744140625
2.904,387,3147,562,2652,15.0,30.0,5.0,42.480464935302734,2.746581792831421,36.31591796875,-1.116455078125,0.243896484375,0.2296142578125
2.914,373,3147,470,2359,15.0,30.0,5.0,42.480464935302734,2.746581792831421,36.31591796875,-0.6910400390625,0.405517578125,0.233642578125
2.926,354,3147,487,1700,15.0,30.0,5.0,42.419429779052734,12.817381858825684,17.4560546875,-0.345947265625,0.507568359375,0.1361083984375
2.933,344,3147,479,1216,15.0,30.0,5.0,28.808591842651367,24.536130905151367,-2.44140625,-0.2276611328125,0.46484375,-0.019287109375
2.942,342,3147,430,545,15.0,30.0,5.0,28.808591842651367,24.536130905151367,-2.44140625,-0.3375244140625,0.28564453125,-0.2320556640625
2.967,332,2538,401,348,15.0,30.0,5.0,-15.441893577575684,43.334957122802734,-28.991697311401367,-0.46533203125,0.1712646484375,-0.4111328125
2.968,328,2287,360,346,15.0,30.0,5.0,-15.624999046325684,44.860836029052734,-23.254392623901367,-0.4564208984375,0.244384765625,-0.4312744140625
2.971,322,1815,390,347,15.0,30.0,11.0,-15.624999046325684,44.860836029052734,-23.254392623901367,-0.4212646484375,0.349365234375,-0.3084716796875
2.985,324,1258,426,347,15.0,30.0,11.0,-1.8920897245407104,31.616209030151367,-9.82666015625,-0.4588623046875,0.3211669921875,-0.0745849609375
3.003,323,998,445,344,15.0,30.0,11.0,-3.234863042831421,23.193357467651367,-11.291502952575684,-0.552978515625,0.2218017578125,0.185791015625
3.007,323,733,351,334,15.0,30.0,11.0,-3.234863042831421,23.193357467651367,-11.291502952575684,-0.6107177734375,0.1754150390625,0.376220703125
3.021,321,642,419,336,15.0,30.0,11.0,-7.934569835662842,16.6015625,-21.545408248901367,-0.6043701171875,0.18505859375,0.453125
3.024,321,605,385,336,15.0,30.0,11.0,-13.244627952575684,15.686034202575684,-24.902341842651367,-0.6025390625,0.2073974609375,0.44384765625
3.032,321,621,382,336,15.0,30.0,11.0,-13.244627952575684,15.686034202575684,-24.902341842651367,-0.6060791015625,0.1650390625,0.3968505859375
3.046,316,725,402,334,15.0,30.0,11.0,-13.122557640075684,5.432128429412842,-19.59228515625,-0.605712890625,0.0692138671875,0.305908203125
3.069,321,774,404,334,15.0,30.0,11.0,-8.4228515625,-1.03759765625,-15.624999046325684,-0.6317138671875,0.0311279296875,0.17919921875
3.071,318,920,387,338,15.0,30.0,11.0,-8.4228515625,-1.03759765625,-15.624999046325684,-0.678466796875,0.0655517578125,0.063232421875
3.075,321,1369,398,334,16.0,30.0,3.0,-8.544921875,-5.981444835662842,-8.1787109375,-0.7164306640625,0.1060791015625,-0.0096435546875
3.084,319,1395,389,344,16.0,30.0,3.0,-11.535643577575684,-6.286620616912842,-4.150390625,-0.75,0.13134765625,-0.025146484375
3.092,321,1739,372,344,16.0,30.0,3.0,-11.535643577575684,-6.286620616912842,-4.150390625,-0.75,0.13134765625,-0.025146484375
3.109,323,2314,389,344,16.0,30.0,3.0,-5.310058116912842,-8.36181640625,4.5166015625,-0.7967529296875,0.156494140625,0.0296630859375
3.114,324,2784,399,346,16.0,30.0,3.0,-5.310058116912842,-8.36181640625,4.5166015625,-0.7911376953125,0.21630859375,0.035888671875
3.128,324,3102,390,346,16.0,30.0,3.0,4.33349609375,-11.413573265075684,7.690429210662842,-0.7911376953125,0.21630859375,0.035888671875
3.136,324,3147,465,620,16.0,30.0,3.0,13.916014671325684,-19.71435546875,4.8828125,-0.7882080078125,0.241943359375,0.0203857421875
3.143,328,3147,506,895,16.0,30.0,3.0,13.916014671325684,-19.71435546875,4.8828125,-0.7808837890625,0.1993408203125,0.013671875
3.151,328,3147,439,1116,16.0,30.0,3.0,11.718749046325684,-23.437498092651367,1.5258787870407104,-0.7808837890625,0.1993408203125,0.013671875
3.179,336,3147,481,1468,18.0,28.0,10.0,14.160155296325684,-31.188962936401367,-2.746581792831421,-0.67724609375,0.0919189453125,0.0382080078125
3.180,345,3147,495,1693,18.0,28.0,10.0,14.160155296325684,-31.188962936401367,-2.746581792831421,-0.5054931640625,0.0496826171875,0.01171875
3.181,354,3147,642,1844,18.0,28.0,10.0,18.5546875,-34.3017578125,-5.065917491912842,-0.5054931640625,0.0496826171875,0.01171875
3.190,364,3147,711,2108,18.0,28.0,10.0,21.179197311401367,-36.4990234375,-8.23974609375,-0.3504638671875,0.0433349609375,-0.0091552734375
3.211,385,3147,1025,2330,18.0,28.0,10.0,20.812986373901367,-39.1845703125,-12.145995140075684,-0.0982666015625,0.1590576171875,0.1090087890625
3.212,379,3147,1359,2479,18.0,28.0,10.0,19.83642578125,-42.724605560302734,-17.88330078125,-0.0982666015625,0.1590576171875,0.1090087890625
3.222,414,3147,1518,2698,18.0,28.0,10.0,20.324705123901367,-45.959468841552734,-28.015134811401367,0.013671875,0.389892578125,0.2064208984375
3.235,442,3147,1889,3084,18.0,28.0,10.0,19.53125,-47.851558685302734,-43.273921966552734,-0.5101318359375,1.0889892578125,0.4698486328125
3.244,464,3147,2083,3147,18.0,28.0,10.0,10.253905296325684,-47.546382904052734,-56.823726654052734,-0.5101318359375,1.0889892578125,0.4698486328125
3.250,473,3147,2254,3147,18.0,28.0,10.0,-9.94873046875,-44.677730560302734,-57.861324310302734,-1.272216796875,1.229248046875,0.4156494140625
3.274,479,3147,2490,3147,19.0,28.0,7.0,-34.72900390625,-40.283199310302734,-47.973628997802734,-2.4603271484375,-0.296875,-0.0703125
3.275,482,3147,2665,3147,19.0,28.0,7.0,-53.588863372802734,-34.1796875,-41.809078216552734,-2.4603271484375,-0.296875,-0.0703125
3.280,482,3147,2760,3147,19.0,28.0,7.0,-52.612300872802734,-27.770994186401367,-45.654293060302734,-2.68310546875,-0.89111328125,-0.0711669921875
3.294,480,3147,2347,3147,19.0,28.0,7.0,-26.367185592651367,-23.376462936401367,-45.043941497802734,-2.41845703125,-0.0689697265625,0.3602294921875
3.313,473,3147,2230,3147,19.0,28.0,7.0,7.202147960662842,-18.310546875,-28.320310592651367,-2.41845703125,-0.0689697265625,0.3602294921875
3.313,473,3147,2258,3147,19.0,28.0,7.0,22.277830123901367,-3.173827886581421,-8.97216796875,-1.56005859375,0.2047119140625,0.3221435546875
3.325,470,3147,2141,3147,19.0,28.0,7.0,10.986327171325684,22.216794967651367,-0.0610351525247097,-1.515869140625,0.3929443359375,0.5146484375
3.332,470,3147,2000,3147,19.0,28.0,7.0,-19.53125,41.503902435302734,6.042479991912842,-1.515869140625,0.3929443359375,0.5146484375
3.340,469,3147,1783,3147,19.0,28.0,7.0,-49.133296966552734,44.860836029052734,19.83642578125,-2.1077880859375,0.0751953125,0.39892578125
3.354,458,3147,1380,3040,19.0,28.0,7.0,-50.781246185302734,35.5224609375,40.344234466552734,-2.0240478515625,-0.0916748046875,0.265380859375
3.379,445,3147,1131,2943,19.0,28.0,5.0,-22.521970748901367,19.6533203125,60.668941497802734,-2.0240478515625,-0.0916748046875,0.265380859375
3.379,433,3147,922,2692,19.0,28.0,5.0,14.709471702575684,6.408690929412842,74.462890625,-1.6396484375,0.1759033203125,0.3809814453125
3.384,405,3147,651,2396,19.0,28.0,5.0,41.137691497802734,3.784179449081421,79.16259765625,-0.8631591796875,0.532470703125,0.334228515625
3.392,378,3147,571,2111,19.0,28.0,5.0,46.508785247802734,10.803221702575684,77.2705078125,-0.8631591796875,0.532470703125,0.334228515625
3.411,363,3147,426,1703,19.0,28.0,5.0,33.447265625,21.545408248901367,69.03076171875,-0.5345458984375,0.40478515625,0.1651611328125
3.415,330,3147,466,888,19.0,28.0,5.0,13.732909202575684,31.616209030151367,51.696773529052734,-0.2938232421875,-0.0355224609375,-0.28076171875
3.423,330,3147,484,362,19.0,28.0,5.0,-0.7324218153953552,38.39111328125,26.123044967651367,-0.2938232421875,-0.0355224609375,-0.28076171875
3.433,324,2748,431,346,19.0,28.0,5.0,-2.990722417831421,41.687007904052734,1.2817381620407104,-0.3297119140625,-0.005859375,-0.4794921875
3.445,327,1838,363,332,19.0,28.0,5.0,3.295898199081421,40.710445404052734,-12.451170921325684,-0.380126953125,0.1441650390625,-0.5855712890625
3.462,323,1383,348,330,19.0,28.0,5.0,8.72802734375,37.04833984375,-11.840819358825684,-0.4290771484375,0.3880615234375,-0.46337890625
3.462,321,1318,356,332,18.0,30.0,7.0,8.60595703125,31.616209030151367,-2.44140625,-0.4635009765625,0.52734375,-0.1087646484375
3.483,319,1133,323,334,18.0,30.0,7.0,0.7324218153953552,25.085447311401367,3.784179449081421,-0.501220703125,0.4173583984375,0.2135009765625
3.484,319,844,318,332,18.0,30.0,7.0,-10.498045921325684,22.216794967651367,2.50244140625,-0.5924072265625,0.2567138671875,0.3577880859375
3.490,321,695,334,328,18.0,30.0,7.0,-15.014647483825684,22.521970748901367,0.2441406100988388,-0.6348876953125,0.151611328125,0.3514404296875
3.520,322,720,402,332,18.0,30.0,7.0,-11.779784202575684,20.751951217651367,0.2441406100988388,-0.5894775390625,0.1761474609375,0.2957763671875
3.520,321,726,406,334,18.0,30.0,7.0,-8.30078125,15.319823265075684,-0.7934569716453552,-0.5458984375,0.231689453125,0.2860107421875
3.521,304,778,388,310,18.0,30.0,7.0,-9.521484375,7.873534679412842,-4.45556640625,-0.5653076171875,0.213134765625,0.3333740234375
3.537,318,1185,428,338,18.0,30.0,7.0,-10.253905296325684,0.9155272841453552,-6.896972179412842,-0.622802734375,0.1566162109375,0.3585205078125
3.543,321,1467,430,336,18.0,30.0,7.0,-5.676269054412842,-3.112792730331421,-4.8828125,-0.6689453125,0.1378173828125,0.2930908203125
3.555,323,1713,433,346,18.0,30.0,7.0,-0.7324218153953552,-3.601073980331421,0.30517578125,-0.7047119140625,0.1474609375,0.1864013671875
3.589,322,2170,464,338,18.0,31.0,6.0,0.0610351525247097,-3.540038824081421,4.69970703125,-0.7401123046875,0.1416015625,0.110595703125
3.589,304,2308,462,336,18.0,31.0,6.0,-0.7934569716453552,-5.065917491912842,5.676269054412842,-0.7664794921875,0.156005859375,0.071044921875
3.589,318,2704,433,336,18.0,31.0,6.0,0.7934569716453552,-8.23974609375,3.417968511581421,-0.787353515625,0.2069091796875,0.0546875
3.602,322,3042,461,344,18.0,31.0,6.0,4.5166015625,-12.207030296325684,-0.54931640625,-0.8104248046875,0.25390625,0.039794921875
3.605,321,3147,464,356,18.0,31.0,6.0,6.103515148162842,-15.686034202575684,-4.0283203125,-0.8135986328125,0.2569580078125,0.0274658203125
3.621,324,3147,465,592,18.0,31.0,6.0,3.967284917831421,-18.310546875,-5.310058116912842,-0.7862548828125,0.21630859375,0.0189208984375
3.633,331,3147,537,1031,18.0,31.0,6.0,1.7700194120407104,-20.751951217651367,-4.0283203125,-0.7646484375,0.1802978515625,-0.0059814453125
3.633,319,3147,579,1278,18.0,31.0,6.0,1.15966796875,-22.888181686401367,-2.0751953125,-0.7296142578125,0.1298828125,-0.0313720703125
3.644,337,3147,607,1498,18.0,31.0,6.0,1.3427733182907104,-25.146482467651367,-1.6479490995407104,-0.6279296875,0.054931640625,-0.024169921875
3.655,347,3147,586,1900,17.0,29.0,9.0,5.859374523162842,-28.686521530151367,-2.0751953125,-0.4959716796875,0.0118408203125,-0.0010986328125
3.666,359,3147,707,2008,17.0,29.0,9.0,13.916014671325684,-33.87451171875,-1.7700194120407104,-0.4024658203125,0.0015869140625,0.0531005859375
3.692,369,3147,787,2152,17.0,29.0,9.0,20.263669967651367,-39.85595703125,-0.4272460639476776,-0.366943359375,0.016357421875,0.158203125
3.692,391,3147,1009,2461,17.0,29.0,9.0,23.193357467651367,-45.715328216552734,0.7934569716453552,-0.3084716796875,0.0484619140625,0.2518310546875
3.695,411,3147,1320,2750,17.0,29.0,9.0,24.536130905151367,-49.621578216552734,-0.3662109076976776,-0.2628173828125,0.174560546875,0.236328125
3.726,426,3147,1648,3053,17.0,29.0,9.0,25.207517623901367,-49.072261810302734,-3.417968511581421,-0.3118896484375,0.5323486328125,0.072509765625
3.728,447,3147,2085,3147,17.0,29.0,9.0,18.73779296875,-43.212886810302734,-6.774901866912842,-0.499755859375,0.9263916015625,-0.0758056640625
3.728,464,3147,2271,3147,17.0,29.0,9.0,-2.563476324081421,-35.09521484375,-13.427733421325684,-0.9345703125,1.08251953125,-0.0042724609375
3.734,470,3147,2397,3147,17.0,29.0,9.0,-33.0810546875,-29.968259811401367,-23.376462936401367,-1.4580078125,0.8343505859375,0.197265625
3.748,482,3147,2736,3147,17.0,29.0,9.0,-54.870601654052734,-26.306150436401367,-33.50830078125,-1.9783935546875,0.1927490234375,0.2734375
3.754,485,3147,2801,3147,12.0,29.0,7.0,-56.518550872802734,-18.73779296875,-39.4287109375,-2.55078125,-0.136962890625,0.312744140625
3.767,481,3147,2590,3147,12.0,29.0,7.0,-42.419429779052734,-13.061522483825684,-30.029294967651367,-3.058349609375,-0.0450439453125,0.4730224609375
3.789,473,3147,2268,3147,12.0,29.0,7.0,-15.808104515075684,-11.962889671325684,-1.220703125,-2.771728515625,-0.230224609375,0.5
3.789,473,3147,2135,3147,12.0,29.0,7.0,15.991209983825684,-3.173827886581421,26.611326217651367,-1.62255859375,-0.453857421875,0.49072265625
3.791,472,3147,1987,3147,12.0,29.0,7.0,30.700681686401367,18.24951171875,39.00146484375,-1.0426025390625,-0.00732421875,0.5623779296875
3.807,465,3147,1783,3147,12.0,29.0,7.0,14.526366233825684,41.198726654052734,44.555660247802734,-1.4595947265625,0.653564453125,0.4761962890625
3.827,456,3147,1580,3147,12.0,29.0,7.0,-16.2353515625,54.077144622802734,48.461910247802734,-2.0260009765625,0.853271484375,0.2879638671875
3.827,447,3147,1390,3147,12.0,29.0,7.0,-34.423828125,51.574703216552734,49.682613372802734,-2.2181396484375,0.6605224609375,0.1767578125
3.842,432,3147,1024,3112,12.0,29.0,7.0,-30.212400436401367,37.7197265625,48.645015716552734,-2.05810546875,0.3486328125,0.20751953125
3.844,424,3147,890,2890,12.0,29.0,7.0,-6.652831554412842,24.169919967651367,46.936031341552734,-1.7340087890625,0.1588134765625,0.2735595703125
3.856,406,3147,759,2701,14.0,28.0,6.0,22.888181686401367,18.37158203125,45.959468841552734,-1.3944091796875,0.1163330078125,0.2913818359375
3.894,364,3147,441,2316,14.0,28.0,6.0,42.968746185302734,19.34814453125,48.828121185302734,-1.0753173828125,0.2293701171875,0.298095703125
3.895,348,3147,487,1934,14.0,28.0,6.0,46.997066497802734,24.230955123901367,55.053707122802734,-0.728271484375,0.33984375,0.2591552734375
3.895,316,3147,338,1509,14.0,28.0,6.0,35.70556640625,32.958984375,54.992671966552734,-0.4219970703125,0.304443359375,0.0823974609375
3.899,328,3147,423,497,14.0,28.0,6.0,17.7001953125,43.945308685302734,40.527339935302734,-0.2371826171875,0.150390625,-0.256103515625
3.906,353,2911,321,333,14.0,28.0,6.0,7.202147960662842,53.100582122802734,17.4560546875,-0.196044921875,0.116455078125,-0.56005859375
3.929,324,2063,357,327,14.0,28.0,6.0,13.305663108825684,55.419918060302734,1.03759765625,-0.1739501953125,0.3309326171875,-0.6126708984375
3.929,317,1173,391,336,14.0,28.0,6.0,24.841306686401367,48.583980560302734,-5.493163585662842,-0.141357421875,0.546142578125,-0.408203125
3.934,318,958,405,333,14.0,28.0,6.0,24.047849655151367,37.29248046875,-10.681151390075684,-0.275146484375,0.5872802734375,-0.1060791015625
3.942,318,753,364,328,14.0,28.0,6.0,9.33837890625,28.137205123901367,-15.686034202575684,-0.5145263671875,0.4229736328125,0.1204833984375
3.955,316,613,375,337,15.0,31.0,8.0,-4.08935546875,23.315427780151367,-15.502928733825684,-0.64794921875,0.2459716796875,0.2713623046875
3.967,316,473,330,331,15.0,31.0,8.0,-5.554198741912842,20.01953125,-10.498045921325684,-0.6536865234375,0.2125244140625,0.368896484375
3.971,316,526,332,330,15.0,31.0,8.0,-3.356933355331421,14.831542015075684,-6.591796398162842,-0.6182861328125,0.195068359375,0.4056396484375
3.997,316,548,328,325,15.0,31.0,8.0,-5.371093273162842,9.1552734375,-7.873534679412842,-0.572998046875,0.1551513671875,0.3692626953125
3.997,316,543,330,332,15.0,31.0,8.0,-7.507323741912842,5.249022960662842,-12.145995140075684,-0.546875,0.1630859375,0.2869873046875
4.002,316,594,324,330,15.0,31.0,8.0,-7.507323741912842,5.249022960662842,-12.145995140075684,-0.5538330078125,0.2171630859375,0.2056884765625
4.015,316,799,338,330,15.0,31.0,8.0,-1.7700194120407104,-0.4882812201976776,-12.451170921325684,-0.5909423828125,0.276123046875,0.1392822265625
4.031,317,1007,336,328,15.0,31.0,8.0,0.4272460639476776,-3.234863042831421,-8.1787109375,-0.6456298828125,0.295166015625,0.09228515625
4.032,316,1386,330,338,15.0,31.0,8.0,0.4272460639476776,-3.234863042831421,-8.1787109375,-0.7264404296875,0.2515869140625,0.053955078125
4.045,318,1952,361,331,15.0,32.0,9.0,-2.50244140625,-7.568358898162842,-2.44140625,-0.8114013671875,0.1787109375,0.00537109375
4.053,316,2412,351,336,15.0,32.0,9.0,0.54931640625,-9.46044921875,-0.9765624403953552,-0.8544921875,0.150390625,-0.045654296875
4.061,316,2598,338,338,15.0,32.0,9.0,0.54931640625,-9.46044921875,-0.9765624403953552,-0.86669921875,0.197998046875,-0.0625
4.098,316,3147,363,342,15.0,32.0,9.0,8.36181640625,-13.122557640075684,1.6479490995407104,-0.87646484375,0.2877197265625,-0.0235595703125
4.099,315,3147,356,545,15.0,32.0,9.0,6.042479991912842,-14.404295921325684,4.21142578125,-0.8980712890625,0.3470458984375,0.044677734375
4.099,319,3147,400,682,15.0,32.0,9.0,6.042479991912842,-14.404295921325684,4.21142578125,-0.916748046875,0.3328857421875,0.091796875
4.108,321,3147,473,962,15.0,32.0,9.0,-7.202147960662842,-14.282225608825684,10.620116233825684,-0.9044189453125,0.2646484375,0.0902099609375
4.113,323,3147,387,1107,15.0,32.0,9.0,-13.061522483825684,-13.977049827575684,14.282225608825684,-0.8603515625,0.1824951171875,0.0570068359375
4.133,324,3147,389,1316,15.0,32.0,9.0,-13.061522483825684,-13.977049827575684,14.282225608825684,-0.791259765625,0.1219482421875,0.0064697265625
4.135,325,3147,371,1569,15.0,32.0,9.0,-10.375975608825684,-18.4326171875,22.277830123901367,-0.7044677734375,0.1114501953125,-0.04833984375
4.143,327,3147,439,1769,12.0,33.0,8.0,-3.356933355331421,-22.949216842651367,24.902341842651367,-0.59814453125,0.12451171875,-0.05810546875
4.152,328,3147,456,1945,12.0,33.0,8.0,-3.356933355331421,-22.949216842651367,24.902341842651367,-0.453125,0.1014404296875,0.000244140625
4.165,334,3147,468,2316,12.0,33.0,8.0,4.08935546875,-33.5693359375,19.04296875,-0.26220703125,0.0693359375,0.1031494140625
4.173,334,3147,596,2461,12.0,33.0,8.0,5.676269054412842,-38.330078125,8.9111328125,-0.0418701171875,0.0615234375,0.2044677734375
4.204,348,3147,671,2565,12.0,33.0,8.0,5.676269054412842,-38.330078125,8.9111328125,0.1556396484375,0.10400390625,0.24365234375
4.204,378,3147,1151,2765,12.0,33.0,8.0,9.46044921875,-44.738765716552734,-34.11865234375,0.1917724609375,0.277587890625,0.273193359375
4.205,406,3147,1294,3082,12.0,33.0,8.0,9.033203125,-44.311519622802734,-66.7724609375,-0.0689697265625,0.67724609375,0.4019775390625
4.212,416,3147,1452,3147,12.0,33.0,8.0,9.033203125,-44.311519622802734,-66.7724609375,-0.62353515625,1.3275146484375,0.499755859375
4.234,445,3147,1683,3147,12.0,33.0,8.0,-26.000974655151367,-28.381345748901367,-88.13475799560547,-1.3797607421875,1.6484375,0.348876953125
4.235,461,3147,1890,3147,12.0,33.0,8.0,-26.000974655151367,-28.381345748901367,-88.13475799560547,-2.23779296875,0.8924560546875,0.01171875
4.242,473,3147,2028,3147,20.0,31.0,10.0,-53.833003997802734,-19.22607421875,-66.22314453125,-2.23779296875,0.8924560546875,0.01171875
4.256,475,3147,1957,3147,20.0,31.0,10.0,-80.44432830810547,-12.329100608825684,-47.363277435302734,-3.3861083984375,-0.7227783203125,0.003173828125
4.263,468,3147,1686,3147,20.0,31.0,10.0,-80.44432830810547,-12.329100608825684,-47.363277435302734,-3.0439453125,-0.6295166015625,0.1455078125
4.271,465,3147,1584,3147,20.0,31.0,10.0,-38.39111328125,-14.709471702575684,-27.404783248901367,-3.0439453125,-0.6295166015625,0.1455078125
4.306,462,3147,1502,3147,20.0,31.0,10.0,49.560543060302734,8.36181640625,11.840819358825684,-1.1002197265625,0.154052734375,0.592041015625
4.306,456,3147,1365,3147,20.0,31.0,10.0,49.560543060302734,8.36181640625,11.840819358825684,-1.4512939453125,0.596435546875,0.6102294921875
4.307,455,3147,1228,3147,20.0,31.0,10.0,33.203125,31.005857467651367,20.935056686401367,-1.4512939453125,0.596435546875,0.6102294921875
4.315,424,3147,1025,3147,20.0,31.0,10.0,-13.854979515075684,44.311519622802734,56.274410247802734,-2.23388671875,0.374267578125,0.2557373046875
4.338,414,3147,902,3147,20.0,31.0,10.0,-13.854979515075684,44.311519622802734,56.274410247802734,-2.0238037109375,0.265625,0.1885986328125
4.338,401,3147,735,3147,20.0,31.0,10.0,3.662109136581421,30.639646530151367,71.2890625,-2.0238037109375,0.265625,0.1885986328125
4.345,376,3147,562,2833,14.0,32.0,11.0,56.701656341552734,13.854979515075684,64.51416015625,-1.1265869140625,0.4271240234375,0.1279296875
4.354,360,3147,485,2529,14.0,32.0,11.0,56.701656341552734,13.854979515075684,64.51416015625,-0.739013671875,0.644287109375,0.10009765625
4.362,346,3147,485,2266,14.0,32.0,11.0,64.3310546875,16.41845703125,45.288082122802734,-0.739013671875,0.644287109375,0.10009765625
4.375,328,3147,418,1611,14.0,32.0,11.0,35.09521484375,28.869626998901367,9.1552734375,-0.397705078125,0.514404296875,-0.0621337890625
4.383,328,3147,360,1122,14.0,32.0,11.0,35.09521484375,28.869626998901367,9.1552734375,-0.494873046875,0.248046875,-0.240234375
4.409,321,3147,419,780,14.0,32.0,11.0,10.803221702575684,36.1328125,-4.8828125,-0.494873046875,0.248046875,-0.240234375
4.411,324,2510,509,343,14.0,32.0,11.0,4.5166015625,44.677730560302734,-9.82666015625,-0.422119140625,0.1363525390625,-0.350830078125
4.418,321,1753,531,347,14.0,32.0,11.0,4.5166015625,44.677730560302734,-9.82666015625,-0.2900390625,0.321044921875,-0.2738037109375
4.422,318,1409,504,344,14.0,32.0,11.0,22.521970748901367,43.395992279052734,-5.859374523162842,-0.2900390625,0.321044921875,-0.2738037109375
4.440,317,973,499,336,14.0,32.0,11.0,21.667478561401367,36.2548828125,-7.568358898162842,-0.4110107421875,0.349609375,0.0736083984375
4.443,315,533,414,331,14.0,28.0,7.0,21.667478561401367,36.2548828125,-7.568358898162842,-0.5557861328125,0.26171875,0.2335205078125
4.453,316,409,378,282,14.0,28.0,7.0,10.009765625,30.700681686401367,-11.962889671325684,-0.5557861328125,0.26171875,0.2335205078125
4.466,316,483,373,328,14.0,28.0,7.0,-1.5869139432907104,24.230955123901367,-15.319823265075684,-0.55859375,0.1768798828125,0.2384033203125
4.473,315,484,401,328,14.0,28.0,7.0,-5.493163585662842,18.85986328125,-15.014647483825684,-0.55859375,0.1768798828125,0.2384033203125
4.481,314,485,378,330,14.0,28.0,7.0,2.929687261581421,15.808104515075684,-11.535643577575684,-0.54052734375,0.209716796875,0.1328125
4.516,315,545,330,326,14.0,28.0,7.0,16.05224609375,11.291502952575684,-7.019042491912842,-0.5341796875,0.2926025390625,0.120361328125
4.519,313,572,318,321,14.0,28.0,7.0,22.766111373901367,4.0283203125,-3.479003667831421,-0.5341796875,0.2926025390625,0.120361328125
4.520,314,618,346,327,14.0,28.0,7.0,18.98193359375,-1.5258787870407104,-3.723144292831421,-0.5328369140625,0.293701171875,0.13330078125
4.539,316,1598,409,330,14.0,28.0,7.0,6.713866710662842,-4.33349609375,-8.85009765625,-0.670654296875,0.20849609375,0.1666259765625
4.540,315,1908,389,334,13.0,30.0,11.0,-7.446288585662842,-6.774901866912842,-16.11328125,-0.670654296875,0.20849609375,0.1666259765625
4.541,312,1996,419,334,13.0,30.0,11.0,-14.770506858825684,-9.521484375,-20.446775436401367,-0.78857421875,0.1865234375,0.1563720703125
4.556,316,2514,485,333,13.0,30.0,11.0,-12.573241233825684,-12.634276390075684,-19.04296875,-0.8720703125,0.173583984375,0.0596923828125
4.564,317,2793,402,344,13.0,30.0,11.0,-6.958007335662842,-15.686034202575684,-13.549803733825684,-0.8720703125,0.173583984375,0.0596923828125
4.571,316,3058,361,342,13.0,30.0,11.0,-3.173827886581421,-18.49365234375,-6.896972179412842,-0.86083984375,0.1993408203125,0.0408935546875
4.585,323,3147,420,414,13.0,30.0,11.0,-2.50244140625,-21.240232467651367,-1.7089842557907104,-0.8675537109375,0.1737060546875,-0.0391845703125
4.607,327,3147,455,543,13.0,30.0,11.0,-5.920409679412842,-23.498533248901367,-0.1220703050494194,-0.8675537109375,0.1737060546875,-0.0391845703125
4.610,330,3147,495,658,13.0,30.0,11.0,-11.352538108825684,-24.597166061401367,-1.9531248807907104,-0.857666015625,0.1259765625,-0.07666015625
4.623,334,3147,527,826,13.0,30.0,11.0,-11.962889671325684,-25.085447311401367,-4.39453125,-0.683349609375,0.12646484375,-0.0849609375
4.623,337,3147,662,1123,13.0,30.0,11.0,-6.469726085662842,-26.611326217651367,-5.065917491912842,-0.683349609375,0.12646484375,-0.0849609375
4.645,346,3147,757,1282,14.0,30.0,7.0,-0.0610351525247097,-31.066892623901367,-3.540038824081421,-0.60888671875,0.0667724609375,-0.0018310546875
4.645,348,3147,797,1478,14.0,30.0,7.0,6.408690929412842,-37.7197265625,0.3662109076976776,-0.5224609375,-0.01953125,0.087646484375
4.656,371,3147,1079,1792,14.0,30.0,7.0,14.343260765075684,-44.982906341552734,4.5166015625,-0.339599609375,-0.0809326171875,0.14794921875
4.664,391,3147,1264,1918,14.0,30.0,7.0,22.644041061401367,-51.818843841552734,3.845214605331421,-0.0428466796875,-0.0662841796875,0.1614990234375
4.670,411,3147,1483,2129,14.0,30.0,7.0,30.456541061401367,-57.678218841552734,-7.751464366912842,0.2161865234375,0.1221923828125,0.173828125
4.684,438,3147,1860,2530,14.0,30.0,7.0,34.0576171875,-61.584468841552734,-31.616209030151367,0.2030029296875,0.5428466796875,0.2679443359375
4.710,456,3147,2162,2948,14.0,30.0,7.0,22.399900436401367,-60.058589935302734,-58.898921966552734,-0.127685546875,1.1641845703125,0.4669189453125
4.710,473,3147,2330,3063,14.0,30.0,7.0,-8.60595703125,-50.964351654052734,-73.66943359375,-0.83447265625,1.5125732421875,0.5521240234375
4.714,508,3147,2850,3147,14.0,30.0,7.0,-46.081539154052734,-36.2548828125,-71.35009765625,-1.9022216796875,1.09423828125,0.2501220703125
4.724,508,3147,2864,3147,14.0,30.0,7.0,-73.486328125,-23.254392623901367,-60.607906341552734,-2.9869384765625,0.2652587890625,0.04052734375
4.730,499,3147,2601,3147,15.0,28.0,9.0,-74.64599609375,-25.085447311401367,-40.10009765625,-3.67578125,-0.3712158203125,0.048583984375
4.747,494,3147,2471,3147,15.0,28.0,9.0,-40.344234466552734,-35.5224609375,-7.263183116912842,-2.907958984375,-1.2119140625,-0.0177001953125
4.756,491,3147,2354,3147,15.0,28.0,9.0,35.7666015625,-35.21728515625,14.770506858825684,-1.258056640625,-1.185546875,0.2637939453125
4.760,487,3147,2296,3147,15.0,28.0,9.0,102.60009002685547,-14.892577171325684,16.41845703125,-0.5997314453125,0.3917236328125,0.5838623046875
4.775,485,3147,2132,3147,15.0,28.0,9.0,75.439453125,25.329587936401367,9.033203125,-0.9825439453125,1.4544677734375,0.475341796875
4.783,482,3147,2058,3147,15.0,28.0,9.0,-14.648436546325684,64.75830078125,0.0,-1.724365234375,1.231201171875,0.176025390625
4.791,480,3147,1929,3147,15.0,28.0,9.0,-72.509765625,74.27978515625,0.7934569716453552,-2.3062744140625,0.496337890625,0.0042724609375
4.811,467,3147,1607,2925,15.0,28.0,9.0,-65.3076171875,51.940914154052734,15.624999046325684,-2.42919921875,0.0250244140625,0.088623046875
4.812,455,3147,1437,2753,15.0,28.0,9.0,-21.545408248901367,21.972654342651367,36.7431640625,-2.100341796875,-0.0599365234375,0.2772216796875
4.820,437,3147,1182,2491,15.0,28.0,9.0,19.6533203125,2.990722417831421,56.457515716552734,-1.57470703125,-0.0845947265625,0.4117431640625
4.850,411,3147,871,2105,12.0,34.0,6.0,46.630855560302734,-1.03759765625,72.021484375,-1.0772705078125,0.017333984375,0.43896484375
4.856,378,3147,585,1850,12.0,34.0,6.0,61.462398529052734,4.638671875,77.69775390625,-0.65576171875,0.30810546875,0.386962890625
4.877,360,3147,516,1267,12.0,34.0,6.0,60.852046966552734,16.05224609375,65.7958984375,-0.3865966796875,0.4637451171875,0.237060546875
4.878,330,3147,424,360,12.0,34.0,6.0,43.884273529052734,32.16552734375,36.92626953125,-0.306396484375,0.3245849609375,0.0189208984375
4.885,328,3001,387,341,12.0,34.0,6.0,20.507810592651367,46.813961029052734,3.051757574081421,-0.3126220703125,0.057861328125,-0.228515625
4.885,322,2527,406,346,12.0,34.0,6.0,6.835937023162842,52.551265716552734,-20.507810592651367,-0.384765625,-0.036865234375,-0.455810546875
4.895,318,2018,343,330,12.0,34.0,6.0,8.056640625,49.133296966552734,-23.559568405151367,-0.4276123046875,0.1575927734375,-0.544921875
4.915,318,1806,338,334,12.0,34.0,6.0,12.329100608825684,40.161128997802734,-11.657713890075684,-0.31884765625,0.2950439453125,-0.421875
4.915,315,1624,348,336,12.0,34.0,6.0,11.413573265075684,29.479978561401367,-1.220703125,-0.2578125,0.2564697265625,-0.181640625
4.924,316,1005,334,328,12.0,34.0,6.0,9.765625,21.484373092651367,2.563476324081421,-0.3779296875,0.224853515625,0.029541015625
4.946,314,646,390,338,13.0,32.0,11.0,12.329100608825684,18.00537109375,6.347655773162842,-0.489501953125,0.28662109375,0.1932373046875
4.952,302,691,387,342,13.0,32.0,11.0,16.29638671875,16.90673828125,10.925292015075684,-0.5057373046875,0.452880859375,0.344970703125
4.954,315,891,383,334,13.0,32.0,11.0,11.657713890075684,14.831542015075684,10.131834983825684,-0.52734375,0.544677734375,0.471923828125
4.962,315,1107,393,334,13.0,32.0,11.0,-4.150390625,10.192870140075684,2.0751953125,-0.5870361328125,0.439208984375,0.515869140625
4.971,316,1267,400,334,13.0,32.0,11.0,-19.22607421875,4.57763671875,-8.36181640625,-0.6531982421875,0.228271484375,0.4034423828125
4.984,315,1662,432,332,13.0,32.0,11.0,-24.536130905151367,0.8544921278953552,-14.465331077575684,-0.7186279296875,0.096923828125,0.1553955078125
4.992,315,1816,430,336,13.0,32.0,11.0,-23.071287155151367,-0.6713866591453552,-12.451170921325684,-0.772705078125,0.072021484375,-0.0635986328125
5.017,314,1894,418,338,13.0,32.0,11.0,-18.61572265625,-2.807616949081421,-4.0283203125,-0.804931640625,0.0782470703125,-0.1343994140625
5.018,316,2205,418,334,13.0,32.0,11.0,-9.94873046875,-7.568358898162842,6.286620616912842,-0.828857421875,0.10888671875,-0.08740234375
5.022,315,2505,423,354,13.0,32.0,11.0,1.8920897245407104,-13.366698265075684,15.624999046325684,-0.85595703125,0.1807861328125,-0.0098876953125
5.030,315,2619,406,330,16.0,31.0,3.0,1.8920897245407104,-13.366698265075684,15.624999046325684,-0.878173828125,0.2637939453125,0.047119140625
5.051,318,3073,445,342,16.0,31.0,3.0,14.221190452575684,-18.24951171875,24.780271530151367,-0.900146484375,0.3143310546875,0.0728759765625
5.053,318,3147,430,323,16.0,31.0,3.0,10.253905296325684,-17.76123046875,22.644041061401367,-0.9163818359375,0.3204345703125,0.0765380859375
5.061,323,3147,441,347,16.0,31.0,3.0,10.253905296325684,-17.76123046875,22.644041061401367,-0.90771484375,0.29833984375,0.0712890625
5.075,324,3147,428,513,16.0,31.0,3.0,-6.896972179412842,-14.892577171325684,14.160155296325684,-0.8990478515625,0.2728271484375,0.0452880859375
5.082,323,3147,479,684,16.0,31.0,3.0,-12.390135765075684,-13.488768577575684,12.084959983825684,-0.9022216796875,0.2537841796875,-0.0076904296875
5.094,327,3147,481,648,16.0,31.0,3.0,-12.390135765075684,-13.488768577575684,12.084959983825684,-0.880859375,0.2437744140625,-0.0540771484375
5.119,328,3147,490,989,16.0,31.0,3.0,-9.82666015625,-16.29638671875,15.624999046325684,-0.83154296875,0.2222900390625,-0.0560302734375
5.120,324,3147,494,1009,16.0,31.0,3.0,-4.2724609375,-22.155759811401367,20.080564498901367,-0.757568359375,0.1529541015625,-0.01025390625
5.120,316,3147,447,1204,16.0,31.0,3.0,-4.2724609375,-22.155759811401367,20.080564498901367,-0.604736328125,0.0355224609375,0.055908203125
5.134,334,3147,571,1531,15.0,29.0,5.0,9.21630859375,-36.2548828125,32.5927734375,-0.3408203125,-0.0836181640625,0.114501953125
5.156,346,3147,578,1691,15.0,29.0,5.0,15.624999046325684,-41.076656341552734,31.555173873901367,-0.0322265625,-0.132080078125,0.1644287109375
5.159,360,3147,912,1850,15.0,29.0,5.0,15.624999046325684,-41.076656341552734,31.555173873901367,0.204345703125,-0.0443115234375,0.190185546875
5.169,403,3147,1341,2085,15.0,29.0,5.0,24.902341842651367,-46.936031341552734,-12.207030296325684,0.2373046875,0.2113037109375,0.222900390625
5.174,419,3147,1469,2295,15.0,29.0,5.0,22.399900436401367,-46.203609466552734,-48.156734466552734,-0.0408935546875,0.6729736328125,0.287353515625
5.180,426,3147,1568,2486,15.0,29.0,5.0,22.399900436401367,-46.203609466552734,-48.156734466552734,-0.5352783203125,1.3424072265625,0.3270263671875
5.194,445,3147,1808,2930,15.0,29.0,5.0,-18.49365234375,-28.076169967651367,-63.049312591552734,-0.9962158203125,1.7781982421875,0.360107421875
5.210,463,3147,2153,3056,15.0,29.0,5.0,-46.508785247802734,-20.324705123901367,-46.569820404052734,-1.6861572265625,1.551025390625,0.2598876953125
5.223,473,3147,2280,3144,15.0,29.0,5.0,-46.508785247802734,-20.324705123901367,-46.569820404052734,-2.602783203125,0.5938720703125,0.0782470703125
5.224,462,3147,2308,3147,18.0,29.0,6.0,-97.53417205810547,-10.559081077575684,-49.255367279052734,-3.232666015625,-0.5428466796875,0.096923828125
5.235,468,3147,2135,3147,18.0,29.0,6.0,-75.439453125,-10.620116233825684,-46.142574310302734,-3.18701171875,-0.9407958984375,0.0792236328125
5.240,467,3147,2003,3147,18.0,29.0,6.0,-75.439453125,-10.620116233825684,-46.142574310302734,-2.1575927734375,-0.755615234375,0.0306396484375
5.267,465,3147,1918,3147,18.0,29.0,6.0,46.386714935302734,-5.737304210662842,0.2441406100988388,-1.1231689453125,-0.173583984375,0.2783203125
5.267,456,3147,1794,3147,18.0,29.0,6.0,46.386714935302734,-5.737304210662842,0.2441406100988388,-1.1295166015625,0.5401611328125,0.5582275390625
5.272,462,3147,1675,3147,18.0,29.0,6.0,56.884761810302734,7.019042491912842,17.27294921875,-1.1295166015625,0.5401611328125,0.5582275390625
5.284,445,3147,1384,3147,18.0,29.0,6.0,-18.6767578125,36.31591796875,58.288570404052734,-2.1358642578125,0.3599853515625,0.4429931640625
5.293,437,3147,1225,3147,18.0,29.0,6.0,-18.6767578125,36.31591796875,58.288570404052734,-2.079833984375,0.213623046875,0.3197021484375
5.300,424,3147,1074,3048,18.0,29.0,6.0,-13.366698265075684,33.8134765625,79.40673828125,-2.079833984375,0.213623046875,0.3197021484375
5.325,400,3147,819,2691,18.0,29.0,6.0,54.565425872802734,14.648436546325684,86.48680877685547,-1.308837890625,0.523193359375,0.154052734375
5.325,364,3147,707,2415,11.0,30.0,11.0,54.565425872802734,14.648436546325684,86.48680877685547,-0.9600830078125,0.6422119140625,0.1085205078125
5.330,357,3147,513,2160,11.0,30.0,11.0,61.035152435302734,14.465331077575684,67.56591796875,-0.9600830078125,0.6422119140625,0.1085205078125
5.344,330,3147,465,1483,11.0,30.0,11.0,28.686521530151367,30.090330123901367,16.6015625,-0.5496826171875,0.6986083984375,-0.0067138671875
5.368,334,3147,442,1136,11.0,30.0,11.0,28.686521530151367,30.090330123901367,16.6015625,-0.548583984375,0.5784912109375,-0.1090087890625
5.370,327,3147,391,694,11.0,30.0,11.0,9.1552734375,39.9169921875,-6.408690929412842,-0.548583984375,0.5784912109375,-0.1090087890625
5.375,318,2854,355,343,11.0,30.0,11.0,-17.7001953125,53.405757904052734,-31.372068405151367,-0.426513671875,0.260986328125,-0.2947998046875
5.383,318,2368,359,353,11.0,30.0,11.0,-17.7001953125,53.405757904052734,-31.372068405151367,-0.372802734375,0.28515625,-0.305419921875
5.390,317,2024,322,330,11.0,30.0,11.0,-10.742186546325684,54.931636810302734,-31.555173873901367,-0.372802734375,0.28515625,-0.305419921875
5.404,315,1399,317,318,11.0,30.0,11.0,-0.2441406100988388,43.151851654052734,-26.367185592651367,-0.3983154296875,0.24267578125,-0.054931640625
5.432,315,845,375,312,11.0,30.0,11.0,-0.2441406100988388,43.151851654052734,-26.367185592651367,-0.421875,0.1700439453125,0.061279296875
5.433,314,567,379,328,13.0,32.0,9.0,3.601073980331421,33.50830078125,-26.000974655151367,-0.421875,0.1700439453125,0.061279296875
5.435,313,532,330,327,13.0,32.0,9.0,9.8876953125,15.563963890075684,-28.198240280151367,-0.4765625,0.2613525390625,0.3262939453125
5.443,312,548,378,331,13.0,32.0,9.0,9.8876953125,15.563963890075684,-28.198240280151367,-0.4569091796875,0.271240234375,0.3431396484375
5.461,313,494,390,329,13.0,32.0,9.0,5.0048828125,9.09423828125,-28.808591842651367,-0.4569091796875,0.271240234375,0.3431396484375
5.471,310,589,387,336,13.0,32.0,9.0,10.498045921325684,9.521484375,-25.268552780151367,-0.6090087890625,0.290771484375,0.2730712890625
5.473,310,561,400,324,13.0,32.0,9.0,10.498045921325684,9.521484375,-25.268552780151367,-0.6090087890625,0.290771484375,0.2730712890625
5.481,313,905,354,328,13.0,32.0,9.0,10.864256858825684,3.540038824081421,-18.49365234375,-0.6668701171875,0.2706298828125,0.2025146484375
5.494,315,1483,401,332,13.0,32.0,9.0,0.8544921278953552,-2.38037109375,-13.244627952575684,-0.778564453125,0.0113525390625,0.0206298828125
5.503,313,1897,401,330,13.0,32.0,9.0,-12.573241233825684,-4.08935546875,-11.596678733825684,-0.778564453125,0.0113525390625,0.0206298828125
5.510,314,2063,401,332,13.0,32.0,9.0,-18.6767578125,-4.39453125,-10.192870140075684,-0.8404541015625,-0.0789794921875,-0.02294921875
5.529,315,2238,462,336,15.0,31.0,7.0,-14.526366233825684,-5.249022960662842,-5.615233898162842,-0.80322265625,0.0609130859375,-0.0343017578125
5.533,314,2490,454,336,15.0,31.0,7.0,-5.371093273162842,-7.202147960662842,1.9531248807907104,-0.80322265625,0.0609130859375,-0.0343017578125
5.544,316,2734,465,334,15.0,31.0,7.0,1.5869139432907104,-10.070799827575684,9.8876953125,-0.788818359375,0.1492919921875,-0.0184326171875
5.565,321,3062,493,336,15.0,31.0,7.0,2.563476324081421,-12.817381858825684,16.29638671875,-0.7373046875,0.20654296875,-0.0233154296875
5.566,319,3147,411,354,15.0,31.0,7.0,-1.2817381620407104,-15.075682640075684,20.385740280151367,-0.7373046875,0.20654296875,-0.0233154296875
5.579,324,3147,508,525,15.0,31.0,7.0,-5.798339366912842,-17.822265625,21.301267623901367,-0.62939453125,0.1514892578125,-0.0242919921875
5.585,334,3147,591,1018,15.0,31.0,7.0,-5.920409679412842,-21.789548873901367,19.6533203125,-0.4122314453125,0.06884765625,-0.05126953125
5.592,337,3147,661,1213,15.0,31.0,7.0,0.54931640625,-26.428220748901367,17.39501953125,-0.4122314453125,0.06884765625,-0.05126953125
5.600,354,3147,754,1416,15.0,31.0,7.0,8.056640625,-31.249998092651367,15.502928733825684,-0.2796630859375,0.0689697265625,-0.0054931640625
5.614,386,3147,1129,1840,13.0,32.0,7.0,11.474608421325684,-35.2783203125,11.901854515075684,0.06298828125,0.1407470703125,0.1004638671875
5.631,406,3147,1370,2035,13.0,32.0,7.0,12.207030296325684,-37.17041015625,2.25830078125,0.06298828125,0.1407470703125,0.1004638671875
5.632,428,3147,1595,2340,13.0,32.0,7.0,12.084959983825684,-37.53662109375,-15.563963890075684,0.019287109375,0.2972412109375,0.1324462890625
5.644,441,3147,1837,2748,13.0,32.0,7.0,9.27734375,-38.330078125,-36.19384765625,-0.529296875,1.10107421875,0.6329345703125
5.667,461,3147,2062,3147,13.0,32.0,7.0,1.6479490995407104,-41.503902435302734,-47.302242279052734,-0.529296875,1.10107421875,0.6329345703125
5.672,479,3147,2398,3147,13.0,32.0,7.0,-6.469726085662842,-45.654293060302734,-43.457027435302734,-0.854736328125,1.42919921875,0.9259033203125
5.675,509,3147,2996,3147,13.0,32.0,7.0,-10.131834983825684,-44.067378997802734,-33.87451171875,-2.9881591796875,0.427001953125,0.311279296875
5.684,506,3147,2753,3147,13.0,32.0,7.0,-19.4091796875,-32.04345703125,-28.137205123901367,-2.9881591796875,0.427001953125,0.311279296875
5.691,499,3147,2652,3147,13.0,32.0,7.0,-28.381345748901367,-21.301267623901367,-15.197752952575684,-3.7784423828125,-0.44873046875,-0.0572509765625
5.704,496,3147,2435,3147,13.0,32.0,7.0,2.807616949081421,-16.11328125,17.39501953125,-2.8348388671875,-1.32080078125,-0.39013671875
5.712,495,3147,2284,3147,14.0,30.0,12.0,75.62255859375,-12.451170921325684,44.189449310302734,-1.287353515625,-1.1600341796875,-0.183349609375
5.734,493,3147,2233,3147,14.0,30.0,12.0,126.83104705810547,-3.967284917831421,46.936031341552734,-0.820556640625,0.563232421875,0.158203125
5.734,493,3147,2207,3147,14.0,30.0,12.0,95.09276580810547,18.98193359375,32.8369140625,-1.1639404296875,1.78564453125,0.123046875
5.742,481,3147,2074,3147,14.0,30.0,12.0,2.746581792831421,46.081539154052734,14.099120140075684,-1.7178955078125,1.6072998046875,0.02001953125
5.750,487,3147,1912,3147,14.0,30.0,12.0,-67.32177734375,56.762691497802734,7.019042491912842,-2.091796875,0.7303466796875,0.0704345703125
5.772,473,3147,1702,3147,14.0,30.0,12.0,-68.115234375,46.325679779052734,14.709471702575684,-2.1202392578125,0.095947265625,0.2386474609375
5.772,444,3147,1464,3143,14.0,30.0,12.0,-18.61572265625,29.785154342651367,29.724119186401367,-1.8253173828125,0.03662109375,0.34375
5.780,445,3147,1294,2992,14.0,30.0,12.0,27.587888717651367,18.61572265625,44.311519622802734,-1.4095458984375,0.1165771484375,0.36376953125
5.794,409,3147,737,2442,14.0,30.0,12.0,43.273921966552734,15.075682640075684,55.114742279052734,-1.013916015625,0.191650390625,0.3759765625
5.803,371,3147,625,1996,14.0,30.0,12.0,38.0859375,18.06640625,58.715816497802734,-0.626953125,0.3553466796875,0.349365234375
5.811,346,3147,523,1531,10.0,30.0,11.0,27.832029342651367,25.268552780151367,48.767086029052734,-0.3421630859375,0.5133056640625,0.2003173828125
5.839,328,3147,465,962,10.0,30.0,11.0,17.08984375,34.60693359375,23.559568405151367,-0.2685546875,0.5093994140625,-0.0262451171875
5.839,323,3147,423,587,10.0,30.0,11.0,1.7089842557907104,43.151851654052734,-6.652831554412842,-0.3414306640625,0.3544921875,-0.2882080078125
5.840,323,3147,432,382,10.0,30.0,11.0,-13.000487327575684,48.645015716552734,-27.038572311401367,-0.43603515625,0.1727294921875,-0.4974365234375
5.854,316,2897,426,352,10.0,30.0,11.0,-15.075682640075684,48.522945404052734,-31.616209030151367,-0.498291015625,0.1121826171875,-0.5482177734375
5.871,316,2748,409,336,10.0,30.0,11.0,-5.310058116912842,42.297359466552734,-25.268552780151367,-0.532470703125,0.2076416015625,-0.4600830078125
5.874,315,2576,363,334,10.0,30.0,11.0,1.7089842557907104,32.89794921875,-16.66259765625,-0.520263671875,0.27392578125,-0.2723388671875
5.885,314,2494,371,331,10.0,30.0,11.0,-1.0986328125,24.169919967651367,-12.145995140075684,-0.473388671875,0.2398681640625,-0.01611328125
5.895,313,2418,372,332,10.0,30.0,11.0,-5.676269054412842,19.04296875,-11.962889671325684,-0.458984375,0.230712890625,0.24169921875
5.900,313,2337,363,334,10.0,30.0,11.0,-6.103515148162842,17.2119140625,-12.817381858825684,-0.5343017578125,0.2996826171875,0.400634765625
5.914,314,2212,373,332,13.0,32.0,9.0,-5.737304210662842,16.41845703125,-12.329100608825684,-0.62353515625,0.365966796875,0.4163818359375
5.936,313,2330,391,334,13.0,32.0,9.0,-10.253905296325684,14.770506858825684,-11.108397483825684,-0.6380615234375,0.359375,0.3404541015625
5.937,313,2415,447,334,13.0,32.0,9.0,-18.1884765625,10.620116233825684,-10.559081077575684,-0.648193359375,0.2843017578125,0.234130859375
5.944,313,2478,441,334,13.0,32.0,9.0,-23.498533248901367,4.2724609375,-10.742186546325684,-0.7235107421875,0.180419921875,0.122802734375
5.952,315,2565,468,336,13.0,32.0,9.0,-21.972654342651367,-1.6479490995407104,-9.8876953125,-0.81396484375,0.1270751953125,0.0235595703125
5.960,315,2734,466,336,13.0,32.0,9.0,-14.709471702575684,-5.676269054412842,-6.530761241912842,-0.8721923828125,0.1680908203125,-0.03564453125
5.976,316,2949,473,334,13.0,32.0,9.0,-7.080077648162842,-8.544921875,-1.7700194120407104,-0.8931884765625,0.2373046875,-0.046630859375
5.983,316,3056,514,336,13.0,32.0,9.0,-2.563476324081421,-11.047362327575684,2.25830078125,-0.88818359375,0.2706298828125,-0.0418701171875
6.003,315,3147,467,338,13.0,32.0,9.0,-0.1220703050494194,-12.756346702575684,4.57763671875,-0.877685546875,0.2708740234375,-0.0501708984375
6.004,317,3147,502,424,14.0,33.0,9.0,1.8920897245407104,-13.916014671325684,5.493163585662842,-0.8792724609375,0.2650146484375,-0.0582275390625
6.012,321,3147,497,513,14.0,33.0,9.0,3.662109136581421,-15.502928733825684,4.94384765625,-0.8973388671875,0.263427734375,-0.0411376953125
6.020,323,3147,537,525,14.0,33.0,9.0,5.676269054412842,-18.37158203125,3.112792730331421,-0.909912109375,0.2635498046875,-0.01123046875
6.039,328,3147,555,591,14.0,33.0,9.0,10.437010765075684,-21.972654342651367,0.6103515625,-0.921630859375,0.271240234375,-0.0032958984375
6.042,331,3147,572,651,14.0,33.0,9.0,19.4091796875,-26.306150436401367,-0.9155272841453552,-0.9454345703125,0.27392578125,-0.025390625
6.050,333,3147,568,628,14.0,33.0,9.0,31.433103561401367,-31.433103561401367,0.6713866591453552,-0.9459228515625,0.2374267578125,-0.0716552734375
6.077,344,3147,567,763,14.0,33.0,9.0,44.189449310302734,-36.56005859375,6.164550304412842,-0.837158203125,0.1937255859375,-0.14306640625
6.078,347,3147,582,904,14.0,33.0,9.0,53.588863372802734,-41.015621185302734,12.756346702575684,-0.5975341796875,0.17578125,-0.1181640625
6.081,359,3147,677,987,14.0,33.0,9.0,53.222652435302734,-43.823238372802734,14.282225608825684,-0.3294677734375,0.1632080078125,0.0416259765625
6.094,385,3147,999,1236,14.0,33.0,9.0,44.494625091552734,-44.189449310302734,8.48388671875,-0.083251953125,0.1466064453125,0.1365966796875
6.107,405,3147,1328,1383,12.0,29.0,12.0,38.02490234375,-44.250484466552734,-1.7700194120407104,0.136474609375,0.1488037109375,0.1134033203125
6.117,424,3147,1546,1592,12.0,29.0,12.0,40.0390625,-46.569820404052734,-13.488768577575684,0.2291259765625,0.2442626953125,0.05029296875
6.124,440,3147,2041,1855,12.0,29.0,12.0,42.053218841552734,-49.865718841552734,-23.925779342651367,0.1043701171875,0.47607421875,0.046630859375
6.145,456,3147,2299,2176,12.0,29.0,12.0,31.311033248901367,-51.208492279052734,-33.3251953125,-0.1962890625,0.800537109375,0.1708984375
6.145,439,3147,2555,2361,12.0,29.0,12.0,6.713866710662842,-50.354000091552734,-42.602535247802734,-0.549560546875,1.1251220703125,0.3699951171875
6.156,487,3147,3111,2736,12.0,29.0,12.0,-21.179197311401367,-49.011226654052734,-47.912593841552734,-0.9796142578125,1.231689453125,0.5958251953125
6.162,497,3147,3147,2899,12.0,29.0,12.0,-42.236324310302734,-49.438472747802734,-48.461910247802734,-1.646728515625,0.6707763671875,0.60693359375
6.181,506,3147,3147,2957,12.0,29.0,12.0,-42.236324310302734,-49.438472747802734,-48.461910247802734,-2.480712890625,-0.211669921875,0.2642822265625
6.185,574,3147,3147,3147,12.0,29.0,12.0,-53.100582122802734,-31.860349655151367,-49.804683685302734,-3.015380859375,-0.5428466796875,0.004638671875
6.192,501,3147,3147,3147,12.0,29.0,12.0,-26.550291061401367,-22.644041061401367,-24.719236373901367,-3.0440673828125,-0.436279296875,-0.05078125
6.201,499,3147,3118,3147,15.0,31.0,11.0,-26.550291061401367,-22.644041061401367,-24.719236373901367,-2.351318359375,-0.367431640625,-0.0140380859375
6.223,497,3147,2995,3147,15.0,31.0,11.0,28.869626998901367,-12.268065452575684,33.26416015625,-1.2491455078125,-0.1680908203125,0.2464599609375
6.224,497,3147,2996,3147,15.0,31.0,11.0,31.982419967651367,2.3193359375,32.28759765625,-0.8238525390625,0.601318359375,0.4766845703125
6.239,497,3147,2946,3147,15.0,31.0,11.0,31.982419967651367,2.3193359375,32.28759765625,-1.2340087890625,1.450439453125,0.4376220703125
6.246,497,3147,2736,3147,15.0,31.0,11.0,-18.73779296875,38.14697265625,5.371093273162842,-1.82080078125,1.4373779296875,0.2496337890625
6.253,494,3147,2582,3082,15.0,31.0,11.0,-55.175777435302734,41.442867279052734,-2.0751953125,-2.0699462890625,0.659912109375,0.1234130859375
6.260,487,3147,2419,2974,15.0,31.0,11.0,-55.175777435302734,41.442867279052734,-2.0751953125,-1.942626953125,-0.00537109375,0.1531982421875
6.283,481,3147,2126,2744,15.0,31.0,11.0,-20.507810592651367,17.76123046875,9.94873046875,-1.6458740234375,-0.111328125,0.20751953125
6.283,473,3147,1927,2514,15.0,31.0,11.0,15.624999046325684,10.742186546325684,26.123044967651367,-1.3455810546875,0.0831298828125,0.2203369140625
6.294,462,3147,1665,2362,15.0,31.0,11.0,15.624999046325684,10.742186546325684,26.123044967651367,-1.0518798828125,0.248779296875,0.26806640625
6.307,423,3147,1108,1918,12.0,33.0,12.0,16.845703125,17.02880859375,55.114742279052734,-0.7705078125,0.2808837890625,0.2874755859375
6.312,390,3147,887,1480,12.0,33.0,12.0,5.676269054412842,26.184080123901367,56.274410247802734,-0.562744140625,0.263427734375,0.2088623046875
6.322,383,3147,713,1134,12.0,33.0,12.0,5.676269054412842,26.184080123901367,56.274410247802734,-0.4368896484375,0.2103271484375,0.069091796875
6.349,347,3147,487,654,12.0,33.0,12.0,-10.803221702575684,44.250484466552734,10.803221702575684,-0.40771484375,0.064697265625,-0.116943359375
6.349,329,3147,444,348,12.0,33.0,12.0,-18.06640625,46.386714935302734,-18.4326171875,-0.464111328125,-0.0496826171875,-0.29443359375
6.350,321,2813,406,344,12.0,33.0,12.0,-18.06640625,46.386714935302734,-18.4326171875,-0.571533203125,0.0556640625,-0.3597412109375
6.364,318,2295,442,336,12.0,33.0,12.0,-8.11767578125,36.62109375,-26.916501998901367,-0.5670166015625,0.2503662109375,-0.3011474609375
6.385,316,2102,388,333,12.0,33.0,12.0,-1.15966796875,28.503416061401367,-16.11328125,-0.4415283203125,0.342529296875,-0.1766357421875
6.386,316,1877,402,317,12.0,33.0,12.0,-1.15966796875,28.503416061401367,-16.11328125,-0.4415283203125,0.342529296875,-0.1766357421875
6.399,317,1850,433,330,12.0,33.0,12.0,-6.774901866912842,21.728513717651367,-10.009765625,-0.4754638671875,0.3463134765625,0.0687255859375
6.402,315,1607,363,338,11.0,32.0,11.0,-6.774901866912842,21.728513717651367,-10.009765625,-0.549560546875,0.3997802734375,0.1722412109375
6.412,314,1294,356,331,11.0,32.0,11.0,-7.934569835662842,21.301267623901367,-6.774901866912842,-0.549560546875,0.3997802734375,0.1722412109375
6.429,315,1755,369,332,11.0,32.0,11.0,-7.507323741912842,16.41845703125,-1.6479490995407104,-0.5439453125,0.5054931640625,0.308349609375
6.432,310,1931,388,334,11.0,32.0,11.0,-7.507323741912842,16.41845703125,-1.6479490995407104,-0.5919189453125,0.3978271484375,0.39208984375
6.451,316,2032,388,334,11.0,32.0,11.0,-15.747069358825684,10.070799827575684,-5.676269054412842,-0.5919189453125,0.3978271484375,0.39208984375
6.454,318,2207,424,336,11.0,32.0,11.0,-18.6767578125,-5.371093273162842,-10.742186546325684,-0.7626953125,0.1322021484375,0.224853515625
6.463,317,2323,419,338,11.0,32.0,11.0,-18.6767578125,-5.371093273162842,-10.742186546325684,-0.7503662109375,0.0728759765625,0.0435791015625
6.471,316,2435,427,342,11.0,32.0,11.0,-11.230467796325684,-7.812499523162842,-5.249022960662842,-0.7503662109375,0.0728759765625,0.0435791015625
6.489,318,2716,518,336,11.0,32.0,11.0,2.685546636581421,-10.620116233825684,11.962889671325684,-0.7332763671875,0.158203125,-0.022705078125
6.492,319,3147,514,346,12.0,33.0,8.0,2.685546636581421,-10.620116233825684,11.962889671325684,-0.767578125,0.2015380859375,0.01904296875
6.502,318,3143,586,342,12.0,33.0,8.0,4.21142578125,-14.404295921325684,17.7001953125,-0.767578125,0.2015380859375,0.01904296875
6.514,328,3147,548,513,12.0,33.0,8.0,2.868652105331421,-18.00537109375,23.376462936401367,-0.8514404296875,0.2305908203125,-0.0142822265625
6.522,328,3147,548,684,12.0,33.0,8.0,2.868652105331421,-18.00537109375,23.376462936401367,-0.85009765625,0.2020263671875,-0.029296875
6.559,331,3147,571,682,12.0,33.0,8.0,-1.5258787870407104,-18.00537109375,25.329587936401367,-0.85009765625,0.2020263671875,-0.029296875
6.559,343,3147,634,1035,12.0,33.0,8.0,-14.038084983825684,-16.41845703125,30.883787155151367,-0.8028564453125,0.0550537109375,-0.0218505859375
6.560,344,3147,666,1170,12.0,33.0,8.0,-14.038084983825684,-16.41845703125,30.883787155151367,-0.6197509765625,-0.0631103515625,-0.0506591796875
6.561,355,3147,710,1419,12.0,33.0,8.0,-8.60595703125,-19.22607421875,35.0341796875,-0.6197509765625,-0.0631103515625,-0.0506591796875
6.578,388,3147,1038,1704,12.0,33.0,8.0,36.4990234375,-39.306640625,30.273435592651367,0.2174072265625,-0.0889892578125,-0.0384521484375
6.587,416,3147,1527,1920,12.0,33.0,8.0,36.4990234375,-39.306640625,30.273435592651367,0.5850830078125,0.1417236328125,0.059326171875
6.595,431,3147,1790,2113,14.0,32.0,9.0,52.795406341552734,-50.476070404052734,11.230467796325684,0.5850830078125,0.1417236328125,0.059326171875
6.614,457,3147,2258,2530,14.0,32.0,9.0,27.221677780151367,-48.339839935302734,-60.913082122802734,0.23046875,1.3092041015625,0.315673828125
6.614,468,3147,2565,2976,14.0,32.0,9.0,27.221677780151367,-48.339839935302734,-60.913082122802734,-0.460693359375,2.0,0.4298095703125
6.621,490,3147,2891,3147,14.0,32.0,9.0,-10.803221702575684,-38.57421875,-75.3173828125,-0.460693359375,2.0,0.4298095703125
6.656,551,3147,3147,3147,14.0,32.0,9.0,-80.99364471435547,-28.076169967651367,-33.50830078125,-2.7503662109375,0.9105224609375,0.2379150390625
6.657,519,3147,3147,3147,14.0,32.0,9.0,-80.99364471435547,-28.076169967651367,-33.50830078125,-3.903564453125,-0.2996826171875,0.2178955078125
6.657,514,3147,3089,3147,14.0,32.0,9.0,-104.73632049560547,-24.963376998901367,-19.775390625,-3.903564453125,-0.2996826171875,0.2178955078125
6.671,509,3147,2919,3147,14.0,32.0,9.0,-41.015621185302734,-21.911619186401367,24.780271530151367,-1.599609375,-2.152587890625,0.2188720703125
6.673,508,3147,2777,3147,14.0,32.0,9.0,-41.015621185302734,-21.911619186401367,24.780271530151367,-0.75830078125,-0.470703125,0.4202880859375
6.690,506,3147,2713,3147,14.0,32.0,9.0,77.20947265625,-9.033203125,35.7666015625,-0.75830078125,-0.470703125,0.4202880859375
6.695,499,3147,2585,3147,12.0,30.0,13.0,66.5283203125,49.194332122802734,23.620603561401367,-1.5740966796875,2.1865234375,0.0301513671875
6.705,497,3147,2435,3147,12.0,30.0,13.0,66.5283203125,49.194332122802734,23.620603561401367,-2.009521484375,1.1900634765625,0.0855712890625
6.713,496,3147,2266,3147,12.0,30.0,13.0,-45.349117279052734,61.889644622802734,9.6435546875,-2.009521484375,1.1900634765625,0.0855712890625
6.727,487,3147,1994,3112,12.0,30.0,13.0,-80.68846893310547,49.865718841552734,9.6435546875,-1.822265625,-0.0140380859375,0.3846435546875
6.733,481,3147,1806,2941,12.0,30.0,13.0,-30.700681686401367,28.320310592651367,23.315427780151367,-1.822265625,-0.0140380859375,0.3846435546875
6.805,469,3147,1598,2683,12.0,30.0,13.0,35.7666015625,12.207030296325684,36.92626953125,-1.46240234375,0.1920166015625,0.4102783203125
6.805,430,3147,922,2115,12.0,30.0,13.0,65.73486328125,5.310058116912842,41.320796966552734,-0.7703857421875,0.4765625,0.2723388671875
6.805,375,3147,656,1681,12.0,30.0,13.0,62.072750091552734,6.652831554412842,39.0625,-0.7703857421875,0.4765625,0.2723388671875
6.806,364,3147,464,1260,12.0,30.0,13.0,46.752925872802734,14.892577171325684,32.1044921875,-0.48388671875,0.497314453125,0.1290283203125
6.806,327,3147,378,559,12.0,30.0,13.0,28.503416061401367,27.648923873901367,19.04296875,-0.3514404296875,0.1458740234375,-0.3280029296875
6.806,323,3117,359,317,12.0,33.0,11.0,9.82666015625,41.259761810302734,2.13623046875,-0.3514404296875,0.1458740234375,-0.3280029296875
6.806,316,2465,421,342,12.0,33.0,11.0,-0.7934569716453552,51.269527435302734,-12.207030296325684,-0.3916015625,0.0091552734375,-0.549072265625
6.815,315,2035,387,330,12.0,33.0,11.0,2.13623046875,52.124019622802734,-19.83642578125,-0.394287109375,0.1357421875,-0.4228515625
6.825,313,1786,315,315,12.0,33.0,11.0,11.657713890075684,44.006343841552734,-21.972654342651367,-0.394287109375,0.1357421875,-0.4228515625
6.831,313,1636,315,319,12.0,33.0,11.0,16.29638671875,33.87451171875,-22.705076217651367,-0.4024658203125,0.2606201171875,-0.1788330078125
6.858,313,962,315,311,12.0,33.0,11.0,12.207030296325684,25.878904342651367,-25.695798873901367,-0.5218505859375,0.4447021484375,0.2296142578125
6.861,314,654,315,316,12.0,33.0,11.0,6.225585460662842,22.338865280151367,-29.907224655151367,-0.5218505859375,0.4447021484375,0.2296142578125
6.861,313,619,299,294,12.0,33.0,11.0,2.01416015625,22.216794967651367,-30.578611373901367,-0.6082763671875,0.5718994140625,0.3648681640625
6.875,313,667,316,316,12.0,33.0,11.0,-3.417968511581421,21.301267623901367,-26.977537155151367,-0.613525390625,0.5115966796875,0.3956298828125
6.898,313,951,328,324,12.0,33.0,11.0,-10.437010765075684,17.7001953125,-23.315427780151367,-0.613525390625,0.5115966796875,0.3956298828125
6.898,316,1115,321,323,14.0,31.0,13.0,-16.11328125,11.718749046325684,-23.132322311401367,-0.63671875,0.339111328125,0.3233642578125
6.905,310,1328,321,322,14.0,31.0,13.0,-17.15087890625,4.39453125,-24.658201217651367,-0.7310791015625,0.0728759765625,0.0386962890625
6.913,313,1588,323,321,14.0,31.0,13.0,-14.160155296325684,-1.9531248807907104,-24.230955123901367,-0.7310791015625,0.0728759765625,0.0386962890625
6.932,310,1850,348,334,14.0,31.0,13.0,-10.498045921325684,-5.920409679412842,-20.324705123901367,-0.7374267578125,0.0623779296875,-0.059814453125
6.937,310,1900,351,332,14.0,31.0,13.0,-7.385253429412842,-8.6669921875,-13.671874046325684,-0.7711181640625,0.13671875,-0.0296630859375
6.943,310,2089,370,331,14.0,31.0,13.0,-4.2724609375,-11.474608421325684,-5.981444835662842,-0.7711181640625,0.13671875,-0.0296630859375
6.965,313,2233,364,332,14.0,31.0,13.0,-0.7324218153953552,-13.610838890075684,1.0986328125,-0.7802734375,0.1812744140625,-0.0050048828125
6.966,315,2579,363,330,14.0,31.0,13.0,1.6479490995407104,-14.587401390075684,6.042479991912842,-0.7994384765625,0.2470703125,-0.001220703125
6.976,316,2636,365,343,14.0,31.0,13.0,0.8544921278953552,-15.014647483825684,8.60595703125,-0.83642578125,0.289306640625,-0.0084228515625
6.981,316,3094,402,336,14.0,31.0,13.0,-2.746581792831421,-15.380858421325684,9.70458984375,-0.8623046875,0.30078125,-0.027587890625
7.000,316,3147,500,362,11.0,30.0,14.0,-7.324218273162842,-15.686034202575684,10.498045921325684,-0.86181640625,0.301513671875,-0.05712890625
7.010,321,3147,531,482,11.0,30.0,14.0,-13.000487327575684,-16.29638671875,11.047362327575684,-0.8128662109375,0.2630615234375,-0.0732421875
7.011,324,3147,571,567,11.0,30.0,14.0,-18.4326171875,-18.00537109375,11.291502952575684,-0.70947265625,0.162109375,-0.0565185546875
7.025,332,3147,548,1043,11.0,30.0,14.0,-18.12744140625,-20.935056686401367,11.901854515075684,-0.5787353515625,0.025634765625,-0.0338134765625
7.033,336,3147,593,1272,11.0,30.0,14.0,-9.09423828125,-24.536130905151367,13.732909202575684,-0.4129638671875,-0.0662841796875,-0.0155029296875
7.041,348,3147,678,1483,11.0,30.0,14.0,4.69970703125,-28.869626998901367,16.78466796875,-0.19384765625,-0.084716796875,0.0179443359375
7.074,383,3147,980,1943,11.0,30.0,14.0,15.136717796325684,-34.36279296875,18.49365234375,0.051025390625,-0.0400390625,0.0640869140625
7.074,402,3147,1411,2178,11.0,30.0,14.0,15.991209983825684,-39.9169921875,12.268065452575684,0.2342529296875,0.1016845703125,0.12841796875
7.074,418,3147,1646,2370,11.0,30.0,14.0,9.033203125,-42.846675872802734,-8.056640625,0.2203369140625,0.364501953125,0.2169189453125
7.086,433,3147,1941,2685,14.0,29.0,14.0,-1.2817381620407104,-43.090816497802734,-39.00146484375,-0.14990234375,0.78759765625,0.3614501953125
7.098,441,3147,2188,2973,14.0,29.0,14.0,-14.465331077575684,-44.067378997802734,-60.729976654052734,-0.6583251953125,1.339111328125,0.5679931640625
7.103,467,3147,2505,3053,14.0,29.0,14.0,-29.418943405151367,-44.433589935302734,-58.593746185302734,-1.1187744140625,1.6748046875,0.757568359375
7.122,497,3147,2872,3147,14.0,29.0,14.0,-45.532222747802734,-38.63525390625,-46.386714935302734,-1.9522705078125,1.2332763671875,0.516357421875
7.123,488,3147,2901,3147,14.0,29.0,14.0,-71.044921875,-23.742673873901367,-45.104976654052734,-3.087158203125,0.2000732421875,0.0308837890625
7.131,494,3147,2650,3147,14.0,29.0,14.0,-88.01268768310547,-12.023924827575684,-43.884273529052734,-3.7786865234375,-0.5418701171875,-0.159912109375
7.145,484,3147,2498,3147,14.0,29.0,14.0,-54.504390716552734,-12.145995140075684,-21.606443405151367,-3.0810546875,-1.0504150390625,-0.21142578125
7.166,482,3147,2414,3147,14.0,29.0,14.0,28.015134811401367,-14.648436546325684,2.746581792831421,-1.6033935546875,-0.8592529296875,0.043701171875
7.167,479,3147,2356,3147,14.0,29.0,14.0,94.60448455810547,-8.23974609375,10.192870140075684,-0.9945068359375,0.3836669921875,0.3521728515625
7.179,473,3147,2167,3147,14.0,29.0,14.0,80.56639862060547,14.343260765075684,8.6669921875,-1.359375,1.2484130859375,0.3431396484375
7.183,467,3147,1951,3147,15.0,29.0,13.0,7.995604991912842,41.076656341552734,6.164550304412842,-1.9598388671875,1.1046142578125,0.28857421875
7.199,456,3147,1806,3147,15.0,29.0,13.0,-43.029781341552734,49.499507904052734,7.873534679412842,-2.2803955078125,0.517822265625,0.277099609375
7.206,431,3147,1543,2981,15.0,29.0,13.0,-31.127927780151367,36.92626953125,15.747069358825684,-2.15771484375,0.2000732421875,0.3275146484375
7.215,418,3147,1226,2721,15.0,29.0,13.0,20.751951217651367,19.1650390625,24.475095748901367,-1.6805419921875,0.308349609375,0.3779296875
7.225,398,3147,1107,2340,15.0,29.0,13.0,61.828609466552734,9.765625,23.559568405151367,-1.1214599609375,0.458251953125,0.3643798828125
7.240,361,3147,834,1608,15.0,29.0,13.0,67.44384765625,13.061522483825684,11.962889671325684,-0.7103271484375,0.5361328125,0.2855224609375
7.243,345,3147,548,1107,15.0,29.0,13.0,49.133296966552734,25.756834030151367,-1.8310545682907104,-0.511962890625,0.5147705078125,0.108642578125
7.251,330,3147,464,765,15.0,29.0,13.0,24.169919967651367,40.0390625,-11.901854515075684,-0.4619140625,0.32763671875,-0.1077880859375
7.268,317,3022,419,336,15.0,29.0,13.0,2.929687261581421,48.461910247802734,-17.76123046875,-0.446044921875,0.0135498046875,-0.2813720703125
7.281,315,2391,357,332,15.0,29.0,13.0,-5.432128429412842,48.400875091552734,-18.9208984375,-0.426513671875,-0.238525390625,-0.3868408203125
7.284,313,1922,323,324,13.0,30.0,12.0,3.784179449081421,43.395992279052734,-13.793944358825684,-0.3673095703125,-0.2188720703125,-0.3623046875
7.305,313,1572,328,328,13.0,30.0,12.0,19.287109375,36.376953125,-6.042479991912842,-0.2559814453125,-0.0765380859375,-0.20947265625
7.307,310,976,344,328,13.0,30.0,12.0,27.648923873901367,30.517576217651367,-3.479003667831421,-0.2545166015625,0.0838623046875,-0.0479736328125
7.312,310,827,317,318,13.0,30.0,12.0,26.306150436401367,28.503416061401367,-6.896972179412842,-0.39111328125,0.246826171875,0.07177734375
7.326,308,739,316,316,13.0,30.0,12.0,18.73779296875,28.015134811401367,-10.437010765075684,-0.4896240234375,0.39599609375,0.212646484375
7.334,308,725,318,318,13.0,30.0,12.0,11.657713890075684,25.451658248901367,-10.375975608825684,-0.4931640625,0.534912109375,0.304443359375
7.389,310,778,318,318,13.0,30.0,12.0,8.85009765625,21.606443405151367,-9.46044921875,-0.51123046875,0.537109375,0.2830810546875
7.390,308,713,318,323,13.0,30.0,12.0,9.3994140625,16.05224609375,-10.070799827575684,-0.5537109375,0.4171142578125,0.245849609375
7.391,310,846,323,323,13.0,30.0,12.0,8.1787109375,5.859374523162842,-10.986327171325684,-0.5318603515625,0.293212890625,0.193603515625
7.391,306,902,336,327,13.0,30.0,12.0,-0.4272460639476776,-4.45556640625,-12.512206077575684,-0.4866943359375,0.2169189453125,0.093017578125
7.391,308,1646,356,328,16.0,30.0,13.0,-14.709471702575684,-8.85009765625,-15.136717796325684,-0.5338134765625,0.1500244140625,-0.0003662109375
7.393,310,1837,426,324,16.0,30.0,13.0,-24.536130905151367,-9.09423828125,-16.2353515625,-0.6812744140625,0.1031494140625,-0.0517578125
7.412,308,2030,445,332,16.0,30.0,13.0,-22.827146530151367,-9.765625,-12.390135765075684,-0.7999267578125,0.133056640625,-0.0677490234375
7.416,316,2467,512,338,16.0,30.0,13.0,-13.488768577575684,-12.390135765075684,-4.57763671875,-0.8231201171875,0.2078857421875,-0.0477294921875
7.423,318,2820,439,336,16.0,30.0,13.0,-5.737304210662842,-16.41845703125,2.38037109375,-0.837646484375,0.23828125,0.0
7.432,319,2981,493,346,16.0,30.0,13.0,-5.737304210662842,-16.41845703125,2.38037109375,-0.9156494140625,0.2017822265625,0.008544921875
7.445,323,3147,574,348,16.0,30.0,13.0,-9.09423828125,-21.484373092651367,6.896972179412842,-0.9888916015625,0.14453125,-0.0338134765625
7.473,324,3147,619,374,16.0,30.0,13.0,-16.41845703125,-20.446775436401367,7.019042491912842,-0.990234375,0.111572265625,-0.07470703125
7.474,328,3147,653,589,16.0,30.0,13.0,-16.41845703125,-20.446775436401367,7.019042491912842,-0.9652099609375,0.1302490234375,-0.0963134765625
7.476,332,3147,682,794,15.0,29.0,8.0,-16.4794921875,-18.61572265625,11.962889671325684,-0.960693359375,0.163330078125,-0.0772705078125
7.485,334,3147,713,1054,15.0,29.0,8.0,-12.207030296325684,-20.568845748901367,20.141599655151367,-0.9700927734375,0.1539306640625,-0.011474609375
7.495,338,3147,711,1182,15.0,29.0,8.0,-10.925292015075684,-24.841306686401367,32.71484375,-0.945068359375,0.0731201171875,0.0892333984375
7.510,343,3147,654,1415,15.0,29.0,8.0,-10.925292015075684,-24.841306686401367,32.71484375,-0.8287353515625,-0.087158203125,0.1904296875
7.514,346,3147,816,1787,15.0,29.0,8.0,-3.234863042831421,-40.527339935302734,59.020992279052734,-0.5899658203125,-0.278076171875,0.2388916015625
7.524,359,3147,890,2114,15.0,29.0,8.0,-3.234863042831421,-40.527339935302734,59.020992279052734,-0.216796875,-0.3348388671875,0.2183837890625
7.530,375,3147,1115,2296,15.0,29.0,8.0,15.747069358825684,-49.194332122802734,59.448238372802734,-0.216796875,-0.3348388671875,0.2183837890625
7.544,415,3147,1478,2668,15.0,29.0,8.0,54.443355560302734,-57.434078216552734,23.681638717651367,0.418701171875,0.33349609375,0.1304931640625
7.553,433,3147,1691,2936,15.0,29.0,8.0,54.443355560302734,-57.434078216552734,23.681638717651367,0.357666015625,1.021728515625,0.2039794921875
7.577,454,3147,1922,3080,15.0,29.0,8.0,55.541988372802734,-55.419918060302734,-12.634276390075684,0.357666015625,1.021728515625,0.2039794921875
7.578,470,3147,2458,3147,14.0,30.0,10.0,-20.507810592651367,-35.94970703125,-79.65087890625,-0.5677490234375,1.9820556640625,0.504638671875
7.582,495,3147,2840,3147,14.0,30.0,10.0,-20.507810592651367,-35.94970703125,-79.65087890625,-1.47607421875,1.384521484375,0.3905029296875
7.590,514,3147,3147,3147,14.0,30.0,10.0,-71.1669921875,-26.000974655151367,-81.23778533935547,-1.47607421875,1.384521484375,0.3905029296875
7.612,521,3147,3064,3147,14.0,30.0,10.0,-106.26219940185547,-15.258788108825684,-56.884761810302734,-3.780517578125,-0.4931640625,-0.04833984375
7.614,523,3147,3017,3147,14.0,30.0,10.0,-106.26219940185547,-15.258788108825684,-56.884761810302734,-3.2490234375,-1.2884521484375,-0.150390625
7.637,519,3147,2981,3147,14.0,30.0,10.0,-75.37841796875,-22.094724655151367,-19.59228515625,-3.2490234375,-1.2884521484375,-0.150390625
7.637,513,3147,2760,3147,14.0,30.0,10.0,97.16796112060547,-24.902341842651367,32.2265625,-0.656005859375,-0.07470703125,0.4659423828125
7.643,513,3147,2723,3147,14.0,30.0,10.0,97.16796112060547,-24.902341842651367,32.2265625,-0.823486328125,1.5628662109375,0.4315185546875
7.651,509,3147,2643,3147,14.0,30.0,10.0,110.53466033935547,1.0986328125,28.808591842651367,-0.823486328125,1.5628662109375,0.4315185546875
7.675,508,3147,2449,3147,14.0,30.0,10.0,-61.157222747802734,61.035152435302734,-14.587401390075684,-1.9532470703125,0.923828125,0.1058349609375
7.688,505,3147,2330,3147,17.0,30.0,10.0,-61.157222747802734,61.035152435302734,-14.587401390075684,-2.19873046875,0.1895751953125,0.1636962890625
7.689,497,3147,2212,3147,17.0,30.0,10.0,-79.833984375,52.917476654052734,-22.399900436401367,-2.19873046875,0.1895751953125,0.1636962890625
7.695,479,3147,1806,3147,17.0,30.0,10.0,16.11328125,14.648436546325684,4.39453125,-1.6903076171875,0.1490478515625,0.3853759765625
7.715,473,3147,1588,3084,17.0,30.0,10.0,16.11328125,14.648436546325684,4.39453125,-1.3424072265625,0.121337890625,0.3681640625
7.716,442,3147,1328,2723,17.0,30.0,10.0,35.64453125,9.33837890625,19.287109375,-1.3424072265625,0.121337890625,0.3681640625
7.731,402,3147,922,2024,17.0,30.0,10.0,26.733396530151367,21.362302780151367,46.508785247802734,-0.6513671875,0.1748046875,0.234130859375
7.735,376,3147,738,1575,17.0,30.0,10.0,26.733396530151367,21.362302780151367,46.508785247802734,-0.4205322265625,0.1868896484375,0.0926513671875
7.741,356,3147,601,986,17.0,30.0,10.0,22.277830123901367,31.249998092651367,49.682613372802734,-0.4205322265625,0.1868896484375,0.0926513671875
7.755,332,3147,465,348,17.0,30.0,10.0,6.225585460662842,50.109859466552734,9.94873046875,-0.3128662109375,-0.0218505859375,-0.1949462890625
7.763,323,2938,414,344,17.0,30.0,10.0,6.225585460662842,50.109859466552734,9.94873046875,-0.4552001953125,0.000244140625,-0.2762451171875
7.783,321,2525,484,342,15.0,31.0,9.0,-5.615233898162842,52.307125091552734,-17.822265625,-0.4552001953125,0.000244140625,-0.2762451171875
7.785,316,1852,406,336,15.0,31.0,9.0,-11.718749046325684,41.015621185302734,-27.526853561401367,-0.524658203125,0.2098388671875,-0.1695556640625
7.797,318,1629,398,332,15.0,31.0,9.0,-11.718749046325684,41.015621185302734,-27.526853561401367,-0.4993896484375,0.25537109375,-0.121826171875
7.802,314,1129,376,330,15.0,31.0,9.0,-5.859374523162842,32.16552734375,-20.080564498901367,-0.4993896484375,0.25537109375,-0.121826171875
7.824,314,858,360,328,15.0,31.0,9.0,7.507323741912842,23.315427780151367,-7.080077648162842,-0.567138671875,0.27099609375,0.0458984375
7.826,313,731,321,318,15.0,31.0,9.0,7.507323741912842,23.315427780151367,-7.080077648162842,-0.5567626953125,0.45361328125,0.19970703125
7.831,310,607,401,327,15.0,31.0,9.0,18.24951171875,19.95849609375,-0.2441406100988388,-0.5567626953125,0.45361328125,0.19970703125
7.846,310,678,404,327,15.0,31.0,9.0,19.10400390625,8.7890625,3.234863042831421,-0.4957275390625,0.4864501953125,0.3409423828125
7.857,310,730,426,324,15.0,31.0,9.0,19.10400390625,8.7890625,3.234863042831421,-0.547607421875,0.334228515625,0.2786865234375
7.861,313,996,430,332,15.0,31.0,9.0,11.779784202575684,3.356933355331421,-4.5166015625,-0.547607421875,0.334228515625,0.2786865234375
7.883,316,1357,374,330,14.0,30.0,9.0,6.286620616912842,-1.6479490995407104,-12.817381858825684,-0.7152099609375,0.177734375,0.0301513671875
7.885,315,1531,364,328,14.0,30.0,9.0,-1.8920897245407104,-4.8828125,-16.6015625,-0.7152099609375,0.177734375,0.0301513671875
7.891,315,1757,401,328,14.0,30.0,9.0,-11.962889671325684,-5.371093273162842,-14.709471702575684,-0.768310546875,0.109375,-0.04248046875
7.925,315,2273,421,336,14.0,30.0,9.0,-15.502928733825684,-5.554198741912842,-7.934569835662842,-0.777099609375,0.0738525390625,-0.0655517578125
7.925,316,2440,446,330,14.0,30.0,9.0,-9.8876953125,-8.23974609375,1.6479490995407104,-0.777099609375,0.0738525390625,-0.0655517578125
7.926,315,2448,426,338,14.0,30.0,9.0,-0.6713866591453552,-13.122557640075684,11.108397483825684,-0.7626953125,0.11376953125,-0.042724609375
7.936,318,2902,493,345,14.0,30.0,9.0,5.737304210662842,-17.822265625,18.49365234375,-0.7867431640625,0.140380859375,-0.0277099609375
7.944,318,3110,513,346,14.0,30.0,9.0,7.019042491912842,-20.935056686401367,24.169919967651367,-0.7867431640625,0.140380859375,-0.0277099609375
7.952,323,3147,525,582,14.0,30.0,9.0,4.33349609375,-23.010251998901367,29.663084030151367,-0.8162841796875,0.117431640625,-0.0196533203125
7.966,330,3147,721,907,11.0,30.0,7.0,-0.7324218153953552,-25.024412155151367,35.21728515625,-0.6177978515625,0.011962890625,-0.1146240234375
7.987,338,3147,695,1201,11.0,30.0,7.0,-0.7324218153953552,-27.770994186401367,38.63525390625,-0.6177978515625,0.011962890625,-0.1146240234375
7.987,349,3147,710,1429,11.0,30.0,7.0,8.60595703125,-32.53173828125,37.04833984375,-0.435302734375,0.0313720703125,-0.142578125
7.995,376,3147,1143,1838,11.0,30.0,7.0,19.4091796875,-39.12353515625,29.663084030151367,0.028564453125,0.222900390625,0.01123046875
8.004,410,3147,1263,2024,11.0,30.0,7.0,25.451658248901367,-44.250484466552734,16.29638671875,0.028564453125,0.222900390625,0.01123046875
8.039,426,3147,1488,2281,11.0,30.0,7.0,24.108884811401367,-45.837398529052734,-4.08935546875,0.0263671875,0.441162109375,0.1436767578125
8.040,447,3147,1819,2810,11.0,30.0,7.0,11.291502952575684,-44.372554779052734,-28.808591842651367,-0.6981201171875,0.7998046875,0.4967041015625
8.042,466,3147,2024,2990,11.0,30.0,7.0,-9.765625,-42.724605560302734,-46.386714935302734,-0.6981201171875,0.7998046875,0.4967041015625
8.042,491,3147,2280,3064,11.0,30.0,7.0,-24.902341842651367,-45.715328216552734,-42.907711029052734,-0.972412109375,0.926513671875,0.8721923828125
8.051,495,3147,2527,3147,11.0,30.0,7.0,-22.888181686401367,-51.879878997802734,-23.986814498901367,-1.0809326171875,0.80859375,1.22509765625
8.064,509,3147,2840,3147,15.0,29.0,14.0,-11.596678733825684,-51.025386810302734,-12.573241233825684,-1.571044921875,0.417236328125,1.0299072265625
8.090,513,3147,2948,3147,15.0,29.0,14.0,-14.587401390075684,-30.395505905151367,-18.5546875,-2.44677734375,0.0841064453125,0.2530517578125
8.090,512,3147,2871,3147,15.0,29.0,14.0,-29.724119186401367,1.2817381620407104,-21.850584030151367,-3.1513671875,0.0421142578125,-0.43359375
8.094,507,3147,2652,3147,15.0,29.0,14.0,-27.099607467651367,20.568845748901367,-3.906249761581421,-3.053466796875,-0.02294921875,-0.76220703125
8.103,509,3147,2622,3147,15.0,29.0,14.0,-1.15966796875,20.202634811401367,16.4794921875,-2.0291748046875,-0.1881103515625,-0.5291748046875
8.111,508,3147,2622,3147,15.0,29.0,14.0,30.273435592651367,10.070799827575684,13.488768577575684,-1.1341552734375,0.1944580078125,0.132080078125
8.140,507,3147,2573,3147,15.0,29.0,14.0,40.527339935302734,9.033203125,-4.8828125,-1.1895751953125,1.0479736328125,0.484375
8.145,502,3147,2489,3147,15.0,29.0,14.0,7.263183116912842,22.216794967651367,-18.12744140625,-1.7303466796875,1.2998046875,0.4429931640625
8.147,500,3147,2364,3147,15.0,29.0,14.0,-43.151851654052734,34.24072265625,-19.775390625,-2.09765625,0.7406005859375,0.340087890625
8.154,496,3147,2007,3147,15.0,29.0,14.0,-53.161617279052734,33.0810546875,-9.8876953125,-2.0672607421875,0.135986328125,0.322021484375
8.162,487,3147,1837,3008,18.0,30.0,12.0,-11.657713890075684,23.376462936401367,6.530761241912842,-1.7919921875,0.0289306640625,0.333984375
8.171,479,3147,1616,2677,18.0,30.0,12.0,36.19384765625,16.9677734375,20.01953125,-1.4498291015625,0.2149658203125,0.283935546875
8.193,439,3147,1051,1927,18.0,30.0,12.0,51.330562591552734,18.00537109375,26.550291061401367,-1.110595703125,0.3489990234375,0.224365234375
8.194,411,3147,848,1463,18.0,30.0,12.0,38.57421875,23.254392623901367,29.235837936401367,-0.8179931640625,0.334228515625,0.1453857421875
8.200,378,3147,605,978,18.0,30.0,12.0,20.690916061401367,30.090330123901367,27.526853561401367,-0.59716796875,0.1925048828125,0.013916015625
8.222,348,3147,454,362,18.0,30.0,12.0,8.97216796875,37.109375,16.9677734375,-0.4227294921875,-0.04345703125,-0.11669921875
8.228,330,2749,389,344,18.0,30.0,12.0,3.662109136581421,41.503902435302734,-1.4648436307907104,-0.330322265625,-0.239013671875,-0.2220458984375
8.230,321,2333,401,336,18.0,30.0,12.0,6.164550304412842,42.053218841552734,-17.63916015625,-0.3466796875,-0.145751953125,-0.262451171875
8.250,315,1855,413,330,18.0,30.0,12.0,14.282225608825684,39.48974609375,-22.888181686401367,-0.32958984375,0.121337890625,-0.1680908203125
8.253,315,1409,423,334,18.0,30.0,12.0,17.88330078125,34.3017578125,-21.728513717651367,-0.286865234375,0.30615234375,-0.042236328125
8.260,315,949,423,336,14.0,30.0,7.0,10.253905296325684,29.968259811401367,-21.545408248901367,-0.3817138671875,0.3616943359375,-0.021484375
8.274,313,697,362,324,14.0,30.0,7.0,-4.2724609375,28.686521530151367,-21.301267623901367,-0.5347900390625,0.3009033203125,-0.0279541015625
8.287,312,707,323,323,14.0,30.0,7.0,-12.573241233825684,26.733396530151367,-16.41845703125,-0.6177978515625,0.2847900390625,0.0472412109375
8.294,310,667,398,328,14.0,30.0,7.0,-6.713866710662842,21.240232467651367,-6.591796398162842,-0.6240234375,0.368896484375,0.154541015625
8.307,308,509,330,323,14.0,30.0,7.0,4.2724609375,14.587401390075684,2.197265625,-0.5909423828125,0.3795166015625,0.1849365234375
8.312,310,506,361,327,14.0,30.0,7.0,12.817381858825684,10.620116233825684,4.5166015625,-0.5875244140625,0.310302734375,0.181396484375
8.329,308,490,373,328,14.0,30.0,7.0,18.4326171875,6.347655773162842,1.6479490995407104,-0.609619140625,0.2747802734375,0.2080078125
8.335,313,799,420,324,14.0,30.0,7.0,15.808104515075684,-1.03759765625,-2.746581792831421,-0.59912109375,0.274169921875,0.1962890625
8.346,315,1003,356,330,14.0,30.0,7.0,3.662109136581421,-6.713866710662842,-7.080077648162842,-0.5853271484375,0.260498046875,0.1273193359375
8.350,314,1312,371,332,14.0,30.0,7.0,-10.253905296325684,-7.934569835662842,-9.82666015625,-0.6378173828125,0.2039794921875,0.0433349609375
8.365,315,1662,378,327,15.0,32.0,11.0,-16.90673828125,-7.568358898162842,-8.48388671875,-0.7374267578125,0.130615234375,-0.0306396484375
8.373,316,2001,361,338,15.0,32.0,11.0,-14.465331077575684,-8.48388671875,-2.3193359375,-0.804443359375,0.0943603515625,-0.07177734375
8.395,321,2166,363,338,15.0,32.0,11.0,-7.568358898162842,-11.230467796325684,6.286620616912842,-0.8240966796875,0.0958251953125,-0.0633544921875
8.395,321,2477,513,345,15.0,32.0,11.0,-0.7934569716453552,-15.075682640075684,14.343260765075684,-0.8436279296875,0.1063232421875,-0.04345703125
8.403,327,2785,543,348,15.0,32.0,11.0,3.417968511581421,-18.24951171875,20.141599655151367,-0.891845703125,0.1427001953125,-0.060546875
8.410,327,2863,629,349,15.0,32.0,11.0,3.112792730331421,-19.22607421875,24.169919967651367,-0.942626953125,0.1903076171875,-0.09033203125
8.430,332,3147,669,378,15.0,32.0,11.0,-2.746581792831421,-18.61572265625,27.893064498901367,-0.9349365234375,0.19140625,-0.0826416015625
8.434,337,3147,683,617,15.0,32.0,11.0,-9.94873046875,-17.02880859375,32.77587890625,-0.84814453125,0.14208984375,-0.0499267578125
8.441,347,3147,754,932,15.0,32.0,11.0,-9.94873046875,-17.02880859375,32.77587890625,-0.7147216796875,0.06103515625,-0.0130615234375
8.454,363,3147,1011,1331,13.0,28.0,13.0,-3.173827886581421,-19.287109375,42.663570404052734,-0.558837890625,-0.0169677734375,0.0391845703125
8.463,373,3147,1103,1666,13.0,28.0,13.0,12.817381858825684,-27.343748092651367,40.588375091552734,-0.324462890625,-0.0478515625,0.093017578125
8.473,400,3147,1306,2001,13.0,28.0,13.0,12.817381858825684,-27.343748092651367,40.588375091552734,0.01513671875,0.006591796875,0.129150390625
8.498,426,3147,1518,2468,13.0,28.0,13.0,31.616209030151367,-42.724605560302734,13.793944358825684,0.3233642578125,0.1375732421875,0.13623046875
8.498,439,3147,1676,2953,13.0,28.0,13.0,22.460935592651367,-43.395992279052734,-10.131834983825684,0.3970947265625,0.364013671875,0.159423828125
8.501,456,3147,1918,3147,13.0,28.0,13.0,22.460935592651367,-43.395992279052734,-10.131834983825684,-0.034423828125,0.8350830078125,0.2994384765625
8.514,470,3147,2240,3147,13.0,28.0,13.0,-14.221190452575684,-37.7197265625,-41.076656341552734,-0.7039794921875,1.46875,0.5567626953125
8.532,487,3147,2460,3147,13.0,28.0,13.0,-31.921384811401367,-39.55078125,-33.5693359375,-1.1431884765625,1.6123046875,0.8909912109375
8.535,513,3147,2833,3147,13.0,28.0,13.0,-31.921384811401367,-39.55078125,-33.5693359375,-1.8363037109375,0.95849609375,0.8875732421875
8.547,521,3147,3023,3147,13.0,28.0,13.0,-65.00244140625,-26.855466842651367,-36.68212890625,-2.9598388671875,0.126220703125,0.4049072265625
8.560,513,3147,2757,3147,16.0,29.0,9.0,-73.42529296875,-2.685546636581421,-32.5927734375,-3.763427734375,-0.438232421875,-0.1619873046875
8.561,504,3147,2601,3147,16.0,29.0,9.0,-73.42529296875,-2.685546636581421,-32.5927734375,-3.169189453125,-0.964599609375,-0.498779296875
8.576,499,3147,2361,3147,16.0,29.0,9.0,13.427733421325684,17.9443359375,31.005857467651367,-1.7330322265625,-0.9423828125,-0.31591796875
8.604,497,3147,2299,3147,16.0,29.0,9.0,73.91357421875,15.075682640075684,42.785640716552734,-1.19580078125,0.18017578125,0.01318359375
8.604,497,3147,2233,3147,16.0,29.0,9.0,73.91357421875,15.075682640075684,42.785640716552734,-1.560791015625,1.23046875,0.0889892578125
8.605,466,3147,2039,3147,16.0,29.0,9.0,24.841306686401367,31.005857467651367,29.479978561401367,-1.9893798828125,1.289794921875,0.1273193359375
8.614,487,3147,1931,3147,16.0,29.0,9.0,-19.8974609375,35.15625,27.038572311401367,-2.06689453125,0.826416015625,0.23779296875
8.622,482,3147,1741,3147,16.0,29.0,9.0,-19.8974609375,35.15625,27.038572311401367,-1.791748046875,0.484375,0.365478515625
8.637,465,3147,1434,3147,16.0,29.0,9.0,28.869626998901367,15.869139671325684,44.921871185302734,-1.3662109375,0.459228515625,0.394775390625
8.648,439,3147,1231,3147,16.0,29.0,9.0,61.340328216552734,12.329100608825684,46.752925872802734,-0.996337890625,0.5279541015625,0.291259765625
8.652,411,3147,1029,3147,11.0,32.0,14.0,61.340328216552734,12.329100608825684,46.752925872802734,-0.7344970703125,0.51806640625,0.1842041015625
8.665,361,3147,794,2194,11.0,32.0,14.0,45.959468841552734,21.362302780151367,30.822751998901367,-0.553466796875,0.426025390625,0.089599609375
8.674,348,3147,591,1596,11.0,32.0,14.0,25.939939498901367,29.846189498901367,19.59228515625,-0.443603515625,0.2884521484375,-0.0322265625
8.681,330,3147,479,998,11.0,32.0,14.0,25.939939498901367,29.846189498901367,19.59228515625,-0.38232421875,0.1326904296875,-0.13427734375
8.706,324,3147,419,349,11.0,32.0,14.0,-3.234863042831421,46.630855560302734,-11.108397483825684,-0.3563232421875,-0.0125732421875,-0.1656494140625
8.707,321,2665,386,336,11.0,32.0,14.0,-12.023924827575684,47.424312591552734,-23.193357467651367,-0.3594970703125,-0.0830078125,-0.1375732421875
8.711,318,2172,455,348,11.0,32.0,14.0,-12.023924827575684,47.424312591552734,-23.193357467651367,-0.388427734375,-0.020263671875,-0.062255859375
8.725,316,1747,400,327,11.0,32.0,14.0,-9.70458984375,40.344234466552734,-27.648923873901367,-0.446533203125,0.1431884765625,0.0283203125
8.740,316,1703,369,336,11.0,32.0,14.0,-12.084959983825684,34.3017578125,-25.695798873901367,-0.5196533203125,0.24853515625,0.0340576171875
8.743,298,1739,363,334,11.0,32.0,14.0,-12.084959983825684,34.3017578125,-25.695798873901367,-0.58251953125,0.2344970703125,0.007080078125
8.756,315,1584,391,330,12.0,32.0,12.0,-15.075682640075684,27.587888717651367,-18.61572265625,-0.6453857421875,0.222412109375,0.0267333984375
8.771,315,1521,356,330,12.0,32.0,12.0,-2.990722417831421,21.911619186401367,-12.268065452575684,-0.6746826171875,0.3125,0.0595703125
8.772,308,1494,418,331,12.0,32.0,12.0,-2.990722417831421,21.911619186401367,-12.268065452575684,-0.6746826171875,0.3125,0.0595703125
8.785,313,1755,424,332,12.0,32.0,12.0,7.934569835662842,6.652831554412842,-3.417968511581421,-0.5621337890625,0.4736328125,0.1278076171875
8.793,315,1846,418,332,12.0,32.0,12.0,7.934569835662842,6.652831554412842,-3.417968511581421,-0.5780029296875,0.4364013671875,0.1116943359375
8.812,315,1890,440,332,12.0,32.0,12.0,2.990722417831421,1.3427733182907104,-5.187987804412842,-0.5780029296875,0.4364013671875,0.1116943359375
8.815,315,2141,442,334,12.0,32.0,12.0,-5.0048828125,-4.39453125,-9.6435546875,-0.766357421875,0.270751953125,-0.014892578125
8.823,316,2205,430,343,12.0,32.0,12.0,-5.0048828125,-4.39453125,-9.6435546875,-0.821533203125,0.219970703125,-0.0582275390625
8.841,316,2343,461,336,12.0,32.0,12.0,-6.347655773162842,-5.737304210662842,-8.30078125,-0.821533203125,0.219970703125,-0.0582275390625
8.845,319,2494,456,338,16.0,29.0,5.0,-3.540038824081421,-10.559081077575684,0.4272460639476776,-0.8671875,0.1990966796875,-0.04443359375
8.853,321,2691,473,338,16.0,29.0,5.0,-3.540038824081421,-10.559081077575684,0.4272460639476776,-0.9034423828125,0.1806640625,-0.045654296875
8.863,324,2717,506,346,16.0,29.0,5.0,-1.15966796875,-13.854979515075684,4.8828125,-0.9034423828125,0.1806640625,-0.045654296875
8.880,322,2831,531,346,16.0,29.0,5.0,-0.7934569716453552,-17.822265625,13.000487327575684,-0.91796875,0.1502685546875,-0.0908203125
8.883,324,3129,567,353,16.0,29.0,5.0,-0.7934569716453552,-17.822265625,13.000487327575684,-0.8663330078125,0.17919921875,-0.0999755859375
8.908,328,3147,588,351,16.0,29.0,5.0,-1.220703125,-19.10400390625,15.563963890075684,-0.8663330078125,0.17919921875,-0.0999755859375
8.910,317,3147,658,642,16.0,29.0,5.0,1.220703125,-21.606443405151367,15.136717796325684,-0.803955078125,0.3134765625,-0.1063232421875
8.913,336,3147,653,790,16.0,29.0,5.0,1.220703125,-21.606443405151367,15.136717796325684,-0.771484375,0.3436279296875,-0.070068359375
8.924,342,3147,656,1026,16.0,29.0,5.0,0.54931640625,-23.376462936401367,13.854979515075684,-0.771484375,0.3436279296875,-0.070068359375
8.943,348,3147,938,1331,16.0,29.0,5.0,2.197265625,-31.921384811401367,12.023924827575684,-0.635009765625,0.19873046875,0.0111083984375
8.946,361,3147,1034,1467,11.0,32.0,15.0,2.197265625,-31.921384811401367,12.023924827575684,-0.469482421875,0.0732421875,0.068115234375
8.953,376,3147,1136,1730,11.0,32.0,15.0,6.408690929412842,-37.29248046875,11.901854515075684,-0.469482421875,0.0732421875,0.068115234375
8.965,405,3147,1262,2124,11.0,32.0,15.0,20.690916061401367,-49.072261810302734,8.85009765625,-0.1455078125,-0.025146484375,0.232421875
8.974,424,3147,1518,2417,11.0,32.0,15.0,20.690916061401367,-49.072261810302734,8.85009765625,-0.0406494140625,0.144775390625,0.3001708984375
8.986,442,3147,1704,2721,11.0,32.0,15.0,26.855466842651367,-53.039546966552734,0.6713866591453552,-0.0406494140625,0.144775390625,0.3001708984375
9.008,470,3147,2028,3147,11.0,32.0,15.0,28.442380905151367,-53.405757904052734,-15.930174827575684,-0.242919921875,0.97216796875,0.4058837890625
9.011,481,3147,2225,3147,11.0,32.0,15.0,21.789548873901367,-50.354000091552734,-37.4755859375,-0.242919921875,0.97216796875,0.4058837890625
9.012,495,3147,2557,3147,11.0,32.0,15.0,4.45556640625,-46.508785247802734,-50.292964935302734,-0.5242919921875,1.54150390625,0.5230712890625
9.025,513,3147,3042,3147,11.0,32.0,15.0,-19.71435546875,-45.104976654052734,-50.415035247802734,-1.788818359375,0.8453369140625,0.4776611328125
9.048,526,3147,3127,3147,11.0,32.0,15.0,-45.776363372802734,-42.114253997802734,-50.781246185302734,-1.788818359375,0.8453369140625,0.4776611328125
9.050,527,3147,3147,3147,13.0,27.0,13.0,-71.83837890625,-26.306150436401367,-58.288570404052734,-2.780517578125,0.037841796875,-0.045654296875
9.057,523,3147,3028,3147,13.0,27.0,13.0,-82.76366424560547,-5.0048828125,-59.204097747802734,-2.9637451171875,-0.5164794921875,-0.3768310546875
9.063,519,3147,2904,3147,13.0,27.0,13.0,-58.959957122802734,3.356933355331421,-42.114253997802734,-2.9637451171875,-0.5164794921875,-0.3768310546875
9.071,518,3147,2891,3147,13.0,27.0,13.0,-11.779784202575684,1.8310545682907104,-23.010251998901367,-1.9471435546875,-0.4002685546875,-0.17578125
9.092,516,3147,2864,3147,13.0,27.0,13.0,24.047849655151367,4.33349609375,-21.179197311401367,-1.110595703125,0.790771484375,0.459228515625
9.094,514,3147,2797,3147,13.0,27.0,13.0,18.4326171875,19.22607421875,-27.648923873901367,-1.110595703125,0.790771484375,0.459228515625
9.114,513,3147,2668,3147,13.0,27.0,13.0,-25.573728561401367,39.48974609375,-22.094724655151367,-1.803466796875,0.780517578125,0.391845703125
9.115,508,3147,2244,3147,13.0,27.0,13.0,-61.096187591552734,47.790523529052734,-0.3662109076976776,-2.3082275390625,-0.1710205078125,0.3321533203125
9.126,499,3147,2003,3147,13.0,27.0,13.0,-48.095699310302734,37.2314453125,30.151365280151367,-2.3082275390625,-0.1710205078125,0.3321533203125
9.132,487,3147,1757,3139,13.0,27.0,13.0,2.563476324081421,18.61572265625,59.936519622802734,-1.9383544921875,-0.1240234375,0.378173828125
9.157,456,3147,1191,2798,12.0,28.0,12.0,51.757808685302734,7.568358898162842,77.81982421875,-0.9659423828125,0.595703125,0.1795654296875
9.168,419,3147,951,2350,12.0,28.0,12.0,73.42529296875,9.09423828125,78.79638671875,-0.9659423828125,0.595703125,0.1795654296875
9.170,371,3147,816,1650,12.0,28.0,12.0,66.95556640625,18.310546875,66.2841796875,-0.5975341796875,0.7008056640625,0.0216064453125
9.175,338,3147,485,501,12.0,28.0,12.0,45.349117279052734,30.517576217651367,44.982906341552734,-0.3299560546875,0.1552734375,-0.1273193359375
9.185,324,2858,388,344,12.0,28.0,12.0,22.277830123901367,42.541500091552734,17.822265625,-0.3299560546875,0.1552734375,-0.1273193359375
9.214,316,2202,423,336,12.0,28.0,12.0,4.39453125,49.865718841552734,-9.58251953125,-0.3056640625,-0.11669921875,-0.1494140625
9.215,315,1705,388,312,12.0,28.0,12.0,-4.8828125,50.048824310302734,-26.733396530151367,-0.280029296875,0.0625,-0.0494384765625
9.215,313,1494,409,330,12.0,28.0,12.0,-4.7607421875,44.799800872802734,-27.160642623901367,-0.280029296875,0.0625,-0.0494384765625
9.223,312,895,426,330,12.0,28.0,12.0,-0.4882812201976776,37.04833984375,-19.10400390625,-0.3240966796875,0.170166015625,0.0126953125
9.235,310,656,413,323,12.0,29.0,7.0,0.7324218153953552,30.822751998901367,-12.878417015075684,-0.4306640625,0.1798095703125,-0.01708984375
9.254,302,634,323,323,12.0,29.0,7.0,0.7934569716453552,27.770994186401367,-7.507323741912842,-0.5076904296875,0.225830078125,-0.0057373046875
9.254,309,619,300,300,12.0,29.0,7.0,7.507323741912842,22.827146530151367,2.197265625,-0.518798828125,0.4022216796875,0.0960693359375
9.289,309,652,322,321,12.0,29.0,7.0,18.98193359375,15.563963890075684,13.061522483825684,-0.48681640625,0.576904296875,0.1533203125
9.290,308,661,323,318,12.0,29.0,7.0,23.254392623901367,10.559081077575684,16.11328125,-0.46923828125,0.5693359375,0.1517333984375
9.323,308,648,324,326,12.0,29.0,7.0,16.29638671875,7.019042491912842,9.94873046875,-0.4898681640625,0.4444580078125,0.1639404296875
9.324,308,757,333,327,12.0,29.0,7.0,5.615233898162842,1.5869139432907104,0.4882812201976776,-0.512451171875,0.361083984375,0.15673828125
9.324,310,1093,373,323,12.0,29.0,7.0,-3.417968511581421,-3.540038824081421,-7.324218273162842,-0.5357666015625,0.350830078125,0.10888671875
9.325,295,1445,346,324,12.0,29.0,7.0,-12.023924827575684,-5.920409679412842,-12.451170921325684,-0.6068115234375,0.329345703125,0.0322265625
9.325,310,1580,316,323,12.0,29.0,7.0,-20.263669967651367,-6.713866710662842,-14.648436546325684,-0.751708984375,0.27490234375,-0.0421142578125
9.334,307,2122,344,327,12.0,28.0,10.0,-24.230955123901367,-8.1787109375,-12.756346702575684,-0.8814697265625,0.20703125,-0.0843505859375
9.356,315,2233,411,336,12.0,28.0,10.0,-20.690916061401367,-11.108397483825684,-7.202147960662842,-0.912353515625,0.1617431640625,-0.0980224609375
9.356,316,2386,465,315,12.0,28.0,10.0,-11.047362327575684,-14.953612327575684,-1.15966796875,-0.9041748046875,0.1798095703125,-0.075927734375
9.365,324,2830,578,338,12.0,28.0,10.0,-2.0751953125,-18.73779296875,2.807616949081421,-0.924072265625,0.216064453125,-0.059814453125
9.374,324,3016,571,346,12.0,28.0,10.0,0.1220703050494194,-21.362302780151367,4.39453125,-0.9317626953125,0.2177734375,-0.0931396484375
9.381,328,3147,627,348,12.0,28.0,10.0,-5.126952648162842,-21.301267623901367,3.845214605331421,-0.886474609375,0.1884765625,-0.121337890625
9.395,328,3147,750,616,12.0,28.0,10.0,-12.695311546325684,-19.4091796875,2.868652105331421,-0.8321533203125,0.1661376953125,-0.107666015625
9.421,332,3147,816,883,12.0,28.0,10.0,-14.892577171325684,-18.06640625,3.967284917831421,-0.796630859375,0.18115234375,-0.0760498046875
9.422,334,3147,778,1067,12.0,28.0,10.0,-10.864256858825684,-19.22607421875,7.690429210662842,-0.77734375,0.22998046875,-0.0133056640625
9.425,359,3147,946,1355,12.0,28.0,10.0,-5.065917491912842,-23.559568405151367,11.840819358825684,-0.763671875,0.2503662109375,0.0865478515625
9.433,369,3147,1189,1689,13.0,32.0,11.0,-0.8544921278953552,-30.822751998901367,14.404295921325684,-0.689208984375,0.1632080078125,0.18798828125
9.442,385,3147,1268,1865,13.0,32.0,11.0,1.15966796875,-38.6962890625,13.366698265075684,-0.4847412109375,-0.01953125,0.2490234375
9.458,417,3147,1366,2386,13.0,32.0,11.0,3.601073980331421,-43.884273529052734,6.347655773162842,-0.143310546875,-0.146728515625,0.2540283203125
9.465,439,3147,1610,2657,13.0,32.0,11.0,9.58251953125,-45.349117279052734,-8.4228515625,0.1871337890625,-0.0595703125,0.2239990234375
9.474,457,3147,1769,2810,13.0,32.0,11.0,17.39501953125,-44.006343841552734,-29.968259811401367,0.2196044921875,0.276611328125,0.222900390625
9.487,481,3147,2127,3111,13.0,32.0,11.0,16.29638671875,-40.893550872802734,-50.292964935302734,-0.168701171875,0.8092041015625,0.3363037109375
9.493,493,3147,2345,3147,13.0,32.0,11.0,-2.807616949081421,-37.90283203125,-58.227535247802734,-0.688720703125,1.2998046875,0.576416015625
9.501,500,3147,2770,3147,13.0,32.0,11.0,-33.26416015625,-36.7431640625,-53.894039154052734,-1.2384033203125,1.2171630859375,0.736083984375
9.530,519,3147,3034,3147,13.0,32.0,11.0,-58.959957122802734,-31.921384811401367,-50.598140716552734,-2.0726318359375,0.5421142578125,0.3953857421875
9.530,525,3147,3087,3147,13.0,32.0,11.0,-69.4580078125,-17.39501953125,-49.865718841552734,-2.89501953125,-0.0245361328125,-0.1741943359375
9.532,513,3147,3011,3147,14.0,30.0,7.0,-52.917476654052734,-6.286620616912842,-35.64453125,-3.3505859375,-0.202392578125,-0.4652099609375
9.540,518,3147,2850,3147,14.0,30.0,7.0,-12.512206077575684,-8.30078125,-7.507323741912842,-2.9312744140625,-0.338623046875,-0.4468994140625
9.559,512,3147,2728,3147,14.0,30.0,7.0,25.634763717651367,-11.901854515075684,9.70458984375,-1.7091064453125,-0.3773193359375,-0.015869140625
9.562,513,3147,2691,3147,14.0,30.0,7.0,43.151851654052734,-4.7607421875,5.371093273162842,-0.984375,0.236572265625,0.4903564453125
9.572,513,3147,2662,3147,14.0,30.0,7.0,43.151851654052734,-4.7607421875,5.371093273162842,-1.21875,0.9981689453125,0.583251953125
9.584,509,3147,2450,3147,14.0,30.0,7.0,-13.854979515075684,37.53662109375,-3.051757574081421,-1.7950439453125,1.001220703125,0.40966796875
9.592,508,3147,2233,3147,14.0,30.0,7.0,-46.081539154052734,44.616695404052734,5.737304210662842,-2.1226806640625,0.4476318359375,0.2783203125
9.600,505,3147,1970,3147,14.0,30.0,7.0,-46.081539154052734,44.616695404052734,5.737304210662842,-2.04443359375,0.039306640625,0.274169921875
9.633,491,3147,1704,3147,14.0,30.0,7.0,4.45556640625,18.1884765625,36.62109375,-1.705322265625,0.05322265625,0.2979736328125
9.633,466,3147,1415,3147,14.0,30.0,7.0,41.320796966552734,9.21630859375,45.959468841552734,-1.299560546875,0.2491455078125,0.246826171875
9.633,464,3147,1182,2833,16.0,32.0,11.0,41.320796966552734,9.21630859375,45.959468841552734,-0.9200439453125,0.444580078125,0.1668701171875
9.644,419,3147,927,2178,16.0,32.0,11.0,52.429195404052734,15.869139671325684,43.273921966552734,-0.6337890625,0.506103515625,0.10693359375
9.663,387,3147,814,1675,16.0,32.0,11.0,36.2548828125,25.573728561401367,34.24072265625,-0.4910888671875,0.3701171875,0.041259765625
9.663,360,3147,707,1261,16.0,32.0,11.0,36.2548828125,25.573728561401367,34.24072265625,-0.4267578125,0.072265625,-0.041259765625
9.675,336,3147,548,521,16.0,32.0,11.0,1.4038084745407104,43.090816497802734,1.4648436307907104,-0.41162109375,-0.2496337890625,-0.1180419921875
9.683,328,2938,473,345,16.0,32.0,11.0,-3.723144292831421,43.273921966552734,-12.512206077575684,-0.4771728515625,-0.2979736328125,-0.19482421875
9.691,324,2599,409,334,16.0,32.0,11.0,-3.723144292831421,43.273921966552734,-12.512206077575684,-0.5316162109375,-0.0728759765625,-0.18310546875
9.720,317,2089,406,338,16.0,32.0,11.0,9.033203125,32.1044921875,-12.329100608825684,-0.456298828125,0.1513671875,-0.08544921875
9.732,318,1860,403,334,16.0,32.0,11.0,15.502928733825684,24.780271530151367,-9.82666015625,-0.380126953125,0.3265380859375,-0.0377197265625
9.732,315,1600,398,328,16.0,32.0,11.0,15.502928733825684,24.780271530151367,-9.82666015625,-0.40380859375,0.421142578125,-0.046630859375
9.735,314,1209,354,324,12.0,31.0,16.0,10.253905296325684,21.057126998901367,-16.05224609375,-0.4881591796875,0.4617919921875,-0.009765625
9.743,315,1185,359,330,12.0,31.0,16.0,7.507323741912842,19.8974609375,-16.2353515625,-0.6004638671875,0.5831298828125,0.0849609375
9.765,313,1100,347,324,12.0,31.0,16.0,7.507323741912842,19.8974609375,-16.2353515625,-0.65625,0.6793212890625,0.1707763671875
9.766,299,1255,365,332,12.0,31.0,16.0,7.263183116912842,8.97216796875,-8.60595703125,-0.6668701171875,0.614501953125,0.2310791015625
9.774,313,1366,363,328,12.0,31.0,16.0,-0.6103515625,3.112792730331421,-11.047362327575684,-0.7088623046875,0.4248046875,0.2327880859375
9.781,315,1464,359,330,12.0,31.0,16.0,-0.6103515625,3.112792730331421,-11.047362327575684,-0.7716064453125,0.242431640625,0.159423828125
9.795,317,1506,382,332,12.0,31.0,16.0,-14.831542015075684,-2.01416015625,-19.04296875,-0.79833984375,0.129150390625,0.0635986328125
9.804,318,1534,378,332,12.0,31.0,16.0,-17.76123046875,-2.25830078125,-16.78466796875,-0.7816162109375,0.064453125,0.0050048828125
9.814,318,1742,409,334,12.0,31.0,16.0,-17.76123046875,-2.25830078125,-16.78466796875,-0.760498046875,0.0277099609375,-0.0118408203125
9.838,319,1936,473,338,14.0,30.0,9.0,-12.023924827575684,-7.751464366912842,-5.0048828125,-0.7694091796875,0.0301513671875,-0.0059814453125
9.838,322,2217,533,338,14.0,30.0,9.0,-4.5166015625,-13.305663108825684,1.2817381620407104,-0.8109130859375,0.0726318359375,-0.0035400390625
9.844,322,2347,594,344,14.0,30.0,9.0,-4.5166015625,-13.305663108825684,1.2817381620407104,-0.85595703125,0.1182861328125,-0.02001953125
9.884,324,2581,656,345,14.0,30.0,9.0,9.27734375,-21.850584030151367,11.413573265075684,-0.86767578125,0.158935546875,-0.0545654296875
9.884,328,2832,702,347,14.0,30.0,9.0,10.864256858825684,-22.888181686401367,15.502928733825684,-0.8505859375,0.212890625,-0.0872802734375
9.884,332,3062,695,347,14.0,30.0,9.0,10.864256858825684,-22.888181686401367,15.502928733825684,-0.851318359375,0.2535400390625,-0.0916748046875
9.885,334,3147,764,567,14.0,30.0,9.0,-2.624511480331421,-21.789548873901367,24.597166061401367,-0.820068359375,0.23291015625,-0.0882568359375
9.893,334,3147,800,788,14.0,30.0,9.0,-13.305663108825684,-22.766111373901367,29.846189498901367,-0.6705322265625,0.15966796875,-0.0894775390625
9.901,346,3147,827,1078,14.0,30.0,9.0,-13.305663108825684,-22.766111373901367,29.846189498901367,-0.459228515625,0.044921875,-0.06396484375
9.952,378,3147,1059,1490,14.0,30.0,9.0,-4.57763671875,-36.07177734375,32.8369140625,-0.2510986328125,-0.1043701171875,-0.0316162109375
9.954,404,3147,1199,1864,8.0,30.0,16.0,-4.57763671875,-36.07177734375,32.8369140625,-0.0125732421875,-0.1893310546875,0.0106201171875
9.954,431,3147,1488,2180,8.0,30.0,16.0,11.779784202575684,-48.461910247802734,29.174802780151367,-0.0125732421875,-0.1893310546875,0.0106201171875
9.954,445,3147,1929,2573,8.0,30.0,16.0,42.297359466552734,-62.927242279052734,-1.15966796875,0.327880859375,0.3472900390625,0.2230224609375
9.954,468,3147,2186,2844,8.0,30.0,16.0,42.297359466552734,-62.927242279052734,-1.15966796875,0.07763671875,0.900634765625,0.4346923828125
9.968,494,3147,2498,2941,8.0,30.0,16.0,38.57421875,-60.241695404052734,-29.418943405151367,0.07763671875,0.900634765625,0.4346923828125
9.975,518,3147,3084,3073,8.0,30.0,16.0,-30.334470748901367,-52.490230560302734,-52.124019622802734,-0.986328125,1.66357421875,0.974853515625
9.983,527,3147,3147,3147,8.0,30.0,16.0,-30.334470748901367,-52.490230560302734,-52.124019622802734,-1.8033447265625,0.965576171875,0.8060302734375
9.998,540,3147,3147,3147,8.0,30.0,16.0,-65.673828125,-49.255367279052734,-41.503902435302734,-1.8033447265625,0.965576171875,0.8060302734375
10.005,540,3147,3147,3147,8.0,30.0,16.0,-78.369140625,-9.09423828125,-30.517576217651367,-3.67919921875,-0.510986328125,-0.2119140625
10.075,537,3147,3104,3147,8.0,30.0,16.0,-78.369140625,-9.09423828125,-30.517576217651367,-3.449462890625,-1.0289306640625,-0.2696533203125
10.078,539,3147,3042,3147,17.0,29.0,14.0,-60.974117279052734,0.1831054538488388,-8.30078125,-3.449462890625,-1.0289306640625,-0.2696533203125
10.078,533,3147,2984,3147,17.0,29.0,14.0,48.889156341552734,0.3662109076976776,28.564451217651367,-0.8663330078125,0.0487060546875,0.252197265625
10.078,536,3147,2946,3147,17.0,29.0,14.0,48.889156341552734,0.3662109076976776,28.564451217651367,-0.8477783203125,1.3385009765625,0.343994140625
10.078,533,3147,2901,3147,17.0,29.0,14.0,68.4814453125,16.11328125,22.277830123901367,-0.8477783203125,1.3385009765625,0.343994140625
10.078,531,3147,2710,3147,17.0,29.0,14.0,-50.659175872802734,48.950191497802734,0.8544921278953552,-1.9940185546875,0.7283935546875,0.2967529296875
10.078,513,3147,2565,3147,17.0,29.0,14.0,-50.659175872802734,48.950191497802734,0.8544921278953552,-2.106689453125,0.1514892578125,0.3658447265625
10.081,524,3147,2418,3147,17.0,29.0,14.0,-60.791011810302734,39.73388671875,6.286620616912842,-2.106689453125,0.1514892578125,0.3658447265625
10.095,518,3147,2190,3147,17.0,29.0,14.0,29.113767623901367,11.596678733825684,38.6962890625,-1.446044921875,0.2669677734375,0.3011474609375
10.104,509,3147,1905,3077,17.0,29.0,14.0,29.113767623901367,11.596678733825684,38.6962890625,-1.151123046875,0.2696533203125,0.205322265625
10.111,495,3147,1603,2918,17.0,29.0,14.0,42.358394622802734,10.986327171325684,47.973628997802734,-1.151123046875,0.2696533203125,0.205322265625
10.136,470,3147,1292,2367,13.0,28.0,10.0,32.958984375,15.686034202575684,56.701656341552734,-0.6810302734375,0.141845703125,0.1097412109375
10.137,454,3147,987,1819,13.0,28.0,10.0,23.132322311401367,21.911619186401367,65.12451171875,-0.6810302734375,0.141845703125,0.1097412109375
10.141,428,3147,859,1464,13.0,28.0,10.0,19.775390625,29.418943405151367,63.232418060302734,-0.517822265625,0.177978515625,0.0072021484375
10.178,364,3147,698,710,13.0,28.0,10.0,18.73779296875,36.80419921875,44.006343841552734,-0.4208984375,0.1561279296875,-0.1556396484375
10.178,346,3140,548,363,13.0,28.0,10.0,16.11328125,41.137691497802734,12.268065452575684,-0.4208984375,0.1561279296875,-0.1556396484375
10.178,336,2652,519,351,13.0,28.0,10.0,11.474608421325684,40.405269622802734,-16.41845703125,-0.4776611328125,0.1824951171875,-0.204345703125
10.186,324,2231,467,338,13.0,28.0,10.0,7.873534679412842,36.2548828125,-29.052732467651367,-0.41064453125,0.4259033203125,-0.02978515625
10.193,318,1943,447,338,13.0,28.0,10.0,7.202147960662842,30.395505905151367,-27.526853561401367,-0.41064453125,0.4259033203125,-0.02978515625
10.201,323,1548,458,334,13.0,28.0,10.0,7.263183116912842,24.169919967651367,-23.925779342651367,-0.374267578125,0.4517822265625,0.03857421875
10.215,315,1369,462,329,11.0,30.0,11.0,3.662109136581421,21.484373092651367,-24.047849655151367,-0.61181640625,0.3076171875,0.02197265625
10.240,315,1123,402,328,11.0,30.0,11.0,-4.8828125,21.606443405151367,-24.902341842651367,-0.61181640625,0.3076171875,0.02197265625
10.241,310,1029,387,329,11.0,30.0,11.0,-8.7890625,20.568845748901367,-22.888181686401367,-0.6993408203125,0.2364501953125,0.114990234375
10.245,315,784,387,331,11.0,30.0,11.0,-3.234863042831421,16.7236328125,-17.7001953125,-0.652099609375,0.3212890625,0.296875
10.253,309,932,393,328,11.0,30.0,11.0,0.9155272841453552,11.657713890075684,-13.366698265075684,-0.652099609375,0.3212890625,0.296875
10.279,316,1029,387,332,11.0,30.0,11.0,-3.356933355331421,7.507323741912842,-12.573241233825684,-0.6173095703125,0.2991943359375,0.3338623046875
10.279,316,1188,404,333,11.0,30.0,11.0,-12.390135765075684,4.69970703125,-13.244627952575684,-0.7373046875,0.160400390625,0.127685546875
10.283,315,1472,442,334,11.0,30.0,11.0,-19.83642578125,3.295898199081421,-11.474608421325684,-0.7373046875,0.160400390625,0.127685546875
10.291,318,1574,464,343,11.0,30.0,11.0,-22.888181686401367,2.868652105331421,-5.859374523162842,-0.802978515625,0.10791015625,-0.0191650390625
10.305,318,1968,470,334,11.0,30.0,11.0,-21.606443405151367,1.8920897245407104,1.8310545682907104,-0.8585205078125,0.0931396484375,-0.0860595703125
10.314,321,2070,504,338,14.0,32.0,9.0,-16.66259765625,-0.9765624403953552,10.131834983825684,-0.8585205078125,0.0931396484375,-0.0860595703125
10.321,323,2135,487,336,14.0,32.0,9.0,-9.58251953125,-5.187987804412842,18.12744140625,-0.8614501953125,0.145263671875,-0.060546875
10.343,322,2341,537,345,14.0,32.0,9.0,-3.540038824081421,-9.033203125,24.353025436401367,-0.857421875,0.260986328125,-0.0328369140625
10.343,323,2427,530,318,14.0,32.0,9.0,-1.15966796875,-11.535643577575684,27.526853561401367,-0.857421875,0.260986328125,-0.0328369140625
10.351,324,2801,590,352,14.0,32.0,9.0,-2.01416015625,-12.695311546325684,27.893064498901367,-0.8477783203125,0.2991943359375,-0.021484375
10.389,330,3147,625,347,14.0,32.0,9.0,-4.150390625,-13.061522483825684,26.184080123901367,-0.8118896484375,0.315185546875,-0.0084228515625
10.390,334,3147,737,362,14.0,32.0,9.0,-5.859374523162842,-13.366698265075684,23.010251998901367,-0.7581787109375,0.3072509765625,0.005126953125
10.390,348,3147,698,658,14.0,32.0,9.0,-7.080077648162842,-14.404295921325684,18.73779296875,-0.6685791015625,0.26318359375,0.0181884765625
10.396,373,3147,829,957,14.0,32.0,9.0,-7.629394054412842,-16.9677734375,14.343260765075684,-0.510498046875,0.1602783203125,0.0247802734375
10.403,385,3147,1022,1388,14.0,32.0,9.0,-3.417968511581421,-22.216794967651367,9.82666015625,-0.343994140625,0.056640625,0.0126953125
10.412,409,3147,1157,1575,11.0,30.0,11.0,9.21630859375,-30.273435592651367,4.638671875,-0.2154541015625,0.0435791015625,-0.011962890625
10.425,440,3147,1580,2137,11.0,30.0,11.0,24.780271530151367,-39.306640625,-3.417968511581421,-0.077392578125,0.10302734375,0.0023193359375
10.444,456,3147,1739,2375,11.0,30.0,11.0,34.11865234375,-45.654293060302734,-17.76123046875,0.082763671875,0.1597900390625,0.0531005859375
10.444,467,3147,1895,2662,11.0,30.0,11.0,33.8134765625,-47.363277435302734,-35.888671875,0.15966796875,0.2593994140625,0.142333984375
10.457,481,3147,2180,3147,11.0,30.0,11.0,25.024412155151367,-45.837398529052734,-47.302242279052734,-0.0926513671875,0.6053466796875,0.3184814453125
10.463,488,3147,2360,3147,11.0,30.0,11.0,6.286620616912842,-42.724605560302734,-40.954586029052734,-0.661865234375,1.2833251953125,0.5511474609375
10.482,498,3147,2695,3147,11.0,30.0,11.0,-26.550291061401367,-39.24560546875,-19.287109375,-1.2149658203125,1.6036376953125,0.8682861328125
10.485,513,3147,2921,3147,11.0,30.0,11.0,-68.90869140625,-35.58349609375,-5.676269054412842,-1.9666748046875,0.890625,0.9427490234375
10.502,513,3147,2916,3147,11.0,30.0,11.0,-101.13524627685547,-21.606443405151367,-15.136717796325684,-2.8966064453125,-0.092529296875,0.4561767578125
10.504,497,3147,2795,3147,11.0,30.0,11.0,-101.50145721435547,2.990722417831421,-25.878904342651367,-3.3427734375,-0.453857421875,-0.08984375
10.510,509,3147,2663,3147,13.0,30.0,10.0,-59.143062591552734,19.04296875,-12.634276390075684,-2.9326171875,-0.350830078125,-0.444580078125
10.524,507,3147,2538,3147,13.0,30.0,10.0,1.6479490995407104,20.385740280151367,10.986327171325684,-1.8094482421875,-0.1837158203125,-0.4444580078125
10.548,506,3147,2494,3147,13.0,30.0,10.0,38.75732421875,16.17431640625,16.78466796875,-1.0384521484375,0.302490234375,-0.03857421875
10.549,501,3147,2430,3147,13.0,30.0,10.0,34.3017578125,17.39501953125,8.7890625,-1.2608642578125,0.9896240234375,0.25830078125
10.554,500,3147,2308,3147,13.0,30.0,10.0,-2.50244140625,25.390623092651367,5.981444835662842,-1.849853515625,1.0877685546875,0.3450927734375
10.563,497,3147,2194,3147,13.0,30.0,10.0,-35.2783203125,30.395505905151367,12.756346702575684,-2.138671875,0.612060546875,0.3924560546875
10.587,496,3147,2035,3147,13.0,30.0,10.0,-31.249998092651367,26.611326217651367,25.207517623901367,-2.025390625,0.215576171875,0.4290771484375
10.587,484,3147,1762,3147,13.0,30.0,10.0,5.126952648162842,18.798828125,37.04833984375,-1.7130126953125,0.26123046875,0.404052734375
10.593,473,3147,1588,3147,13.0,30.0,10.0,42.175289154052734,15.075682640075684,40.10009765625,-1.349365234375,0.532470703125,0.2945556640625
10.600,458,3147,1381,2691,13.0,30.0,10.0,54.748531341552734,17.2119140625,30.761716842651367,-1.0235595703125,0.6812744140625,0.1905517578125
10.614,424,3147,899,1761,13.0,32.0,11.0,46.386714935302734,21.240232467651367,15.075682640075684,-0.7945556640625,0.5570068359375,0.118408203125
10.622,391,3147,759,1149,13.0,32.0,11.0,34.912109375,25.939939498901367,-0.4882812201976776,-0.66357421875,0.2852783203125,0.0250244140625
10.630,354,3147,614,601,13.0,32.0,11.0,28.442380905151367,32.40966796875,-13.366698265075684,-0.5609130859375,0.029541015625,-0.0694580078125
10.651,327,2683,437,338,13.0,32.0,11.0,24.047849655151367,38.75732421875,-23.437498092651367,-0.47998046875,-0.1341552734375,-0.16162109375
10.652,306,2174,437,332,13.0,32.0,11.0,18.37158203125,42.846675872802734,-29.602048873901367,-0.3948974609375,-0.12548828125,-0.201171875
10.662,316,1846,438,329,13.0,32.0,11.0,11.657713890075684,42.541500091552734,-31.127927780151367,-0.267578125,-0.035888671875,-0.1337890625
10.692,310,829,363,319,13.0,32.0,11.0,7.141112804412842,37.353515625,-30.700681686401367,-0.2313232421875,0.075439453125,-0.0645751953125
10.693,308,639,324,321,13.0,32.0,11.0,3.051757574081421,31.494138717651367,-30.029294967651367,-0.34814453125,0.1826171875,-0.074462890625
10.695,307,627,391,323,13.0,32.0,11.0,-4.82177734375,28.503416061401367,-26.916501998901367,-0.494384765625,0.2611083984375,-0.060546875
10.707,306,600,327,318,15.0,29.0,13.0,-10.742186546325684,25.390623092651367,-18.1884765625,-0.5909423828125,0.393310546875,0.0677490234375
10.713,308,598,336,324,15.0,29.0,13.0,-10.009765625,18.1884765625,-6.408690929412842,-0.61083984375,0.4697265625,0.2144775390625
10.726,306,601,338,324,15.0,29.0,13.0,-10.009765625,18.1884765625,-6.408690929412842,-0.597900390625,0.412353515625,0.2645263671875
10.734,307,614,342,324,15.0,29.0,13.0,1.2817381620407104,6.286620616912842,-1.5258787870407104,-0.6158447265625,0.3553466796875,0.238525390625
10.755,308,634,332,323,15.0,29.0,13.0,7.263183116912842,3.417968511581421,-4.69970703125,-0.621337890625,0.367919921875,0.1912841796875
10.756,306,639,334,323,15.0,29.0,13.0,7.263183116912842,3.417968511581421,-4.69970703125,-0.561767578125,0.392822265625,0.1314697265625
10.764,309,660,330,323,15.0,29.0,13.0,-12.939452171325684,-4.08935546875,-11.352538108825684,-0.4884033203125,0.3511962890625,0.0794677734375
10.773,312,744,321,328,15.0,29.0,13.0,-29.968259811401367,-5.371093273162842,-15.991209983825684,-0.463134765625,0.250244140625,0.04833984375
10.788,316,1253,398,342,15.0,29.0,13.0,-29.968259811401367,-5.371093273162842,-15.991209983825684,-0.508056640625,0.14208984375,0.0206298828125
10.796,317,1693,423,332,15.0,29.0,13.0,-27.709959030151367,-9.6435546875,-15.808104515075684,-0.6385498046875,0.072509765625,-0.023193359375
10.802,321,2076,437,346,17.0,28.0,7.0,-14.465331077575684,-13.122557640075684,-9.8876953125,-0.7845458984375,0.0697021484375,-0.086669921875
10.810,323,2284,469,338,17.0,28.0,7.0,-14.465331077575684,-13.122557640075684,-9.8876953125,-0.8463134765625,0.11669921875,-0.1041259765625
10.824,323,2890,572,342,17.0,28.0,7.0,1.7089842557907104,-20.507810592651367,10.864256858825684,-0.8544921875,0.1864013671875,-0.060302734375
10.853,325,3117,617,346,17.0,28.0,7.0,2.746581792831421,-25.390623092651367,19.95849609375,-0.8953857421875,0.220458984375,-0.053955078125
10.854,326,3147,678,424,17.0,28.0,7.0,2.746581792831421,-25.390623092651367,19.95849609375,-0.910888671875,0.1568603515625,-0.110107421875
10.854,332,3147,748,723,17.0,28.0,7.0,-11.413573265075684,-29.052732467651367,27.709959030151367,-0.829345703125,0.053955078125,-0.14208984375
10.862,334,3147,746,1115,17.0,28.0,7.0,-11.413573265075684,-29.052732467651367,27.709959030151367,-0.7318115234375,-0.0015869140625,-0.0787353515625
10.875,353,3147,788,1527,17.0,28.0,7.0,3.356933355331421,-36.2548828125,30.151365280151367,-0.635498046875,-0.018798828125,0.0523681640625
10.889,371,3147,1054,1837,17.0,28.0,7.0,18.310546875,-43.884273529052734,29.235837936401367,-0.4608154296875,-0.048583984375,0.1810302734375
10.891,402,3147,1241,2091,17.0,28.0,7.0,18.310546875,-43.884273529052734,29.235837936401367,-0.1446533203125,-0.052490234375,0.252197265625
10.906,454,3147,1746,2505,14.0,32.0,10.0,23.132322311401367,-51.513668060302734,0.3662109076976776,0.2327880859375,0.070556640625,0.2686767578125
10.914,470,3147,1952,2753,14.0,32.0,10.0,18.310546875,-46.569820404052734,-31.555173873901367,0.374755859375,0.4088134765625,0.2718505859375
10.921,484,3147,2242,2951,14.0,32.0,10.0,18.310546875,-46.569820404052734,-31.555173873901367,0.02734375,1.0543212890625,0.4180908203125
10.935,508,3147,2944,3095,14.0,32.0,10.0,-16.54052734375,-31.982419967651367,-63.964839935302734,-0.711181640625,1.5931396484375,0.709228515625
10.943,519,3147,3104,3147,14.0,32.0,10.0,-53.344722747802734,-30.639646530151367,-50.170894622802734,-1.70703125,1.228759765625,0.7276611328125
10.951,531,3147,3147,3147,14.0,32.0,10.0,-53.344722747802734,-30.639646530151367,-50.170894622802734,-2.7874755859375,0.3377685546875,0.29052734375
10.965,536,3147,3127,3147,14.0,32.0,10.0,-86.36473846435547,-8.056640625,-33.14208984375,-3.6422119140625,-0.125732421875,-0.0858154296875
10.973,531,3147,3024,3147,14.0,32.0,10.0,-58.227535247802734,-3.662109136581421,-8.11767578125,-3.5357666015625,-0.5638427734375,-0.333984375
10.991,527,3147,2976,3147,14.0,32.0,10.0,-58.227535247802734,-3.662109136581421,-8.11767578125,-2.157958984375,-1.0018310546875,-0.2083740234375
10.995,525,3147,2801,3147,14.0,32.0,10.0,57.983394622802734,-6.835937023162842,27.343748092651367,-0.9620361328125,-0.18701171875,0.2960205078125
11.024,522,3147,2746,3147,15.0,28.0,11.0,76.416015625,10.131834983825684,18.73779296875,-0.9130859375,1.1881103515625,0.427490234375
11.025,519,3147,2668,3147,15.0,28.0,11.0,76.416015625,10.131834983825684,18.73779296875,-1.4775390625,1.486083984375,0.3079833984375
11.025,514,3147,2417,3147,15.0,28.0,11.0,-44.067378997802734,53.894039154052734,0.1220703050494194,-1.999267578125,0.83935546875,0.240234375
11.034,512,3147,2235,3147,15.0,28.0,11.0,-60.852046966552734,45.715328216552734,2.746581792831421,-2.1336669921875,0.1671142578125,0.266357421875
11.053,506,3147,2089,3147,15.0,28.0,11.0,-60.852046966552734,45.715328216552734,2.746581792831421,-1.890380859375,0.019775390625,0.3359375
11.065,487,3147,1634,2983,15.0,28.0,11.0,24.108884811401367,13.000487327575684,31.860349655151367,-1.4931640625,0.139892578125,0.3321533203125
11.065,473,3147,1369,2781,15.0,28.0,11.0,24.108884811401367,13.000487327575684,31.860349655151367,-1.1385498046875,0.2537841796875,0.2822265625
11.072,454,3147,1095,2445,15.0,28.0,11.0,45.471187591552734,9.765625,41.931148529052734,-1.1385498046875,0.2537841796875,0.2822265625
11.093,408,3147,842,1634,15.0,28.0,11.0,38.02490234375,19.95849609375,49.316402435302734,-0.6356201171875,0.4080810546875,0.1536865234375
11.095,382,3147,761,1279,15.0,28.0,11.0,38.02490234375,19.95849609375,49.316402435302734,-0.5145263671875,0.2889404296875,0.0181884765625
11.101,356,3147,678,658,14.0,33.0,8.0,24.658201217651367,30.700681686401367,39.9169921875,-0.5145263671875,0.2889404296875,0.0181884765625
11.115,324,2746,473,338,14.0,33.0,8.0,-3.356933355331421,46.081539154052734,1.15966796875,-0.4234619140625,-0.2078857421875,-0.26953125
11.123,323,2514,473,336,14.0,33.0,8.0,-3.356933355331421,46.081539154052734,1.15966796875,-0.43603515625,-0.1578369140625,-0.342529296875
11.131,321,2141,376,332,14.0,33.0,8.0,-4.33349609375,44.677730560302734,-11.962889671325684,-0.43603515625,-0.1578369140625,-0.342529296875
11.162,316,1669,332,328,14.0,33.0,8.0,6.042479991912842,31.494138717651367,-8.544921875,-0.3316650390625,0.2181396484375,-0.1221923828125
11.163,315,1419,336,330,14.0,33.0,8.0,6.042479991912842,31.494138717651367,-8.544921875,-0.3612060546875,0.2760009765625,-0.01904296875
11.163,315,1056,329,321,14.0,33.0,8.0,8.48388671875,26.123044967651367,-5.737304210662842,-0.3612060546875,0.2760009765625,-0.01904296875
11.176,313,811,327,324,14.0,33.0,8.0,6.958007335662842,23.254392623901367,-3.295898199081421,-0.6240234375,0.345947265625,0.1685791015625
11.183,313,759,318,334,14.0,33.0,8.0,6.958007335662842,23.254392623901367,-3.295898199081421,-0.659912109375,0.504150390625,0.2591552734375
11.200,310,844,314,315,14.0,33.0,8.0,13.488768577575684,18.798828125,3.173827886581421,-0.659912109375,0.504150390625,0.2591552734375
11.206,310,814,326,321,12.0,30.0,9.0,15.014647483825684,3.906249761581421,5.432128429412842,-0.6153564453125,0.4862060546875,0.2877197265625
11.220,313,859,328,323,12.0,30.0,9.0,15.014647483825684,3.906249761581421,5.432128429412842,-0.65869140625,0.3878173828125,0.2001953125
11.224,313,1026,336,330,12.0,30.0,9.0,8.9111328125,-1.8920897245407104,-2.44140625,-0.65869140625,0.3878173828125,0.2001953125
11.235,315,1260,338,327,12.0,30.0,9.0,-2.38037109375,-6.896972179412842,-10.314940452575684,-0.730224609375,0.3077392578125,-0.0435791015625
11.243,316,1357,330,331,12.0,30.0,9.0,-2.38037109375,-6.896972179412842,-10.314940452575684,-0.75341796875,0.2440185546875,-0.07080078125
11.256,312,1483,332,324,12.0,30.0,9.0,-8.4228515625,-7.690429210662842,-7.995604991912842,-0.75341796875,0.2440185546875,-0.07080078125
11.265,317,1878,336,327,12.0,30.0,9.0,-9.3994140625,-9.70458984375,-3.295898199081421,-0.7281494140625,0.101318359375,-0.018798828125
11.276,318,2104,388,347,12.0,30.0,9.0,-4.82177734375,-12.878417015075684,1.4648436307907104,-0.7281494140625,0.101318359375,-0.018798828125
11.281,318,2320,447,334,12.0,30.0,9.0,1.15966796875,-16.54052734375,5.249022960662842,-0.743896484375,0.1142578125,0.0078125
11.305,325,2593,549,345,14.0,30.0,10.0,5.0048828125,-19.95849609375,7.812499523162842,-0.7603759765625,0.2193603515625,0.00244140625
11.305,328,2823,605,347,14.0,30.0,10.0,5.0048828125,-22.033689498901367,9.21630859375,-0.7603759765625,0.2193603515625,0.00244140625
11.312,332,3130,661,352,14.0,30.0,10.0,0.9765624403953552,-22.705076217651367,9.033203125,-0.716796875,0.2425537109375,0.0106201171875
11.328,346,3147,705,497,14.0,30.0,10.0,-3.906249761581421,-22.705076217651367,7.446288585662842,-0.590576171875,0.21435546875,-0.0599365234375
11.333,371,3147,894,746,14.0,30.0,10.0,-5.737304210662842,-23.193357467651367,5.981444835662842,-0.590576171875,0.21435546875,-0.0599365234375
11.341,390,3147,1064,913,14.0,30.0,10.0,-3.967284917831421,-25.268552780151367,5.615233898162842,-0.4986572265625,0.187255859375,-0.1109619140625
11.367,414,3147,1390,1428,14.0,30.0,10.0,1.15966796875,-28.930662155151367,6.408690929412842,-0.272216796875,0.1605224609375,-0.03173828125
11.368,410,3147,1552,1686,14.0,30.0,10.0,10.192870140075684,-34.1796875,7.507323741912842,-0.272216796875,0.1605224609375,-0.03173828125
11.371,440,3147,1786,2019,14.0,30.0,10.0,17.02880859375,-40.771480560302734,4.94384765625,-0.161376953125,0.140380859375,0.085693359375
11.385,466,3147,2156,2344,14.0,30.0,10.0,14.892577171325684,-47.058101654052734,-5.615233898162842,-0.025634765625,0.5548095703125,0.375
11.405,479,3147,2514,2633,13.0,32.0,13.0,5.310058116912842,-51.025386810302734,-23.559568405151367,-0.025634765625,0.5548095703125,0.375
11.405,490,3147,2928,2778,13.0,32.0,13.0,-10.986327171325684,-50.292964935302734,-40.10009765625,-0.3140869140625,1.107177734375,0.5208740234375
11.415,509,3147,3147,2928,13.0,32.0,13.0,-39.00146484375,-46.325679779052734,-42.968746185302734,-1.726806640625,0.6494140625,0.575439453125
11.423,519,3147,3147,2959,13.0,32.0,13.0,-71.8994140625,-41.381832122802734,-36.31591796875,-1.726806640625,0.6494140625,0.575439453125
11.437,614,3147,3147,3147,13.0,32.0,13.0,-87.03612518310547,-28.991697311401367,-36.92626953125,-2.5740966796875,-0.2171630859375,0.0618896484375
11.445,519,3147,3147,3147,13.0,32.0,13.0,-71.6552734375,-14.160155296325684,-35.94970703125,-3.435791015625,-0.148681640625,-0.176513671875
11.469,517,3147,3118,3147,13.0,32.0,13.0,-33.87451171875,-13.122557640075684,-10.864256858825684,-3.435791015625,-0.148681640625,-0.176513671875
11.469,512,3147,3045,3147,13.0,32.0,13.0,8.544921875,-18.6767578125,22.155759811401367,-2.4248046875,-0.4141845703125,0.0909423828125
11.475,508,3147,2867,3147,13.0,32.0,13.0,37.41455078125,-10.620116233825684,28.076169967651367,-0.8218994140625,0.92236328125,0.624755859375
11.483,502,3147,2782,3147,13.0,32.0,13.0,34.60693359375,15.686034202575684,13.366698265075684,-0.8218994140625,0.92236328125,0.624755859375
11.502,497,3147,2658,3147,15.0,31.0,7.0,-5.310058116912842,45.959468841552734,2.990722417831421,-1.3592529296875,1.3956298828125,0.36572265625
11.505,487,3147,2453,3147,15.0,31.0,7.0,-49.926753997802734,59.936519622802734,1.4038084745407104,-1.9722900390625,1.039306640625,0.173583984375
11.514,482,3147,2341,3050,15.0,31.0,7.0,-61.279293060302734,51.086421966552734,5.920409679412842,-2.2403564453125,0.4442138671875,0.20751953125
11.522,478,3147,2178,2840,15.0,31.0,7.0,-34.912109375,30.822751998901367,15.197752952575684,-2.0904541015625,0.115966796875,0.30859375
11.540,458,3147,1766,2460,15.0,31.0,7.0,7.080077648162842,14.831542015075684,27.099607467651367,-1.686279296875,0.1141357421875,0.2989501953125
11.544,439,3147,1422,2205,15.0,31.0,7.0,39.85595703125,8.9111328125,37.29248046875,-1.253173828125,0.205810546875,0.2039794921875
11.551,419,3147,1116,1943,15.0,31.0,7.0,54.748531341552734,9.1552734375,44.921871185302734,-0.8472900390625,0.2655029296875,0.1138916015625
11.572,376,3147,853,1178,15.0,31.0,7.0,54.931636810302734,13.244627952575684,47.851558685302734,-0.525146484375,0.25830078125,0.0487060546875
11.573,354,3147,735,763,15.0,31.0,7.0,42.236324310302734,22.460935592651367,40.0390625,-0.3499755859375,0.1705322265625,0.003173828125
11.583,351,3147,601,364,15.0,31.0,7.0,21.423337936401367,35.70556640625,19.04296875,-0.3045654296875,0.0216064453125,-0.065673828125
11.606,319,2384,456,344,14.0,30.0,7.0,2.197265625,46.813961029052734,-7.751464366912842,-0.35009765625,-0.0628662109375,-0.1419677734375
11.608,325,1980,442,338,14.0,30.0,7.0,-8.7890625,49.255367279052734,-27.038572311401367,-0.400146484375,-0.05615234375,-0.176513671875
11.612,322,1798,426,346,14.0,30.0,7.0,-10.620116233825684,43.273921966552734,-31.677244186401367,-0.4344482421875,0.07666015625,-0.1297607421875
11.629,316,1386,351,325,14.0,30.0,7.0,-5.981444835662842,34.5458984375,-23.864744186401367,-0.46533203125,0.2420654296875,-0.0252685546875
11.633,316,1178,332,347,14.0,30.0,7.0,-0.1220703050494194,26.916501998901367,-12.817381858825684,-0.484619140625,0.2491455078125,0.0426025390625
11.647,315,890,336,328,14.0,30.0,7.0,4.94384765625,21.972654342651367,-5.554198741912842,-0.496826171875,0.190673828125,0.0595703125
11.673,313,628,326,317,14.0,30.0,7.0,10.864256858825684,19.4091796875,-2.01416015625,-0.512451171875,0.2281494140625,0.1103515625
11.673,316,698,316,318,14.0,30.0,7.0,18.06640625,15.502928733825684,1.2817381620407104,-0.5255126953125,0.38720703125,0.21728515625
11.674,315,987,323,321,14.0,30.0,7.0,22.888181686401367,9.1552734375,4.33349609375,-0.5223388671875,0.5361328125,0.2933349609375
11.686,315,1133,344,324,16.0,30.0,9.0,19.287109375,3.051757574081421,3.112792730331421,-0.5447998046875,0.571533203125,0.3006591796875
11.693,316,1268,355,330,16.0,30.0,9.0,7.873534679412842,-1.7089842557907104,-2.13623046875,-0.605712890625,0.5008544921875,0.2327880859375
11.711,316,1545,347,330,16.0,30.0,9.0,-4.39453125,-4.8828125,-7.263183116912842,-0.6707763671875,0.3775634765625,0.0894775390625
11.715,316,1894,373,337,16.0,30.0,9.0,-13.671874046325684,-6.225585460662842,-9.58251953125,-0.715087890625,0.2528076171875,-0.0489501953125
11.724,321,2012,371,334,16.0,30.0,9.0,-18.37158203125,-7.141112804412842,-8.60595703125,-0.7352294921875,0.1611328125,-0.0989990234375
11.732,321,2115,434,342,16.0,30.0,9.0,-16.2353515625,-9.765625,-5.0048828125,-0.7491455078125,0.1492919921875,-0.059814453125
11.745,326,2497,527,334,16.0,30.0,9.0,-9.09423828125,-13.854979515075684,0.0,-0.782958984375,0.2001953125,0.008056640625
11.754,328,2638,577,344,16.0,30.0,9.0,-3.540038824081421,-17.578125,5.187987804412842,-0.8277587890625,0.2213134765625,0.0380859375
11.775,328,2996,594,347,16.0,30.0,9.0,-3.295898199081421,-18.61572265625,9.765625,-0.862060546875,0.2003173828125,-0.0054931640625
11.776,334,3147,698,349,16.0,30.0,9.0,-5.0048828125,-17.333984375,13.732909202575684,-0.889404296875,0.1922607421875,-0.0682373046875
11.784,332,3147,698,468,13.0,32.0,12.0,-4.94384765625,-16.845703125,16.6015625,-0.865478515625,0.1893310546875,-0.097900390625
11.791,334,3147,705,698,13.0,32.0,12.0,-2.50244140625,-18.24951171875,16.7236328125,-0.74609375,0.1837158203125,-0.09033203125
11.813,359,3147,890,1017,13.0,32.0,12.0,2.13623046875,-20.568845748901367,13.854979515075684,-0.6064453125,0.148193359375,-0.046630859375
11.816,375,3147,1054,1233,13.0,32.0,12.0,6.835937023162842,-24.536130905151367,10.253905296325684,-0.5054931640625,0.0826416015625,0.0289306640625
11.823,387,3147,1108,1467,13.0,32.0,12.0,10.986327171325684,-30.639646530151367,8.72802734375,-0.376953125,0.0526123046875,0.116943359375
11.835,414,3147,1287,1920,13.0,32.0,12.0,15.441893577575684,-37.9638671875,7.324218273162842,-0.197265625,0.08154296875,0.1953125
11.862,430,3147,1494,2174,13.0,32.0,12.0,18.85986328125,-44.555660247802734,-0.4272460639476776,-0.04736328125,0.1546630859375,0.238037109375
11.863,445,3147,1643,2398,13.0,32.0,12.0,18.6767578125,-48.156734466552734,-15.686034202575684,0.0152587890625,0.24755859375,0.2301025390625
11.890,470,3147,2100,2758,13.0,32.0,12.0,15.624999046325684,-49.133296966552734,-30.639646530151367,-0.1361083984375,0.4461669921875,0.2869873046875
11.891,485,3147,2543,2884,13.0,32.0,12.0,13.610838890075684,-49.072261810302734,-34.3017578125,-0.5814208984375,0.9112548828125,0.50537109375
11.897,498,3147,2890,3073,11.0,29.0,17.0,7.019042491912842,-48.767086029052734,-23.193357467651367,-1.2296142578125,1.1500244140625,0.7071533203125
11.897,513,3147,3080,3147,11.0,29.0,17.0,-12.329100608825684,-43.884273529052734,-11.352538108825684,-2.028076171875,0.622802734375,0.479248046875
11.913,519,3147,3146,3147,11.0,29.0,17.0,-36.4990234375,-26.428220748901367,-9.3994140625,-2.697998046875,0.0228271484375,-0.0311279296875
11.918,513,3147,3147,3147,11.0,29.0,17.0,-44.067378997802734,-6.530761241912842,-1.7700194120407104,-2.9764404296875,-0.066650390625,-0.2225341796875
11.926,513,3147,2997,3147,11.0,29.0,17.0,-23.559568405151367,0.0,22.399900436401367,-2.7899169921875,0.0316162109375,-0.11474609375
11.934,514,3147,2848,3147,11.0,29.0,17.0,8.30078125,-1.0986328125,41.259761810302734,-1.939697265625,0.004638671875,0.16259765625
11.943,513,3147,2813,3147,11.0,29.0,17.0,29.724119186401367,3.112792730331421,29.785154342651367,-1.0225830078125,0.2904052734375,0.498046875
11.955,509,3147,2820,3147,11.0,29.0,17.0,30.029294967651367,18.73779296875,1.0986328125,-0.9139404296875,1.072998046875,0.5428466796875
11.986,509,3147,2781,3147,11.0,29.0,17.0,2.38037109375,38.2080078125,-13.671874046325684,-1.4560546875,1.41455078125,0.31640625
11.986,509,3147,2695,3147,11.0,29.0,17.0,2.38037109375,38.2080078125,-13.671874046325684,-1.9425048828125,0.9464111328125,0.12890625
11.986,501,3147,2448,3143,15.0,30.0,9.0,-44.372554779052734,39.9169921875,1.8310545682907104,-1.998046875,0.306640625,0.125732421875
11.994,499,3147,2293,3032,15.0,30.0,9.0,-23.315427780151367,25.024412155151367,10.620116233825684,-1.7681884765625,0.0198974609375,0.182373046875
12.002,491,3147,2039,2936,15.0,30.0,9.0,-23.315427780151367,25.024412155151367,10.620116233825684,-1.4923095703125,0.0863037109375,0.1905517578125
12.018,479,3147,1550,2565,15.0,30.0,9.0,24.291990280151367,12.207030296325684,28.381345748901367,-1.25341796875,0.3089599609375,0.19775390625
12.024,466,3147,1271,2277,15.0,30.0,9.0,27.038572311401367,16.9677734375,35.94970703125,-1.0048828125,0.4698486328125,0.20361328125
12.033,444,3147,992,1880,15.0,30.0,9.0,27.038572311401367,16.9677734375,35.94970703125,-0.7877197265625,0.443603515625,0.137939453125
12.046,411,3147,815,1105,15.0,30.0,9.0,12.634276390075684,31.799314498901367,31.066892623901367,-0.6575927734375,0.3062744140625,0.026123046875
12.053,383,3147,642,767,15.0,30.0,9.0,5.859374523162842,37.9638671875,16.357421875,-0.570068359375,0.0771484375,-0.0849609375
12.061,348,3147,481,354,15.0,30.0,9.0,5.859374523162842,37.9638671875,16.357421875,-0.5220947265625,-0.1373291015625,-0.178466796875
12.087,329,2407,383,336,15.0,30.0,9.0,6.469726085662842,40.588375091552734,-18.49365234375,-0.4976806640625,-0.18896484375,-0.2340087890625
12.087,323,1951,371,332,16.0,32.0,16.0,13.183592796325684,37.59765625,-25.573728561401367,-0.467041015625,-0.0328369140625,-0.16748046875
12.092,321,1773,411,331,16.0,32.0,16.0,13.183592796325684,37.59765625,-25.573728561401367,-0.4105224609375,0.1771240234375,-0.0286865234375
12.113,316,1206,390,331,16.0,32.0,16.0,18.1884765625,25.634763717651367,-19.4091796875,-0.3988037109375,0.2757568359375,0.037353515625
12.121,315,907,383,330,16.0,32.0,16.0,11.901854515075684,22.705076217651367,-18.5546875,-0.47998046875,0.280517578125,0.03271484375
12.121,313,710,333,302,16.0,32.0,16.0,11.901854515075684,22.705076217651367,-18.5546875,-0.567138671875,0.302001953125,0.0557861328125
12.136,312,646,315,316,16.0,32.0,16.0,4.57763671875,20.996091842651367,-9.33837890625,-0.60546875,0.4683837890625,0.148193359375
12.144,313,698,318,318,16.0,32.0,16.0,10.314940452575684,15.197752952575684,-0.30517578125,-0.597412109375,0.5921630859375,0.21826171875
12.152,308,715,317,318,16.0,32.0,16.0,10.314940452575684,15.197752952575684,-0.30517578125,-0.591552734375,0.5023193359375,0.2257080078125
12.165,313,651,324,327,16.0,32.0,16.0,1.6479490995407104,3.234863042831421,-9.521484375,-0.6038818359375,0.37548828125,0.2047119140625
12.193,311,653,321,324,16.0,32.0,16.0,-2.44140625,-0.9765624403953552,-16.7236328125,-0.5948486328125,0.3470458984375,0.146728515625
12.193,315,814,333,327,13.0,31.0,11.0,-2.44140625,-0.9765624403953552,-16.7236328125,-0.5948486328125,0.3470458984375,0.146728515625
12.198,318,1328,348,336,13.0,31.0,11.0,-8.9111328125,-5.676269054412842,-14.770506858825684,-0.553955078125,0.28955078125,-0.001220703125
12.203,318,1490,323,323,13.0,31.0,11.0,-8.9111328125,-5.676269054412842,-14.770506858825684,-0.5911865234375,0.1865234375,-0.017578125
12.222,315,1877,346,332,13.0,31.0,11.0,-15.136717796325684,-7.141112804412842,-9.6435546875,-0.5911865234375,0.1865234375,-0.017578125
12.225,323,2225,415,348,13.0,31.0,11.0,-12.695311546325684,-12.145995140075684,5.126952648162842,-0.688720703125,0.0574951171875,-0.0125732421875
12.234,324,2440,497,348,13.0,31.0,11.0,-12.695311546325684,-12.145995140075684,5.126952648162842,-0.7449951171875,0.07421875,0.028564453125
12.241,324,2636,473,348,13.0,31.0,11.0,-7.995604991912842,-15.197752952575684,13.183592796325684,-0.7449951171875,0.07421875,0.028564453125
12.255,328,3147,559,359,13.0,31.0,11.0,-1.7700194120407104,-21.606443405151367,31.555173873901367,-0.872802734375,0.1773681640625,-0.004150390625
12.264,332,3147,619,439,13.0,31.0,11.0,-1.7700194120407104,-21.606443405151367,31.555173873901367,-0.8631591796875,0.1805419921875,-0.0321044921875
12.291,332,3147,649,673,13.0,31.0,11.0,-4.2724609375,-22.827146530151367,39.4287109375,-0.8631591796875,0.1805419921875,-0.0321044921875
12.292,336,3147,628,1287,13.0,30.0,5.0,-5.371093273162842,-26.245115280151367,44.250484466552734,-0.5950927734375,0.132568359375,-0.0233154296875
12.294,321,3147,601,1574,13.0,30.0,5.0,-5.371093273162842,-26.245115280151367,44.250484466552734,-0.4156494140625,0.0821533203125,0.0384521484375
12.303,338,3147,728,1931,13.0,30.0,5.0,4.150390625,-33.69140625,39.61181640625,-0.4156494140625,0.0821533203125,0.0384521484375
12.320,382,3147,1112,2461,13.0,30.0,5.0,17.27294921875,-49.987789154052734,12.084959983825684,0.069091796875,0.0587158203125,0.1876220703125
12.325,416,3147,1308,2676,13.0,30.0,5.0,17.27294921875,-49.987789154052734,12.084959983825684,0.182861328125,0.152587890625,0.19677734375
12.332,437,3147,1474,2976,13.0,30.0,5.0,14.587401390075684,-51.208492279052734,-16.29638671875,0.182861328125,0.152587890625,0.19677734375
12.345,455,3147,1830,3147,13.0,30.0,5.0,-15.930174827575684,-37.109375,-66.2841796875,-0.3177490234375,0.8875732421875,0.3704833984375
12.355,472,3147,2113,3147,13.0,30.0,5.0,-15.930174827575684,-37.109375,-66.2841796875,-0.8070068359375,1.592529296875,0.6356201171875
12.361,490,3147,2567,3147,13.0,30.0,5.0,-30.395505905151367,-28.869626998901367,-57.556148529052734,-0.8070068359375,1.592529296875,0.6356201171875
12.379,519,3147,3048,3147,16.0,29.0,12.0,-81.35985565185547,-12.939452171325684,-17.578125,-3.0462646484375,1.1038818359375,0.3868408203125
12.393,513,3147,2803,3147,16.0,29.0,12.0,-81.35985565185547,-12.939452171325684,-17.578125,-3.7718505859375,0.1175537109375,0.1151123046875
12.393,508,3147,2721,3147,16.0,29.0,12.0,-114.99022674560547,-4.2724609375,-0.9765624403953552,-3.7718505859375,0.1175537109375,0.1151123046875
12.405,505,3147,2532,3147,16.0,29.0,12.0,-105.28563690185547,2.929687261581421,21.545408248901367,-1.4490966796875,-1.4283447265625,0.031005859375
12.422,501,3147,2445,3147,16.0,29.0,12.0,-30.456541061401367,8.7890625,25.878904342651367,-1.4490966796875,-1.4283447265625,0.031005859375
12.423,500,3147,2467,3147,16.0,29.0,12.0,62.377925872802734,14.221190452575684,12.145995140075684,-0.9625244140625,0.3956298828125,0.135498046875
12.436,497,3147,2430,3147,16.0,29.0,12.0,81.84813690185547,29.724119186401367,-4.7607421875,-1.6844482421875,1.769287109375,-0.0380859375
12.443,495,3147,2267,3147,16.0,29.0,12.0,9.033203125,46.020503997802734,-21.179197311401367,-1.6844482421875,1.769287109375,-0.0380859375
12.452,491,3147,2001,3147,16.0,29.0,12.0,-64.63623046875,46.020503997802734,-26.733396530151367,-2.012451171875,0.8045654296875,0.1483154296875
12.465,481,3147,1678,3147,16.0,29.0,12.0,-67.0166015625,30.822751998901367,-17.822265625,-1.6558837890625,0.00830078125,0.3990478515625
12.473,468,3147,1487,3147,12.0,30.0,10.0,-18.1884765625,14.099120140075684,-0.7324218153953552,-1.6558837890625,0.00830078125,0.3990478515625
12.499,458,3147,1305,3010,12.0,30.0,10.0,28.869626998901367,4.5166015625,13.183592796325684,-1.2696533203125,0.037109375,0.3841552734375
12.499,423,3147,894,2296,12.0,30.0,10.0,51.269527435302734,2.929687261581421,20.690916061401367,-0.73828125,0.3037109375,0.27880859375
12.506,402,3147,808,1880,12.0,30.0,10.0,53.283687591552734,7.507323741912842,23.742673873901367,-0.73828125,0.3037109375,0.27880859375
12.511,371,3147,673,1391,12.0,30.0,10.0,44.372554779052734,16.4794921875,20.080564498901367,-0.617919921875,0.3267822265625,0.1417236328125
12.530,332,3147,423,858,12.0,30.0,10.0,30.883787155151367,27.404783248901367,8.1787109375,-0.5028076171875,-0.0426025390625,-0.267822265625
12.533,328,3147,378,330,12.0,30.0,10.0,16.90673828125,35.64453125,-8.7890625,-0.5028076171875,-0.0426025390625,-0.267822265625
12.542,318,2823,359,338,12.0,30.0,10.0,8.9111328125,39.1845703125,-22.338865280151367,-0.501953125,-0.1064453125,-0.4117431640625
12.555,315,2220,405,332,12.0,30.0,10.0,9.33837890625,38.330078125,-24.291990280151367,-0.3306884765625,0.0751953125,-0.2242431640625
12.564,316,2008,382,328,12.0,30.0,10.0,13.793944358825684,33.3251953125,-17.333984375,-0.3306884765625,0.0751953125,-0.2242431640625
12.573,310,1747,376,327,11.0,28.0,7.0,18.49365234375,27.160642623901367,-11.413573265075684,-0.27294921875,0.157470703125,-0.0830078125
12.593,313,1476,332,327,11.0,28.0,7.0,20.01953125,22.460935592651367,-8.97216796875,-0.4517822265625,0.324462890625,0.139404296875
12.597,313,1302,316,315,11.0,28.0,7.0,19.1650390625,19.53125,-6.469726085662842,-0.4517822265625,0.324462890625,0.139404296875
12.605,312,1213,316,321,11.0,28.0,7.0,19.71435546875,18.00537109375,-2.01416015625,-0.5606689453125,0.5108642578125,0.2174072265625
12.616,313,1398,317,323,11.0,28.0,7.0,17.02880859375,15.319823265075684,2.624511480331421,-0.6580810546875,0.5440673828125,0.369873046875
12.632,310,1504,321,318,11.0,28.0,7.0,7.629394054412842,10.437010765075684,3.051757574081421,-0.6580810546875,0.5440673828125,0.369873046875
12.632,314,1455,308,306,11.0,28.0,7.0,-1.2817381620407104,4.5166015625,-2.197265625,-0.70166015625,0.40576171875,0.357421875
12.645,314,1634,334,328,11.0,28.0,7.0,-4.39453125,-0.3662109076976776,-9.21630859375,-0.75,0.3125,0.228759765625
12.656,315,1700,327,323,11.0,28.0,7.0,-5.249022960662842,-2.929687261581421,-12.634276390075684,-0.80224609375,0.296875,0.0650634765625
12.663,314,1819,330,328,11.0,28.0,7.0,-7.446288585662842,-4.21142578125,-10.437010765075684,-0.8504638671875,0.2757568359375,-0.0313720703125
12.675,315,2019,336,327,15.0,34.0,10.0,-8.6669921875,-6.286620616912842,-4.5166015625,-0.853271484375,0.189208984375,-0.065673828125
12.698,315,2115,359,331,15.0,34.0,10.0,-5.798339366912842,-8.97216796875,1.8920897245407104,-0.822265625,0.109375,-0.073974609375
12.698,318,2293,334,310,15.0,34.0,10.0,-0.1220703050494194,-11.535643577575684,6.958007335662842,-0.8184814453125,0.1072998046875,-0.0694580078125
12.715,317,2530,343,327,15.0,34.0,10.0,4.0283203125,-13.427733421325684,11.047362327575684,-0.85009765625,0.153076171875,-0.056884765625
12.716,318,2608,348,330,15.0,34.0,10.0,2.868652105331421,-14.038084983825684,14.831542015075684,-0.8948974609375,0.1927490234375,-0.0323486328125
12.734,318,2758,331,330,15.0,34.0,10.0,-3.540038824081421,-13.122557640075684,18.798828125,-0.935791015625,0.1964111328125,0.0111083984375
12.735,318,3147,334,328,15.0,34.0,10.0,-12.329100608825684,-11.230467796325684,24.291990280151367,-0.9495849609375,0.165283203125,0.0572509765625
12.746,314,3147,400,411,15.0,34.0,10.0,-18.61572265625,-9.765625,32.16552734375,-0.911376953125,0.119140625,0.0784912109375
12.758,318,3147,353,494,15.0,34.0,10.0,-18.9208984375,-10.314940452575684,40.710445404052734,-0.80419921875,0.059326171875,0.0628662109375
12.765,321,3147,390,912,14.0,30.0,6.0,-13.244627952575684,-13.549803733825684,46.569820404052734,-0.6405029296875,0.008056640625,0.0640869140625
12.775,325,3147,465,1224,14.0,30.0,6.0,-2.990722417831421,-18.9208984375,45.898433685302734,-0.4031982421875,-0.0263671875,0.1094970703125
12.784,334,3147,625,1509,14.0,30.0,6.0,8.7890625,-25.085447311401367,36.80419921875,-0.0296630859375,-0.07421875,0.1060791015625
12.801,391,3147,1182,1869,14.0,30.0,6.0,18.5546875,-32.53173828125,17.578125,0.40478515625,-0.090087890625,0.049560546875
12.803,408,3147,1317,2233,14.0,30.0,6.0,28.869626998901367,-42.114253997802734,-13.854979515075684,0.6468505859375,0.0841064453125,0.0262451171875
12.821,433,3147,1453,2527,14.0,30.0,6.0,39.24560546875,-48.889156341552734,-51.452632904052734,0.4537353515625,0.595703125,0.0592041015625
12.834,442,3147,1678,3065,14.0,30.0,6.0,34.11865234375,-45.043941497802734,-76.2939453125,-0.1806640625,1.353515625,0.1090087890625
12.834,458,3147,1838,3147,14.0,30.0,6.0,2.01416015625,-33.3251953125,-72.32666015625,-0.889892578125,1.8023681640625,0.21533203125
12.841,479,3147,2074,3147,14.0,30.0,6.0,-42.907711029052734,-27.038572311401367,-50.415035247802734,-1.30517578125,1.550048828125,0.4803466796875
12.855,507,3147,2677,3147,14.0,30.0,6.0,-74.0966796875,-28.625486373901367,-36.80419921875,-1.8099365234375,0.9195556640625,0.6343994140625
12.866,512,3147,2851,3147,16.0,29.0,7.0,-81.54296112060547,-26.611326217651367,-37.841796875,-2.7852783203125,0.0892333984375,0.3966064453125
12.872,509,3147,2744,3147,16.0,29.0,7.0,-74.15771484375,-17.9443359375,-39.00146484375,-3.5994873046875,-0.648193359375,0.1092529296875
12.902,497,3147,2392,3147,16.0,29.0,7.0,-43.701168060302734,-10.192870140075684,-22.705076217651367,-3.328369140625,-0.969970703125,-0.1251220703125
12.902,497,3147,2296,3147,16.0,29.0,7.0,12.451170921325684,-5.065917491912842,4.7607421875,-2.0318603515625,-0.9444580078125,-0.1513671875
12.902,497,3147,2178,3147,16.0,29.0,7.0,62.072750091552734,-0.6103515625,19.6533203125,-1.073486328125,-0.156494140625,0.17822265625
12.915,493,3147,2056,3147,16.0,29.0,7.0,69.7021484375,8.23974609375,22.521970748901367,-1.164306640625,0.953857421875,0.344970703125
12.938,488,3147,1985,3147,16.0,29.0,7.0,30.578611373901367,21.667478561401367,26.611326217651367,-1.676513671875,1.2890625,0.3011474609375
12.938,485,3147,1904,3147,16.0,29.0,7.0,-11.901854515075684,28.869626998901367,35.64453125,-1.982421875,0.9248046875,0.297607421875
12.947,475,3147,1794,3147,16.0,29.0,7.0,-17.7001953125,24.841306686401367,45.959468841552734,-1.9354248046875,0.525146484375,0.330322265625
12.953,468,3147,1694,3147,16.0,29.0,7.0,7.324218273162842,17.15087890625,50.231929779052734,-1.6939697265625,0.4296875,0.336181640625
12.961,464,3147,1533,3135,13.0,29.0,13.0,33.69140625,13.793944358825684,43.518062591552734,-1.4415283203125,0.4454345703125,0.27197265625
12.979,430,3147,1000,2525,13.0,29.0,13.0,43.884273529052734,14.587401390075684,30.334470748901367,-1.245361328125,0.4012451171875,0.1795654296875
12.983,402,3147,801,2030,13.0,29.0,13.0,44.067378997802734,16.2353515625,21.362302780151367,-1.025146484375,0.33642578125,0.0814208984375
13.007,356,3147,607,1463,13.0,29.0,13.0,43.029781341552734,19.287109375,16.9677734375,-0.769287109375,0.2430419921875,-0.02880859375
13.007,327,3147,333,605,13.0,29.0,13.0,38.0859375,25.939939498901367,9.21630859375,-0.5264892578125,0.107421875,-0.1353759765625
13.014,318,2875,328,327,13.0,29.0,13.0,27.526853561401367,33.935546875,-2.25830078125,-0.35595703125,0.0103759765625,-0.266357421875
13.021,315,2197,378,332,13.0,29.0,13.0,21.301267623901367,40.0390625,-9.82666015625,-0.239990234375,0.06201171875,-0.337890625
13.042,313,1468,315,324,13.0,29.0,13.0,23.864744186401367,41.564937591552734,-12.695311546325684,-0.1126708984375,0.1629638671875,-0.2745361328125
13.044,310,1173,315,308,13.0,29.0,13.0,27.893064498901367,37.65869140625,-18.24951171875,-0.1011962890625,0.2440185546875,-0.1728515625
13.054,310,922,321,313,13.0,29.0,13.0,26.977537155151367,31.677244186401367,-26.611326217651367,-0.289794921875,0.30029296875,-0.068115234375
13.067,308,711,314,314,14.0,32.0,8.0,23.620603561401367,25.634763717651367,-29.785154342651367,-0.5382080078125,0.3564453125,0.092529296875
13.073,306,706,323,322,14.0,32.0,8.0,22.827146530151367,18.61572265625,-25.329587936401367,-0.686767578125,0.4114990234375,0.2896728515625
13.081,308,673,315,316,14.0,32.0,8.0,19.95849609375,10.620116233825684,-22.155759811401367,-0.705810546875,0.3466796875,0.4033203125
13.109,307,674,330,323,14.0,32.0,8.0,11.230467796325684,5.187987804412842,-25.756834030151367,-0.681396484375,0.2615966796875,0.4111328125
13.110,310,689,318,321,14.0,32.0,8.0,2.807616949081421,2.25830078125,-29.113767623901367,-0.6661376953125,0.2847900390625,0.366455078125
13.112,296,535,323,321,14.0,32.0,8.0,2.807616949081421,2.25830078125,-29.113767623901367,-0.634033203125,0.3656005859375,0.2716064453125
13.126,308,567,321,321,14.0,32.0,8.0,-13.977049827575684,-4.33349609375,-17.4560546875,-0.5885009765625,0.3968505859375,0.162841796875
13.146,308,535,324,319,14.0,32.0,8.0,-27.404783248901367,-5.676269054412842,-8.72802734375,-0.560546875,0.315185546875,0.0885009765625
13.146,308,639,324,323,14.0,32.0,8.0,-27.404783248901367,-5.676269054412842,-8.72802734375,-0.550048828125,0.176513671875,0.0291748046875
13.157,310,1545,328,326,15.0,31.0,8.0,-30.151365280151367,-8.60595703125,5.493163585662842,-0.551513671875,0.0823974609375,-0.04296875
13.164,312,1882,354,330,15.0,31.0,8.0,-17.08984375,-10.559081077575684,9.58251953125,-0.6187744140625,0.06494140625,-0.0992431640625
13.172,310,2220,349,327,15.0,31.0,8.0,-17.08984375,-10.559081077575684,9.58251953125,-0.7762451171875,0.11572265625,-0.115966796875
13.185,313,2591,383,330,15.0,31.0,8.0,-7.080077648162842,-12.023924827575684,11.230467796325684,-0.900390625,0.205078125,-0.1068115234375
13.208,316,2793,402,332,15.0,31.0,8.0,-8.9111328125,-13.000487327575684,13.977049827575684,-0.9183349609375,0.3148193359375,-0.062744140625
13.209,316,2921,389,336,15.0,31.0,8.0,-8.9111328125,-13.000487327575684,13.977049827575684,-0.922119140625,0.39599609375,-0.0120849609375
13.215,318,3147,426,334,15.0,31.0,8.0,-4.33349609375,-20.568845748901367,23.376462936401367,-0.96875,0.3714599609375,-0.0242919921875
13.223,321,3147,391,430,15.0,31.0,8.0,-5.065917491912842,-23.254392623901367,28.381345748901367,-0.9991455078125,0.255126953125,-0.07177734375
13.231,318,3147,423,572,15.0,31.0,8.0,-5.065917491912842,-23.254392623901367,28.381345748901367,-0.947265625,0.140869140625,-0.0667724609375
13.247,318,3147,418,895,15.0,31.0,8.0,-16.2353515625,-23.559568405151367,38.87939453125,-0.825927734375,0.06494140625,0.010986328125
13.253,318,3147,441,1091,11.0,31.0,5.0,-15.075682640075684,-27.038572311401367,40.344234466552734,-0.63916015625,-0.0443115234375,0.0946044921875
13.261,321,3147,411,1280,11.0,31.0,5.0,-15.075682640075684,-27.038572311401367,40.344234466552734,-0.3834228515625,-0.1669921875,0.13916015625
13.275,338,3147,555,1470,11.0,31.0,5.0,10.864256858825684,-39.00146484375,19.83642578125,-0.0330810546875,-0.2335205078125,0.1724853515625
13.284,371,3147,999,1602,11.0,31.0,5.0,28.869626998901367,-45.593257904052734,-10.009765625,0.3880615234375,-0.2584228515625,0.18994140625
13.292,402,3147,1173,1792,11.0,31.0,5.0,28.869626998901367,-45.593257904052734,-10.009765625,0.58251953125,0.028564453125,0.1278076171875
13.320,424,3147,1434,2280,11.0,31.0,5.0,46.630855560302734,-43.762203216552734,-82.70262908935547,0.2308349609375,0.91943359375,0.001953125
13.320,437,3147,1648,2422,11.0,31.0,5.0,37.65869140625,-34.24072265625,-76.5380859375,-0.512939453125,1.990234375,-0.00439453125
13.324,455,3147,1989,2652,11.0,31.0,5.0,37.65869140625,-34.24072265625,-76.5380859375,-0.512939453125,1.990234375,-0.00439453125
13.352,493,3147,2453,2772,11.0,31.0,5.0,-45.288082122802734,-32.04345703125,-26.550291061401367,-1.599365234375,1.701171875,0.43115234375
13.356,497,3147,2754,2830,11.0,31.0,5.0,-45.288082122802734,-32.04345703125,-26.550291061401367,-2.5833740234375,0.475341796875,0.35107421875
13.357,512,3147,2797,2831,16.0,30.0,5.0,-100.40282440185547,-30.273435592651367,-37.41455078125,-2.5833740234375,0.475341796875,0.35107421875
13.365,497,3147,2460,3059,16.0,30.0,5.0,-91.30858612060547,-19.83642578125,-48.034664154052734,-3.5408935546875,-1.207275390625,0.2415771484375
13.373,497,3147,2372,3147,16.0,30.0,5.0,-91.30858612060547,-19.83642578125,-48.034664154052734,-2.083984375,-1.4605712890625,0.1956787109375
13.381,490,3147,2341,3147,16.0,30.0,5.0,-18.49365234375,-14.465331077575684,-30.029294967651367,-2.083984375,-1.4605712890625,0.1956787109375
13.395,485,3147,2284,3147,16.0,30.0,5.0,86.97509002685547,17.9443359375,-11.718749046325684,-1.0653076171875,1.254638671875,0.201904296875
13.414,482,3147,2230,3147,16.0,30.0,5.0,86.97509002685547,17.9443359375,-11.718749046325684,-1.699462890625,1.379150390625,0.06396484375
13.414,473,3147,2135,3126,16.0,30.0,5.0,26.855466842651367,37.9638671875,1.4648436307907104,-1.699462890625,1.379150390625,0.06396484375
13.430,468,3147,1908,2974,16.0,30.0,5.0,-55.236812591552734,33.8134765625,32.3486328125,-2.0897216796875,-0.0313720703125,0.321044921875
13.434,464,3147,1742,2722,16.0,30.0,5.0,-55.236812591552734,33.8134765625,32.3486328125,-1.731689453125,0.00830078125,0.4561767578125
13.449,441,3147,1483,2529,16.0,30.0,5.0,-13.305663108825684,18.49365234375,43.029781341552734,-1.731689453125,0.00830078125,0.4561767578125
13.461,409,3147,976,1877,16.0,29.0,9.0,49.865718841552734,11.840819358825684,28.198240280151367,-0.8822021484375,0.377197265625,0.4052734375
13.463,385,3147,787,1501,16.0,29.0,9.0,49.865718841552734,11.840819358825684,28.198240280151367,-0.5838623046875,0.444091796875,0.2520751953125
13.471,371,3147,683,1289,16.0,29.0,9.0,45.288082122802734,18.98193359375,14.099120140075684,-0.5838623046875,0.444091796875,0.2520751953125
13.485,338,3147,430,698,16.0,29.0,9.0,28.198240280151367,37.17041015625,0.8544921278953552,-0.482177734375,0.49072265625,-0.1658935546875
13.493,331,3147,383,398,16.0,29.0,9.0,28.198240280151367,37.17041015625,0.8544921278953552,-0.631103515625,0.2900390625,-0.376708984375
13.521,327,2925,386,346,16.0,29.0,9.0,9.521484375,41.259761810302734,-5.676269054412842,-0.631103515625,0.2900390625,-0.376708984375
13.521,318,2367,375,336,16.0,29.0,9.0,-6.225585460662842,41.870113372802734,-5.981444835662842,-0.6219482421875,0.07666015625,-0.457275390625
13.524,316,2085,342,328,16.0,29.0,9.0,-6.225585460662842,41.870113372802734,-5.981444835662842,-0.45458984375,0.1630859375,-0.3148193359375
13.531,316,1770,361,328,16.0,29.0,9.0,6.042479991912842,39.0625,-3.112792730331421,-0.45458984375,0.1630859375,-0.3148193359375
13.550,315,963,334,327,16.0,31.0,12.0,11.718749046325684,34.97314453125,-5.493163585662842,-0.417236328125,0.1146240234375,0.06298828125
13.553,315,744,363,323,16.0,31.0,12.0,8.48388671875,31.249998092651367,-11.230467796325684,-0.417236328125,0.1146240234375,0.06298828125
13.565,313,603,328,316,16.0,31.0,12.0,6.835937023162842,27.954099655151367,-14.343260765075684,-0.5294189453125,0.0858154296875,0.1993408203125
13.575,310,561,386,324,16.0,31.0,12.0,10.314940452575684,24.230955123901367,-11.718749046325684,-0.531982421875,0.27587890625,0.25439453125
13.583,312,567,385,324,16.0,31.0,12.0,15.502928733825684,20.324705123901367,-4.8828125,-0.531982421875,0.27587890625,0.25439453125
13.591,310,587,398,324,16.0,31.0,12.0,22.155759811401367,17.39501953125,0.7934569716453552,-0.547119140625,0.29931640625,0.216796875
13.622,312,749,400,327,16.0,31.0,12.0,28.930662155151367,12.878417015075684,1.8310545682907104,-0.7401123046875,0.2237548828125,0.2464599609375
13.623,310,737,402,327,16.0,31.0,12.0,30.517576217651367,4.08935546875,1.4648436307907104,-0.7401123046875,0.2237548828125,0.2464599609375
13.623,310,906,424,324,16.0,31.0,12.0,23.864744186401367,-5.0048828125,2.197265625,-0.7452392578125,0.23486328125,0.1959228515625
13.635,315,1501,418,328,16.0,31.0,12.0,11.413573265075684,-9.21630859375,2.929687261581421,-0.724853515625,0.215087890625,0.0889892578125
13.673,316,1650,423,330,14.0,29.0,7.0,-1.4038084745407104,-9.94873046875,3.417968511581421,-0.724853515625,0.215087890625,0.0889892578125
13.674,316,1820,430,315,14.0,29.0,7.0,-8.544921875,-10.681151390075684,5.554198741912842,-0.7369384765625,0.162109375,0.0474853515625
13.674,305,2093,442,332,14.0,29.0,7.0,-6.835937023162842,-12.390135765075684,9.6435546875,-0.775146484375,0.1781005859375,-0.01318359375
13.676,310,2275,424,334,14.0,29.0,7.0,1.4038084745407104,-15.075682640075684,13.854979515075684,-0.775146484375,0.1781005859375,-0.01318359375
13.681,319,2396,387,338,14.0,29.0,7.0,10.925292015075684,-18.98193359375,16.90673828125,-0.8343505859375,0.23876953125,0.0035400390625
13.695,321,2717,404,330,14.0,29.0,7.0,17.2119140625,-23.315427780151367,19.1650390625,-0.9464111328125,0.3216552734375,0.029052734375
13.703,323,2981,424,338,14.0,29.0,7.0,18.98193359375,-26.794431686401367,20.751951217651367,-0.9464111328125,0.3216552734375,0.029052734375
13.725,323,3147,484,347,14.0,29.0,7.0,17.76123046875,-29.357908248901367,20.507810592651367,-0.935546875,0.2828369140625,0.02587890625
13.726,324,3147,485,587,14.0,29.0,7.0,15.014647483825684,-31.555173873901367,18.00537109375,-0.6925048828125,0.171142578125,0.012939453125
13.734,323,3147,568,793,14.0,29.0,7.0,10.192870140075684,-33.38623046875,14.038084983825684,-0.6925048828125,0.171142578125,0.012939453125
13.741,328,3147,546,1063,12.0,29.0,12.0,4.69970703125,-35.400390625,10.070799827575684,-0.5208740234375,0.0560302734375,0.039794921875
13.758,344,3147,625,1485,12.0,29.0,12.0,3.601073980331421,-38.39111328125,6.408690929412842,-0.0576171875,-0.1876220703125,0.12060546875
13.769,378,3147,1050,1681,12.0,29.0,12.0,10.131834983825684,-43.212886810302734,0.3662109076976776,-0.0576171875,-0.1876220703125,0.12060546875
13.778,418,3147,1283,1925,12.0,29.0,12.0,21.850584030151367,-48.217769622802734,-13.305663108825684,0.2581787109375,-0.385986328125,0.1185302734375
13.786,454,3147,1624,2442,12.0,29.0,12.0,36.0107421875,-48.339839935302734,-35.21728515625,0.421142578125,-0.3035888671875,0.0509033203125
13.793,465,3147,1862,2808,12.0,29.0,12.0,48.278804779052734,-39.97802734375,-50.292964935302734,0.197021484375,0.4833984375,-0.0184326171875
13.801,473,3147,2115,2981,12.0,29.0,12.0,44.616695404052734,-27.770994186401367,-40.832515716552734,-0.430908203125,1.6336669921875,-0.004638671875
13.827,495,3147,2557,3147,12.0,29.0,12.0,9.46044921875,-21.728513717651367,-13.000487327575684,-1.0294189453125,2.213134765625,0.2451171875
13.828,514,3147,2900,3147,12.0,29.0,12.0,-51.635738372802734,-24.353025436401367,2.685546636581421,-1.5638427734375,1.8284912109375,0.5042724609375
13.832,521,3147,3076,3147,12.0,29.0,12.0,-104.12596893310547,-22.094724655151367,-7.019042491912842,-2.564208984375,0.87451171875,0.419189453125
13.846,509,3147,2793,3147,17.0,27.0,9.0,-120.72753143310547,-14.282225608825684,-23.620603561401367,-3.6807861328125,-0.1114501953125,0.2635498046875
13.855,512,3147,2746,3147,17.0,27.0,9.0,-100.03661346435547,-14.099120140075684,-23.071287155151367,-3.548095703125,-1.1527099609375,0.1053466796875
13.862,508,3147,2673,3147,17.0,27.0,9.0,-31.005857467651367,-16.05224609375,-9.8876953125,-2.0673828125,-1.734375,0.1356201171875
13.889,504,3147,2571,3147,17.0,27.0,9.0,73.18115234375,-12.573241233825684,5.432128429412842,-1.0703125,-0.552490234375,0.362060546875
13.890,500,3147,2458,3147,17.0,27.0,9.0,134.033203125,2.685546636581421,25.085447311401367,-1.23974609375,1.318115234375,0.2587890625
13.892,499,3147,2370,3147,17.0,27.0,9.0,83.37401580810547,24.658201217651367,34.48486328125,-1.770751953125,1.753662109375,0.1099853515625
13.905,495,3147,2178,3147,17.0,27.0,9.0,-21.972654342651367,35.64453125,30.395505905151367,-2.116455078125,0.9210205078125,0.173828125
13.925,485,3147,2039,2981,17.0,27.0,9.0,-66.5283203125,33.26416015625,29.174802780151367,-2.144287109375,0.1468505859375,0.25048828125
13.925,479,3147,1735,2727,17.0,27.0,9.0,-30.456541061401367,24.353025436401367,39.306640625,-1.953857421875,-0.0009765625,0.306640625
13.935,440,3147,1265,2117,17.0,27.0,9.0,25.390623092651367,16.29638671875,53.161617279052734,-1.697509765625,0.1513671875,0.35791015625
13.944,414,3147,793,1483,11.0,29.0,14.0,52.490230560302734,11.657713890075684,63.293453216552734,-1.40234375,0.1712646484375,0.343017578125
13.959,363,3147,485,1005,11.0,29.0,14.0,53.039546966552734,10.437010765075684,73.05908203125,-1.013916015625,-0.095458984375,0.2039794921875
13.965,321,2898,318,330,11.0,29.0,14.0,54.809566497802734,13.061522483825684,81.78710174560547,-0.4989013671875,-0.5030517578125,-0.0364990234375
13.973,315,2278,367,328,11.0,29.0,14.0,72.509765625,19.22607421875,79.7119140625,0.135986328125,-0.647216796875,-0.314697265625
13.981,312,1557,316,330,11.0,29.0,14.0,106.56737518310547,27.221677780151367,58.410640716552734,0.6556396484375,-0.244384765625,-0.4759521484375
13.996,311,1178,328,327,11.0,29.0,14.0,143.24951171875,32.5927734375,19.10400390625,0.783447265625,0.5162353515625,-0.4444580078125
14.003,310,1386,348,324,11.0,29.0,14.0,148.98681640625,28.137205123901367,-24.902341842651367,0.463134765625,1.129638671875,-0.2371826171875
14.028,310,1129,373,327,11.0,29.0,14.0,111.51122283935547,11.962889671325684,-54.992671966552734,-0.067138671875,1.2581787109375,0.0140380859375
14.028,296,1216,349,300,11.0,29.0,14.0,64.75830078125,-5.310058116912842,-61.706539154052734,-0.478759765625,1.0618896484375,0.1033935546875
14.033,310,1393,344,324,11.0,29.0,14.0,43.945308685302734,-13.732909202575684,-50.476070404052734,-0.679443359375,0.8763427734375,0.0421142578125
14.042,313,1390,342,323,8.0,29.0,14.0,44.250484466552734,-15.686034202575684,-36.2548828125,-0.7698974609375,0.6956787109375,-0.0633544921875
14.065,314,1433,316,321,8.0,29.0,14.0,36.4990234375,-15.930174827575684,-30.883787155151367,-0.860107421875,0.3973388671875,-0.1380615234375
14.065,300,1504,316,299,8.0,29.0,14.0,10.742186546325684,-14.831542015075684,-32.470703125,-0.957275390625,0.060302734375,-0.1004638671875
14.071,315,1469,315,322,8.0,29.0,14.0,-9.1552734375,-13.732909202575684,-29.846189498901367,-0.99853515625,-0.1337890625,0.073974609375
14.085,315,1652,315,318,8.0,29.0,14.0,0.9155272841453552,-15.441893577575684,-17.27294921875,-0.939208984375,-0.1246337890625,0.25244140625
14.098,315,2028,315,321,8.0,29.0,14.0,32.958984375,-19.59228515625,-0.2441406100988388,-0.8194580078125,0.0113525390625,0.3114013671875
14.105,316,2160,315,321,8.0,29.0,14.0,57.434078216552734,-23.254392623901367,13.488768577575684,-0.7591552734375,0.1580810546875,0.259033203125
14.130,316,2347,315,323,8.0,29.0,14.0,57.495113372802734,-25.695798873901367,22.399900436401367,-0.7952880859375,0.19873046875,0.1591796875
14.130,316,2418,315,324,8.0,29.0,14.0,40.466304779052734,-28.625486373901367,29.296873092651367,-0.8369140625,0.1024169921875,0.0618896484375
14.131,316,2521,316,322,8.0,29.0,14.0,24.719236373901367,-32.8369140625,36.19384765625,-0.8475341796875,-0.000244140625,0.0103759765625
14.145,325,2736,316,316,8.0,28.0,23.0,21.301267623901367,-37.65869140625,44.494625091552734,-0.8680419921875,0.03759765625,0.014404296875
14.161,322,2946,315,324,8.0,28.0,23.0,23.925779342651367,-41.625972747802734,53.649898529052734,-0.884521484375,0.189208984375,0.035888671875
14.166,323,3078,296,323,8.0,28.0,23.0,18.798828125,-43.273921966552734,60.729976654052734,-0.866943359375,0.3250732421875,0.059814453125
14.229,324,3147,316,382,8.0,28.0,23.0,5.676269054412842,-42.297359466552734,63.354488372802734,-0.841552734375,0.3763427734375,0.1011962890625
14.229,328,3147,327,508,8.0,28.0,23.0,-5.0048828125,-40.466304779052734,62.133785247802734,-0.802978515625,0.3560791015625,0.1138916015625
14.229,328,3147,345,687,8.0,28.0,23.0,-9.765625,-39.48974609375,58.959957122802734,-0.693603515625,0.287841796875,0.0830078125
14.229,332,3147,487,1239,8.0,28.0,23.0,-10.131834983825684,-40.161128997802734,53.710933685302734,-0.4254150390625,0.198974609375,0.1134033203125
14.233,344,3147,694,1447,8.0,28.0,23.0,-5.0048828125,-41.198726654052734,41.564937591552734,-0.004150390625,0.1556396484375,0.2413330078125
14.233,359,3147,966,1782,8.0,28.0,23.0,7.263183116912842,-39.24560546875,15.502928733825684,0.4034423828125,0.25927734375,0.352783203125
14.235,398,3147,1487,2394,2.0,31.0,20.0,17.333984375,-31.982419967651367,-24.902341842651367,0.6661376953125,0.4932861328125,0.3043212890625
14.248,409,3147,1681,2801,2.0,31.0,20.0,7.141112804412842,-19.1650390625,-68.84765625,0.6541748046875,0.703125,0.102783203125
14.254,421,3147,1908,3147,2.0,31.0,20.0,7.141112804412842,-19.1650390625,-68.84765625,0.22509765625,0.8619384765625,-0.0897216796875
14.267,438,3147,2386,3147,2.0,31.0,20.0,-50.292964935302734,11.596678733825684,-95.52001190185547,-0.4970703125,1.13916015625,-0.1424560546875
14.273,456,3147,2744,3147,2.0,31.0,20.0,-69.03076171875,14.770506858825684,-74.951171875,-1.1566162109375,1.4720458984375,0.0299072265625
14.281,479,3147,2925,3147,2.0,31.0,20.0,-69.03076171875,14.770506858825684,-74.951171875,-1.8304443359375,1.452880859375,0.2161865234375
14.296,486,3147,3147,3147,2.0,31.0,20.0,-111.14501190185547,-4.2724609375,-56.213375091552734,-2.8392333984375,0.8153076171875,0.1505126953125
14.312,484,3147,3147,3147,2.0,31.0,20.0,-132.50732421875,-5.493163585662842,-62.866207122802734,-3.747802734375,-0.1768798828125,0.0623779296875
14.312,481,3147,3056,3147,2.0,31.0,20.0,-132.50732421875,-5.493163585662842,-62.866207122802734,-3.6324462890625,-1.0093994140625,0.16748046875
14.336,481,3147,2958,3147,2.0,31.0,20.0,-92.77342987060547,-0.4882812201976776,-48.217769622802734,-2.2171630859375,-1.1837158203125,0.3973388671875
14.337,473,3147,2904,3147,11.0,27.0,12.0,0.3662109076976776,11.596678733825684,-31.799314498901367,-0.9141845703125,-0.1083984375,0.58984375
14.341,481,3147,2877,3147,11.0,27.0,12.0,0.3662109076976776,11.596678733825684,-31.799314498901367,-0.9237060546875,1.4970703125,0.4412841796875
14.355,473,3147,2724,3147,11.0,27.0,12.0,27.893064498901367,52.246089935302734,-18.98193359375,-1.6494140625,1.7777099609375,0.138671875
14.366,468,3147,2597,3147,11.0,27.0,12.0,-80.50536346435547,57.739253997802734,-30.334470748901367,-2.2620849609375,0.6812744140625,0.13818359375
14.373,466,3147,2435,3147,11.0,27.0,12.0,-80.50536346435547,57.739253997802734,-30.334470748901367,-2.396240234375,-0.232421875,0.270751953125
14.385,445,3147,2100,3130,11.0,27.0,12.0,-64.453125,35.64453125,-6.042479991912842,-2.1065673828125,-0.2471923828125,0.3143310546875
14.393,433,3147,1850,2699,11.0,27.0,12.0,17.88330078125,25.878904342651367,12.573241233825684,-1.64892578125,0.197265625,0.3375244140625
14.401,409,3147,1494,2217,11.0,27.0,12.0,17.88330078125,25.878904342651367,12.573241233825684,-1.17236328125,0.50634765625,0.3203125
14.415,371,3147,920,1233,11.0,27.0,12.0,39.73388671875,23.315427780151367,-6.652831554412842,-0.7081298828125,0.4559326171875,0.2088623046875
14.446,348,3147,566,536,11.0,27.0,12.0,23.315427780151367,30.395505905151367,-20.446775436401367,-0.339599609375,0.2774658203125,0.052001953125
14.447,332,2929,404,346,11.0,30.0,16.0,23.315427780151367,30.395505905151367,-20.446775436401367,-0.1231689453125,0.22021484375,-0.139892578125
14.447,323,1881,298,304,11.0,30.0,16.0,14.465331077575684,57.189937591552734,-35.09521484375,-0.03125,0.1488037109375,-0.392822265625
14.453,316,1540,316,318,11.0,30.0,16.0,3.295898199081421,66.83349609375,-38.63525390625,-0.0623779296875,0.179443359375,-0.5322265625
14.475,316,1236,316,317,11.0,30.0,16.0,3.295898199081421,66.83349609375,-38.63525390625,-0.0623779296875,0.179443359375,-0.5322265625
14.476,299,853,316,315,11.0,30.0,16.0,-14.038084983825684,52.246089935302734,-35.82763671875,-0.2587890625,0.1605224609375,-0.275146484375
14.484,313,679,315,323,11.0,30.0,16.0,-14.038084983825684,52.246089935302734,-35.82763671875,-0.53125,0.006591796875,-0.1007080078125
14.491,308,654,316,316,11.0,30.0,16.0,-23.254392623901367,36.07177734375,-36.19384765625,-0.53125,0.006591796875,-0.1007080078125
14.505,310,614,316,316,11.0,30.0,16.0,-24.047849655151367,13.000487327575684,-17.39501953125,-0.7294921875,-0.06298828125,0.1942138671875
14.513,310,591,316,316,11.0,30.0,16.0,-24.047849655151367,13.000487327575684,-17.39501953125,-0.61328125,-0.0377197265625,0.185302734375
14.531,310,620,315,315,11.0,30.0,16.0,-7.751464366912842,8.97216796875,-5.187987804412842,-0.61328125,-0.0377197265625,0.185302734375
14.541,313,594,315,314,14.0,29.0,17.0,30.822751998901367,10.681151390075684,4.5166015625,-0.54736328125,0.1171875,0.2247314453125
14.543,311,593,315,319,14.0,29.0,17.0,30.822751998901367,10.681151390075684,4.5166015625,-0.541748046875,0.2279052734375,0.235107421875
14.555,309,562,315,317,14.0,29.0,17.0,36.2548828125,4.08935546875,10.314940452575684,-0.541748046875,0.2279052734375,0.235107421875
14.577,314,830,315,316,14.0,29.0,17.0,14.160155296325684,-8.11767578125,20.263669967651367,-0.58935546875,0.1541748046875,0.178955078125
14.577,302,1292,296,316,14.0,29.0,17.0,14.160155296325684,-8.11767578125,20.263669967651367,-0.63720703125,0.0506591796875,0.1168212890625
14.583,316,1785,318,323,14.0,29.0,17.0,6.469726085662842,-12.451170921325684,23.681638717651367,-0.63720703125,0.0506591796875,0.1168212890625
14.590,316,2035,316,327,14.0,29.0,17.0,9.6435546875,-17.02880859375,28.259275436401367,-0.69140625,0.0234375,0.0574951171875
14.604,318,2677,374,332,14.0,29.0,17.0,20.202634811401367,-21.667478561401367,33.99658203125,-0.894287109375,0.2547607421875,-0.011962890625
14.612,316,3035,400,338,14.0,29.0,17.0,32.16552734375,-26.367185592651367,40.588375091552734,-0.894287109375,0.2547607421875,-0.011962890625
14.621,319,3147,379,337,14.0,29.0,17.0,38.818359375,-31.127927780151367,47.119136810302734,-0.978759765625,0.3594970703125,-0.0118408203125
14.646,323,3147,411,552,11.0,28.0,14.0,35.70556640625,-35.7666015625,53.161617279052734,-1.1085205078125,0.2802734375,0.021484375
14.647,306,3147,384,684,11.0,28.0,14.0,25.512693405151367,-39.9169921875,60.058589935302734,-1.1085205078125,0.2802734375,0.021484375
14.651,324,3147,417,748,11.0,28.0,14.0,12.756346702575684,-41.931148529052734,69.4580078125,-1.1737060546875,0.134765625,-0.0103759765625
14.677,327,3147,418,996,11.0,28.0,14.0,0.6713866591453552,-40.954586029052734,84.53368377685547,-1.20263671875,-0.20556640625,-0.130859375
14.678,328,3147,419,1172,11.0,28.0,14.0,-8.11767578125,-40.466304779052734,107.54393768310547,-1.20263671875,-0.20556640625,-0.130859375
14.681,319,3147,518,1370,11.0,28.0,14.0,-11.657713890075684,-45.532222747802734,132.87353515625,-1.0152587890625,-0.330078125,-0.1453857421875
14.694,336,3147,705,1801,11.0,28.0,14.0,1.6479490995407104,-58.471675872802734,149.90234375,-0.175048828125,-0.31201171875,0.265625
14.702,351,3147,890,2135,11.0,28.0,14.0,40.466304779052734,-73.8525390625,148.681640625,-0.175048828125,-0.31201171875,0.265625
14.710,378,3147,1290,2272,11.0,28.0,14.0,90.08788299560547,-80.81053924560547,120.60546112060547,0.4317626953125,-0.026611328125,0.508056640625
14.724,414,3147,1691,2992,9.0,30.0,20.0,128.23486328125,-73.91357421875,60.974117279052734,0.9202880859375,1.234130859375,0.5064697265625
14.754,423,3147,1852,3147,9.0,30.0,20.0,130.9814453125,-54.260250091552734,-22.583005905151367,0.9202880859375,1.234130859375,0.5064697265625
14.754,427,3147,2028,3147,9.0,30.0,20.0,79.7119140625,-25.878904342651367,-94.90966033935547,0.3790283203125,1.9559326171875,0.0054931640625
14.755,426,3147,2456,3147,9.0,30.0,20.0,0.54931640625,-0.6713866591453552,-111.87743377685547,-1.1134033203125,1.7088623046875,-0.3306884765625
14.762,462,3147,2793,3147,9.0,30.0,20.0,-56.213375091552734,4.33349609375,-77.1484375,-1.1134033203125,1.7088623046875,-0.3306884765625
14.783,473,3147,2990,3147,9.0,30.0,20.0,-74.52392578125,-10.681151390075684,-41.748043060302734,-1.6884765625,1.16552734375,0.12890625
14.785,481,3147,3147,3147,9.0,30.0,20.0,-71.47216796875,-24.475095748901367,-31.921384811401367,-2.531494140625,0.877197265625,0.3343505859375
14.793,478,3147,3107,3147,9.0,30.0,20.0,-79.16259765625,-25.451658248901367,-42.541500091552734,-3.4310302734375,0.2822265625,0.2454833984375
14.801,473,3147,3084,3147,9.0,30.0,20.0,-107.36083221435547,-17.76123046875,-57.373043060302734,-3.5157470703125,-0.56201171875,0.22998046875
14.814,469,3147,3020,3147,9.0,30.0,20.0,-105.10253143310547,-4.39453125,-58.105464935302734,-2.218017578125,-1.0118408203125,0.325439453125
14.823,473,3147,2990,3147,11.0,28.0,16.0,-35.33935546875,12.145995140075684,-49.438472747802734,-0.9635009765625,-0.398681640625,0.406982421875
14.830,473,3147,2948,3147,11.0,28.0,16.0,48.767086029052734,30.395505905151367,-32.77587890625,-0.911376953125,1.0377197265625,0.3143310546875
14.856,470,3147,2769,3147,11.0,28.0,16.0,52.612300872802734,45.104976654052734,-19.775390625,-1.491455078125,1.7451171875,0.044677734375
14.856,466,3147,2627,3147,11.0,28.0,16.0,-39.97802734375,47.058101654052734,-26.184080123901367,-1.999267578125,1.0557861328125,-0.01025390625
14.861,464,3147,2525,3147,11.0,28.0,16.0,-123.90135955810547,36.7431640625,-31.311033248901367,-2.1392822265625,-0.0330810546875,0.1927490234375
14.881,455,3147,2263,3147,11.0,28.0,16.0,-108.88671112060547,23.620603561401367,-12.512206077575684,-1.9200439453125,-0.4998779296875,0.341064453125
14.884,441,3147,2039,3147,11.0,28.0,16.0,-27.038572311401367,14.404295921325684,21.606443405151367,-1.5311279296875,-0.290771484375,0.38037109375
14.894,430,3147,1727,3101,11.0,28.0,16.0,36.865234375,10.314940452575684,45.471187591552734,-1.152587890625,0.1051025390625,0.39404296875
14.904,388,3147,1067,2430,11.0,28.0,16.0,50.598140716552734,10.498045921325684,46.142574310302734,-0.8150634765625,0.3736572265625,0.326904296875
14.912,371,3147,738,2060,11.0,28.0,16.0,36.68212890625,15.441893577575684,30.639646530151367,-0.5106201171875,0.4698486328125,0.140869140625
14.921,354,3147,580,1667,11.0,30.0,15.0,21.362302780151367,24.902341842651367,10.742186546325684,-0.3037109375,0.483642578125,-0.0380859375
14.968,328,3147,401,1054,11.0,30.0,15.0,13.122557640075684,35.5224609375,-6.408690929412842,-0.2193603515625,0.4888916015625,-0.1785888671875
14.968,308,3147,409,649,11.0,30.0,15.0,10.070799827575684,44.921871185302734,-18.00537109375,-0.27099609375,0.4971923828125,-0.2901611328125
14.968,321,3147,375,345,11.0,30.0,15.0,6.530761241912842,50.720211029052734,-24.536130905151367,-0.3746337890625,0.5582275390625,-0.2962646484375
14.968,318,2448,390,332,11.0,30.0,15.0,-3.845214605331421,50.231929779052734,-29.052732467651367,-0.396240234375,0.5623779296875,-0.23779296875
14.972,315,2156,377,336,11.0,30.0,15.0,-20.568845748901367,44.860836029052734,-34.66796875,-0.3785400390625,0.4468994140625,-0.1724853515625
14.987,317,1989,316,318,11.0,30.0,15.0,-33.69140625,37.7197265625,-41.076656341552734,-0.4149169921875,0.283935546875,-0.0731201171875
14.994,316,1713,317,316,11.0,30.0,15.0,-35.33935546875,28.930662155151367,-46.752925872802734,-0.531494140625,0.119140625,0.06298828125
15.007,316,1516,332,330,11.0,30.0,15.0,-27.465818405151367,19.10400390625,-49.560543060302734,-0.6871337890625,0.0579833984375,0.1751708984375
15.010,316,1422,360,336,11.0,30.0,15.0,-18.98193359375,12.451170921325684,-47.180171966552734,-0.785400390625,0.1107177734375,0.233154296875
15.024,318,1345,334,324,12.0,30.0,14.0,-17.333984375,10.437010765075684,-40.710445404052734,-0.793212890625,0.1781005859375,0.2655029296875
15.037,315,1306,333,328,12.0,30.0,14.0,-20.629880905151367,10.742186546325684,-32.53173828125,-0.7791748046875,0.2056884765625,0.2718505859375
15.048,316,1427,345,330,12.0,30.0,14.0,-22.949216842651367,10.986327171325684,-23.803709030151367,-0.8031005859375,0.183349609375,0.2396240234375
15.054,315,1528,376,330,12.0,30.0,14.0,-23.498533248901367,9.58251953125,-14.953612327575684,-0.856201171875,0.1094970703125,0.2021484375
15.065,314,1648,359,332,12.0,30.0,14.0,-24.108884811401367,6.103515148162842,-6.042479991912842,-0.8961181640625,0.006103515625,0.1812744140625
15.071,316,1762,361,330,12.0,30.0,14.0,-23.437498092651367,1.8310545682907104,2.685546636581421,-0.8983154296875,-0.071044921875,0.147216796875
15.090,313,2014,363,334,12.0,30.0,14.0,-19.83642578125,-1.3427733182907104,10.375975608825684,-0.8668212890625,-0.0523681640625,0.09423828125
15.092,316,2188,359,336,12.0,30.0,14.0,-16.05224609375,-2.746581792831421,15.136717796325684,-0.833251953125,0.0528564453125,0.0528564453125
15.100,317,2292,348,330,12.0,30.0,14.0,-15.930174827575684,-2.990722417831421,16.845703125,-0.824462890625,0.1558837890625,0.0263671875
15.121,316,2573,334,332,12.0,33.0,14.0,-18.9208984375,-3.601073980331421,18.98193359375,-0.8201904296875,0.2193603515625,0.0107421875
15.123,316,2667,337,334,12.0,33.0,14.0,-20.812986373901367,-5.310058116912842,24.414060592651367,-0.803466796875,0.2550048828125,0.00439453125
15.131,318,2831,361,338,12.0,33.0,14.0,-20.141599655151367,-7.812499523162842,32.28759765625,-0.7830810546875,0.2545166015625,-0.0059814453125
15.162,319,3147,371,407,12.0,33.0,14.0,-17.51708984375,-10.925292015075684,40.649410247802734,-0.771240234375,0.2325439453125,-0.0306396484375
15.163,321,3147,386,619,12.0,33.0,14.0,-11.657713890075684,-15.869139671325684,47.485347747802734,-0.739501953125,0.1900634765625,-0.02880859375
15.163,316,3147,391,865,12.0,33.0,14.0,-1.9531248807907104,-23.742673873901367,48.522945404052734,-0.609130859375,0.1153564453125,0.0302734375
15.175,327,3147,430,1422,12.0,33.0,14.0,9.70458984375,-32.16552734375,38.87939453125,-0.3612060546875,0.0814208984375,0.110107421875
15.187,332,3147,579,1742,12.0,33.0,14.0,20.568845748901367,-37.9638671875,16.17431640625,-0.0653076171875,0.134521484375,0.1622314453125
15.193,359,3147,787,1878,12.0,33.0,14.0,26.733396530151367,-41.076656341552734,-18.6767578125,0.1787109375,0.1871337890625,0.1990966796875
15.204,402,3147,1584,2249,12.0,33.0,14.0,24.536130905151367,-42.175289154052734,-58.715816497802734,0.2833251953125,0.1514892578125,0.1651611328125
15.212,417,3147,1922,2668,13.0,29.0,14.0,19.59228515625,-40.893550872802734,-90.94237518310547,0.108642578125,0.2591552734375,-0.0028076171875
15.220,430,3147,2160,3042,13.0,29.0,14.0,22.827146530151367,-37.04833984375,-99.12108612060547,-0.3492431640625,0.8385009765625,-0.159912109375
15.234,445,3147,2544,3147,13.0,29.0,14.0,23.437498092651367,-32.89794921875,-79.40673828125,-0.8272705078125,1.52685546875,-0.146484375
15.258,464,3147,2795,3147,13.0,29.0,14.0,-5.249022960662842,-30.212400436401367,-52.673336029052734,-1.095458984375,1.703857421875,0.1551513671875
15.258,482,3147,3032,3147,13.0,29.0,14.0,-59.509273529052734,-28.686521530151367,-41.076656341552734,-1.4605712890625,1.2230224609375,0.4544677734375
15.273,507,3147,3147,3147,13.0,29.0,14.0,-101.56249237060547,-24.414060592651367,-47.302242279052734,-2.323486328125,0.2054443359375,0.3853759765625
15.273,582,3147,3147,3147,13.0,29.0,14.0,-114.99022674560547,-16.357421875,-60.607906341552734,-3.0531005859375,-0.7791748046875,0.2991943359375
15.291,533,3147,3147,3147,13.0,29.0,14.0,-114.99022674560547,-16.357421875,-60.607906341552734,-3.162109375,-1.1221923828125,0.378662109375
15.294,485,3147,3094,3147,13.0,29.0,14.0,-34.3017578125,-7.385253429412842,-50.964351654052734,-2.4696044921875,-0.7950439453125,0.36328125
15.303,485,3147,3093,3147,13.0,29.0,14.0,19.6533203125,5.187987804412842,-29.602048873901367,-1.2811279296875,-0.09228515625,0.3330078125
15.310,484,3147,3072,3147,19.0,26.0,11.0,19.6533203125,5.187987804412842,-29.602048873901367,-0.9044189453125,0.5201416015625,0.2955322265625
15.325,484,3147,2992,3147,19.0,26.0,11.0,-7.141112804412842,43.518062591552734,1.6479490995407104,-1.4962158203125,0.46484375,0.1949462890625
15.332,481,3147,2910,3147,19.0,26.0,11.0,-45.593257904052734,46.997066497802734,24.414060592651367,-2.1143798828125,0.0166015625,0.1744384765625
15.361,478,3147,2741,3147,19.0,26.0,11.0,-45.593257904052734,46.997066497802734,24.414060592651367,-2.2313232421875,-0.1134033203125,0.2392578125
15.363,467,3147,2469,3147,19.0,26.0,11.0,-7.568358898162842,21.057126998901367,72.57080078125,-1.9296875,0.1328125,0.3446044921875
15.363,465,3147,2253,3147,19.0,26.0,11.0,23.132322311401367,13.305663108825684,77.94189453125,-1.507568359375,0.4278564453125,0.41845703125
15.376,455,3147,2010,3147,19.0,26.0,11.0,23.132322311401367,13.305663108825684,77.94189453125,-1.1455078125,0.509033203125,0.4176025390625
15.397,419,3147,1419,2708,19.0,26.0,11.0,25.939939498901367,21.728513717651367,52.673336029052734,-0.8463134765625,0.48583984375,0.3690185546875
15.397,386,3147,1078,2249,19.0,26.0,11.0,16.4794921875,27.587888717651367,38.330078125,-0.61083984375,0.4219970703125,0.257568359375
15.403,374,3147,873,1890,19.0,26.0,11.0,16.4794921875,27.587888717651367,38.330078125,-0.4622802734375,0.2874755859375,0.0750732421875
15.416,347,3147,497,1214,10.0,30.0,15.0,2.685546636581421,38.9404296875,16.29638671875,-0.372314453125,0.15185546875,-0.144287109375
15.424,330,3147,401,932,10.0,30.0,15.0,-3.234863042831421,42.175289154052734,6.835937023162842,-0.326904296875,0.0802001953125,-0.387939453125
15.432,322,3147,403,644,10.0,30.0,15.0,-3.234863042831421,42.175289154052734,6.835937023162842,-0.3638916015625,0.107666015625,-0.5966796875
15.462,319,3120,344,333,10.0,30.0,15.0,-2.746581792831421,40.954586029052734,-0.3662109076976776,-0.4599609375,0.29736328125,-0.580078125
15.462,318,2778,327,329,10.0,30.0,15.0,-2.0751953125,35.2783203125,1.5258787870407104,-0.4725341796875,0.42919921875,-0.33740234375
15.462,317,2409,325,324,10.0,30.0,15.0,-2.0751953125,35.2783203125,1.5258787870407104,-0.4354248046875,0.401611328125,-0.0849609375
15.483,317,2257,336,330,10.0,30.0,15.0,-13.549803733825684,21.667478561401367,-4.39453125,-0.462158203125,0.3387451171875,0.109130859375
15.484,304,2225,332,310,10.0,30.0,15.0,-16.90673828125,18.798828125,-8.30078125,-0.5469970703125,0.2271728515625,0.2296142578125
15.499,316,2153,328,330,10.0,30.0,15.0,-16.90673828125,18.798828125,-8.30078125,-0.63330078125,0.17529296875,0.2470703125
15.505,317,2176,334,330,15.0,30.0,12.0,-4.69970703125,11.047362327575684,-2.868652105331421,-0.6805419921875,0.183837890625,0.23486328125
15.515,318,2364,338,332,15.0,30.0,12.0,1.5869139432907104,5.676269054412842,2.50244140625,-0.7327880859375,0.1722412109375,0.2457275390625
15.522,318,2445,344,330,15.0,30.0,12.0,1.5869139432907104,5.676269054412842,2.50244140625,-0.7945556640625,0.1329345703125,0.2490234375
15.535,318,2538,348,332,15.0,30.0,12.0,-2.746581792831421,-3.967284917831421,3.906249761581421,-0.8311767578125,0.0919189453125,0.223876953125
15.543,318,2753,375,334,15.0,30.0,12.0,-5.371093273162842,-5.249022960662842,2.990722417831421,-0.86767578125,0.1021728515625,0.179443359375
15.572,321,2736,376,338,15.0,30.0,12.0,-5.371093273162842,-5.249022960662842,2.990722417831421,-0.9150390625,0.1610107421875,0.144287109375
15.573,322,3006,402,338,15.0,30.0,12.0,-4.7607421875,-7.324218273162842,9.82666015625,-0.9290771484375,0.1927490234375,0.11376953125
15.578,321,3147,380,343,15.0,30.0,12.0,-5.554198741912842,-8.30078125,15.747069358825684,-0.90283203125,0.1776123046875,0.068115234375
15.602,323,3147,433,348,15.0,30.0,12.0,-5.554198741912842,-8.30078125,15.747069358825684,-0.8768310546875,0.1463623046875,0.0150146484375
15.602,323,3147,414,582,15.0,30.0,12.0,-0.1831054538488388,-10.314940452575684,24.902341842651367,-0.87646484375,0.125732421875,-0.0224609375
15.604,321,3147,428,684,12.0,31.0,12.0,-0.1831054538488388,-10.314940452575684,24.902341842651367,-0.89697265625,0.142333984375,-0.02294921875
15.611,323,3147,455,799,12.0,31.0,12.0,2.50244140625,-12.023924827575684,29.113767623901367,-0.89697265625,0.142333984375,-0.02294921875
15.626,322,3147,499,1066,12.0,31.0,12.0,8.97216796875,-15.624999046325684,42.114253997802734,-0.9136962890625,0.232666015625,0.040771484375
15.635,323,3147,473,1151,12.0,31.0,12.0,8.97216796875,-15.624999046325684,42.114253997802734,-0.880126953125,0.27587890625,0.0831298828125
15.642,324,3147,437,1281,12.0,31.0,12.0,12.390135765075684,-17.63916015625,45.959468841552734,-0.880126953125,0.27587890625,0.0831298828125
15.655,328,3147,442,1509,12.0,31.0,12.0,10.986327171325684,-21.179197311401367,36.2548828125,-0.7674560546875,0.26611328125,0.143798828125
15.669,330,3147,428,1634,12.0,31.0,12.0,10.986327171325684,-21.179197311401367,36.2548828125,-0.6685791015625,0.22802734375,0.11083984375
15.672,331,3147,526,1762,12.0,31.0,12.0,6.774901866912842,-22.338865280151367,28.686521530151367,-0.6685791015625,0.22802734375,0.11083984375
15.701,348,3147,669,2207,12.0,31.0,12.0,5.126952648162842,-26.977537155151367,17.333984375,-0.3148193359375,0.102294921875,0.0360107421875
15.704,371,3147,959,2448,12.0,31.0,12.0,5.126952648162842,-26.977537155151367,17.333984375,-0.0185546875,-0.05029296875,0.009033203125
15.704,388,3147,1363,2659,8.0,30.0,11.0,6.103515148162842,-31.799314498901367,7.568358898162842,-0.0185546875,-0.05029296875,0.009033203125
15.715,416,3147,1828,3098,8.0,30.0,11.0,21.118162155151367,-40.283199310302734,-39.48974609375,0.247802734375,0.2095947265625,0.00634765625
15.724,424,3147,2010,3147,8.0,30.0,11.0,21.118162155151367,-40.283199310302734,-39.48974609375,-0.0848388671875,0.9393310546875,0.052978515625
15.732,424,3147,2215,3147,8.0,30.0,11.0,27.648923873901367,-37.65869140625,-63.781734466552734,-0.0848388671875,0.9393310546875,0.052978515625
15.745,439,3147,2634,3147,8.0,30.0,11.0,-27.282712936401367,-20.568845748901367,-54.870601654052734,-0.87158203125,1.616943359375,0.4454345703125
15.767,455,3147,2863,3147,8.0,30.0,11.0,-27.282712936401367,-20.568845748901367,-54.870601654052734,-1.3524169921875,1.06591796875,0.5989990234375
15.768,465,3147,3140,3147,8.0,30.0,11.0,-80.50536346435547,-15.136717796325684,-44.677730560302734,-1.3524169921875,1.06591796875,0.5989990234375
15.775,473,3147,3147,3147,8.0,30.0,11.0,-114.74608612060547,-5.310058116912842,-26.184080123901367,-3.3583984375,-0.5841064453125,0.1197509765625
15.783,465,3147,2984,3147,8.0,30.0,11.0,-114.74608612060547,-5.310058116912842,-26.184080123901367,-3.561279296875,-1.0157470703125,0.04345703125
15.809,465,3147,2932,3147,8.0,30.0,11.0,-84.96092987060547,-7.019042491912842,-6.530761241912842,-3.561279296875,-1.0157470703125,0.04345703125
15.810,465,3147,2875,3147,14.0,29.0,13.0,56.274410247802734,-5.126952648162842,30.212400436401367,-1.0821533203125,-0.0333251953125,0.24951171875
15.814,465,3147,2851,3147,14.0,29.0,13.0,56.274410247802734,-5.126952648162842,30.212400436401367,-0.9705810546875,1.328369140625,0.194091796875
15.822,465,3147,2847,3147,14.0,29.0,13.0,93.74999237060547,7.995604991912842,30.090330123901367,-0.9705810546875,1.328369140625,0.194091796875
15.836,464,3147,2689,3147,14.0,29.0,13.0,48.156734466552734,26.367185592651367,22.521970748901367,-1.9573974609375,0.82080078125,0.18310546875
15.844,456,3147,2521,3147,14.0,29.0,13.0,-32.16552734375,37.7197265625,14.160155296325684,-1.9573974609375,0.82080078125,0.18310546875
15.852,444,3147,2337,3147,14.0,29.0,13.0,-61.584468841552734,35.70556640625,16.845703125,-2.04833984375,0.1494140625,0.302734375
15.871,430,3147,1968,3147,14.0,29.0,13.0,-32.77587890625,25.878904342651367,28.991697311401367,-1.505615234375,0.12548828125,0.3575439453125
15.877,417,3147,1662,3147,14.0,29.0,13.0,8.7890625,17.76123046875,39.12353515625,-1.505615234375,0.12548828125,0.3575439453125
15.884,398,3147,1251,3147,14.0,29.0,13.0,33.14208984375,15.380858421325684,37.9638671875,-1.1953125,0.25537109375,0.33056640625
15.916,363,3147,853,2811,14.0,29.0,13.0,36.1328125,18.12744140625,27.465818405151367,-0.59326171875,0.35986328125,0.079345703125
15.919,347,3147,651,2395,13.0,30.0,12.0,29.418943405151367,24.536130905151367,16.7236328125,-0.59326171875,0.35986328125,0.079345703125
15.919,328,3147,518,1985,13.0,30.0,12.0,25.390623092651367,32.1044921875,9.70458984375,-0.388427734375,0.4036865234375,-0.0657958984375
15.927,316,3147,409,1225,13.0,30.0,12.0,23.437498092651367,37.353515625,4.0283203125,-0.29296875,0.456787109375,-0.217041015625
15.936,314,3147,407,803,13.0,30.0,12.0,15.441893577575684,39.4287109375,-2.44140625,-0.29296875,0.456787109375,-0.217041015625
15.942,316,3147,324,504,13.0,30.0,12.0,0.4882812201976776,39.85595703125,-9.6435546875,-0.3265380859375,0.4295654296875,-0.220947265625
15.971,308,2850,337,324,13.0,30.0,12.0,-13.488768577575684,39.85595703125,-16.05224609375,-0.3397216796875,0.382080078125,-0.122314453125
15.988,315,2527,346,329,13.0,30.0,12.0,-20.629880905151367,38.87939453125,-20.812986373901367,-0.3397216796875,0.382080078125,-0.122314453125
15.988,315,2098,401,333,13.0,30.0,12.0,-23.254392623901367,35.46142578125,-23.437498092651367,-0.415283203125,0.3690185546875,0.0023193359375
15.989,315,1837,344,324,13.0,30.0,12.0,-27.282712936401367,29.968259811401367,-25.085447311401367,-0.6761474609375,0.1334228515625,0.25634765625
15.993,314,1846,357,324,13.0,30.0,12.0,-32.3486328125,24.536130905151367,-26.306150436401367,-0.6761474609375,0.1334228515625,0.25634765625
16.021,312,1914,411,337,14.0,32.0,14.0,-33.203125,19.83642578125,-24.780271530151367,-0.7615966796875,0.0755615234375,0.3043212890625
16.022,315,2337,348,330,14.0,32.0,14.0,-30.029294967651367,14.892577171325684,-19.287109375,-0.70849609375,0.0870361328125,0.2418212890625
16.024,312,2516,401,332,14.0,32.0,14.0,-28.259275436401367,9.94873046875,-13.061522483825684,-0.70849609375,0.0870361328125,0.2418212890625
16.032,316,2778,388,332,14.0,32.0,14.0,-30.334470748901367,6.896972179412842,-9.27734375,-0.72412109375,0.124267578125,0.1793212890625
16.047,315,2991,384,334,14.0,32.0,14.0,-33.99658203125,6.347655773162842,-7.141112804412842,-0.806884765625,0.197265625,0.12255859375
16.053,313,3147,382,344,14.0,32.0,14.0,-38.4521484375,7.324218273162842,-4.45556640625,-0.855712890625,0.282958984375,0.0906982421875
16.078,316,3147,419,416,14.0,32.0,14.0,-46.081539154052734,8.544921875,-2.38037109375,-0.837890625,0.2926025390625,0.0521240234375
16.078,301,3147,458,913,14.0,32.0,14.0,-55.053707122802734,8.6669921875,-1.5869139432907104,-0.80322265625,0.162841796875,-0.0235595703125
16.085,317,3147,427,1248,14.0,32.0,14.0,-55.175777435302734,6.347655773162842,1.03759765625,-0.7828369140625,-0.0047607421875,-0.1143798828125
16.092,317,3147,456,1490,14.0,32.0,14.0,-39.00146484375,0.1220703050494194,8.30078125,-0.7799072265625,-0.0653076171875,-0.1600341796875
16.122,321,3147,464,1920,14.0,29.0,8.0,-11.962889671325684,-10.620116233825684,17.9443359375,-0.798828125,-0.0107421875,-0.1256103515625
16.123,318,3147,473,2074,14.0,29.0,8.0,12.939452171325684,-23.010251998901367,25.878904342651367,-0.8262939453125,0.0872802734375,-0.0572509765625
16.125,323,3147,508,2275,14.0,29.0,8.0,27.587888717651367,-32.04345703125,30.639646530151367,-0.837646484375,0.19921875,0.022216796875
16.135,323,3147,555,2561,14.0,29.0,8.0,30.273435592651367,-33.99658203125,33.203125,-0.83984375,0.29296875,0.0960693359375
16.143,324,3147,607,2726,14.0,29.0,8.0,24.719236373901367,-29.785154342651367,35.70556640625,-0.8355712890625,0.2852783203125,0.1260986328125
16.152,328,3147,569,2938,14.0,29.0,8.0,17.88330078125,-24.047849655151367,40.771480560302734,-0.797119140625,0.1524658203125,0.1143798828125
16.178,346,3147,749,3147,14.0,29.0,8.0,15.991209983825684,-20.568845748901367,47.973628997802734,-0.7080078125,0.00537109375,0.0828857421875
16.178,360,3147,803,3147,14.0,29.0,8.0,21.972654342651367,-20.629880905151367,53.710933685302734,-0.586181640625,-0.0487060546875,0.0511474609375
16.181,376,3147,984,3147,14.0,29.0,8.0,31.249998092651367,-24.780271530151367,53.161617279052734,-0.462158203125,-0.0352783203125,0.0489501953125
16.196,411,3147,1315,3147,12.0,33.0,12.0,39.48974609375,-32.3486328125,41.748043060302734,-0.331787109375,0.0064697265625,0.09326171875
16.210,433,3147,1453,3147,12.0,33.0,12.0,47.241207122802734,-39.97802734375,17.15087890625,-0.0855712890625,0.00390625,0.1341552734375
16.215,454,3147,1659,3147,12.0,33.0,12.0,52.795406341552734,-42.785640716552734,-21.728513717651367,0.1981201171875,0.0257568359375,0.1771240234375
16.226,464,3147,2084,3147,12.0,33.0,12.0,54.260250091552734,-38.87939453125,-63.110347747802734,0.1075439453125,0.55615234375,0.163330078125
16.235,473,3147,2354,3147,12.0,33.0,12.0,53.405757904052734,-30.883787155151367,-76.416015625,-0.440673828125,1.690185546875,0.0428466796875
16.245,482,3147,2571,3147,12.0,33.0,12.0,44.250484466552734,-24.902341842651367,-52.551265716552734,-1.0504150390625,2.4613037109375,0.0672607421875
16.255,497,3147,2984,3147,12.0,33.0,12.0,10.803221702575684,-24.841306686401367,-26.245115280151367,-1.6746826171875,1.9744873046875,0.1932373046875
16.280,506,3147,3048,3147,12.0,33.0,12.0,-39.97802734375,-26.428220748901367,-29.296873092651367,-2.5589599609375,0.4342041015625,0.2100830078125
16.281,504,3147,2943,3147,12.0,33.0,12.0,-74.15771484375,-25.756834030151367,-47.607418060302734,-3.452880859375,-0.797119140625,0.21142578125
16.286,499,3147,2877,3147,12.0,33.0,12.0,-56.518550872802734,-22.583005905151367,-40.344234466552734,-3.2664794921875,-1.08056640625,0.1390380859375
16.294,497,3147,2853,3147,11.0,28.0,9.0,7.934569835662842,-14.404295921325684,-9.3994140625,-1.9698486328125,-0.8037109375,0.203125
16.302,506,3147,2820,3147,11.0,28.0,9.0,69.88525390625,-0.6713866591453552,15.869139671325684,-1.22509765625,0.3267822265625,0.416015625
16.318,499,3147,2724,3147,11.0,28.0,9.0,75.0732421875,15.197752952575684,31.311033248901367,-1.511474609375,1.3443603515625,0.3995361328125
16.324,497,3147,2647,3147,11.0,28.0,9.0,16.357421875,26.977537155151367,38.26904296875,-1.989013671875,1.09033203125,0.29150390625
16.333,493,3147,2514,3147,11.0,28.0,9.0,-36.4990234375,30.517576217651367,43.029781341552734,-2.0899658203125,0.392333984375,0.2564697265625
16.347,484,3147,2221,3147,11.0,28.0,9.0,-30.212400436401367,26.611326217651367,52.062984466552734,-1.7913818359375,0.036865234375,0.2725830078125
16.358,478,3147,1960,3147,11.0,28.0,9.0,11.230467796325684,18.6767578125,59.936519622802734,-1.347412109375,0.0469970703125,0.31640625
16.362,465,3147,1537,3147,11.0,28.0,9.0,46.325679779052734,13.793944358825684,59.204097747802734,-0.93359375,0.3048095703125,0.3199462890625
16.387,437,3147,784,3147,11.0,28.0,9.0,56.457515716552734,16.05224609375,47.241207122802734,-0.611328125,0.567626953125,0.2227783203125
16.388,404,3147,539,3147,11.0,28.0,9.0,44.433589935302734,24.230955123901367,28.686521530151367,-0.4205322265625,0.597900390625,0.0411376953125
16.392,371,3147,439,3019,12.0,31.0,12.0,23.559568405151367,34.5458984375,10.742186546325684,-0.3558349609375,0.454345703125,-0.1513671875
16.405,330,3147,334,2117,12.0,31.0,12.0,6.469726085662842,43.151851654052734,-1.0986328125,-0.35205078125,0.343994140625,-0.29345703125
16.418,323,3147,345,1603,12.0,31.0,12.0,0.6103515625,47.729488372802734,-6.225585460662842,-0.330322265625,0.332763671875,-0.3419189453125
16.421,316,3147,346,1191,12.0,31.0,12.0,4.08935546875,47.119136810302734,-8.85009765625,-0.260986328125,0.3641357421875,-0.3431396484375
16.441,317,3147,391,329,12.0,31.0,12.0,7.873534679412842,43.090816497802734,-13.000487327575684,-0.2332763671875,0.4407958984375,-0.2796630859375
16.445,316,2756,426,338,12.0,31.0,12.0,3.723144292831421,36.68212890625,-18.49365234375,-0.3023681640625,0.4454345703125,-0.1239013671875
16.451,316,2598,439,338,12.0,31.0,12.0,-6.103515148162842,28.381345748901367,-24.230955123901367,-0.44189453125,0.2872314453125,0.0394287109375
16.485,316,2150,462,334,12.0,31.0,12.0,-10.559081077575684,20.507810592651367,-29.052732467651367,-0.60546875,0.1522216796875,0.1533203125
16.489,302,2024,466,333,12.0,31.0,12.0,-6.591796398162842,14.343260765075684,-29.785154342651367,-0.7169189453125,0.147216796875,0.2003173828125
16.490,315,2078,464,336,12.0,31.0,12.0,-1.0986328125,9.8876953125,-25.878904342651367,-0.736328125,0.17724609375,0.21826171875
16.493,315,2228,485,334,12.0,32.0,10.0,-1.0986328125,9.8876953125,-25.878904342651367,-0.7237548828125,0.1973876953125,0.2281494140625
16.508,316,2299,479,330,12.0,32.0,10.0,4.57763671875,1.15966796875,-14.648436546325684,-0.755615234375,0.215087890625,0.20263671875
16.521,315,2424,466,336,12.0,32.0,10.0,4.94384765625,-2.990722417831421,-9.21630859375,-0.8267822265625,0.200927734375,0.142333984375
16.525,306,2593,497,336,12.0,32.0,10.0,4.94384765625,-2.990722417831421,-9.21630859375,-0.88916015625,0.15966796875,0.093505859375
16.535,321,2863,506,336,12.0,32.0,10.0,-1.2817381620407104,-6.591796398162842,4.82177734375,-0.915771484375,0.141357421875,0.0897216796875
16.546,316,3020,497,338,12.0,32.0,10.0,-3.723144292831421,-8.60595703125,11.596678733825684,-0.912353515625,0.154541015625,0.0885009765625
16.552,317,3147,441,336,12.0,32.0,10.0,-3.723144292831421,-8.60595703125,11.596678733825684,-0.896240234375,0.181640625,0.04296875
16.566,317,3147,456,545,12.0,32.0,10.0,-1.8920897245407104,-12.390135765075684,21.545408248901367,-0.872802734375,0.215087890625,-0.012939453125
16.588,318,3147,479,669,12.0,32.0,10.0,-0.6103515625,-13.916014671325684,26.184080123901367,-0.85107421875,0.2470703125,-0.040771484375
16.594,321,3147,470,864,12.0,32.0,10.0,-0.6103515625,-13.916014671325684,26.184080123901367,-0.8233642578125,0.2747802734375,-0.0423583984375
16.595,323,3147,501,1189,10.0,30.0,7.0,-1.220703125,-17.27294921875,36.56005859375,-0.7728271484375,0.3035888671875,-0.019287109375
16.661,325,3147,410,1426,10.0,30.0,7.0,-3.479003667831421,-19.1650390625,39.73388671875,-0.720458984375,0.3311767578125,0.0196533203125
16.662,330,3147,398,1659,10.0,30.0,7.0,-3.479003667831421,-19.1650390625,39.73388671875,-0.6624755859375,0.3431396484375,0.0501708984375
16.663,330,3147,456,2184,10.0,30.0,7.0,-5.493163585662842,-23.071287155151367,33.75244140625,-0.557861328125,0.3394775390625,0.0723876953125
16.663,338,3147,456,2494,10.0,30.0,7.0,-4.45556640625,-26.306150436401367,23.193357467651367,-0.3968505859375,0.298828125,0.0770263671875
16.664,360,3147,723,2803,10.0,30.0,7.0,-4.45556640625,-26.306150436401367,23.193357467651367,-0.19482421875,0.232421875,0.0589599609375
16.664,400,3147,1160,3147,10.0,30.0,7.0,11.108397483825684,-40.161128997802734,-21.545408248901367,0.0146484375,0.184326171875,0.061279296875
16.665,416,3147,1287,3147,10.0,30.0,7.0,22.399900436401367,-46.630855560302734,-54.809566497802734,0.182861328125,0.1678466796875,0.0572509765625
16.678,438,3147,1622,3147,10.0,30.0,7.0,22.399900436401367,-46.630855560302734,-54.809566497802734,0.189697265625,0.2425537109375,0.0325927734375
16.698,455,3147,1985,3147,13.0,28.0,17.0,28.381345748901367,-47.485347747802734,-87.58544158935547,0.189697265625,0.2425537109375,0.0325927734375
16.698,473,3147,2350,3147,13.0,28.0,17.0,9.8876953125,-37.841796875,-112.73192596435547,-0.6505126953125,0.9716796875,0.185791015625
16.703,481,3147,2758,3147,13.0,28.0,17.0,9.8876953125,-37.841796875,-112.73192596435547,-1.1929931640625,1.53466796875,0.3453369140625
16.716,495,3147,3024,3147,13.0,28.0,17.0,-11.840819358825684,-36.1328125,-98.93798065185547,-1.1929931640625,1.53466796875,0.3453369140625
16.771,508,3147,3129,3147,13.0,28.0,17.0,-59.448238372802734,-36.56005859375,-65.00244140625,-2.5618896484375,0.40771484375,0.5435791015625
16.771,508,3147,3147,3147,13.0,28.0,17.0,-59.448238372802734,-36.56005859375,-65.00244140625,-3.1602783203125,-0.727783203125,0.3206787109375
16.772,508,3147,3089,3147,13.0,28.0,17.0,-70.98388671875,-30.517576217651367,-68.66455078125,-3.1602783203125,-0.727783203125,0.3206787109375
16.772,501,3147,2984,3147,13.0,28.0,17.0,-2.25830078125,-8.544921875,-33.87451171875,-1.9847412109375,-0.9136962890625,-0.051025390625
16.772,484,3147,3003,3147,13.0,28.0,17.0,-2.25830078125,-8.544921875,-33.87451171875,-0.9700927734375,-0.1510009765625,-0.001953125
16.772,501,3147,3035,3147,13.0,28.0,17.0,58.105464935302734,-2.13623046875,-3.479003667831421,-0.9700927734375,-0.1510009765625,-0.001953125
16.796,501,3147,3018,3147,15.0,27.0,11.0,13.000487327575684,22.033689498901367,11.901854515075684,-1.4730224609375,1.023193359375,0.0987548828125
16.797,495,3147,2963,3147,15.0,27.0,11.0,13.000487327575684,22.033689498901367,11.901854515075684,-1.98974609375,0.6048583984375,0.1307373046875
16.800,500,3147,2890,3147,15.0,27.0,11.0,-53.710933685302734,32.04345703125,20.751951217651367,-1.98974609375,0.6048583984375,0.1307373046875
16.815,497,3147,2683,3147,15.0,27.0,11.0,-32.89794921875,17.08984375,49.865718841552734,-1.7913818359375,0.20263671875,0.391845703125
16.826,493,3147,2539,3147,15.0,27.0,11.0,-32.89794921875,17.08984375,49.865718841552734,-1.476318359375,0.3890380859375,0.4327392578125
16.831,485,3147,2347,3147,15.0,27.0,11.0,0.30517578125,9.27734375,54.138179779052734,-1.476318359375,0.3890380859375,0.4327392578125
16.844,470,3147,1820,3147,15.0,27.0,11.0,13.732909202575684,9.46044921875,49.316402435302734,-0.939453125,0.552734375,0.3026123046875
16.853,454,3147,1440,3147,15.0,27.0,11.0,15.502928733825684,13.732909202575684,41.625972747802734,-0.939453125,0.552734375,0.3026123046875
16.866,430,3147,1160,3145,15.0,27.0,11.0,14.465331077575684,18.85986328125,35.2783203125,-0.73486328125,0.47802734375,0.174560546875
16.874,388,3147,625,2372,15.0,27.0,11.0,9.94873046875,25.390623092651367,28.259275436401367,-0.53076171875,0.130126953125,-0.047607421875
16.883,363,3147,507,1894,14.0,30.0,11.0,0.9765624403953552,32.1044921875,17.27294921875,-0.53076171875,0.130126953125,-0.047607421875
16.903,346,3147,402,1516,14.0,30.0,11.0,-7.629394054412842,36.19384765625,2.13623046875,-0.4993896484375,-0.10693359375,-0.154296875
16.904,321,3147,364,588,14.0,30.0,11.0,-10.375975608825684,36.31591796875,-11.779784202575684,-0.558837890625,-0.0948486328125,-0.30224609375
16.912,317,3147,387,338,14.0,30.0,11.0,-7.019042491912842,33.447265625,-17.4560546875,-0.558837890625,-0.0948486328125,-0.30224609375
16.930,316,2559,387,333,14.0,30.0,11.0,-1.3427733182907104,28.259275436401367,-14.343260765075684,-0.5181884765625,0.1016845703125,-0.2041015625
16.935,316,2032,347,334,14.0,30.0,11.0,1.5869139432907104,22.460935592651367,-8.85009765625,-0.425048828125,0.376708984375,0.0390625
16.942,317,1861,361,332,14.0,30.0,11.0,-1.4648436307907104,17.88330078125,-7.080077648162842,-0.425048828125,0.376708984375,0.0390625
16.952,314,1830,438,331,14.0,30.0,11.0,-9.33837890625,15.869139671325684,-8.056640625,-0.5489501953125,0.35791015625,0.0765380859375
16.972,314,1864,424,332,14.0,30.0,11.0,-13.305663108825684,15.014647483825684,-6.469726085662842,-0.6622314453125,0.3421630859375,0.1793212890625
16.972,310,1997,417,330,14.0,30.0,11.0,-7.690429210662842,11.962889671325684,-0.8544921278953552,-0.6622314453125,0.3421630859375,0.1793212890625
16.997,315,2138,426,333,14.0,30.0,9.0,0.0610351525247097,6.530761241912842,4.39453125,-0.6143798828125,0.384033203125,0.23046875
16.998,316,2404,455,342,14.0,30.0,9.0,-0.30517578125,0.9765624403953552,5.0048828125,-0.6522216796875,0.2965087890625,0.2587890625
17.003,318,2541,385,336,14.0,30.0,9.0,-8.30078125,-3.234863042831421,2.13623046875,-0.6522216796875,0.2965087890625,0.2587890625
17.011,318,2766,413,338,14.0,30.0,9.0,-15.991209983825684,-5.126952648162842,0.1831054538488388,-0.72509765625,0.238525390625,0.171875
17.037,318,3147,455,344,14.0,30.0,9.0,-19.83642578125,-5.0048828125,2.01416015625,-0.793701171875,0.24267578125,0.0394287109375
17.042,321,3147,414,567,14.0,30.0,9.0,-21.118162155151367,-4.8828125,6.164550304412842,-0.793701171875,0.24267578125,0.0394287109375
17.043,323,3147,460,852,14.0,30.0,9.0,-20.141599655151367,-6.408690929412842,9.3994140625,-0.8134765625,0.234130859375,0.007568359375
17.054,324,3147,462,1268,14.0,30.0,9.0,-15.869139671325684,-9.765625,10.620116233825684,-0.8770751953125,0.1610107421875,0.0068359375
17.062,322,3147,442,1504,14.0,30.0,9.0,-8.97216796875,-14.648436546325684,10.925292015075684,-0.8770751953125,0.1610107421875,0.0068359375
17.070,324,3147,424,1730,14.0,30.0,9.0,-2.25830078125,-20.01953125,10.864256858825684,-0.819091796875,0.091552734375,0.014404296875
17.084,334,3147,519,2153,13.0,29.0,8.0,3.540038824081421,-23.925779342651367,9.70458984375,-0.7139892578125,0.070068359375,0.0267333984375
17.101,337,3147,526,2388,13.0,29.0,8.0,7.873534679412842,-26.000974655151367,6.896972179412842,-0.6241455078125,0.108642578125,0.047607421875
17.102,352,3147,593,2654,13.0,29.0,8.0,8.544921875,-27.343748092651367,2.0751953125,-0.5177001953125,0.1331787109375,0.070068359375
17.114,385,3147,989,2966,13.0,29.0,8.0,6.591796398162842,-29.113767623901367,-5.493163585662842,-0.39208984375,0.1483154296875,0.076171875
17.122,402,3147,1198,3147,13.0,29.0,8.0,6.835937023162842,-32.16552734375,-16.7236328125,-0.26806640625,0.1256103515625,0.0450439453125
17.137,424,3147,1487,3147,13.0,29.0,8.0,12.207030296325684,-35.94970703125,-30.944822311401367,-0.139404296875,0.011474609375,-0.0294189453125
17.148,442,3147,1922,3147,13.0,29.0,8.0,22.277830123901367,-40.283199310302734,-43.640132904052734,-0.0673828125,0.013671875,-0.0582275390625
17.153,458,3147,2217,3147,13.0,29.0,8.0,30.883787155151367,-43.701168060302734,-48.583980560302734,-0.145263671875,0.3385009765625,0.072021484375
17.160,468,3147,2364,3147,13.0,29.0,8.0,23.864744186401367,-43.579097747802734,-43.823238372802734,-0.4261474609375,0.932373046875,0.29931640625
17.174,485,3147,2909,3147,17.0,27.0,10.0,-7.080077648162842,-38.39111328125,-32.5927734375,-0.779052734375,1.4766845703125,0.47314453125
17.187,497,3147,3012,3147,17.0,27.0,10.0,-46.569820404052734,-31.677244186401367,-19.95849609375,-1.29833984375,1.443115234375,0.5787353515625
17.204,501,3147,3077,3147,17.0,27.0,10.0,-75.62255859375,-27.404783248901367,-15.441893577575684,-2.2276611328125,0.5335693359375,0.405029296875
17.209,501,3147,3129,3147,17.0,27.0,10.0,-91.73583221435547,-20.080564498901367,-21.728513717651367,-3.00732421875,-0.461181640625,0.143798828125
17.237,501,3147,3039,3147,17.0,27.0,10.0,-85.38817596435547,-11.108397483825684,-22.155759811401367,-3.1982421875,-0.8065185546875,0.12548828125
17.281,499,3147,3008,3147,17.0,27.0,10.0,-47.241207122802734,-5.615233898162842,-2.3193359375,-2.521728515625,-0.7197265625,0.186767578125
17.284,499,3147,2983,3147,17.0,27.0,10.0,3.967284917831421,1.7089842557907104,22.705076217651367,-1.266845703125,-0.2734375,0.359130859375
17.326,497,3147,2973,3147,17.0,27.0,10.0,32.53173828125,14.099120140075684,32.53173828125,-0.76708984375,0.5975341796875,0.47119140625
17.374,497,3147,2958,3147,17.0,27.0,10.0,13.793944358825684,29.418943405151367,30.639646530151367,-1.245849609375,1.1513671875,0.359375
17.375,497,3147,2861,3147,17.0,27.0,10.0,-28.259275436401367,40.10009765625,27.465818405151367,-1.8504638671875,0.908447265625,0.2562255859375
17.375,495,3147,2760,3147,16.0,29.0,8.0,-44.250484466552734,40.649410247802734,28.503416061401367,-2.0350341796875,0.4910888671875,0.269287109375
17.376,493,3147,2643,3147,16.0,29.0,8.0,-25.085447311401367,33.26416015625,32.5927734375,-1.8321533203125,0.3192138671875,0.32470703125
17.377,483,3147,2354,3147,16.0,29.0,8.0,3.906249761581421,24.780271530151367,34.72900390625,-1.510986328125,0.3253173828125,0.3411865234375
17.377,473,3147,2098,3147,16.0,29.0,8.0,22.521970748901367,20.385740280151367,33.14208984375,-1.253662109375,0.3077392578125,0.2694091796875
17.379,465,3147,1702,3147,16.0,29.0,8.0,26.733396530151367,20.263669967651367,30.883787155151367,-1.069580078125,0.26171875,0.1923828125
17.379,418,3147,1170,3147,16.0,29.0,8.0,22.338865280151367,22.155759811401367,32.53173828125,-0.88818359375,0.243896484375,0.15283203125
17.380,416,3147,814,3147,16.0,29.0,8.0,16.17431640625,26.062009811401367,36.07177734375,-0.7315673828125,0.1976318359375,0.0987548828125
17.381,400,3147,518,3011,16.0,29.0,8.0,12.268065452575684,32.470703125,34.7900390625,-0.625732421875,0.0948486328125,0.007568359375
17.381,336,3147,370,2471,16.0,29.0,8.0,10.498045921325684,38.39111328125,26.123044967651367,-0.5599365234375,-0.015380859375,-0.0927734375
17.382,323,3147,346,2035,16.0,29.0,8.0,11.474608421325684,39.9169921875,14.526366233825684,-0.539794921875,-0.028076171875,-0.2054443359375
17.382,317,3147,336,1580,12.0,33.0,9.0,16.357421875,38.14697265625,7.141112804412842,-0.53955078125,0.1539306640625,-0.2886962890625
17.386,316,3147,371,780,12.0,33.0,9.0,21.728513717651367,35.33935546875,5.676269054412842,-0.4837646484375,0.406982421875,-0.25634765625
17.414,310,3147,424,464,12.0,33.0,9.0,20.935056686401367,30.639646530151367,5.0048828125,-0.3687744140625,0.4986572265625,-0.1500244140625
17.414,310,3147,388,327,12.0,33.0,9.0,13.916014671325684,24.902341842651367,0.1831054538488388,-0.3238525390625,0.4415283203125,-0.046630859375
17.416,296,2766,376,328,12.0,33.0,9.0,6.530761241912842,19.8974609375,-7.385253429412842,-0.419189453125,0.3404541015625,0.0531005859375
17.423,312,2662,371,329,12.0,33.0,9.0,3.723144292831421,15.686034202575684,-12.390135765075684,-0.565185546875,0.25634765625,0.1571044921875
17.442,310,2613,433,330,12.0,33.0,9.0,8.23974609375,11.840819358825684,-11.779784202575684,-0.6546630859375,0.2568359375,0.208740234375
17.445,312,2607,468,332,12.0,33.0,9.0,17.02880859375,8.4228515625,-6.896972179412842,-0.6866455078125,0.318115234375,0.2152099609375
17.454,310,2638,462,332,12.0,33.0,9.0,22.644041061401367,4.45556640625,-2.13623046875,-0.708740234375,0.35888671875,0.2266845703125
17.463,313,2652,481,330,12.0,33.0,9.0,20.996091842651367,-0.30517578125,-0.4882812201976776,-0.75,0.3670654296875,0.2471923828125
17.476,313,2765,484,330,15.0,33.0,15.0,13.305663108825684,-4.2724609375,-1.8920897245407104,-0.8018798828125,0.3389892578125,0.230224609375
17.485,308,2799,456,328,15.0,33.0,15.0,3.540038824081421,-5.249022960662842,-3.479003667831421,-0.8448486328125,0.2847900390625,0.1702880859375
17.491,310,2919,466,332,15.0,33.0,15.0,-3.540038824081421,-3.723144292831421,-2.563476324081421,-0.8741455078125,0.2386474609375,0.1055908203125
17.509,315,3144,499,332,15.0,33.0,15.0,-5.187987804412842,-2.38037109375,1.5869139432907104,-0.88525390625,0.2030029296875,0.0498046875
17.513,313,3147,516,338,15.0,33.0,15.0,-2.44140625,-3.295898199081421,7.385253429412842,-0.881591796875,0.1734619140625,0.0069580078125
17.524,315,3147,525,531,15.0,33.0,15.0,2.197265625,-6.408690929412842,12.756346702575684,-0.873046875,0.14453125,-0.0205078125
17.559,316,3147,481,841,15.0,33.0,15.0,7.324218273162842,-10.864256858825684,15.991209983825684,-0.8597412109375,0.1295166015625,-0.0362548828125
17.560,318,3147,482,1018,15.0,33.0,15.0,13.488768577575684,-15.624999046325684,17.15087890625,-0.8404541015625,0.1536865234375,-0.0419921875
17.560,316,3147,455,1157,15.0,33.0,15.0,20.141599655151367,-20.141599655151367,17.822265625,-0.8223876953125,0.2139892578125,-0.0361328125
17.574,324,3147,413,1445,13.0,30.0,7.0,24.902341842651367,-24.047849655151367,19.71435546875,-0.83544921875,0.2730712890625,-0.021484375
17.575,326,3147,398,1613,13.0,30.0,7.0,26.123044967651367,-26.977537155151367,23.620603561401367,-0.8992919921875,0.290771484375,-0.0057373046875
17.582,323,3147,447,1750,13.0,30.0,7.0,24.169919967651367,-29.602048873901367,30.395505905151367,-0.9739990234375,0.2454833984375,0.008056640625
17.620,330,3147,506,2205,13.0,30.0,7.0,23.437498092651367,-33.75244140625,41.503902435302734,-0.9620361328125,0.106689453125,-0.0084228515625
17.620,315,3147,533,2388,13.0,30.0,7.0,29.663084030151367,-40.649410247802734,55.358882904052734,-0.7650146484375,-0.06884765625,-0.0775146484375
17.621,345,3147,673,2700,13.0,30.0,7.0,44.189449310302734,-50.659175872802734,64.51416015625,-0.40380859375,-0.189208984375,-0.09375
17.626,401,3147,1012,3147,13.0,30.0,7.0,63.232418060302734,-61.767574310302734,58.349605560302734,0.0751953125,-0.2158203125,0.0244140625
17.634,424,3147,1488,3147,13.0,30.0,7.0,76.11083984375,-67.68798828125,29.174802780151367,0.5693359375,-0.0311279296875,0.1712646484375
17.645,440,3147,1693,3147,13.0,30.0,7.0,76.11083984375,-67.68798828125,29.174802780151367,0.7894287109375,0.4005126953125,0.24853515625
17.657,464,3147,1967,3147,13.0,30.0,7.0,54.687496185302734,-53.405757904052734,-74.64599609375,0.4654541015625,1.032958984375,0.171875
17.664,470,3147,2286,3147,11.0,32.0,12.0,23.925779342651367,-36.865234375,-101.62352752685547,-0.332275390625,1.7760009765625,-0.014892578125
17.672,478,3147,2552,3147,11.0,32.0,12.0,23.925779342651367,-36.865234375,-101.62352752685547,-1.0340576171875,2.127685546875,0.042236328125
17.685,497,3147,3025,3147,11.0,32.0,12.0,-48.034664154052734,-25.817869186401367,-58.837886810302734,-1.391357421875,1.7037353515625,0.4532470703125
17.694,506,3147,3102,3147,11.0,32.0,12.0,-80.078125,-33.14208984375,-47.363277435302734,-2.10986328125,0.84375,0.780029296875
17.719,509,3147,3146,3147,11.0,32.0,12.0,-80.078125,-33.14208984375,-47.363277435302734,-3.1927490234375,-0.3057861328125,0.672119140625
17.719,508,3147,3042,3147,11.0,32.0,12.0,-105.04149627685547,-21.545408248901367,-60.058589935302734,-3.6015625,-1.3656005859375,0.406982421875
17.724,508,3147,2990,3147,11.0,32.0,12.0,-71.1669921875,-5.615233898162842,-47.851558685302734,-2.7279052734375,-1.5753173828125,0.176025390625
17.732,506,3147,2992,3147,11.0,32.0,12.0,-71.1669921875,-5.615233898162842,-47.851558685302734,-1.3568115234375,-0.7235107421875,0.0552978515625
17.754,508,3147,3000,3147,11.0,32.0,12.0,91.55272674560547,23.132322311401367,11.230467796325684,-0.897705078125,0.852294921875,0.0650634765625
17.754,506,3147,2963,3147,11.0,32.0,12.0,79.833984375,31.494138717651367,23.437498092651367,-1.399169921875,1.7861328125,0.0167236328125
17.764,506,3147,2886,3147,14.0,31.0,13.0,79.833984375,31.494138717651367,23.437498092651367,-1.9639892578125,1.177001953125,0.078857421875
17.777,501,3147,2703,3147,14.0,31.0,13.0,-86.73094940185547,29.235837936401367,23.803709030151367,-2.0455322265625,0.1334228515625,0.30419921875
17.786,499,3147,2573,3147,14.0,31.0,13.0,-66.95556640625,17.333984375,34.36279296875,-1.731201171875,-0.1495361328125,0.4652099609375
17.793,496,3147,2415,3147,14.0,31.0,13.0,-66.95556640625,17.333984375,34.36279296875,-1.355712890625,0.2203369140625,0.4940185546875
17.834,485,3147,2089,3147,14.0,31.0,13.0,52.490230560302734,5.187987804412842,35.94970703125,-1.065673828125,0.647705078125,0.4405517578125
17.835,458,3147,1789,3147,14.0,31.0,13.0,52.612300872802734,10.070799827575684,16.17431640625,-0.8414306640625,0.770751953125,0.31494140625
17.835,456,3147,1439,3147,14.0,31.0,13.0,52.612300872802734,10.070799827575684,16.17431640625,-0.694091796875,0.5948486328125,0.1455078125
17.835,414,3147,900,2723,14.0,31.0,13.0,17.2119140625,24.291990280151367,-9.46044921875,-0.6334228515625,0.3768310546875,-0.0062255859375
17.854,384,3147,661,2341,14.0,31.0,13.0,16.4794921875,31.433103561401367,-11.291502952575684,-0.593017578125,0.255859375,-0.132080078125
17.854,336,3147,388,1943,14.0,31.0,13.0,16.4794921875,31.433103561401367,-11.291502952575684,-0.5458984375,0.1287841796875,-0.294921875
17.880,323,3147,359,1038,14.0,31.0,19.0,5.737304210662842,43.640132904052734,-18.00537109375,-0.5213623046875,0.041259765625,-0.421875
17.880,304,3147,351,458,14.0,31.0,19.0,5.737304210662842,43.640132904052734,-18.00537109375,-0.4814453125,0.0435791015625,-0.39013671875
17.883,314,3024,369,336,14.0,31.0,19.0,-1.6479490995407104,45.532222747802734,-19.04296875,-0.4814453125,0.0435791015625,-0.39013671875
17.898,312,2437,390,334,14.0,31.0,19.0,-5.310058116912842,30.090330123901367,-20.01953125,-0.3001708984375,0.100341796875,0.0013427734375
17.919,313,2141,361,330,14.0,31.0,19.0,-5.310058116912842,30.090330123901367,-20.01953125,-0.420654296875,0.1602783203125,0.1280517578125
17.920,313,1686,316,329,14.0,31.0,19.0,-6.774901866912842,22.399900436401367,-24.291990280151367,-0.420654296875,0.1602783203125,0.1280517578125
17.961,313,1452,404,318,14.0,31.0,19.0,-13.366698265075684,17.333984375,-21.606443405151367,-0.6708984375,0.2073974609375,0.3267822265625
17.961,313,1386,416,330,14.0,31.0,19.0,-13.366698265075684,17.333984375,-21.606443405151367,-0.640625,0.3062744140625,0.3277587890625
17.962,313,1527,437,330,14.0,31.0,19.0,-8.9111328125,14.343260765075684,-11.474608421325684,-0.640625,0.3062744140625,0.3277587890625
17.962,314,1739,455,330,15.0,32.0,10.0,-7.629394054412842,8.7890625,1.4648436307907104,-0.6832275390625,0.3526611328125,0.229736328125
17.966,313,1850,466,330,15.0,32.0,10.0,-7.629394054412842,8.7890625,1.4648436307907104,-0.767333984375,0.2662353515625,0.1666259765625
17.973,313,2005,463,332,15.0,32.0,10.0,-15.319823265075684,6.347655773162842,2.3193359375,-0.767333984375,0.2662353515625,0.1666259765625
17.985,315,2266,377,328,15.0,32.0,10.0,-18.6767578125,1.6479490995407104,6.286620616912842,-0.82666015625,0.17431640625,0.0494384765625
17.993,316,2539,386,336,15.0,32.0,10.0,-18.6767578125,1.6479490995407104,6.286620616912842,-0.8013916015625,0.1629638671875,0.0107421875
18.001,315,2820,363,336,15.0,32.0,10.0,-14.404295921325684,-1.8920897245407104,9.521484375,-0.8013916015625,0.1629638671875,0.0107421875
18.028,317,3147,418,346,15.0,32.0,10.0,-7.141112804412842,-9.46044921875,13.793944358825684,-0.7747802734375,0.236328125,-0.02490234375
18.031,319,3147,396,620,15.0,32.0,10.0,-7.141112804412842,-9.46044921875,13.793944358825684,-0.7884521484375,0.259033203125,-0.0045166015625
18.041,321,3147,402,910,15.0,32.0,10.0,-5.493163585662842,-12.084959983825684,14.099120140075684,-0.7884521484375,0.259033203125,-0.0045166015625
18.060,323,3147,426,1351,15.0,32.0,10.0,-11.291502952575684,-12.268065452575684,14.160155296325684,-0.8638916015625,0.2738037109375,0.0645751953125
18.060,308,3147,444,1580,12.0,26.0,17.0,-11.291502952575684,-12.268065452575684,14.160155296325684,-0.85400390625,0.2315673828125,0.0521240234375
18.062,324,3147,382,1769,12.0,26.0,17.0,-18.5546875,-11.962889671325684,14.770506858825684,-0.85400390625,0.2315673828125,0.0521240234375
18.076,328,3147,430,2183,12.0,26.0,17.0,-22.033689498901367,-11.840819358825684,17.9443359375,-0.7108154296875,0.1043701171875,-0.1053466796875
18.084,338,3147,485,2400,12.0,26.0,17.0,-22.033689498901367,-11.840819358825684,17.9443359375,-0.5916748046875,0.016357421875,-0.1171875
18.091,361,3147,606,2643,12.0,26.0,17.0,-17.2119140625,-14.099120140075684,18.61572265625,-0.5916748046875,0.016357421875,-0.1171875
18.106,402,3147,986,2996,12.0,26.0,17.0,-8.1787109375,-20.385740280151367,15.808104515075684,-0.1923828125,-0.130615234375,-0.0587158203125
18.126,424,3147,1375,3147,12.0,26.0,17.0,7.934569835662842,-28.869626998901367,7.446288585662842,-0.1923828125,-0.130615234375,-0.0587158203125
18.126,431,3147,1634,3147,12.0,26.0,17.0,24.963376998901367,-34.97314453125,-8.72802734375,0.0333251953125,-0.145263671875,0.0313720703125
18.146,458,3147,1981,3147,12.0,26.0,17.0,32.40966796875,-35.7666015625,-29.907224655151367,-0.0936279296875,0.481689453125,0.51025390625
18.146,465,3147,2174,3147,12.0,26.0,17.0,28.564451217651367,-34.0576171875,-44.433589935302734,-0.0936279296875,0.481689453125,0.51025390625
18.162,472,3147,2372,3147,13.0,29.0,10.0,17.578125,-34.24072265625,-38.57421875,-0.501220703125,1.194091796875,0.7598876953125
18.166,491,3147,2904,3147,13.0,29.0,10.0,1.3427733182907104,-35.58349609375,-17.27294921875,-1.2451171875,1.4832763671875,0.9429931640625
18.174,497,3147,3071,3147,13.0,29.0,10.0,-19.04296875,-34.5458984375,-0.4272460639476776,-1.2451171875,1.4832763671875,0.9429931640625
18.181,508,3147,3147,3147,13.0,29.0,10.0,-35.15625,-29.418943405151367,3.540038824081421,-1.9935302734375,0.83251953125,0.6732177734375
18.195,499,3147,2984,3147,13.0,29.0,10.0,-43.395992279052734,-19.775390625,-1.3427733182907104,-3.5418701171875,-0.859375,-0.4349365234375
18.204,497,3147,2891,3147,13.0,29.0,10.0,-39.00146484375,-5.920409679412842,-5.126952648162842,-3.5418701171875,-0.859375,-0.4349365234375
18.222,501,3147,2881,3147,13.0,29.0,10.0,-5.493163585662842,5.615233898162842,7.751464366912842,-2.6663818359375,-0.804931640625,-0.583251953125
18.230,499,3147,2920,3147,13.0,29.0,10.0,49.621578216552734,7.934569835662842,25.756834030151367,-0.94140625,1.15185546875,0.0859375
18.235,499,3147,2901,3147,13.0,29.0,10.0,83.98436737060547,7.019042491912842,29.846189498901367,-0.94140625,1.15185546875,0.0859375
18.242,498,3147,2869,3147,13.0,29.0,10.0,49.194332122802734,14.404295921325684,22.399900436401367,-1.3848876953125,1.82373046875,0.2919921875
18.260,497,3147,2713,3147,15.0,29.0,19.0,-39.48974609375,27.221677780151367,10.437010765075684,-1.9290771484375,0.20947265625,0.4757080078125
18.275,494,3147,2559,3147,15.0,29.0,19.0,-89.72167205810547,34.11865234375,6.469726085662842,-1.9290771484375,0.20947265625,0.4757080078125
18.276,493,3147,2394,3147,15.0,29.0,19.0,-57.495113372802734,32.16552734375,15.808104515075684,-1.7503662109375,-0.03466796875,0.4361572265625
18.285,481,3147,2102,3147,15.0,29.0,19.0,4.638671875,25.268552780151367,28.625486373901367,-1.2977294921875,0.41162109375,0.33935546875
18.294,466,3147,1830,3147,15.0,29.0,19.0,41.076656341552734,19.34814453125,31.738279342651367,-1.2977294921875,0.41162109375,0.33935546875
18.302,456,3147,1467,3147,15.0,29.0,19.0,44.738765716552734,17.02880859375,24.230955123901367,-1.1053466796875,0.47900390625,0.2611083984375
18.331,411,3147,763,2879,15.0,29.0,19.0,36.62109375,17.822265625,16.05224609375,-0.8984375,0.419677734375,0.1356201171875
18.331,371,3147,535,2330,15.0,29.0,19.0,32.8369140625,21.789548873901367,10.864256858825684,-0.714111328125,0.297119140625,-0.0174560546875
18.332,326,3147,354,1686,15.0,29.0,19.0,31.494138717651367,28.808591842651367,3.967284917831421,-0.5648193359375,0.239990234375,-0.169921875
18.345,319,3147,347,506,12.0,31.0,14.0,25.573728561401367,36.80419921875,-5.859374523162842,-0.3992919921875,0.19140625,-0.3026123046875
18.376,313,2567,323,327,12.0,31.0,14.0,16.17431640625,42.541500091552734,-16.845703125,-0.26953125,0.1380615234375,-0.3853759765625
18.376,298,1820,360,332,12.0,31.0,14.0,9.46044921875,44.006343841552734,-25.329587936401367,-0.2293701171875,0.1806640625,-0.3653564453125
18.377,302,1233,359,334,12.0,31.0,14.0,4.7607421875,39.9169921875,-29.174802780151367,-0.2523193359375,0.2176513671875,-0.2271728515625
18.385,315,933,402,327,12.0,31.0,14.0,-2.01416015625,31.982419967651367,-30.883787155151367,-0.3834228515625,0.21142578125,-0.056396484375
18.392,308,644,348,327,12.0,31.0,14.0,-9.1552734375,24.414060592651367,-31.188962936401367,-0.552734375,0.2164306640625,0.098876953125
18.405,308,509,355,324,12.0,31.0,14.0,-13.305663108825684,17.4560546875,-28.015134811401367,-0.638671875,0.250244140625,0.2518310546875
18.414,306,540,348,324,12.0,31.0,14.0,-11.779784202575684,9.1552734375,-20.568845748901367,-0.619384765625,0.31640625,0.33984375
18.432,308,536,356,324,12.0,31.0,14.0,-5.676269054412842,1.7089842557907104,-12.817381858825684,-0.5411376953125,0.3499755859375,0.3287353515625
18.435,310,555,342,324,12.0,31.0,14.0,-0.2441406100988388,-2.01416015625,-9.46044921875,-0.4906005859375,0.3387451171875,0.2757568359375
18.444,308,722,348,330,16.0,31.0,8.0,1.5869139432907104,-3.234863042831421,-9.46044921875,-0.50146484375,0.31591796875,0.203125
18.452,310,905,338,323,16.0,31.0,8.0,-2.990722417831421,-4.33349609375,-9.27734375,-0.5411376953125,0.293212890625,0.1226806640625
18.471,313,1575,383,330,16.0,31.0,8.0,-13.854979515075684,-5.554198741912842,-7.934569835662842,-0.6085205078125,0.2532958984375,0.071533203125
18.474,313,1996,382,328,16.0,31.0,8.0,-25.085447311401367,-6.835937023162842,-6.652831554412842,-0.7152099609375,0.1727294921875,0.0462646484375
18.482,313,2220,370,334,16.0,31.0,8.0,-29.235837936401367,-8.72802734375,-3.967284917831421,-0.82763671875,0.100341796875,0.0189208984375
18.498,316,2781,377,338,16.0,31.0,8.0,-23.620603561401367,-11.901854515075684,2.44140625,-0.90234375,0.0867919921875,-0.0001220703125
18.503,317,3135,361,342,16.0,31.0,8.0,-12.939452171325684,-16.2353515625,12.084959983825684,-0.923583984375,0.1116943359375,0.017333984375
18.513,318,3147,383,527,16.0,31.0,8.0,-4.94384765625,-20.935056686401367,22.094724655151367,-0.89453125,0.1246337890625,0.0419921875
18.539,321,3147,430,1112,16.0,31.0,8.0,-3.051757574081421,-24.597166061401367,29.602048873901367,-0.80078125,0.0997314453125,0.0416259765625
18.540,321,3147,504,1453,16.0,31.0,8.0,-5.676269054412842,-26.672361373901367,32.65380859375,-0.617919921875,0.0770263671875,0.009765625
18.542,328,3147,514,1757,12.0,31.0,11.0,-8.4228515625,-27.343748092651367,29.846189498901367,-0.387451171875,0.11962890625,-0.0279541015625
18.556,356,3147,646,2295,12.0,31.0,11.0,-8.4228515625,-28.381345748901367,20.01953125,-0.208984375,0.2073974609375,-0.022216796875
18.575,383,3147,1022,2489,12.0,31.0,11.0,-8.85009765625,-30.456541061401367,2.3193359375,-0.1124267578125,0.2706298828125,0.0323486328125
18.575,411,3147,1289,2734,12.0,31.0,11.0,-15.014647483825684,-31.127927780151367,-22.216794967651367,-0.039794921875,0.2296142578125,0.0269775390625
18.586,438,3147,1967,3147,12.0,31.0,11.0,-24.597166061401367,-27.526853561401367,-48.522945404052734,-0.0045166015625,0.141357421875,-0.05029296875
18.594,458,3147,2246,3147,12.0,31.0,11.0,-28.869626998901367,-21.911619186401367,-66.58935546875,-0.11669921875,0.1993408203125,-0.071044921875
18.601,467,3147,2456,3147,12.0,31.0,11.0,-25.085447311401367,-19.95849609375,-69.15283203125,-0.4893798828125,0.5865478515625,0.1124267578125
18.615,486,3147,3056,3147,12.0,31.0,11.0,-23.498533248901367,-26.489255905151367,-55.908199310302734,-0.993408203125,1.2578125,0.4407958984375
18.641,495,3147,3147,3147,12.0,31.0,11.0,-33.0810546875,-37.59765625,-33.0810546875,-1.5892333984375,1.4617919921875,0.70166015625
18.642,506,3147,3147,3147,12.0,31.0,11.0,-48.583980560302734,-42.297359466552734,-18.00537109375,-2.339599609375,0.5814208984375,0.6104736328125
18.646,518,3147,3147,3147,13.0,30.0,15.0,-57.922359466552734,-33.75244140625,-23.437498092651367,-2.8968505859375,-0.5244140625,0.3272705078125
18.654,508,3147,3147,3147,13.0,30.0,15.0,-44.677730560302734,-19.775390625,-30.212400436401367,-2.9774169921875,-0.9061279296875,0.216064453125
18.678,506,3147,3033,3147,13.0,30.0,15.0,-3.234863042831421,-10.437010765075684,-13.549803733825684,-2.5311279296875,-0.7156982421875,0.1297607421875
18.680,508,3147,3020,3147,13.0,30.0,15.0,42.236324310302734,-1.7700194120407104,16.78466796875,-1.60009765625,-0.3304443359375,0.154296875
18.684,506,3147,2989,3147,13.0,30.0,15.0,61.889644622802734,11.596678733825684,34.72900390625,-1.121826171875,0.3953857421875,0.3116455078125
18.692,506,3147,2937,3147,13.0,30.0,15.0,42.358394622802734,26.916501998901367,38.818359375,-1.558837890625,1.1715087890625,0.3077392578125
18.706,501,3147,2772,3147,13.0,30.0,15.0,-0.3662109076976776,35.5224609375,39.55078125,-2.064697265625,1.23974609375,0.1881103515625
18.714,497,3147,2679,3147,13.0,30.0,15.0,-25.024412155151367,32.04345703125,38.02490234375,-2.1162109375,0.7906494140625,0.179443359375
18.726,493,3147,2561,3147,13.0,30.0,15.0,-12.268065452575684,19.71435546875,34.72900390625,-1.79443359375,0.376220703125,0.27587890625
18.743,484,3147,2245,3147,13.0,30.0,15.0,22.277830123901367,8.056640625,31.188962936401367,-1.376953125,0.2137451171875,0.3326416015625
18.744,475,3147,1957,3147,13.0,33.0,12.0,50.354000091552734,4.21142578125,28.991697311401367,-1.0460205078125,0.2725830078125,0.3380126953125
18.752,464,3147,1531,3147,13.0,33.0,12.0,53.405757904052734,7.141112804412842,30.090330123901367,-0.8370361328125,0.36767578125,0.308837890625
18.782,423,3147,711,2880,13.0,33.0,12.0,37.53662109375,13.977049827575684,34.423828125,-0.737548828125,0.3187255859375,0.210205078125
18.785,387,3147,473,2238,13.0,33.0,12.0,19.1650390625,23.559568405151367,37.65869140625,-0.6885986328125,0.108642578125,0.0338134765625
18.786,338,3147,348,1638,13.0,33.0,12.0,6.896972179412842,33.50830078125,35.400390625,-0.58544921875,-0.17138671875,-0.1842041015625
18.791,324,3147,324,809,13.0,33.0,12.0,6.896972179412842,33.50830078125,35.400390625,-0.471923828125,-0.3155517578125,-0.36376953125
18.805,316,2929,338,334,13.0,33.0,12.0,18.9208984375,40.710445404052734,22.583005905151367,-0.3773193359375,-0.0909423828125,-0.418212890625
18.813,313,2683,342,331,13.0,33.0,12.0,35.70556640625,35.888671875,16.90673828125,-0.211181640625,0.2686767578125,-0.3489990234375
18.821,314,2345,361,332,13.0,33.0,12.0,35.70556640625,35.888671875,16.90673828125,-0.1116943359375,0.4893798828125,-0.1944580078125
18.842,315,2000,391,328,13.0,33.0,12.0,24.597166061401367,20.202634811401367,-6.835937023162842,-0.221923828125,0.5504150390625,-0.0362548828125
18.843,313,1865,411,329,13.0,32.0,12.0,6.347655773162842,15.624999046325684,-14.831542015075684,-0.40380859375,0.5113525390625,0.0845947265625
18.854,315,1838,391,330,13.0,32.0,12.0,6.347655773162842,15.624999046325684,-14.831542015075684,-0.5325927734375,0.542724609375,0.2196044921875
18.880,315,1867,401,328,13.0,32.0,12.0,13.671874046325684,6.591796398162842,-3.051757574081421,-0.6112060546875,0.59326171875,0.2923583984375
18.880,315,1968,402,334,13.0,32.0,12.0,27.648923873901367,-1.9531248807907104,1.5869139432907104,-0.6798095703125,0.545166015625,0.2940673828125
18.881,316,2035,419,316,13.0,32.0,12.0,27.648923873901367,-1.9531248807907104,1.5869139432907104,-0.759033203125,0.4140625,0.282470703125
18.895,316,2060,433,336,13.0,32.0,12.0,34.423828125,-16.11328125,-9.58251953125,-0.8275146484375,0.257080078125,0.2188720703125
18.903,316,2111,418,334,13.0,32.0,12.0,34.423828125,-16.11328125,-9.58251953125,-0.8480224609375,0.1710205078125,0.123046875
18.911,317,2136,431,338,13.0,32.0,12.0,36.92626953125,-18.73779296875,-13.854979515075684,-0.8480224609375,0.1710205078125,0.123046875
18.924,318,2368,409,338,13.0,32.0,12.0,46.325679779052734,-19.53125,-5.126952648162842,-0.8521728515625,0.2403564453125,0.082763671875
18.950,321,2510,378,338,13.0,32.0,12.0,46.325679779052734,-19.53125,-5.126952648162842,-0.9068603515625,0.232421875,0.120361328125
18.951,321,2652,383,334,13.0,30.0,19.0,40.344234466552734,-21.118162155151367,1.7700194120407104,-0.9068603515625,0.232421875,0.120361328125
18.957,321,2777,369,342,13.0,30.0,19.0,12.268065452575684,-20.01953125,13.183592796325684,-1.018798828125,0.0838623046875,0.1180419921875
18.963,322,2992,373,342,13.0,30.0,19.0,12.268065452575684,-20.01953125,13.183592796325684,-0.9713134765625,0.015380859375,0.0826416015625
18.976,324,3147,371,344,13.0,30.0,19.0,7.873534679412842,-18.73779296875,19.95849609375,-0.9713134765625,0.015380859375,0.0826416015625
18.985,325,3147,374,593,13.0,30.0,19.0,14.953612327575684,-21.545408248901367,34.3017578125,-0.7540283203125,0.122314453125,0.0576171875
18.998,328,3147,417,840,13.0,30.0,19.0,14.953612327575684,-21.545408248901367,34.3017578125,-0.6439208984375,0.209716796875,0.0638427734375
19.001,328,3147,391,1056,13.0,30.0,19.0,10.803221702575684,-24.291990280151367,38.6962890625,-0.6439208984375,0.209716796875,0.0638427734375
19.015,344,3147,552,1607,13.0,30.0,19.0,-9.3994140625,-26.428220748901367,37.04833984375,-0.3531494140625,0.286865234375,0.111328125
19.023,363,3147,759,2012,13.0,30.0,19.0,-9.3994140625,-26.428220748901367,37.04833984375,-0.1607666015625,0.263427734375,0.1053466796875
19.049,385,3147,947,2279,10.0,30.0,13.0,-19.1650390625,-25.878904342651367,25.451658248901367,-0.1607666015625,0.263427734375,0.1053466796875
19.049,418,3147,1504,2703,10.0,30.0,13.0,-22.521970748901367,-27.587888717651367,-23.620603561401367,0.1910400390625,0.1507568359375,0.02001953125
19.054,431,3147,1772,3023,10.0,30.0,13.0,-22.521970748901367,-27.587888717651367,-23.620603561401367,0.1712646484375,0.282470703125,-0.0657958984375
19.062,439,3147,1904,3147,10.0,30.0,13.0,-14.038084983825684,-27.526853561401367,-53.039546966552734,0.1712646484375,0.282470703125,-0.0657958984375
19.085,456,3147,2213,3147,10.0,30.0,13.0,-9.46044921875,-21.484373092651367,-66.40625,-0.6356201171875,0.95263671875,-0.1358642578125
19.085,454,3147,2551,3147,10.0,30.0,13.0,-9.46044921875,-21.484373092651367,-66.40625,-1.052001953125,1.1209716796875,0.0220947265625
19.091,479,3147,2876,3147,10.0,30.0,13.0,-24.108884811401367,-23.193357467651367,-49.438472747802734,-1.052001953125,1.1209716796875,0.0220947265625
19.105,495,3147,3147,3147,10.0,30.0,13.0,-60.668941497802734,-34.24072265625,-15.502928733825684,-1.921875,0.43310546875,0.4244384765625
19.114,497,3147,3147,3147,10.0,30.0,13.0,-60.668941497802734,-34.24072265625,-15.502928733825684,-2.5758056640625,-0.3240966796875,0.440673828125
19.122,519,3147,3147,3147,10.0,30.0,13.0,-70.00732421875,-31.066892623901367,-14.221190452575684,-2.5758056640625,-0.3240966796875,0.440673828125
19.154,497,3147,3147,3147,15.0,29.0,10.0,-37.41455078125,-11.962889671325684,-1.8920897245407104,-2.593505859375,-0.248046875,0.4837646484375
19.155,479,3147,3044,3147,15.0,29.0,10.0,-37.41455078125,-11.962889671325684,-1.8920897245407104,-1.843505859375,0.2149658203125,0.365234375
19.155,493,3147,3015,3147,15.0,29.0,10.0,1.8920897245407104,-0.1220703050494194,14.709471702575684,-1.843505859375,0.2149658203125,0.365234375
19.165,494,3147,3027,3147,15.0,29.0,10.0,20.263669967651367,28.137205123901367,-0.1220703050494194,-0.9056396484375,1.2149658203125,0.305419921875
19.190,490,3147,3010,3147,15.0,29.0,10.0,20.263669967651367,28.137205123901367,-0.1220703050494194,-1.4974365234375,1.2525634765625,0.1807861328125
19.190,490,3147,2959,3147,15.0,29.0,10.0,-10.131834983825684,38.9404296875,-13.488768577575684,-1.4974365234375,1.2525634765625,0.1807861328125
19.196,488,3147,2781,3147,15.0,29.0,10.0,-55.969234466552734,31.555173873901367,-9.09423828125,-2.0716552734375,0.0445556640625,0.2591552734375
19.210,485,3147,2659,3147,15.0,29.0,10.0,-55.969234466552734,31.555173873901367,-9.09423828125,-1.844970703125,-0.0697021484375,0.2862548828125
19.215,473,3147,2521,3147,15.0,29.0,10.0,-19.22607421875,18.24951171875,3.479003667831421,-1.844970703125,-0.0697021484375,0.2862548828125
19.225,473,3147,2180,3147,15.0,29.0,10.0,25.878904342651367,8.36181640625,16.54052734375,-1.297607421875,0.1871337890625,0.2862548828125
19.252,464,3147,1852,3147,11.0,30.0,11.0,48.095699310302734,5.554198741912842,24.414060592651367,-1.297607421875,0.1871337890625,0.2862548828125
19.253,442,3147,1428,3147,11.0,30.0,11.0,48.034664154052734,7.629394054412842,27.832029342651367,-1.0374755859375,0.2835693359375,0.317138671875
19.256,401,3147,687,2797,11.0,30.0,11.0,43.090816497802734,12.512206077575684,30.334470748901367,-0.5223388671875,0.3927001953125,0.15185546875
19.265,354,3147,423,2337,11.0,30.0,11.0,40.893550872802734,20.690916061401367,27.893064498901367,-0.5223388671875,0.3927001953125,0.15185546875
19.271,334,3147,414,1880,11.0,30.0,11.0,35.7666015625,29.724119186401367,15.136717796325684,-0.348388671875,0.314697265625,-0.091796875
19.289,324,3147,372,899,11.0,30.0,11.0,27.099607467651367,35.94970703125,-3.356933355331421,-0.297119140625,0.343017578125,-0.449951171875
19.294,316,3147,351,551,11.0,30.0,11.0,23.071287155151367,38.14697265625,-17.51708984375,-0.297119140625,0.343017578125,-0.449951171875
19.302,313,2963,324,336,11.0,30.0,11.0,22.583005905151367,36.0107421875,-24.963376998901367,-0.2633056640625,0.4163818359375,-0.3807373046875
19.315,315,2368,373,330,11.0,30.0,11.0,16.845703125,31.188962936401367,-29.846189498901367,-0.4051513671875,0.3714599609375,-0.0352783203125
19.324,315,2290,377,332,11.0,30.0,11.0,2.868652105331421,26.367185592651367,-31.860349655151367,-0.4051513671875,0.3714599609375,-0.0352783203125
19.332,314,2286,401,334,14.0,30.0,11.0,-12.084959983825684,22.583005905151367,-30.822751998901367,-0.5184326171875,0.1932373046875,0.1417236328125
19.354,315,2230,402,330,14.0,30.0,11.0,-16.845703125,19.8974609375,-27.893064498901367,-0.7353515625,0.119140625,0.260986328125
19.358,313,2220,390,333,14.0,30.0,11.0,-13.671874046325684,17.9443359375,-22.888181686401367,-0.7353515625,0.119140625,0.260986328125
19.362,310,2275,400,334,14.0,30.0,11.0,-10.925292015075684,16.29638671875,-15.319823265075684,-0.7747802734375,0.1539306640625,0.2132568359375
19.375,314,2437,385,334,14.0,30.0,11.0,-10.742186546325684,13.671874046325684,-7.263183116912842,-0.73046875,0.151123046875,0.178466796875
19.407,314,2507,414,334,14.0,30.0,11.0,-12.939452171325684,9.521484375,-1.4648436307907104,-0.73046875,0.151123046875,0.178466796875
19.407,316,2613,411,332,14.0,30.0,11.0,-16.78466796875,4.94384765625,2.624511480331421,-0.7476806640625,0.1151123046875,0.179931640625
19.407,315,2837,426,334,14.0,30.0,11.0,-19.1650390625,0.7934569716453552,7.629394054412842,-0.761962890625,0.09033203125,0.161865234375
19.442,315,3147,419,332,14.0,30.0,11.0,-19.22607421875,-2.197265625,14.526366233825684,-0.7559814453125,0.12646484375,0.1444091796875
19.442,315,3147,437,353,12.0,35.0,10.0,-20.568845748901367,-3.540038824081421,21.484373092651367,-0.7548828125,0.186279296875,0.138671875
19.446,318,3147,454,508,12.0,35.0,10.0,-23.864744186401367,-4.08935546875,26.916501998901367,-0.7767333984375,0.1907958984375,0.1153564453125
19.459,318,3147,430,759,12.0,35.0,10.0,-23.071287155151367,-5.615233898162842,32.2265625,-0.8116455078125,0.1539306640625,0.0716552734375
19.459,318,3147,455,1039,12.0,35.0,10.0,-15.075682640075684,-9.21630859375,39.794921875,-0.835205078125,0.13427734375,0.026123046875
19.460,317,3147,466,1317,12.0,35.0,10.0,-4.0283203125,-14.221190452575684,50.354000091552734,-0.839111328125,0.1385498046875,-0.0054931640625
19.474,318,3147,426,1763,12.0,35.0,10.0,4.0283203125,-18.9208984375,61.767574310302734,-0.8028564453125,0.15576171875,-0.0147705078125
19.494,319,3147,378,2079,12.0,35.0,10.0,7.141112804412842,-22.460935592651367,69.580078125,-0.68212890625,0.1783447265625,-0.0394287109375
19.494,301,3147,388,2379,12.0,35.0,10.0,7.446288585662842,-24.902341842651367,68.05419921875,-0.4788818359375,0.187744140625,-0.0513916015625
19.505,329,3147,487,2837,12.0,35.0,10.0,4.94384765625,-27.160642623901367,54.138179779052734,-0.2479248046875,0.1689453125,0.0384521484375
19.512,359,3147,762,3089,12.0,35.0,10.0,0.9155272841453552,-29.846189498901367,28.625486373901367,-0.0443115234375,0.1058349609375,0.1361083984375
19.530,391,3147,1155,3147,12.0,31.0,15.0,0.7324218153953552,-32.65380859375,-5.187987804412842,0.0704345703125,0.0362548828125,0.1488037109375
19.534,423,3147,1490,3147,12.0,31.0,15.0,4.7607421875,-33.87451171875,-38.26904296875,0.03515625,0.1055908203125,0.09375
19.561,432,3147,1755,3147,12.0,31.0,15.0,10.070799827575684,-29.663084030151367,-53.649898529052734,-0.1761474609375,0.5006103515625,-0.002685546875
19.561,438,3147,1936,3147,12.0,31.0,15.0,13.488768577575684,-21.667478561401367,-39.24560546875,-0.5135498046875,1.1839599609375,0.0172119140625
19.564,465,3147,2235,3147,12.0,31.0,15.0,5.615233898162842,-17.578125,-8.056640625,-0.8148193359375,1.658447265625,0.2471923828125
19.573,465,3147,2581,3147,12.0,31.0,15.0,-21.423337936401367,-18.798828125,8.85009765625,-1.1783447265625,1.5716552734375,0.4874267578125
19.594,485,3147,2928,3147,12.0,31.0,15.0,-56.762691497802734,-18.85986328125,-1.7089842557907104,-2.0037841796875,0.8983154296875,0.4564208984375
19.595,484,3147,2968,3147,12.0,31.0,15.0,-81.66503143310547,-13.549803733825684,-23.864744186401367,-2.9410400390625,-0.01708984375,0.3099365234375
19.604,487,3147,2567,3147,12.0,31.0,15.0,-79.52880859375,-7.629394054412842,-31.372068405151367,-3.3779296875,-0.5665283203125,0.2520751953125
19.612,484,3147,2498,3147,12.0,31.0,15.0,-40.893550872802734,-2.50244140625,-10.925292015075684,-2.6978759765625,-0.7442626953125,0.188720703125
19.626,478,3147,2281,3147,14.0,32.0,12.0,18.37158203125,4.82177734375,15.441893577575684,-1.4107666015625,-0.409912109375,0.2369384765625
19.636,469,3147,2118,3147,14.0,32.0,12.0,61.279293060302734,13.916014671325684,29.174802780151367,-0.969970703125,0.642578125,0.302978515625
19.642,468,3147,2032,3147,14.0,32.0,12.0,52.795406341552734,25.878904342651367,34.85107421875,-1.301025390625,1.46435546875,0.1990966796875
19.662,455,3147,1830,3147,14.0,32.0,12.0,0.2441406100988388,34.97314453125,30.090330123901367,-1.6705322265625,1.309326171875,0.1800537109375
19.664,441,3147,1683,3147,14.0,32.0,12.0,-39.12353515625,33.87451171875,17.63916015625,-1.7603759765625,0.771728515625,0.27197265625
19.673,431,3147,1529,3147,14.0,32.0,12.0,-30.273435592651367,26.000974655151367,7.080077648162842,-1.634033203125,0.5155029296875,0.2862548828125
19.696,413,3147,1248,3147,14.0,32.0,12.0,2.624511480331421,19.287109375,0.30517578125,-1.46337890625,0.5328369140625,0.2010498046875
19.697,387,3147,1034,3147,14.0,32.0,12.0,24.291990280151367,17.88330078125,-5.554198741912842,-1.2896728515625,0.5205078125,0.072021484375
19.703,377,3147,827,3147,14.0,32.0,12.0,22.949216842651367,19.10400390625,-10.620116233825684,-1.1334228515625,0.3623046875,0.0086669921875
19.715,336,3147,598,3147,14.0,32.0,12.0,10.864256858825684,20.935056686401367,-10.681151390075684,-0.9876708984375,0.2333984375,0.032470703125
19.724,328,3147,433,3147,13.0,32.0,11.0,3.173827886581421,24.780271530151367,-5.798339366912842,-0.7991943359375,0.209228515625,0.0633544921875
19.763,319,3147,369,2851,13.0,32.0,11.0,2.563476324081421,31.005857467651367,-2.746581792831421,-0.5859375,0.213623046875,0.04833984375
19.764,315,3147,361,1954,13.0,32.0,11.0,4.638671875,37.41455078125,-6.042479991912842,-0.3919677734375,0.2059326171875,-0.0145263671875
19.764,314,3147,387,1411,13.0,32.0,11.0,6.530761241912842,41.320796966552734,-13.610838890075684,-0.2579345703125,0.2396240234375,-0.1002197265625
19.764,313,3147,404,814,13.0,32.0,11.0,7.568358898162842,41.320796966552734,-21.362302780151367,-0.212646484375,0.316650390625,-0.1834716796875
19.776,313,3076,321,321,13.0,32.0,11.0,7.141112804412842,37.59765625,-27.099607467651367,-0.2664794921875,0.3818359375,-0.1666259765625
19.784,304,2704,321,321,13.0,32.0,11.0,6.835937023162842,30.151365280151367,-30.395505905151367,-0.387451171875,0.3900146484375,-0.052001953125
19.801,313,2442,323,324,13.0,32.0,11.0,9.27734375,21.240232467651367,-31.555173873901367,-0.52587890625,0.3472900390625,0.026123046875
19.806,308,2115,333,330,13.0,32.0,11.0,13.732909202575684,14.953612327575684,-31.372068405151367,-0.6201171875,0.3238525390625,0.0777587890625
19.814,309,2114,334,328,13.0,32.0,11.0,13.732909202575684,11.108397483825684,-30.334470748901367,-0.646240234375,0.311767578125,0.152099609375
19.821,310,1983,324,328,14.0,28.0,9.0,5.0048828125,7.507323741912842,-29.968259811401367,-0.661376953125,0.267822265625,0.2255859375
19.835,310,1905,330,328,14.0,28.0,9.0,-7.446288585662842,4.150390625,-30.151365280151367,-0.6839599609375,0.202880859375,0.2557373046875
19.867,312,2028,347,330,14.0,28.0,9.0,-15.136717796325684,1.7700194120407104,-29.296873092651367,-0.7034912109375,0.1507568359375,0.2315673828125
19.867,309,2172,346,331,14.0,28.0,9.0,-14.465331077575684,0.54931640625,-26.367185592651367,-0.7332763671875,0.132080078125,0.152587890625
19.867,314,2407,323,328,14.0,28.0,9.0,-9.58251953125,-0.1831054538488388,-21.240232467651367,-0.786865234375,0.1474609375,0.0606689453125
19.874,315,2498,361,330,14.0,28.0,9.0,-6.591796398162842,-1.6479490995407104,-14.221190452575684,-0.8453369140625,0.1534423828125,0.0064697265625
19.882,314,2621,388,334,14.0,28.0,9.0,-6.896972179412842,-4.5166015625,-5.798339366912842,-0.877197265625,0.135986328125,-0.013671875
19.903,316,2867,354,332,14.0,28.0,9.0,-8.4228515625,-7.751464366912842,3.356933355331421,-0.8797607421875,0.1051025390625,-0.0076904296875
19.904,317,3143,391,338,14.0,28.0,9.0,-9.82666015625,-10.192870140075684,12.573241233825684,-0.8685302734375,0.0780029296875,0.001708984375
19.913,315,3147,363,344,14.0,28.0,9.0,-9.82666015625,-10.192870140075684,12.573241233825684,-0.855712890625,0.0994873046875,-0.003173828125
19.925,316,3147,393,571,12.0,31.0,9.0,-6.164550304412842,-13.366698265075684,25.878904342651367,-0.8349609375,0.1641845703125,0.0009765625
19.933,315,3147,388,774,12.0,31.0,9.0,-0.6713866591453552,-16.845703125,27.526853561401367,-0.78759765625,0.2261962890625,0.0223388671875
19.941,315,3147,414,1018,12.0,31.0,9.0,-0.6713866591453552,-16.845703125,27.526853561401367,-0.7109375,0.272216796875,0.0364990234375
19.973,318,3147,418,1429,12.0,31.0,9.0,12.390135765075684,-25.451658248901367,23.254392623901367,-0.6165771484375,0.297607421875,0.0347900390625
19.980,318,3147,464,1746,12.0,31.0,9.0,16.4794921875,-28.808591842651367,18.98193359375,-0.5146484375,0.286865234375,0.0223388671875
19.980,316,3147,409,1989,12.0,31.0,9.0,16.4794921875,-28.808591842651367,18.98193359375,-0.38916015625,0.209228515625,-0.00830078125
19.985,328,3147,482,2497,12.0,31.0,9.0,17.4560546875,-39.0625,10.192870140075684,-0.2413330078125,0.0726318359375,-0.0709228515625
20.002,336,3147,621,2689,12.0,31.0,9.0,26.123044967651367,-48.645015716552734,4.7607421875,-0.1375732421875,-0.033447265625,-0.124267578125
20.006,363,3147,932,3024,12.0,31.0,9.0,26.123044967651367,-48.645015716552734,4.7607421875,-0.074462890625,-0.0062255859375,-0.1038818359375
20.016,416,3147,1398,3147,12.0,29.0,14.0,48.645015716552734,-54.443355560302734,-19.34814453125,-0.054443359375,0.21044921875,-0.0068359375
20.025,431,3147,1627,3147,12.0,29.0,14.0,27.709959030151367,-41.687007904052734,-36.4990234375,-0.2593994140625,0.5640869140625,0.198974609375
20.032,441,3147,1821,3147,12.0,29.0,14.0,27.709959030151367,-41.687007904052734,-36.4990234375,-0.7235107421875,0.8946533203125,0.4505615234375
20.046,466,3147,2364,3147,12.0,29.0,14.0,-52.490230560302734,-22.766111373901367,-28.198240280151367,-1.1851806640625,1.0733642578125,0.7125244140625
20.077,473,3147,2634,3147,12.0,29.0,14.0,-64.0869140625,-25.146482467651367,0.6713866591453552,-1.445556640625,0.8428955078125,0.93798828125
20.078,485,3147,2832,3147,12.0,29.0,14.0,-64.0869140625,-25.146482467651367,0.6713866591453552,-1.882568359375,0.097412109375,0.775634765625
20.079,490,3147,3082,3147,12.0,29.0,14.0,-21.179197311401367,-27.587888717651367,19.10400390625,-2.48291015625,-0.4049072265625,0.3406982421875
20.084,493,3147,2922,3147,12.0,29.0,14.0,6.530761241912842,-16.78466796875,15.991209983825684,-2.853759765625,-0.1658935546875,0.0118408203125
20.091,485,3147,2790,3147,12.0,29.0,14.0,6.530761241912842,-16.78466796875,15.991209983825684,-2.5379638671875,0.2298583984375,-0.174560546875
20.106,484,3147,2657,3147,12.0,29.0,14.0,46.813961029052734,0.6713866591453552,44.555660247802734,-1.521484375,0.4251708984375,-0.0615234375
20.114,484,3147,2601,3147,13.0,29.0,12.0,46.691890716552734,10.070799827575684,31.372068405151367,-0.852294921875,0.9100341796875,0.2340087890625
20.122,481,3147,2599,3147,13.0,29.0,12.0,46.691890716552734,10.070799827575684,31.372068405151367,-1.0120849609375,1.4100341796875,0.3084716796875
20.135,482,3147,2507,3147,13.0,29.0,12.0,-27.221677780151367,38.818359375,-10.131834983825684,-1.56494140625,1.1903076171875,0.254638671875
20.143,481,3147,2410,3147,13.0,29.0,12.0,-27.221677780151367,38.818359375,-10.131834983825684,-1.94677734375,0.6298828125,0.2698974609375
20.151,479,3147,2273,3147,13.0,29.0,12.0,-57.312007904052734,43.090816497802734,-12.512206077575684,-1.94677734375,0.6298828125,0.2698974609375
20.178,470,3147,1961,3147,13.0,29.0,12.0,-16.78466796875,27.160642623901367,1.8310545682907104,-1.7633056640625,0.2410888671875,0.2772216796875
20.178,464,3147,1806,3147,13.0,29.0,12.0,-16.78466796875,27.160642623901367,1.8310545682907104,-1.521728515625,0.2691650390625,0.2174072265625
20.188,455,3147,1574,3147,13.0,29.0,12.0,5.920409679412842,22.766111373901367,8.36181640625,-1.521728515625,0.2691650390625,0.2174072265625
20.203,420,3147,998,3147,13.0,29.0,12.0,15.197752952575684,23.071287155151367,12.695311546325684,-1.165771484375,0.260986328125,0.14501953125
20.209,399,3147,778,2983,13.0,29.0,12.0,15.197752952575684,23.071287155151367,12.695311546325684,-0.9468994140625,0.32373046875,0.0828857421875
20.211,364,3147,456,2541,11.0,32.0,12.0,19.1650390625,24.169919967651367,15.319823265075684,-0.9468994140625,0.32373046875,0.0828857421875
20.235,324,3147,347,1543,11.0,32.0,12.0,21.606443405151367,33.935546875,7.324218273162842,-0.556640625,0.2303466796875,-0.20068359375
20.235,321,3147,331,376,11.0,32.0,12.0,21.606443405151367,33.935546875,7.324218273162842,-0.4078369140625,0.13525390625,-0.29638671875
20.242,315,2728,321,324,11.0,32.0,12.0,10.864256858825684,39.36767578125,-4.7607421875,-0.4078369140625,0.13525390625,-0.29638671875
20.256,310,2087,416,330,11.0,32.0,12.0,7.629394054412842,40.527339935302734,-23.010251998901367,-0.1051025390625,0.191162109375,-0.181884765625
20.278,313,1743,413,323,11.0,32.0,12.0,7.629394054412842,40.527339935302734,-23.010251998901367,-0.12890625,0.2906494140625,-0.1158447265625
20.280,313,1330,333,327,11.0,32.0,12.0,7.202147960662842,37.7197265625,-28.808591842651367,-0.12890625,0.2906494140625,-0.1158447265625
20.289,310,799,330,324,11.0,32.0,12.0,-20.202634811401367,30.639646530151367,-31.372068405151367,-0.5029296875,0.2119140625,0.0767822265625
20.307,310,660,356,328,11.0,32.0,12.0,-20.202634811401367,30.639646530151367,-31.372068405151367,-0.5714111328125,0.1968994140625,0.1929931640625
20.314,309,678,334,315,11.0,32.0,12.0,-23.498533248901367,23.986814498901367,-24.108884811401367,-0.5714111328125,0.1968994140625,0.1929931640625
20.316,308,907,356,323,12.0,35.0,9.0,5.126952648162842,7.507323741912842,-5.615233898162842,-0.535400390625,0.337646484375,0.2718505859375
20.324,308,1276,346,328,12.0,35.0,9.0,5.126952648162842,7.507323741912842,-5.615233898162842,-0.5865478515625,0.336669921875,0.27783203125
20.332,308,1613,348,330,12.0,35.0,9.0,14.953612327575684,0.30517578125,-3.295898199081421,-0.5865478515625,0.336669921875,0.27783203125
20.345,313,1913,371,324,12.0,35.0,9.0,1.7089842557907104,-11.901854515075684,-7.019042491912842,-0.711669921875,0.287109375,0.119140625
20.354,310,2072,364,329,12.0,35.0,9.0,1.7089842557907104,-11.901854515075684,-7.019042491912842,-0.755615234375,0.2310791015625,0.02587890625
20.384,313,2412,359,330,12.0,35.0,9.0,-12.878417015075684,-12.451170921325684,-7.507323741912842,-0.755615234375,0.2310791015625,0.02587890625
20.384,313,2950,382,331,12.0,35.0,9.0,-20.874021530151367,-11.657713890075684,-5.676269054412842,-0.778076171875,0.1787109375,-0.044921875
20.385,315,3130,369,329,12.0,35.0,9.0,-18.00537109375,-13.427733421325684,-1.4038084745407104,-0.778076171875,0.1787109375,-0.044921875
20.392,315,3147,418,411,12.0,35.0,9.0,-8.30078125,-17.76123046875,3.967284917831421,-0.7802734375,0.20751953125,-0.0567626953125
20.415,316,3147,418,763,13.0,30.0,13.0,-0.3662109076976776,-22.155759811401367,8.48388671875,-0.7784423828125,0.1676025390625,-0.0120849609375
20.415,317,3147,479,1098,13.0,30.0,13.0,1.8310545682907104,-24.536130905151367,11.779784202575684,-0.7784423828125,0.1676025390625,-0.0120849609375
20.423,316,3147,508,1323,13.0,30.0,13.0,0.8544921278953552,-25.085447311401367,14.404295921325684,-0.7655029296875,0.1380615234375,-0.0179443359375
20.435,318,3147,512,1772,13.0,30.0,13.0,-0.8544921278953552,-24.719236373901367,16.41845703125,-0.661376953125,0.1336669921875,-0.0216064453125
20.444,318,3147,506,2115,13.0,30.0,13.0,-2.685546636581421,-24.353025436401367,16.7236328125,-0.661376953125,0.1336669921875,-0.0216064453125
20.451,328,3147,578,2230,13.0,30.0,13.0,-2.990722417831421,-26.245115280151367,12.695311546325684,-0.5484619140625,0.05517578125,0.0399169921875
20.488,376,3147,895,2698,13.0,30.0,13.0,3.112792730331421,-31.005857467651367,3.662109136581421,-0.1209716796875,-0.0718994140625,0.03076171875
20.489,406,3147,1231,2946,13.0,30.0,13.0,16.90673828125,-36.865234375,-9.27734375,-0.1209716796875,-0.0718994140625,0.03076171875
20.489,426,3147,1441,3147,13.0,30.0,13.0,28.259275436401367,-41.015621185302734,-24.658201217651367,0.07763671875,0.030517578125,0.0362548828125
20.495,444,3147,1757,3147,13.0,30.0,13.0,23.986814498901367,-40.954586029052734,-38.9404296875,-0.2393798828125,0.7952880859375,0.397705078125
20.516,464,3147,2000,3147,16.0,30.0,10.0,2.929687261581421,-37.78076171875,-45.654293060302734,-0.2393798828125,0.7952880859375,0.397705078125
20.517,473,3147,2407,3147,16.0,30.0,10.0,-25.878904342651367,-35.21728515625,-39.85595703125,-0.6641845703125,1.2630615234375,0.6239013671875
20.527,497,3147,3015,3147,16.0,30.0,10.0,-50.903316497802734,-36.19384765625,-25.817869186401367,-1.685546875,0.7860107421875,0.82421875
20.533,512,3147,3147,3147,16.0,30.0,10.0,-63.110347747802734,-38.26904296875,-17.822265625,-1.685546875,0.7860107421875,0.82421875
20.543,513,3147,3082,3147,16.0,30.0,10.0,-63.537593841552734,-31.249998092651367,-22.338865280151367,-2.8148193359375,0.1004638671875,0.431396484375
20.556,508,3147,2954,3147,16.0,30.0,10.0,-57.189937591552734,-16.05224609375,-16.845703125,-2.8839111328125,-0.73828125,-0.2935791015625
20.564,508,3147,2898,3147,16.0,30.0,10.0,-34.7900390625,-1.7089842557907104,14.221190452575684,-2.8839111328125,-0.73828125,-0.2935791015625
20.581,507,3147,2813,3147,16.0,30.0,10.0,16.05224609375,7.995604991912842,38.51318359375,-1.42236328125,-0.870849609375,-0.1160888671875
20.593,504,3147,2769,3147,16.0,30.0,10.0,69.88525390625,14.099120140075684,40.771480560302734,-0.938720703125,0.491943359375,0.2340087890625
20.597,501,3147,2698,3147,16.0,30.0,10.0,65.36865234375,27.587888717651367,34.3017578125,-1.263671875,1.61474609375,0.254150390625
20.602,501,3147,2514,3147,13.0,33.0,9.0,-4.82177734375,46.936031341552734,23.254392623901367,-1.7484130859375,1.402099609375,0.1971435546875
20.618,495,3147,2284,3147,13.0,33.0,9.0,-65.49072265625,55.053707122802734,17.9443359375,-2.0172119140625,0.6243896484375,0.2176513671875
20.625,485,3147,2141,3147,13.0,33.0,9.0,-62.988277435302734,47.302242279052734,23.986814498901367,-2.003662109375,0.1212158203125,0.206298828125
20.639,479,3147,1961,3147,13.0,33.0,9.0,-18.00537109375,33.0810546875,36.2548828125,-1.75341796875,0.1417236328125,0.20068359375
20.646,455,3147,1488,3147,13.0,33.0,9.0,24.475095748901367,21.118162155151367,43.701168060302734,-1.417236328125,0.311279296875,0.2158203125
20.654,427,3147,1167,3147,13.0,33.0,9.0,43.457027435302734,14.770506858825684,41.931148529052734,-1.0933837890625,0.3758544921875,0.2083740234375
20.662,402,3147,907,3065,13.0,33.0,9.0,45.104976654052734,14.526366233825684,36.43798828125,-0.7806396484375,0.3743896484375,0.1392822265625
20.686,347,3147,470,2273,13.0,33.0,9.0,40.893550872802734,18.9208984375,29.296873092651367,-0.519775390625,0.3333740234375,0.0189208984375
20.686,321,3147,415,1742,13.0,33.0,9.0,36.56005859375,25.756834030151367,16.78466796875,-0.3408203125,0.2947998046875,-0.0753173828125
20.702,310,3147,428,1186,13.0,33.0,9.0,29.907224655151367,32.1044921875,-1.5869139432907104,-0.2611083984375,0.2615966796875,-0.14306640625
20.706,315,3127,404,329,12.0,31.0,14.0,18.61572265625,36.31591796875,-19.1650390625,-0.2640380859375,0.238525390625,-0.1751708984375
20.719,310,2541,376,328,12.0,31.0,14.0,7.690429210662842,36.2548828125,-29.479978561401367,-0.270263671875,0.2110595703125,-0.132568359375
20.722,313,2308,382,329,12.0,31.0,14.0,2.807616949081421,31.188962936401367,-33.447265625,-0.2862548828125,0.193115234375,-0.0975341796875
20.735,309,1865,400,324,12.0,31.0,14.0,1.4648436307907104,25.390623092651367,-34.36279296875,-0.366455078125,0.2166748046875,-0.117919921875
20.744,308,1593,361,328,12.0,31.0,14.0,-1.8310545682907104,21.301267623901367,-33.0810546875,-0.479248046875,0.212890625,-0.107666015625
20.752,308,1499,359,328,12.0,31.0,14.0,-5.432128429412842,16.845703125,-28.625486373901367,-0.572998046875,0.219482421875,-0.023193359375
20.766,309,1373,382,328,12.0,31.0,14.0,-3.234863042831421,10.803221702575684,-20.324705123901367,-0.627685546875,0.3055419921875,0.122314453125
20.784,314,1501,431,329,12.0,31.0,14.0,3.051757574081421,3.845214605331421,-11.169432640075684,-0.6387939453125,0.392578125,0.271728515625
20.791,312,1697,423,330,12.0,31.0,14.0,6.591796398162842,-2.3193359375,-6.225585460662842,-0.631103515625,0.3934326171875,0.3524169921875
20.796,310,1864,430,332,14.0,30.0,16.0,4.2724609375,-6.225585460662842,-6.896972179412842,-0.6512451171875,0.3128662109375,0.326416015625
20.807,310,1989,416,330,14.0,30.0,16.0,-0.6103515625,-7.202147960662842,-10.070799827575684,-0.7088623046875,0.23193359375,0.2044677734375
20.819,308,2135,404,332,14.0,30.0,16.0,-4.45556640625,-6.225585460662842,-11.047362327575684,-0.78271484375,0.194580078125,0.0755615234375
20.825,312,2421,406,330,14.0,30.0,16.0,-6.469726085662842,-5.981444835662842,-7.751464366912842,-0.847900390625,0.181396484375,0.00048828125
20.834,316,2668,411,330,14.0,30.0,16.0,-5.981444835662842,-7.873534679412842,-0.8544921278953552,-0.894775390625,0.1693115234375,-0.029541015625
20.842,315,2837,438,336,14.0,30.0,16.0,-3.601073980331421,-10.803221702575684,7.873534679412842,-0.9310302734375,0.1497802734375,-0.0335693359375
20.856,314,3098,466,334,14.0,30.0,16.0,-1.03759765625,-13.977049827575684,16.78466796875,-0.95556640625,0.1279296875,-0.02978515625
20.864,316,3147,472,332,14.0,30.0,16.0,0.6103515625,-16.78466796875,23.681638717651367,-0.948974609375,0.1143798828125,-0.023681640625
20.872,316,3147,468,431,14.0,30.0,16.0,2.197265625,-18.49365234375,26.489255905151367,-0.9129638671875,0.1405029296875,-0.0015869140625
20.892,317,3147,513,744,14.0,30.0,16.0,4.08935546875,-19.10400390625,25.695798873901367,-0.8951416015625,0.199951171875,0.0411376953125
20.894,317,3147,518,963,6.0,30.0,10.0,6.469726085662842,-19.6533203125,24.169919967651367,-0.9205322265625,0.236083984375,0.08642578125
20.902,318,3147,483,1010,6.0,30.0,10.0,9.46044921875,-21.179197311401367,24.658201217651367,-0.9393310546875,0.215087890625,0.1224365234375
20.924,318,3147,510,1340,6.0,30.0,10.0,14.160155296325684,-24.536130905151367,28.015134811401367,-0.881591796875,0.15673828125,0.1097412109375
20.926,318,3147,531,1514,6.0,30.0,10.0,22.094724655151367,-28.930662155151367,32.470703125,-0.69970703125,0.100341796875,0.0711669921875
20.932,323,3147,548,1713,6.0,30.0,10.0,30.761716842651367,-32.8369140625,34.3017578125,-0.417236328125,0.059326171875,0.05859375
20.945,344,3147,675,2225,6.0,30.0,10.0,33.26416015625,-35.21728515625,29.785154342651367,-0.1165771484375,0.0159912109375,0.0291748046875
20.953,375,3147,785,2559,6.0,30.0,10.0,28.503416061401367,-36.376953125,16.2353515625,0.146484375,-0.0347900390625,0.01123046875
20.961,408,3147,1276,2886,6.0,30.0,10.0,23.315427780151367,-37.353515625,-6.835937023162842,0.3260498046875,-0.0030517578125,0.0230712890625
20.992,439,3147,1650,3147,6.0,30.0,10.0,22.094724655151367,-36.9873046875,-34.24072265625,0.2509765625,0.326416015625,0.0369873046875
20.993,455,3147,1811,3147,6.0,30.0,10.0,20.202634811401367,-33.0810546875,-51.879878997802734,-0.1617431640625,1.0181884765625,0.079833984375
20.994,465,3147,2018,3147,13.0,29.0,12.0,8.48388671875,-26.794431686401367,-47.180171966552734,-0.64697265625,1.6259765625,0.17626953125
21.005,481,3147,2471,3147,13.0,29.0,12.0,-14.709471702575684,-24.841306686401367,-30.090330123901367,-0.9267578125,1.659912109375,0.446533203125
21.027,497,3147,2905,3147,13.0,29.0,12.0,-41.137691497802734,-29.418943405151367,-22.583005905151367,-1.2431640625,1.2939453125,0.7501220703125
21.030,508,3147,3020,3147,13.0,29.0,12.0,-61.157222747802734,-31.738279342651367,-26.733396530151367,-2.1058349609375,0.65673828125,0.7197265625
21.036,509,3147,2957,3147,13.0,29.0,12.0,-75.62255859375,-24.169919967651367,-31.249998092651367,-3.18896484375,-0.2857666015625,0.3575439453125
21.043,506,3147,2834,3147,13.0,29.0,12.0,-76.7822265625,-8.6669921875,-25.756834030151367,-3.537353515625,-0.9639892578125,-0.0472412109375
21.052,504,3147,2803,3147,13.0,29.0,12.0,-76.7822265625,-8.6669921875,-25.756834030151367,-2.548583984375,-1.0855712890625,-0.2523193359375
21.065,498,3147,2736,3147,13.0,29.0,12.0,25.451658248901367,10.314940452575684,20.690916061401367,-1.3203125,-0.421142578125,-0.0684814453125
21.073,497,3147,2683,3147,13.0,29.0,12.0,87.15819549560547,10.131834983825684,32.16552734375,-1.12353515625,1.060302734375,0.19677734375
21.097,497,3147,2613,3147,13.0,29.0,12.0,87.15819549560547,10.131834983825684,32.16552734375,-1.5029296875,1.9578857421875,0.1910400390625
21.098,495,3147,2440,3147,14.0,27.0,12.0,-1.2817381620407104,29.296873092651367,18.4326171875,-1.802001953125,1.349853515625,0.2159423828125
21.103,493,3147,2233,3147,14.0,27.0,12.0,-77.5146484375,31.860349655151367,4.33349609375,-1.829345703125,0.26025390625,0.3485107421875
21.112,486,3147,2119,3147,14.0,27.0,12.0,-77.5146484375,31.860349655151367,4.33349609375,-1.6533203125,-0.159423828125,0.393798828125
21.131,473,3147,1718,3147,14.0,27.0,12.0,2.44140625,16.54052734375,19.53125,-1.4146728515625,0.0562744140625,0.345703125
21.134,464,3147,1372,3147,14.0,27.0,12.0,51.269527435302734,12.023924827575684,26.367185592651367,-1.193359375,0.3831787109375,0.269287109375
21.142,437,3147,1173,3147,14.0,27.0,12.0,51.269527435302734,12.023924827575684,26.367185592651367,-0.9832763671875,0.49462890625,0.1810302734375
21.156,388,3147,679,2851,14.0,27.0,12.0,36.7431640625,18.310546875,12.329100608825684,-0.8038330078125,0.3685302734375,0.072998046875
21.164,348,3147,473,2407,14.0,27.0,12.0,25.939939498901367,23.559568405151367,5.432128429412842,-0.659912109375,0.23388671875,-0.020751953125
21.172,327,3147,373,1996,14.0,27.0,12.0,25.939939498901367,23.559568405151367,5.432128429412842,-0.50634765625,0.2298583984375,-0.125732421875
21.203,313,3147,334,1050,12.0,30.0,12.0,30.700681686401367,35.5224609375,-9.94873046875,-0.3778076171875,0.3193359375,-0.2568359375
21.203,312,3147,338,495,12.0,30.0,12.0,25.268552780151367,41.198726654052734,-16.29638671875,-0.2611083984375,0.4071044921875,-0.3143310546875
21.203,310,2830,387,330,12.0,30.0,12.0,25.268552780151367,41.198726654052734,-16.29638671875,-0.1748046875,0.410888671875,-0.2740478515625
21.216,309,2076,400,328,12.0,30.0,12.0,1.5869139432907104,38.51318359375,-25.817869186401367,-0.231689453125,0.3690185546875,-0.1978759765625
21.235,308,1794,360,325,12.0,30.0,12.0,-8.85009765625,32.71484375,-30.395505905151367,-0.386962890625,0.2906494140625,-0.09814453125
21.235,308,1541,344,317,12.0,30.0,12.0,-8.85009765625,32.71484375,-30.395505905151367,-0.54638671875,0.2200927734375,0.0430908203125
21.246,307,1160,361,323,12.0,30.0,12.0,-15.319823265075684,18.24951171875,-31.127927780151367,-0.6572265625,0.249267578125,0.1595458984375
21.254,312,1050,371,327,12.0,30.0,12.0,-11.840819358825684,10.131834983825684,-26.306150436401367,-0.6802978515625,0.3011474609375,0.2247314453125
21.262,309,1107,354,332,12.0,30.0,12.0,-11.840819358825684,10.131834983825684,-26.306150436401367,-0.64208984375,0.280029296875,0.282470703125
21.275,310,1413,371,328,12.0,30.0,12.0,-10.925292015075684,-1.7700194120407104,-19.1650390625,-0.6416015625,0.225830078125,0.3089599609375
21.294,310,1444,361,328,13.0,30.0,13.0,-10.925292015075684,-1.7700194120407104,-19.1650390625,-0.710205078125,0.19775390625,0.2664794921875
21.301,313,1424,414,332,13.0,30.0,13.0,-9.3994140625,-5.0048828125,-17.578125,-0.710205078125,0.19775390625,0.2664794921875
21.307,312,1653,445,330,13.0,30.0,13.0,-10.620116233825684,-4.7607421875,-7.080077648162842,-0.834228515625,0.144287109375,0.0821533203125
21.314,315,1773,430,330,13.0,30.0,13.0,-10.620116233825684,-4.7607421875,-7.080077648162842,-0.8798828125,0.10009765625,0.057373046875
21.365,315,2012,441,332,13.0,30.0,13.0,-12.390135765075684,-4.69970703125,0.54931640625,-0.8798828125,0.10009765625,0.057373046875
21.369,314,2330,431,332,13.0,30.0,13.0,-6.652831554412842,-10.925292015075684,12.817381858825684,-0.9251708984375,0.0478515625,0.01025390625
21.371,315,2519,431,336,13.0,30.0,13.0,-6.652831554412842,-10.925292015075684,12.817381858825684,-0.907958984375,0.07666015625,-0.0123291015625
21.377,315,2715,464,334,13.0,30.0,13.0,0.30517578125,-13.916014671325684,16.17431640625,-0.907958984375,0.07666015625,-0.0123291015625
21.389,316,3127,442,332,13.0,30.0,13.0,10.498045921325684,-18.37158203125,19.287109375,-0.7806396484375,0.224853515625,0.0382080078125
21.391,316,3147,509,433,13.0,30.0,13.0,10.498045921325684,-18.37158203125,19.287109375,-0.712158203125,0.30712890625,0.0572509765625
21.464,322,3147,512,1070,14.0,30.0,11.0,3.173827886581421,-23.925779342651367,20.324705123901367,-0.59814453125,0.353515625,0.043212890625
21.480,323,3147,591,1398,14.0,30.0,11.0,3.173827886581421,-23.925779342651367,20.324705123901367,-0.470703125,0.2607421875,0.00390625
21.481,324,3147,548,1669,14.0,30.0,11.0,1.9531248807907104,-26.916501998901367,15.380858421325684,-0.470703125,0.2607421875,0.00390625
21.481,363,3147,840,2074,14.0,30.0,11.0,12.817381858825684,-38.0859375,-11.474608421325684,-0.2020263671875,0.1710205078125,0.0087890625
21.482,383,3147,1043,2370,14.0,30.0,11.0,12.817381858825684,-38.0859375,-11.474608421325684,-0.064697265625,0.200927734375,0.011474609375
21.501,455,3147,2021,3147,14.0,30.0,11.0,6.286620616912842,-38.87939453125,-69.2138671875,-0.6007080078125,0.57666015625,0.153076171875
21.503,464,3147,2391,3147,14.0,30.0,11.0,-7.995604991912842,-34.97314453125,-66.71142578125,-0.6007080078125,0.57666015625,0.153076171875
21.505,482,3147,2917,3147,15.0,29.0,7.0,-41.259761810302734,-33.8134765625,-21.118162155151367,-1.302734375,1.11962890625,0.6317138671875
21.505,493,3147,3101,3147,15.0,29.0,7.0,-41.259761810302734,-33.8134765625,-21.118162155151367,-1.69091796875,0.55322265625,0.828857421875
21.505,497,3147,3147,3147,15.0,29.0,7.0,-51.452632904052734,-36.92626953125,-4.21142578125,-1.69091796875,0.55322265625,0.828857421875
21.516,502,3147,3147,3147,15.0,29.0,7.0,-60.852046966552734,-34.24072265625,-11.596678733825684,-2.7840576171875,-0.679443359375,0.2994384765625
21.524,501,3147,3147,3147,15.0,29.0,7.0,-58.776851654052734,-19.287109375,-25.756834030151367,-2.7840576171875,-0.679443359375,0.2994384765625
21.541,501,3147,3121,3147,15.0,29.0,7.0,-22.399900436401367,-3.601073980331421,-16.05224609375,-2.6048583984375,-0.31005859375,0.0850830078125
21.553,499,3147,3115,3147,15.0,29.0,7.0,32.1044921875,4.2724609375,10.498045921325684,-1.1444091796875,0.490478515625,-0.071044921875
21.555,501,3147,3107,3147,15.0,29.0,7.0,64.75830078125,8.056640625,22.827146530151367,-1.1444091796875,0.490478515625,-0.071044921875
21.563,500,3147,3107,3147,15.0,29.0,7.0,58.349605560302734,11.413573265075684,15.380858421325684,-1.1846923828125,1.01220703125,0.0994873046875
21.576,499,3147,3024,3147,15.0,29.0,7.0,19.8974609375,16.6015625,7.812499523162842,-2.001953125,0.677001953125,0.2049560546875
21.584,497,3147,2936,3147,15.0,29.0,14.0,-21.789548873901367,22.460935592651367,10.070799827575684,-2.001953125,0.677001953125,0.2049560546875
21.609,495,3147,2810,3147,15.0,29.0,14.0,-33.75244140625,23.376462936401367,19.34814453125,-1.9766845703125,0.2052001953125,0.290283203125
21.610,481,3147,2557,3147,15.0,29.0,14.0,-13.732909202575684,18.06640625,31.433103561401367,-1.5872802734375,0.1124267578125,0.3326416015625
21.614,482,3147,2335,3147,15.0,29.0,14.0,14.465331077575684,11.596678733825684,41.748043060302734,-1.5872802734375,0.1124267578125,0.3326416015625
21.622,473,3147,2007,3147,15.0,29.0,14.0,31.860349655151367,9.1552734375,46.081539154052734,-1.3052978515625,0.3544921875,0.3206787109375
21.643,437,3147,1315,2647,15.0,29.0,14.0,36.80419921875,11.901854515075684,44.494625091552734,-0.62060546875,0.3875732421875,0.1654052734375
21.660,402,3147,779,2115,15.0,29.0,14.0,35.15625,19.04296875,37.4755859375,-0.62060546875,0.3875732421875,0.1654052734375
21.661,374,3147,523,1635,15.0,29.0,14.0,30.517576217651367,29.418943405151367,24.414060592651367,-0.383056640625,0.245849609375,0.0535888671875
21.666,329,3147,369,566,15.0,29.0,14.0,21.972654342651367,40.222164154052734,6.896972179412842,-0.22802734375,0.10302734375,-0.153076171875
21.688,322,2922,371,334,15.0,29.0,14.0,10.620116233825684,47.790523529052734,-10.620116233825684,-0.22802734375,0.10302734375,-0.153076171875
21.688,316,2530,327,328,13.0,32.0,12.0,0.4272460639476776,50.231929779052734,-21.667478561401367,-0.2926025390625,0.229248046875,-0.17626953125
21.701,313,2155,338,327,13.0,32.0,12.0,-9.33837890625,45.654293060302734,-24.475095748901367,-0.3795166015625,0.238037109375,-0.10595703125
21.717,313,1711,382,324,13.0,32.0,12.0,-20.751951217651367,37.17041015625,-25.085447311401367,-0.3795166015625,0.238037109375,-0.10595703125
21.717,313,1555,402,328,13.0,32.0,12.0,-29.785154342651367,31.311033248901367,-25.024412155151367,-0.541259765625,0.1849365234375,-0.11865234375
21.726,313,1386,386,328,13.0,32.0,12.0,-32.3486328125,27.770994186401367,-20.202634811401367,-0.6680908203125,0.1011962890625,-0.0616455078125
21.740,310,1185,324,323,13.0,32.0,12.0,-24.414060592651367,22.827146530151367,-9.27734375,-0.73193359375,0.118408203125,0.0765380859375
21.746,313,1079,347,328,13.0,32.0,12.0,-8.6669921875,15.563963890075684,4.08935546875,-0.741455078125,0.22412109375,0.20361328125
21.756,309,1216,338,327,13.0,32.0,12.0,1.3427733182907104,8.60595703125,13.427733421325684,-0.7099609375,0.282470703125,0.295166015625
21.772,308,1348,388,328,13.0,32.0,12.0,2.01416015625,4.0283203125,16.11328125,-0.6712646484375,0.2803955078125,0.3319091796875
21.772,310,1497,385,328,13.0,32.0,12.0,0.9765624403953552,1.03759765625,13.916014671325684,-0.6700439453125,0.276611328125,0.288818359375
21.786,310,1746,375,330,15.0,31.0,13.0,2.01416015625,-1.5869139432907104,11.047362327575684,-0.7132568359375,0.287109375,0.1845703125
21.796,313,1900,376,331,15.0,31.0,13.0,2.868652105331421,-3.540038824081421,10.253905296325684,-0.767578125,0.278076171875,0.061279296875
21.814,313,2063,387,329,15.0,31.0,13.0,1.9531248807907104,-5.0048828125,11.901854515075684,-0.8126220703125,0.244384765625,-0.0267333984375
21.816,314,2391,383,330,15.0,31.0,13.0,1.9531248807907104,-7.141112804412842,15.502928733825684,-0.846435546875,0.2080078125,-0.05859375
21.824,315,2503,407,332,15.0,31.0,13.0,6.225585460662842,-10.925292015075684,20.202634811401367,-0.863525390625,0.16845703125,-0.052734375
21.833,315,2704,401,334,15.0,31.0,13.0,15.747069358825684,-16.357421875,24.536130905151367,-0.85693359375,0.1351318359375,-0.046875
21.842,316,3015,431,337,15.0,31.0,13.0,29.052732467651367,-22.460935592651367,27.648923873901367,-0.8013916015625,0.137451171875,-0.080810546875
21.855,321,3147,433,519,15.0,31.0,13.0,40.832515716552734,-26.611326217651367,28.686521530151367,-0.69775390625,0.197265625,-0.083984375
21.863,328,3147,465,738,15.0,31.0,13.0,42.907711029052734,-27.282712936401367,26.794431686401367,-0.615234375,0.28125,0.00048828125
21.878,338,3147,439,1018,15.0,31.0,13.0,31.372068405151367,-24.841306686401367,21.972654342651367,-0.5699462890625,0.3017578125,0.067626953125
21.885,362,3147,750,1589,12.0,28.0,12.0,11.718749046325684,-20.324705123901367,15.991209983825684,-0.5118408203125,0.20703125,0.0755615234375
21.898,378,3147,873,1806,12.0,28.0,12.0,-2.13623046875,-16.4794921875,11.230467796325684,-0.458984375,0.057861328125,0.079345703125
21.910,400,3147,1163,2190,12.0,28.0,12.0,1.2817381620407104,-17.88330078125,8.544921875,-0.401611328125,-0.072509765625,0.0950927734375
21.916,421,3147,1689,2621,12.0,28.0,12.0,20.446775436401367,-25.451658248901367,5.676269054412842,-0.283935546875,-0.12548828125,0.13525390625
21.923,433,3147,1838,2984,12.0,28.0,12.0,44.372554779052734,-35.15625,-1.7700194120407104,-0.1942138671875,-0.0087890625,0.2177734375
21.931,441,3147,1946,3147,12.0,28.0,12.0,59.936519622802734,-41.931148529052734,-13.854979515075684,-0.2735595703125,0.328369140625,0.3409423828125
21.947,456,3147,2117,3147,12.0,28.0,12.0,55.297847747802734,-42.297359466552734,-23.559568405151367,-0.558349609375,0.83154296875,0.45849609375
21.953,464,3147,2382,3147,12.0,28.0,12.0,31.860349655151367,-36.9873046875,-23.315427780151367,-0.87646484375,1.3106689453125,0.522216796875
21.963,468,3147,2554,3147,12.0,28.0,12.0,7.324218273162842,-31.799314498901367,-16.2353515625,-1.03466796875,1.4959716796875,0.5369873046875
21.980,484,3147,2940,3147,12.0,30.0,19.0,-7.385253429412842,-30.151365280151367,-12.695311546325684,-1.20068359375,1.3626708984375,0.4378662109375
21.983,487,3147,3016,3147,12.0,30.0,19.0,-18.12744140625,-25.146482467651367,-13.000487327575684,-1.88671875,1.0009765625,0.0257568359375
21.990,493,3147,3039,3147,12.0,30.0,19.0,-35.94970703125,-11.596678733825684,-9.33837890625,-2.850830078125,0.2933349609375,-0.3734130859375
22.059,487,3147,2993,3147,12.0,30.0,19.0,-58.471675872802734,-1.0986328125,-0.7934569716453552,-3.056396484375,-0.6087646484375,-0.3067626953125
22.059,487,3147,2973,3147,12.0,30.0,19.0,-52.185054779052734,0.30517578125,9.3994140625,-2.1673583984375,-1.077392578125,-0.037353515625
22.059,485,3147,2965,3147,12.0,30.0,19.0,3.845214605331421,0.8544921278953552,16.78466796875,-1.1702880859375,-0.4903564453125,0.1766357421875
22.059,484,3147,2938,3147,12.0,30.0,19.0,68.29833984375,8.056640625,20.812986373901367,-1.003662109375,0.917236328125,0.242919921875
22.059,485,3147,2898,3147,12.0,30.0,19.0,72.509765625,21.545408248901367,22.033689498901367,-1.3648681640625,1.800048828125,0.1619873046875
22.059,484,3147,2832,3147,12.0,30.0,19.0,1.6479490995407104,31.127927780151367,16.2353515625,-1.6624755859375,1.3681640625,0.152587890625
22.066,482,3147,2647,3147,12.0,30.0,19.0,-72.44873046875,32.04345703125,8.23974609375,-1.7213134765625,0.424072265625,0.242919921875
22.075,481,3147,2543,3147,12.0,30.0,16.0,-76.96533203125,27.770994186401367,8.36181640625,-1.596435546875,-0.0428466796875,0.3153076171875
22.086,473,3147,2418,3147,12.0,30.0,16.0,-76.96533203125,27.770994186401367,8.36181640625,-1.4151611328125,0.0596923828125,0.336669921875
22.117,465,3147,1954,3147,12.0,30.0,16.0,24.536130905151367,15.380858421325684,28.198240280151367,-1.283935546875,0.39794921875,0.2791748046875
22.138,455,3147,1598,3147,12.0,30.0,16.0,38.51318359375,15.808104515075684,32.65380859375,-1.157958984375,0.6300048828125,0.1551513671875
22.139,414,3147,1303,2756,12.0,30.0,16.0,38.51318359375,15.808104515075684,32.65380859375,-1.0177001953125,0.545166015625,0.0335693359375
22.139,381,3147,688,1899,12.0,30.0,16.0,3.601073980331421,23.071287155151367,24.658201217651367,-0.8760986328125,0.273193359375,-0.056396484375
22.139,359,3147,426,1488,12.0,30.0,16.0,-2.685546636581421,25.451658248901367,17.27294921875,-0.6939697265625,0.0374755859375,-0.1126708984375
22.148,330,3147,372,1024,12.0,30.0,16.0,-2.685546636581421,25.451658248901367,17.27294921875,-0.5067138671875,-0.0579833984375,-0.133056640625
22.158,315,2834,334,330,12.0,30.0,16.0,19.53125,30.883787155151367,-8.23974609375,-0.4017333984375,0.03564453125,-0.1273193359375
22.164,310,2317,334,330,12.0,30.0,16.0,28.686521530151367,32.5927734375,-21.240232467651367,-0.34619140625,0.257080078125,-0.1060791015625
22.174,308,2214,376,328,10.0,32.0,10.0,28.686521530151367,32.5927734375,-21.240232467651367,-0.267578125,0.384521484375,-0.0435791015625
22.184,308,1662,372,323,10.0,32.0,10.0,6.591796398162842,26.367185592651367,-36.80419921875,-0.2451171875,0.33349609375,0.025146484375
22.196,307,1440,348,326,10.0,32.0,10.0,-7.751464366912842,22.155759811401367,-41.625972747802734,-0.364013671875,0.270263671875,0.021240234375
22.202,308,1148,323,321,10.0,32.0,10.0,-7.751464366912842,22.155759811401367,-41.625972747802734,-0.5367431640625,0.3033447265625,0.0474853515625
22.225,306,1066,313,334,10.0,32.0,10.0,1.03759765625,15.441893577575684,-26.489255905151367,-0.6290283203125,0.3902587890625,0.1654052734375
22.225,306,1382,315,318,10.0,32.0,10.0,12.390135765075684,6.530761241912842,-10.437010765075684,-0.6142578125,0.4486083984375,0.2486572265625
22.233,302,1569,332,324,10.0,32.0,10.0,12.390135765075684,6.530761241912842,-10.437010765075684,-0.578857421875,0.4185791015625,0.254638671875
22.258,308,1640,329,324,10.0,32.0,10.0,10.437010765075684,-7.324218273162842,-4.7607421875,-0.6326904296875,0.3115234375,0.211669921875
22.260,292,1681,351,326,10.0,32.0,10.0,-1.5869139432907104,-8.11767578125,-9.09423828125,-0.7491455078125,0.201416015625,0.13427734375
22.261,308,1744,361,324,10.0,32.0,10.0,-1.5869139432907104,-8.11767578125,-9.09423828125,-0.828369140625,0.152587890625,0.0621337890625
22.274,308,2035,356,327,11.0,32.0,15.0,-14.404295921325684,-2.563476324081421,0.2441406100988388,-0.848388671875,0.1783447265625,0.0289306640625
22.285,308,2261,348,330,11.0,32.0,15.0,-14.709471702575684,-1.6479490995407104,8.60595703125,-0.8441162109375,0.229736328125,0.021240234375
22.299,309,2430,352,329,11.0,32.0,15.0,-14.709471702575684,-1.6479490995407104,8.60595703125,-0.843017578125,0.254150390625,0.006103515625
22.305,306,2769,371,330,11.0,32.0,15.0,-14.648436546325684,-7.568358898162842,15.747069358825684,-0.8447265625,0.2552490234375,-0.020263671875
22.330,310,3115,400,336,11.0,32.0,15.0,-14.648436546325684,-7.568358898162842,15.747069358825684,-0.808349609375,0.2396240234375,-0.05126953125
22.332,299,3147,409,372,11.0,32.0,15.0,-11.840819358825684,-11.718749046325684,14.709471702575684,-0.808349609375,0.2396240234375,-0.05126953125
22.337,315,3147,473,891,11.0,32.0,15.0,-5.249022960662842,-18.24951171875,11.413573265075684,-0.6871337890625,0.2030029296875,-0.041748046875
22.343,318,3147,495,1123,11.0,32.0,15.0,-5.249022960662842,-18.24951171875,11.413573265075684,-0.7076416015625,0.20068359375,0.0223388671875
22.358,321,3147,533,1216,11.0,32.0,15.0,-5.371093273162842,-20.507810592651367,11.779784202575684,-0.7076416015625,0.20068359375,0.0223388671875
22.365,336,3147,521,1627,11.0,30.0,14.0,-10.681151390075684,-20.629880905151367,8.1787109375,-0.576416015625,0.1800537109375,0.0843505859375
22.375,347,3147,642,1892,11.0,30.0,14.0,-10.681151390075684,-20.629880905151367,8.1787109375,-0.433349609375,0.164794921875,0.0794677734375
22.384,364,3147,832,2167,11.0,30.0,14.0,-9.6435546875,-20.01953125,0.2441406100988388,-0.433349609375,0.164794921875,0.0794677734375
22.395,401,3147,1214,2699,11.0,30.0,14.0,9.27734375,-27.160642623901367,-25.695798873901367,-0.1708984375,0.1064453125,0.0423583984375
22.406,411,3147,1478,2948,11.0,30.0,14.0,9.27734375,-27.160642623901367,-25.695798873901367,-0.10009765625,0.1502685546875,0.052978515625
22.425,428,3147,1662,3147,11.0,30.0,14.0,22.460935592651367,-34.60693359375,-36.865234375,-0.10009765625,0.1502685546875,0.052978515625
22.425,441,3147,2001,3147,11.0,30.0,14.0,54.931636810302734,-52.429195404052734,-40.161128997802734,-0.4609375,0.8955078125,0.4002685546875
22.433,458,3147,2544,3147,11.0,30.0,14.0,54.931636810302734,-52.429195404052734,-40.161128997802734,-0.697998046875,1.498779296875,0.5045166015625
22.441,473,3147,2787,3147,11.0,30.0,14.0,56.335445404052734,-57.739253997802734,-30.090330123901367,-0.697998046875,1.498779296875,0.5045166015625
22.464,487,3147,3060,3147,11.0,30.0,14.0,-18.12744140625,-32.89794921875,-19.71435546875,-1.8858642578125,1.09521484375,0.175537109375
22.465,497,3147,3098,3147,11.0,29.0,11.0,-18.12744140625,-32.89794921875,-19.71435546875,-2.8062744140625,-0.09228515625,-0.026611328125
22.472,495,3147,3118,3147,11.0,29.0,11.0,-76.5380859375,-14.282225608825684,-32.28759765625,-2.8062744140625,-0.09228515625,-0.026611328125
22.486,487,3147,2992,3147,11.0,29.0,11.0,-83.31298065185547,2.929687261581421,-26.367185592651367,-2.65869140625,-0.8779296875,-0.0115966796875
22.493,487,3147,2943,3147,11.0,29.0,11.0,-83.31298065185547,2.929687261581421,-26.367185592651367,-1.68310546875,-0.597900390625,0.0093994140625
22.501,487,3147,2938,3147,11.0,29.0,11.0,-23.498533248901367,5.187987804412842,0.2441406100988388,-1.68310546875,-0.597900390625,0.0093994140625
22.535,487,3147,2909,3147,11.0,29.0,11.0,23.315427780151367,11.596678733825684,15.258788108825684,-1.0582275390625,1.03271484375,0.4454345703125
22.535,485,3147,2829,3147,11.0,29.0,11.0,21.911619186401367,25.512693405151367,17.27294921875,-1.0582275390625,1.03271484375,0.4454345703125
22.535,485,3147,2725,3147,11.0,29.0,11.0,-23.254392623901367,40.893550872802734,20.751951217651367,-1.64501953125,1.2205810546875,0.4105224609375
22.544,481,3147,2593,3147,11.0,29.0,11.0,-65.36865234375,45.593257904052734,29.418943405151367,-1.9473876953125,0.189208984375,0.2691650390625
22.565,475,3147,2445,3147,11.0,29.0,11.0,-60.241695404052734,36.865234375,39.73388671875,-1.9473876953125,0.189208984375,0.2691650390625
22.566,472,3147,2310,3147,12.0,30.0,11.0,-15.624999046325684,20.874021530151367,47.607418060302734,-1.5616455078125,0.12255859375,0.3184814453125
22.576,462,3147,1908,3147,12.0,30.0,11.0,28.564451217651367,8.11767578125,47.729488372802734,-0.8284912109375,0.55517578125,0.298583984375
22.651,431,3147,1283,3147,12.0,30.0,11.0,42.602535247802734,10.253905296325684,26.184080123901367,-0.6541748046875,0.6651611328125,0.2061767578125
22.651,390,3147,749,2498,12.0,30.0,11.0,27.954099655151367,17.76123046875,14.160155296325684,-0.661376953125,0.440185546875,-0.017578125
22.784,364,3147,504,2102,12.0,30.0,11.0,16.05224609375,24.841306686401367,4.5166015625,-0.661376953125,0.440185546875,-0.017578125
22.787,336,3147,391,1641,12.0,30.0,11.0,5.554198741912842,30.944822311401367,-4.08935546875,-0.6873779296875,0.2303466796875,-0.18310546875
22.787,323,3147,370,594,12.0,30.0,11.0,-3.479003667831421,36.4990234375,-12.512206077575684,-0.7412109375,-0.034912109375,-0.380615234375
22.787,314,3146,336,334,12.0,30.0,11.0,-4.2724609375,40.832515716552734,-17.51708984375,-0.7412109375,-0.034912109375,-0.380615234375
22.787,310,2843,344,330,12.0,30.0,11.0,1.7089842557907104,40.405269622802734,-17.578125,-0.66015625,0.09521484375,-0.2745361328125
22.787,309,2494,330,330,11.0,32.0,12.0,3.662109136581421,35.888671875,-17.76123046875,-0.375244140625,0.2276611328125,0.0477294921875
22.787,292,2260,338,328,11.0,32.0,12.0,-3.356933355331421,31.127927780151367,-22.460935592651367,-0.375244140625,0.2276611328125,0.0477294921875
22.787,307,2083,344,327,11.0,32.0,12.0,-14.465331077575684,27.343748092651367,-28.442380905151367,-0.434326171875,0.2454833984375,0.1556396484375
22.787,308,1739,406,323,11.0,32.0,12.0,-21.118162155151367,24.475095748901367,-28.747556686401367,-0.6448974609375,0.248291015625,0.24755859375
22.788,294,1649,395,327,11.0,32.0,12.0,-17.39501953125,22.216794967651367,-21.606443405151367,-0.6448974609375,0.248291015625,0.24755859375
22.788,307,1397,401,323,11.0,32.0,12.0,-8.72802734375,18.98193359375,-10.681151390075684,-0.6495361328125,0.3504638671875,0.2322998046875
22.788,308,1623,404,325,11.0,32.0,12.0,-5.737304210662842,14.099120140075684,-0.4272460639476776,-0.654052734375,0.3360595703125,0.14697265625
22.788,306,1800,401,332,11.0,32.0,12.0,-10.742186546325684,8.23974609375,6.164550304412842,-0.654052734375,0.3360595703125,0.14697265625
22.788,306,1961,416,329,11.0,32.0,12.0,-15.075682640075684,2.13623046875,9.09423828125,-0.7025146484375,0.239990234375,0.107666015625
22.788,308,2165,338,328,11.0,31.0,12.0,-11.535643577575684,-3.662109136581421,10.437010765075684,-0.763427734375,0.229248046875,0.0457763671875
22.788,308,2333,346,304,11.0,31.0,12.0,-3.112792730331421,-8.4228515625,11.352538108825684,-0.7813720703125,0.274658203125,-0.017578125
22.788,308,2529,359,328,11.0,31.0,12.0,3.051757574081421,-11.718749046325684,11.169432640075684,-0.7548828125,0.314453125,-0.043212890625
22.788,300,2845,352,316,11.0,31.0,12.0,4.7607421875,-14.465331077575684,9.94873046875,-0.724365234375,0.3369140625,-0.031982421875
22.794,313,3059,388,332,11.0,31.0,12.0,4.08935546875,-17.51708984375,9.21630859375,-0.7125244140625,0.329833984375,-0.001708984375
22.802,316,3147,404,424,11.0,31.0,12.0,3.784179449081421,-20.629880905151367,9.521484375,-0.71728515625,0.2840576171875,0.03076171875
22.815,318,3147,430,654,11.0,31.0,12.0,5.432128429412842,-23.315427780151367,10.009765625,-0.758544921875,0.242431640625,0.0517578125
22.838,316,3147,446,862,11.0,31.0,12.0,8.30078125,-25.817869186401367,10.253905296325684,-0.8294677734375,0.21435546875,0.0484619140625
22.839,312,3147,461,1050,11.0,31.0,12.0,9.33837890625,-28.442380905151367,9.8876953125,-0.859619140625,0.1728515625,0.0167236328125
22.845,332,3147,506,1472,11.0,31.0,12.0,8.544921875,-30.761716842651367,9.033203125,-0.8221435546875,0.13330078125,-0.0244140625
22.853,336,3147,456,1735,11.0,31.0,16.0,9.521484375,-32.71484375,8.30078125,-0.747314453125,0.098876953125,-0.059326171875
22.871,347,3147,561,1981,11.0,31.0,16.0,14.221190452575684,-35.2783203125,8.23974609375,-0.65771484375,0.072509765625,-0.046630859375
22.875,371,3147,772,2504,11.0,31.0,16.0,22.460935592651367,-39.4287109375,9.3994140625,-0.56884765625,0.0740966796875,0.0322265625
22.882,382,3147,951,2750,11.0,31.0,16.0,31.555173873901367,-44.311519622802734,10.437010765075684,-0.477294921875,0.0753173828125,0.1268310546875
22.891,409,3147,1155,3054,11.0,31.0,16.0,37.41455078125,-47.058101654052734,8.48388671875,-0.3524169921875,0.0849609375,0.1849365234375
22.904,434,3147,1624,3147,11.0,31.0,16.0,38.330078125,-45.776363372802734,0.3662109076976776,-0.221435546875,0.1357421875,0.2252197265625
22.913,445,3147,1815,3147,11.0,31.0,16.0,33.63037109375,-40.466304779052734,-15.563963890075684,-0.1912841796875,0.26171875,0.280517578125
22.946,457,3147,1936,3147,11.0,31.0,16.0,22.705076217651367,-33.447265625,-33.3251953125,-0.378662109375,0.645751953125,0.3988037109375
22.946,467,3147,2330,3147,11.0,31.0,16.0,7.873534679412842,-28.625486373901367,-38.39111328125,-0.7421875,1.2568359375,0.4586181640625
22.947,479,3147,2662,3147,11.0,31.0,16.0,-4.8828125,-24.902341842651367,-24.108884811401367,-1.1055908203125,1.665283203125,0.34521484375
22.951,487,3147,2869,3147,14.0,30.0,23.0,-16.78466796875,-21.301267623901367,-2.01416015625,-1.5931396484375,1.418701171875,0.1629638671875
22.971,490,3147,3072,3147,14.0,30.0,23.0,-33.87451171875,-19.775390625,10.498045921325684,-2.3372802734375,0.4510498046875,-0.04052734375
22.975,493,3147,3065,3147,14.0,30.0,23.0,-52.185054779052734,-20.080564498901367,5.676269054412842,-2.8157958984375,-0.615966796875,-0.052978515625
22.982,490,3147,2963,3147,14.0,30.0,23.0,-46.874996185302734,-21.240232467651367,-3.051757574081421,-2.618896484375,-0.940185546875,0.1563720703125
22.996,488,3147,2864,3147,14.0,30.0,23.0,1.2817381620407104,-18.06640625,1.5258787870407104,-1.822021484375,-0.421142578125,0.2845458984375
23.004,485,3147,2880,3147,14.0,30.0,23.0,57.128902435302734,-5.676269054412842,8.4228515625,-0.97900390625,0.511474609375,0.328125
23.012,488,3147,2891,3147,14.0,30.0,23.0,67.0166015625,14.892577171325684,2.868652105331421,-0.8372802734375,1.4388427734375,0.3389892578125
23.044,487,3147,2840,3147,14.0,30.0,23.0,17.7001953125,34.66796875,-7.629394054412842,-1.3328857421875,1.6162109375,0.2498779296875
23.045,486,3147,2765,3147,14.0,30.0,23.0,-50.231929779052734,42.358394622802734,-12.145995140075684,-1.8441162109375,0.8779296875,0.1787109375
23.045,470,3147,2662,3147,14.0,30.0,23.0,-73.8525390625,36.7431640625,-7.995604991912842,-1.9615478515625,0.1492919921875,0.2030029296875
23.056,481,3147,2435,3147,11.0,31.0,18.0,-39.97802734375,25.329587936401367,1.5869139432907104,-1.7491455078125,-0.006591796875,0.2391357421875
23.073,478,3147,2266,3147,11.0,31.0,18.0,5.0048828125,16.78466796875,11.291502952575684,-1.454345703125,0.1656494140625,0.2481689453125
23.074,473,3147,2005,3147,11.0,31.0,18.0,23.315427780151367,15.808104515075684,16.66259765625,-1.219482421875,0.3607177734375,0.2362060546875
23.086,458,3147,1686,3147,11.0,31.0,18.0,16.11328125,20.324705123901367,16.90673828125,-1.0299072265625,0.435302734375,0.205078125
23.094,440,3147,1397,3012,11.0,31.0,18.0,3.662109136581421,25.390623092651367,14.770506858825684,-0.85693359375,0.3433837890625,0.1490478515625
23.102,419,3147,1050,2410,11.0,31.0,18.0,1.5869139432907104,29.785154342651367,11.291502952575684,-0.723388671875,0.1986083984375,0.0667724609375
23.116,371,3147,506,1490,11.0,31.0,18.0,8.60595703125,34.5458984375,4.5166015625,-0.622802734375,0.113037109375,-0.0408935546875
23.124,354,3147,393,588,11.0,31.0,18.0,15.869139671325684,39.48974609375,-6.164550304412842,-0.543701171875,0.0889892578125,-0.1483154296875
23.150,334,3147,337,344,11.0,31.0,18.0,19.6533203125,42.236324310302734,-17.27294921875,-0.50732421875,0.1375732421875,-0.2012939453125
23.150,321,2386,348,324,12.0,32.0,15.0,19.34814453125,40.649410247802734,-23.925779342651367,-0.4769287109375,0.240478515625,-0.19580078125
23.156,316,2143,336,328,12.0,32.0,15.0,13.183592796325684,35.82763671875,-26.123044967651367,-0.3924560546875,0.2725830078125,-0.1241455078125
23.162,314,1954,327,332,12.0,32.0,15.0,4.150390625,30.212400436401367,-28.076169967651367,-0.350830078125,0.239501953125,-0.0028076171875
23.182,310,1419,344,327,12.0,32.0,15.0,-1.7089842557907104,25.329587936401367,-30.517576217651367,-0.4295654296875,0.2347412109375,0.0701904296875
23.184,310,1243,354,331,12.0,32.0,15.0,-3.112792730331421,21.850584030151367,-29.357908248901367,-0.5460205078125,0.2711181640625,0.099853515625
23.192,310,1163,347,329,12.0,32.0,15.0,-0.9765624403953552,18.49365234375,-21.606443405151367,-0.6142578125,0.3505859375,0.1524658203125
23.205,308,1095,348,328,12.0,32.0,15.0,1.7700194120407104,12.878417015075684,-10.192870140075684,-0.617919921875,0.4031982421875,0.1995849609375
23.214,310,1225,347,332,12.0,32.0,15.0,-0.8544921278953552,6.469726085662842,-1.8310545682907104,-0.591064453125,0.347900390625,0.2218017578125
23.222,313,1450,346,332,12.0,32.0,15.0,-7.141112804412842,1.5869139432907104,1.03759765625,-0.6007080078125,0.23583984375,0.218017578125
23.247,313,1703,351,330,12.0,32.0,15.0,-10.314940452575684,-1.5869139432907104,0.9155272841453552,-0.66845703125,0.161865234375,0.1553955078125
23.247,292,1838,355,332,12.0,32.0,16.0,-9.58251953125,-3.662109136581421,1.0986328125,-0.7528076171875,0.1531982421875,0.0634765625
23.259,313,1974,351,333,12.0,32.0,16.0,-8.36181640625,-5.249022960662842,3.112792730331421,-0.813232421875,0.1903076171875,0.006591796875
23.266,315,2296,347,331,12.0,32.0,16.0,-8.30078125,-7.324218273162842,6.103515148162842,-0.8450927734375,0.2294921875,-0.004638671875
23.282,316,2585,387,342,12.0,32.0,16.0,-9.09423828125,-10.375975608825684,9.27734375,-0.8514404296875,0.2353515625,-0.0001220703125
23.283,317,2769,357,336,12.0,32.0,16.0,-8.97216796875,-13.916014671325684,12.084959983825684,-0.8309326171875,0.2109375,0.0029296875
23.296,321,3147,364,351,12.0,32.0,16.0,-5.920409679412842,-17.39501953125,14.404295921325684,-0.8028564453125,0.1873779296875,0.0091552734375
23.304,322,3147,400,508,12.0,32.0,16.0,-0.6713866591453552,-20.874021530151367,16.41845703125,-0.811767578125,0.2022705078125,0.0260009765625
23.312,323,3147,485,746,12.0,32.0,16.0,3.662109136581421,-24.902341842651367,18.1884765625,-0.828857421875,0.23095703125,0.0574951171875
23.325,327,3147,454,1178,12.0,32.0,16.0,2.807616949081421,-29.113767623901367,18.24951171875,-0.768310546875,0.212158203125,0.0921630859375
23.349,330,3147,467,1464,12.0,32.0,16.0,-0.7934569716453552,-31.433103561401367,15.624999046325684,-0.6492919921875,0.1746826171875,0.1190185546875
23.349,337,3147,578,1704,12.0,30.0,15.0,-0.7934569716453552,-31.433103561401367,15.624999046325684,-0.533203125,0.1607666015625,0.122314453125
23.365,369,3147,666,2118,12.0,30.0,15.0,4.45556640625,-33.5693359375,6.042479991912842,-0.4287109375,0.13720703125,0.0950927734375
23.365,382,3147,858,2350,12.0,30.0,15.0,10.437010765075684,-36.19384765625,-1.5869139432907104,-0.3251953125,0.109619140625,0.0531005859375
23.380,404,3147,1160,2688,12.0,30.0,15.0,10.437010765075684,-36.19384765625,-1.5869139432907104,-0.20166015625,0.10986328125,0.0081787109375
23.386,437,3147,1592,3084,12.0,30.0,15.0,11.657713890075684,-34.48486328125,-27.770994186401367,-0.08154296875,0.134765625,-0.01513671875
23.394,445,3147,1834,3147,12.0,30.0,15.0,4.7607421875,-29.724119186401367,-43.518062591552734,-0.079345703125,0.214599609375,-0.0291748046875
23.403,458,3147,2128,3147,12.0,30.0,15.0,4.7607421875,-29.724119186401367,-43.518062591552734,-0.3822021484375,0.5562744140625,-0.0574951171875
23.415,473,3147,2702,3147,12.0,30.0,15.0,-13.854979515075684,-21.972654342651367,-42.297359466552734,-0.932861328125,1.2330322265625,-0.0477294921875
23.424,485,3147,2904,3147,12.0,30.0,15.0,-28.625486373901367,-25.085447311401367,-16.2353515625,-1.4964599609375,1.6556396484375,0.0601806640625
23.455,495,3147,3046,3147,12.0,30.0,15.0,-28.625486373901367,-25.085447311401367,-16.2353515625,-2.189453125,1.1673583984375,0.1861572265625
23.455,499,3147,3129,3147,12.0,28.0,16.0,-56.945796966552734,-36.68212890625,8.7890625,-2.8502197265625,0.0615234375,0.338134765625
23.456,497,3147,3115,3147,12.0,28.0,16.0,-60.424800872802734,-39.24560546875,-8.48388671875,-2.926513671875,-0.7803955078125,0.554931640625
23.483,497,3147,3007,3147,12.0,28.0,16.0,-60.424800872802734,-39.24560546875,-8.48388671875,-2.3311767578125,-0.9537353515625,0.6334228515625
23.483,497,3147,2944,3147,12.0,28.0,16.0,24.536130905151367,-27.343748092651367,-12.023924827575684,-1.348876953125,-0.405517578125,0.579345703125
23.487,497,3147,2968,3147,12.0,28.0,16.0,72.265625,-8.48388671875,-0.30517578125,-0.802490234375,0.697509765625,0.4818115234375
23.492,497,3147,2943,3147,12.0,28.0,16.0,72.265625,-8.48388671875,-0.30517578125,-1.17236328125,1.5274658203125,0.2125244140625
23.506,495,3147,2900,3147,12.0,28.0,16.0,4.69970703125,26.855466842651367,8.7890625,-1.781982421875,1.3101806640625,-0.052734375
23.514,495,3147,2854,3147,12.0,28.0,16.0,-57.373043060302734,25.939939498901367,7.873534679412842,-2.01611328125,0.50390625,-0.0447998046875
23.522,493,3147,2790,3147,12.0,28.0,16.0,-57.373043060302734,25.939939498901367,7.873534679412842,-1.8653564453125,0.015380859375,0.1649169921875
23.552,490,3147,2626,3147,12.0,28.0,16.0,-25.939939498901367,0.4272460639476776,12.634276390075684,-1.5687255859375,0.001953125,0.3800048828125
23.552,469,3147,2471,3147,13.0,29.0,11.0,13.793944358825684,-2.746581792831421,17.08984375,-1.3018798828125,0.2215576171875,0.483642578125
23.552,481,3147,2215,3147,13.0,29.0,11.0,13.793944358825684,-2.746581792831421,17.08984375,-1.3018798828125,0.2215576171875,0.483642578125
23.582,468,3147,1748,3147,13.0,29.0,11.0,34.85107421875,13.488768577575684,20.01953125,-0.8795166015625,0.507568359375,0.34326171875
23.582,445,3147,1443,2717,13.0,29.0,11.0,34.85107421875,13.488768577575684,20.01953125,-0.732421875,0.3887939453125,0.197265625
23.591,426,3147,1108,2186,13.0,29.0,11.0,30.883787155151367,21.118162155151367,18.4326171875,-0.732421875,0.3887939453125,0.197265625
23.596,375,3147,598,1348,13.0,29.0,11.0,15.258788108825684,31.799314498901367,-2.0751953125,-0.54833984375,-0.0611572265625,-0.13037109375
23.604,346,3147,430,712,13.0,29.0,11.0,15.258788108825684,31.799314498901367,-2.0751953125,-0.4769287109375,-0.1641845703125,-0.232177734375
23.612,328,2874,373,336,13.0,29.0,11.0,6.652831554412842,35.09521484375,-13.061522483825684,-0.4769287109375,-0.1641845703125,-0.232177734375
23.626,316,2400,353,330,13.0,29.0,11.0,14.099120140075684,35.21728515625,-12.023924827575684,-0.384033203125,0.1556396484375,-0.1685791015625
23.634,316,2260,338,332,13.0,29.0,11.0,14.099120140075684,35.21728515625,-12.023924827575684,-0.3043212890625,0.2857666015625,-0.0076904296875
23.654,313,1967,327,328,14.0,31.0,13.0,15.014647483825684,32.04345703125,-9.09423828125,-0.3043212890625,0.2857666015625,-0.0076904296875
23.656,300,1480,328,321,14.0,31.0,13.0,-7.995604991912842,29.357908248901367,-14.709471702575684,-0.5361328125,0.330078125,0.1038818359375
23.664,310,1387,374,328,14.0,31.0,13.0,-7.995604991912842,29.357908248901367,-14.709471702575684,-0.632080078125,0.364013671875,0.154052734375
23.672,313,1220,332,327,14.0,31.0,13.0,-13.793944358825684,29.052732467651367,-10.864256858825684,-0.632080078125,0.364013671875,0.154052734375
23.695,310,1323,344,328,14.0,31.0,13.0,-11.230467796325684,17.4560546875,2.3193359375,-0.6453857421875,0.441162109375,0.20556640625
23.695,297,1433,323,313,14.0,31.0,13.0,-11.230467796325684,17.4560546875,2.3193359375,-0.653564453125,0.3477783203125,0.2264404296875
23.703,312,1582,361,329,14.0,31.0,13.0,-18.00537109375,10.864256858825684,0.6713866591453552,-0.653564453125,0.3477783203125,0.2264404296875
23.711,313,1681,356,329,14.0,31.0,13.0,-22.155759811401367,5.615233898162842,-3.967284917831421,-0.6920166015625,0.256591796875,0.21435546875
23.725,313,1952,345,332,14.0,31.0,13.0,-18.49365234375,1.6479490995407104,-6.225585460662842,-0.7572021484375,0.218994140625,0.0875244140625
23.733,315,2062,371,334,12.0,29.0,15.0,-11.413573265075684,-1.220703125,-4.33349609375,-0.7572021484375,0.218994140625,0.0875244140625
23.757,316,2296,344,338,12.0,29.0,15.0,-6.958007335662842,-3.356933355331421,0.0610351525247097,-0.7669677734375,0.1998291015625,0.0404052734375
23.757,298,2834,388,334,12.0,29.0,15.0,-6.164550304412842,-5.432128429412842,5.249022960662842,-0.7913818359375,0.1474609375,0.012451171875
23.763,318,3025,431,337,12.0,29.0,15.0,-6.225585460662842,-8.056640625,10.437010765075684,-0.7913818359375,0.1474609375,0.012451171875
23.771,321,3147,446,334,12.0,29.0,15.0,-4.57763671875,-11.291502952575684,14.160155296325684,-0.8155517578125,0.1680908203125,0.0040283203125
23.812,327,3147,469,621,12.0,29.0,15.0,-1.4648436307907104,-14.465331077575684,15.136717796325684,-0.8470458984375,0.2532958984375,0.022705078125
23.812,330,3147,539,878,12.0,29.0,15.0,0.6103515625,-16.845703125,13.305663108825684,-0.8470458984375,0.2532958984375,0.022705078125
23.812,336,3147,537,1005,12.0,29.0,15.0,0.3662109076976776,-18.37158203125,9.70458984375,-0.83447265625,0.27734375,0.032470703125
23.816,359,3147,689,1386,12.0,29.0,15.0,-1.7089842557907104,-19.10400390625,5.432128429412842,-0.5843505859375,0.1650390625,-0.037353515625
23.823,378,3147,864,1665,12.0,29.0,15.0,-3.356933355331421,-19.1650390625,0.9155272841453552,-0.5843505859375,0.1650390625,-0.037353515625
23.831,402,3147,1013,2060,10.0,30.0,17.0,0.2441406100988388,-20.507810592651367,-4.5166015625,-0.353759765625,0.0220947265625,-0.0455322265625
23.860,437,3147,1637,2428,10.0,30.0,17.0,13.000487327575684,-25.329587936401367,-11.352538108825684,0.113037109375,-0.1612548828125,0.047119140625
23.860,442,3147,1834,2700,10.0,30.0,17.0,33.99658203125,-32.958984375,-19.47021484375,0.113037109375,-0.1612548828125,0.047119140625
23.862,444,3147,2058,3112,10.0,30.0,17.0,55.053707122802734,-39.4287109375,-28.381345748901367,0.130615234375,0.0718994140625,0.15283203125
23.876,470,3147,2584,3147,10.0,30.0,17.0,59.387203216552734,-40.954586029052734,-35.5224609375,-0.626953125,0.9832763671875,0.5330810546875
23.905,473,3147,2788,3147,10.0,30.0,17.0,33.14208984375,-37.109375,-36.0107421875,-0.626953125,0.9832763671875,0.5330810546875
23.905,472,3147,3025,3147,10.0,30.0,17.0,-14.648436546325684,-31.982419967651367,-26.245115280151367,-1.0079345703125,1.20361328125,0.6328125
23.906,497,3147,3147,3147,10.0,30.0,17.0,-54.626461029052734,-30.029294967651367,-10.681151390075684,-1.9832763671875,0.1104736328125,0.4432373046875
23.914,497,3147,3147,3147,10.0,30.0,17.0,-66.162109375,-30.517576217651367,-1.220703125,-1.9832763671875,0.1104736328125,0.4432373046875
23.922,523,3147,3147,3147,10.0,30.0,17.0,-53.100582122802734,-25.207517623901367,-3.234863042831421,-2.6949462890625,-0.504638671875,-0.000732421875
23.936,499,3147,3147,3147,14.0,28.0,17.0,-22.644041061401367,-15.624999046325684,1.5258787870407104,-2.6055908203125,-0.239990234375,-0.0860595703125
23.961,497,3147,3024,3147,14.0,28.0,17.0,17.02880859375,-11.413573265075684,24.108884811401367,-2.6055908203125,-0.239990234375,-0.0860595703125
23.961,493,3147,2927,3147,14.0,28.0,17.0,49.804683685302734,-8.30078125,42.785640716552734,-1.7152099609375,0.2066650390625,0.0675048828125
23.966,496,3147,3000,3147,14.0,28.0,17.0,64.88037109375,1.03759765625,35.82763671875,-0.8074951171875,1.6998291015625,0.42431640625
23.974,493,3147,3003,3147,14.0,28.0,17.0,48.156734466552734,19.1650390625,10.498045921325684,-0.8074951171875,1.6998291015625,0.42431640625
23.982,496,3147,2976,3147,14.0,28.0,17.0,-8.9111328125,40.710445404052734,-10.437010765075684,-1.3538818359375,1.612548828125,0.3369140625
24.005,494,3147,2803,3147,14.0,28.0,17.0,-73.30322265625,53.344722747802734,-19.1650390625,-1.8817138671875,0.7646484375,0.2310791015625
24.005,488,3147,2671,3147,14.0,28.0,17.0,-92.83446502685547,51.330562591552734,-18.49365234375,-2.0213623046875,0.0216064453125,0.211669921875
24.018,484,3147,2517,3147,14.0,28.0,17.0,-59.143062591552734,39.36767578125,-10.253905296325684,-1.8292236328125,-0.17236328125,0.2177734375
24.025,466,3147,2004,3147,14.0,28.0,17.0,-11.901854515075684,27.282712936401367,2.3193359375,-1.5618896484375,-0.0390625,0.2188720703125
24.034,455,3147,1687,3147,13.0,28.0,13.0,12.207030296325684,22.583005905151367,13.732909202575684,-1.3800048828125,0.156494140625,0.24951171875
24.042,423,3147,1241,3147,13.0,28.0,13.0,10.192870140075684,24.719236373901367,22.521970748901367,-1.2276611328125,0.2789306640625,0.310546875
24.065,364,3147,780,2936,13.0,28.0,13.0,2.746581792831421,29.418943405151367,30.639646530151367,-1.0386962890625,0.2833251953125,0.3099365234375
24.066,329,3147,470,2306,13.0,28.0,13.0,4.5166015625,35.7666015625,35.2783203125,-0.8353271484375,0.2242431640625,0.1942138671875
24.072,323,3147,364,1769,13.0,28.0,13.0,8.4228515625,42.663570404052734,28.991697311401367,-0.64794921875,0.135498046875,0.017822265625
24.086,308,3147,324,578,13.0,28.0,13.0,4.8828125,47.607418060302734,10.986327171325684,-0.4912109375,0.01611328125,-0.1708984375
24.111,310,2837,398,330,13.0,28.0,13.0,1.15966796875,49.621578216552734,-9.521484375,-0.40185546875,0.032470703125,-0.28515625
24.111,306,2194,334,313,13.0,28.0,13.0,4.21142578125,49.194332122802734,-21.545408248901367,-0.2779541015625,0.2080078125,-0.2830810546875
24.111,308,1484,324,309,13.0,28.0,13.0,6.042479991912842,46.447750091552734,-25.817869186401367,-0.13916015625,0.33837890625,-0.1964111328125
24.130,308,939,315,316,11.0,30.0,9.0,-0.7324218153953552,41.625972747802734,-29.663084030151367,-0.184326171875,0.383056640625,-0.1177978515625
24.134,308,816,373,324,11.0,30.0,9.0,-13.916014671325684,36.62109375,-32.04345703125,-0.3797607421875,0.3670654296875,-0.06103515625
24.142,306,721,375,323,11.0,30.0,9.0,-25.024412155151367,30.395505905151367,-25.939939498901367,-0.5369873046875,0.36083984375,0.094482421875
24.168,306,782,386,322,11.0,30.0,9.0,-25.451658248901367,20.446775436401367,-11.657713890075684,-0.5828857421875,0.3701171875,0.275390625
24.168,307,788,390,318,11.0,30.0,9.0,-17.63916015625,9.33837890625,0.4272460639476776,-0.5770263671875,0.2847900390625,0.358642578125
24.172,304,921,385,326,11.0,30.0,9.0,-9.94873046875,1.4038084745407104,2.868652105331421,-0.59716796875,0.13330078125,0.34765625
24.187,307,1155,378,319,11.0,30.0,9.0,-3.173827886581421,-2.807616949081421,-1.7700194120407104,-0.6654052734375,0.048583984375,0.257568359375
24.205,310,1323,385,327,11.0,30.0,9.0,2.50244140625,-4.638671875,-6.591796398162842,-0.741943359375,0.0828857421875,0.109619140625
24.205,298,1613,382,328,11.0,30.0,9.0,3.906249761581421,-4.638671875,-7.263183116912842,-0.8031005859375,0.1810302734375,-0.010009765625
24.216,309,1933,378,324,11.0,30.0,9.0,1.15966796875,-4.82177734375,-3.479003667831421,-0.8399658203125,0.23974609375,-0.0537109375
24.224,309,2160,382,328,14.0,30.0,12.0,-2.3193359375,-7.141112804412842,3.051757574081421,-0.8406982421875,0.2393798828125,-0.062744140625
24.232,308,2258,390,333,14.0,30.0,12.0,-4.57763671875,-10.498045921325684,9.8876953125,-0.8233642578125,0.213134765625,-0.0716552734375
24.246,312,2658,401,328,14.0,30.0,12.0,-6.408690929412842,-13.305663108825684,14.892577171325684,-0.813720703125,0.1710205078125,-0.0736083984375
24.270,306,2844,423,330,14.0,30.0,12.0,-7.080077648162842,-15.563963890075684,17.08984375,-0.8121337890625,0.1624755859375,-0.0501708984375
24.270,319,3147,445,334,14.0,30.0,12.0,-5.249022960662842,-17.76123046875,16.90673828125,-0.802001953125,0.2218017578125,-0.009521484375
24.276,315,3147,521,584,14.0,30.0,12.0,-2.868652105331421,-19.53125,14.221190452575684,-0.79345703125,0.3031005859375,0.022216796875
24.284,318,3147,533,799,14.0,30.0,12.0,-2.01416015625,-20.263669967651367,9.82666015625,-0.801025390625,0.34619140625,0.0228271484375
24.306,323,3147,473,1000,14.0,30.0,12.0,-3.112792730331421,-20.568845748901367,5.798339366912842,-0.7705078125,0.3365478515625,-0.0107421875
24.306,328,3147,616,1419,14.0,30.0,12.0,-6.286620616912842,-21.301267623901367,3.173827886581421,-0.67724609375,0.2767333984375,-0.070556640625
24.322,331,3147,754,1681,14.0,30.0,12.0,-8.85009765625,-22.338865280151367,1.4038084745407104,-0.5516357421875,0.1776123046875,-0.1390380859375
24.322,346,3147,846,1914,11.0,31.0,13.0,-9.09423828125,-23.132322311401367,-0.6713866591453552,-0.4058837890625,0.0904541015625,-0.134521484375
24.337,371,3147,1163,2323,11.0,31.0,13.0,-7.751464366912842,-24.108884811401367,-3.967284917831421,-0.274169921875,0.01904296875,-0.0345458984375
24.344,389,3147,1198,2630,11.0,31.0,13.0,-5.065917491912842,-26.367185592651367,-8.7890625,-0.2081298828125,-0.0421142578125,0.1053466796875
24.356,411,3147,1328,2941,11.0,31.0,13.0,-0.30517578125,-29.479978561401367,-14.465331077575684,-0.20458984375,0.0032958984375,0.26953125
24.374,428,3147,1561,3147,11.0,31.0,13.0,3.540038824081421,-31.677244186401367,-19.95849609375,-0.3018798828125,0.2432861328125,0.4228515625
24.374,437,3147,1759,3147,11.0,31.0,13.0,-1.5258787870407104,-31.494138717651367,-23.193357467651367,-0.6015625,0.7391357421875,0.5792236328125
24.385,438,3147,1954,3147,11.0,31.0,13.0,-21.240232467651367,-28.015134811401367,-17.9443359375,-0.974365234375,1.3048095703125,0.7830810546875
24.406,464,3147,2374,3147,11.0,31.0,13.0,-49.926753997802734,-23.376462936401367,-6.652831554412842,-1.392822265625,1.267822265625,0.89599609375
24.406,454,3147,2442,3147,11.0,31.0,13.0,-75.0732421875,-16.90673828125,-6.103515148162842,-2.130126953125,0.443359375,0.507080078125
24.412,473,3147,2490,3147,11.0,31.0,13.0,-81.11571502685547,-3.417968511581421,-19.04296875,-2.888427734375,-0.2518310546875,-0.119140625
24.427,464,3147,2129,3147,17.0,28.0,11.0,-54.992671966552734,6.958007335662842,-21.301267623901367,-3.0350341796875,-0.3985595703125,-0.4437255859375
24.434,462,3147,2076,3147,17.0,28.0,11.0,-4.39453125,2.746581792831421,-1.8310545682907104,-2.2579345703125,-0.4581298828125,-0.408203125
24.442,462,3147,2080,3147,17.0,28.0,11.0,40.893550872802734,-5.676269054412842,15.502928733825684,-1.259033203125,-0.238525390625,0.021240234375
24.455,462,3147,2026,3147,17.0,28.0,11.0,50.109859466552734,-2.990722417831421,18.73779296875,-1.0528564453125,0.5596923828125,0.4588623046875
24.476,461,3147,1960,3147,17.0,28.0,11.0,17.7001953125,12.023924827575684,23.376462936401367,-1.44775390625,1.113037109375,0.50634765625
24.476,439,3147,1869,3147,17.0,28.0,11.0,17.7001953125,12.023924827575684,23.376462936401367,-1.7864990234375,0.94287109375,0.33251953125
24.486,445,3147,1719,3147,17.0,28.0,11.0,-36.1328125,31.249998092651367,39.48974609375,-1.843505859375,0.5618896484375,0.22900390625
24.494,442,3147,1533,3147,17.0,28.0,11.0,-17.7001953125,24.841306686401367,38.57421875,-1.7435302734375,0.3447265625,0.2392578125
24.506,438,3147,1276,3147,17.0,28.0,11.0,-17.7001953125,24.841306686401367,38.57421875,-1.60400390625,0.3160400390625,0.2598876953125
24.516,406,3147,944,3147,17.0,28.0,11.0,23.254392623901367,16.17431640625,31.555173873901367,-1.4600830078125,0.343505859375,0.24560546875
24.524,384,3147,806,2955,14.0,30.0,8.0,26.672361373901367,17.88330078125,31.860349655151367,-1.2882080078125,0.3548583984375,0.1727294921875
24.553,364,3147,656,2418,14.0,30.0,8.0,26.672361373901367,17.88330078125,31.860349655151367,-1.0809326171875,0.29150390625,0.0162353515625
24.553,318,3147,361,1404,14.0,30.0,8.0,36.9873046875,20.751951217651367,35.0341796875,-0.8355712890625,0.1326904296875,-0.1331787109375
24.557,312,3147,327,532,14.0,30.0,8.0,43.457027435302734,22.216794967651367,26.855466842651367,-0.52783203125,-0.0360107421875,-0.232177734375
24.590,310,2517,334,324,14.0,30.0,8.0,43.457027435302734,22.216794967651367,26.855466842651367,-0.23388671875,-0.027587890625,-0.2518310546875
24.590,304,1867,375,323,14.0,30.0,8.0,57.556148529052734,26.672361373901367,-2.25830078125,0.0238037109375,0.16796875,-0.1619873046875
24.590,308,1541,310,316,14.0,30.0,8.0,52.734371185302734,28.686521530151367,-17.27294921875,0.1324462890625,0.327880859375,-0.045166015625
24.592,308,1172,316,323,14.0,30.0,8.0,52.734371185302734,28.686521530151367,-17.27294921875,-0.0574951171875,0.3775634765625,0.005126953125
24.613,306,694,323,313,14.0,30.0,8.0,8.4228515625,26.367185592651367,-40.222164154052734,-0.32861328125,0.357177734375,0.01025390625
24.614,308,710,330,300,14.0,30.0,16.0,-5.493163585662842,22.277830123901367,-34.72900390625,-0.4918212890625,0.3717041015625,0.08642578125
24.621,308,763,316,313,14.0,30.0,16.0,-5.493163585662842,22.277830123901367,-34.72900390625,-0.574462890625,0.4212646484375,0.1884765625
24.641,306,946,321,322,14.0,30.0,16.0,7.263183116912842,5.126952648162842,-9.27734375,-0.63232421875,0.39697265625,0.2227783203125
24.644,308,1003,373,324,14.0,30.0,16.0,7.629394054412842,-2.50244140625,-5.371093273162842,-0.6905517578125,0.30224609375,0.2108154296875
24.652,308,1145,373,324,14.0,30.0,16.0,7.629394054412842,-2.50244140625,-5.371093273162842,-0.744384765625,0.221435546875,0.1502685546875
24.681,308,1456,373,324,14.0,30.0,16.0,0.1220703050494194,-8.48388671875,-8.48388671875,-0.801513671875,0.2401123046875,0.0882568359375
24.682,298,1575,373,328,14.0,30.0,16.0,-1.220703125,-8.9111328125,-8.60595703125,-0.84814453125,0.294677734375,0.0823974609375
24.683,291,1662,375,324,14.0,30.0,16.0,-1.220703125,-8.9111328125,-8.60595703125,-0.850341796875,0.2843017578125,0.07958984375
24.696,309,1890,402,326,14.0,30.0,16.0,-3.845214605331421,-12.145995140075684,-5.126952648162842,-0.8153076171875,0.228515625,0.056640625
24.714,309,2010,388,329,14.0,30.0,16.0,-3.845214605331421,-12.145995140075684,-5.126952648162842,-0.7987060546875,0.177734375,0.04052734375
24.714,313,2178,411,329,11.0,29.0,13.0,-3.601073980331421,-12.939452171325684,-2.868652105331421,-0.7987060546875,0.177734375,0.04052734375
24.726,315,2507,398,332,11.0,29.0,13.0,-1.4038084745407104,-14.892577171325684,3.356933355331421,-0.833740234375,0.177001953125,0.00390625
24.734,316,2750,319,330,11.0,29.0,13.0,-1.4038084745407104,-14.892577171325684,3.356933355331421,-0.830322265625,0.2215576171875,0.0010986328125
24.748,316,2981,400,346,11.0,29.0,13.0,-0.1220703050494194,-16.4794921875,6.042479991912842,-0.830322265625,0.2215576171875,0.0010986328125
24.756,323,3147,510,431,11.0,29.0,13.0,0.0610351525247097,-20.629880905151367,5.920409679412842,-0.814697265625,0.2669677734375,0.0318603515625
24.764,323,3147,480,634,11.0,29.0,13.0,0.0610351525247097,-20.629880905151367,5.920409679412842,-0.7999267578125,0.234619140625,0.025634765625
24.772,328,3147,536,823,11.0,29.0,13.0,-0.8544921278953552,-22.888181686401367,3.601073980331421,-0.7999267578125,0.234619140625,0.025634765625
24.786,331,3147,691,1206,11.0,29.0,13.0,2.929687261581421,-26.000974655151367,-0.4272460639476776,-0.7103271484375,0.1876220703125,-0.005859375
24.794,334,3147,761,1435,11.0,29.0,13.0,2.929687261581421,-26.000974655151367,-0.4272460639476776,-0.6195068359375,0.1795654296875,-0.01123046875
24.818,354,3147,974,1588,11.0,29.0,13.0,8.1787109375,-28.381345748901367,-2.746581792831421,-0.6195068359375,0.1795654296875,-0.01123046875
24.818,388,3147,1262,1997,12.0,32.0,13.0,17.15087890625,-35.21728515625,-14.465331077575684,-0.24609375,0.0806884765625,0.0224609375
24.824,411,3147,1399,2333,12.0,32.0,13.0,17.15087890625,-35.21728515625,-14.465331077575684,-0.0340576171875,0.0340576171875,0.0555419921875
24.832,426,3147,1607,2530,12.0,32.0,13.0,20.996091842651367,-38.57421875,-26.428220748901367,-0.0340576171875,0.0340576171875,0.0555419921875
24.855,441,3147,1852,3063,12.0,32.0,13.0,21.484373092651367,-39.24560546875,-47.241207122802734,-0.13720703125,0.37548828125,0.275390625
24.855,455,3147,2087,3147,12.0,32.0,13.0,21.484373092651367,-39.24560546875,-47.241207122802734,-0.5946044921875,0.8779296875,0.4517822265625
24.863,458,3147,2362,3147,12.0,32.0,13.0,5.859374523162842,-36.865234375,-41.564937591552734,-0.5946044921875,0.8779296875,0.4517822265625
24.884,479,3147,2919,3147,12.0,32.0,13.0,-53.649898529052734,-31.005857467651367,-5.859374523162842,-1.301025390625,1.2757568359375,0.780029296875
24.884,487,3147,2984,3147,12.0,32.0,13.0,-53.649898529052734,-31.005857467651367,-5.859374523162842,-2.0286865234375,0.302978515625,0.4710693359375
24.892,491,3147,3046,3147,12.0,32.0,13.0,-82.09227752685547,-26.123044967651367,-7.141112804412842,-2.0286865234375,0.302978515625,0.4710693359375
24.906,487,3147,2966,3147,12.0,32.0,13.0,-90.75926971435547,-14.953612327575684,-21.972654342651367,-3.148193359375,-0.814208984375,-0.237060546875
24.920,485,3147,2807,3147,14.0,28.0,15.0,-64.697265625,-5.981444835662842,-21.423337936401367,-3.148193359375,-0.814208984375,-0.237060546875
24.922,473,3147,2726,3147,14.0,28.0,15.0,-5.920409679412842,-8.36181640625,5.371093273162842,-2.5201416015625,-0.7330322265625,-0.20947265625
24.935,482,3147,2710,3147,14.0,28.0,15.0,53.283687591552734,-13.061522483825684,34.3017578125,-0.8348388671875,0.767333984375,0.45849609375
24.944,481,3147,2708,3147,14.0,28.0,15.0,79.04052734375,-8.30078125,40.649410247802734,-0.8348388671875,0.767333984375,0.45849609375
24.959,479,3147,2683,3147,14.0,28.0,15.0,52.490230560302734,9.33837890625,31.738279342651367,-1.2093505859375,1.568115234375,0.50634765625
24.965,479,3147,2576,3147,14.0,28.0,15.0,-13.916014671325684,28.869626998901367,22.583005905151367,-1.960693359375,0.4764404296875,0.3148193359375
24.990,473,3147,2472,3147,14.0,28.0,15.0,-61.523433685302734,35.888671875,16.78466796875,-1.960693359375,0.4764404296875,0.3148193359375
24.990,466,3147,2350,3147,14.0,28.0,15.0,-48.706050872802734,30.029294967651367,16.78466796875,-1.85107421875,0.072998046875,0.3145751953125
24.998,455,3147,1820,3147,14.0,28.0,15.0,-0.9155272841453552,20.507810592651367,19.83642578125,-1.400146484375,0.3677978515625,0.27099609375
25.004,437,3147,1568,3147,14.0,28.0,15.0,33.75244140625,15.624999046325684,18.61572265625,-1.400146484375,0.3677978515625,0.27099609375
25.019,411,3147,1129,2927,12.0,29.0,12.0,36.56005859375,16.4794921875,11.474608421325684,-1.2406005859375,0.4053955078125,0.2266845703125
25.031,373,3147,794,2172,12.0,29.0,12.0,23.559568405151367,18.85986328125,5.981444835662842,-0.8721923828125,0.1798095703125,0.020263671875
25.034,347,3147,579,1733,12.0,29.0,12.0,18.61572265625,21.301267623901367,6.042479991912842,-0.8721923828125,0.1798095703125,0.020263671875
25.042,328,3147,428,1255,12.0,29.0,12.0,24.291990280151367,25.207517623901367,5.859374523162842,-0.6719970703125,0.1246337890625,-0.1087646484375
25.056,316,3147,348,330,12.0,29.0,12.0,26.916501998901367,30.456541061401367,0.54931640625,-0.32470703125,0.1273193359375,-0.3355712890625
25.066,314,2418,376,331,12.0,29.0,12.0,23.803709030151367,35.82763671875,-7.141112804412842,-0.32470703125,0.1273193359375,-0.3355712890625
25.087,313,1915,375,327,12.0,29.0,12.0,21.606443405151367,39.48974609375,-12.084959983825684,-0.245849609375,0.24853515625,-0.309326171875
25.087,310,1342,316,316,12.0,29.0,12.0,19.04296875,38.87939453125,-13.977049827575684,-0.2315673828125,0.266357421875,0.0078125
25.097,307,868,315,316,12.0,29.0,12.0,11.657713890075684,34.11865234375,-19.04296875,-0.2315673828125,0.266357421875,0.0078125
25.106,308,673,315,323,12.0,29.0,12.0,2.197265625,30.334470748901367,-26.306150436401367,-0.418212890625,0.2435302734375,0.078369140625
25.126,308,567,383,321,13.0,27.0,14.0,-4.5166015625,27.770994186401367,-26.123044967651367,-0.6326904296875,0.3695068359375,0.296142578125
25.126,305,625,323,302,13.0,27.0,14.0,-6.347655773162842,21.789548873901367,-16.845703125,-0.6326904296875,0.3695068359375,0.296142578125
25.133,308,616,382,323,13.0,27.0,14.0,-5.065917491912842,13.854979515075684,-7.324218273162842,-0.62109375,0.3560791015625,0.3280029296875
25.144,306,656,382,323,13.0,27.0,14.0,-5.065917491912842,8.7890625,-4.39453125,-0.6304931640625,0.2572021484375,0.2965087890625
25.155,310,617,385,323,13.0,27.0,14.0,-5.310058116912842,5.126952648162842,-5.920409679412842,-0.6702880859375,0.1727294921875,0.241943359375
25.163,308,734,373,323,13.0,27.0,14.0,-4.7607421875,0.4882812201976776,-7.080077648162842,-0.694580078125,0.1591796875,0.1461181640625
25.190,310,1069,384,323,13.0,27.0,14.0,-5.0048828125,-3.112792730331421,-6.408690929412842,-0.712158203125,0.1900634765625,0.053955078125
25.191,313,1363,400,326,13.0,27.0,14.0,-6.958007335662842,-5.126952648162842,-4.638671875,-0.7596435546875,0.206787109375,0.0230712890625
25.193,310,1647,400,332,13.0,27.0,14.0,-9.521484375,-7.263183116912842,-2.01416015625,-0.818359375,0.174072265625,0.0274658203125
25.224,315,1877,400,332,13.0,27.0,14.0,-10.559081077575684,-9.33837890625,1.9531248807907104,-0.8436279296875,0.1334228515625,0.0379638671875
25.229,315,2144,404,334,14.0,30.0,12.0,-9.58251953125,-10.803221702575684,6.530761241912842,-0.837890625,0.1280517578125,0.0482177734375
25.244,315,2389,409,332,14.0,30.0,12.0,-8.056640625,-12.145995140075684,10.253905296325684,-0.835205078125,0.161865234375,0.04833984375
25.281,315,2701,455,332,14.0,30.0,12.0,-7.080077648162842,-13.488768577575684,12.207030296325684,-0.851806640625,0.214599609375,0.0296630859375
25.297,318,3113,490,336,14.0,30.0,12.0,-7.141112804412842,-14.526366233825684,12.329100608825684,-0.8626708984375,0.256591796875,0.000244140625
25.297,321,3147,519,498,14.0,30.0,12.0,-9.033203125,-14.953612327575684,11.474608421325684,-0.8447265625,0.274658203125,-0.0218505859375
25.300,316,3147,603,639,14.0,30.0,12.0,-11.169432640075684,-15.502928733825684,9.765625,-0.7945556640625,0.2703857421875,-0.0482177734375
25.300,326,3147,706,1071,14.0,30.0,12.0,-10.009765625,-17.02880859375,6.835937023162842,-0.70263671875,0.2445068359375,-0.0860595703125
25.301,329,3147,780,1334,14.0,30.0,12.0,-5.737304210662842,-19.34814453125,2.38037109375,-0.5718994140625,0.1905517578125,-0.100341796875
25.302,348,3147,944,1662,14.0,30.0,12.0,-1.5869139432907104,-22.033689498901367,-3.112792730331421,-0.4049072265625,0.122802734375,-0.069580078125
25.305,371,3147,1229,2128,13.0,29.0,11.0,1.5258787870407104,-25.085447311401367,-9.6435546875,-0.2042236328125,0.0731201171875,-0.031005859375
25.323,402,3147,1294,2374,13.0,29.0,11.0,5.371093273162842,-28.625486373901367,-18.00537109375,-0.0242919921875,0.0521240234375,0.018310546875
25.326,423,3147,1519,2689,13.0,29.0,11.0,8.6669921875,-32.470703125,-28.381345748901367,0.0189208984375,0.0986328125,0.1136474609375
25.335,441,3147,1904,3147,13.0,29.0,11.0,9.27734375,-36.1328125,-37.9638671875,-0.185302734375,0.2601318359375,0.2899169921875
25.343,454,3147,2225,3147,13.0,29.0,11.0,5.187987804412842,-39.24560546875,-41.442867279052734,-0.6298828125,0.5972900390625,0.5845947265625
25.351,458,3147,2555,3147,13.0,29.0,11.0,-7.507323741912842,-41.259761810302734,-33.5693359375,-1.083740234375,1.0294189453125,0.9190673828125
25.370,478,3147,2954,3147,13.0,29.0,11.0,-25.085447311401367,-42.114253997802734,-17.63916015625,-1.26708984375,1.052490234375,1.1295166015625
25.373,484,3147,3027,3147,13.0,29.0,11.0,-36.7431640625,-40.10009765625,-10.498045921325684,-1.5958251953125,0.4190673828125,0.873046875
25.400,490,3147,3045,3147,13.0,29.0,11.0,-36.19384765625,-27.648923873901367,-18.00537109375,-2.4322509765625,-0.2000732421875,0.142333984375
25.400,481,3147,2950,3147,13.0,29.0,11.0,-23.742673873901367,-9.6435546875,-18.24951171875,-3.074951171875,-0.380615234375,-0.408935546875
25.403,485,3147,2850,3147,15.0,27.0,9.0,3.295898199081421,-2.50244140625,4.0283203125,-2.870849609375,-0.4866943359375,-0.5694580078125
25.411,484,3147,2813,3147,15.0,27.0,9.0,40.649410247802734,-5.859374523162842,31.433103561401367,-1.83447265625,-0.4373779296875,-0.3839111328125
25.428,482,3147,2840,3147,15.0,27.0,9.0,74.0966796875,-11.291502952575684,38.87939453125,-0.93896484375,0.248046875,0.10546875
25.433,484,3147,2853,3147,15.0,27.0,9.0,81.78710174560547,-8.6669921875,27.893064498901367,-0.9775390625,1.2528076171875,0.41650390625
25.444,481,3147,2854,3147,15.0,27.0,9.0,38.6962890625,6.408690929412842,14.648436546325684,-1.469482421875,1.5103759765625,0.4190673828125
25.456,482,3147,2765,3147,15.0,27.0,9.0,-28.930662155151367,21.728513717651367,5.615233898162842,-1.8095703125,0.8211669921875,0.3743896484375
25.463,482,3147,2703,3147,15.0,27.0,9.0,-52.856441497802734,25.634763717651367,3.356933355331421,-1.8316650390625,0.1259765625,0.3656005859375
25.472,479,3147,2590,3147,15.0,27.0,9.0,-16.90673828125,19.10400390625,9.33837890625,-1.6600341796875,-0.022216796875,0.3355712890625
25.502,470,3147,2303,3147,15.0,27.0,9.0,30.761716842651367,11.596678733825684,18.61572265625,-1.4732666015625,0.1693115234375,0.26220703125
25.502,456,3147,2074,3147,15.0,27.0,9.0,48.095699310302734,9.94873046875,24.658201217651367,-1.3408203125,0.3553466796875,0.2308349609375
25.503,447,3147,1785,3147,12.0,29.0,16.0,48.095699310302734,9.94873046875,24.658201217651367,-1.2081298828125,0.3994140625,0.237060546875
25.515,423,3147,1151,2424,12.0,29.0,16.0,20.263669967651367,15.441893577575684,32.2265625,-1.0399169921875,0.339111328125,0.1890869140625
25.530,399,3147,853,1882,12.0,29.0,16.0,10.620116233825684,21.911619186401367,34.85107421875,-0.8419189453125,0.240478515625,0.0982666015625
25.534,365,3147,607,1234,12.0,29.0,16.0,10.620116233825684,21.911619186401367,34.85107421875,-0.619873046875,0.057373046875,-0.0120849609375
25.546,328,3147,360,342,12.0,29.0,16.0,-5.676269054412842,39.794921875,15.441893577575684,-0.441650390625,-0.1339111328125,-0.1494140625
25.554,321,2527,354,336,12.0,29.0,16.0,-6.286620616912842,45.654293060302734,-3.845214605331421,-0.3580322265625,-0.15283203125,-0.258544921875
25.563,316,2032,346,328,12.0,29.0,16.0,-6.286620616912842,45.654293060302734,-3.845214605331421,-0.3619384765625,0.056640625,-0.25
25.575,312,1504,328,317,12.0,29.0,16.0,14.282225608825684,41.748043060302734,-22.949216842651367,-0.342529296875,0.3331298828125,-0.1336669921875
25.604,313,1155,378,327,12.0,29.0,16.0,15.502928733825684,34.1796875,-24.230955123901367,-0.3314208984375,0.4637451171875,-0.04150390625
25.605,310,788,400,327,12.0,29.0,16.0,3.845214605331421,28.747556686401367,-27.282712936401367,-0.445556640625,0.486083984375,-0.023681640625
25.605,307,577,382,326,13.0,30.0,18.0,-11.047362327575684,26.367185592651367,-26.123044967651367,-0.5811767578125,0.4935302734375,0.04248046875
25.614,308,579,327,321,13.0,30.0,18.0,-15.319823265075684,21.545408248901367,-15.624999046325684,-0.632568359375,0.502685546875,0.1810302734375
25.622,310,648,334,327,13.0,30.0,18.0,-15.319823265075684,21.545408248901367,-15.624999046325684,-0.6015625,0.4490966796875,0.285888671875
25.636,308,648,346,324,13.0,30.0,18.0,-1.6479490995407104,4.5166015625,-0.9155272841453552,-0.5689697265625,0.283203125,0.33154296875
25.645,310,684,323,324,13.0,30.0,18.0,0.7324218153953552,-1.3427733182907104,-8.056640625,-0.59033203125,0.1021728515625,0.3123779296875
25.653,313,858,332,326,13.0,30.0,18.0,0.7324218153953552,-1.3427733182907104,-8.056640625,-0.6533203125,0.0458984375,0.224609375
25.665,309,1204,342,328,13.0,30.0,18.0,7.934569835662842,-6.469726085662842,-16.4794921875,-0.7293701171875,0.1180419921875,0.13232421875
25.674,313,1330,346,330,13.0,30.0,18.0,10.437010765075684,-7.568358898162842,-10.620116233825684,-0.796142578125,0.20654296875,0.076416015625
25.681,313,1574,354,334,13.0,30.0,18.0,10.437010765075684,-7.568358898162842,-10.620116233825684,-0.836181640625,0.222412109375,0.0413818359375
25.711,316,1967,372,332,14.0,30.0,12.0,1.15966796875,-10.803221702575684,7.141112804412842,-0.8485107421875,0.176025390625,0.026611328125
25.715,316,2105,348,333,14.0,30.0,12.0,-5.187987804412842,-11.901854515075684,15.258788108825684,-0.859619140625,0.116455078125,0.0318603515625
25.715,316,2368,375,338,14.0,30.0,12.0,-5.187987804412842,-11.901854515075684,15.258788108825684,-0.878662109375,0.087646484375,0.0284423828125
25.734,316,2765,417,334,14.0,30.0,12.0,-5.493163585662842,-14.221190452575684,27.526853561401367,-0.8768310546875,0.119873046875,0.002197265625
25.739,318,3111,473,337,14.0,30.0,12.0,-1.5258787870407104,-15.258788108825684,29.357908248901367,-0.8372802734375,0.1973876953125,-0.016845703125
25.742,323,3147,519,400,14.0,30.0,12.0,-1.5258787870407104,-15.258788108825684,29.357908248901367,-0.777099609375,0.2628173828125,-0.00830078125
25.755,328,3147,639,853,14.0,30.0,12.0,-2.746581792831421,-19.47021484375,21.728513717651367,-0.69287109375,0.2652587890625,-0.0010986328125
25.764,330,3147,614,1153,14.0,30.0,12.0,-8.23974609375,-21.301267623901367,15.502928733825684,-0.5606689453125,0.213623046875,-0.009765625
25.772,345,3147,620,1430,14.0,30.0,12.0,-8.23974609375,-21.301267623901367,15.502928733825684,-0.405029296875,0.1448974609375,-0.019775390625
25.785,376,3147,996,1961,14.0,30.0,12.0,-13.366698265075684,-22.644041061401367,2.868652105331421,-0.2681884765625,0.0972900390625,-0.0384521484375
25.820,402,3147,1173,2354,14.0,31.0,9.0,-9.70458984375,-24.719236373901367,-6.591796398162842,-0.1312255859375,0.049072265625,-0.04833984375
25.821,418,3147,1386,2494,14.0,31.0,9.0,-9.70458984375,-24.719236373901367,-6.591796398162842,-0.0660400390625,0.0386962890625,-0.006103515625
25.821,433,3147,1777,3098,14.0,31.0,9.0,5.676269054412842,-30.578611373901367,-32.16552734375,-0.174072265625,0.1876220703125,0.0972900390625
25.825,442,3147,1929,3147,14.0,31.0,9.0,5.676269054412842,-30.578611373901367,-32.16552734375,-0.4796142578125,0.5389404296875,0.312744140625
25.841,453,3147,2178,3147,14.0,31.0,9.0,8.97216796875,-31.677244186401367,-35.94970703125,-0.4796142578125,0.5389404296875,0.312744140625
25.845,468,3147,2854,3147,14.0,31.0,9.0,-23.925779342651367,-29.602048873901367,-14.465331077575684,-1.068115234375,1.3240966796875,0.7694091796875
25.855,480,3147,3057,3147,14.0,31.0,9.0,-23.925779342651367,-29.602048873901367,-14.465331077575684,-1.399169921875,1.1175537109375,0.7777099609375
25.863,485,3147,3130,3147,14.0,31.0,9.0,-49.621578216552734,-24.353025436401367,-5.0048828125,-1.399169921875,1.1175537109375,0.7777099609375
25.875,484,3147,3092,3147,14.0,31.0,9.0,-74.52392578125,-7.873534679412842,-15.258788108825684,-2.9913330078125,-0.29833984375,0.0452880859375
25.884,485,3147,3047,3147,14.0,31.0,9.0,-74.52392578125,-7.873534679412842,-15.258788108825684,-2.985595703125,-0.718994140625,-0.2039794921875
25.897,481,3147,2941,3147,14.0,29.0,19.0,-66.40625,4.0283203125,-7.202147960662842,-2.985595703125,-0.718994140625,-0.2039794921875
25.906,480,3147,2848,3147,14.0,29.0,19.0,10.131834983825684,14.831542015075684,37.841796875,-1.1300048828125,-0.075927734375,-0.024658203125
25.918,479,3147,2854,3147,14.0,29.0,19.0,10.131834983825684,14.831542015075684,37.841796875,-0.8526611328125,0.9951171875,0.2799072265625
25.921,479,3147,2840,3147,14.0,29.0,19.0,37.53662109375,20.874021530151367,42.236324310302734,-0.8526611328125,0.9951171875,0.2799072265625
25.945,475,3147,2683,3147,14.0,29.0,19.0,-51.513668060302734,49.255367279052734,23.620603561401367,-1.872802734375,0.9632568359375,0.4033203125
25.947,464,3147,2541,3147,14.0,29.0,19.0,-51.513668060302734,49.255367279052734,23.620603561401367,-2.0521240234375,0.2320556640625,0.3758544921875
25.953,468,3147,2422,3147,14.0,29.0,19.0,-84.53368377685547,53.344722747802734,22.338865280151367,-2.0521240234375,0.2320556640625,0.3758544921875
25.965,463,3147,2207,3147,14.0,29.0,19.0,0.7934569716453552,33.5693359375,35.15625,-1.505859375,0.2530517578125,0.268310546875
25.974,456,3147,1996,3147,14.0,29.0,19.0,0.7934569716453552,33.5693359375,35.15625,-1.271240234375,0.4405517578125,0.2188720703125
25.982,442,3147,1616,3147,14.0,29.0,19.0,36.43798828125,24.414060592651367,28.381345748901367,-1.271240234375,0.4405517578125,0.2188720703125
26.009,414,3147,1043,2923,11.0,33.0,10.0,35.2783203125,21.362302780151367,3.173827886581421,-0.9222412109375,0.4046630859375,0.0968017578125
26.010,371,3147,853,2428,11.0,33.0,10.0,35.2783203125,21.362302780151367,3.173827886581421,-0.759765625,0.412353515625,-0.02197265625
26.012,352,3147,636,1978,11.0,33.0,10.0,33.3251953125,24.658201217651367,-0.7934569716453552,-0.759765625,0.412353515625,-0.02197265625
26.026,323,3147,400,1248,11.0,33.0,10.0,11.962889671325684,33.14208984375,-9.765625,-0.4779052734375,0.2840576171875,-0.2481689453125
26.049,314,3147,338,620,11.0,33.0,10.0,11.962889671325684,33.14208984375,-9.765625,-0.3946533203125,0.092529296875,-0.3270263671875
26.049,313,2919,336,327,11.0,33.0,10.0,-1.5258787870407104,34.912109375,-13.977049827575684,-0.3946533203125,0.092529296875,-0.3270263671875
26.056,308,2217,371,330,11.0,33.0,10.0,-0.9765624403953552,34.7900390625,-13.793944358825684,-0.30517578125,0.11572265625,-0.1502685546875
26.064,309,1970,388,324,11.0,33.0,10.0,9.70458984375,32.470703125,-10.803221702575684,-0.30517578125,0.11572265625,-0.1502685546875
26.072,309,1580,382,328,11.0,33.0,10.0,18.49365234375,27.770994186401367,-11.169432640075684,-0.309814453125,0.1510009765625,0.0224609375
26.085,310,1287,327,318,13.0,31.0,11.0,19.59228515625,23.437498092651367,-16.78466796875,-0.6129150390625,0.2122802734375,0.18408203125
26.110,307,1122,328,323,13.0,31.0,11.0,12.878417015075684,20.874021530151367,-20.690916061401367,-0.6129150390625,0.2122802734375,0.18408203125
26.110,308,1058,344,327,13.0,31.0,11.0,5.249022960662842,18.06640625,-17.27294921875,-0.6485595703125,0.255126953125,0.24169921875
26.115,308,1201,354,323,13.0,31.0,11.0,4.0283203125,13.854979515075684,-8.72802734375,-0.609130859375,0.3292236328125,0.30126953125
26.132,306,1365,354,327,13.0,31.0,11.0,5.0048828125,8.6669921875,-1.7700194120407104,-0.609130859375,0.3292236328125,0.30126953125
26.132,304,1568,348,328,13.0,31.0,11.0,4.45556640625,3.112792730331421,-0.1831054538488388,-0.6346435546875,0.263671875,0.2735595703125
26.149,309,1791,332,324,13.0,31.0,11.0,5.0048828125,-1.6479490995407104,-2.13623046875,-0.7890625,0.20751953125,0.072265625
26.158,309,1894,332,327,13.0,31.0,11.0,6.164550304412842,-4.82177734375,-3.112792730331421,-0.7890625,0.20751953125,0.072265625
26.162,310,2012,327,324,13.0,31.0,11.0,5.676269054412842,-7.080077648162842,-1.03759765625,-0.8154296875,0.1817626953125,-0.0174560546875
26.175,310,2399,334,326,13.0,31.0,11.0,5.310058116912842,-9.46044921875,2.929687261581421,-0.7501220703125,0.1650390625,-0.0616455078125
26.185,315,2710,330,329,12.0,30.0,13.0,8.4228515625,-12.573241233825684,6.835937023162842,-0.7501220703125,0.1650390625,-0.0616455078125
26.192,315,2861,361,336,12.0,30.0,13.0,13.671874046325684,-16.17431640625,9.521484375,-0.7314453125,0.212646484375,-0.0218505859375
26.216,317,3147,399,330,12.0,30.0,13.0,15.808104515075684,-19.10400390625,10.620116233825684,-0.7265625,0.2685546875,0.119140625
26.217,315,3147,433,625,12.0,30.0,13.0,13.122557640075684,-20.446775436401367,10.070799827575684,-0.7265625,0.2685546875,0.119140625
26.222,321,3147,625,814,12.0,30.0,13.0,7.751464366912842,-19.95849609375,8.9111328125,-0.741455078125,0.27099609375,0.1236572265625
26.249,332,3147,604,1146,12.0,30.0,13.0,1.6479490995407104,-18.85986328125,7.568358898162842,-0.73193359375,0.08203125,0.025634765625
26.253,353,3147,815,1442,12.0,30.0,13.0,-4.69970703125,-18.5546875,5.859374523162842,-0.73193359375,0.08203125,0.025634765625
26.258,373,3147,957,1775,12.0,30.0,13.0,-6.347655773162842,-19.6533203125,4.150390625,-0.57763671875,-0.0343017578125,0.0020751953125
26.271,410,3147,1382,2218,12.0,30.0,13.0,2.25830078125,-22.155759811401367,2.25830078125,-0.20654296875,-0.0833740234375,-0.035888671875
26.275,419,3147,1561,2435,12.0,30.0,13.0,16.7236328125,-25.329587936401367,-1.2817381620407104,-0.20654296875,-0.0833740234375,-0.035888671875
26.282,430,3147,1703,2703,10.0,30.0,11.0,26.977537155151367,-28.869626998901367,-6.408690929412842,-0.2000732421875,0.0706787109375,0.009033203125
26.295,447,3147,1981,3147,10.0,30.0,11.0,26.733396530151367,-30.883787155151367,-8.9111328125,-0.35986328125,0.3695068359375,0.0157470703125
26.317,456,3147,2319,3147,10.0,30.0,11.0,16.9677734375,-28.503416061401367,-5.126952648162842,-0.5770263671875,0.7174072265625,-0.022705078125
26.318,465,3147,2626,3147,10.0,30.0,11.0,3.356933355331421,-24.353025436401367,2.25830078125,-0.7913818359375,1.0413818359375,0.04443359375
26.326,479,3147,2919,3147,10.0,30.0,11.0,-10.986327171325684,-24.353025436401367,7.507323741912842,-0.96728515625,1.2200927734375,0.2191162109375
26.334,481,3147,3055,3147,10.0,30.0,11.0,-26.733396530151367,-27.160642623901367,6.774901866912842,-1.2913818359375,1.15478515625,0.2913818359375
26.352,485,3147,3102,3147,10.0,30.0,11.0,-41.076656341552734,-25.085447311401367,2.990722417831421,-1.9635009765625,0.8367919921875,0.1871337890625
26.357,484,3147,3126,3147,10.0,30.0,11.0,-51.513668060302734,-18.5546875,-0.1831054538488388,-2.625244140625,0.2603759765625,0.111328125
26.365,484,3147,3048,3147,10.0,30.0,11.0,-54.748531341552734,-13.366698265075684,-3.479003667831421,-2.7542724609375,-0.3499755859375,0.170166015625
26.373,481,3147,2867,3147,10.0,30.0,11.0,-39.55078125,-8.7890625,-5.065917491912842,-2.2359619140625,-0.6302490234375,0.231689453125
26.385,475,3147,2832,3147,15.0,29.0,17.0,-3.906249761581421,-1.8310545682907104,-3.479003667831421,-1.3907470703125,-0.3543701171875,0.2933349609375
26.394,473,3147,2827,3147,15.0,29.0,17.0,32.28759765625,8.48388671875,-1.7700194120407104,-0.9208984375,0.4881591796875,0.34521484375
26.419,473,3147,2810,3147,15.0,29.0,17.0,36.19384765625,22.521970748901367,0.1831054538488388,-1.18115234375,1.239990234375,0.2672119140625
26.419,470,3147,2713,3147,15.0,29.0,17.0,-1.0986328125,35.2783203125,2.50244140625,-1.718505859375,1.1689453125,0.15478515625
26.424,466,3147,2604,3147,15.0,29.0,17.0,-40.344234466552734,38.02490234375,4.8828125,-1.9771728515625,0.5491943359375,0.142578125
26.432,462,3147,2489,3147,15.0,29.0,17.0,-40.710445404052734,29.296873092651367,10.620116233825684,-1.8646240234375,0.107666015625,0.1788330078125
26.458,455,3147,2127,3147,15.0,29.0,17.0,-8.85009765625,17.578125,19.10400390625,-1.605224609375,0.071044921875,0.232177734375
26.459,437,3147,1743,3147,15.0,29.0,17.0,20.568845748901367,11.413573265075684,24.536130905151367,-1.373046875,0.20166015625,0.3038330078125
26.462,416,3147,1283,3147,15.0,29.0,17.0,30.029294967651367,12.695311546325684,24.719236373901367,-1.1790771484375,0.2960205078125,0.3316650390625
26.477,371,3147,731,2652,11.0,34.0,9.0,29.785154342651367,18.798828125,23.132322311401367,-0.9910888671875,0.308349609375,0.2493896484375
26.484,338,3147,582,2139,11.0,34.0,9.0,32.04345703125,26.489255905151367,20.385740280151367,-0.8450927734375,0.281494140625,0.078125
26.496,318,3147,361,1641,11.0,34.0,9.0,31.738279342651367,32.5927734375,13.732909202575684,-0.72998046875,0.232666015625,-0.10546875
26.520,310,3147,316,551,11.0,34.0,9.0,23.620603561401367,35.70556640625,3.601073980331421,-0.5924072265625,0.13818359375,-0.2513427734375
26.521,308,2929,374,327,11.0,34.0,9.0,18.12744140625,36.92626953125,-5.920409679412842,-0.45849609375,0.068359375,-0.3436279296875
26.522,309,2478,299,318,11.0,34.0,9.0,24.047849655151367,37.4755859375,-10.864256858825684,-0.3271484375,0.166259765625,-0.3243408203125
26.535,308,1686,315,321,11.0,34.0,9.0,32.89794921875,35.94970703125,-12.878417015075684,-0.1981201171875,0.2904052734375,-0.185791015625
26.544,309,1241,316,313,11.0,34.0,9.0,33.75244140625,31.433103561401367,-18.24951171875,-0.2171630859375,0.314208984375,-0.052978515625
26.559,306,891,316,317,11.0,34.0,9.0,27.160642623901367,28.015134811401367,-25.329587936401367,-0.386962890625,0.3621826171875,0.01123046875
26.566,308,691,314,323,11.0,34.0,9.0,18.5546875,26.123044967651367,-25.756834030151367,-0.5301513671875,0.4527587890625,0.0938720703125
26.574,306,744,315,317,12.0,29.0,9.0,12.390135765075684,20.568845748901367,-19.47021484375,-0.57666015625,0.5277099609375,0.2188720703125
26.583,306,749,316,323,12.0,29.0,9.0,7.263183116912842,11.169432640075684,-15.197752952575684,-0.568115234375,0.4945068359375,0.2840576171875
26.596,308,907,315,321,12.0,29.0,9.0,-0.3662109076976776,3.417968511581421,-17.333984375,-0.5784912109375,0.336181640625,0.2667236328125
26.618,308,1097,318,316,12.0,29.0,9.0,-4.8828125,-0.4882812201976776,-21.667478561401367,-0.620361328125,0.15771484375,0.1842041015625
26.625,308,1362,316,315,12.0,29.0,9.0,-3.295898199081421,-2.3193359375,-22.888181686401367,-0.66259765625,0.0914306640625,0.0604248046875
26.626,310,1656,296,300,12.0,29.0,9.0,-1.5869139432907104,-3.601073980331421,-19.10400390625,-0.70703125,0.129150390625,-0.0328369140625
26.636,310,1899,316,316,12.0,29.0,9.0,-3.967284917831421,-5.798339366912842,-11.352538108825684,-0.75146484375,0.1505126953125,-0.0726318359375
26.642,306,2117,316,318,12.0,29.0,9.0,-8.36181640625,-8.97216796875,-1.3427733182907104,-0.768310546875,0.109619140625,-0.0816650390625
26.666,313,2359,315,316,12.0,29.0,9.0,-10.253905296325684,-12.390135765075684,9.765625,-0.7786865234375,0.0782470703125,-0.05517578125
26.667,313,2647,315,328,12.0,29.0,9.0,-7.995604991912842,-16.11328125,20.751951217651367,-0.8033447265625,0.0926513671875,-0.0035400390625
26.672,306,2954,371,333,13.0,32.0,12.0,-3.662109136581421,-20.385740280151367,28.564451217651367,-0.830078125,0.154052734375,0.02685546875
26.686,315,3147,332,406,13.0,32.0,12.0,0.1831054538488388,-23.925779342651367,30.822751998901367,-0.846435546875,0.25927734375,0.028564453125
26.694,316,3147,352,601,13.0,32.0,12.0,-0.9155272841453552,-25.817869186401367,27.282712936401367,-0.8421630859375,0.3199462890625,0.0299072265625
26.702,316,3147,385,957,13.0,32.0,12.0,-8.544921875,-26.428220748901367,20.812986373901367,-0.8138427734375,0.291748046875,0.0133056640625
26.727,316,3147,426,1276,13.0,32.0,12.0,-15.380858421325684,-25.878904342651367,16.357421875,-0.7738037109375,0.22802734375,-0.041015625
26.728,321,3147,467,1508,13.0,32.0,12.0,-15.380858421325684,-25.695798873901367,16.11328125,-0.7008056640625,0.1390380859375,-0.0701904296875
26.732,324,3147,527,1803,13.0,32.0,12.0,-15.380858421325684,-25.695798873901367,16.11328125,-0.545166015625,0.020263671875,-0.025634765625
26.746,354,3147,998,2317,13.0,32.0,12.0,2.25830078125,-33.69140625,13.244627952575684,-0.301025390625,-0.056640625,0.0570068359375
26.759,382,3147,1268,2526,13.0,32.0,12.0,12.512206077575684,-38.2080078125,0.3662109076976776,0.0030517578125,-0.05810546875,0.132568359375
26.770,413,3147,1429,2807,13.0,32.0,12.0,12.512206077575684,-38.2080078125,0.3662109076976776,0.2261962890625,0.0111083984375,0.176513671875
26.777,433,3147,1775,3147,13.0,33.0,15.0,4.82177734375,-29.479978561401367,-44.067378997802734,0.0318603515625,0.3360595703125,0.30078125
26.784,439,3147,1980,3147,13.0,33.0,15.0,-11.047362327575684,-22.766111373901367,-47.851558685302734,-0.5623779296875,0.97607421875,0.4573974609375
26.792,447,3147,2266,3147,13.0,33.0,15.0,-11.047362327575684,-22.766111373901367,-47.851558685302734,-1.158203125,1.493408203125,0.4896240234375
26.805,468,3147,2832,3147,13.0,33.0,15.0,-39.55078125,-19.53125,-7.812499523162842,-1.5892333984375,1.5111083984375,0.4293212890625
26.835,479,3147,2963,3147,13.0,33.0,15.0,-44.006343841552734,-20.141599655151367,1.0986328125,-2.278564453125,0.908203125,0.1568603515625
26.835,481,3147,2978,3147,13.0,33.0,15.0,-44.006343841552734,-20.141599655151367,1.0986328125,-3.1507568359375,-0.007080078125,-0.1956787109375
26.836,455,3147,2754,3147,13.0,33.0,15.0,-30.822751998901367,-20.812986373901367,2.746581792831421,-3.216552734375,-0.7359619140625,-0.288330078125
26.845,473,3147,2727,3147,13.0,33.0,15.0,-2.746581792831421,-21.057126998901367,12.634276390075684,-2.1676025390625,-1.01513671875,-0.109619140625
26.860,470,3147,2713,3147,13.0,33.0,15.0,-2.746581792831421,-21.057126998901367,12.634276390075684,-1.1412353515625,-0.332763671875,0.2393798828125
26.866,468,3147,2668,3147,13.0,33.0,15.0,83.19091033935547,-7.385253429412842,19.10400390625,-1.0736083984375,1.085205078125,0.418701171875
26.876,468,3147,2647,3147,11.0,30.0,14.0,54.321285247802734,12.512206077575684,19.1650390625,-1.51318359375,1.69580078125,0.293701171875
26.882,466,3147,2561,3147,11.0,30.0,14.0,54.321285247802734,12.512206077575684,19.1650390625,-1.8355712890625,1.0482177734375,0.20263671875
26.944,464,3147,2341,3147,11.0,30.0,14.0,-61.767574310302734,28.991697311401367,19.4091796875,-1.8392333984375,0.277587890625,0.2469482421875
26.944,458,3147,2143,3147,11.0,30.0,14.0,-35.7666015625,19.83642578125,23.254392623901367,-1.628173828125,0.049560546875,0.3060302734375
26.945,445,3147,1838,3147,11.0,30.0,14.0,-35.7666015625,19.83642578125,23.254392623901367,-1.385498046875,0.228759765625,0.3062744140625
26.945,424,3147,1278,3042,11.0,30.0,14.0,34.36279296875,7.507323741912842,13.549803733825684,-1.199951171875,0.4818115234375,0.191162109375
26.945,401,3147,986,2707,11.0,30.0,14.0,28.625486373901367,12.329100608825684,1.8310545682907104,-1.0323486328125,0.5533447265625,0.0206298828125
26.946,387,3147,711,2330,11.0,30.0,14.0,28.625486373901367,12.329100608825684,1.8310545682907104,-0.861328125,0.4613037109375,-0.0858154296875
26.963,334,3147,388,1519,11.0,30.0,14.0,16.357421875,20.996091842651367,-6.347655773162842,-0.7279052734375,0.386962890625,-0.1304931640625
26.966,323,3147,346,794,11.0,30.0,14.0,16.357421875,20.996091842651367,-6.347655773162842,-0.6181640625,0.298095703125,-0.2110595703125
26.973,315,2744,325,330,13.0,31.0,16.0,18.06640625,22.216794967651367,-10.009765625,-0.50634765625,0.1651611328125,-0.3125
26.983,310,2372,376,329,13.0,31.0,16.0,13.732909202575684,25.878904342651367,-14.831542015075684,-0.50634765625,0.1651611328125,-0.3125
26.995,308,1774,376,324,13.0,31.0,16.0,13.671874046325684,32.470703125,-16.4794921875,-0.186767578125,0.117431640625,-0.1995849609375
27.004,310,1271,315,315,13.0,31.0,16.0,13.671874046325684,32.470703125,-16.4794921875,-0.18701171875,0.1353759765625,-0.0675048828125
27.011,309,1014,316,319,13.0,31.0,16.0,15.014647483825684,29.113767623901367,-18.85986328125,-0.18701171875,0.1353759765625,-0.0675048828125
27.036,307,598,316,310,13.0,31.0,16.0,-2.990722417831421,19.83642578125,-25.207517623901367,-0.5079345703125,0.1536865234375,0.198486328125
27.036,306,607,321,323,13.0,31.0,16.0,-2.990722417831421,19.83642578125,-25.207517623901367,-0.6190185546875,0.20361328125,0.3203125
27.041,308,532,321,318,13.0,31.0,16.0,-8.85009765625,13.671874046325684,-19.71435546875,-0.6190185546875,0.20361328125,0.3203125
27.070,307,628,323,321,13.0,31.0,16.0,2.13623046875,0.3662109076976776,-0.2441406100988388,-0.6990966796875,0.248291015625,0.3345947265625
27.074,308,651,327,323,16.0,28.0,11.0,2.13623046875,0.3662109076976776,-0.2441406100988388,-0.74169921875,0.2196044921875,0.26025390625
27.074,308,660,299,321,16.0,28.0,11.0,12.207030296325684,-5.126952648162842,4.82177734375,-0.74169921875,0.2196044921875,0.26025390625
27.089,307,762,334,319,16.0,28.0,11.0,20.507810592651367,-10.437010765075684,6.591796398162842,-0.7725830078125,0.24072265625,0.0496826171875
27.093,307,932,334,323,16.0,28.0,11.0,22.399900436401367,-13.854979515075684,6.103515148162842,-0.7725830078125,0.24072265625,0.0496826171875
27.101,308,1163,315,318,16.0,28.0,11.0,18.1884765625,-14.404295921325684,3.540038824081421,-0.78173828125,0.278076171875,-0.0045166015625
27.115,308,1487,388,327,16.0,28.0,11.0,11.047362327575684,-13.916014671325684,0.8544921278953552,-0.8043212890625,0.35888671875,0.023193359375
27.123,310,1622,371,328,16.0,28.0,11.0,3.967284917831421,-14.221190452575684,0.2441406100988388,-0.8043212890625,0.35888671875,0.023193359375
27.137,313,1730,375,327,16.0,28.0,11.0,-2.807616949081421,-15.258788108825684,1.03759765625,-0.7586669921875,0.3336181640625,0.040283203125
27.145,314,2204,402,331,16.0,28.0,11.0,-8.97216796875,-16.29638671875,0.9155272841453552,-0.614013671875,0.2445068359375,0.0010986328125
27.153,315,2517,369,334,16.0,28.0,11.0,-11.596678733825684,-17.578125,-0.30517578125,-0.614013671875,0.2445068359375,0.0010986328125
27.173,315,2870,338,336,13.0,30.0,14.0,-10.986327171325684,-19.8974609375,-0.7324218153953552,-0.581787109375,0.281494140625,-0.0035400390625
27.175,321,3147,430,601,13.0,30.0,14.0,-12.512206077575684,-23.620603561401367,0.0,-0.589111328125,0.27880859375,0.0552978515625
27.186,323,3147,571,1012,13.0,30.0,14.0,-18.61572265625,-27.404783248901367,1.0986328125,-0.589111328125,0.27880859375,0.0552978515625
27.198,323,3147,648,1303,13.0,30.0,14.0,-25.146482467651367,-29.907224655151367,1.7700194120407104,-0.5771484375,0.1795654296875,0.02685546875
27.205,346,3147,820,1826,13.0,30.0,14.0,-30.273435592651367,-31.066892623901367,-0.3662109076976776,-0.321533203125,-0.076904296875,-0.14990234375
27.213,371,3147,1066,2180,13.0,30.0,14.0,-32.2265625,-31.127927780151367,-7.751464366912842,-0.321533203125,-0.076904296875,-0.14990234375
27.221,390,3147,1313,2419,13.0,30.0,14.0,-24.597166061401367,-32.65380859375,-20.507810592651367,-0.1995849609375,-0.1143798828125,-0.1614990234375
27.240,426,3147,1662,2968,13.0,30.0,14.0,-9.09423828125,-35.5224609375,-36.19384765625,-0.07861328125,0.14990234375,0.07421875
27.243,431,3147,1914,3147,13.0,30.0,14.0,0.0610351525247097,-36.19384765625,-49.072261810302734,-0.07861328125,0.14990234375,0.07421875
27.251,439,3147,2139,3147,13.0,30.0,14.0,-8.11767578125,-35.70556640625,-52.978511810302734,-0.3179931640625,0.63916015625,0.4661865234375
27.277,456,3147,2645,3147,16.0,25.0,10.0,-30.578611373901367,-36.56005859375,-43.273921966552734,-0.9541015625,1.2945556640625,1.1683349609375
27.277,461,3147,3000,3147,16.0,25.0,10.0,-55.419918060302734,-35.58349609375,-28.930662155151367,-0.9541015625,1.2945556640625,1.1683349609375
27.290,485,3147,3066,3147,16.0,25.0,10.0,-74.15771484375,-26.916501998901367,-24.169919967651367,-1.732666015625,0.7789306640625,0.98193359375
27.310,485,3147,3147,3147,16.0,25.0,10.0,-81.84813690185547,-11.291502952575684,-24.475095748901367,-3.667236328125,-0.7933349609375,-0.2933349609375
27.310,481,3147,3017,3147,16.0,25.0,10.0,-65.36865234375,2.929687261581421,-13.916014671325684,-3.667236328125,-0.7933349609375,-0.2933349609375
27.314,481,3147,2912,3147,16.0,25.0,10.0,-20.385740280151367,7.568358898162842,16.6015625,-3.3079833984375,-0.9952392578125,-0.5750732421875
27.342,479,3147,2813,3147,16.0,25.0,10.0,35.888671875,2.38037109375,47.302242279052734,-1.8035888671875,-0.76171875,-0.2999267578125
27.342,468,3147,2765,3147,16.0,25.0,10.0,84.89989471435547,-3.967284917831421,54.687496185302734,-0.8067626953125,0.5147705078125,0.2032470703125
27.343,472,3147,2772,3147,16.0,25.0,10.0,87.95165252685547,3.906249761581421,43.884273529052734,-0.9049072265625,1.8446044921875,0.3651123046875
27.355,473,3147,2562,3147,16.0,25.0,10.0,19.287109375,24.597166061401367,24.353025436401367,-1.3900146484375,1.7269287109375,0.2935791015625
27.363,470,3147,2489,3147,13.0,29.0,11.0,-57.128902435302734,36.31591796875,5.798339366912842,-1.7864990234375,0.707763671875,0.28515625
27.378,466,3147,2398,3147,13.0,29.0,11.0,-65.49072265625,30.578611373901367,1.4648436307907104,-1.8841552734375,0.068115234375,0.31201171875
27.386,458,3147,2202,3147,13.0,29.0,11.0,-20.385740280151367,19.04296875,10.192870140075684,-1.70068359375,0.092041015625,0.294921875
27.401,453,3147,2012,3147,13.0,29.0,11.0,18.37158203125,12.268065452575684,19.6533203125,-1.4169921875,0.2119140625,0.2691650390625
27.412,411,3147,1785,3147,13.0,29.0,11.0,29.418943405151367,9.3994140625,23.376462936401367,-1.1942138671875,0.1385498046875,0.26318359375
27.422,411,3147,1278,3147,13.0,29.0,11.0,31.494138717651367,7.995604991912842,24.414060592651367,-1.048583984375,0.1561279296875,0.2586669921875
27.426,393,3147,1093,3056,13.0,29.0,11.0,38.0859375,8.85009765625,25.817869186401367,-0.8944091796875,0.34765625,0.2022705078125
27.448,376,3147,879,2713,13.0,29.0,11.0,42.114253997802734,13.061522483825684,23.437498092651367,-0.7498779296875,0.4794921875,0.0777587890625
27.449,328,3147,551,1918,13.0,29.0,11.0,33.87451171875,19.287109375,13.488768577575684,-0.654541015625,0.414306640625,-0.04931640625
27.453,332,3147,431,1453,13.0,29.0,11.0,16.357421875,24.291990280151367,-1.03759765625,-0.6011962890625,0.2166748046875,-0.1702880859375
27.461,323,3147,338,1055,13.0,31.0,10.0,3.906249761581421,27.343748092651367,-12.817381858825684,-0.574951171875,0.0577392578125,-0.28076171875
27.481,316,3057,328,327,13.0,31.0,10.0,4.69970703125,28.747556686401367,-17.4560546875,-0.5772705078125,0.01708984375,-0.3350830078125
27.483,316,2249,383,334,13.0,31.0,10.0,13.183592796325684,28.198240280151367,-15.380858421325684,-0.546142578125,0.119873046875,-0.2650146484375
27.491,313,2001,374,332,13.0,31.0,10.0,19.04296875,25.512693405151367,-10.925292015075684,-0.4288330078125,0.202392578125,-0.072265625
27.510,314,1529,388,330,13.0,31.0,10.0,18.6767578125,21.667478561401367,-11.413573265075684,-0.3785400390625,0.1805419921875,0.08740234375
27.519,313,1365,388,328,13.0,31.0,10.0,14.282225608825684,19.53125,-16.41845703125,-0.47900390625,0.1763916015625,0.147705078125
27.521,310,1185,388,331,13.0,31.0,10.0,10.620116233825684,18.4326171875,-17.578125,-0.6053466796875,0.2310791015625,0.18701171875
27.546,310,1014,336,324,13.0,31.0,10.0,12.939452171325684,14.709471702575684,-10.925292015075684,-0.63427734375,0.359375,0.235107421875
27.546,310,1117,347,327,13.0,31.0,10.0,17.333984375,8.11767578125,-2.25830078125,-0.594482421875,0.478759765625,0.28173828125
27.551,310,1261,345,328,13.0,31.0,10.0,13.793944358825684,1.0986328125,0.4882812201976776,-0.58154296875,0.46142578125,0.3092041015625
27.565,313,1604,328,326,12.0,30.0,14.0,3.784179449081421,-4.45556640625,-3.295898199081421,-0.6324462890625,0.32666015625,0.278564453125
27.583,310,1662,334,330,12.0,30.0,14.0,-2.746581792831421,-7.507323741912842,-7.568358898162842,-0.7310791015625,0.2225341796875,0.18359375
27.583,302,1772,323,315,12.0,30.0,14.0,-3.540038824081421,-8.85009765625,-7.141112804412842,-0.805419921875,0.18603515625,0.06787109375
27.596,316,2024,326,330,12.0,30.0,14.0,-3.784179449081421,-9.82666015625,-2.868652105331421,-0.8045654296875,0.158447265625,-0.01318359375
27.604,316,2226,328,334,12.0,30.0,14.0,-5.981444835662842,-10.864256858825684,1.4038084745407104,-0.759765625,0.1396484375,-0.0325927734375
27.612,317,2384,376,342,12.0,30.0,14.0,-7.995604991912842,-12.634276390075684,4.82177734375,-0.72265625,0.139404296875,-0.0091552734375
27.648,321,3012,406,336,12.0,30.0,14.0,-6.896972179412842,-15.686034202575684,8.056640625,-0.69482421875,0.1552734375,0.00634765625
27.649,318,3147,442,376,12.0,30.0,14.0,-3.479003667831421,-19.53125,10.559081077575684,-0.641845703125,0.173583984375,0.0074462890625
27.649,323,3147,546,684,12.0,30.0,14.0,-1.220703125,-23.132322311401367,11.108397483825684,-0.5863037109375,0.181396484375,0.0050048828125
27.656,323,3147,684,1109,16.0,30.0,16.0,-1.7700194120407104,-26.367185592651367,9.70458984375,-0.5477294921875,0.1707763671875,-0.0008544921875
27.664,327,3147,689,1428,16.0,30.0,16.0,-7.690429210662842,-29.418943405151367,6.225585460662842,-0.4765625,0.10546875,-0.0130615234375
27.672,328,3147,725,1803,16.0,30.0,16.0,-17.08984375,-30.761716842651367,0.6103515625,-0.402099609375,0.014404296875,-0.0491943359375
27.687,348,3147,951,2299,16.0,30.0,16.0,-23.010251998901367,-30.883787155151367,-5.676269054412842,-0.3843994140625,-0.02001953125,-0.034423828125
27.694,371,3147,1146,2612,16.0,30.0,16.0,-22.644041061401367,-31.555173873901367,-12.145995140075684,-0.370849609375,-0.0302734375,0.0552978515625
27.702,387,3147,1353,2851,16.0,30.0,16.0,-16.54052734375,-30.761716842651367,-18.85986328125,-0.3623046875,0.0009765625,0.146728515625
27.716,414,3147,1627,3147,16.0,30.0,16.0,-8.11767578125,-27.404783248901367,-21.362302780151367,-0.491455078125,0.249755859375,0.2545166015625
27.757,419,3147,1796,3147,16.0,30.0,16.0,-4.39453125,-23.925779342651367,-13.854979515075684,-0.740966796875,0.6624755859375,0.4010009765625
27.764,430,3147,1959,3147,16.0,30.0,16.0,-9.46044921875,-22.094724655151367,0.4272460639476776,-0.89892578125,0.9036865234375,0.58837890625
27.767,439,3147,2244,3147,16.0,30.0,16.0,-19.59228515625,-22.216794967651367,8.544921875,-0.8868408203125,0.8585205078125,0.7388916015625
27.768,456,3147,2482,3147,15.0,29.0,15.0,-29.052732467651367,-20.812986373901367,3.967284917831421,-1.0980224609375,0.7838134765625,0.649658203125
27.768,482,3147,2771,3147,15.0,29.0,15.0,-34.48486328125,-14.282225608825684,-1.4648436307907104,-1.7908935546875,0.7606201171875,0.302490234375
27.807,470,3147,2801,3147,15.0,29.0,15.0,-35.2783203125,-5.737304210662842,6.469726085662842,-3.079833984375,-0.131591796875,-0.288818359375
27.809,470,3147,2669,3147,15.0,29.0,15.0,-23.742673873901367,-7.507323741912842,13.793944358825684,-2.5501708984375,-0.5184326171875,-0.2364501953125
27.810,466,3147,2516,3147,15.0,29.0,15.0,10.986327171325684,-8.9111328125,18.98193359375,-1.4102783203125,-0.3929443359375,0.0467529296875
27.819,466,3147,2505,3147,15.0,29.0,15.0,54.565425872802734,-4.45556640625,14.953612327575684,-0.828857421875,0.62255859375,0.38623046875
27.852,465,3147,2514,3147,15.0,29.0,15.0,57.861324310302734,11.169432640075684,5.798339366912842,-1.025390625,1.5584716796875,0.4774169921875
27.856,464,3147,2461,3147,15.0,29.0,15.0,-0.7324218153953552,29.968259811401367,-6.958007335662842,-1.5238037109375,1.3511962890625,0.4342041015625
27.865,462,3147,2394,3147,15.0,29.0,15.0,-60.241695404052734,38.39111328125,-16.4794921875,-1.85400390625,0.5235595703125,0.401611328125
27.866,458,3147,2272,3147,14.0,28.0,9.0,-59.631343841552734,34.423828125,-14.709471702575684,-1.8505859375,0.0291748046875,0.33203125
27.893,445,3147,2012,3147,14.0,28.0,9.0,-17.7001953125,25.878904342651367,-4.2724609375,-1.643798828125,0.027587890625,0.2540283203125
27.898,438,3147,1850,3147,14.0,28.0,9.0,15.502928733825684,19.71435546875,5.920409679412842,-1.4019775390625,0.114013671875,0.2171630859375
27.963,414,3147,1648,3147,14.0,28.0,9.0,15.502928733825684,19.71435546875,5.920409679412842,-1.2489013671875,0.101806640625,0.2091064453125
27.964,378,3147,1145,3147,14.0,28.0,9.0,20.812986373901367,20.812986373901367,15.258788108825684,-1.1541748046875,0.124267578125,0.2047119140625
27.964,373,3147,987,3112,14.0,28.0,9.0,22.338865280151367,25.390623092651367,21.240232467651367,-1.017333984375,0.2076416015625,0.149169921875
27.964,352,3147,788,2648,14.0,28.0,9.0,22.338865280151367,25.390623092651367,21.240232467651367,-0.864501953125,0.249267578125,0.02880859375
27.964,324,3147,431,2010,14.0,28.0,9.0,22.338865280151367,36.07177734375,22.094724655151367,-0.729248046875,0.2166748046875,-0.0955810546875
27.964,315,3147,347,1488,14.0,28.0,9.0,13.549803733825684,39.36767578125,13.671874046325684,-0.573486328125,0.1376953125,-0.21533203125
27.965,313,3147,360,895,14.0,28.0,9.0,13.549803733825684,39.36767578125,13.671874046325684,-0.4395751953125,0.1751708984375,-0.27685546875
27.965,307,2833,375,330,9.0,31.0,12.0,18.798828125,41.503902435302734,-0.7324218153953552,-0.26220703125,0.308837890625,-0.2310791015625
27.969,296,2167,302,317,9.0,31.0,12.0,20.629880905151367,40.0390625,-4.94384765625,-0.1116943359375,0.356201171875,-0.1195068359375
27.988,308,1735,315,323,9.0,31.0,12.0,20.629880905151367,40.0390625,-4.94384765625,-0.1783447265625,0.3319091796875,-0.038818359375
28.004,307,1326,315,322,9.0,31.0,12.0,7.385253429412842,33.38623046875,-13.854979515075684,-0.351806640625,0.306396484375,0.028076171875
28.004,308,1132,316,316,9.0,31.0,12.0,1.7089842557907104,27.648923873901367,-11.352538108825684,-0.4798583984375,0.341796875,0.15673828125
28.008,298,1125,334,323,9.0,31.0,12.0,1.7089842557907104,27.648923873901367,-11.352538108825684,-0.543701171875,0.3927001953125,0.2734375
28.016,308,1474,316,318,9.0,31.0,12.0,-6.286620616912842,10.559081077575684,-1.15966796875,-0.57763671875,0.3575439453125,0.3370361328125
28.024,308,1733,336,324,9.0,31.0,12.0,-13.549803733825684,5.310058116912842,-2.0751953125,-0.6278076171875,0.2353515625,0.32373046875
28.032,308,1862,323,328,9.0,31.0,12.0,-13.549803733825684,5.310058116912842,-2.0751953125,-0.721435546875,0.1314697265625,0.2264404296875
28.059,308,2032,387,327,12.0,29.0,13.0,-18.37158203125,4.2724609375,-5.0048828125,-0.8096923828125,0.1046142578125,0.1102294921875
28.059,308,2102,387,328,12.0,29.0,13.0,-18.310546875,5.493163585662842,-1.3427733182907104,-0.824462890625,0.1053466796875,0.0257568359375
28.062,308,2286,404,331,12.0,29.0,13.0,-18.310546875,5.493163585662842,-1.3427733182907104,-0.7901611328125,0.1181640625,-0.005615234375
28.076,314,2727,411,328,12.0,29.0,13.0,-13.610838890075684,1.8310545682907104,11.596678733825684,-0.78076171875,0.1500244140625,-0.00390625
28.096,313,2925,375,332,12.0,29.0,13.0,-7.263183116912842,-3.112792730331421,18.73779296875,-0.8094482421875,0.179931640625,-0.007080078125
28.096,313,3147,334,328,12.0,29.0,13.0,-7.263183116912842,-3.112792730331421,18.73779296875,-0.8094482421875,0.179931640625,-0.007080078125
28.101,310,3147,346,559,12.0,29.0,13.0,-0.4272460639476776,-7.385253429412842,24.353025436401367,-0.8359375,0.2213134765625,-0.01025390625
28.116,315,3147,400,946,12.0,29.0,13.0,1.15966796875,-11.779784202575684,21.545408248901367,-0.8465576171875,0.2843017578125,0.0594482421875
28.123,321,3147,487,1108,12.0,29.0,13.0,1.15966796875,-11.779784202575684,21.545408248901367,-0.858642578125,0.2781982421875,0.06787109375
28.131,318,3147,454,1306,12.0,29.0,13.0,-2.746581792831421,-14.038084983825684,14.831542015075684,-0.858642578125,0.2781982421875,0.06787109375
28.166,315,3147,431,1681,13.0,28.0,11.0,-2.13623046875,-17.02880859375,8.11767578125,-0.86572265625,0.2510986328125,-0.00390625
28.167,319,3147,498,1908,13.0,28.0,11.0,-2.13623046875,-17.02880859375,8.11767578125,-0.797607421875,0.2149658203125,-0.0213623046875
28.167,321,3147,605,2093,13.0,28.0,11.0,3.662109136581421,-20.507810592651367,9.82666015625,-0.797607421875,0.2149658203125,-0.0213623046875
28.175,330,3147,763,2484,13.0,28.0,11.0,33.02001953125,-38.51318359375,10.559081077575684,-0.387939453125,0.0479736328125,-0.106201171875
28.194,338,3147,917,2785,13.0,28.0,11.0,33.02001953125,-38.51318359375,10.559081077575684,-0.11865234375,0.058349609375,-0.0736083984375
28.196,361,3147,1120,3098,13.0,28.0,11.0,48.400875091552734,-47.912593841552734,3.906249761581421,-0.11865234375,0.058349609375,-0.0736083984375
28.205,391,3147,1268,3147,13.0,28.0,11.0,53.649898529052734,-52.246089935302734,-7.324218273162842,0.0833740234375,0.425048828125,0.097412109375
28.213,411,3147,1362,3147,13.0,28.0,11.0,42.297359466552734,-48.889156341552734,-19.83642578125,0.0833740234375,0.425048828125,0.097412109375
28.221,424,3147,1627,3147,13.0,28.0,11.0,18.310546875,-39.97802734375,-29.296873092651367,-0.159423828125,0.8355712890625,0.2408447265625
28.235,454,3147,2176,3147,13.0,28.0,11.0,-8.056640625,-30.639646530151367,-30.944822311401367,-0.9791259765625,1.6025390625,0.6341552734375
28.243,465,3147,2430,3147,13.0,29.0,15.0,-30.944822311401367,-25.024412155151367,-23.437498092651367,-0.9791259765625,1.6025390625,0.6341552734375
28.268,473,3147,2560,3147,13.0,29.0,15.0,-49.682613372802734,-23.071287155151367,-15.014647483825684,-1.60009765625,1.1412353515625,0.5784912109375
28.269,473,3147,2498,3147,13.0,29.0,15.0,-66.46728515625,-18.98193359375,-16.05224609375,-3.3931884765625,-1.0286865234375,-0.03466796875
28.275,465,3147,2223,3147,13.0,29.0,15.0,-76.23291015625,-10.864256858825684,-18.5546875,-3.3931884765625,-1.0286865234375,-0.03466796875
28.281,458,3147,2087,3147,13.0,29.0,15.0,-57.495113372802734,-4.82177734375,-2.685546636581421,-2.9893798828125,-1.4832763671875,-0.08935546875
28.300,454,3147,1968,3147,13.0,29.0,15.0,1.9531248807907104,-2.929687261581421,32.2265625,-0.916015625,0.3126220703125,0.323974609375
28.303,454,3147,1880,3147,13.0,29.0,15.0,79.40673828125,-1.5258787870407104,58.288570404052734,-0.916015625,0.3126220703125,0.323974609375
28.311,445,3147,1813,3147,13.0,29.0,15.0,114.37987518310547,7.385253429412842,57.556148529052734,-0.9681396484375,1.83935546875,0.3365478515625
28.325,439,3147,1686,3147,13.0,29.0,15.0,58.166500091552734,23.193357467651367,40.832515716552734,-1.8134765625,0.9630126953125,0.1136474609375
28.333,431,3147,1557,3147,13.0,29.0,15.0,-38.0859375,30.700681686401367,24.963376998901367,-1.8134765625,0.9630126953125,0.1136474609375
28.341,428,3147,1483,3147,12.0,30.0,10.0,-68.603515625,24.780271530151367,22.033689498901367,-1.7764892578125,0.1077880859375,0.2618408203125
28.371,404,3147,1213,3147,12.0,30.0,10.0,-19.95849609375,14.282225608825684,28.259275436401367,-1.296142578125,0.29296875,0.3033447265625
28.372,385,3147,1069,3147,12.0,30.0,10.0,36.68212890625,7.751464366912842,28.930662155151367,-1.296142578125,0.29296875,0.3033447265625
28.372,370,3147,830,3147,12.0,30.0,10.0,56.701656341552734,7.507323741912842,19.04296875,-1.1744384765625,0.4864501953125,0.239013671875
28.386,337,3147,653,3147,12.0,30.0,10.0,45.532222747802734,10.009765625,7.629394054412842,-0.8973388671875,0.41455078125,0.0836181640625
28.402,330,3147,539,2930,12.0,30.0,10.0,27.282712936401367,13.610838890075684,2.685546636581421,-0.8973388671875,0.41455078125,0.0836181640625
28.405,314,3147,364,2587,12.0,30.0,10.0,18.9208984375,19.59228515625,0.7324218153953552,-0.7408447265625,0.3363037109375,-0.0296630859375
28.459,310,3147,433,1561,12.0,30.0,10.0,15.991209983825684,27.038572311401367,-4.2724609375,-0.518798828125,0.282470703125,-0.3297119140625
28.459,302,3147,409,1064,12.0,30.0,10.0,8.7890625,34.24072265625,-11.291502952575684,-0.518798828125,0.282470703125,-0.3297119140625
28.459,310,3147,383,496,12.0,30.0,10.0,0.7934569716453552,38.818359375,-15.258788108825684,-0.4302978515625,0.29833984375,-0.35400390625
28.459,310,2424,316,328,10.0,30.0,7.0,-3.234863042831421,38.57421875,-17.9443359375,-0.322265625,0.2847900390625,-0.3052978515625
28.477,308,2072,324,324,10.0,30.0,7.0,-4.94384765625,35.15625,-22.277830123901367,-0.3104248046875,0.3212890625,-0.2059326171875
28.478,299,1803,318,324,10.0,30.0,7.0,-8.4228515625,30.395505905151367,-26.855466842651367,-0.37158203125,0.300537109375,-0.0894775390625
28.478,307,1232,325,324,10.0,30.0,7.0,-14.282225608825684,25.024412155151367,-31.433103561401367,-0.471923828125,0.2371826171875,0.0496826171875
28.483,308,813,338,323,10.0,30.0,7.0,-17.4560546875,19.04296875,-33.447265625,-0.585693359375,0.2535400390625,0.182861328125
28.503,308,871,323,323,10.0,30.0,7.0,-17.02880859375,12.451170921325684,-30.639646530151367,-0.6324462890625,0.298095703125,0.2703857421875
28.505,306,1198,345,323,10.0,30.0,7.0,-15.991209983825684,6.225585460662842,-25.634763717651367,-0.5987548828125,0.32373046875,0.3369140625
28.513,308,1352,332,324,10.0,30.0,7.0,-14.099120140075684,0.7324218153953552,-23.498533248901367,-0.5948486328125,0.3446044921875,0.3753662109375
28.524,310,1516,346,323,10.0,30.0,7.0,-10.864256858825684,-4.57763671875,-25.512693405151367,-0.6741943359375,0.3310546875,0.3223876953125
28.535,309,1705,330,324,12.0,30.0,12.0,-8.9111328125,-7.995604991912842,-28.076169967651367,-0.7845458984375,0.292724609375,0.1734619140625
28.544,310,1813,346,330,12.0,30.0,12.0,-9.70458984375,-8.4228515625,-26.672361373901367,-0.84619140625,0.2418212890625,0.0224609375
28.551,314,1904,369,330,12.0,30.0,12.0,-11.596678733825684,-8.23974609375,-21.057126998901367,-0.81201171875,0.1558837890625,-0.058837890625
28.572,315,2273,398,332,12.0,30.0,12.0,-11.657713890075684,-9.27734375,-14.709471702575684,-0.7254638671875,0.087646484375,-0.0745849609375
28.589,300,2458,418,328,12.0,30.0,12.0,-8.4228515625,-11.718749046325684,-9.6435546875,-0.6656494140625,0.0823974609375,-0.0499267578125
28.589,316,2765,414,336,12.0,30.0,12.0,-3.234863042831421,-15.258788108825684,-5.310058116912842,-0.6702880859375,0.113037109375,-0.0120849609375
28.608,315,3147,399,387,12.0,30.0,12.0,1.0986328125,-18.73779296875,0.1220703050494194,-0.714111328125,0.1588134765625,0.01220703125
28.608,302,3147,428,705,12.0,30.0,12.0,1.5869139432907104,-20.996091842651367,7.507323741912842,-0.7293701171875,0.1893310546875,0.021240234375
28.611,316,3147,466,971,12.0,30.0,12.0,-2.746581792831421,-22.277830123901367,14.099120140075684,-0.6966552734375,0.1456298828125,0.0108642578125
28.626,313,3147,527,1422,12.0,30.0,12.0,-6.958007335662842,-23.132322311401367,17.333984375,-0.6715087890625,0.0621337890625,-0.0067138671875
28.636,317,3147,684,1662,12.0,29.0,11.0,-5.187987804412842,-25.146482467651367,17.822265625,-0.65625,0.0352783203125,-0.01318359375
28.641,325,3147,739,1914,12.0,29.0,11.0,3.356933355331421,-28.869626998901367,15.991209983825684,-0.593505859375,0.084228515625,-0.0167236328125
28.673,332,3147,906,2333,12.0,29.0,11.0,13.977049827575684,-32.2265625,9.27734375,-0.47314453125,0.160888671875,0.0010986328125
28.679,348,3147,907,2633,12.0,29.0,11.0,18.98193359375,-33.63037109375,-3.967284917831421,-0.3321533203125,0.20654296875,0.0509033203125
28.691,359,3147,996,2950,12.0,29.0,11.0,14.770506858825684,-33.5693359375,-20.996091842651367,-0.234130859375,0.196044921875,0.146728515625
28.691,401,3147,1185,3147,12.0,29.0,11.0,7.873534679412842,-33.5693359375,-34.1796875,-0.2442626953125,0.21142578125,0.3260498046875
28.693,411,3147,1373,3147,12.0,29.0,11.0,5.859374523162842,-34.72900390625,-35.82763671875,-0.4146728515625,0.4725341796875,0.5294189453125
28.703,426,3147,1704,3147,12.0,29.0,11.0,6.652831554412842,-36.0107421875,-23.559568405151367,-0.69677734375,0.9166259765625,0.7333984375
28.715,458,3147,2178,3147,12.0,29.0,11.0,1.5869139432907104,-37.59765625,-5.126952648162842,-0.9197998046875,1.1400146484375,0.959228515625
28.723,472,3147,2367,3147,12.0,29.0,11.0,-11.291502952575684,-38.6962890625,4.45556640625,-1.2862548828125,0.81298828125,0.90869140625
28.731,481,3147,2442,3147,16.0,30.0,10.0,-20.01953125,-31.066892623901367,-1.4038084745407104,-2.1683349609375,0.2667236328125,0.3489990234375
28.749,481,3147,2317,3147,16.0,30.0,10.0,-17.333984375,-14.221190452575684,-9.46044921875,-3.048828125,-0.0394287109375,-0.3292236328125
28.753,473,3147,2220,3147,16.0,30.0,10.0,-8.23974609375,-1.15966796875,-2.807616949081421,-3.166748046875,-0.197265625,-0.6878662109375
28.776,473,3147,2197,3147,16.0,30.0,10.0,9.521484375,0.8544921278953552,16.11328125,-2.2432861328125,-0.389892578125,-0.563232421875
28.777,473,3147,2202,3147,16.0,30.0,10.0,36.2548828125,-3.051757574081421,24.108884811401367,-1.1483154296875,-0.1090087890625,-0.0020751953125
28.783,466,3147,2186,3147,16.0,30.0,10.0,51.635738372802734,0.2441406100988388,14.709471702575684,-0.93994140625,0.96923828125,0.460693359375
28.795,470,3147,2153,3147,16.0,30.0,10.0,20.751951217651367,17.4560546875,3.479003667831421,-1.3819580078125,1.6141357421875,0.4874267578125
28.807,466,3147,2007,3147,16.0,30.0,10.0,-47.668453216552734,36.0107421875,-2.3193359375,-1.8392333984375,1.0941162109375,0.36279296875
28.813,465,3147,1900,3147,16.0,30.0,10.0,-83.55712127685547,41.687007904052734,-1.4648436307907104,-1.955810546875,0.305908203125,0.31005859375
28.822,457,3147,1750,3147,16.0,30.0,10.0,-53.344722747802734,35.0341796875,4.69970703125,-1.7818603515625,0.0682373046875,0.3116455078125
28.835,433,3147,1413,3147,14.0,29.0,16.0,-1.03759765625,26.245115280151367,10.742186546325684,-1.519287109375,0.258544921875,0.3045654296875
28.843,417,3147,1213,3147,14.0,29.0,16.0,24.353025436401367,23.742673873901367,10.375975608825684,-1.3023681640625,0.435791015625,0.260986328125
28.852,398,3147,1014,3147,14.0,29.0,16.0,19.34814453125,26.550291061401367,5.859374523162842,-1.10791015625,0.4534912109375,0.196533203125
28.879,360,3147,748,2368,14.0,29.0,16.0,8.72802734375,30.151365280151367,3.479003667831421,-0.9241943359375,0.3675537109375,0.083740234375
28.880,343,3147,666,1789,14.0,29.0,16.0,6.469726085662842,34.11865234375,1.4038084745407104,-0.774169921875,0.25341796875,-0.0771484375
28.882,330,3147,549,1103,14.0,29.0,16.0,5.981444835662842,38.4521484375,-6.164550304412842,-0.6285400390625,0.0972900390625,-0.207763671875
28.909,316,2830,375,334,14.0,29.0,16.0,1.5258787870407104,41.198726654052734,-18.4326171875,-0.4847412109375,-0.10595703125,-0.258056640625
28.915,315,2113,351,330,14.0,29.0,16.0,-0.4272460639476776,41.259761810302734,-28.137205123901367,-0.3914794921875,-0.1787109375,-0.2384033203125
28.915,300,1785,347,326,14.0,29.0,16.0,-0.4272460639476776,41.259761810302734,-28.137205123901367,-0.3131103515625,-0.0142822265625,-0.1153564453125
28.927,310,1045,315,328,11.0,28.0,10.0,9.6435546875,36.80419921875,-28.015134811401367,-0.2498779296875,0.1639404296875,0.05908203125
28.934,313,741,343,324,11.0,28.0,10.0,4.0283203125,32.1044921875,-29.357908248901367,-0.3406982421875,0.1971435546875,0.111572265625
28.942,308,679,380,321,11.0,28.0,10.0,-8.4228515625,28.991697311401367,-31.066892623901367,-0.4959716796875,0.1661376953125,0.0997314453125
28.955,308,594,328,319,11.0,28.0,10.0,-15.319823265075684,25.634763717651367,-24.475095748901367,-0.56201171875,0.223388671875,0.171630859375
28.980,306,614,323,323,11.0,28.0,10.0,-7.690429210662842,18.5546875,-9.27734375,-0.567626953125,0.3829345703125,0.2618408203125
28.982,308,620,323,322,11.0,28.0,10.0,4.2724609375,10.131834983825684,2.868652105331421,-0.5633544921875,0.443115234375,0.2880859375
28.986,308,568,324,323,11.0,28.0,10.0,6.469726085662842,4.2724609375,3.417968511581421,-0.588134765625,0.3621826171875,0.267333984375
28.994,309,650,332,324,11.0,28.0,10.0,1.8920897245407104,0.4882812201976776,-3.051757574081421,-0.6240234375,0.261962890625,0.193603515625
29.014,307,841,356,327,11.0,28.0,10.0,1.8920897245407104,0.4882812201976776,-3.051757574081421,-0.6400146484375,0.228515625,0.0780029296875
29.020,309,1251,338,327,11.0,28.0,10.0,-4.638671875,-3.112792730331421,-13.183592796325684,-0.670654296875,0.2359619140625,-0.0137939453125
29.024,314,1501,338,328,12.0,28.0,10.0,-4.45556640625,-4.5166015625,-13.061522483825684,-0.7408447265625,0.2305908203125,-0.0513916015625
29.032,308,1596,371,332,12.0,28.0,10.0,-4.45556640625,-4.5166015625,-13.061522483825684,-0.7957763671875,0.2001953125,-0.0611572265625
29.048,316,1891,342,334,12.0,28.0,10.0,-0.0610351525247097,-10.314940452575684,-2.13623046875,-0.80810546875,0.1497802734375,-0.0399169921875
29.054,317,2223,359,334,12.0,28.0,10.0,0.0,-12.512206077575684,3.479003667831421,-0.807861328125,0.105224609375,0.01513671875
29.062,316,2465,391,336,12.0,28.0,10.0,0.0,-12.512206077575684,3.479003667831421,-0.8216552734375,0.1021728515625,0.0545654296875
29.094,319,2937,506,331,12.0,28.0,10.0,2.3193359375,-16.54052734375,10.009765625,-0.83056640625,0.1505126953125,0.0372314453125
29.094,324,3147,464,338,12.0,28.0,10.0,4.2724609375,-17.4560546875,10.986327171325684,-0.8302001953125,0.2208251953125,-0.0150146484375
29.094,321,3147,466,438,12.0,28.0,10.0,4.2724609375,-17.4560546875,10.986327171325684,-0.816162109375,0.251220703125,-0.0469970703125
29.120,323,3147,630,942,12.0,28.0,10.0,2.3193359375,-20.935056686401367,9.94873046875,-0.7451171875,0.2054443359375,-0.06103515625
29.121,330,3147,723,1170,12.0,28.0,10.0,1.8310545682907104,-24.047849655151367,7.934569835662842,-0.65234375,0.1348876953125,-0.057861328125
29.122,331,3147,840,1519,13.0,32.0,15.0,1.8310545682907104,-24.047849655151367,7.934569835662842,-0.580078125,0.0845947265625,-0.0277099609375
29.132,345,3147,879,1798,13.0,32.0,15.0,6.164550304412842,-27.465818405151367,5.249022960662842,-0.580078125,0.0845947265625,-0.0277099609375
29.145,385,3147,1042,2115,13.0,32.0,15.0,16.7236328125,-35.0341796875,-4.82177734375,-0.2862548828125,0.0889892578125,0.0439453125
29.153,411,3147,1348,2473,13.0,32.0,15.0,16.7236328125,-35.0341796875,-4.82177734375,-0.0352783203125,0.1563720703125,0.08349609375
29.161,430,3147,1598,2713,13.0,32.0,15.0,17.9443359375,-36.865234375,-14.221190452575684,-0.0352783203125,0.1563720703125,0.08349609375
29.184,464,3147,2047,3120,13.0,32.0,15.0,12.268065452575684,-36.0107421875,-37.841796875,-0.0596923828125,0.669921875,0.3016357421875
29.185,470,3147,2330,3147,13.0,32.0,15.0,12.268065452575684,-36.0107421875,-37.841796875,-0.6177978515625,1.3228759765625,0.58642578125
29.191,479,3147,2569,3147,13.0,32.0,15.0,2.868652105331421,-38.2080078125,-38.818359375,-0.6177978515625,1.3228759765625,0.58642578125
29.205,497,3147,2813,3147,13.0,32.0,15.0,-68.9697265625,-33.50830078125,-27.893064498901367,-2.3218994140625,0.5467529296875,0.5584716796875
29.223,499,3147,2951,3147,13.0,32.0,15.0,-68.9697265625,-33.50830078125,-27.893064498901367,-3.015380859375,-0.44970703125,0.0609130859375
29.225,501,3147,2973,3147,15.0,28.0,10.0,-95.58104705810547,-16.9677734375,-37.7197265625,-3.015380859375,-0.44970703125,0.0609130859375
29.236,497,3147,2651,3147,15.0,28.0,10.0,-31.982419967651367,3.540038824081421,-13.244627952575684,-2.6162109375,-0.80615234375,-0.1365966796875
29.246,495,3147,2567,3147,15.0,28.0,10.0,-31.982419967651367,3.540038824081421,-13.244627952575684,-1.551025390625,-0.5667724609375,0.2020263671875
29.251,495,3147,2460,3147,15.0,28.0,10.0,15.136717796325684,4.2724609375,14.831542015075684,-1.551025390625,-0.5667724609375,0.2020263671875
29.264,495,3147,2374,3147,15.0,28.0,10.0,23.620603561401367,28.503416061401367,21.179197311401367,-1.3582763671875,1.0731201171875,0.525390625
29.285,490,3147,2333,3147,15.0,28.0,10.0,23.620603561401367,28.503416061401367,21.179197311401367,-1.9241943359375,1.2232666015625,0.218994140625
29.285,490,3147,2263,3147,15.0,28.0,10.0,-6.469726085662842,39.9169921875,23.559568405151367,-1.9241943359375,1.2232666015625,0.218994140625
29.295,481,3147,2116,3147,15.0,28.0,10.0,-12.817381858825684,30.517576217651367,24.719236373901367,-1.7803955078125,0.3480224609375,0.029052734375
29.303,481,3147,1981,3147,15.0,28.0,10.0,-12.817381858825684,30.517576217651367,24.719236373901367,-1.4013671875,0.25146484375,0.177734375
29.327,479,3147,1800,3147,15.0,28.0,10.0,13.549803733825684,18.24951171875,22.460935592651367,-1.4013671875,0.25146484375,0.177734375
29.327,462,3147,1409,2961,15.0,28.0,13.0,30.395505905151367,16.54052734375,19.4091796875,-1.0621337890625,0.355712890625,0.3114013671875
29.334,439,3147,1151,2672,15.0,28.0,13.0,30.395505905151367,16.54052734375,19.4091796875,-1.0048828125,0.34521484375,0.2098388671875
29.342,405,3147,958,2215,15.0,28.0,13.0,20.996091842651367,20.629880905151367,21.423337936401367,-1.0048828125,0.34521484375,0.2098388671875
29.355,355,3147,601,1175,15.0,28.0,13.0,13.122557640075684,24.169919967651367,23.132322311401367,-0.8533935546875,0.0352783203125,-0.119873046875
29.364,331,3147,431,605,15.0,28.0,13.0,7.263183116912842,25.573728561401367,21.057126998901367,-0.8533935546875,0.0352783203125,-0.119873046875
29.388,322,3147,361,327,15.0,28.0,13.0,5.859374523162842,24.780271530151367,14.282225608825684,-0.6717529296875,-0.2200927734375,-0.281982421875
29.389,315,2172,354,326,15.0,28.0,13.0,14.892577171325684,24.475095748901367,4.7607421875,-0.391357421875,-0.0648193359375,-0.41845703125
29.393,314,1757,316,323,15.0,28.0,13.0,29.479978561401367,24.780271530151367,-2.563476324081421,-0.391357421875,-0.0648193359375,-0.41845703125
29.402,315,1483,344,324,15.0,28.0,13.0,36.92626953125,24.230955123901367,-5.065917491912842,-0.2802734375,0.2047119140625,-0.25634765625
29.434,310,882,326,327,13.0,30.0,13.0,29.968259811401367,22.216794967651367,-7.141112804412842,-0.3818359375,0.279296875,0.0565185546875
29.434,321,774,411,328,13.0,30.0,13.0,13.305663108825684,20.263669967651367,-10.437010765075684,-0.3818359375,0.279296875,0.0565185546875
29.435,310,683,336,324,13.0,30.0,13.0,0.8544921278953552,19.10400390625,-8.11767578125,-0.5133056640625,0.2921142578125,0.1258544921875
29.445,310,708,336,321,13.0,30.0,13.0,2.807616949081421,15.258788108825684,2.01416015625,-0.473388671875,0.494384765625,0.2735595703125
29.453,312,739,360,325,13.0,30.0,13.0,11.108397483825684,7.812499523162842,10.742186546325684,-0.473388671875,0.494384765625,0.2735595703125
29.462,310,904,373,327,13.0,30.0,13.0,12.817381858825684,-0.1220703050494194,9.27734375,-0.4710693359375,0.4317626953125,0.3126220703125
29.476,313,1369,424,324,13.0,30.0,13.0,9.94873046875,-6.958007335662842,1.2817381620407104,-0.5904541015625,0.2647705078125,0.210205078125
29.485,314,1557,433,328,13.0,30.0,13.0,7.019042491912842,-12.207030296325684,-5.554198741912842,-0.5904541015625,0.2647705078125,0.210205078125
29.499,315,1689,455,324,13.0,30.0,13.0,1.8310545682907104,-14.465331077575684,-7.507323741912842,-0.6644287109375,0.258056640625,0.1026611328125
29.505,316,2141,458,328,13.0,30.0,13.0,-5.493163585662842,-15.075682640075684,-4.57763671875,-0.718505859375,0.19677734375,0.0155029296875
29.513,316,2400,505,336,13.0,30.0,10.0,-10.498045921325684,-16.29638671875,1.03759765625,-0.718505859375,0.19677734375,0.0155029296875
29.529,319,2659,496,334,13.0,30.0,10.0,-10.437010765075684,-18.37158203125,7.324218273162842,-0.738037109375,0.1956787109375,0.0406494140625
29.547,321,3147,607,356,13.0,30.0,10.0,-7.995604991912842,-21.545408248901367,12.634276390075684,-0.8487548828125,0.1298828125,0.0755615234375
29.548,323,3147,607,593,13.0,30.0,10.0,-5.798339366912842,-24.719236373901367,15.258788108825684,-0.8487548828125,0.1298828125,0.0755615234375
29.552,326,3147,629,793,13.0,30.0,10.0,-4.94384765625,-26.062009811401367,14.770506858825684,-0.8616943359375,0.077880859375,0.0279541015625
29.565,330,3147,696,1173,13.0,30.0,10.0,-5.737304210662842,-25.573728561401367,11.413573265075684,-0.77978515625,0.0228271484375,-0.02294921875
29.573,338,3147,689,1492,13.0,30.0,10.0,-3.784179449081421,-24.780271530151367,7.141112804412842,-0.677490234375,0.011962890625,-0.052490234375
29.594,360,3147,867,1704,13.0,30.0,10.0,2.38037109375,-25.817869186401367,3.906249761581421,-0.5970458984375,0.0352783203125,-0.058349609375
29.595,388,3147,1268,2203,13.0,30.0,10.0,7.751464366912842,-29.113767623901367,2.44140625,-0.4759521484375,0.0523681640625,-0.047119140625
29.603,410,3147,1582,2460,13.0,30.0,10.0,11.230467796325684,-32.71484375,1.7700194120407104,-0.316650390625,0.08447265625,-0.0072021484375
29.611,424,3147,1718,2671,13.0,28.0,5.0,12.695311546325684,-35.21728515625,-0.4882812201976776,-0.1861572265625,0.17236328125,0.0555419921875
29.629,442,3147,1933,3105,13.0,28.0,5.0,9.3994140625,-36.376953125,-6.408690929412842,-0.16162109375,0.337646484375,0.1551513671875
29.635,457,3147,2202,3147,13.0,28.0,5.0,0.6713866591453552,-36.92626953125,-14.587401390075684,-0.3226318359375,0.6309814453125,0.33984375
29.653,467,3147,2448,3147,13.0,28.0,5.0,-14.282225608825684,-36.9873046875,-19.8974609375,-0.66064453125,1.0084228515625,0.470458984375
29.655,481,3147,2734,3147,13.0,28.0,5.0,-32.89794921875,-34.423828125,-16.357421875,-1.095703125,1.203125,0.49853515625
29.663,487,3147,2897,3147,13.0,28.0,5.0,-46.813961029052734,-30.029294967651367,-7.568358898162842,-1.7716064453125,0.7049560546875,0.3492431640625
29.671,490,3147,3022,3147,13.0,28.0,5.0,-50.292964935302734,-24.475095748901367,-6.225585460662842,-2.57177734375,-0.1231689453125,0.062744140625
29.697,490,3147,2984,3147,13.0,28.0,5.0,-38.51318359375,-19.1650390625,-7.080077648162842,-2.9110107421875,-0.47802734375,0.005615234375
29.697,485,3147,2823,3147,13.0,28.0,5.0,-5.798339366912842,-19.4091796875,6.103515148162842,-2.6485595703125,-0.497802734375,0.1273193359375
29.701,487,3147,2676,3147,13.0,28.0,5.0,34.36279296875,-20.446775436401367,26.733396530151367,-1.87890625,-0.3114013671875,0.2755126953125
29.715,490,3147,2660,3147,13.0,29.0,9.0,56.762691497802734,-12.634276390075684,32.89794921875,-1.022216796875,0.266845703125,0.4405517578125
29.727,485,3147,2671,3147,13.0,29.0,9.0,51.818843841552734,6.469726085662842,20.263669967651367,-0.8321533203125,1.0933837890625,0.439208984375
29.734,486,3147,2652,3147,13.0,29.0,9.0,19.6533203125,28.442380905151367,6.042479991912842,-1.326904296875,1.46875,0.241943359375
29.752,485,3147,2581,3147,13.0,29.0,9.0,-21.850584030151367,39.4287109375,0.7934569716453552,-1.862060546875,0.998046875,0.0765380859375
29.754,485,3147,2443,3147,13.0,29.0,9.0,-37.2314453125,33.5693359375,1.8310545682907104,-1.9981689453125,0.2850341796875,0.0865478515625
29.763,484,3147,2361,3147,13.0,29.0,9.0,-14.953612327575684,18.310546875,6.713866710662842,-1.784423828125,-0.025390625,0.1998291015625
29.775,479,3147,2195,3147,13.0,29.0,9.0,18.9208984375,6.896972179412842,14.404295921325684,-1.4632568359375,0.0294189453125,0.297119140625
29.800,473,3147,2111,3147,13.0,29.0,9.0,35.46142578125,6.103515148162842,22.094724655151367,-1.217041015625,0.1552734375,0.3497314453125
29.801,465,3147,1920,3147,13.0,29.0,9.0,33.447265625,12.756346702575684,28.076169967651367,-1.0697021484375,0.259521484375,0.375732421875
29.805,444,3147,1509,2890,13.0,29.0,9.0,27.770994186401367,20.446775436401367,33.75244140625,-0.9710693359375,0.3671875,0.3314208984375
29.813,426,3147,1148,2456,11.0,30.0,9.0,24.719236373901367,27.526853561401367,37.53662109375,-0.9132080078125,0.4119873046875,0.1868896484375
29.821,393,3147,691,1922,11.0,30.0,9.0,19.59228515625,33.75244140625,34.912109375,-0.8765869140625,0.314208984375,0.001220703125
29.835,330,3147,384,1097,11.0,30.0,9.0,11.779784202575684,36.865234375,25.207517623901367,-0.796875,0.129638671875,-0.207275390625
29.843,324,3147,371,344,11.0,30.0,9.0,11.901854515075684,36.68212890625,13.000487327575684,-0.658203125,-0.0146484375,-0.3966064453125
29.859,316,2620,378,334,11.0,30.0,9.0,24.353025436401367,34.7900390625,3.112792730331421,-0.5364990234375,0.071533203125,-0.4661865234375
29.865,318,1897,388,327,11.0,30.0,9.0,36.80419921875,32.04345703125,-1.9531248807907104,-0.365234375,0.30078125,-0.387451171875
29.876,310,1643,378,327,11.0,30.0,9.0,34.0576171875,28.686521530151367,-6.042479991912842,-0.1663818359375,0.3956298828125,-0.198486328125
29.881,310,1215,354,328,11.0,30.0,9.0,15.319823265075684,26.733396530151367,-13.305663108825684,-0.1556396484375,0.3692626953125,-0.01513671875
29.900,313,1000,347,328,11.0,30.0,9.0,-5.615233898162842,27.648923873901367,-18.73779296875,-0.318359375,0.34814453125,0.1126708984375
29.903,308,746,388,328,11.0,30.0,9.0,-15.380858421325684,27.404783248901367,-14.343260765075684,-0.484619140625,0.39794921875,0.2457275390625
29.913,306,761,430,324,12.0,32.0,17.0,-12.573241233825684,22.094724655151367,-2.44140625,-0.5556640625,0.4559326171875,0.36865234375
29.937,308,1078,438,321,12.0,32.0,17.0,-8.48388671875,13.671874046325684,5.615233898162842,-0.5712890625,0.389892578125,0.437255859375
29.938,306,1280,433,328,12.0,32.0,17.0,-11.230467796325684,5.798339366912842,3.662109136581421,-0.6103515625,0.2073974609375,0.4063720703125
29.941,313,1519,433,324,12.0,32.0,17.0,-14.892577171325684,0.1220703050494194,-3.112792730331421,-0.6917724609375,0.0731201171875,0.25830078125
29.954,310,1638,446,330,12.0,32.0,17.0,-13.549803733825684,-2.990722417831421,-5.859374523162842,-0.7777099609375,0.07763671875,0.0762939453125
29.965,313,1748,484,330,12.0,32.0,17.0,-8.7890625,-5.065917491912842,-1.4038084745407104,-0.8240966796875,0.1517333984375,-0.0380859375
29.972,315,1925,501,334,12.0,32.0,17.0,-4.0283203125,-8.056640625,6.958007335662842,-0.822265625,0.2056884765625,-0.0716552734375
29.996,316,2242,464,333,12.0,32.0,17.0,-1.220703125,-12.084959983825684,15.380858421325684,-0.8046875,0.2286376953125,-0.0592041015625
30.002,316,2384,482,332,12.0,32.0,17.0,-0.0610351525247097,-16.11328125,22.033689498901367,-0.7987060546875,0.240234375,-0.0316162109375
30.003,316,2713,428,336,12.0,32.0,17.0,0.2441406100988388,-19.10400390625,25.390623092651367,-0.7969970703125,0.249267578125,-0.0037841796875
30.016,318,3147,456,562,12.0,29.0,16.0,0.9765624403953552,-20.01953125,24.536130905151367,-0.7772216796875,0.2733154296875,0.022216796875
30.023,319,3147,428,738,12.0,29.0,16.0,1.5869139432907104,-19.775390625,19.34814453125,-0.7161865234375,0.3074951171875,0.0406494140625
30.035,324,3147,433,951,12.0,29.0,16.0,1.5869139432907104,-19.775390625,19.34814453125,-0.5936279296875,0.2979736328125,0.036376953125
30.044,336,3147,711,1509,12.0,29.0,16.0,-4.94384765625,-22.949216842651367,-1.4038084745407104,-0.416015625,0.19970703125,-0.003173828125
30.053,355,3147,774,1800,12.0,29.0,16.0,-4.57763671875,-25.939939498901367,-13.305663108825684,-0.218505859375,0.091552734375,-0.0537109375
30.062,375,3147,1012,2087,12.0,29.0,16.0,-4.57763671875,-25.939939498901367,-13.305663108825684,-0.0386962890625,0.0889892578125,-0.0352783203125
30.074,411,3147,1480,2554,12.0,29.0,16.0,7.019042491912842,-33.02001953125,-37.65869140625,0.09521484375,0.1226806640625,0.0330810546875
30.083,426,3147,1669,2901,12.0,29.0,16.0,9.70458984375,-35.64453125,-51.574703216552734,0.1136474609375,0.15771484375,0.0865478515625
30.104,438,3147,1840,3147,12.0,29.0,16.0,9.70458984375,-35.64453125,-51.574703216552734,-0.0931396484375,0.3076171875,0.208740234375
30.106,454,3147,2308,3147,11.0,28.0,18.0,-4.21142578125,-37.17041015625,-59.204097747802734,-0.5509033203125,0.664794921875,0.4306640625
30.113,468,3147,2598,3147,11.0,28.0,18.0,-21.667478561401367,-38.818359375,-43.212886810302734,-0.9774169921875,1.1744384765625,0.6207275390625
30.121,481,3147,2940,3147,11.0,28.0,18.0,-21.667478561401367,-38.818359375,-43.212886810302734,-1.475341796875,1.274658203125,0.594970703125
30.139,495,3147,3139,3147,11.0,28.0,18.0,-68.29833984375,-25.695798873901367,-13.244627952575684,-2.3836669921875,0.6148681640625,0.157470703125
30.143,497,3147,3147,3147,11.0,28.0,18.0,-82.51952362060547,-10.681151390075684,-14.038084983825684,-3.20947265625,-0.2696533203125,-0.2078857421875
30.154,490,3147,3095,3147,11.0,28.0,18.0,-82.51952362060547,-10.681151390075684,-14.038084983825684,-3.4129638671875,-0.6988525390625,-0.147705078125
30.166,485,3147,2877,3147,11.0,28.0,18.0,-12.207030296325684,-15.869139671325684,17.08984375,-2.60205078125,-0.78955078125,0.0784912109375
30.179,484,3147,2803,3147,11.0,28.0,18.0,47.485347747802734,-17.39501953125,31.738279342651367,-1.3204345703125,-0.3330078125,0.4268798828125
30.181,468,3147,2750,3147,11.0,28.0,18.0,47.485347747802734,-17.39501953125,31.738279342651367,-0.8670654296875,1.017333984375,0.58056640625
30.215,482,3147,2716,3147,11.0,28.0,18.0,44.189449310302734,29.907224655151367,10.375975608825684,-1.284423828125,1.807373046875,0.342041015625
30.216,481,3147,2648,3147,12.0,29.0,12.0,-26.306150436401367,49.682613372802734,1.9531248807907104,-1.86376953125,1.2725830078125,0.1097412109375
30.216,475,3147,2507,3147,12.0,29.0,12.0,-26.306150436401367,49.682613372802734,1.9531248807907104,-2.144287109375,0.4761962890625,0.0897216796875
30.225,469,3147,2226,3147,12.0,29.0,12.0,-38.87939453125,31.005857467651367,1.6479490995407104,-2.0433349609375,0.117431640625,0.1627197265625
30.240,463,3147,2091,3147,12.0,29.0,12.0,5.187987804412842,16.66259765625,10.253905296325684,-1.72607421875,0.146728515625,0.2652587890625
30.244,461,3147,1914,3147,12.0,29.0,12.0,5.187987804412842,16.66259765625,10.253905296325684,-1.40380859375,0.261474609375,0.3419189453125
30.256,419,3147,1289,3126,12.0,29.0,12.0,42.419429779052734,12.145995140075684,25.146482467651367,-1.1275634765625,0.326904296875,0.37255859375
30.263,390,3147,944,2576,12.0,29.0,12.0,42.419429779052734,12.145995140075684,25.146482467651367,-0.8629150390625,0.3214111328125,0.29736328125
30.271,364,3147,673,2008,12.0,29.0,12.0,40.527339935302734,15.502928733825684,31.555173873901367,-0.8629150390625,0.3214111328125,0.29736328125
30.284,328,3147,376,673,12.0,29.0,12.0,39.36767578125,31.127927780151367,28.564451217651367,-0.3990478515625,-0.03955078125,-0.1156005859375
30.309,310,3011,344,333,12.0,29.0,12.0,39.36767578125,31.127927780151367,28.564451217651367,-0.214599609375,-0.1995849609375,-0.2796630859375
30.311,315,2359,360,330,13.0,29.0,6.0,34.0576171875,39.12353515625,8.6669921875,-0.214599609375,-0.1995849609375,-0.2796630859375
30.315,310,1757,373,329,13.0,29.0,6.0,31.005857467651367,43.151851654052734,-26.855466842651367,-0.0687255859375,0.017333984375,-0.3359375
30.326,310,1369,361,323,13.0,29.0,6.0,31.005857467651367,43.151851654052734,-26.855466842651367,-0.1383056640625,0.3037109375,-0.210693359375
30.331,308,1276,405,323,13.0,29.0,6.0,31.005857467651367,37.2314453125,-29.235837936401367,-0.1383056640625,0.3037109375,-0.210693359375
30.349,308,1061,411,327,13.0,29.0,6.0,-2.685546636581421,22.033689498901367,-25.390623092651367,-0.48193359375,0.3953857421875,0.0230712890625
30.353,306,922,401,324,13.0,29.0,6.0,-2.685546636581421,22.033689498901367,-25.390623092651367,-0.582763671875,0.4085693359375,0.1824951171875
30.362,310,948,391,325,13.0,29.0,6.0,-11.535643577575684,17.51708984375,-16.78466796875,-0.582763671875,0.4085693359375,0.1824951171875
30.375,310,1224,410,327,13.0,29.0,6.0,4.82177734375,5.920409679412842,5.737304210662842,-0.58935546875,0.4307861328125,0.3531494140625
30.390,309,1351,389,330,13.0,29.0,6.0,4.82177734375,5.920409679412842,5.737304210662842,-0.6298828125,0.319091796875,0.336181640625
30.391,310,1518,404,328,13.0,29.0,6.0,2.3193359375,3.601073980331421,5.432128429412842,-0.6298828125,0.319091796875,0.336181640625
30.411,310,1744,391,332,12.0,29.0,7.0,-11.047362327575684,0.0610351525247097,-0.4882812201976776,-0.7496337890625,0.1480712890625,0.1280517578125
30.413,296,1907,431,328,12.0,29.0,7.0,-11.047362327575684,0.0610351525247097,-0.4882812201976776,-0.7891845703125,0.1646728515625,0.030029296875
30.421,313,2049,431,330,12.0,29.0,7.0,-11.291502952575684,-3.051757574081421,2.44140625,-0.7891845703125,0.1646728515625,0.030029296875
30.447,314,2312,404,331,12.0,29.0,7.0,-9.94873046875,-10.681151390075684,15.502928733825684,-0.8509521484375,0.1572265625,-0.067626953125
30.451,315,2551,390,338,12.0,29.0,7.0,-9.94873046875,-10.681151390075684,15.502928733825684,-0.896728515625,0.1400146484375,-0.0892333984375
30.453,316,2704,401,321,12.0,29.0,7.0,-8.30078125,-13.610838890075684,22.155759811401367,-0.896728515625,0.1400146484375,-0.0892333984375
30.466,318,3147,445,342,12.0,29.0,7.0,-4.33349609375,-17.578125,29.052732467651367,-0.953369140625,0.146728515625,-0.0640869140625
30.474,321,3147,454,579,12.0,29.0,7.0,-4.33349609375,-17.578125,29.052732467651367,-0.927001953125,0.206298828125,-0.015625
30.482,315,3147,430,774,12.0,29.0,7.0,-2.746581792831421,-18.12744140625,29.113767623901367,-0.927001953125,0.206298828125,-0.015625
30.496,324,3147,424,1306,10.0,29.0,14.0,0.9765624403953552,-16.845703125,31.433103561401367,-0.7608642578125,0.2349853515625,0.048095703125
30.515,323,3147,513,1504,10.0,29.0,14.0,0.9765624403953552,-16.845703125,31.433103561401367,-0.5299072265625,0.0888671875,0.05615234375
30.516,329,3147,628,1830,10.0,29.0,14.0,4.45556640625,-18.6767578125,33.447265625,-0.5299072265625,0.0888671875,0.05615234375
30.529,371,3147,922,2330,10.0,29.0,14.0,25.634763717651367,-33.38623046875,24.108884811401367,0.1883544921875,-0.216552734375,0.1082763671875
30.534,400,3147,1278,2612,10.0,29.0,14.0,25.634763717651367,-33.38623046875,24.108884811401367,0.460693359375,-0.159423828125,0.2099609375
30.553,416,3147,1552,2929,10.0,29.0,14.0,38.818359375,-41.137691497802734,3.051757574081421,0.460693359375,-0.159423828125,0.2099609375
30.556,437,3147,1850,3147,10.0,29.0,14.0,41.687007904052734,-38.2080078125,-63.293453216552734,-0.075927734375,0.7174072265625,0.5203857421875
30.564,441,3147,2026,3147,10.0,29.0,14.0,41.687007904052734,-38.2080078125,-63.293453216552734,-0.8994140625,1.417724609375,0.54150390625
30.573,455,3147,2212,3147,10.0,29.0,14.0,11.901854515075684,-29.907224655151367,-74.03564453125,-0.8994140625,1.417724609375,0.54150390625
30.586,466,3147,2810,3147,10.0,29.0,14.0,-28.198240280151367,-20.690916061401367,-50.964351654052734,-2.29931640625,1.50439453125,-0.0728759765625
30.594,473,3147,2981,3147,14.0,29.0,13.0,-53.527828216552734,-13.977049827575684,-7.324218273162842,-2.29931640625,1.50439453125,-0.0728759765625
30.621,473,3147,3048,3147,14.0,29.0,13.0,-57.312007904052734,-13.610838890075684,27.587888717651367,-3.0218505859375,0.328125,-0.3798828125
30.621,472,3147,2850,3147,14.0,29.0,13.0,-52.490230560302734,-19.83642578125,35.5224609375,-2.6495361328125,-1.2059326171875,-0.033203125
30.624,472,3147,2788,3147,14.0,29.0,13.0,-28.869626998901367,-30.029294967651367,27.526853561401367,-2.6495361328125,-1.2059326171875,-0.033203125
30.632,470,3147,2769,3147,14.0,29.0,13.0,36.92626953125,-33.50830078125,20.263669967651367,-1.36572265625,-0.51025390625,0.358642578125
30.654,470,3147,2810,3147,14.0,29.0,13.0,106.81151580810547,-19.95849609375,12.145995140075684,-0.7855224609375,2.0614013671875,0.3988037109375
30.655,468,3147,2823,3147,14.0,29.0,13.0,102.66112518310547,9.33837890625,2.563476324081421,-0.7855224609375,2.0614013671875,0.3988037109375
30.665,466,3147,2807,3147,14.0,29.0,13.0,11.962889671325684,36.7431640625,-5.249022960662842,-1.39111328125,1.7259521484375,0.07080078125
30.679,466,3147,2691,3147,14.0,29.0,13.0,-80.81053924560547,45.227046966552734,-9.70458984375,-1.992431640625,-0.0484619140625,-0.0364990234375
30.686,465,3147,2555,3147,14.0,29.0,13.0,-91.55272674560547,35.400390625,-7.324218273162842,-1.992431640625,-0.0484619140625,-0.0364990234375
30.694,458,3147,2280,3147,12.0,28.0,9.0,-34.60693359375,18.310546875,2.0751953125,-1.82861328125,0.037841796875,0.148193359375
30.724,442,3147,1968,3147,12.0,28.0,9.0,17.7001953125,6.225585460662842,11.840819358825684,-1.3760986328125,0.5631103515625,0.3629150390625
30.725,431,3147,1602,3115,12.0,28.0,9.0,28.930662155151367,5.798339366912842,17.02880859375,-1.3760986328125,0.5631103515625,0.3629150390625
30.725,409,3147,1320,2622,12.0,28.0,9.0,14.343260765075684,13.305663108825684,20.202634811401367,-1.1961669921875,0.6041259765625,0.305419921875
30.736,361,3147,714,1254,12.0,28.0,9.0,2.50244140625,21.606443405151367,23.803709030151367,-0.82080078125,0.201904296875,-0.01953125
30.757,330,2985,415,346,12.0,28.0,9.0,4.5166015625,28.137205123901367,25.756834030151367,-0.82080078125,0.201904296875,-0.01953125
30.758,316,2394,324,318,12.0,28.0,9.0,11.779784202575684,33.69140625,20.263669967651367,-0.629638671875,-0.097412109375,-0.1400146484375
30.769,307,1544,349,327,12.0,28.0,9.0,16.845703125,39.48974609375,6.225585460662842,-0.305419921875,-0.3203125,-0.124267578125
30.776,306,1242,387,329,12.0,28.0,9.0,23.437498092651367,43.884273529052734,-9.033203125,-0.305419921875,-0.3203125,-0.124267578125
30.783,306,891,344,324,12.0,28.0,9.0,35.5224609375,42.663570404052734,-19.53125,-0.1876220703125,-0.099853515625,-0.003662109375
30.796,304,714,375,318,12.0,31.0,13.0,44.677730560302734,36.62109375,-25.817869186401367,-0.3377685546875,0.40966796875,-0.00244140625
30.804,305,675,373,323,12.0,31.0,13.0,36.68212890625,30.456541061401367,-29.418943405151367,-0.3377685546875,0.40966796875,-0.00244140625
30.828,304,710,317,318,12.0,31.0,13.0,13.122557640075684,25.695798873901367,-25.451658248901367,-0.5001220703125,0.507080078125,0.088134765625
30.829,307,728,330,301,12.0,31.0,13.0,-4.57763671875,19.10400390625,-11.413573265075684,-0.527099609375,0.5108642578125,0.1895751953125
30.835,304,713,323,321,12.0,31.0,13.0,-3.051757574081421,11.596678733825684,5.432128429412842,-0.44970703125,0.5008544921875,0.197998046875
30.842,307,713,321,319,12.0,31.0,13.0,7.141112804412842,7.446288585662842,14.221190452575684,-0.397705078125,0.4879150390625,0.148193359375
30.859,307,723,321,321,12.0,31.0,13.0,9.27734375,5.432128429412842,12.084959983825684,-0.4306640625,0.4312744140625,0.1298828125
30.864,306,740,323,322,12.0,31.0,13.0,0.1831054538488388,1.5258787870407104,3.479003667831421,-0.5057373046875,0.3299560546875,0.1383056640625
30.873,306,766,316,318,12.0,31.0,13.0,-12.084959983825684,-4.2724609375,-6.530761241912842,-0.5718994140625,0.229736328125,0.1302490234375
30.889,308,1138,378,324,11.0,32.0,12.0,-20.385740280151367,-8.72802734375,-14.465331077575684,-0.632080078125,0.166259765625,0.09326171875
30.920,307,1265,402,328,11.0,32.0,12.0,-22.399900436401367,-10.437010765075684,-17.4560546875,-0.709716796875,0.1484375,0.0323486328125
30.920,309,1516,424,328,11.0,32.0,12.0,-17.9443359375,-11.047362327575684,-14.282225608825684,-0.8125,0.1636962890625,-0.016845703125
30.957,310,1783,398,330,11.0,32.0,12.0,-10.925292015075684,-12.878417015075684,-5.493163585662842,-0.9222412109375,0.1885986328125,-0.0474853515625
30.957,313,2014,428,334,11.0,32.0,12.0,-6.896972179412842,-15.808104515075684,6.530761241912842,-0.9893798828125,0.20361328125,-0.0751953125
30.957,313,2217,349,337,11.0,32.0,12.0,-8.1787109375,-18.310546875,18.24951171875,-1.00634765625,0.19677734375,-0.08935546875
30.957,316,2590,444,334,11.0,32.0,12.0,-11.779784202575684,-20.324705123901367,26.733396530151367,-1.0323486328125,0.173583984375,-0.09375
30.959,321,2850,411,344,11.0,32.0,12.0,-15.502928733825684,-22.338865280151367,31.677244186401367,-1.056640625,0.1478271484375,-0.111083984375
30.964,323,3064,447,346,11.0,32.0,12.0,-18.98193359375,-23.132322311401367,33.75244140625,-1.0067138671875,0.1187744140625,-0.12060546875
30.977,336,3147,538,669,11.0,32.0,12.0,-18.73779296875,-22.094724655151367,34.423828125,-0.876220703125,0.1026611328125,-0.0772705078125
30.985,346,3147,631,895,13.0,33.0,12.0,-11.596678733825684,-21.545408248901367,35.09521484375,-0.6881103515625,0.1148681640625,-0.0103759765625
30.992,356,3147,684,1237,13.0,33.0,12.0,-0.0610351525247097,-23.864744186401367,34.3017578125,-0.4471435546875,0.12109375,0.0556640625
31.005,386,3147,1178,1669,13.0,33.0,12.0,12.268065452575684,-29.907224655151367,26.611326217651367,-0.1563720703125,0.1005859375,0.1416015625
31.031,402,3147,1399,2008,13.0,33.0,12.0,24.047849655151367,-37.65869140625,7.324218273162842,0.1597900390625,0.10205078125,0.2261962890625
31.032,415,3147,1613,2253,13.0,33.0,12.0,33.935546875,-41.992183685302734,-23.681638717651367,0.3428955078125,0.2537841796875,0.32958984375
31.036,431,3147,1954,2843,13.0,33.0,12.0,33.935546875,-39.12353515625,-57.312007904052734,0.1802978515625,0.5814208984375,0.4429931640625
31.044,439,3147,2079,3137,13.0,33.0,12.0,14.404295921325684,-31.249998092651367,-78.43017578125,-0.3634033203125,1.00341796875,0.5447998046875
31.063,441,3147,2254,3147,13.0,33.0,12.0,-19.8974609375,-24.536130905151367,-76.2939453125,-0.99609375,1.364501953125,0.528076171875
31.066,464,3147,2866,3147,13.0,33.0,12.0,-50.415035247802734,-20.568845748901367,-53.833003997802734,-1.4564208984375,1.4219970703125,0.287109375
31.075,472,3147,3033,3147,13.0,33.0,12.0,-59.997554779052734,-17.27294921875,-25.939939498901367,-1.996826171875,0.9285888671875,-0.1090087890625
31.082,473,3147,3134,3147,13.0,30.0,18.0,-50.781246185302734,-17.02880859375,-10.620116233825684,-2.7626953125,0.0194091796875,-0.4873046875
31.096,473,3147,3082,3147,13.0,30.0,18.0,-40.405269622802734,-21.728513717651367,-8.48388671875,-3.1318359375,-0.68701171875,-0.4429931640625
31.104,473,3147,3057,3147,13.0,30.0,18.0,-20.874021530151367,-29.724119186401367,0.6713866591453552,-2.62744140625,-0.8109130859375,-0.0247802734375
31.129,469,3147,2951,3147,13.0,30.0,18.0,24.780271530151367,-32.470703125,19.1650390625,-1.5601806640625,-0.369140625,0.36767578125
31.129,469,3147,2925,3147,13.0,30.0,18.0,69.9462890625,-21.850584030151367,24.658201217651367,-0.726318359375,0.5731201171875,0.5755615234375
31.134,469,3147,2936,3147,13.0,30.0,18.0,68.115234375,2.624511480331421,8.97216796875,-0.6517333984375,1.5225830078125,0.494873046875
31.142,466,3147,2916,3147,13.0,30.0,18.0,7.690429210662842,29.357908248901367,-12.756346702575684,-1.169921875,1.61181640625,0.2457275390625
31.165,467,3147,2844,3147,13.0,30.0,18.0,-63.232418060302734,41.809078216552734,-25.024412155151367,-1.7686767578125,0.876220703125,0.0787353515625
31.166,462,3147,2777,3147,13.0,30.0,18.0,-80.74950408935547,36.7431640625,-23.254392623901367,-1.9991455078125,0.1947021484375,0.0684814453125
31.174,462,3147,2626,3147,13.0,30.0,18.0,-41.381832122802734,22.277830123901367,-13.000487327575684,-1.8341064453125,0.0223388671875,0.1605224609375
31.183,457,3147,2505,3147,11.0,29.0,18.0,-41.381832122802734,22.277830123901367,-13.000487327575684,-1.533203125,0.1353759765625,0.2540283203125
31.195,442,3147,2087,3008,11.0,29.0,18.0,19.59228515625,5.554198741912842,6.469726085662842,-1.298828125,0.2513427734375,0.2855224609375
31.203,437,3147,1816,2797,11.0,29.0,18.0,10.070799827575684,10.253905296325684,11.596678733825684,-1.123291015625,0.327392578125,0.2840576171875
31.211,423,3147,1450,2494,11.0,29.0,18.0,10.070799827575684,10.253905296325684,11.596678733825684,-0.9560546875,0.360595703125,0.253173828125
31.233,382,3147,1018,1689,11.0,29.0,18.0,5.493163585662842,21.972654342651367,22.705076217651367,-0.8114013671875,0.3707275390625,0.183837890625
31.233,363,3147,816,1160,11.0,29.0,18.0,15.258788108825684,26.611326217651367,21.240232467651367,-0.708740234375,0.339599609375,0.08251953125
31.246,334,3147,537,540,11.0,29.0,18.0,15.563963890075684,32.04345703125,10.437010765075684,-0.6357421875,0.151611328125,-0.0303955078125
31.254,324,3087,388,346,11.0,29.0,18.0,8.36181640625,36.62109375,-6.225585460662842,-0.5909423828125,-0.0849609375,-0.1248779296875
31.268,315,2494,327,331,11.0,29.0,18.0,7.202147960662842,38.4521484375,-19.6533203125,-0.562255859375,-0.1470947265625,-0.16796875
31.276,313,1889,316,313,12.0,31.0,13.0,16.2353515625,36.43798828125,-24.414060592651367,-0.521484375,-0.0855712890625,-0.1568603515625
31.286,304,1643,315,327,12.0,31.0,13.0,26.611326217651367,32.1044921875,-23.010251998901367,-0.4500732421875,0.0965576171875,-0.10546875
31.292,315,1361,371,324,12.0,31.0,13.0,26.611326217651367,32.1044921875,-23.010251998901367,-0.39892578125,0.2935791015625,-0.03857421875
31.306,309,1220,389,328,12.0,31.0,13.0,17.39501953125,22.766111373901367,-18.73779296875,-0.44873046875,0.299072265625,-0.007568359375
31.314,308,1071,376,324,12.0,31.0,13.0,-0.30517578125,19.71435546875,-17.76123046875,-0.5621337890625,0.2471923828125,0.0130615234375
31.352,308,932,376,324,12.0,31.0,13.0,-0.30517578125,19.71435546875,-17.76123046875,-0.6492919921875,0.2674560546875,0.072509765625
31.352,308,972,385,323,12.0,31.0,13.0,1.0986328125,12.573241233825684,1.7700194120407104,-0.6656494140625,0.3455810546875,0.1441650390625
31.352,307,1048,360,327,12.0,31.0,13.0,12.268065452575684,5.676269054412842,12.451170921325684,-0.6400146484375,0.418212890625,0.1949462890625
31.355,298,1231,378,328,12.0,31.0,13.0,13.854979515075684,-0.1220703050494194,14.709471702575684,-0.6324462890625,0.4134521484375,0.243896484375
31.370,309,1330,388,324,12.0,31.0,13.0,13.854979515075684,-0.1220703050494194,14.709471702575684,-0.6578369140625,0.3399658203125,0.2508544921875
31.375,310,1494,398,327,11.0,28.0,19.0,0.1220703050494194,-7.934569835662842,1.5258787870407104,-0.7054443359375,0.27880859375,0.162109375
31.383,311,1632,387,329,11.0,28.0,19.0,-2.197265625,-9.27734375,-2.13623046875,-0.7564697265625,0.2698974609375,0.041748046875
31.391,311,1739,403,327,11.0,28.0,19.0,-2.197265625,-9.27734375,-2.13623046875,-0.7564697265625,0.2698974609375,0.041748046875
31.405,313,2021,388,332,11.0,28.0,19.0,-4.5166015625,-12.451170921325684,2.929687261581421,-0.813232421875,0.275390625,-0.072265625
31.413,313,2113,389,332,11.0,28.0,19.0,-4.5166015625,-12.451170921325684,2.929687261581421,-0.8291015625,0.25,-0.07177734375
31.437,315,2238,406,336,11.0,28.0,19.0,-6.347655773162842,-16.4794921875,7.568358898162842,-0.8291015625,0.25,-0.07177734375
31.438,302,2631,385,333,11.0,28.0,19.0,-4.69970703125,-23.620603561401367,14.770506858825684,-0.83740234375,0.1995849609375,-0.060302734375
31.443,316,2881,464,336,11.0,28.0,19.0,-4.69970703125,-23.620603561401367,14.770506858825684,-0.8189697265625,0.19970703125,-0.0277099609375
31.469,318,3147,465,416,11.0,28.0,19.0,-0.3662109076976776,-25.146482467651367,16.6015625,-0.8189697265625,0.19970703125,-0.0277099609375
31.469,327,3147,508,811,11.0,28.0,19.0,0.54931640625,-28.320310592651367,12.329100608825684,-0.5081787109375,0.0972900390625,0.050537109375
31.474,344,3147,644,1078,12.0,34.0,20.0,0.54931640625,-28.320310592651367,12.329100608825684,-0.33740234375,0.046142578125,0.076904296875
31.481,359,3147,748,1289,12.0,34.0,20.0,2.563476324081421,-29.418943405151367,6.408690929412842,-0.33740234375,0.046142578125,0.076904296875
31.495,404,3147,1225,1746,12.0,34.0,20.0,10.009765625,-32.28759765625,-12.145995140075684,-0.1226806640625,0.05517578125,0.1544189453125
31.503,418,3147,1527,2028,12.0,34.0,20.0,10.009765625,-32.28759765625,-12.145995140075684,-0.1363525390625,0.1334228515625,0.1884765625
31.511,430,3147,1733,2414,12.0,34.0,20.0,10.925292015075684,-32.5927734375,-25.756834030151367,-0.1363525390625,0.1334228515625,0.1884765625
31.540,445,3147,2065,2863,12.0,34.0,20.0,-1.15966796875,-25.817869186401367,-40.161128997802734,-0.6282958984375,0.5169677734375,0.399169921875
31.540,437,3147,2368,3141,12.0,34.0,20.0,-1.15966796875,-25.817869186401367,-40.161128997802734,-1.026611328125,0.817138671875,0.5369873046875
31.541,462,3147,2702,3147,12.0,34.0,20.0,-18.1884765625,-24.902341842651367,-31.494138717651367,-1.026611328125,0.817138671875,0.5369873046875
31.577,468,3147,3024,3147,12.0,34.0,20.0,-40.954586029052734,-27.465818405151367,8.7890625,-1.785888671875,0.7335205078125,0.4044189453125
31.578,472,3147,3106,3147,12.0,34.0,20.0,-40.954586029052734,-27.465818405151367,8.7890625,-2.382568359375,0.031494140625,0.0003662109375
31.578,473,3147,3147,3147,14.0,27.0,12.0,-32.77587890625,-25.878904342651367,19.1650390625,-2.382568359375,0.031494140625,0.0003662109375
31.585,473,3147,3144,3147,14.0,27.0,12.0,19.95849609375,-20.996091842651367,13.000487327575684,-2.391845703125,-0.224853515625,-0.3179931640625
31.593,473,3147,3112,3147,14.0,27.0,12.0,19.95849609375,-20.996091842651367,13.000487327575684,-1.662353515625,0.3482666015625,-0.0517578125
31.601,473,3147,3066,3147,14.0,27.0,12.0,66.22314453125,-23.864744186401367,20.507810592651367,-1.662353515625,0.3482666015625,-0.0517578125
31.615,473,3147,3033,3147,14.0,27.0,12.0,90.14891815185547,-21.850584030151367,21.667478561401367,-0.656982421875,1.185302734375,0.3895263671875
31.623,469,3147,3066,3147,14.0,27.0,12.0,60.668941497802734,-6.713866710662842,5.554198741912842,-0.656982421875,1.185302734375,0.3895263671875
31.642,472,3147,3057,3147,14.0,27.0,12.0,-7.995604991912842,18.00537109375,-16.29638671875,-0.907470703125,1.0548095703125,0.330078125
31.645,470,3147,3011,3147,14.0,27.0,12.0,-64.75830078125,37.04833984375,-26.672361373901367,-1.859130859375,0.3074951171875,0.1573486328125
31.655,468,3147,2948,3147,14.0,27.0,12.0,-72.1435546875,39.55078125,-21.301267623901367,-1.859130859375,0.3074951171875,0.1573486328125
31.682,470,3147,2876,3147,14.0,27.0,12.0,-40.832515716552734,29.235837936401367,-9.27734375,-1.9012451171875,0.180908203125,0.15966796875
31.690,466,3147,2671,3147,15.0,33.0,16.0,-5.798339366912842,16.54052734375,1.15966796875,-1.4486083984375,0.228759765625,0.2734375
31.691,465,3147,2507,3147,15.0,33.0,16.0,12.878417015075684,9.33837890625,8.1787109375,-1.4486083984375,0.228759765625,0.2734375
31.691,440,3147,2312,2996,15.0,33.0,16.0,15.930174827575684,10.070799827575684,13.305663108825684,-1.2764892578125,0.278076171875,0.27099609375
31.705,442,3147,1826,2565,15.0,33.0,16.0,11.779784202575684,16.4794921875,19.4091796875,-1.010986328125,0.421142578125,0.1846923828125
31.713,430,3147,1474,2100,15.0,33.0,16.0,7.446288585662842,24.475095748901367,26.550291061401367,-1.010986328125,0.421142578125,0.1846923828125
31.721,409,3147,1195,1470,15.0,33.0,16.0,4.7607421875,31.433103561401367,31.249998092651367,-0.913818359375,0.3660888671875,0.0997314453125
31.743,359,3147,683,497,15.0,33.0,16.0,0.9155272841453552,37.41455078125,29.724119186401367,-0.7503662109375,0.005615234375,-0.060546875
31.744,330,3028,411,330,15.0,33.0,16.0,-5.126952648162842,42.053218841552734,20.446775436401367,-0.7503662109375,0.005615234375,-0.060546875
31.751,318,2702,334,334,15.0,33.0,16.0,-8.30078125,44.128414154052734,5.187987804412842,-0.6632080078125,-0.1126708984375,-0.1077880859375
31.765,311,1981,317,321,12.0,32.0,15.0,-1.4648436307907104,43.518062591552734,-11.291502952575684,-0.448974609375,0.09912109375,-0.048828125
31.783,308,1610,316,321,12.0,32.0,15.0,14.038084983825684,40.527339935302734,-25.573728561401367,-0.448974609375,0.09912109375,-0.048828125
31.790,292,1103,328,318,12.0,32.0,15.0,27.160642623901367,35.400390625,-34.0576171875,-0.39208984375,0.3572998046875,0.007080078125
31.795,313,765,382,322,12.0,32.0,15.0,28.442380905151367,30.151365280151367,-37.78076171875,-0.44091796875,0.3797607421875,-0.0262451171875
31.803,304,746,402,323,12.0,32.0,15.0,16.41845703125,26.489255905151367,-40.344234466552734,-0.44091796875,0.3797607421875,-0.0262451171875
31.811,306,706,391,328,12.0,32.0,15.0,4.08935546875,23.620603561401367,-36.92626953125,-0.525634765625,0.410888671875,0.0380859375
31.825,305,702,409,321,12.0,32.0,15.0,3.601073980331421,18.00537109375,-24.169919967651367,-0.578369140625,0.442138671875,0.1114501953125
31.843,305,706,404,321,12.0,32.0,15.0,10.192870140075684,10.498045921325684,-9.521484375,-0.5538330078125,0.38427734375,0.12890625
31.848,306,737,402,324,12.0,32.0,15.0,15.563963890075684,5.187987804412842,-1.7700194120407104,-0.523681640625,0.2591552734375,0.1397705078125
31.855,305,977,398,323,12.0,32.0,15.0,16.78466796875,0.9765624403953552,-1.220703125,-0.536865234375,0.12451171875,0.168212890625
31.863,307,1254,388,327,15.0,29.0,14.0,13.854979515075684,-4.150390625,-3.356933355331421,-0.5623779296875,0.065185546875,0.14892578125
31.885,310,1557,401,328,15.0,29.0,14.0,8.72802734375,-8.11767578125,-4.94384765625,-0.614990234375,0.1112060546875,0.1004638671875
31.886,313,1641,400,336,15.0,29.0,14.0,2.868652105331421,-9.82666015625,-3.784179449081421,-0.7249755859375,0.1953125,0.0826416015625
31.893,313,1775,403,329,15.0,29.0,14.0,-3.356933355331421,-11.230467796325684,1.5869139432907104,-0.8409423828125,0.2362060546875,0.082763671875
31.903,313,2041,391,334,15.0,29.0,14.0,-8.48388671875,-13.916014671325684,10.253905296325684,-0.895263671875,0.21875,0.0733642578125
31.915,315,2734,411,338,15.0,29.0,14.0,-10.314940452575684,-17.333984375,19.47021484375,-0.88427734375,0.1790771484375,0.031494140625
31.923,313,2912,464,338,15.0,29.0,14.0,-8.30078125,-20.629880905151367,26.367185592651367,-0.8411865234375,0.1573486328125,-0.047119140625
31.947,318,3147,470,346,15.0,29.0,14.0,-2.25830078125,-23.437498092651367,29.418943405151367,-0.823974609375,0.1671142578125,-0.0999755859375
31.949,318,3147,535,834,15.0,29.0,14.0,3.112792730331421,-26.550291061401367,28.259275436401367,-0.8070068359375,0.18896484375,-0.0882568359375
31.953,325,3147,536,1145,15.0,29.0,14.0,1.220703125,-29.296873092651367,23.620603561401367,-0.707275390625,0.1937255859375,-0.026123046875
31.963,332,3147,607,1488,11.0,32.0,11.0,-5.737304210662842,-30.090330123901367,16.41845703125,-0.5816650390625,0.1837158203125,0.037841796875
31.971,356,3147,758,1762,11.0,32.0,11.0,-9.3994140625,-29.907224655151367,6.835937023162842,-0.49365234375,0.151123046875,0.0740966796875
31.990,389,3147,1122,2072,11.0,32.0,11.0,-5.065917491912842,-31.555173873901367,-5.371093273162842,-0.415771484375,0.0963134765625,0.0889892578125
31.993,409,3147,1435,2344,11.0,32.0,11.0,5.676269054412842,-34.97314453125,-18.9208984375,-0.338134765625,0.0948486328125,0.0863037109375
32.001,419,3147,1669,2541,11.0,32.0,11.0,16.4794921875,-37.9638671875,-29.541013717651367,-0.283447265625,0.1865234375,0.121337890625
32.016,433,3147,2014,3040,11.0,32.0,11.0,21.118162155151367,-39.4287109375,-33.99658203125,-0.2972412109375,0.3203125,0.2310791015625
32.023,439,3147,2188,3147,11.0,32.0,11.0,18.00537109375,-38.9404296875,-32.53173828125,-0.468994140625,0.5174560546875,0.402099609375
32.031,454,3147,2591,3147,11.0,32.0,11.0,8.544921875,-36.80419921875,-25.695798873901367,-0.783935546875,0.845458984375,0.5535888671875
32.053,464,3147,3025,3147,11.0,32.0,11.0,-5.126952648162842,-33.14208984375,-13.183592796325684,-1.153564453125,1.1116943359375,0.57373046875
32.053,454,3147,3133,3147,11.0,32.0,11.0,-22.521970748901367,-25.512693405151367,-0.1831054538488388,-1.8017578125,0.857177734375,0.1903076171875
32.061,470,3147,3147,3147,14.0,28.0,14.0,-43.457027435302734,-11.108397483825684,6.774901866912842,-2.6219482421875,0.2099609375,-0.286865234375
32.098,470,3147,3147,3147,14.0,28.0,14.0,-58.837886810302734,-0.9765624403953552,12.390135765075684,-2.966064453125,-0.3223876953125,-0.3004150390625
32.098,472,3147,3147,3147,14.0,28.0,14.0,-45.776363372802734,-3.540038824081421,23.437498092651367,-2.549072265625,-0.4788818359375,-0.0726318359375
32.098,454,3147,3095,3147,14.0,28.0,14.0,1.2817381620407104,-9.3994140625,33.0810546875,-1.5899658203125,-0.132080078125,0.16357421875
32.105,470,3147,3095,3147,14.0,28.0,14.0,47.363277435302734,-7.507323741912842,26.062009811401367,-0.789306640625,0.7169189453125,0.351318359375
32.113,470,3147,3102,3147,14.0,28.0,14.0,47.058101654052734,7.812499523162842,4.0283203125,-0.678466796875,1.54248046875,0.379150390625
32.128,470,3147,3107,3147,14.0,28.0,14.0,-9.33837890625,28.747556686401367,-15.686034202575684,-1.1451416015625,1.465576171875,0.2724609375
32.135,470,3147,3024,3147,14.0,28.0,14.0,-71.8994140625,40.466304779052734,-22.155759811401367,-1.6820068359375,0.646728515625,0.176025390625
32.154,467,3147,2930,3147,14.0,28.0,14.0,-81.48192596435547,37.53662109375,-16.78466796875,-1.872802734375,0.01025390625,0.1134033203125
32.154,446,3147,2801,3147,14.0,28.0,14.0,-41.442867279052734,26.184080123901367,-6.408690929412842,-1.7550048828125,-0.0404052734375,0.0694580078125
32.167,456,3147,2519,3086,13.0,30.0,13.0,-2.746581792831421,15.380858421325684,4.45556640625,-1.5191650390625,0.1812744140625,0.1021728515625
32.173,455,3147,2404,3016,13.0,30.0,13.0,3.845214605331421,9.82666015625,12.390135765075684,-1.3118896484375,0.292724609375,0.184814453125
32.190,444,3147,2266,2823,13.0,30.0,13.0,-9.82666015625,10.681151390075684,18.12744140625,-1.1678466796875,0.311279296875,0.236083984375
32.203,419,3147,1861,2391,13.0,30.0,13.0,-18.798828125,15.808104515075684,25.573728561401367,-1.0218505859375,0.337890625,0.2261962890625
32.203,405,3147,1528,2060,13.0,30.0,13.0,-14.343260765075684,22.338865280151367,33.26416015625,-0.8699951171875,0.348388671875,0.1788330078125
32.211,382,3147,1220,1715,13.0,30.0,13.0,-6.225585460662842,28.625486373901367,35.21728515625,-0.76953125,0.3157958984375,0.11865234375
32.226,348,3147,837,1074,13.0,30.0,13.0,-6.164550304412842,33.87451171875,29.174802780151367,-0.712890625,0.180419921875,0.0399169921875
32.233,338,3147,607,512,13.0,30.0,13.0,-12.939452171325684,38.0859375,17.7001953125,-0.68212890625,-0.037841796875,-0.0406494140625
32.244,330,3008,521,347,13.0,30.0,13.0,-16.17431640625,39.97802734375,5.249022960662842,-0.641357421875,-0.1790771484375,-0.0992431640625
32.261,315,2543,400,336,13.0,30.0,11.0,-11.230467796325684,38.39111328125,-5.126952648162842,-0.5606689453125,-0.1617431640625,-0.0894775390625
32.263,316,2430,347,327,13.0,30.0,11.0,-1.7089842557907104,33.14208984375,-11.596678733825684,-0.46044921875,-0.0509033203125,0.0118408203125
32.271,313,2153,346,330,13.0,30.0,11.0,6.713866710662842,25.939939498901367,-13.427733421325684,-0.4366455078125,0.1053466796875,0.0806884765625
32.295,310,1792,390,328,13.0,30.0,11.0,12.756346702575684,21.179197311401367,-9.94873046875,-0.464111328125,0.3033447265625,0.0650634765625
32.295,308,1550,406,323,13.0,30.0,11.0,14.953612327575684,18.24951171875,-3.356933355331421,-0.4786376953125,0.4049072265625,0.0474853515625
32.309,308,1546,381,324,13.0,30.0,11.0,14.953612327575684,18.24951171875,-3.356933355331421,-0.542724609375,0.3873291015625,0.0438232421875
32.315,310,1557,376,327,13.0,30.0,11.0,6.225585460662842,10.314940452575684,1.3427733182907104,-0.6356201171875,0.3826904296875,0.062255859375
32.323,309,1643,376,328,13.0,30.0,11.0,7.141112804412842,6.225585460662842,2.868652105331421,-0.692626953125,0.4273681640625,0.105712890625
32.331,308,1766,376,332,13.0,30.0,11.0,7.141112804412842,6.225585460662842,2.868652105331421,-0.7001953125,0.4989013671875,0.132568359375
32.362,310,1899,375,331,13.0,30.0,11.0,14.160155296325684,-3.540038824081421,3.051757574081421,-0.700927734375,0.5220947265625,0.141357421875
32.362,310,1968,375,332,12.0,33.0,4.0,7.263183116912842,-6.958007335662842,-2.929687261581421,-0.7313232421875,0.4383544921875,0.1197509765625
32.362,312,1985,376,312,12.0,33.0,4.0,7.263183116912842,-6.958007335662842,-2.929687261581421,-0.7801513671875,0.3116455078125,0.0550537109375
32.376,314,2245,409,334,12.0,33.0,4.0,-8.4228515625,-8.60595703125,-11.596678733825684,-0.825927734375,0.2357177734375,0.0048828125
32.396,315,2348,418,334,12.0,33.0,4.0,-7.446288585662842,-10.070799827575684,-7.873534679412842,-0.8480224609375,0.201904296875,-0.001708984375
32.396,300,2467,409,336,12.0,33.0,4.0,-3.906249761581421,-13.183592796325684,-0.6713866591453552,-0.841064453125,0.1644287109375,0.005859375
32.406,313,2978,462,338,12.0,33.0,4.0,-0.0610351525247097,-16.54052734375,7.141112804412842,-0.832275390625,0.1357421875,0.00146484375
32.414,317,3073,438,342,12.0,33.0,4.0,3.845214605331421,-19.22607421875,13.488768577575684,-0.832275390625,0.14208984375,0.0029296875
32.422,316,3147,468,424,12.0,33.0,4.0,3.845214605331421,-19.22607421875,13.488768577575684,-0.79443359375,0.1600341796875,0.02685546875
32.436,318,3147,461,767,12.0,33.0,4.0,3.601073980331421,-22.766111373901367,16.9677734375,-0.7093505859375,0.162353515625,0.048828125
32.467,322,3147,574,992,12.0,33.0,4.0,2.01416015625,-23.681638717651367,14.648436546325684,-0.6170654296875,0.155029296875,0.070556640625
32.467,310,3147,575,1231,11.0,30.0,10.0,2.01416015625,-23.681638717651367,14.648436546325684,-0.5108642578125,0.120849609375,0.096923828125
32.468,351,3147,656,1651,11.0,30.0,10.0,8.1787109375,-29.479978561401367,5.737304210662842,-0.3629150390625,0.0458984375,0.1146240234375
32.474,376,3147,1025,1900,11.0,30.0,10.0,16.2353515625,-33.447265625,-3.906249761581421,-0.1552734375,-0.015380859375,0.1097412109375
32.482,402,3147,1323,2137,11.0,30.0,10.0,16.2353515625,-33.447265625,-3.906249761581421,0.069091796875,0.01806640625,0.0853271484375
32.499,430,3147,1770,2576,11.0,30.0,10.0,25.085447311401367,-32.16552734375,-43.090816497802734,0.1466064453125,0.166259765625,0.1051025390625
32.504,441,3147,1997,2936,11.0,30.0,10.0,15.686034202575684,-28.015134811401367,-60.241695404052734,-0.1046142578125,0.4462890625,0.20751953125
32.512,445,3147,2273,3147,11.0,30.0,10.0,15.686034202575684,-28.015134811401367,-60.241695404052734,-0.6455078125,0.89404296875,0.37353515625
32.526,465,3147,2790,3147,11.0,30.0,10.0,-32.8369140625,-25.146482467651367,-41.625972747802734,-1.2200927734375,1.3128662109375,0.4205322265625
32.534,472,3147,3001,3147,11.0,30.0,10.0,-57.617183685302734,-24.963376998901367,-13.122557640075684,-1.740234375,1.279541015625,0.3153076171875
32.542,479,3147,3089,3147,11.0,30.0,10.0,-57.617183685302734,-24.963376998901367,-13.122557640075684,-2.4752197265625,0.44921875,0.058349609375
32.567,479,3147,3120,3147,16.0,25.0,10.0,-61.706539154052734,-24.047849655151367,15.869139671325684,-3.132568359375,-0.52734375,-0.16845703125
32.567,465,3147,3044,3147,16.0,25.0,10.0,-35.94970703125,-24.902341842651367,18.5546875,-2.9730224609375,-0.845703125,-0.0718994140625
32.579,479,3147,2949,3147,16.0,25.0,10.0,-35.94970703125,-24.902341842651367,18.5546875,-1.973876953125,-0.576171875,0.15283203125
32.586,473,3147,2919,3147,16.0,25.0,10.0,90.08788299560547,-27.343748092651367,27.038572311401367,-0.9210205078125,0.2847900390625,0.3956298828125
32.597,473,3147,2936,3147,16.0,25.0,10.0,111.99950408935547,-11.291502952575684,13.854979515075684,-0.6220703125,1.392333984375,0.4755859375
32.602,473,3147,2932,3147,16.0,25.0,10.0,111.99950408935547,-11.291502952575684,13.854979515075684,-1.034423828125,1.665771484375,0.2822265625
32.616,473,3147,2909,3147,16.0,25.0,10.0,-36.865234375,35.2783203125,-7.019042491912842,-1.553955078125,0.944091796875,0.1185302734375
32.629,473,3147,2859,3147,16.0,25.0,10.0,-72.998046875,36.376953125,-5.859374523162842,-1.76171875,0.23828125,0.1014404296875
32.632,473,3147,2820,3147,16.0,25.0,10.0,-72.998046875,36.376953125,-5.859374523162842,-1.6663818359375,0.074951171875,0.150634765625
32.646,466,3147,2662,3147,15.0,29.0,15.0,1.4648436307907104,12.695311546325684,2.3193359375,-1.4600830078125,0.223388671875,0.218505859375
32.670,465,3147,2544,3147,15.0,29.0,15.0,1.4648436307907104,12.695311546325684,2.3193359375,-1.266845703125,0.3446044921875,0.24951171875
32.670,441,3147,2359,3147,15.0,29.0,15.0,21.118162155151367,8.36181640625,3.967284917831421,-1.266845703125,0.3446044921875,0.24951171875
32.682,445,3147,1955,3118,15.0,29.0,15.0,12.939452171325684,16.6015625,5.798339366912842,-0.987060546875,0.3973388671875,0.2059326171875
32.700,434,3147,1659,2863,15.0,29.0,15.0,12.939452171325684,16.6015625,5.798339366912842,-0.8857421875,0.4140625,0.1448974609375
32.701,417,3147,1419,2569,15.0,29.0,15.0,15.563963890075684,21.118162155151367,10.375975608825684,-0.8857421875,0.4140625,0.1448974609375
32.710,376,3147,933,1815,15.0,29.0,15.0,19.71435546875,29.846189498901367,8.23974609375,-0.8416748046875,0.330322265625,0.010986328125
32.717,352,3147,707,1251,15.0,29.0,15.0,19.71435546875,29.846189498901367,8.23974609375,-0.845458984375,0.1181640625,-0.0367431640625
32.734,337,3147,540,360,15.0,29.0,15.0,10.437010765075684,34.66796875,0.4272460639476776,-0.8458251953125,-0.07763671875,-0.064697265625
32.735,323,2652,426,344,15.0,29.0,15.0,2.624511480331421,38.0859375,-8.60595703125,-0.8458251953125,-0.07763671875,-0.064697265625
32.749,313,2228,334,331,13.0,30.0,14.0,2.3193359375,40.0390625,-15.686034202575684,-0.6915283203125,-0.09765625,-0.0367431640625
32.756,313,1775,319,329,13.0,30.0,14.0,6.958007335662842,40.832515716552734,-19.22607421875,-0.6915283203125,-0.09765625,-0.0367431640625
32.767,309,1229,316,322,13.0,30.0,14.0,11.474608421325684,40.10009765625,-19.8974609375,-0.5950927734375,0.0166015625,0.056640625
32.775,306,766,375,318,13.0,30.0,14.0,14.221190452575684,38.57421875,-18.24951171875,-0.5369873046875,0.2071533203125,0.072265625
32.783,306,516,382,323,13.0,30.0,14.0,12.023924827575684,36.92626953125,-16.66259765625,-0.5369873046875,0.2071533203125,0.072265625
32.804,305,523,327,318,13.0,30.0,14.0,4.21142578125,35.70556640625,-15.930174827575684,-0.6239013671875,0.2286376953125,0.031982421875
32.805,304,473,334,321,13.0,30.0,14.0,-2.0751953125,33.8134765625,-12.512206077575684,-0.769287109375,0.431396484375,0.14501953125
32.813,304,525,387,323,13.0,30.0,14.0,-0.2441406100988388,28.076169967651367,-4.57763671875,-0.769287109375,0.431396484375,0.14501953125
32.821,304,533,391,321,13.0,30.0,14.0,7.385253429412842,19.04296875,3.967284917831421,-0.7471923828125,0.5047607421875,0.176025390625
32.841,304,535,388,321,13.0,30.0,14.0,12.573241233825684,11.718749046325684,6.958007335662842,-0.647705078125,0.369384765625,0.1307373046875
32.843,292,521,391,321,11.0,28.0,14.0,13.916014671325684,7.507323741912842,4.82177734375,-0.647705078125,0.369384765625,0.1307373046875
32.851,304,562,388,324,11.0,28.0,14.0,14.282225608825684,3.295898199081421,2.929687261581421,-0.6156005859375,0.3055419921875,0.11962890625
32.870,305,750,388,321,11.0,28.0,14.0,12.390135765075684,-1.2817381620407104,2.0751953125,-0.50341796875,0.1944580078125,0.045654296875
32.873,306,779,400,318,11.0,28.0,14.0,5.920409679412842,-3.601073980331421,0.0,-0.50341796875,0.1944580078125,0.045654296875
32.883,306,721,403,323,11.0,28.0,14.0,-2.44140625,-3.906249761581421,-2.624511480331421,-0.478271484375,0.1534423828125,0.03955078125
32.909,307,1101,324,324,11.0,28.0,14.0,-7.263183116912842,-4.39453125,-3.051757574081421,-0.519775390625,0.0863037109375,-0.0050048828125
32.909,308,1453,324,328,11.0,28.0,14.0,-6.164550304412842,-5.615233898162842,-0.7324218153953552,-0.519775390625,0.0863037109375,-0.0050048828125
32.911,308,1744,319,321,11.0,28.0,14.0,-3.234863042831421,-6.835937023162842,3.234863042831421,-0.655029296875,0.13623046875,-0.0430908203125
32.925,310,2166,326,328,11.0,28.0,14.0,-4.0283203125,-8.85009765625,10.375975608825684,-0.954345703125,0.25341796875,-0.1026611328125
32.933,310,2357,405,338,11.0,28.0,14.0,-9.33837890625,-11.718749046325684,21.057126998901367,-0.954345703125,0.25341796875,-0.1026611328125
32.948,313,2857,481,334,11.0,30.0,16.0,-16.05224609375,-14.892577171325684,31.311033248901367,-0.91650390625,0.2821044921875,-0.0670166015625
32.973,315,3147,493,470,11.0,30.0,16.0,-19.04296875,-19.4091796875,36.62109375,-0.7926025390625,0.282958984375,-0.0196533203125
32.973,318,3147,601,744,11.0,30.0,16.0,-19.71435546875,-23.315427780151367,33.63037109375,-0.7926025390625,0.282958984375,-0.0196533203125
32.973,313,3147,594,943,11.0,30.0,16.0,-24.108884811401367,-22.094724655151367,22.583005905151367,-0.65966796875,0.1612548828125,-0.0947265625
32.985,351,3147,767,1516,11.0,30.0,16.0,-28.869626998901367,-16.29638671875,9.1552734375,-0.5054931640625,0.0479736328125,-0.1063232421875
32.993,361,3147,966,1636,11.0,30.0,16.0,-26.550291061401367,-11.840819358825684,-1.5869139432907104,-0.4307861328125,-0.011962890625,-0.00244140625
33.008,385,3147,1081,1931,11.0,30.0,16.0,-17.76123046875,-10.925292015075684,-7.751464366912842,-0.455078125,-0.012451171875,0.143798828125
33.015,404,3147,1547,2319,11.0,30.0,16.0,-8.9111328125,-11.230467796325684,-10.131834983825684,-0.54443359375,0.03955078125,0.27880859375
33.029,411,3147,1757,2612,11.0,30.0,16.0,-5.676269054412842,-11.352538108825684,-8.97216796875,-0.693359375,0.1656494140625,0.416259765625
33.031,416,3147,1878,2813,11.0,30.0,16.0,-7.934569835662842,-11.352538108825684,-3.112792730331421,-0.94384765625,0.47216796875,0.55224609375
33.045,424,3147,2012,3095,13.0,29.0,8.0,-12.756346702575684,-11.718749046325684,8.36181640625,-1.212646484375,0.8675537109375,0.6136474609375
33.053,431,3147,2178,3147,13.0,29.0,8.0,-17.4560546875,-12.268065452575684,20.935056686401367,-1.4202880859375,0.9962158203125,0.5633544921875
33.077,438,3147,2410,3147,13.0,29.0,8.0,-16.54052734375,-11.169432640075684,28.198240280151367,-1.7069091796875,0.8193359375,0.3380126953125
33.078,423,3147,2350,3147,13.0,29.0,8.0,-4.0283203125,-7.080077648162842,29.785154342651367,-2.1063232421875,0.5181884765625,-0.08154296875
33.083,437,3147,2308,3147,13.0,29.0,8.0,17.333984375,-2.197265625,28.991697311401367,-2.37548828125,0.194091796875,-0.4677734375
33.091,437,3147,2296,3147,13.0,29.0,8.0,38.6962890625,0.4882812201976776,28.076169967651367,-2.0401611328125,-0.05615234375,-0.5579833984375
33.108,434,3147,2356,3147,13.0,29.0,8.0,57.434078216552734,1.15966796875,23.681638717651367,-1.3043212890625,-0.000732421875,-0.247802734375
33.113,433,3147,2381,3147,13.0,29.0,8.0,72.3876953125,4.8828125,18.1884765625,-1.037109375,0.6195068359375,0.1539306640625
33.121,433,3147,2376,3147,13.0,29.0,8.0,62.255855560302734,17.15087890625,19.4091796875,-1.2791748046875,1.2431640625,0.2716064453125
33.135,431,3147,2284,3147,13.0,29.0,8.0,12.695311546325684,34.0576171875,21.972654342651367,-1.5557861328125,1.142822265625,0.203125
33.143,430,3147,2183,3098,10.0,31.0,12.0,-37.41455078125,46.325679779052734,20.507810592651367,-1.6597900390625,0.6265869140625,0.1478271484375
33.151,426,3147,1997,2891,10.0,31.0,12.0,-43.701168060302734,49.621578216552734,19.22607421875,-1.5870361328125,0.2967529296875,0.114013671875
33.178,416,3147,1729,2453,10.0,31.0,12.0,-11.779784202575684,46.325679779052734,21.789548873901367,-1.3984375,0.3031005859375,0.0946044921875
33.178,391,3147,1531,2139,10.0,31.0,12.0,26.916501998901367,42.663570404052734,27.038572311401367,-1.1524658203125,0.4747314453125,0.083740234375
33.181,401,3147,1278,1716,10.0,31.0,12.0,48.950191497802734,43.273921966552734,28.930662155151367,-0.9371337890625,0.556884765625,0.0430908203125
33.195,362,3147,809,439,10.0,31.0,12.0,48.339839935302734,48.034664154052734,23.864744186401367,-0.793701171875,0.4595947265625,-0.0235595703125
33.216,344,3015,636,360,10.0,31.0,12.0,36.31591796875,54.260250091552734,13.793944358825684,-0.6961669921875,0.2694091796875,-0.0750732421875
33.216,306,3042,574,345,10.0,31.0,12.0,29.235837936401367,59.692378997802734,2.929687261581421,-0.6220703125,0.0946044921875,-0.0748291015625
33.225,314,2622,327,328,10.0,31.0,12.0,34.0576171875,63.171382904052734,-6.408690929412842,-0.5831298828125,0.0015869140625,-0.0450439453125
33.233,312,2374,328,332,10.0,31.0,12.0,46.081539154052734,65.7958984375,-13.671874046325684,-0.612548828125,0.0439453125,-0.004150390625
33.242,306,2072,336,332,11.0,33.0,9.0,54.016109466552734,67.3828125,-19.287109375,-0.6419677734375,0.1844482421875,0.0828857421875
33.306,306,1640,327,327,11.0,33.0,9.0,49.499507904052734,66.0400390625,-24.414060592651367,-0.6365966796875,0.2684326171875,0.151123046875
33.306,306,1559,316,328,11.0,33.0,9.0,36.80419921875,64.697265625,-28.686521530151367,-0.6656494140625,0.25,0.0975341796875
33.306,305,1290,328,306,11.0,33.0,9.0,28.625486373901367,67.32177734375,-29.968259811401367,-0.73876953125,0.2354736328125,-0.0076904296875
33.306,304,871,375,316,11.0,33.0,9.0,30.883787155151367,71.2890625,-27.465818405151367,-0.8233642578125,0.2679443359375,-0.04833984375
33.308,304,710,400,323,11.0,33.0,9.0,41.442867279052734,71.59423828125,-22.521970748901367,-0.9005126953125,0.3104248046875,-0.017578125
33.308,304,484,315,316,11.0,33.0,9.0,55.236812591552734,67.44384765625,-17.578125,-0.9998779296875,0.39892578125,0.0220947265625
33.320,302,376,331,318,11.0,33.0,9.0,66.7724609375,61.950679779052734,-13.122557640075684,-1.1341552734375,0.5306396484375,0.0079345703125
33.324,302,400,328,319,11.0,33.0,9.0,74.89013671875,57.556148529052734,-10.314940452575684,-1.246826171875,0.5777587890625,-0.04150390625
33.331,304,408,332,317,11.0,33.0,9.0,81.48192596435547,53.955074310302734,-11.535643577575684,-1.3238525390625,0.512451171875,-0.0526123046875
33.345,300,414,324,318,11.0,35.0,6.0,89.11132049560547,48.950191497802734,-15.014647483825684,-1.37060546875,0.446044921875,-0.0152587890625
33.353,302,409,324,318,11.0,35.0,6.0,96.37450408935547,42.236324310302734,-16.9677734375,-1.3670654296875,0.4295654296875,0.00927734375
33.389,304,371,321,319,11.0,35.0,6.0,99.79247283935547,36.56005859375,-16.4794921875,-1.32421875,0.4210205078125,0.0072021484375
33.390,304,484,319,313,11.0,35.0,6.0,101.68456268310547,34.60693359375,-14.221190452575684,-1.265625,0.47021484375,-0.0281982421875
33.391,289,513,316,319,11.0,35.0,6.0,101.37938690185547,36.80419921875,-11.474608421325684,-1.1864013671875,0.609619140625,-0.1187744140625
33.398,304,576,300,301,11.0,35.0,6.0,88.68407440185547,39.12353515625,-9.94873046875,-1.1417236328125,0.6051025390625,-0.0814208984375
33.405,305,441,318,317,11.0,35.0,6.0,75.0732421875,36.19384765625,-6.225585460662842,-1.16943359375,0.4451904296875,0.0946044921875
33.418,304,431,316,300,11.0,35.0,6.0,81.60399627685547,27.648923873901367,2.807616949081421,-1.181396484375,0.3778076171875,0.18701171875
33.421,302,437,321,318,11.0,35.0,6.0,98.75487518310547,16.05224609375,14.526366233825684,-1.1451416015625,0.40869140625,0.180908203125
33.436,306,479,346,318,8.0,33.0,14.0,110.22948455810547,3.784179449081421,26.489255905151367,-1.11181640625,0.4600830078125,0.1478271484375
33.443,304,484,332,318,8.0,33.0,14.0,112.97606658935547,-7.934569835662842,38.51318359375,-1.094482421875,0.516845703125,0.1123046875
33.452,304,466,338,317,8.0,33.0,14.0,112.97606658935547,-7.934569835662842,38.51318359375,-1.06103515625,0.56201171875,0.069091796875
33.465,304,437,356,318,8.0,33.0,14.0,93.01757049560547,-29.479978561401367,59.204097747802734,-1.0087890625,0.565185546875,0.015625
33.494,302,423,337,316,8.0,33.0,14.0,71.83837890625,-38.39111328125,64.39208984375,-0.9544677734375,0.511962890625,-0.0399169921875
33.517,304,453,373,321,8.0,33.0,14.0,71.83837890625,-38.39111328125,64.39208984375,-0.906494140625,0.4129638671875,-0.0887451171875
33.526,291,401,362,313,8.0,33.0,14.0,29.296873092651367,-52.185054779052734,65.12451171875,-0.8719482421875,0.296630859375,-0.127197265625
33.530,302,400,333,318,8.0,33.0,14.0,19.59228515625,-57.861324310302734,63.171382904052734,-0.850341796875,0.1988525390625,-0.1546630859375
33.531,300,426,354,316,8.0,33.0,14.0,19.59228515625,-57.861324310302734,63.171382904052734,-0.8326416015625,0.1495361328125,-0.1881103515625
33.531,302,430,346,321,8.0,33.0,14.0,31.249998092651367,-65.7958984375,60.180660247802734,-0.8134765625,0.153076171875,-0.242431640625
33.534,294,439,359,318,0.0,35.0,13.0,42.602535247802734,-68.115234375,59.265132904052734,-0.796630859375,0.181884765625,-0.3079833984375
33.542,302,445,376,317,0.0,35.0,13.0,42.602535247802734,-68.115234375,59.265132904052734,-0.7894287109375,0.2110595703125,-0.3663330078125
33.555,302,420,375,316,0.0,35.0,13.0,56.274410247802734,-71.8994140625,57.312007904052734,-0.798095703125,0.238037109375,-0.4150390625
33.564,304,423,370,319,0.0,35.0,13.0,59.997554779052734,-72.93701171875,57.128902435302734,-0.81591796875,0.274658203125,-0.46337890625
33.574,306,445,364,317,0.0,35.0,13.0,59.997554779052734,-72.93701171875,57.128902435302734,-0.83251953125,0.322021484375,-0.5045166015625
33.593,302,455,385,316,0.0,35.0,13.0,64.8193359375,-72.8759765625,62.011714935302734,-0.85400390625,0.362060546875,-0.5286865234375
33.594,300,452,388,316,0.0,35.0,13.0,67.32177734375,-71.96044921875,66.89453125,-0.888916015625,0.3857421875,-0.53955078125
33.601,304,442,382,318,0.0,35.0,13.0,67.32177734375,-71.96044921875,66.89453125,-0.9351806640625,0.38525390625,-0.5390625
33.625,302,414,411,316,0.0,35.0,13.0,74.70703125,-67.2607421875,79.9560546875,-0.98876953125,0.36083984375,-0.5355224609375
33.626,304,411,364,316,0.0,35.0,13.0,80.68846893310547,-63.354488372802734,88.19579315185547,-1.033935546875,0.3341064453125,-0.5479736328125
33.632,302,414,375,318,-6.0,36.0,16.0,80.68846893310547,-63.354488372802734,88.19579315185547,-1.056884765625,0.3189697265625,-0.5731201171875
33.645,302,413,369,318,-6.0,36.0,16.0,94.29930877685547,-52.124019622802734,111.45018768310547,-1.064208984375,0.3179931640625,-0.5897216796875
33.653,302,423,363,318,-6.0,36.0,16.0,98.87694549560547,-44.738765716552734,127.07518768310547,-1.0640869140625,0.3372802734375,-0.59033203125
33.661,302,424,346,316,-6.0,36.0,16.0,98.87694549560547,-44.738765716552734,127.07518768310547,-1.0640869140625,0.3372802734375,-0.59033203125
33.692,302,417,327,316,-6.0,36.0,16.0,92.04100799560547,-26.306150436401367,160.2783203125,-1.0447998046875,0.4285888671875,-0.5726318359375
33.696,302,373,336,317,-6.0,36.0,16.0,92.04100799560547,-26.306150436401367,160.2783203125,-1.021484375,0.459716796875,-0.5579833984375
33.697,302,371,346,316,-6.0,36.0,16.0,74.70703125,-16.66259765625,172.66844177246094,-1.021484375,0.459716796875,-0.5579833984375
33.706,304,375,363,316,-6.0,36.0,16.0,6.896972179412842,-0.8544921278953552,177.12400817871094,-0.9996337890625,0.37353515625,-0.4918212890625
33.724,302,402,384,318,-6.0,36.0,16.0,6.896972179412842,-0.8544921278953552,177.12400817871094,-0.98974609375,0.292236328125,-0.4664306640625
33.730,302,444,348,313,-6.0,36.0,16.0,-36.376953125,4.638671875,169.49461364746094,-0.98974609375,0.292236328125,-0.4664306640625
33.739,300,382,363,315,-15.0,35.0,14.0,-116.76024627685547,14.831542015075684,144.47021484375,-0.9814453125,0.1885986328125,-0.4403076171875
33.748,302,411,361,316,-15.0,35.0,14.0,-116.76024627685547,14.831542015075684,144.47021484375,-0.9554443359375,0.15380859375,-0.451171875
33.759,304,390,376,316,-15.0,35.0,14.0,-144.59228515625,22.277830123901367,132.080078125,-0.9554443359375,0.15380859375,-0.451171875
33.771,304,481,376,316,-15.0,35.0,14.0,-172.36326599121094,45.288082122802734,112.85399627685547,-0.8731689453125,0.0240478515625,-0.4998779296875
33.805,289,442,406,318,-15.0,35.0,14.0,-172.36326599121094,45.288082122802734,112.85399627685547,-0.8465576171875,-0.013916015625,-0.4951171875
33.810,304,406,409,316,-15.0,35.0,14.0,-179.26023864746094,62.072750091552734,104.30907440185547,-0.8465576171875,-0.013916015625,-0.4951171875
33.832,300,432,439,290,-15.0,35.0,14.0,-165.22215270996094,94.42137908935547,102.84423065185547,-0.8653564453125,0.0755615234375,-0.342041015625
33.832,304,414,409,318,-15.0,35.0,14.0,-165.22215270996094,94.42137908935547,102.84423065185547,-0.83642578125,0.1297607421875,-0.283935546875
33.832,304,388,465,292,-15.0,35.0,14.0,-146.54541015625,106.56737518310547,107.17772674560547,-0.83642578125,0.1297607421875,-0.283935546875
33.833,302,371,467,316,-18.0,32.0,16.0,-98.57176971435547,135.25390625,116.69921112060547,-0.7919921875,0.236328125,-0.2479248046875
33.833,304,374,479,316,-18.0,32.0,16.0,-98.57176971435547,135.25390625,116.69921112060547,-0.7733154296875,0.301025390625,-0.2467041015625
33.843,302,376,473,316,-18.0,32.0,16.0,-72.998046875,149.90234375,121.21581268310547,-0.7733154296875,0.301025390625,-0.2467041015625
33.856,300,401,473,316,-18.0,32.0,16.0,-33.14208984375,175.72019958496094,127.99071502685547,-0.72216796875,0.5291748046875,-0.31396484375
33.864,302,379,468,316,-18.0,32.0,16.0,-33.14208984375,175.72019958496094,127.99071502685547,-0.6993408203125,0.662353515625,-0.3681640625
33.874,302,388,464,315,-18.0,32.0,16.0,-26.672361373901367,186.64549255371094,129.45556640625,-0.6993408203125,0.662353515625,-0.3681640625
33.893,302,382,454,315,-18.0,32.0,16.0,-42.480464935302734,202.94187927246094,129.08935546875,-0.6387939453125,0.82275390625,-0.4617919921875
33.894,304,360,462,316,-18.0,32.0,16.0,-42.480464935302734,202.94187927246094,129.08935546875,-0.6041259765625,0.8309326171875,-0.4886474609375
33.909,304,387,457,316,-18.0,32.0,16.0,-58.227535247802734,209.35057067871094,127.56346893310547,-0.6041259765625,0.8309326171875,-0.4886474609375
33.916,304,407,456,316,-18.0,32.0,16.0,-85.99852752685547,222.04588317871094,124.69481658935547,-0.5623779296875,0.77734375,-0.45849609375
33.931,300,400,473,316,-24.0,35.0,2.0,-85.99852752685547,222.04588317871094,124.69481658935547,-0.562744140625,0.7698974609375,-0.4140625
33.932,304,388,498,315,-24.0,35.0,2.0,-91.73583221435547,227.17283630371094,124.87792205810547,-0.562744140625,0.7698974609375,-0.4140625
33.946,299,400,465,315,-24.0,35.0,2.0,-88.86717987060547,231.44529724121094,129.2724609375,-0.5419921875,0.8470458984375,-0.366455078125
33.954,304,387,456,317,-24.0,35.0,2.0,-88.86717987060547,231.44529724121094,129.2724609375,-0.4989013671875,0.9156494140625,-0.3516845703125
33.962,304,402,490,316,-24.0,35.0,2.0,-85.08300018310547,229.49217224121094,132.62939453125,-0.4989013671875,0.9156494140625,-0.3516845703125
33.976,304,411,499,316,-24.0,35.0,2.0,-74.462890625,217.89549255371094,141.9677734375,-0.38671875,1.0328369140625,-0.278564453125
33.997,305,401,514,316,-24.0,35.0,2.0,-74.462890625,217.89549255371094,141.9677734375,-0.325439453125,1.068359375,-0.2489013671875
33.998,302,431,497,316,-24.0,35.0,2.0,-64.94140625,210.93748474121094,148.193359375,-0.325439453125,1.068359375,-0.2489013671875
34.015,305,442,516,316,-24.0,35.0,2.0,-51.940914154052734,205.38328552246094,155.21240234375,-0.1905517578125,1.18017578125,-0.2398681640625
